2025-09-16T20:08:46.755287Z INFO  hpde_io   AC_AT_DEF: Found first ObservedRegion for s/c ID = AC: ['Heliosphere', 'Heliosphere.NearEarth', 'Heliosphere.Inner']
2025-09-16T20:08:46.755506Z ERROR hpde_io   AC_H0_MFI: ObservedRegion for this ID differs from first found value s/c ID = AC
2025-09-16T20:08:46.755682Z ERROR hpde_io     First value = ['Heliosphere', 'Heliosphere.Inner', 'Heliosphere.NearEarth']
2025-09-16T20:08:46.755714Z ERROR hpde_io     This value  = ['Heliosphere.NearEarth']
2025-09-16T20:08:46.755744Z ERROR hpde_io     Combining values.
2025-09-16T20:08:46.755783Z ERROR hpde_io   AC_H0_SWE: ObservedRegion for this ID differs from first found value s/c ID = AC
2025-09-16T20:08:46.755815Z ERROR hpde_io     First value = ['Heliosphere', 'Heliosphere.Inner', 'Heliosphere.NearEarth']
2025-09-16T20:08:46.755845Z ERROR hpde_io     This value  = ['Heliosphere.NearEarth']
2025-09-16T20:08:46.755875Z ERROR hpde_io     Combining values.
2025-09-16T20:08:46.755910Z ERROR hpde_io   AC_H1_EPM: ObservedRegion for this ID differs from first found value s/c ID = AC
2025-09-16T20:08:46.755939Z ERROR hpde_io     First value = ['Heliosphere', 'Heliosphere.Inner', 'Heliosphere.NearEarth']
2025-09-16T20:08:46.755970Z ERROR hpde_io     This value  = ['Heliosphere.NearEarth']
2025-09-16T20:08:46.755996Z ERROR hpde_io     Combining values.
2025-09-16T20:08:46.756032Z ERROR hpde_io   AC_H1_SIS: ObservedRegion for this ID differs from first found value s/c ID = AC
2025-09-16T20:08:46.756061Z ERROR hpde_io     First value = ['Heliosphere', 'Heliosphere.Inner', 'Heliosphere.NearEarth']
2025-09-16T20:08:46.756091Z ERROR hpde_io     This value  = ['Heliosphere.NearEarth']
2025-09-16T20:08:46.756120Z ERROR hpde_io     Combining values.
2025-09-16T20:08:46.756154Z ERROR hpde_io   AC_H2_CRIS: ObservedRegion for this ID differs from first found value s/c ID = AC
2025-09-16T20:08:46.756185Z ERROR hpde_io     First value = ['Heliosphere', 'Heliosphere.Inner', 'Heliosphere.NearEarth']
2025-09-16T20:08:46.756212Z ERROR hpde_io     This value  = ['Heliosphere.NearEarth']
2025-09-16T20:08:46.756241Z ERROR hpde_io     Combining values.
2025-09-16T20:08:46.756274Z ERROR hpde_io   AC_H2_EPM: ObservedRegion for this ID differs from first found value s/c ID = AC
2025-09-16T20:08:46.756300Z ERROR hpde_io     First value = ['Heliosphere', 'Heliosphere.Inner', 'Heliosphere.NearEarth']
2025-09-16T20:08:46.756329Z ERROR hpde_io     This value  = ['Heliosphere.NearEarth']
2025-09-16T20:08:46.756357Z ERROR hpde_io     Combining values.
2025-09-16T20:08:46.756395Z ERROR hpde_io   AC_H2_SIS: ObservedRegion for this ID differs from first found value s/c ID = AC
2025-09-16T20:08:46.756426Z ERROR hpde_io     First value = ['Heliosphere', 'Heliosphere.Inner', 'Heliosphere.NearEarth']
2025-09-16T20:08:46.756451Z ERROR hpde_io     This value  = ['Heliosphere.NearEarth']
2025-09-16T20:08:46.756479Z ERROR hpde_io     Combining values.
2025-09-16T20:08:46.756513Z ERROR hpde_io   AC_H2_ULE: ObservedRegion for this ID differs from first found value s/c ID = AC
2025-09-16T20:08:46.756539Z ERROR hpde_io     First value = ['Heliosphere', 'Heliosphere.Inner', 'Heliosphere.NearEarth']
2025-09-16T20:08:46.756569Z ERROR hpde_io     This value  = ['Heliosphere.NearEarth']
2025-09-16T20:08:46.756597Z ERROR hpde_io     Combining values.
2025-09-16T20:08:46.756629Z ERROR hpde_io   AC_H3_CRIS: ObservedRegion for this ID differs from first found value s/c ID = AC
2025-09-16T20:08:46.756655Z ERROR hpde_io     First value = ['Heliosphere', 'Heliosphere.Inner', 'Heliosphere.NearEarth']
2025-09-16T20:08:46.756682Z ERROR hpde_io     This value  = ['Heliosphere.NearEarth']
2025-09-16T20:08:46.756711Z ERROR hpde_io     Combining values.
2025-09-16T20:08:46.756742Z ERROR hpde_io   AC_H3_EPM: ObservedRegion for this ID differs from first found value s/c ID = AC
2025-09-16T20:08:46.756770Z ERROR hpde_io     First value = ['Heliosphere', 'Heliosphere.Inner', 'Heliosphere.NearEarth']
2025-09-16T20:08:46.756796Z ERROR hpde_io     This value  = ['Heliosphere.NearEarth']
2025-09-16T20:08:46.756823Z ERROR hpde_io     Combining values.
2025-09-16T20:08:46.756868Z ERROR hpde_io   AC_H3_SW2: ObservedRegion for this ID differs from first found value s/c ID = AC
2025-09-16T20:08:46.756899Z ERROR hpde_io     First value = ['Heliosphere', 'Heliosphere.Inner', 'Heliosphere.NearEarth']
2025-09-16T20:08:46.756926Z ERROR hpde_io     This value  = ['Heliosphere.NearEarth']
2025-09-16T20:08:46.756951Z ERROR hpde_io     Combining values.
2025-09-16T20:08:46.756989Z ERROR hpde_io   AC_H6_SWI: ObservedRegion for this ID differs from first found value s/c ID = AC
2025-09-16T20:08:46.757017Z ERROR hpde_io     First value = ['Heliosphere', 'Heliosphere.Inner', 'Heliosphere.NearEarth']
2025-09-16T20:08:46.757041Z ERROR hpde_io     This value  = ['Heliosphere.NearEarth']
2025-09-16T20:08:46.757066Z ERROR hpde_io     Combining values.
2025-09-16T20:08:46.757101Z ERROR hpde_io   AC_K0_SIS: ObservedRegion for this ID differs from first found value s/c ID = AC
2025-09-16T20:08:46.757127Z ERROR hpde_io     First value = ['Heliosphere', 'Heliosphere.Inner', 'Heliosphere.NearEarth']
2025-09-16T20:08:46.757153Z ERROR hpde_io     This value  = ['Heliosphere.NearEarth']
2025-09-16T20:08:46.757178Z ERROR hpde_io     Combining values.
2025-09-16T20:08:46.757227Z INFO  hpde_io   AEROCUBE-6-A_DOSIMETER_L2: Found first ObservedRegion for s/c ID = AEROCUBE-6-A: ['Earth.NearSurface.PolarCap', 'Earth.NearSurface.AuroralRegion', 'Earth.NearSurface.Ionosphere.FRegion']
2025-09-16T20:08:46.757249Z INFO  hpde_io   AEROCUBE-6-B_DOSIMETER_L2: Found first ObservedRegion for s/c ID = AEROCUBE-6-B: ['Earth.NearSurface.PolarCap', 'Earth.NearSurface.AuroralRegion', 'Earth.NearSurface.Ionosphere.FRegion']
2025-09-16T20:08:46.757272Z INFO  hpde_io   ALOUETTE2_AV_LIM: Found first ObservedRegion for s/c ID = ALOUETTE2: ['Earth.Magnetosphere', 'Earth.Magnetosphere.Polar', 'Earth.NearSurface', 'Earth.NearSurface.AuroralRegion', 'Earth.NearSurface.EquatorialRegion', 'Earth.NearSurface.Ionosphere', 'Earth.NearSurface.PolarCap']
2025-09-16T20:08:46.757309Z ERROR hpde_io   ALOUETTE2_NEPROF_TOPS: ObservedRegion for this ID differs from first found value s/c ID = ALOUETTE2
2025-09-16T20:08:46.757339Z ERROR hpde_io     First value = ['Earth.Magnetosphere', 'Earth.Magnetosphere.Polar', 'Earth.NearSurface', 'Earth.NearSurface.AuroralRegion', 'Earth.NearSurface.EquatorialRegion', 'Earth.NearSurface.Ionosphere', 'Earth.NearSurface.PolarCap']
2025-09-16T20:08:46.757365Z ERROR hpde_io     This value  = ['Earth.NearSurface.Ionosphere']
2025-09-16T20:08:46.757391Z ERROR hpde_io     Combining values.
2025-09-16T20:08:46.757421Z INFO  hpde_io   AMPTECCE_H0_MEPA: Found first ObservedRegion for s/c ID = AMPTECCE: ['Earth.Magnetosphere', 'Earth.Magnetosphere.Main', 'Earth.Magnetosphere.RadiationBelt']
2025-09-16T20:08:46.757445Z INFO  hpde_io   APOLLO12_SWS_1HR: Found first ObservedRegion for s/c ID = APOLLO12: ['Heliosphere.NearEarth', 'Heliosphere.Inner']
2025-09-16T20:08:46.757470Z INFO  hpde_io   APOLLO15_SWS_1HR: Found first ObservedRegion for s/c ID = APOLLO15: ['Heliosphere.NearEarth', 'Heliosphere.Inner']
2025-09-16T20:08:46.757492Z INFO  hpde_io   AWE_L3A_TMP: Found first ObservedRegion for s/c ID = AWE: ['Earth.NearSurface.Troposphere']
2025-09-16T20:08:46.757516Z INFO  hpde_io   BAR_1A_L2_EPHM: Found first ObservedRegion for s/c ID = BAR: ['Earth.NearSurface.AuroralRegion', 'Earth.NearSurface.Mesosphere', 'Earth.NearSurface.PolarCap', 'Earth.NearSurface.Stratosphere']
2025-09-16T20:08:46.758327Z INFO  hpde_io   BORRELLY_HELIO1DAY_POSITION: Found first ObservedRegion for s/c ID = BORRELLY: ['Comet']
2025-09-16T20:08:46.758381Z INFO  hpde_io   C1_CP_FGM_SPIN: Found first ObservedRegion for s/c ID = C1: ['Earth.Magnetosheath', 'Earth.Magnetosphere', 'Earth.Magnetosphere.Magnetotail', 'Earth.Magnetosphere.Main', 'Earth.Magnetosphere.Polar', 'Earth.Magnetosphere.RadiationBelt', 'Earth.NearSurface.AuroralRegion', 'Earth.NearSurface.Ionosphere', 'Earth.NearSurface.Plasmasphere', 'Earth.NearSurface.PolarCap', 'Heliosphere.NearEarth']
2025-09-16T20:08:46.758456Z ERROR hpde_io   C1_WAVEFORM_WBD_BM2: ObservedRegion for this ID differs from first found value s/c ID = C1
2025-09-16T20:08:46.758489Z ERROR hpde_io     First value = ['Earth.Magnetosheath', 'Earth.Magnetosphere', 'Earth.Magnetosphere.Magnetotail', 'Earth.Magnetosphere.Main', 'Earth.Magnetosphere.Polar', 'Earth.Magnetosphere.RadiationBelt', 'Earth.NearSurface.AuroralRegion', 'Earth.NearSurface.Ionosphere', 'Earth.NearSurface.Plasmasphere', 'Earth.NearSurface.PolarCap', 'Heliosphere.NearEarth']
2025-09-16T20:08:46.758520Z ERROR hpde_io     This value  = ['Earth.Magnetosheath', 'Earth.Magnetosphere', 'Earth.NearSurface.AuroralRegion', 'Earth.NearSurface.Ionosphere', 'Earth.NearSurface.Plasmasphere', 'Earth.NearSurface.PolarCap', 'Heliosphere.Inner']
2025-09-16T20:08:46.758547Z ERROR hpde_io     Combining values.
2025-09-16T20:08:46.758586Z INFO  hpde_io   C2_CP_FGM_SPIN: Found first ObservedRegion for s/c ID = C2: ['Earth.Magnetosheath', 'Earth.Magnetosphere', 'Earth.Magnetosphere.Magnetotail', 'Earth.Magnetosphere.Main', 'Earth.Magnetosphere.Polar', 'Earth.Magnetosphere.RadiationBelt', 'Earth.NearSurface.AuroralRegion', 'Earth.NearSurface.Ionosphere', 'Earth.NearSurface.Plasmasphere', 'Earth.NearSurface.PolarCap', 'Heliosphere.NearEarth']
2025-09-16T20:08:46.758652Z ERROR hpde_io   C2_WAVEFORM_WBD: ObservedRegion for this ID differs from first found value s/c ID = C2
2025-09-16T20:08:46.758682Z ERROR hpde_io     First value = ['Earth.Magnetosheath', 'Earth.Magnetosphere', 'Earth.Magnetosphere.Magnetotail', 'Earth.Magnetosphere.Main', 'Earth.Magnetosphere.Polar', 'Earth.Magnetosphere.RadiationBelt', 'Earth.NearSurface.AuroralRegion', 'Earth.NearSurface.Ionosphere', 'Earth.NearSurface.Plasmasphere', 'Earth.NearSurface.PolarCap', 'Heliosphere.NearEarth']
2025-09-16T20:08:46.758711Z ERROR hpde_io     This value  = ['Earth.Magnetosheath', 'Earth.Magnetosphere', 'Earth.NearSurface.AuroralRegion', 'Earth.NearSurface.Ionosphere', 'Earth.NearSurface.Plasmasphere', 'Earth.NearSurface.PolarCap', 'Heliosphere.Inner']
2025-09-16T20:08:46.758739Z ERROR hpde_io     Combining values.
2025-09-16T20:08:46.758772Z ERROR hpde_io   C2_WAVEFORM_WBD_BM2: ObservedRegion for this ID differs from first found value s/c ID = C2
2025-09-16T20:08:46.758798Z ERROR hpde_io     First value = ['Earth.Magnetosheath', 'Earth.Magnetosphere', 'Earth.Magnetosphere.Magnetotail', 'Earth.Magnetosphere.Main', 'Earth.Magnetosphere.Polar', 'Earth.Magnetosphere.RadiationBelt', 'Earth.NearSurface.AuroralRegion', 'Earth.NearSurface.Ionosphere', 'Earth.NearSurface.Plasmasphere', 'Earth.NearSurface.PolarCap', 'Heliosphere.Inner', 'Heliosphere.NearEarth']
2025-09-16T20:08:46.758828Z ERROR hpde_io     This value  = ['Earth.Magnetosheath', 'Earth.Magnetosphere', 'Earth.NearSurface.AuroralRegion', 'Earth.NearSurface.Ionosphere', 'Earth.NearSurface.Plasmasphere', 'Earth.NearSurface.PolarCap', 'Heliosphere.Inner']
2025-09-16T20:08:46.758858Z ERROR hpde_io     Combining values.
2025-09-16T20:08:46.758908Z INFO  hpde_io   C3_CP_FGM_SPIN: Found first ObservedRegion for s/c ID = C3: ['Earth.Magnetosheath', 'Earth.Magnetosphere', 'Earth.Magnetosphere.Magnetotail', 'Earth.Magnetosphere.Main', 'Earth.Magnetosphere.Polar', 'Earth.Magnetosphere.RadiationBelt', 'Earth.NearSurface.AuroralRegion', 'Earth.NearSurface.Ionosphere', 'Earth.NearSurface.Plasmasphere', 'Earth.NearSurface.PolarCap', 'Heliosphere.NearEarth']
2025-09-16T20:08:46.758973Z ERROR hpde_io   C3_WAVEFORM_WBD: ObservedRegion for this ID differs from first found value s/c ID = C3
2025-09-16T20:08:46.759002Z ERROR hpde_io     First value = ['Earth.Magnetosheath', 'Earth.Magnetosphere', 'Earth.Magnetosphere.Magnetotail', 'Earth.Magnetosphere.Main', 'Earth.Magnetosphere.Polar', 'Earth.Magnetosphere.RadiationBelt', 'Earth.NearSurface.AuroralRegion', 'Earth.NearSurface.Ionosphere', 'Earth.NearSurface.Plasmasphere', 'Earth.NearSurface.PolarCap', 'Heliosphere.NearEarth']
2025-09-16T20:08:46.759029Z ERROR hpde_io     This value  = ['Earth.Magnetosheath', 'Earth.Magnetosphere', 'Earth.NearSurface.AuroralRegion', 'Earth.NearSurface.Ionosphere', 'Earth.NearSurface.Plasmasphere', 'Earth.NearSurface.PolarCap', 'Heliosphere.Inner']
2025-09-16T20:08:46.759059Z ERROR hpde_io     Combining values.
2025-09-16T20:08:46.759089Z ERROR hpde_io   C3_WAVEFORM_WBD_BM2: ObservedRegion for this ID differs from first found value s/c ID = C3
2025-09-16T20:08:46.759118Z ERROR hpde_io     First value = ['Earth.Magnetosheath', 'Earth.Magnetosphere', 'Earth.Magnetosphere.Magnetotail', 'Earth.Magnetosphere.Main', 'Earth.Magnetosphere.Polar', 'Earth.Magnetosphere.RadiationBelt', 'Earth.NearSurface.AuroralRegion', 'Earth.NearSurface.Ionosphere', 'Earth.NearSurface.Plasmasphere', 'Earth.NearSurface.PolarCap', 'Heliosphere.Inner', 'Heliosphere.NearEarth']
2025-09-16T20:08:46.759146Z ERROR hpde_io     This value  = ['Earth.Magnetosheath', 'Earth.Magnetosphere', 'Earth.NearSurface.AuroralRegion', 'Earth.NearSurface.Ionosphere', 'Earth.NearSurface.Plasmasphere', 'Earth.NearSurface.PolarCap', 'Heliosphere.Inner']
2025-09-16T20:08:46.759171Z ERROR hpde_io     Combining values.
2025-09-16T20:08:46.759222Z INFO  hpde_io   C4_CP_FGM_SPIN: Found first ObservedRegion for s/c ID = C4: ['Earth.Magnetosheath', 'Earth.Magnetosphere', 'Earth.Magnetosphere.Magnetotail', 'Earth.Magnetosphere.Main', 'Earth.Magnetosphere.Polar', 'Earth.Magnetosphere.RadiationBelt', 'Earth.NearSurface.AuroralRegion', 'Earth.NearSurface.Ionosphere', 'Earth.NearSurface.Plasmasphere', 'Earth.NearSurface.PolarCap', 'Heliosphere.NearEarth']
2025-09-16T20:08:46.759282Z ERROR hpde_io   C4_WAVEFORM_WBD: ObservedRegion for this ID differs from first found value s/c ID = C4
2025-09-16T20:08:46.759307Z ERROR hpde_io     First value = ['Earth.Magnetosheath', 'Earth.Magnetosphere', 'Earth.Magnetosphere.Magnetotail', 'Earth.Magnetosphere.Main', 'Earth.Magnetosphere.Polar', 'Earth.Magnetosphere.RadiationBelt', 'Earth.NearSurface.AuroralRegion', 'Earth.NearSurface.Ionosphere', 'Earth.NearSurface.Plasmasphere', 'Earth.NearSurface.PolarCap', 'Heliosphere.NearEarth']
2025-09-16T20:08:46.759336Z ERROR hpde_io     This value  = ['Earth.Magnetosheath', 'Earth.Magnetosphere', 'Earth.NearSurface.AuroralRegion', 'Earth.NearSurface.Ionosphere', 'Earth.NearSurface.Plasmasphere', 'Earth.NearSurface.PolarCap', 'Heliosphere.Inner']
2025-09-16T20:08:46.759363Z ERROR hpde_io     Combining values.
2025-09-16T20:08:46.759394Z ERROR hpde_io   C4_WAVEFORM_WBD_BM2: ObservedRegion for this ID differs from first found value s/c ID = C4
2025-09-16T20:08:46.759420Z ERROR hpde_io     First value = ['Earth.Magnetosheath', 'Earth.Magnetosphere', 'Earth.Magnetosphere.Magnetotail', 'Earth.Magnetosphere.Main', 'Earth.Magnetosphere.Polar', 'Earth.Magnetosphere.RadiationBelt', 'Earth.NearSurface.AuroralRegion', 'Earth.NearSurface.Ionosphere', 'Earth.NearSurface.Plasmasphere', 'Earth.NearSurface.PolarCap', 'Heliosphere.Inner', 'Heliosphere.NearEarth']
2025-09-16T20:08:46.759447Z ERROR hpde_io     This value  = ['Earth.Magnetosheath', 'Earth.Magnetosphere', 'Earth.NearSurface.AuroralRegion', 'Earth.NearSurface.Ionosphere', 'Earth.NearSurface.Plasmasphere', 'Earth.NearSurface.PolarCap', 'Heliosphere.Inner']
2025-09-16T20:08:46.759474Z ERROR hpde_io     Combining values.
2025-09-16T20:08:46.759505Z INFO  hpde_io   CASSINI_HELIO1DAY_POSITION: Found first ObservedRegion for s/c ID = CASSINI: ['Heliosphere', 'Heliosphere.NearEarth', 'Heliosphere.Outer']
2025-09-16T20:08:46.759534Z INFO  hpde_io   CL_JP_PCY: Found first ObservedRegion for s/c ID = CL: ['Earth.Magnetosphere', 'Earth.Magnetosphere.Magnetotail', 'Earth.Magnetosphere.Main', 'Earth.Magnetosphere.RadiationBelt', 'Earth.Magnetosheath', 'Heliosphere.NearEarth']
2025-09-16T20:08:46.759558Z ERROR hpde_io   CL_SP_AUX: ObservedRegion for this ID differs from first found value s/c ID = CL
2025-09-16T20:08:46.759586Z ERROR hpde_io     First value = ['Earth.Magnetosheath', 'Earth.Magnetosphere', 'Earth.Magnetosphere.Magnetotail', 'Earth.Magnetosphere.Main', 'Earth.Magnetosphere.RadiationBelt', 'Heliosphere.NearEarth']
2025-09-16T20:08:46.759614Z ERROR hpde_io     This value  = ['Earth.Magnetosheath', 'Earth.Magnetosphere', 'Earth.Magnetosphere.Magnetotail', 'Earth.Magnetosphere.Main', 'Earth.Magnetosphere.Polar', 'Earth.Magnetosphere.RadiationBelt', 'Earth.NearSurface.AuroralRegion', 'Earth.NearSurface.Ionosphere', 'Earth.NearSurface.Plasmasphere', 'Earth.NearSurface.PolarCap', 'Heliosphere.NearEarth']
2025-09-16T20:08:46.759650Z ERROR hpde_io     Combining values.
2025-09-16T20:08:46.759680Z INFO  hpde_io   CNOFS_CINDI_IVM_500MS: Found first ObservedRegion for s/c ID = CNOFS: ['Earth.NearSurface']
2025-09-16T20:08:46.759704Z ERROR hpde_io   CNOFS_PLP_PLASMA_1SEC: ObservedRegion for this ID differs from first found value s/c ID = CNOFS
2025-09-16T20:08:46.759731Z ERROR hpde_io     First value = ['Earth.NearSurface']
2025-09-16T20:08:46.759758Z ERROR hpde_io     This value  = ['Earth.NearSurface.Ionosphere']
2025-09-16T20:08:46.759783Z ERROR hpde_io     Combining values.
2025-09-16T20:08:46.759813Z ERROR hpde_io   CNOFS_VEFI_BFIELD_1SEC: ObservedRegion for this ID differs from first found value s/c ID = CNOFS
2025-09-16T20:08:46.759837Z ERROR hpde_io     First value = ['Earth.NearSurface', 'Earth.NearSurface.Ionosphere']
2025-09-16T20:08:46.759863Z ERROR hpde_io     This value  = ['Earth.NearSurface.Ionosphere']
2025-09-16T20:08:46.759889Z ERROR hpde_io     Combining values.
2025-09-16T20:08:46.759918Z ERROR hpde_io   CNOFS_VEFI_EFIELD_1SEC: ObservedRegion for this ID differs from first found value s/c ID = CNOFS
2025-09-16T20:08:46.759945Z ERROR hpde_io     First value = ['Earth.NearSurface', 'Earth.NearSurface.Ionosphere']
2025-09-16T20:08:46.759969Z ERROR hpde_io     This value  = ['Earth.NearSurface.Ionosphere']
2025-09-16T20:08:46.759995Z ERROR hpde_io     Combining values.
2025-09-16T20:08:46.760024Z ERROR hpde_io   CNOFS_VEFI_LD_500MS: ObservedRegion for this ID differs from first found value s/c ID = CNOFS
2025-09-16T20:08:46.760051Z ERROR hpde_io     First value = ['Earth.NearSurface', 'Earth.NearSurface.Ionosphere']
2025-09-16T20:08:46.760078Z ERROR hpde_io     This value  = ['Earth.NearSurface.Ionosphere']
2025-09-16T20:08:46.760101Z ERROR hpde_io     Combining values.
2025-09-16T20:08:46.760131Z INFO  hpde_io   CN_K0_ASI: Found first ObservedRegion for s/c ID = CN: ['Earth.NearSurface.AuroralRegion', 'Earth.NearSurface.Ionosphere']
2025-09-16T20:08:46.760156Z ERROR hpde_io   CN_K0_MARI: ObservedRegion for this ID differs from first found value s/c ID = CN
2025-09-16T20:08:46.760180Z ERROR hpde_io     First value = ['Earth.NearSurface.AuroralRegion', 'Earth.NearSurface.Ionosphere']
2025-09-16T20:08:46.760201Z ERROR hpde_io     This value  = ['Earth.Surface']
2025-09-16T20:08:46.760222Z ERROR hpde_io     Combining values.
2025-09-16T20:08:46.760245Z ERROR hpde_io   CN_K0_MPA: ObservedRegion for this ID differs from first found value s/c ID = CN
2025-09-16T20:08:46.760267Z ERROR hpde_io     First value = ['Earth.NearSurface.AuroralRegion', 'Earth.NearSurface.Ionosphere', 'Earth.Surface']
2025-09-16T20:08:46.760288Z ERROR hpde_io     This value  = ['Earth.NearSurface.AuroralRegion', 'Earth.NearSurface.Ionosphere']
2025-09-16T20:08:46.760309Z ERROR hpde_io     Combining values.
2025-09-16T20:08:46.760332Z ERROR hpde_io   CN_K1_MARI: ObservedRegion for this ID differs from first found value s/c ID = CN
2025-09-16T20:08:46.760353Z ERROR hpde_io     First value = ['Earth.NearSurface.AuroralRegion', 'Earth.NearSurface.Ionosphere', 'Earth.Surface']
2025-09-16T20:08:46.760374Z ERROR hpde_io     This value  = ['Earth.NearSurface.AuroralRegion', 'Earth.NearSurface.Ionosphere']
2025-09-16T20:08:46.760394Z ERROR hpde_io     Combining values.
2025-09-16T20:08:46.760417Z INFO  hpde_io   COMETGS_HELIO1DAY_POSITION: Found first ObservedRegion for s/c ID = COMETGS: ['Comet']
2025-09-16T20:08:46.760435Z INFO  hpde_io   COMETHMP_HELIO1DAY_POSITION: Found first ObservedRegion for s/c ID = COMETHMP: ['Comet']
2025-09-16T20:08:46.760453Z INFO  hpde_io   CRRES_H0_MEA: Found first ObservedRegion for s/c ID = CRRES: ['Earth.Magnetosphere.Main', 'Earth.Magnetosphere.RadiationBelt']
2025-09-16T20:08:46.760470Z INFO  hpde_io   CSSWE_REPTILE_6SEC-COUNTS-L1: Found first ObservedRegion for s/c ID = CSSWE: ['Earth.Magnetosphere.RadiationBelt']
2025-09-16T20:08:46.760498Z INFO  hpde_io   DE1_1MIN_RIMS: Found first ObservedRegion for s/c ID = DE1: ['Earth.Magnetosphere', 'Earth.Magnetosphere.Polar', 'Earth.NearSurface', 'Earth.NearSurface.AuroralRegion', 'Earth.NearSurface.EquatorialRegion', 'Earth.NearSurface.Ionosphere', 'Earth.NearSurface.PolarCap']
2025-09-16T20:08:46.760517Z ERROR hpde_io   DE1_6SEC_MAGAGMS: ObservedRegion for this ID differs from first found value s/c ID = DE1
2025-09-16T20:08:46.760539Z ERROR hpde_io     First value = ['Earth.Magnetosphere', 'Earth.Magnetosphere.Polar', 'Earth.NearSurface', 'Earth.NearSurface.AuroralRegion', 'Earth.NearSurface.EquatorialRegion', 'Earth.NearSurface.Ionosphere', 'Earth.NearSurface.PolarCap']
2025-09-16T20:08:46.760561Z ERROR hpde_io     This value  = ['Earth.Magnetosphere.Plasmasphere', 'Earth.Magnetosphere.Polar', 'Earth.NearSurface.Ionosphere']
2025-09-16T20:08:46.760582Z ERROR hpde_io     Combining values.
2025-09-16T20:08:46.760607Z ERROR hpde_io   DE1_PWI_LFC-SPECTRA: ObservedRegion for this ID differs from first found value s/c ID = DE1
2025-09-16T20:08:46.760630Z ERROR hpde_io     First value = ['Earth.Magnetosphere', 'Earth.Magnetosphere.Plasmasphere', 'Earth.Magnetosphere.Polar', 'Earth.NearSurface', 'Earth.NearSurface.AuroralRegion', 'Earth.NearSurface.EquatorialRegion', 'Earth.NearSurface.Ionosphere', 'Earth.NearSurface.PolarCap']
2025-09-16T20:08:46.760656Z ERROR hpde_io     This value  = ['Earth.Magnetosphere.Plasmasphere', 'Earth.Magnetosphere.Polar', 'Earth.NearSurface.Ionosphere']
2025-09-16T20:08:46.760677Z ERROR hpde_io     Combining values.
2025-09-16T20:08:46.760701Z ERROR hpde_io   DE1_PWI_OR-AT: ObservedRegion for this ID differs from first found value s/c ID = DE1
2025-09-16T20:08:46.760723Z ERROR hpde_io     First value = ['Earth.Magnetosphere', 'Earth.Magnetosphere.Plasmasphere', 'Earth.Magnetosphere.Polar', 'Earth.NearSurface', 'Earth.NearSurface.AuroralRegion', 'Earth.NearSurface.EquatorialRegion', 'Earth.NearSurface.Ionosphere', 'Earth.NearSurface.PolarCap']
2025-09-16T20:08:46.760746Z ERROR hpde_io     This value  = ['Earth.Magnetosphere.Plasmasphere', 'Earth.Magnetosphere.Polar', 'Earth.NearSurface.Ionosphere']
2025-09-16T20:08:46.760766Z ERROR hpde_io     Combining values.
2025-09-16T20:08:46.760791Z ERROR hpde_io   DE1_PWI_SFC-SPECTRA: ObservedRegion for this ID differs from first found value s/c ID = DE1
2025-09-16T20:08:46.760813Z ERROR hpde_io     First value = ['Earth.Magnetosphere', 'Earth.Magnetosphere.Plasmasphere', 'Earth.Magnetosphere.Polar', 'Earth.NearSurface', 'Earth.NearSurface.AuroralRegion', 'Earth.NearSurface.EquatorialRegion', 'Earth.NearSurface.Ionosphere', 'Earth.NearSurface.PolarCap']
2025-09-16T20:08:46.760835Z ERROR hpde_io     This value  = ['Earth.Magnetosphere.Plasmasphere', 'Earth.Magnetosphere.Polar', 'Earth.NearSurface.Ionosphere']
2025-09-16T20:08:46.760856Z ERROR hpde_io     Combining values.
2025-09-16T20:08:46.760881Z INFO  hpde_io   DE2_62MS_VEFIMAGB: Found first ObservedRegion for s/c ID = DE2: ['Earth.Magnetosphere', 'Earth.Magnetosphere.Polar', 'Earth.NearSurface', 'Earth.NearSurface.AuroralRegion', 'Earth.NearSurface.EquatorialRegion', 'Earth.NearSurface.Ionosphere', 'Earth.NearSurface.PolarCap']
2025-09-16T20:08:46.760904Z ERROR hpde_io   DE2_DUCT16MS_RPA: ObservedRegion for this ID differs from first found value s/c ID = DE2
2025-09-16T20:08:46.760926Z ERROR hpde_io     First value = ['Earth.Magnetosphere', 'Earth.Magnetosphere.Polar', 'Earth.NearSurface', 'Earth.NearSurface.AuroralRegion', 'Earth.NearSurface.EquatorialRegion', 'Earth.NearSurface.Ionosphere', 'Earth.NearSurface.PolarCap']
2025-09-16T20:08:46.760948Z ERROR hpde_io     This value  = ['Earth.NearSurface.Ionosphere']
2025-09-16T20:08:46.760969Z ERROR hpde_io     Combining values.
2025-09-16T20:08:46.760998Z ERROR hpde_io   DE2_ION2S_RPA: ObservedRegion for this ID differs from first found value s/c ID = DE2
2025-09-16T20:08:46.761021Z ERROR hpde_io     First value = ['Earth.Magnetosphere', 'Earth.Magnetosphere.Polar', 'Earth.NearSurface', 'Earth.NearSurface.AuroralRegion', 'Earth.NearSurface.EquatorialRegion', 'Earth.NearSurface.Ionosphere', 'Earth.NearSurface.PolarCap']
2025-09-16T20:08:46.761046Z ERROR hpde_io     This value  = ['Earth.NearSurface.Ionosphere']
2025-09-16T20:08:46.761067Z ERROR hpde_io     Combining values.
2025-09-16T20:08:46.761098Z ERROR hpde_io   DE2_NEUTRAL1S_NACS: ObservedRegion for this ID differs from first found value s/c ID = DE2
2025-09-16T20:08:46.761120Z ERROR hpde_io     First value = ['Earth.Magnetosphere', 'Earth.Magnetosphere.Polar', 'Earth.NearSurface', 'Earth.NearSurface.AuroralRegion', 'Earth.NearSurface.EquatorialRegion', 'Earth.NearSurface.Ionosphere', 'Earth.NearSurface.PolarCap']
2025-09-16T20:08:46.761141Z ERROR hpde_io     This value  = ['Earth.NearSurface.Atmosphere']
2025-09-16T20:08:46.761161Z ERROR hpde_io     Combining values.
2025-09-16T20:08:46.761185Z ERROR hpde_io   DE2_NEUTRAL8S_FPI: ObservedRegion for this ID differs from first found value s/c ID = DE2
2025-09-16T20:08:46.761208Z ERROR hpde_io     First value = ['Earth.Magnetosphere', 'Earth.Magnetosphere.Polar', 'Earth.NearSurface', 'Earth.NearSurface.Atmosphere', 'Earth.NearSurface.AuroralRegion', 'Earth.NearSurface.EquatorialRegion', 'Earth.NearSurface.Ionosphere', 'Earth.NearSurface.PolarCap']
2025-09-16T20:08:46.761229Z ERROR hpde_io     This value  = ['Earth.NearSurface.Ionosphere', 'Earth.NearSurface.Thermosphere']
2025-09-16T20:08:46.761254Z ERROR hpde_io     Combining values.
2025-09-16T20:08:46.761281Z ERROR hpde_io   DE2_PLASMA500MS_LANG: ObservedRegion for this ID differs from first found value s/c ID = DE2
2025-09-16T20:08:46.761308Z ERROR hpde_io     First value = ['Earth.Magnetosphere', 'Earth.Magnetosphere.Polar', 'Earth.NearSurface', 'Earth.NearSurface.Atmosphere', 'Earth.NearSurface.AuroralRegion', 'Earth.NearSurface.EquatorialRegion', 'Earth.NearSurface.Ionosphere', 'Earth.NearSurface.PolarCap', 'Earth.NearSurface.Thermosphere']
2025-09-16T20:08:46.761335Z ERROR hpde_io     This value  = ['Earth.NearSurface.Ionosphere']
2025-09-16T20:08:46.761361Z ERROR hpde_io     Combining values.
2025-09-16T20:08:46.761386Z ERROR hpde_io   DE2_UA16S_ALL: ObservedRegion for this ID differs from first found value s/c ID = DE2
2025-09-16T20:08:46.761406Z ERROR hpde_io     First value = ['Earth.Magnetosphere', 'Earth.Magnetosphere.Polar', 'Earth.NearSurface', 'Earth.NearSurface.Atmosphere', 'Earth.NearSurface.AuroralRegion', 'Earth.NearSurface.EquatorialRegion', 'Earth.NearSurface.Ionosphere', 'Earth.NearSurface.PolarCap', 'Earth.NearSurface.Thermosphere']
2025-09-16T20:08:46.761429Z ERROR hpde_io     This value  = ['Earth.NearSurface.Atmosphere', 'Earth.NearSurface.Ionosphere']
2025-09-16T20:08:46.761454Z ERROR hpde_io     Combining values.
2025-09-16T20:08:46.761480Z ERROR hpde_io   DE2_VION250MS_IDM: ObservedRegion for this ID differs from first found value s/c ID = DE2
2025-09-16T20:08:46.761505Z ERROR hpde_io     First value = ['Earth.Magnetosphere', 'Earth.Magnetosphere.Polar', 'Earth.NearSurface', 'Earth.NearSurface.Atmosphere', 'Earth.NearSurface.AuroralRegion', 'Earth.NearSurface.EquatorialRegion', 'Earth.NearSurface.Ionosphere', 'Earth.NearSurface.PolarCap', 'Earth.NearSurface.Thermosphere']
2025-09-16T20:08:46.761532Z ERROR hpde_io     This value  = ['Earth.NearSurface.Ionosphere']
2025-09-16T20:08:46.761558Z ERROR hpde_io     Combining values.
2025-09-16T20:08:46.761588Z ERROR hpde_io   DE2_WIND2S_WATS: ObservedRegion for this ID differs from first found value s/c ID = DE2
2025-09-16T20:08:46.761614Z ERROR hpde_io     First value = ['Earth.Magnetosphere', 'Earth.Magnetosphere.Polar', 'Earth.NearSurface', 'Earth.NearSurface.Atmosphere', 'Earth.NearSurface.AuroralRegion', 'Earth.NearSurface.EquatorialRegion', 'Earth.NearSurface.Ionosphere', 'Earth.NearSurface.PolarCap', 'Earth.NearSurface.Thermosphere']
2025-09-16T20:08:46.761640Z ERROR hpde_io     This value  = ['Earth.NearSurface.Atmosphere']
2025-09-16T20:08:46.761666Z ERROR hpde_io     Combining values.
2025-09-16T20:08:46.761695Z INFO  hpde_io   DE_UV_SAI: Found first ObservedRegion for s/c ID = DE: ['Earth.NearSurface.Atmosphere']
2025-09-16T20:08:46.761720Z ERROR hpde_io   DE_VS_EICS: ObservedRegion for this ID differs from first found value s/c ID = DE
2025-09-16T20:08:46.761745Z ERROR hpde_io     First value = ['Earth.NearSurface.Atmosphere']
2025-09-16T20:08:46.761773Z ERROR hpde_io     This value  = ['Earth.Magnetosphere.Plasmasphere', 'Earth.Magnetosphere.Polar', 'Earth.NearSurface.Ionosphere']
2025-09-16T20:08:46.761799Z ERROR hpde_io     Combining values.
2025-09-16T20:08:46.761837Z INFO  hpde_io   DMSP-F16_SSIES-3_THERMAL-PLASMA: Found first ObservedRegion for s/c ID = DMSP-F16: ['Earth.Magnetosphere', 'Earth.Magnetosphere.Polar', 'Earth.NearSurface', 'Earth.NearSurface.AuroralRegion', 'Earth.NearSurface.EquatorialRegion', 'Earth.NearSurface.Ionosphere', 'Earth.NearSurface.PolarCap']
2025-09-16T20:08:46.761874Z INFO  hpde_io   DMSP-F17_SSIES-3_THERMAL-PLASMA: Found first ObservedRegion for s/c ID = DMSP-F17: ['Earth.Magnetosphere', 'Earth.Magnetosphere.Polar', 'Earth.NearSurface', 'Earth.NearSurface.AuroralRegion', 'Earth.NearSurface.EquatorialRegion', 'Earth.NearSurface.Ionosphere', 'Earth.NearSurface.PolarCap']
2025-09-16T20:08:46.761910Z INFO  hpde_io   DMSP-F18_SSIES-3_THERMAL-PLASMA: Found first ObservedRegion for s/c ID = DMSP-F18: ['Earth.Magnetosphere', 'Earth.Magnetosphere.Polar', 'Earth.NearSurface', 'Earth.NearSurface.AuroralRegion', 'Earth.NearSurface.EquatorialRegion', 'Earth.NearSurface.Ionosphere', 'Earth.NearSurface.PolarCap']
2025-09-16T20:08:46.761947Z INFO  hpde_io   DN_K0_GBAY: Found first ObservedRegion for s/c ID = DN: ['Earth.NearSurface.Ionosphere']
2025-09-16T20:08:46.762011Z INFO  hpde_io   DSCOVR_AT_DEF: Found first ObservedRegion for s/c ID = DSCOVR: ['Heliosphere', 'Heliosphere.NearEarth', 'Heliosphere.Inner']
2025-09-16T20:08:46.762050Z INFO  hpde_io   EARTH_HELIO1DAY_POSITION: Found first ObservedRegion for s/c ID = EARTH: ['Earth']
2025-09-16T20:08:46.762076Z INFO  hpde_io   ELA_L1_EPDEF: Found first ObservedRegion for s/c ID = ELA: ['Earth.Magnetosphere', 'Earth.Magnetosphere.Polar', 'Earth.NearSurface', 'Earth.NearSurface.AuroralRegion', 'Earth.NearSurface.Atmosphere', 'Earth.NearSurface.Ionosphere', 'Earth.NearSurface.PolarCap']
2025-09-16T20:08:46.762113Z INFO  hpde_io   ELB_L1_EPDEF: Found first ObservedRegion for s/c ID = ELB: ['Earth.Magnetosphere', 'Earth.Magnetosphere.Polar', 'Earth.NearSurface', 'Earth.NearSurface.AuroralRegion', 'Earth.NearSurface.Atmosphere', 'Earth.NearSurface.Ionosphere', 'Earth.NearSurface.PolarCap']
2025-09-16T20:08:46.762151Z INFO  hpde_io   EQ_PP_AUX: Found first ObservedRegion for s/c ID = EQ: ['Earth.Magnetosphere', 'Earth.Magnetosphere.Main', 'Earth.Magnetosphere.RadiationBelt', 'Earth.NearSurface.EquatorialRegion']
2025-09-16T20:08:46.762172Z ERROR hpde_io   EQ_PP_EDI: ObservedRegion for this ID differs from first found value s/c ID = EQ
2025-09-16T20:08:46.762199Z ERROR hpde_io     First value = ['Earth.Magnetosphere', 'Earth.Magnetosphere.Main', 'Earth.Magnetosphere.RadiationBelt', 'Earth.NearSurface.EquatorialRegion']
2025-09-16T20:08:46.762224Z ERROR hpde_io     This value  = ['Earth.Magnetosphere']
2025-09-16T20:08:46.762249Z ERROR hpde_io     Combining values.
2025-09-16T20:08:46.762279Z ERROR hpde_io   EQ_PP_EPI: ObservedRegion for this ID differs from first found value s/c ID = EQ
2025-09-16T20:08:46.762307Z ERROR hpde_io     First value = ['Earth.Magnetosphere', 'Earth.Magnetosphere.Main', 'Earth.Magnetosphere.RadiationBelt', 'Earth.NearSurface.EquatorialRegion']
2025-09-16T20:08:46.762334Z ERROR hpde_io     This value  = ['Earth.Magnetosphere']
2025-09-16T20:08:46.762360Z ERROR hpde_io     Combining values.
2025-09-16T20:08:46.762390Z ERROR hpde_io   EQ_PP_ICI: ObservedRegion for this ID differs from first found value s/c ID = EQ
2025-09-16T20:08:46.762417Z ERROR hpde_io     First value = ['Earth.Magnetosphere', 'Earth.Magnetosphere.Main', 'Earth.Magnetosphere.RadiationBelt', 'Earth.NearSurface.EquatorialRegion']
2025-09-16T20:08:46.762447Z ERROR hpde_io     This value  = ['Earth.Magnetosphere']
2025-09-16T20:08:46.762477Z ERROR hpde_io     Combining values.
2025-09-16T20:08:46.762507Z ERROR hpde_io   EQ_PP_MAM: ObservedRegion for this ID differs from first found value s/c ID = EQ
2025-09-16T20:08:46.762534Z ERROR hpde_io     First value = ['Earth.Magnetosphere', 'Earth.Magnetosphere.Main', 'Earth.Magnetosphere.RadiationBelt', 'Earth.NearSurface.EquatorialRegion']
2025-09-16T20:08:46.762560Z ERROR hpde_io     This value  = ['Earth.Magnetosphere']
2025-09-16T20:08:46.762586Z ERROR hpde_io     Combining values.
2025-09-16T20:08:46.762615Z ERROR hpde_io   EQ_PP_PCD: ObservedRegion for this ID differs from first found value s/c ID = EQ
2025-09-16T20:08:46.762642Z ERROR hpde_io     First value = ['Earth.Magnetosphere', 'Earth.Magnetosphere.Main', 'Earth.Magnetosphere.RadiationBelt', 'Earth.NearSurface.EquatorialRegion']
2025-09-16T20:08:46.762668Z ERROR hpde_io     This value  = ['Earth.NearSurface.Ionosphere', 'Earth.NearSurface.Thermosphere']
2025-09-16T20:08:46.762693Z ERROR hpde_io     Combining values.
2025-09-16T20:08:46.762722Z ERROR hpde_io   EQ_SP_SFD: ObservedRegion for this ID differs from first found value s/c ID = EQ
2025-09-16T20:08:46.762750Z ERROR hpde_io     First value = ['Earth.Magnetosphere', 'Earth.Magnetosphere.Main', 'Earth.Magnetosphere.RadiationBelt', 'Earth.NearSurface.EquatorialRegion', 'Earth.NearSurface.Ionosphere', 'Earth.NearSurface.Thermosphere']
2025-09-16T20:08:46.762778Z ERROR hpde_io     This value  = ['Earth.Magnetosphere']
2025-09-16T20:08:46.762801Z ERROR hpde_io     Combining values.
2025-09-16T20:08:46.762847Z INFO  hpde_io   FAST_HR_DCB: Found first ObservedRegion for s/c ID = FAST: ['Earth.Magnetosphere', 'Earth.NearSurface.Plasmasphere', 'Earth.NearSurface.AuroralRegion', 'Earth.NearSurface.PolarCap']
2025-09-16T20:08:46.762872Z INFO  hpde_io   FA_ESA_L2_EEB: Found first ObservedRegion for s/c ID = FA: ['Earth.Magnetosphere', 'Earth.Magnetosphere.Polar', 'Earth.NearSurface', 'Earth.NearSurface.AuroralRegion', 'Earth.NearSurface.EquatorialRegion', 'Earth.NearSurface.Ionosphere', 'Earth.NearSurface.PolarCap']
2025-09-16T20:08:46.762904Z ERROR hpde_io   FA_K0_ACF: ObservedRegion for this ID differs from first found value s/c ID = FA
2025-09-16T20:08:46.762933Z ERROR hpde_io     First value = ['Earth.Magnetosphere', 'Earth.Magnetosphere.Polar', 'Earth.NearSurface', 'Earth.NearSurface.AuroralRegion', 'Earth.NearSurface.EquatorialRegion', 'Earth.NearSurface.Ionosphere', 'Earth.NearSurface.PolarCap']
2025-09-16T20:08:46.762961Z ERROR hpde_io     This value  = ['Earth.Magnetosphere', 'Earth.NearSurface.AuroralRegion', 'Earth.NearSurface.Plasmasphere', 'Earth.NearSurface.PolarCap']
2025-09-16T20:08:46.762988Z ERROR hpde_io     Combining values.
2025-09-16T20:08:46.763020Z ERROR hpde_io   FA_K0_TMS: ObservedRegion for this ID differs from first found value s/c ID = FA
2025-09-16T20:08:46.763047Z ERROR hpde_io     First value = ['Earth.Magnetosphere', 'Earth.Magnetosphere.Polar', 'Earth.NearSurface', 'Earth.NearSurface.AuroralRegion', 'Earth.NearSurface.EquatorialRegion', 'Earth.NearSurface.Ionosphere', 'Earth.NearSurface.Plasmasphere', 'Earth.NearSurface.PolarCap']
2025-09-16T20:08:46.763074Z ERROR hpde_io     This value  = ['Earth.NearSurface', 'Earth.NearSurface.AuroralRegion', 'Earth.NearSurface.AuroralRegion', 'Earth.NearSurface.EquatorialRegion', 'Earth.NearSurface.Ionosphere', 'Earth.NearSurface.Ionosphere', 'Earth.NearSurface.PolarCap']
2025-09-16T20:08:46.763100Z ERROR hpde_io     Combining values.
2025-09-16T20:08:46.763131Z INFO  hpde_io   FM_K0_KILP: Found first ObservedRegion for s/c ID = FM: ['Earth.NearSurface.AuroralRegion', 'Earth.NearSurface.Ionosphere', 'Earth.NearSurface.Ionosphere.DRegion', 'Earth.NearSurface.Ionosphere.ERegion', 'Earth.NearSurface.Ionosphere.FRegion']
2025-09-16T20:08:46.763154Z INFO  hpde_io   G0_K0_EP8: Found first ObservedRegion for s/c ID = G0: ['Earth.Magnetosphere']
2025-09-16T20:08:46.763178Z INFO  hpde_io   G10_L2_MAG: Found first ObservedRegion for s/c ID = G10: ['Earth.Magnetosphere.Main']
2025-09-16T20:08:46.763199Z INFO  hpde_io   G11_L2_MAG: Found first ObservedRegion for s/c ID = G11: ['Earth.Magnetosphere.Main']
2025-09-16T20:08:46.763221Z INFO  hpde_io   G12_L2_MAG: Found first ObservedRegion for s/c ID = G12: ['Earth.Magnetosphere.Main']
2025-09-16T20:08:46.763243Z INFO  hpde_io   G6_K0_EPS: Found first ObservedRegion for s/c ID = G6: ['Earth.Magnetosphere', 'Earth.Magnetosphere.RadiationBelt']
2025-09-16T20:08:46.763264Z ERROR hpde_io   G6_K0_MAG: ObservedRegion for this ID differs from first found value s/c ID = G6
2025-09-16T20:08:46.763290Z ERROR hpde_io     First value = ['Earth.Magnetosphere', 'Earth.Magnetosphere.RadiationBelt']
2025-09-16T20:08:46.763317Z ERROR hpde_io     This value  = ['Earth.Magnetosphere']
2025-09-16T20:08:46.763342Z ERROR hpde_io     Combining values.
2025-09-16T20:08:46.763373Z INFO  hpde_io   G7_K0_EPS: Found first ObservedRegion for s/c ID = G7: ['Earth.Magnetosphere']
2025-09-16T20:08:46.763398Z ERROR hpde_io   G7_K1_MAG: ObservedRegion for this ID differs from first found value s/c ID = G7
2025-09-16T20:08:46.763425Z ERROR hpde_io     First value = ['Earth.Magnetosphere']
2025-09-16T20:08:46.763451Z ERROR hpde_io     This value  = ['Earth.Magnetosphere', 'Earth.Magnetosphere.RadiationBelt']
2025-09-16T20:08:46.763476Z ERROR hpde_io     Combining values.
2025-09-16T20:08:46.763507Z INFO  hpde_io   G8_K0_MAG: Found first ObservedRegion for s/c ID = G8: ['Earth.Magnetosphere']
2025-09-16T20:08:46.763530Z INFO  hpde_io   G9_K0_MAG: Found first ObservedRegion for s/c ID = G9: ['Earth.Magnetosphere']
2025-09-16T20:08:46.763553Z INFO  hpde_io   GALILEO_HELIO1DAY_POSITION: Found first ObservedRegion for s/c ID = GALILEO: ['Heliosphere.Remote1AU', 'Jupiter.Callisto', 'Jupiter.Europa', 'Jupiter.Ganymede', 'Jupiter.Io', 'Jupiter.Magnetosphere', 'Jupiter.Magnetosphere.Magnetotail', 'Jupiter.Magnetosphere.Main', 'Jupiter.Magnetosphere.Plasmasphere', 'Jupiter.Magnetosphere.RadiationBelt']
2025-09-16T20:08:46.763578Z INFO  hpde_io   GE_1MIN_MAG_PLASMA_SW_ONLY: Found first ObservedRegion for s/c ID = GE: ['Heliosphere.NearEarth']
2025-09-16T20:08:46.763602Z ERROR hpde_io   GE_AT_DEF: ObservedRegion for this ID differs from first found value s/c ID = GE
2025-09-16T20:08:46.763628Z ERROR hpde_io     First value = ['Heliosphere.NearEarth']
2025-09-16T20:08:46.763654Z ERROR hpde_io     This value  = ['Earth.Magnetosphere', 'Heliosphere.NearEarth']
2025-09-16T20:08:46.763680Z ERROR hpde_io     Combining values.
2025-09-16T20:08:46.763712Z ERROR hpde_io   GE_EDA12SEC_LEP: ObservedRegion for this ID differs from first found value s/c ID = GE
2025-09-16T20:08:46.763739Z ERROR hpde_io     First value = ['Earth.Magnetosphere', 'Heliosphere.NearEarth']
2025-09-16T20:08:46.763766Z ERROR hpde_io     This value  = ['Earth.Magnetosheath', 'Earth.Magnetosphere', 'Earth.Magnetosphere.Magnetotail', 'Heliosphere.NearEarth']
2025-09-16T20:08:46.763793Z ERROR hpde_io     Combining values.
2025-09-16T20:08:46.763828Z ERROR hpde_io   GE_H0_CPI: ObservedRegion for this ID differs from first found value s/c ID = GE
2025-09-16T20:08:46.763853Z ERROR hpde_io     First value = ['Earth.Magnetosheath', 'Earth.Magnetosphere', 'Earth.Magnetosphere.Magnetotail', 'Heliosphere.NearEarth']
2025-09-16T20:08:46.763880Z ERROR hpde_io     This value  = ['Earth.Magnetosheath', 'Heliosphere.NearEarth']
2025-09-16T20:08:46.763905Z ERROR hpde_io     Combining values.
2025-09-16T20:08:46.763935Z ERROR hpde_io   GE_HPAMOM_CPI: ObservedRegion for this ID differs from first found value s/c ID = GE
2025-09-16T20:08:46.763959Z ERROR hpde_io     First value = ['Earth.Magnetosheath', 'Earth.Magnetosphere', 'Earth.Magnetosphere.Magnetotail', 'Heliosphere.NearEarth']
2025-09-16T20:08:46.763986Z ERROR hpde_io     This value  = ['Earth.Magnetosheath', 'Earth.Magnetosphere', 'Earth.Magnetosphere.Magnetotail']
2025-09-16T20:08:46.764012Z ERROR hpde_io     Combining values.
2025-09-16T20:08:46.764044Z ERROR hpde_io   GE_K0_EFD: ObservedRegion for this ID differs from first found value s/c ID = GE
2025-09-16T20:08:46.764071Z ERROR hpde_io     First value = ['Earth.Magnetosheath', 'Earth.Magnetosphere', 'Earth.Magnetosphere.Magnetotail', 'Heliosphere.NearEarth']
2025-09-16T20:08:46.764102Z ERROR hpde_io     This value  = ['Earth.Magnetosphere', 'Heliosphere.NearEarth']
2025-09-16T20:08:46.764126Z ERROR hpde_io     Combining values.
2025-09-16T20:08:46.764155Z ERROR hpde_io   GE_K0_EPI: ObservedRegion for this ID differs from first found value s/c ID = GE
2025-09-16T20:08:46.764182Z ERROR hpde_io     First value = ['Earth.Magnetosheath', 'Earth.Magnetosphere', 'Earth.Magnetosphere.Magnetotail', 'Heliosphere.NearEarth']
2025-09-16T20:08:46.764207Z ERROR hpde_io     This value  = ['Earth.Magnetosphere', 'Heliosphere.NearEarth']
2025-09-16T20:08:46.764234Z ERROR hpde_io     Combining values.
2025-09-16T20:08:46.764262Z ERROR hpde_io   GE_K0_LEP: ObservedRegion for this ID differs from first found value s/c ID = GE
2025-09-16T20:08:46.764289Z ERROR hpde_io     First value = ['Earth.Magnetosheath', 'Earth.Magnetosphere', 'Earth.Magnetosphere.Magnetotail', 'Heliosphere.NearEarth']
2025-09-16T20:08:46.764316Z ERROR hpde_io     This value  = ['Heliosphere.NearEarth']
2025-09-16T20:08:46.764341Z ERROR hpde_io     Combining values.
2025-09-16T20:08:46.764373Z ERROR hpde_io   GE_K0_PWI: ObservedRegion for this ID differs from first found value s/c ID = GE
2025-09-16T20:08:46.764397Z ERROR hpde_io     First value = ['Earth.Magnetosheath', 'Earth.Magnetosphere', 'Earth.Magnetosphere.Magnetotail', 'Heliosphere.NearEarth']
2025-09-16T20:08:46.764424Z ERROR hpde_io     This value  = ['Earth.Magnetosphere']
2025-09-16T20:08:46.764450Z ERROR hpde_io     Combining values.
2025-09-16T20:08:46.764479Z ERROR hpde_io   GE_K0_SPHA: ObservedRegion for this ID differs from first found value s/c ID = GE
2025-09-16T20:08:46.764504Z ERROR hpde_io     First value = ['Earth.Magnetosheath', 'Earth.Magnetosphere', 'Earth.Magnetosphere.Magnetotail', 'Heliosphere.NearEarth']
2025-09-16T20:08:46.764530Z ERROR hpde_io     This value  = ['Earth.Magnetosphere', 'Heliosphere.NearEarth']
2025-09-16T20:08:46.764556Z ERROR hpde_io     Combining values.
2025-09-16T20:08:46.764587Z ERROR hpde_io   GE_OR_PRE: ObservedRegion for this ID differs from first found value s/c ID = GE
2025-09-16T20:08:46.764614Z ERROR hpde_io     First value = ['Earth.Magnetosheath', 'Earth.Magnetosphere', 'Earth.Magnetosphere.Magnetotail', 'Heliosphere.NearEarth']
2025-09-16T20:08:46.764644Z ERROR hpde_io     This value  = ['Earth.Magnetosphere', 'Heliosphere.NearEarth']
2025-09-16T20:08:46.764669Z ERROR hpde_io     Combining values.
2025-09-16T20:08:46.764698Z ERROR hpde_io   GE_SW_CPI: ObservedRegion for this ID differs from first found value s/c ID = GE
2025-09-16T20:08:46.764725Z ERROR hpde_io     First value = ['Earth.Magnetosheath', 'Earth.Magnetosphere', 'Earth.Magnetosphere.Magnetotail', 'Heliosphere.NearEarth']
2025-09-16T20:08:46.764751Z ERROR hpde_io     This value  = ['Earth.Magnetosheath', 'Heliosphere.NearEarth']
2025-09-16T20:08:46.764775Z ERROR hpde_io     Combining values.
2025-09-16T20:08:46.764805Z INFO  hpde_io   GIACOBINI_HELIO1DAY_POSITION: Found first ObservedRegion for s/c ID = GIACOBINI: ['Comet']
2025-09-16T20:08:46.764827Z INFO  hpde_io   GIOTTO_HELIO1DAY_POSITION: Found first ObservedRegion for s/c ID = GIOTTO: ['Heliosphere.Remote1AU', 'Heliosphere.Inner']
2025-09-16T20:08:46.764848Z INFO  hpde_io   GOES10_EPHEMERIS_SSC: Found first ObservedRegion for s/c ID = GOES10: ['Earth.Magnetosphere', 'Earth.Magnetosphere.Main', 'Earth.Magnetosphere.RadiationBelt']
2025-09-16T20:08:46.764867Z INFO  hpde_io   GOES11_EPHEMERIS_SSC: Found first ObservedRegion for s/c ID = GOES11: ['Earth.Magnetosphere', 'Earth.Magnetosphere.Main', 'Earth.Magnetosphere.RadiationBelt']
2025-09-16T20:08:46.764892Z INFO  hpde_io   GOES12_EPHEMERIS_SSC: Found first ObservedRegion for s/c ID = GOES12: ['Earth.Magnetosphere', 'Earth.Magnetosphere.Main', 'Earth.Magnetosphere.RadiationBelt']
2025-09-16T20:08:46.764918Z INFO  hpde_io   GOES13_EPHEMERIS_SSC: Found first ObservedRegion for s/c ID = GOES13: ['Earth.Magnetosphere', 'Earth.Magnetosphere.Main', 'Earth.Magnetosphere.RadiationBelt']
2025-09-16T20:08:46.764950Z INFO  hpde_io   GOES14_EPHEMERIS_SSC: Found first ObservedRegion for s/c ID = GOES14: ['Earth.Magnetosphere', 'Earth.Magnetosphere.Main', 'Earth.Magnetosphere.RadiationBelt']
2025-09-16T20:08:46.764977Z INFO  hpde_io   GOES15_EPHEMERIS_SSC: Found first ObservedRegion for s/c ID = GOES15: ['Earth.Magnetosphere', 'Earth.Magnetosphere.Main', 'Earth.Magnetosphere.RadiationBelt']
2025-09-16T20:08:46.765006Z INFO  hpde_io   GOES16_EPHEMERIS_SSC: Found first ObservedRegion for s/c ID = GOES16: ['Earth.Magnetosphere', 'Earth.Magnetosphere.Main', 'Earth.Magnetosphere.RadiationBelt']
2025-09-16T20:08:46.765027Z INFO  hpde_io   GOES17_EPHEMERIS_SSC: Found first ObservedRegion for s/c ID = GOES17: ['Earth.Magnetosphere', 'Earth.Magnetosphere.Main', 'Earth.Magnetosphere.RadiationBelt']
2025-09-16T20:08:46.765049Z INFO  hpde_io   GOES8_EPHEMERIS_SSC: Found first ObservedRegion for s/c ID = GOES8: ['Earth.Magnetosphere', 'Earth.Magnetosphere.Main', 'Earth.Magnetosphere.RadiationBelt']
2025-09-16T20:08:46.765069Z INFO  hpde_io   GOES9_EPHEMERIS_SSC: Found first ObservedRegion for s/c ID = GOES9: ['Earth.Magnetosphere', 'Earth.Magnetosphere.Main', 'Earth.Magnetosphere.RadiationBelt']
2025-09-16T20:08:46.765090Z INFO  hpde_io   GOLD_L2_NMAX: Found first ObservedRegion for s/c ID = GOLD: ['Earth.NearSurface.Ionosphere']
2025-09-16T20:08:46.765119Z INFO  hpde_io   GPS_ROTI15MIN_JPL: Found first ObservedRegion for s/c ID = GPS: ['Earth.Magnetosphere', 'Earth.Magnetosphere.Main', 'Earth.Magnetosphere.RadiationBelt', 'Earth.NearSurface.Ionosphere']
2025-09-16T20:08:46.765140Z ERROR hpde_io   GPS_TEC15MIN_IGS: ObservedRegion for this ID differs from first found value s/c ID = GPS
2025-09-16T20:08:46.765166Z ERROR hpde_io     First value = ['Earth.Magnetosphere', 'Earth.Magnetosphere.Main', 'Earth.Magnetosphere.RadiationBelt', 'Earth.NearSurface.Ionosphere']
2025-09-16T20:08:46.765194Z ERROR hpde_io     This value  = ['Earth.NearSurface.Ionosphere']
2025-09-16T20:08:46.765218Z ERROR hpde_io     Combining values.
2025-09-16T20:08:46.765247Z ERROR hpde_io   GPS_TEC1HR_IGS: ObservedRegion for this ID differs from first found value s/c ID = GPS
2025-09-16T20:08:46.765274Z ERROR hpde_io     First value = ['Earth.Magnetosphere', 'Earth.Magnetosphere.Main', 'Earth.Magnetosphere.RadiationBelt', 'Earth.NearSurface.Ionosphere']
2025-09-16T20:08:46.765301Z ERROR hpde_io     This value  = ['Earth.NearSurface.Ionosphere']
2025-09-16T20:08:46.765327Z ERROR hpde_io     Combining values.
2025-09-16T20:08:46.765355Z ERROR hpde_io   GPS_TEC2HR_IGS: ObservedRegion for this ID differs from first found value s/c ID = GPS
2025-09-16T20:08:46.765382Z ERROR hpde_io     First value = ['Earth.Magnetosphere', 'Earth.Magnetosphere.Main', 'Earth.Magnetosphere.RadiationBelt', 'Earth.NearSurface.Ionosphere']
2025-09-16T20:08:46.765410Z ERROR hpde_io     This value  = ['Earth.NearSurface.Ionosphere']
2025-09-16T20:08:46.765436Z ERROR hpde_io     Combining values.
2025-09-16T20:08:46.765471Z INFO  hpde_io   HEL1_6SEC_NESSMAG: Found first ObservedRegion for s/c ID = HEL1: ['Heliosphere.Inner']
2025-09-16T20:08:46.765493Z INFO  hpde_io   HEL2_6SEC_NESSMAG: Found first ObservedRegion for s/c ID = HEL2: ['Heliosphere.Inner']
2025-09-16T20:08:46.765516Z INFO  hpde_io   HELIOS1_COHO1HR_MERGED_MAG_PLASMA: Found first ObservedRegion for s/c ID = HELIOS1: ['Heliosphere.Inner']
2025-09-16T20:08:46.765539Z ERROR hpde_io   HELIOS1_E6_1HOUR_PARTICLE_FLUX: ObservedRegion for this ID differs from first found value s/c ID = HELIOS1
2025-09-16T20:08:46.765566Z ERROR hpde_io     First value = ['Heliosphere.Inner']
2025-09-16T20:08:46.765590Z ERROR hpde_io     This value  = ['Heliosphere', 'Heliosphere.Inner', 'Heliosphere.NearEarth']
2025-09-16T20:08:46.765617Z ERROR hpde_io     Combining values.
2025-09-16T20:08:46.765654Z INFO  hpde_io   HELIOS2_40SEC_MAG-PLASMA: Found first ObservedRegion for s/c ID = HELIOS2: ['Heliosphere', 'Heliosphere.Inner']
2025-09-16T20:08:46.765674Z ERROR hpde_io   HELIOS2_COHO1HR_MERGED_MAG_PLASMA: ObservedRegion for this ID differs from first found value s/c ID = HELIOS2
2025-09-16T20:08:46.765705Z ERROR hpde_io     First value = ['Heliosphere', 'Heliosphere.Inner']
2025-09-16T20:08:46.765733Z ERROR hpde_io     This value  = ['Heliosphere.Inner']
2025-09-16T20:08:46.765759Z ERROR hpde_io     Combining values.
2025-09-16T20:08:46.765789Z ERROR hpde_io   HELIOS2_E6_1HOUR_PARTICLE_FLUX: ObservedRegion for this ID differs from first found value s/c ID = HELIOS2
2025-09-16T20:08:46.765816Z ERROR hpde_io     First value = ['Heliosphere', 'Heliosphere.Inner']
2025-09-16T20:08:46.765842Z ERROR hpde_io     This value  = ['Heliosphere', 'Heliosphere.Inner', 'Heliosphere.NearEarth']
2025-09-16T20:08:46.765867Z ERROR hpde_io     Combining values.
2025-09-16T20:08:46.765903Z INFO  hpde_io   HK_H0_MAG: Found first ObservedRegion for s/c ID = HK: ['Earth.NearSurface.Ionosphere', 'Earth.Magnetosphere']
2025-09-16T20:08:46.765925Z ERROR hpde_io   HK_H0_VLF: ObservedRegion for this ID differs from first found value s/c ID = HK
2025-09-16T20:08:46.765953Z ERROR hpde_io     First value = ['Earth.Magnetosphere', 'Earth.NearSurface.Ionosphere']
2025-09-16T20:08:46.765979Z ERROR hpde_io     This value  = ['Earth.Magnetosphere', 'Earth.Magnetosphere.Polar', 'Earth.NearSurface.AuroralRegion', 'Earth.NearSurface.PolarCap', 'Heliosphere.Inner']
2025-09-16T20:08:46.766002Z ERROR hpde_io     Combining values.
2025-09-16T20:08:46.766034Z INFO  hpde_io   I1_AV2_OTT: Found first ObservedRegion for s/c ID = I1: ['Earth.Magnetosphere', 'Earth.Magnetosphere.Polar', 'Earth.NearSurface', 'Earth.NearSurface.AuroralRegion', 'Earth.NearSurface.EquatorialRegion', 'Earth.NearSurface.Ionosphere', 'Earth.NearSurface.PolarCap']
2025-09-16T20:08:46.766061Z ERROR hpde_io   I1_AV_ALL: ObservedRegion for this ID differs from first found value s/c ID = I1
2025-09-16T20:08:46.766088Z ERROR hpde_io     First value = ['Earth.Magnetosphere', 'Earth.Magnetosphere.Polar', 'Earth.NearSurface', 'Earth.NearSurface.AuroralRegion', 'Earth.NearSurface.EquatorialRegion', 'Earth.NearSurface.Ionosphere', 'Earth.NearSurface.PolarCap']
2025-09-16T20:08:46.766119Z ERROR hpde_io     This value  = ['Earth.Magnetosphere', 'Earth.Magnetosphere.Polar', 'Earth.NearSurface.AuroralRegion', 'Earth.NearSurface.Ionosphere', 'Earth.NearSurface.Ionosphere.Topside', 'Earth.NearSurface.PolarCap']
2025-09-16T20:08:46.766145Z ERROR hpde_io     Combining values.
2025-09-16T20:08:46.766174Z ERROR hpde_io   I1_AV_KER: ObservedRegion for this ID differs from first found value s/c ID = I1
2025-09-16T20:08:46.766202Z ERROR hpde_io     First value = ['Earth.Magnetosphere', 'Earth.Magnetosphere.Polar', 'Earth.NearSurface', 'Earth.NearSurface.AuroralRegion', 'Earth.NearSurface.EquatorialRegion', 'Earth.NearSurface.Ionosphere', 'Earth.NearSurface.Ionosphere.Topside', 'Earth.NearSurface.PolarCap']
2025-09-16T20:08:46.766230Z ERROR hpde_io     This value  = ['Earth.Magnetosphere', 'Earth.Magnetosphere.Polar', 'Earth.NearSurface', 'Earth.NearSurface.AuroralRegion', 'Earth.NearSurface.EquatorialRegion', 'Earth.NearSurface.Ionosphere', 'Earth.NearSurface.PolarCap']
2025-09-16T20:08:46.766256Z ERROR hpde_io     Combining values.
2025-09-16T20:08:46.766291Z ERROR hpde_io   I1_AV_KWA: ObservedRegion for this ID differs from first found value s/c ID = I1
2025-09-16T20:08:46.766319Z ERROR hpde_io     First value = ['Earth.Magnetosphere', 'Earth.Magnetosphere.Polar', 'Earth.NearSurface', 'Earth.NearSurface.AuroralRegion', 'Earth.NearSurface.EquatorialRegion', 'Earth.NearSurface.Ionosphere', 'Earth.NearSurface.Ionosphere.Topside', 'Earth.NearSurface.PolarCap']
2025-09-16T20:08:46.766347Z ERROR hpde_io     This value  = ['Earth.Magnetosphere', 'Earth.Magnetosphere.Polar', 'Earth.NearSurface', 'Earth.NearSurface.AuroralRegion', 'Earth.NearSurface.EquatorialRegion', 'Earth.NearSurface.Ionosphere', 'Earth.NearSurface.PolarCap']
2025-09-16T20:08:46.766373Z ERROR hpde_io     Combining values.
2025-09-16T20:08:46.766405Z ERROR hpde_io   I1_AV_ORR: ObservedRegion for this ID differs from first found value s/c ID = I1
2025-09-16T20:08:46.766432Z ERROR hpde_io     First value = ['Earth.Magnetosphere', 'Earth.Magnetosphere.Polar', 'Earth.NearSurface', 'Earth.NearSurface.AuroralRegion', 'Earth.NearSurface.EquatorialRegion', 'Earth.NearSurface.Ionosphere', 'Earth.NearSurface.Ionosphere.Topside', 'Earth.NearSurface.PolarCap']
2025-09-16T20:08:46.766463Z ERROR hpde_io     This value  = ['Earth.Magnetosphere', 'Earth.Magnetosphere.Polar', 'Earth.NearSurface', 'Earth.NearSurface.AuroralRegion', 'Earth.NearSurface.EquatorialRegion', 'Earth.NearSurface.Ionosphere', 'Earth.NearSurface.PolarCap']
2025-09-16T20:08:46.766484Z ERROR hpde_io     Combining values.
2025-09-16T20:08:46.766519Z ERROR hpde_io   I1_AV_RES: ObservedRegion for this ID differs from first found value s/c ID = I1
2025-09-16T20:08:46.766546Z ERROR hpde_io     First value = ['Earth.Magnetosphere', 'Earth.Magnetosphere.Polar', 'Earth.NearSurface', 'Earth.NearSurface.AuroralRegion', 'Earth.NearSurface.EquatorialRegion', 'Earth.NearSurface.Ionosphere', 'Earth.NearSurface.Ionosphere.Topside', 'Earth.NearSurface.PolarCap']
2025-09-16T20:08:46.766574Z ERROR hpde_io     This value  = ['Earth.Magnetosphere', 'Earth.Magnetosphere.Polar', 'Earth.NearSurface', 'Earth.NearSurface.AuroralRegion', 'Earth.NearSurface.EquatorialRegion', 'Earth.NearSurface.Ionosphere', 'Earth.NearSurface.PolarCap']
2025-09-16T20:08:46.766600Z ERROR hpde_io     Combining values.
2025-09-16T20:08:46.766639Z ERROR hpde_io   I1_AV_ULA: ObservedRegion for this ID differs from first found value s/c ID = I1
2025-09-16T20:08:46.766667Z ERROR hpde_io     First value = ['Earth.Magnetosphere', 'Earth.Magnetosphere.Polar', 'Earth.NearSurface', 'Earth.NearSurface.AuroralRegion', 'Earth.NearSurface.EquatorialRegion', 'Earth.NearSurface.Ionosphere', 'Earth.NearSurface.Ionosphere.Topside', 'Earth.NearSurface.PolarCap']
2025-09-16T20:08:46.766694Z ERROR hpde_io     This value  = ['Earth.Magnetosphere', 'Earth.Magnetosphere.Polar', 'Earth.NearSurface', 'Earth.NearSurface.AuroralRegion', 'Earth.NearSurface.EquatorialRegion', 'Earth.NearSurface.Ionosphere', 'Earth.NearSurface.PolarCap']
2025-09-16T20:08:46.766722Z ERROR hpde_io     Combining values.
2025-09-16T20:08:46.766755Z ERROR hpde_io   I1_NEPROF_TOPS: ObservedRegion for this ID differs from first found value s/c ID = I1
2025-09-16T20:08:46.766782Z ERROR hpde_io     First value = ['Earth.Magnetosphere', 'Earth.Magnetosphere.Polar', 'Earth.NearSurface', 'Earth.NearSurface.AuroralRegion', 'Earth.NearSurface.EquatorialRegion', 'Earth.NearSurface.Ionosphere', 'Earth.NearSurface.Ionosphere.Topside', 'Earth.NearSurface.PolarCap']
2025-09-16T20:08:46.766807Z ERROR hpde_io     This value  = ['Earth.NearSurface.Ionosphere']
2025-09-16T20:08:46.766833Z ERROR hpde_io     Combining values.
2025-09-16T20:08:46.766861Z INFO  hpde_io   I2_AV_ACN: Found first ObservedRegion for s/c ID = I2: ['Earth.Magnetosphere', 'Earth.Magnetosphere.Polar', 'Earth.NearSurface', 'Earth.NearSurface.AuroralRegion', 'Earth.NearSurface.EquatorialRegion', 'Earth.NearSurface.Ionosphere', 'Earth.NearSurface.PolarCap']
2025-09-16T20:08:46.766952Z ERROR hpde_io   I2_NEPROF_TOPIST: ObservedRegion for this ID differs from first found value s/c ID = I2
2025-09-16T20:08:46.766977Z ERROR hpde_io     First value = ['Earth.Magnetosphere', 'Earth.Magnetosphere.Polar', 'Earth.NearSurface', 'Earth.NearSurface.AuroralRegion', 'Earth.NearSurface.EquatorialRegion', 'Earth.NearSurface.Ionosphere', 'Earth.NearSurface.PolarCap']
2025-09-16T20:08:46.767004Z ERROR hpde_io     This value  = ['Earth.NearSurface.Ionosphere']
2025-09-16T20:08:46.767030Z ERROR hpde_io     Combining values.
2025-09-16T20:08:46.767059Z ERROR hpde_io   I2_NEPROF_TOPS: ObservedRegion for this ID differs from first found value s/c ID = I2
2025-09-16T20:08:46.767085Z ERROR hpde_io     First value = ['Earth.Magnetosphere', 'Earth.Magnetosphere.Polar', 'Earth.NearSurface', 'Earth.NearSurface.AuroralRegion', 'Earth.NearSurface.EquatorialRegion', 'Earth.NearSurface.Ionosphere', 'Earth.NearSurface.PolarCap']
2025-09-16T20:08:46.767110Z ERROR hpde_io     This value  = ['Earth.NearSurface.Ionosphere']
2025-09-16T20:08:46.767140Z ERROR hpde_io     Combining values.
2025-09-16T20:08:46.767170Z INFO  hpde_io   I8_15SEC_MAG: Found first ObservedRegion for s/c ID = I8: ['Heliosphere.NearEarth', 'Earth.Magnetosheath', 'Earth.Magnetosphere.Magnetotail']
2025-09-16T20:08:46.767191Z ERROR hpde_io   I8_320MSEC_MAG: ObservedRegion for this ID differs from first found value s/c ID = I8
2025-09-16T20:08:46.767218Z ERROR hpde_io     First value = ['Earth.Magnetosheath', 'Earth.Magnetosphere.Magnetotail', 'Heliosphere.NearEarth']
2025-09-16T20:08:46.767244Z ERROR hpde_io     This value  = ['Earth.Magnetosphere.Magnetotail', 'Heliosphere.NearEarth']
2025-09-16T20:08:46.767268Z ERROR hpde_io     Combining values.
2025-09-16T20:08:46.767296Z ERROR hpde_io   I8_H0_GME: ObservedRegion for this ID differs from first found value s/c ID = I8
2025-09-16T20:08:46.767322Z ERROR hpde_io     First value = ['Earth.Magnetosheath', 'Earth.Magnetosphere.Magnetotail', 'Heliosphere.NearEarth']
2025-09-16T20:08:46.767349Z ERROR hpde_io     This value  = ['Heliosphere.NearEarth']
2025-09-16T20:08:46.767375Z ERROR hpde_io     Combining values.
2025-09-16T20:08:46.767405Z ERROR hpde_io   I8_H0_MITPLASMA: ObservedRegion for this ID differs from first found value s/c ID = I8
2025-09-16T20:08:46.767433Z ERROR hpde_io     First value = ['Earth.Magnetosheath', 'Earth.Magnetosphere.Magnetotail', 'Heliosphere.NearEarth']
2025-09-16T20:08:46.767459Z ERROR hpde_io     This value  = ['Earth.Magnetosheath', 'Heliosphere.NearEarth']
2025-09-16T20:08:46.767485Z ERROR hpde_io     Combining values.
2025-09-16T20:08:46.767516Z INFO  hpde_io   IA_K0_ENF: Found first ObservedRegion for s/c ID = IA: ['Earth.Magnetosphere']
2025-09-16T20:08:46.767541Z ERROR hpde_io   IA_OR_DEF: ObservedRegion for this ID differs from first found value s/c ID = IA
2025-09-16T20:08:46.767568Z ERROR hpde_io     First value = ['Earth.Magnetosphere']
2025-09-16T20:08:46.767595Z ERROR hpde_io     This value  = ['Earth.Magnetosphere', 'Heliosphere.NearEarth']
2025-09-16T20:08:46.767621Z ERROR hpde_io     Combining values.
2025-09-16T20:08:46.767650Z INFO  hpde_io   IBEX_H3_ENA_HI_R02_CG_NOSP_OMNI_6MO: Found first ObservedRegion for s/c ID = IBEX: ['Heliosphere.Remote1AU']
2025-09-16T20:08:46.767755Z ERROR hpde_io   IBEX_H3_ENA_HI_R10_CG_NOSP_ANTIRAM_1YR: ObservedRegion for this ID differs from first found value s/c ID = IBEX
2025-09-16T20:08:46.767779Z ERROR hpde_io     First value = ['Heliosphere.Remote1AU']
2025-09-16T20:08:46.767806Z ERROR hpde_io     This value  = ['Heliosphere.Inner']
2025-09-16T20:08:46.767832Z ERROR hpde_io     Combining values.
2025-09-16T20:08:46.767863Z ERROR hpde_io   IBEX_H3_ENA_HI_R10_CG_NOSP_ANTIRAM_7YR: ObservedRegion for this ID differs from first found value s/c ID = IBEX
2025-09-16T20:08:46.767893Z ERROR hpde_io     First value = ['Heliosphere.Inner', 'Heliosphere.Remote1AU']
2025-09-16T20:08:46.767920Z ERROR hpde_io     This value  = ['Heliosphere.Inner']
2025-09-16T20:08:46.767945Z ERROR hpde_io     Combining values.
2025-09-16T20:08:46.767975Z ERROR hpde_io   IBEX_H3_ENA_HI_R10_CG_NOSP_OMNI_6MO: ObservedRegion for this ID differs from first found value s/c ID = IBEX
2025-09-16T20:08:46.768002Z ERROR hpde_io     First value = ['Heliosphere.Inner', 'Heliosphere.Remote1AU']
2025-09-16T20:08:46.768028Z ERROR hpde_io     This value  = ['Heliosphere.Inner']
2025-09-16T20:08:46.768054Z ERROR hpde_io     Combining values.
2025-09-16T20:08:46.768082Z ERROR hpde_io   IBEX_H3_ENA_HI_R10_CG_NOSP_OMNI_7YR: ObservedRegion for this ID differs from first found value s/c ID = IBEX
2025-09-16T20:08:46.768108Z ERROR hpde_io     First value = ['Heliosphere.Inner', 'Heliosphere.Remote1AU']
2025-09-16T20:08:46.768134Z ERROR hpde_io     This value  = ['Heliosphere.Inner']
2025-09-16T20:08:46.768160Z ERROR hpde_io     Combining values.
2025-09-16T20:08:46.768189Z ERROR hpde_io   IBEX_H3_ENA_HI_R10_CG_NOSP_RAM_1YR: ObservedRegion for this ID differs from first found value s/c ID = IBEX
2025-09-16T20:08:46.768214Z ERROR hpde_io     First value = ['Heliosphere.Inner', 'Heliosphere.Remote1AU']
2025-09-16T20:08:46.768244Z ERROR hpde_io     This value  = ['Heliosphere.Inner']
2025-09-16T20:08:46.768270Z ERROR hpde_io     Combining values.
2025-09-16T20:08:46.768299Z ERROR hpde_io   IBEX_H3_ENA_HI_R10_CG_NOSP_RAM_7YR: ObservedRegion for this ID differs from first found value s/c ID = IBEX
2025-09-16T20:08:46.768326Z ERROR hpde_io     First value = ['Heliosphere.Inner', 'Heliosphere.Remote1AU']
2025-09-16T20:08:46.768352Z ERROR hpde_io     This value  = ['Heliosphere.Inner']
2025-09-16T20:08:46.768378Z ERROR hpde_io     Combining values.
2025-09-16T20:08:46.768406Z ERROR hpde_io   IBEX_H3_ENA_HI_R10_CG_SP_ANTIRAM_1YR: ObservedRegion for this ID differs from first found value s/c ID = IBEX
2025-09-16T20:08:46.768434Z ERROR hpde_io     First value = ['Heliosphere.Inner', 'Heliosphere.Remote1AU']
2025-09-16T20:08:46.768460Z ERROR hpde_io     This value  = ['Heliosphere.Inner']
2025-09-16T20:08:46.768486Z ERROR hpde_io     Combining values.
2025-09-16T20:08:46.768515Z ERROR hpde_io   IBEX_H3_ENA_HI_R10_CG_SP_ANTIRAM_7YR: ObservedRegion for this ID differs from first found value s/c ID = IBEX
2025-09-16T20:08:46.768540Z ERROR hpde_io     First value = ['Heliosphere.Inner', 'Heliosphere.Remote1AU']
2025-09-16T20:08:46.768566Z ERROR hpde_io     This value  = ['Heliosphere.Inner']
2025-09-16T20:08:46.768591Z ERROR hpde_io     Combining values.
2025-09-16T20:08:46.768618Z ERROR hpde_io   IBEX_H3_ENA_HI_R10_CG_SP_OMNI_6MO: ObservedRegion for this ID differs from first found value s/c ID = IBEX
2025-09-16T20:08:46.768645Z ERROR hpde_io     First value = ['Heliosphere.Inner', 'Heliosphere.Remote1AU']
2025-09-16T20:08:46.768671Z ERROR hpde_io     This value  = ['Heliosphere.Inner']
2025-09-16T20:08:46.768697Z ERROR hpde_io     Combining values.
2025-09-16T20:08:46.768726Z ERROR hpde_io   IBEX_H3_ENA_HI_R10_CG_SP_OMNI_7YR: ObservedRegion for this ID differs from first found value s/c ID = IBEX
2025-09-16T20:08:46.768751Z ERROR hpde_io     First value = ['Heliosphere.Inner', 'Heliosphere.Remote1AU']
2025-09-16T20:08:46.768776Z ERROR hpde_io     This value  = ['Heliosphere.Inner']
2025-09-16T20:08:46.768802Z ERROR hpde_io     Combining values.
2025-09-16T20:08:46.768828Z ERROR hpde_io   IBEX_H3_ENA_HI_R10_CG_SP_RAM_1YR: ObservedRegion for this ID differs from first found value s/c ID = IBEX
2025-09-16T20:08:46.768855Z ERROR hpde_io     First value = ['Heliosphere.Inner', 'Heliosphere.Remote1AU']
2025-09-16T20:08:46.768880Z ERROR hpde_io     This value  = ['Heliosphere.Inner']
2025-09-16T20:08:46.768903Z ERROR hpde_io     Combining values.
2025-09-16T20:08:46.768932Z ERROR hpde_io   IBEX_H3_ENA_HI_R10_CG_SP_RAM_7YR: ObservedRegion for this ID differs from first found value s/c ID = IBEX
2025-09-16T20:08:46.768963Z ERROR hpde_io     First value = ['Heliosphere.Inner', 'Heliosphere.Remote1AU']
2025-09-16T20:08:46.768990Z ERROR hpde_io     This value  = ['Heliosphere.Inner']
2025-09-16T20:08:46.769015Z ERROR hpde_io     Combining values.
2025-09-16T20:08:46.769042Z ERROR hpde_io   IBEX_H3_ENA_HI_R10_NOCG_NOSP_ANTIRAM_1YR: ObservedRegion for this ID differs from first found value s/c ID = IBEX
2025-09-16T20:08:46.769069Z ERROR hpde_io     First value = ['Heliosphere.Inner', 'Heliosphere.Remote1AU']
2025-09-16T20:08:46.769095Z ERROR hpde_io     This value  = ['Heliosphere.Inner']
2025-09-16T20:08:46.769120Z ERROR hpde_io     Combining values.
2025-09-16T20:08:46.769150Z ERROR hpde_io   IBEX_H3_ENA_HI_R10_NOCG_NOSP_ANTIRAM_7YR: ObservedRegion for this ID differs from first found value s/c ID = IBEX
2025-09-16T20:08:46.769175Z ERROR hpde_io     First value = ['Heliosphere.Inner', 'Heliosphere.Remote1AU']
2025-09-16T20:08:46.769200Z ERROR hpde_io     This value  = ['Heliosphere.Inner']
2025-09-16T20:08:46.769226Z ERROR hpde_io     Combining values.
2025-09-16T20:08:46.769252Z ERROR hpde_io   IBEX_H3_ENA_HI_R10_NOCG_NOSP_OMNI_6MO: ObservedRegion for this ID differs from first found value s/c ID = IBEX
2025-09-16T20:08:46.769278Z ERROR hpde_io     First value = ['Heliosphere.Inner', 'Heliosphere.Remote1AU']
2025-09-16T20:08:46.769305Z ERROR hpde_io     This value  = ['Heliosphere.Inner']
2025-09-16T20:08:46.769335Z ERROR hpde_io     Combining values.
2025-09-16T20:08:46.769364Z ERROR hpde_io   IBEX_H3_ENA_HI_R10_NOCG_NOSP_OMNI_7YR: ObservedRegion for this ID differs from first found value s/c ID = IBEX
2025-09-16T20:08:46.769388Z ERROR hpde_io     First value = ['Heliosphere.Inner', 'Heliosphere.Remote1AU']
2025-09-16T20:08:46.769414Z ERROR hpde_io     This value  = ['Heliosphere.Inner']
2025-09-16T20:08:46.769439Z ERROR hpde_io     Combining values.
2025-09-16T20:08:46.769469Z ERROR hpde_io   IBEX_H3_ENA_HI_R10_NOCG_NOSP_RAM_1YR: ObservedRegion for this ID differs from first found value s/c ID = IBEX
2025-09-16T20:08:46.769496Z ERROR hpde_io     First value = ['Heliosphere.Inner', 'Heliosphere.Remote1AU']
2025-09-16T20:08:46.769520Z ERROR hpde_io     This value  = ['Heliosphere.Inner']
2025-09-16T20:08:46.769545Z ERROR hpde_io     Combining values.
2025-09-16T20:08:46.769574Z ERROR hpde_io   IBEX_H3_ENA_HI_R10_NOCG_SP_ANTIRAM_1YR: ObservedRegion for this ID differs from first found value s/c ID = IBEX
2025-09-16T20:08:46.769601Z ERROR hpde_io     First value = ['Heliosphere.Inner', 'Heliosphere.Remote1AU']
2025-09-16T20:08:46.769628Z ERROR hpde_io     This value  = ['Heliosphere.Inner']
2025-09-16T20:08:46.769653Z ERROR hpde_io     Combining values.
2025-09-16T20:08:46.769682Z ERROR hpde_io   IBEX_H3_ENA_HI_R10_NOCG_SP_ANTIRAM_7YR: ObservedRegion for this ID differs from first found value s/c ID = IBEX
2025-09-16T20:08:46.769709Z ERROR hpde_io     First value = ['Heliosphere.Inner', 'Heliosphere.Remote1AU']
2025-09-16T20:08:46.769732Z ERROR hpde_io     This value  = ['Heliosphere.Inner']
2025-09-16T20:08:46.769758Z ERROR hpde_io     Combining values.
2025-09-16T20:08:46.769787Z ERROR hpde_io   IBEX_H3_ENA_HI_R10_NOCG_SP_OMNI_6MO: ObservedRegion for this ID differs from first found value s/c ID = IBEX
2025-09-16T20:08:46.769811Z ERROR hpde_io     First value = ['Heliosphere.Inner', 'Heliosphere.Remote1AU']
2025-09-16T20:08:46.769837Z ERROR hpde_io     This value  = ['Heliosphere.Inner']
2025-09-16T20:08:46.769864Z ERROR hpde_io     Combining values.
2025-09-16T20:08:46.769893Z ERROR hpde_io   IBEX_H3_ENA_HI_R10_NOCG_SP_OMNI_7YR: ObservedRegion for this ID differs from first found value s/c ID = IBEX
2025-09-16T20:08:46.769920Z ERROR hpde_io     First value = ['Heliosphere.Inner', 'Heliosphere.Remote1AU']
2025-09-16T20:08:46.769945Z ERROR hpde_io     This value  = ['Heliosphere.Inner']
2025-09-16T20:08:46.769971Z ERROR hpde_io     Combining values.
2025-09-16T20:08:46.770000Z ERROR hpde_io   IBEX_H3_ENA_HI_R10_NOCG_SP_RAM_1YR: ObservedRegion for this ID differs from first found value s/c ID = IBEX
2025-09-16T20:08:46.770031Z ERROR hpde_io     First value = ['Heliosphere.Inner', 'Heliosphere.Remote1AU']
2025-09-16T20:08:46.770056Z ERROR hpde_io     This value  = ['Heliosphere.Inner']
2025-09-16T20:08:46.770080Z ERROR hpde_io     Combining values.
2025-09-16T20:08:46.770110Z ERROR hpde_io   IBEX_H3_ENA_HI_R12_MAGNETOSPHERE_24MIN: ObservedRegion for this ID differs from first found value s/c ID = IBEX
2025-09-16T20:08:46.770136Z ERROR hpde_io     First value = ['Heliosphere.Inner', 'Heliosphere.Remote1AU']
2025-09-16T20:08:46.770161Z ERROR hpde_io     This value  = ['Heliosphere.Inner']
2025-09-16T20:08:46.770187Z ERROR hpde_io     Combining values.
2025-09-16T20:08:46.770214Z ERROR hpde_io   IBEX_H3_ENA_HI_R13_CG_NOSP_ANTIRAM_1YR: ObservedRegion for this ID differs from first found value s/c ID = IBEX
2025-09-16T20:08:46.770241Z ERROR hpde_io     First value = ['Heliosphere.Inner', 'Heliosphere.Remote1AU']
2025-09-16T20:08:46.770267Z ERROR hpde_io     This value  = ['Heliosphere.Inner']
2025-09-16T20:08:46.770292Z ERROR hpde_io     Combining values.
2025-09-16T20:08:46.770321Z ERROR hpde_io   IBEX_H3_ENA_HI_R13_CG_NOSP_RAM_1YR: ObservedRegion for this ID differs from first found value s/c ID = IBEX
2025-09-16T20:08:46.770346Z ERROR hpde_io     First value = ['Heliosphere.Inner', 'Heliosphere.Remote1AU']
2025-09-16T20:08:46.770372Z ERROR hpde_io     This value  = ['Heliosphere.Inner']
2025-09-16T20:08:46.770401Z ERROR hpde_io     Combining values.
2025-09-16T20:08:46.770431Z ERROR hpde_io   IBEX_H3_ENA_HI_R14_PRESS-SLOPE_CG_NOSP_RAM_3YR: ObservedRegion for this ID differs from first found value s/c ID = IBEX
2025-09-16T20:08:46.770457Z ERROR hpde_io     First value = ['Heliosphere.Inner', 'Heliosphere.Remote1AU']
2025-09-16T20:08:46.770481Z ERROR hpde_io     This value  = ['Heliosphere.Inner']
2025-09-16T20:08:46.770507Z ERROR hpde_io     Combining values.
2025-09-16T20:08:46.770538Z ERROR hpde_io   IBEX_H3_ENA_HI_R16_CG_NOSP_ANTIRAM_11YR: ObservedRegion for this ID differs from first found value s/c ID = IBEX
2025-09-16T20:08:46.770565Z ERROR hpde_io     First value = ['Heliosphere.Inner', 'Heliosphere.Remote1AU']
2025-09-16T20:08:46.770590Z ERROR hpde_io     This value  = ['Heliosphere.Remote1AU']
2025-09-16T20:08:46.770613Z ERROR hpde_io     Combining values.
2025-09-16T20:08:46.770643Z ERROR hpde_io   IBEX_H3_ENA_HI_R16_CG_NOSP_ANTIRAM_1YR: ObservedRegion for this ID differs from first found value s/c ID = IBEX
2025-09-16T20:08:46.770669Z ERROR hpde_io     First value = ['Heliosphere.Inner', 'Heliosphere.Remote1AU']
2025-09-16T20:08:46.770695Z ERROR hpde_io     This value  = ['Heliosphere.Remote1AU']
2025-09-16T20:08:46.770721Z ERROR hpde_io     Combining values.
2025-09-16T20:08:46.770752Z ERROR hpde_io   IBEX_H3_ENA_HI_R16_CG_NOSP_OMNI_11YR: ObservedRegion for this ID differs from first found value s/c ID = IBEX
2025-09-16T20:08:46.770778Z ERROR hpde_io     First value = ['Heliosphere.Inner', 'Heliosphere.Remote1AU']
2025-09-16T20:08:46.770804Z ERROR hpde_io     This value  = ['Heliosphere.Remote1AU']
2025-09-16T20:08:46.770829Z ERROR hpde_io     Combining values.
2025-09-16T20:08:46.770859Z ERROR hpde_io   IBEX_H3_ENA_HI_R16_CG_NOSP_OMNI_6MO: ObservedRegion for this ID differs from first found value s/c ID = IBEX
2025-09-16T20:08:46.770883Z ERROR hpde_io     First value = ['Heliosphere.Inner', 'Heliosphere.Remote1AU']
2025-09-16T20:08:46.770908Z ERROR hpde_io     This value  = ['Heliosphere.Remote1AU']
2025-09-16T20:08:46.770934Z ERROR hpde_io     Combining values.
2025-09-16T20:08:46.770961Z ERROR hpde_io   IBEX_H3_ENA_HI_R16_CG_NOSP_RAM_11YR: ObservedRegion for this ID differs from first found value s/c ID = IBEX
2025-09-16T20:08:46.770987Z ERROR hpde_io     First value = ['Heliosphere.Inner', 'Heliosphere.Remote1AU']
2025-09-16T20:08:46.771013Z ERROR hpde_io     This value  = ['Heliosphere.Remote1AU']
2025-09-16T20:08:46.771038Z ERROR hpde_io     Combining values.
2025-09-16T20:08:46.771068Z ERROR hpde_io   IBEX_H3_ENA_HI_R16_CG_NOSP_RAM_1YR: ObservedRegion for this ID differs from first found value s/c ID = IBEX
2025-09-16T20:08:46.771096Z ERROR hpde_io     First value = ['Heliosphere.Inner', 'Heliosphere.Remote1AU']
2025-09-16T20:08:46.771121Z ERROR hpde_io     This value  = ['Heliosphere.Remote1AU']
2025-09-16T20:08:46.771146Z ERROR hpde_io     Combining values.
2025-09-16T20:08:46.771174Z ERROR hpde_io   IBEX_H3_ENA_HI_R16_CG_SP_ANTIRAM_11YR: ObservedRegion for this ID differs from first found value s/c ID = IBEX
2025-09-16T20:08:46.771200Z ERROR hpde_io     First value = ['Heliosphere.Inner', 'Heliosphere.Remote1AU']
2025-09-16T20:08:46.771226Z ERROR hpde_io     This value  = ['Heliosphere.Remote1AU']
2025-09-16T20:08:46.771252Z ERROR hpde_io     Combining values.
2025-09-16T20:08:46.771282Z ERROR hpde_io   IBEX_H3_ENA_HI_R16_CG_SP_ANTIRAM_1YR: ObservedRegion for this ID differs from first found value s/c ID = IBEX
2025-09-16T20:08:46.771306Z ERROR hpde_io     First value = ['Heliosphere.Inner', 'Heliosphere.Remote1AU']
2025-09-16T20:08:46.771332Z ERROR hpde_io     This value  = ['Heliosphere.Remote1AU']
2025-09-16T20:08:46.771357Z ERROR hpde_io     Combining values.
2025-09-16T20:08:46.771384Z ERROR hpde_io   IBEX_H3_ENA_HI_R16_CG_SP_OMNI_11YR: ObservedRegion for this ID differs from first found value s/c ID = IBEX
2025-09-16T20:08:46.771410Z ERROR hpde_io     First value = ['Heliosphere.Inner', 'Heliosphere.Remote1AU']
2025-09-16T20:08:46.771436Z ERROR hpde_io     This value  = ['Heliosphere.Remote1AU']
2025-09-16T20:08:46.771461Z ERROR hpde_io     Combining values.
2025-09-16T20:08:46.771490Z ERROR hpde_io   IBEX_H3_ENA_HI_R16_CG_SP_OMNI_2YR: ObservedRegion for this ID differs from first found value s/c ID = IBEX
2025-09-16T20:08:46.771517Z ERROR hpde_io     First value = ['Heliosphere.Inner', 'Heliosphere.Remote1AU']
2025-09-16T20:08:46.771542Z ERROR hpde_io     This value  = ['Heliosphere.Remote1AU']
2025-09-16T20:08:46.771567Z ERROR hpde_io     Combining values.
2025-09-16T20:08:46.771593Z ERROR hpde_io   IBEX_H3_ENA_HI_R16_CG_SP_OMNI_3YR: ObservedRegion for this ID differs from first found value s/c ID = IBEX
2025-09-16T20:08:46.771619Z ERROR hpde_io     First value = ['Heliosphere.Inner', 'Heliosphere.Remote1AU']
2025-09-16T20:08:46.771645Z ERROR hpde_io     This value  = ['Heliosphere.Remote1AU']
2025-09-16T20:08:46.771668Z ERROR hpde_io     Combining values.
2025-09-16T20:08:46.771697Z ERROR hpde_io   IBEX_H3_ENA_HI_R16_CG_SP_OMNI_6MO: ObservedRegion for this ID differs from first found value s/c ID = IBEX
2025-09-16T20:08:46.771723Z ERROR hpde_io     First value = ['Heliosphere.Inner', 'Heliosphere.Remote1AU']
2025-09-16T20:08:46.771750Z ERROR hpde_io     This value  = ['Heliosphere.Remote1AU']
2025-09-16T20:08:46.771776Z ERROR hpde_io     Combining values.
2025-09-16T20:08:46.771806Z ERROR hpde_io   IBEX_H3_ENA_HI_R16_CG_SP_RAM_11YR: ObservedRegion for this ID differs from first found value s/c ID = IBEX
2025-09-16T20:08:46.771832Z ERROR hpde_io     First value = ['Heliosphere.Inner', 'Heliosphere.Remote1AU']
2025-09-16T20:08:46.771859Z ERROR hpde_io     This value  = ['Heliosphere.Remote1AU']
2025-09-16T20:08:46.771884Z ERROR hpde_io     Combining values.
2025-09-16T20:08:46.771914Z ERROR hpde_io   IBEX_H3_ENA_HI_R16_CG_SP_RAM_1YR: ObservedRegion for this ID differs from first found value s/c ID = IBEX
2025-09-16T20:08:46.771939Z ERROR hpde_io     First value = ['Heliosphere.Inner', 'Heliosphere.Remote1AU']
2025-09-16T20:08:46.771964Z ERROR hpde_io     This value  = ['Heliosphere.Remote1AU']
2025-09-16T20:08:46.771990Z ERROR hpde_io     Combining values.
2025-09-16T20:08:46.772020Z ERROR hpde_io   IBEX_H3_ENA_HI_R16_NOCG_NOSP_ANTIRAM_11YR: ObservedRegion for this ID differs from first found value s/c ID = IBEX
2025-09-16T20:08:46.772048Z ERROR hpde_io     First value = ['Heliosphere.Inner', 'Heliosphere.Remote1AU']
2025-09-16T20:08:46.772072Z ERROR hpde_io     This value  = ['Heliosphere.Remote1AU']
2025-09-16T20:08:46.772098Z ERROR hpde_io     Combining values.
2025-09-16T20:08:46.772126Z ERROR hpde_io   IBEX_H3_ENA_HI_R16_NOCG_NOSP_ANTIRAM_1YR: ObservedRegion for this ID differs from first found value s/c ID = IBEX
2025-09-16T20:08:46.772156Z ERROR hpde_io     First value = ['Heliosphere.Inner', 'Heliosphere.Remote1AU']
2025-09-16T20:08:46.772178Z ERROR hpde_io     This value  = ['Heliosphere.Remote1AU']
2025-09-16T20:08:46.772204Z ERROR hpde_io     Combining values.
2025-09-16T20:08:46.772234Z ERROR hpde_io   IBEX_H3_ENA_HI_R16_NOCG_NOSP_OMNI_11YR: ObservedRegion for this ID differs from first found value s/c ID = IBEX
2025-09-16T20:08:46.772260Z ERROR hpde_io     First value = ['Heliosphere.Inner', 'Heliosphere.Remote1AU']
2025-09-16T20:08:46.772284Z ERROR hpde_io     This value  = ['Heliosphere.Remote1AU']
2025-09-16T20:08:46.772310Z ERROR hpde_io     Combining values.
2025-09-16T20:08:46.772338Z ERROR hpde_io   IBEX_H3_ENA_HI_R16_NOCG_NOSP_OMNI_6MO: ObservedRegion for this ID differs from first found value s/c ID = IBEX
2025-09-16T20:08:46.772365Z ERROR hpde_io     First value = ['Heliosphere.Inner', 'Heliosphere.Remote1AU']
2025-09-16T20:08:46.772391Z ERROR hpde_io     This value  = ['Heliosphere.Remote1AU']
2025-09-16T20:08:46.772415Z ERROR hpde_io     Combining values.
2025-09-16T20:08:46.772444Z ERROR hpde_io   IBEX_H3_ENA_HI_R16_NOCG_NOSP_RAM_11YR: ObservedRegion for this ID differs from first found value s/c ID = IBEX
2025-09-16T20:08:46.772470Z ERROR hpde_io     First value = ['Heliosphere.Inner', 'Heliosphere.Remote1AU']
2025-09-16T20:08:46.772496Z ERROR hpde_io     This value  = ['Heliosphere.Remote1AU']
2025-09-16T20:08:46.772521Z ERROR hpde_io     Combining values.
2025-09-16T20:08:46.772549Z ERROR hpde_io   IBEX_H3_ENA_HI_R16_NOCG_NOSP_RAM_1YR: ObservedRegion for this ID differs from first found value s/c ID = IBEX
2025-09-16T20:08:46.772575Z ERROR hpde_io     First value = ['Heliosphere.Inner', 'Heliosphere.Remote1AU']
2025-09-16T20:08:46.772601Z ERROR hpde_io     This value  = ['Heliosphere.Remote1AU']
2025-09-16T20:08:46.772627Z ERROR hpde_io     Combining values.
2025-09-16T20:08:46.772656Z ERROR hpde_io   IBEX_H3_ENA_HI_R16_NOCG_SP_ANTIRAM_11YR: ObservedRegion for this ID differs from first found value s/c ID = IBEX
2025-09-16T20:08:46.772682Z ERROR hpde_io     First value = ['Heliosphere.Inner', 'Heliosphere.Remote1AU']
2025-09-16T20:08:46.772708Z ERROR hpde_io     This value  = ['Heliosphere.Remote1AU']
2025-09-16T20:08:46.772734Z ERROR hpde_io     Combining values.
2025-09-16T20:08:46.772763Z ERROR hpde_io   IBEX_H3_ENA_HI_R16_NOCG_SP_ANTIRAM_1YR: ObservedRegion for this ID differs from first found value s/c ID = IBEX
2025-09-16T20:08:46.772789Z ERROR hpde_io     First value = ['Heliosphere.Inner', 'Heliosphere.Remote1AU']
2025-09-16T20:08:46.772813Z ERROR hpde_io     This value  = ['Heliosphere.Remote1AU']
2025-09-16T20:08:46.772839Z ERROR hpde_io     Combining values.
2025-09-16T20:08:46.772868Z ERROR hpde_io   IBEX_H3_ENA_HI_R16_NOCG_SP_OMNI_11YR: ObservedRegion for this ID differs from first found value s/c ID = IBEX
2025-09-16T20:08:46.772895Z ERROR hpde_io     First value = ['Heliosphere.Inner', 'Heliosphere.Remote1AU']
2025-09-16T20:08:46.772921Z ERROR hpde_io     This value  = ['Heliosphere.Remote1AU']
2025-09-16T20:08:46.772945Z ERROR hpde_io     Combining values.
2025-09-16T20:08:46.772974Z ERROR hpde_io   IBEX_H3_ENA_HI_R16_NOCG_SP_OMNI_6MO: ObservedRegion for this ID differs from first found value s/c ID = IBEX
2025-09-16T20:08:46.773001Z ERROR hpde_io     First value = ['Heliosphere.Inner', 'Heliosphere.Remote1AU']
2025-09-16T20:08:46.773026Z ERROR hpde_io     This value  = ['Heliosphere.Remote1AU']
2025-09-16T20:08:46.773052Z ERROR hpde_io     Combining values.
2025-09-16T20:08:46.773080Z ERROR hpde_io   IBEX_H3_ENA_HI_R16_NOCG_SP_RAM_11YR: ObservedRegion for this ID differs from first found value s/c ID = IBEX
2025-09-16T20:08:46.773107Z ERROR hpde_io     First value = ['Heliosphere.Inner', 'Heliosphere.Remote1AU']
2025-09-16T20:08:46.773133Z ERROR hpde_io     This value  = ['Heliosphere.Remote1AU']
2025-09-16T20:08:46.773159Z ERROR hpde_io     Combining values.
2025-09-16T20:08:46.773188Z ERROR hpde_io   IBEX_H3_ENA_HI_R16_NOCG_SP_RAM_1YR: ObservedRegion for this ID differs from first found value s/c ID = IBEX
2025-09-16T20:08:46.773218Z ERROR hpde_io     First value = ['Heliosphere.Inner', 'Heliosphere.Remote1AU']
2025-09-16T20:08:46.773242Z ERROR hpde_io     This value  = ['Heliosphere.Remote1AU']
2025-09-16T20:08:46.773268Z ERROR hpde_io     Combining values.
2025-09-16T20:08:46.773349Z ERROR hpde_io   IBEX_H3_ENA_LO_R04_CG_SP_ANTIRAM_3YR: ObservedRegion for this ID differs from first found value s/c ID = IBEX
2025-09-16T20:08:46.773373Z ERROR hpde_io     First value = ['Heliosphere.Inner', 'Heliosphere.Remote1AU']
2025-09-16T20:08:46.773399Z ERROR hpde_io     This value  = ['Heliosphere.Remote1AU']
2025-09-16T20:08:46.773425Z ERROR hpde_io     Combining values.
2025-09-16T20:08:46.773454Z ERROR hpde_io   IBEX_H3_ENA_LO_R04_CG_SP_RAM_3YR: ObservedRegion for this ID differs from first found value s/c ID = IBEX
2025-09-16T20:08:46.773480Z ERROR hpde_io     First value = ['Heliosphere.Inner', 'Heliosphere.Remote1AU']
2025-09-16T20:08:46.773506Z ERROR hpde_io     This value  = ['Heliosphere.Remote1AU']
2025-09-16T20:08:46.773532Z ERROR hpde_io     Combining values.
2025-09-16T20:08:46.773564Z ERROR hpde_io   IBEX_H3_ENA_LO_R07_NOCG_NOSP_OMNI_6MO: ObservedRegion for this ID differs from first found value s/c ID = IBEX
2025-09-16T20:08:46.773590Z ERROR hpde_io     First value = ['Heliosphere.Inner', 'Heliosphere.Remote1AU']
2025-09-16T20:08:46.773617Z ERROR hpde_io     This value  = ['Heliosphere.Remote1AU']
2025-09-16T20:08:46.773643Z ERROR hpde_io     Combining values.
2025-09-16T20:08:46.773672Z ERROR hpde_io   IBEX_H3_ENA_LO_R07_NOCG_SP_OMNI_6MO: ObservedRegion for this ID differs from first found value s/c ID = IBEX
2025-09-16T20:08:46.773697Z ERROR hpde_io     First value = ['Heliosphere.Inner', 'Heliosphere.Remote1AU']
2025-09-16T20:08:46.773723Z ERROR hpde_io     This value  = ['Heliosphere.Remote1AU']
2025-09-16T20:08:46.773749Z ERROR hpde_io     Combining values.
2025-09-16T20:08:46.773788Z ERROR hpde_io   IBEX_H3_ENA_LO_R10_NOCG_NOSP_OMNI_6MO: ObservedRegion for this ID differs from first found value s/c ID = IBEX
2025-09-16T20:08:46.773815Z ERROR hpde_io     First value = ['Heliosphere.Inner', 'Heliosphere.Remote1AU']
2025-09-16T20:08:46.773841Z ERROR hpde_io     This value  = ['Heliosphere.Remote1AU']
2025-09-16T20:08:46.773865Z ERROR hpde_io     Combining values.
2025-09-16T20:08:46.773894Z ERROR hpde_io   IBEX_H3_ENA_LO_R10_NOCG_NOSP_OMNI_7YR: ObservedRegion for this ID differs from first found value s/c ID = IBEX
2025-09-16T20:08:46.773921Z ERROR hpde_io     First value = ['Heliosphere.Inner', 'Heliosphere.Remote1AU']
2025-09-16T20:08:46.773948Z ERROR hpde_io     This value  = ['Heliosphere.Inner']
2025-09-16T20:08:46.773973Z ERROR hpde_io     Combining values.
2025-09-16T20:08:46.774001Z ERROR hpde_io   IBEX_H3_ENA_LO_R10_NOCG_SP_OMNI_6MO: ObservedRegion for this ID differs from first found value s/c ID = IBEX
2025-09-16T20:08:46.774027Z ERROR hpde_io     First value = ['Heliosphere.Inner', 'Heliosphere.Remote1AU']
2025-09-16T20:08:46.774054Z ERROR hpde_io     This value  = ['Heliosphere.Remote1AU']
2025-09-16T20:08:46.774079Z ERROR hpde_io     Combining values.
2025-09-16T20:08:46.774109Z ERROR hpde_io   IBEX_H3_ENA_LO_R10_NOCG_SP_OMNI_7YR: ObservedRegion for this ID differs from first found value s/c ID = IBEX
2025-09-16T20:08:46.774133Z ERROR hpde_io     First value = ['Heliosphere.Inner', 'Heliosphere.Remote1AU']
2025-09-16T20:08:46.774159Z ERROR hpde_io     This value  = ['Heliosphere.Inner']
2025-09-16T20:08:46.774184Z ERROR hpde_io     Combining values.
2025-09-16T20:08:46.774211Z ERROR hpde_io   IBEX_H3_ENA_LO_R17_CG_NOSP_ANTIRAM_1YR: ObservedRegion for this ID differs from first found value s/c ID = IBEX
2025-09-16T20:08:46.774237Z ERROR hpde_io     First value = ['Heliosphere.Inner', 'Heliosphere.Remote1AU']
2025-09-16T20:08:46.774263Z ERROR hpde_io     This value  = ['Heliosphere.Remote1AU']
2025-09-16T20:08:46.774289Z ERROR hpde_io     Combining values.
2025-09-16T20:08:46.774318Z ERROR hpde_io   IBEX_H3_ENA_LO_R17_CG_NOSP_OMNI_1YR: ObservedRegion for this ID differs from first found value s/c ID = IBEX
2025-09-16T20:08:46.774346Z ERROR hpde_io     First value = ['Heliosphere.Inner', 'Heliosphere.Remote1AU']
2025-09-16T20:08:46.774371Z ERROR hpde_io     This value  = ['Heliosphere.Remote1AU']
2025-09-16T20:08:46.774396Z ERROR hpde_io     Combining values.
2025-09-16T20:08:46.774426Z ERROR hpde_io   IBEX_H3_ENA_LO_R17_CG_NOSP_RAM_1YR: ObservedRegion for this ID differs from first found value s/c ID = IBEX
2025-09-16T20:08:46.774452Z ERROR hpde_io     First value = ['Heliosphere.Inner', 'Heliosphere.Remote1AU']
2025-09-16T20:08:46.774477Z ERROR hpde_io     This value  = ['Heliosphere.Remote1AU']
2025-09-16T20:08:46.774502Z ERROR hpde_io     Combining values.
2025-09-16T20:08:46.774531Z ERROR hpde_io   IBEX_H3_ENA_LO_R17_CG_SP_ANTIRAM_1YR: ObservedRegion for this ID differs from first found value s/c ID = IBEX
2025-09-16T20:08:46.774558Z ERROR hpde_io     First value = ['Heliosphere.Inner', 'Heliosphere.Remote1AU']
2025-09-16T20:08:46.774584Z ERROR hpde_io     This value  = ['Heliosphere.Remote1AU']
2025-09-16T20:08:46.774608Z ERROR hpde_io     Combining values.
2025-09-16T20:08:46.774637Z ERROR hpde_io   IBEX_H3_ENA_LO_R17_CG_SP_OMNI_1YR: ObservedRegion for this ID differs from first found value s/c ID = IBEX
2025-09-16T20:08:46.774664Z ERROR hpde_io     First value = ['Heliosphere.Inner', 'Heliosphere.Remote1AU']
2025-09-16T20:08:46.774689Z ERROR hpde_io     This value  = ['Heliosphere.Remote1AU']
2025-09-16T20:08:46.774715Z ERROR hpde_io     Combining values.
2025-09-16T20:08:46.774742Z ERROR hpde_io   IBEX_H3_ENA_LO_R17_CG_SP_RAM_1YR: ObservedRegion for this ID differs from first found value s/c ID = IBEX
2025-09-16T20:08:46.774769Z ERROR hpde_io     First value = ['Heliosphere.Inner', 'Heliosphere.Remote1AU']
2025-09-16T20:08:46.774795Z ERROR hpde_io     This value  = ['Heliosphere.Remote1AU']
2025-09-16T20:08:46.774820Z ERROR hpde_io     Combining values.
2025-09-16T20:08:46.774849Z ERROR hpde_io   IBEX_H3_ENA_LO_R17_NOCG_NOSP_RAM_1YR: ObservedRegion for this ID differs from first found value s/c ID = IBEX
2025-09-16T20:08:46.774874Z ERROR hpde_io     First value = ['Heliosphere.Inner', 'Heliosphere.Remote1AU']
2025-09-16T20:08:46.774900Z ERROR hpde_io     This value  = ['Heliosphere.Remote1AU']
2025-09-16T20:08:46.774925Z ERROR hpde_io     Combining values.
2025-09-16T20:08:46.774957Z INFO  hpde_io   ICON_L2-1_MIGHTI-A_LOS-WIND-GREEN: Found first ObservedRegion for s/c ID = ICON: ['Earth.NearSurface.Atmosphere', 'Earth.NearSurface.Ionosphere']
2025-09-16T20:08:46.775013Z INFO  hpde_io   IG_K0_PCI: Found first ObservedRegion for s/c ID = IG: ['Earth.NearSurface.PolarCap']
2025-09-16T20:08:46.775033Z INFO  hpde_io   IMAGE_M2_EUV: Found first ObservedRegion for s/c ID = IMAGE: ['Earth.Magnetosphere', 'Earth.NearSurface.Plasmasphere', 'Earth.NearSurface.AuroralRegion', 'Earth.NearSurface.PolarCap']
2025-09-16T20:08:46.775055Z INFO  hpde_io   IM_ELECTRON_DENSITY_RPI: Found first ObservedRegion for s/c ID = IM: ['Heliosphere.Inner', 'Earth.Magnetosphere', 'Earth.NearSurface.Plasmasphere', 'Earth.NearSurface.AuroralRegion', 'Earth.NearSurface.PolarCap']
2025-09-16T20:08:46.775093Z ERROR hpde_io   IM_OR_DEF: ObservedRegion for this ID differs from first found value s/c ID = IM
2025-09-16T20:08:46.775119Z ERROR hpde_io     First value = ['Earth.Magnetosphere', 'Earth.NearSurface.AuroralRegion', 'Earth.NearSurface.Plasmasphere', 'Earth.NearSurface.PolarCap', 'Heliosphere.Inner']
2025-09-16T20:08:46.775147Z ERROR hpde_io     This value  = ['Earth.Magnetosphere', 'Earth.NearSurface.AuroralRegion', 'Earth.NearSurface.Plasmasphere', 'Earth.NearSurface.PolarCap']
2025-09-16T20:08:46.775172Z ERROR hpde_io     Combining values.
2025-09-16T20:08:46.775205Z INFO  hpde_io   ISEE-3_HELIO1DAY_POSITION: Found first ObservedRegion for s/c ID = ISEE-3: ['Heliosphere', 'Heliosphere.NearEarth', 'Heliosphere.Outer']
2025-09-16T20:08:46.775231Z INFO  hpde_io   ISEE1_4SEC_MFI: Found first ObservedRegion for s/c ID = ISEE1: ['Earth.Magnetosphere', 'Earth.Magnetosheath', 'Heliosphere.NearEarth']
2025-09-16T20:08:46.775255Z ERROR hpde_io   ISEE1_H0_FE: ObservedRegion for this ID differs from first found value s/c ID = ISEE1
2025-09-16T20:08:46.775282Z ERROR hpde_io     First value = ['Earth.Magnetosheath', 'Earth.Magnetosphere', 'Heliosphere.NearEarth']
2025-09-16T20:08:46.775308Z ERROR hpde_io     This value  = ['Earth.Magnetosphere']
2025-09-16T20:08:46.775334Z ERROR hpde_io     Combining values.
2025-09-16T20:08:46.775362Z ERROR hpde_io   ISEE1_H1_FPE: ObservedRegion for this ID differs from first found value s/c ID = ISEE1
2025-09-16T20:08:46.775387Z ERROR hpde_io     First value = ['Earth.Magnetosheath', 'Earth.Magnetosphere', 'Heliosphere.NearEarth']
2025-09-16T20:08:46.775414Z ERROR hpde_io     This value  = ['Earth.Magnetosheath', 'Earth.Magnetosphere']
2025-09-16T20:08:46.775439Z ERROR hpde_io     Combining values.
2025-09-16T20:08:46.775469Z ERROR hpde_io   ISEE1_H2_FPE: ObservedRegion for this ID differs from first found value s/c ID = ISEE1
2025-09-16T20:08:46.775494Z ERROR hpde_io     First value = ['Earth.Magnetosheath', 'Earth.Magnetosphere', 'Heliosphere.NearEarth']
2025-09-16T20:08:46.775519Z ERROR hpde_io     This value  = ['Heliosphere.NearEarth']
2025-09-16T20:08:46.775545Z ERROR hpde_io     Combining values.
2025-09-16T20:08:46.775580Z INFO  hpde_io   ISEE2_4SEC_MFI: Found first ObservedRegion for s/c ID = ISEE2: ['Earth.Magnetosphere', 'Earth.Magnetosheath', 'Heliosphere.NearEarth']
2025-09-16T20:08:46.775603Z ERROR hpde_io   ISEE2_H1_FPE: ObservedRegion for this ID differs from first found value s/c ID = ISEE2
2025-09-16T20:08:46.775630Z ERROR hpde_io     First value = ['Earth.Magnetosheath', 'Earth.Magnetosphere', 'Heliosphere.NearEarth']
2025-09-16T20:08:46.775657Z ERROR hpde_io     This value  = ['Earth.Magnetosheath', 'Earth.Magnetosphere']
2025-09-16T20:08:46.775683Z ERROR hpde_io     Combining values.
2025-09-16T20:08:46.775712Z INFO  hpde_io   ISS_27DAY-AVERAGES_AMS-02: Found first ObservedRegion for s/c ID = ISS: ['Earth.NearSurface.Ionosphere.FRegion', 'Earth.NearSurface.Thermosphere']
2025-09-16T20:08:46.775739Z INFO  hpde_io   IT_H0_MFI: Found first ObservedRegion for s/c ID = IT: ['Earth.Magnetosphere', 'Heliosphere.NearEarth']
2025-09-16T20:08:46.775759Z ERROR hpde_io   IT_K0_AKR: ObservedRegion for this ID differs from first found value s/c ID = IT
2025-09-16T20:08:46.775784Z ERROR hpde_io     First value = ['Earth.Magnetosphere', 'Heliosphere.NearEarth']
2025-09-16T20:08:46.775810Z ERROR hpde_io     This value  = ['Earth.Magnetosphere']
2025-09-16T20:08:46.775835Z ERROR hpde_io     Combining values.
2025-09-16T20:08:46.775874Z ERROR hpde_io   IT_K0_VDP: ObservedRegion for this ID differs from first found value s/c ID = IT
2025-09-16T20:08:46.775901Z ERROR hpde_io     First value = ['Earth.Magnetosphere', 'Heliosphere.NearEarth']
2025-09-16T20:08:46.775927Z ERROR hpde_io     This value  = ['Heliosphere.NearEarth']
2025-09-16T20:08:46.775952Z ERROR hpde_io     Combining values.
2025-09-16T20:08:46.775981Z ERROR hpde_io   IT_OR_DEF: ObservedRegion for this ID differs from first found value s/c ID = IT
2025-09-16T20:08:46.776007Z ERROR hpde_io     First value = ['Earth.Magnetosphere', 'Heliosphere.NearEarth']
2025-09-16T20:08:46.776034Z ERROR hpde_io     This value  = ['Earth.Magnetosheath', 'Earth.Magnetosphere', 'Earth.Magnetosphere.Main', 'Earth.Magnetosphere.Polar', 'Heliosphere.NearEarth']
2025-09-16T20:08:46.776060Z ERROR hpde_io     Combining values.
2025-09-16T20:08:46.776090Z INFO  hpde_io   JUNO_HELIO1DAY_POSITION: Found first ObservedRegion for s/c ID = JUNO: ['Jupiter.Ganymede', 'Jupiter.Magnetosphere.Polar', 'Jupiter.Io', 'Jupiter.Europa', 'Jupiter.Magnetosphere']
2025-09-16T20:08:46.776114Z INFO  hpde_io   L0_K0_MPA: Found first ObservedRegion for s/c ID = L0: ['Earth.Magnetosphere.Main', 'Earth.Magnetosphere.RadiationBelt', 'Earth.NearSurface.Plasmasphere']
2025-09-16T20:08:46.776136Z ERROR hpde_io   L0_K0_SPA: ObservedRegion for this ID differs from first found value s/c ID = L0
2025-09-16T20:08:46.776162Z ERROR hpde_io     First value = ['Earth.Magnetosphere.Main', 'Earth.Magnetosphere.RadiationBelt', 'Earth.NearSurface.Plasmasphere']
2025-09-16T20:08:46.776187Z ERROR hpde_io     This value  = ['Earth.Magnetosphere.Main', 'Earth.Magnetosphere.Main', 'Earth.Magnetosphere.RadiationBelt', 'Earth.Magnetosphere.RadiationBelt', 'Earth.NearSurface.Plasmasphere', 'Earth.NearSurface.Plasmasphere']
2025-09-16T20:08:46.776214Z ERROR hpde_io     Combining values.
2025-09-16T20:08:46.776243Z INFO  hpde_io   L1_K0_MPA: Found first ObservedRegion for s/c ID = L1: ['Earth.Magnetosphere.Main', 'Earth.Magnetosphere.RadiationBelt', 'Earth.NearSurface.Plasmasphere']
2025-09-16T20:08:46.776267Z INFO  hpde_io   L4_K0_MPA: Found first ObservedRegion for s/c ID = L4: ['Earth.Magnetosphere.Main', 'Earth.Magnetosphere.RadiationBelt', 'Earth.NearSurface.Plasmasphere']
2025-09-16T20:08:46.776291Z INFO  hpde_io   L7_H0_MPA: Found first ObservedRegion for s/c ID = L7: ['Earth.Magnetosphere']
2025-09-16T20:08:46.776317Z INFO  hpde_io   L9_H0_MPA: Found first ObservedRegion for s/c ID = L9: ['Earth.Magnetosphere']
2025-09-16T20:08:46.776341Z INFO  hpde_io   MARS_HELIO1DAY_POSITION: Found first ObservedRegion for s/c ID = MARS: ['Mars']
2025-09-16T20:08:46.776363Z INFO  hpde_io   MAVEN_HELIO1DAY_POSITION: Found first ObservedRegion for s/c ID = MAVEN: ['Mars', 'Mars.Magnetosphere', 'Mars.Magnetosphere.Polar']
2025-09-16T20:08:46.776383Z INFO  hpde_io   MERCURY_HELIO1DAY_POSITION: Found first ObservedRegion for s/c ID = MERCURY: ['Mercury']
2025-09-16T20:08:46.776405Z INFO  hpde_io   MESSENGER_HELIO1DAY_POSITION: Found first ObservedRegion for s/c ID = MESSENGER: ['Mercury.Magnetosphere', 'Mercury.Magnetosphere.Magnetotail', 'Mercury.Magnetosphere.Main', 'Mercury.Magnetosphere.Polar']
2025-09-16T20:08:46.776430Z INFO  hpde_io   METOP1_POES-SEM2_FLUXES-2SEC: Found first ObservedRegion for s/c ID = METOP1: ['Earth.Magnetosheath', 'Earth.Magnetosphere.Polar', 'Earth.NearSurface', 'Earth.NearSurface.AuroralRegion', 'Earth.NearSurface.EquatorialRegion', 'Earth.NearSurface.Ionosphere', 'Earth.NearSurface.PolarCap']
2025-09-16T20:08:46.776452Z INFO  hpde_io   METOP2_POES-SEM2_FLUXES-2SEC: Found first ObservedRegion for s/c ID = METOP2: ['Earth.Magnetosheath', 'Earth.Magnetosphere.Polar', 'Earth.NearSurface', 'Earth.NearSurface.AuroralRegion', 'Earth.NearSurface.EquatorialRegion', 'Earth.NearSurface.Ionosphere', 'Earth.NearSurface.PolarCap']
2025-09-16T20:08:46.776476Z INFO  hpde_io   MMS1_ASPOC_SRVY_L2: Found first ObservedRegion for s/c ID = MMS1: ['Earth.Magnetosheath', 'Earth.Magnetosphere', 'Earth.Magnetosphere.Magnetotail', 'Earth.Magnetosphere.Main', 'Earth.Magnetosphere.RadiationBelt', 'Earth.NearSurface.EquatorialRegion', 'Earth.NearSurface.Plasmasphere', 'Heliosphere.NearEarth']
2025-09-16T20:08:46.776645Z INFO  hpde_io   MMS2_ASPOC_SRVY_L2: Found first ObservedRegion for s/c ID = MMS2: ['Earth.Magnetosheath', 'Earth.Magnetosphere', 'Earth.Magnetosphere.Magnetotail', 'Earth.Magnetosphere.Main', 'Earth.Magnetosphere.RadiationBelt', 'Earth.NearSurface.EquatorialRegion', 'Earth.NearSurface.Plasmasphere', 'Heliosphere.NearEarth']
2025-09-16T20:08:46.776805Z INFO  hpde_io   MMS3_ASPOC_SRVY_L2: Found first ObservedRegion for s/c ID = MMS3: ['Earth.Magnetosheath', 'Earth.Magnetosphere', 'Earth.Magnetosphere.Magnetotail', 'Earth.Magnetosphere.Main', 'Earth.Magnetosphere.RadiationBelt', 'Earth.NearSurface.EquatorialRegion', 'Earth.NearSurface.Plasmasphere', 'Heliosphere.NearEarth']
2025-09-16T20:08:46.776969Z INFO  hpde_io   MMS4_ASPOC_SRVY_L2: Found first ObservedRegion for s/c ID = MMS4: ['Earth.Magnetosheath', 'Earth.Magnetosphere', 'Earth.Magnetosphere.Magnetotail', 'Earth.Magnetosphere.Main', 'Earth.Magnetosphere.RadiationBelt', 'Earth.NearSurface.EquatorialRegion', 'Earth.NearSurface.Plasmasphere', 'Heliosphere.NearEarth']
2025-09-16T20:08:46.777128Z INFO  hpde_io   MSL_HELIO1DAY_POSITION: Found first ObservedRegion for s/c ID = MSL: ['Mars']
2025-09-16T20:08:46.777150Z INFO  hpde_io   MUNIN_M1_MDSE: Found first ObservedRegion for s/c ID = MUNIN: ['Earth.Magnetosphere.Main', 'Earth.Magnetosphere.Polar', 'Earth.NearSurface.AuroralRegion', 'Earth.NearSurface.EquatorialRegion', 'Earth.NearSurface.Ionosphere', 'Earth.NearSurface.PolarCap']
2025-09-16T20:08:46.777177Z INFO  hpde_io   MVN_INSITU_KP-4SEC: Found first ObservedRegion for s/c ID = MVN: ['Mars']
2025-09-16T20:08:46.777240Z INFO  hpde_io   NEW_HORIZONS_SWAP_PICKUP-IONS: Found first ObservedRegion for s/c ID = NEW: ['Heliosphere', 'Heliosphere.NearEarth', 'Heliosphere.Outer']
2025-09-16T20:08:46.777277Z INFO  hpde_io   NOAA15_POES-SEM2_FLUXES-2SEC: Found first ObservedRegion for s/c ID = NOAA15: ['Earth.Magnetosheath', 'Earth.Magnetosphere.Polar', 'Earth.NearSurface', 'Earth.NearSurface.AuroralRegion', 'Earth.NearSurface.EquatorialRegion', 'Earth.NearSurface.Ionosphere', 'Earth.NearSurface.PolarCap']
2025-09-16T20:08:46.777299Z INFO  hpde_io   NOAA16_POES-SEM2_FLUXES-2SEC: Found first ObservedRegion for s/c ID = NOAA16: ['Earth.Magnetosheath', 'Earth.Magnetosphere.Polar', 'Earth.NearSurface', 'Earth.NearSurface.AuroralRegion', 'Earth.NearSurface.EquatorialRegion', 'Earth.NearSurface.Ionosphere', 'Earth.NearSurface.PolarCap']
2025-09-16T20:08:46.777321Z INFO  hpde_io   NOAA18_POES-SEM2_FLUXES-2SEC: Found first ObservedRegion for s/c ID = NOAA18: ['Earth.Magnetosheath', 'Earth.Magnetosphere.Polar', 'Earth.NearSurface', 'Earth.NearSurface.AuroralRegion', 'Earth.NearSurface.EquatorialRegion', 'Earth.NearSurface.Ionosphere', 'Earth.NearSurface.PolarCap']
2025-09-16T20:08:46.777344Z INFO  hpde_io   NOAA19_POES-SEM2_FLUXES-2SEC: Found first ObservedRegion for s/c ID = NOAA19: ['Earth.Magnetosheath', 'Earth.Magnetosphere.Polar', 'Earth.NearSurface', 'Earth.NearSurface.AuroralRegion', 'Earth.NearSurface.EquatorialRegion', 'Earth.NearSurface.Ionosphere', 'Earth.NearSurface.PolarCap']
2025-09-16T20:08:46.777365Z INFO  hpde_io   OMNI2_H0_MRG1HR: Found first ObservedRegion for s/c ID = OMNI2: ['Heliosphere.NearEarth']
2025-09-16T20:08:46.777386Z INFO  hpde_io   OMNI_COHO1HR_MERGED_MAG_PLASMA: Found first ObservedRegion for s/c ID = OMNI: ['Heliosphere', 'Heliosphere.NearEarth', 'Heliosphere.Inner']
2025-09-16T20:08:46.777412Z ERROR hpde_io   OMNI_HRO_1MIN: ObservedRegion for this ID differs from first found value s/c ID = OMNI
2025-09-16T20:08:46.777438Z ERROR hpde_io     First value = ['Heliosphere', 'Heliosphere.Inner', 'Heliosphere.NearEarth']
2025-09-16T20:08:46.777465Z ERROR hpde_io     This value  = ['Heliosphere.NearEarth']
2025-09-16T20:08:46.777490Z ERROR hpde_io     Combining values.
2025-09-16T20:08:46.777517Z ERROR hpde_io   OMNI_HRO_5MIN: ObservedRegion for this ID differs from first found value s/c ID = OMNI
2025-09-16T20:08:46.777544Z ERROR hpde_io     First value = ['Heliosphere', 'Heliosphere.Inner', 'Heliosphere.NearEarth']
2025-09-16T20:08:46.777570Z ERROR hpde_io     This value  = ['Heliosphere.NearEarth']
2025-09-16T20:08:46.777596Z ERROR hpde_io     Combining values.
2025-09-16T20:08:46.777629Z INFO  hpde_io   PIONEER10_COHO1HR_MERGED_MAG_PLASMA: Found first ObservedRegion for s/c ID = PIONEER10: ['Heliosphere.Outer']
2025-09-16T20:08:46.777651Z ERROR hpde_io   PIONEER10_HELIO1DAY_POSITION: ObservedRegion for this ID differs from first found value s/c ID = PIONEER10
2025-09-16T20:08:46.777678Z ERROR hpde_io     First value = ['Heliosphere.Outer']
2025-09-16T20:08:46.777704Z ERROR hpde_io     This value  = ['Heliosphere', 'Heliosphere.NearEarth', 'Heliosphere.Outer']
2025-09-16T20:08:46.777731Z ERROR hpde_io     Combining values.
2025-09-16T20:08:46.777764Z INFO  hpde_io   PIONEER11_COHO1HR_MERGED_MAG_PLASMA: Found first ObservedRegion for s/c ID = PIONEER11: ['Heliosphere.Outer']
2025-09-16T20:08:46.777784Z ERROR hpde_io   PIONEER11_HELIO1DAY_POSITION: ObservedRegion for this ID differs from first found value s/c ID = PIONEER11
2025-09-16T20:08:46.777810Z ERROR hpde_io     First value = ['Heliosphere.Outer']
2025-09-16T20:08:46.777836Z ERROR hpde_io     This value  = ['Heliosphere', 'Heliosphere.NearEarth', 'Heliosphere.Outer']
2025-09-16T20:08:46.777862Z ERROR hpde_io     Combining values.
2025-09-16T20:08:46.777892Z INFO  hpde_io   PIONEERVENUS_COHO1HR_MERGED_MAG_PLASMA: Found first ObservedRegion for s/c ID = PIONEERVENUS: ['Heliosphere.Inner']
2025-09-16T20:08:46.777913Z ERROR hpde_io   PIONEERVENUS_MERGED_SOLAR-WIND_10M: ObservedRegion for this ID differs from first found value s/c ID = PIONEERVENUS
2025-09-16T20:08:46.777938Z ERROR hpde_io     First value = ['Heliosphere.Inner']
2025-09-16T20:08:46.777962Z ERROR hpde_io     This value  = ['Venus']
2025-09-16T20:08:46.777988Z ERROR hpde_io     Combining values.
2025-09-16T20:08:46.778017Z INFO  hpde_io   PLUTO_HELIO1DAY_POSITION: Found first ObservedRegion for s/c ID = PLUTO: ['Pluto']
2025-09-16T20:08:46.778042Z INFO  hpde_io   PO_10MINATT_EFI: Found first ObservedRegion for s/c ID = PO: ['Earth.Magnetosphere', 'Earth.Magnetosphere.Polar', 'Earth.NearSurface', 'Earth.NearSurface.AuroralRegion', 'Earth.NearSurface.EquatorialRegion', 'Earth.NearSurface.Ionosphere', 'Earth.NearSurface.PolarCap']
2025-09-16T20:08:46.778063Z ERROR hpde_io   PO_6SECEDSC_EFI: ObservedRegion for this ID differs from first found value s/c ID = PO
2025-09-16T20:08:46.778090Z ERROR hpde_io     First value = ['Earth.Magnetosphere', 'Earth.Magnetosphere.Polar', 'Earth.NearSurface', 'Earth.NearSurface.AuroralRegion', 'Earth.NearSurface.EquatorialRegion', 'Earth.NearSurface.Ionosphere', 'Earth.NearSurface.PolarCap']
2025-09-16T20:08:46.778116Z ERROR hpde_io     This value  = ['Earth.Magnetosphere']
2025-09-16T20:08:46.778141Z ERROR hpde_io     Combining values.
2025-09-16T20:08:46.778176Z ERROR hpde_io   PO_AT_PRE: ObservedRegion for this ID differs from first found value s/c ID = PO
2025-09-16T20:08:46.778203Z ERROR hpde_io     First value = ['Earth.Magnetosphere', 'Earth.Magnetosphere.Polar', 'Earth.NearSurface', 'Earth.NearSurface.AuroralRegion', 'Earth.NearSurface.EquatorialRegion', 'Earth.NearSurface.Ionosphere', 'Earth.NearSurface.PolarCap']
2025-09-16T20:08:46.778229Z ERROR hpde_io     This value  = ['Earth.Magnetosphere']
2025-09-16T20:08:46.778256Z ERROR hpde_io     Combining values.
2025-09-16T20:08:46.778284Z ERROR hpde_io   PO_H0_CAM: ObservedRegion for this ID differs from first found value s/c ID = PO
2025-09-16T20:08:46.778311Z ERROR hpde_io     First value = ['Earth.Magnetosphere', 'Earth.Magnetosphere.Polar', 'Earth.NearSurface', 'Earth.NearSurface.AuroralRegion', 'Earth.NearSurface.EquatorialRegion', 'Earth.NearSurface.Ionosphere', 'Earth.NearSurface.PolarCap']
2025-09-16T20:08:46.778337Z ERROR hpde_io     This value  = ['Earth.Magnetosphere']
2025-09-16T20:08:46.778363Z ERROR hpde_io     Combining values.
2025-09-16T20:08:46.778390Z ERROR hpde_io   PO_H0_HYD: ObservedRegion for this ID differs from first found value s/c ID = PO
2025-09-16T20:08:46.778418Z ERROR hpde_io     First value = ['Earth.Magnetosphere', 'Earth.Magnetosphere.Polar', 'Earth.NearSurface', 'Earth.NearSurface.AuroralRegion', 'Earth.NearSurface.EquatorialRegion', 'Earth.NearSurface.Ionosphere', 'Earth.NearSurface.PolarCap']
2025-09-16T20:08:46.778444Z ERROR hpde_io     This value  = ['Earth.Magnetosphere']
2025-09-16T20:08:46.778470Z ERROR hpde_io     Combining values.
2025-09-16T20:08:46.778499Z ERROR hpde_io   PO_H0_PWI: ObservedRegion for this ID differs from first found value s/c ID = PO
2025-09-16T20:08:46.778524Z ERROR hpde_io     First value = ['Earth.Magnetosphere', 'Earth.Magnetosphere.Polar', 'Earth.NearSurface', 'Earth.NearSurface.AuroralRegion', 'Earth.NearSurface.EquatorialRegion', 'Earth.NearSurface.Ionosphere', 'Earth.NearSurface.PolarCap']
2025-09-16T20:08:46.778551Z ERROR hpde_io     This value  = ['Earth.Magnetosphere', 'Earth.NearSurface.AuroralRegion', 'Earth.NearSurface.Plasmasphere', 'Earth.NearSurface.PolarCap', 'Heliosphere.Inner']
2025-09-16T20:08:46.778577Z ERROR hpde_io     Combining values.
2025-09-16T20:08:46.778608Z ERROR hpde_io   PO_H0_TID: ObservedRegion for this ID differs from first found value s/c ID = PO
2025-09-16T20:08:46.778635Z ERROR hpde_io     First value = ['Earth.Magnetosphere', 'Earth.Magnetosphere.Polar', 'Earth.NearSurface', 'Earth.NearSurface.AuroralRegion', 'Earth.NearSurface.EquatorialRegion', 'Earth.NearSurface.Ionosphere', 'Earth.NearSurface.Plasmasphere', 'Earth.NearSurface.PolarCap', 'Heliosphere.Inner']
2025-09-16T20:08:46.778660Z ERROR hpde_io     This value  = ['Earth.Magnetosphere', 'Earth.Magnetosphere.Polar']
2025-09-16T20:08:46.778685Z ERROR hpde_io     Combining values.
2025-09-16T20:08:46.778715Z ERROR hpde_io   PO_H0_TIM: ObservedRegion for this ID differs from first found value s/c ID = PO
2025-09-16T20:08:46.778743Z ERROR hpde_io     First value = ['Earth.Magnetosphere', 'Earth.Magnetosphere.Polar', 'Earth.NearSurface', 'Earth.NearSurface.AuroralRegion', 'Earth.NearSurface.EquatorialRegion', 'Earth.NearSurface.Ionosphere', 'Earth.NearSurface.Plasmasphere', 'Earth.NearSurface.PolarCap', 'Heliosphere.Inner']
2025-09-16T20:08:46.778771Z ERROR hpde_io     This value  = ['Earth.Magnetosphere', 'Earth.Magnetosphere.Polar', 'Earth.Magnetosphere.RadiationBelt']
2025-09-16T20:08:46.778795Z ERROR hpde_io     Combining values.
2025-09-16T20:08:46.778826Z ERROR hpde_io   PO_H1_PWI: ObservedRegion for this ID differs from first found value s/c ID = PO
2025-09-16T20:08:46.778854Z ERROR hpde_io     First value = ['Earth.Magnetosphere', 'Earth.Magnetosphere.Polar', 'Earth.Magnetosphere.RadiationBelt', 'Earth.NearSurface', 'Earth.NearSurface.AuroralRegion', 'Earth.NearSurface.EquatorialRegion', 'Earth.NearSurface.Ionosphere', 'Earth.NearSurface.Plasmasphere', 'Earth.NearSurface.PolarCap', 'Heliosphere.Inner']
2025-09-16T20:08:46.778881Z ERROR hpde_io     This value  = ['Earth.Magnetosphere', 'Earth.NearSurface.AuroralRegion', 'Earth.NearSurface.Plasmasphere', 'Earth.NearSurface.PolarCap', 'Heliosphere.Inner']
2025-09-16T20:08:46.778907Z ERROR hpde_io     Combining values.
2025-09-16T20:08:46.778935Z ERROR hpde_io   PO_H1_TID: ObservedRegion for this ID differs from first found value s/c ID = PO
2025-09-16T20:08:46.778963Z ERROR hpde_io     First value = ['Earth.Magnetosphere', 'Earth.Magnetosphere.Polar', 'Earth.Magnetosphere.RadiationBelt', 'Earth.NearSurface', 'Earth.NearSurface.AuroralRegion', 'Earth.NearSurface.EquatorialRegion', 'Earth.NearSurface.Ionosphere', 'Earth.NearSurface.Plasmasphere', 'Earth.NearSurface.PolarCap', 'Heliosphere.Inner']
2025-09-16T20:08:46.778991Z ERROR hpde_io     This value  = ['Earth.Magnetosphere', 'Earth.Magnetosphere.Polar']
2025-09-16T20:08:46.779017Z ERROR hpde_io     Combining values.
2025-09-16T20:08:46.779048Z ERROR hpde_io   PO_H2_PWI: ObservedRegion for this ID differs from first found value s/c ID = PO
2025-09-16T20:08:46.779074Z ERROR hpde_io     First value = ['Earth.Magnetosphere', 'Earth.Magnetosphere.Polar', 'Earth.Magnetosphere.RadiationBelt', 'Earth.NearSurface', 'Earth.NearSurface.AuroralRegion', 'Earth.NearSurface.EquatorialRegion', 'Earth.NearSurface.Ionosphere', 'Earth.NearSurface.Plasmasphere', 'Earth.NearSurface.PolarCap', 'Heliosphere.Inner']
2025-09-16T20:08:46.779101Z ERROR hpde_io     This value  = ['Earth.Magnetosphere', 'Earth.NearSurface.AuroralRegion', 'Earth.NearSurface.Plasmasphere', 'Earth.NearSurface.PolarCap', 'Heliosphere.Inner']
2025-09-16T20:08:46.779127Z ERROR hpde_io     Combining values.
2025-09-16T20:08:46.779157Z ERROR hpde_io   PO_H2_TIM: ObservedRegion for this ID differs from first found value s/c ID = PO
2025-09-16T20:08:46.779185Z ERROR hpde_io     First value = ['Earth.Magnetosphere', 'Earth.Magnetosphere.Polar', 'Earth.Magnetosphere.RadiationBelt', 'Earth.NearSurface', 'Earth.NearSurface.AuroralRegion', 'Earth.NearSurface.EquatorialRegion', 'Earth.NearSurface.Ionosphere', 'Earth.NearSurface.Plasmasphere', 'Earth.NearSurface.PolarCap', 'Heliosphere.Inner']
2025-09-16T20:08:46.779210Z ERROR hpde_io     This value  = ['Earth.Magnetosphere', 'Earth.Magnetosphere.Polar', 'Earth.Magnetosphere.RadiationBelt']
2025-09-16T20:08:46.779235Z ERROR hpde_io     Combining values.
2025-09-16T20:08:46.779269Z ERROR hpde_io   PO_H5_PWI: ObservedRegion for this ID differs from first found value s/c ID = PO
2025-09-16T20:08:46.779297Z ERROR hpde_io     First value = ['Earth.Magnetosphere', 'Earth.Magnetosphere.Polar', 'Earth.Magnetosphere.RadiationBelt', 'Earth.NearSurface', 'Earth.NearSurface.AuroralRegion', 'Earth.NearSurface.EquatorialRegion', 'Earth.NearSurface.Ionosphere', 'Earth.NearSurface.Plasmasphere', 'Earth.NearSurface.PolarCap', 'Heliosphere.Inner']
2025-09-16T20:08:46.779323Z ERROR hpde_io     This value  = ['Earth.Magnetosphere', 'Earth.Magnetosphere.Polar', 'Earth.NearSurface.AuroralRegion']
2025-09-16T20:08:46.779347Z ERROR hpde_io     Combining values.
2025-09-16T20:08:46.779376Z ERROR hpde_io   PO_H7_PWI: ObservedRegion for this ID differs from first found value s/c ID = PO
2025-09-16T20:08:46.779403Z ERROR hpde_io     First value = ['Earth.Magnetosphere', 'Earth.Magnetosphere.Polar', 'Earth.Magnetosphere.RadiationBelt', 'Earth.NearSurface', 'Earth.NearSurface.AuroralRegion', 'Earth.NearSurface.EquatorialRegion', 'Earth.NearSurface.Ionosphere', 'Earth.NearSurface.Plasmasphere', 'Earth.NearSurface.PolarCap', 'Heliosphere.Inner']
2025-09-16T20:08:46.779430Z ERROR hpde_io     This value  = ['Earth.Magnetosphere', 'Earth.Magnetosphere.Polar', 'Earth.NearSurface.AuroralRegion']
2025-09-16T20:08:46.779455Z ERROR hpde_io     Combining values.
2025-09-16T20:08:46.779487Z ERROR hpde_io   PO_K0_CAM: ObservedRegion for this ID differs from first found value s/c ID = PO
2025-09-16T20:08:46.779513Z ERROR hpde_io     First value = ['Earth.Magnetosphere', 'Earth.Magnetosphere.Polar', 'Earth.Magnetosphere.RadiationBelt', 'Earth.NearSurface', 'Earth.NearSurface.AuroralRegion', 'Earth.NearSurface.EquatorialRegion', 'Earth.NearSurface.Ionosphere', 'Earth.NearSurface.Plasmasphere', 'Earth.NearSurface.PolarCap', 'Heliosphere.Inner']
2025-09-16T20:08:46.779540Z ERROR hpde_io     This value  = ['Earth.Magnetosphere']
2025-09-16T20:08:46.779564Z ERROR hpde_io     Combining values.
2025-09-16T20:08:46.779593Z ERROR hpde_io   PO_K0_CEP: ObservedRegion for this ID differs from first found value s/c ID = PO
2025-09-16T20:08:46.779619Z ERROR hpde_io     First value = ['Earth.Magnetosphere', 'Earth.Magnetosphere.Polar', 'Earth.Magnetosphere.RadiationBelt', 'Earth.NearSurface', 'Earth.NearSurface.AuroralRegion', 'Earth.NearSurface.EquatorialRegion', 'Earth.NearSurface.Ionosphere', 'Earth.NearSurface.Plasmasphere', 'Earth.NearSurface.PolarCap', 'Heliosphere.Inner']
2025-09-16T20:08:46.779645Z ERROR hpde_io     This value  = ['Earth.Magnetosphere']
2025-09-16T20:08:46.779671Z ERROR hpde_io     Combining values.
2025-09-16T20:08:46.779700Z ERROR hpde_io   PO_K0_EFI: ObservedRegion for this ID differs from first found value s/c ID = PO
2025-09-16T20:08:46.779727Z ERROR hpde_io     First value = ['Earth.Magnetosphere', 'Earth.Magnetosphere.Polar', 'Earth.Magnetosphere.RadiationBelt', 'Earth.NearSurface', 'Earth.NearSurface.AuroralRegion', 'Earth.NearSurface.EquatorialRegion', 'Earth.NearSurface.Ionosphere', 'Earth.NearSurface.Plasmasphere', 'Earth.NearSurface.PolarCap', 'Heliosphere.Inner']
2025-09-16T20:08:46.779752Z ERROR hpde_io     This value  = ['Earth.Magnetosphere']
2025-09-16T20:08:46.779777Z ERROR hpde_io     Combining values.
2025-09-16T20:08:46.779807Z ERROR hpde_io   PO_K0_HYD: ObservedRegion for this ID differs from first found value s/c ID = PO
2025-09-16T20:08:46.779835Z ERROR hpde_io     First value = ['Earth.Magnetosphere', 'Earth.Magnetosphere.Polar', 'Earth.Magnetosphere.RadiationBelt', 'Earth.NearSurface', 'Earth.NearSurface.AuroralRegion', 'Earth.NearSurface.EquatorialRegion', 'Earth.NearSurface.Ionosphere', 'Earth.NearSurface.Plasmasphere', 'Earth.NearSurface.PolarCap', 'Heliosphere.Inner']
2025-09-16T20:08:46.779861Z ERROR hpde_io     This value  = ['Earth.Magnetosphere']
2025-09-16T20:08:46.779885Z ERROR hpde_io     Combining values.
2025-09-16T20:08:46.779914Z ERROR hpde_io   PO_K0_MFE: ObservedRegion for this ID differs from first found value s/c ID = PO
2025-09-16T20:08:46.779941Z ERROR hpde_io     First value = ['Earth.Magnetosphere', 'Earth.Magnetosphere.Polar', 'Earth.Magnetosphere.RadiationBelt', 'Earth.NearSurface', 'Earth.NearSurface.AuroralRegion', 'Earth.NearSurface.EquatorialRegion', 'Earth.NearSurface.Ionosphere', 'Earth.NearSurface.Plasmasphere', 'Earth.NearSurface.PolarCap', 'Heliosphere.Inner']
2025-09-16T20:08:46.779968Z ERROR hpde_io     This value  = ['Earth.Magnetosphere', 'Earth.Magnetosphere.Polar', 'Earth.Magnetosphere.RadiationBelt']
2025-09-16T20:08:46.779994Z ERROR hpde_io     Combining values.
2025-09-16T20:08:46.780022Z ERROR hpde_io   PO_K0_PWI: ObservedRegion for this ID differs from first found value s/c ID = PO
2025-09-16T20:08:46.780049Z ERROR hpde_io     First value = ['Earth.Magnetosphere', 'Earth.Magnetosphere.Polar', 'Earth.Magnetosphere.RadiationBelt', 'Earth.NearSurface', 'Earth.NearSurface.AuroralRegion', 'Earth.NearSurface.EquatorialRegion', 'Earth.NearSurface.Ionosphere', 'Earth.NearSurface.Plasmasphere', 'Earth.NearSurface.PolarCap', 'Heliosphere.Inner']
2025-09-16T20:08:46.780076Z ERROR hpde_io     This value  = ['Earth.Magnetosphere']
2025-09-16T20:08:46.780101Z ERROR hpde_io     Combining values.
2025-09-16T20:08:46.780130Z ERROR hpde_io   PO_K0_SPHA: ObservedRegion for this ID differs from first found value s/c ID = PO
2025-09-16T20:08:46.780156Z ERROR hpde_io     First value = ['Earth.Magnetosphere', 'Earth.Magnetosphere.Polar', 'Earth.Magnetosphere.RadiationBelt', 'Earth.NearSurface', 'Earth.NearSurface.AuroralRegion', 'Earth.NearSurface.EquatorialRegion', 'Earth.NearSurface.Ionosphere', 'Earth.NearSurface.Plasmasphere', 'Earth.NearSurface.PolarCap', 'Heliosphere.Inner']
2025-09-16T20:08:46.780182Z ERROR hpde_io     This value  = ['Earth.Magnetosphere']
2025-09-16T20:08:46.780209Z ERROR hpde_io     Combining values.
2025-09-16T20:08:46.780239Z ERROR hpde_io   PO_K0_UVI: ObservedRegion for this ID differs from first found value s/c ID = PO
2025-09-16T20:08:46.780267Z ERROR hpde_io     First value = ['Earth.Magnetosphere', 'Earth.Magnetosphere.Polar', 'Earth.Magnetosphere.RadiationBelt', 'Earth.NearSurface', 'Earth.NearSurface.AuroralRegion', 'Earth.NearSurface.EquatorialRegion', 'Earth.NearSurface.Ionosphere', 'Earth.NearSurface.Plasmasphere', 'Earth.NearSurface.PolarCap', 'Heliosphere.Inner']
2025-09-16T20:08:46.780291Z ERROR hpde_io     This value  = ['Earth.NearSurface.Ionosphere']
2025-09-16T20:08:46.780317Z ERROR hpde_io     Combining values.
2025-09-16T20:08:46.780347Z ERROR hpde_io   PO_K1_TIM: ObservedRegion for this ID differs from first found value s/c ID = PO
2025-09-16T20:08:46.780375Z ERROR hpde_io     First value = ['Earth.Magnetosphere', 'Earth.Magnetosphere.Polar', 'Earth.Magnetosphere.RadiationBelt', 'Earth.NearSurface', 'Earth.NearSurface.AuroralRegion', 'Earth.NearSurface.EquatorialRegion', 'Earth.NearSurface.Ionosphere', 'Earth.NearSurface.Plasmasphere', 'Earth.NearSurface.PolarCap', 'Heliosphere.Inner']
2025-09-16T20:08:46.780403Z ERROR hpde_io     This value  = ['Earth.Magnetosphere', 'Earth.Magnetosphere.Polar', 'Earth.Magnetosphere.RadiationBelt']
2025-09-16T20:08:46.780426Z ERROR hpde_io     Combining values.
2025-09-16T20:08:46.780457Z ERROR hpde_io   PO_LEVEL1_UVI: ObservedRegion for this ID differs from first found value s/c ID = PO
2025-09-16T20:08:46.780485Z ERROR hpde_io     First value = ['Earth.Magnetosphere', 'Earth.Magnetosphere.Polar', 'Earth.Magnetosphere.RadiationBelt', 'Earth.NearSurface', 'Earth.NearSurface.AuroralRegion', 'Earth.NearSurface.EquatorialRegion', 'Earth.NearSurface.Ionosphere', 'Earth.NearSurface.Plasmasphere', 'Earth.NearSurface.PolarCap', 'Heliosphere.Inner']
2025-09-16T20:08:46.780512Z ERROR hpde_io     This value  = ['Earth.NearSurface.Ionosphere']
2025-09-16T20:08:46.780538Z ERROR hpde_io     Combining values.
2025-09-16T20:08:46.780567Z ERROR hpde_io   PO_OR_DEF: ObservedRegion for this ID differs from first found value s/c ID = PO
2025-09-16T20:08:46.780594Z ERROR hpde_io     First value = ['Earth.Magnetosphere', 'Earth.Magnetosphere.Polar', 'Earth.Magnetosphere.RadiationBelt', 'Earth.NearSurface', 'Earth.NearSurface.AuroralRegion', 'Earth.NearSurface.EquatorialRegion', 'Earth.NearSurface.Ionosphere', 'Earth.NearSurface.Plasmasphere', 'Earth.NearSurface.PolarCap', 'Heliosphere.Inner']
2025-09-16T20:08:46.780622Z ERROR hpde_io     This value  = ['Earth.Magnetosphere', 'Earth.Magnetosphere.Polar', 'Earth.NearSurface', 'Earth.NearSurface.AuroralRegion', 'Earth.NearSurface.EquatorialRegion', 'Earth.NearSurface.Ionosphere', 'Earth.NearSurface.PolarCap']
2025-09-16T20:08:46.780648Z ERROR hpde_io     Combining values.
2025-09-16T20:08:46.780677Z ERROR hpde_io   PO_OR_PRE: ObservedRegion for this ID differs from first found value s/c ID = PO
2025-09-16T20:08:46.780702Z ERROR hpde_io     First value = ['Earth.Magnetosphere', 'Earth.Magnetosphere.Polar', 'Earth.Magnetosphere.RadiationBelt', 'Earth.NearSurface', 'Earth.NearSurface.AuroralRegion', 'Earth.NearSurface.EquatorialRegion', 'Earth.NearSurface.Ionosphere', 'Earth.NearSurface.Plasmasphere', 'Earth.NearSurface.PolarCap', 'Heliosphere.Inner']
2025-09-16T20:08:46.780728Z ERROR hpde_io     This value  = ['Earth.Magnetosphere']
2025-09-16T20:08:46.780754Z ERROR hpde_io     Combining values.
2025-09-16T20:08:46.780781Z ERROR hpde_io   PO_PA_DEF: ObservedRegion for this ID differs from first found value s/c ID = PO
2025-09-16T20:08:46.780808Z ERROR hpde_io     First value = ['Earth.Magnetosphere', 'Earth.Magnetosphere.Polar', 'Earth.Magnetosphere.RadiationBelt', 'Earth.NearSurface', 'Earth.NearSurface.AuroralRegion', 'Earth.NearSurface.EquatorialRegion', 'Earth.NearSurface.Ionosphere', 'Earth.NearSurface.Plasmasphere', 'Earth.NearSurface.PolarCap', 'Heliosphere.Inner']
2025-09-16T20:08:46.780835Z ERROR hpde_io     This value  = ['Earth.Magnetosphere']
2025-09-16T20:08:46.780858Z ERROR hpde_io     Combining values.
2025-09-16T20:08:46.780887Z ERROR hpde_io   PO_VIS_EARTH-CAMERA-CALIBRATED: ObservedRegion for this ID differs from first found value s/c ID = PO
2025-09-16T20:08:46.780915Z ERROR hpde_io     First value = ['Earth.Magnetosphere', 'Earth.Magnetosphere.Polar', 'Earth.Magnetosphere.RadiationBelt', 'Earth.NearSurface', 'Earth.NearSurface.AuroralRegion', 'Earth.NearSurface.EquatorialRegion', 'Earth.NearSurface.Ionosphere', 'Earth.NearSurface.Plasmasphere', 'Earth.NearSurface.PolarCap', 'Heliosphere.Inner']
2025-09-16T20:08:46.780942Z ERROR hpde_io     This value  = ['Earth.Magnetosphere', 'Earth.Magnetosphere.Polar', 'Earth.NearSurface', 'Earth.NearSurface.AuroralRegion', 'Earth.NearSurface.EquatorialRegion', 'Earth.NearSurface.Ionosphere', 'Earth.NearSurface.PolarCap']
2025-09-16T20:08:46.780966Z ERROR hpde_io     Combining values.
2025-09-16T20:08:46.780995Z ERROR hpde_io   PO_VIS_VISIBLE-IMAGER-CALIBRATED: ObservedRegion for this ID differs from first found value s/c ID = PO
2025-09-16T20:08:46.781022Z ERROR hpde_io     First value = ['Earth.Magnetosphere', 'Earth.Magnetosphere.Polar', 'Earth.Magnetosphere.RadiationBelt', 'Earth.NearSurface', 'Earth.NearSurface.AuroralRegion', 'Earth.NearSurface.EquatorialRegion', 'Earth.NearSurface.Ionosphere', 'Earth.NearSurface.Plasmasphere', 'Earth.NearSurface.PolarCap', 'Heliosphere.Inner']
2025-09-16T20:08:46.781050Z ERROR hpde_io     This value  = ['Earth.Magnetosphere', 'Earth.Magnetosphere.Polar', 'Earth.NearSurface', 'Earth.NearSurface.AuroralRegion', 'Earth.NearSurface.EquatorialRegion', 'Earth.NearSurface.Ionosphere', 'Earth.NearSurface.PolarCap']
2025-09-16T20:08:46.781076Z ERROR hpde_io     Combining values.
2025-09-16T20:08:46.781106Z INFO  hpde_io   PSP_COHO1HR_MERGED_MAG_PLASMA: Found first ObservedRegion for s/c ID = PSP: ['Heliosphere', 'Heliosphere.Inner', 'Heliosphere.NearEarth', 'Sun.Corona']
2025-09-16T20:08:46.781324Z INFO  hpde_io   RBSP-A-RBSPICE_LEV-2_TOFXEION: Found first ObservedRegion for s/c ID = RBSP-A-RBSPICE: ['Earth.Magnetosphere.RingCurrent', 'Earth.Magnetosphere.RadiationBelt', 'Earth.Magnetosphere.Plasmasphere', 'Earth.Magnetosphere.Main']
2025-09-16T20:08:46.781351Z ERROR hpde_io   RBSP-A-RBSPICE_LEV-3-PAP_ESRHELT: ObservedRegion for this ID differs from first found value s/c ID = RBSP-A-RBSPICE
2025-09-16T20:08:46.781379Z ERROR hpde_io     First value = ['Earth.Magnetosphere.Main', 'Earth.Magnetosphere.Plasmasphere', 'Earth.Magnetosphere.RadiationBelt', 'Earth.Magnetosphere.RingCurrent']
2025-09-16T20:08:46.781406Z ERROR hpde_io     This value  = ['Earth.Magnetosphere', 'Earth.Magnetosphere.Main', 'Earth.Magnetosphere.RadiationBelt', 'Earth.NearSurface.EquatorialRegion']
2025-09-16T20:08:46.781432Z ERROR hpde_io     Combining values.
2025-09-16T20:08:46.781460Z ERROR hpde_io   RBSP-A-RBSPICE_LEV-3-PAP_ESRLEHT: ObservedRegion for this ID differs from first found value s/c ID = RBSP-A-RBSPICE
2025-09-16T20:08:46.781487Z ERROR hpde_io     First value = ['Earth.Magnetosphere', 'Earth.Magnetosphere.Main', 'Earth.Magnetosphere.Plasmasphere', 'Earth.Magnetosphere.RadiationBelt', 'Earth.Magnetosphere.RingCurrent', 'Earth.NearSurface.EquatorialRegion']
2025-09-16T20:08:46.781515Z ERROR hpde_io     This value  = ['Earth.Magnetosphere', 'Earth.Magnetosphere.Main', 'Earth.Magnetosphere.RadiationBelt', 'Earth.NearSurface.EquatorialRegion']
2025-09-16T20:08:46.781541Z ERROR hpde_io     Combining values.
2025-09-16T20:08:46.781572Z ERROR hpde_io   RBSP-A-RBSPICE_LEV-3-PAP_TOFXEH: ObservedRegion for this ID differs from first found value s/c ID = RBSP-A-RBSPICE
2025-09-16T20:08:46.781599Z ERROR hpde_io     First value = ['Earth.Magnetosphere', 'Earth.Magnetosphere.Main', 'Earth.Magnetosphere.Plasmasphere', 'Earth.Magnetosphere.RadiationBelt', 'Earth.Magnetosphere.RingCurrent', 'Earth.NearSurface.EquatorialRegion']
2025-09-16T20:08:46.781628Z ERROR hpde_io     This value  = ['Earth.Magnetosphere', 'Earth.Magnetosphere.Main', 'Earth.Magnetosphere.RadiationBelt', 'Earth.NearSurface.EquatorialRegion']
2025-09-16T20:08:46.781655Z ERROR hpde_io     Combining values.
2025-09-16T20:08:46.781685Z ERROR hpde_io   RBSP-A-RBSPICE_LEV-3-PAP_TOFXEHE: ObservedRegion for this ID differs from first found value s/c ID = RBSP-A-RBSPICE
2025-09-16T20:08:46.781713Z ERROR hpde_io     First value = ['Earth.Magnetosphere', 'Earth.Magnetosphere.Main', 'Earth.Magnetosphere.Plasmasphere', 'Earth.Magnetosphere.RadiationBelt', 'Earth.Magnetosphere.RingCurrent', 'Earth.NearSurface.EquatorialRegion']
2025-09-16T20:08:46.781738Z ERROR hpde_io     This value  = ['Earth.Magnetosphere', 'Earth.Magnetosphere.Main', 'Earth.Magnetosphere.RadiationBelt', 'Earth.NearSurface.EquatorialRegion']
2025-09-16T20:08:46.781764Z ERROR hpde_io     Combining values.
2025-09-16T20:08:46.781793Z ERROR hpde_io   RBSP-A-RBSPICE_LEV-3-PAP_TOFXEHE-0: ObservedRegion for this ID differs from first found value s/c ID = RBSP-A-RBSPICE
2025-09-16T20:08:46.781821Z ERROR hpde_io     First value = ['Earth.Magnetosphere', 'Earth.Magnetosphere.Main', 'Earth.Magnetosphere.Plasmasphere', 'Earth.Magnetosphere.RadiationBelt', 'Earth.Magnetosphere.RingCurrent', 'Earth.NearSurface.EquatorialRegion']
2025-09-16T20:08:46.781848Z ERROR hpde_io     This value  = ['Earth.Magnetosphere', 'Earth.Magnetosphere.Main', 'Earth.Magnetosphere.RadiationBelt', 'Earth.NearSurface.EquatorialRegion']
2025-09-16T20:08:46.781872Z ERROR hpde_io     Combining values.
2025-09-16T20:08:46.781902Z ERROR hpde_io   RBSP-A-RBSPICE_LEV-3-PAP_TOFXEION: ObservedRegion for this ID differs from first found value s/c ID = RBSP-A-RBSPICE
2025-09-16T20:08:46.781929Z ERROR hpde_io     First value = ['Earth.Magnetosphere', 'Earth.Magnetosphere.Main', 'Earth.Magnetosphere.Plasmasphere', 'Earth.Magnetosphere.RadiationBelt', 'Earth.Magnetosphere.RingCurrent', 'Earth.NearSurface.EquatorialRegion']
2025-09-16T20:08:46.781955Z ERROR hpde_io     This value  = ['Earth.Magnetosphere', 'Earth.Magnetosphere.Main', 'Earth.Magnetosphere.RadiationBelt', 'Earth.NearSurface.EquatorialRegion']
2025-09-16T20:08:46.781981Z ERROR hpde_io     Combining values.
2025-09-16T20:08:46.782009Z ERROR hpde_io   RBSP-A-RBSPICE_LEV-3-PAP_TOFXEO: ObservedRegion for this ID differs from first found value s/c ID = RBSP-A-RBSPICE
2025-09-16T20:08:46.782036Z ERROR hpde_io     First value = ['Earth.Magnetosphere', 'Earth.Magnetosphere.Main', 'Earth.Magnetosphere.Plasmasphere', 'Earth.Magnetosphere.RadiationBelt', 'Earth.Magnetosphere.RingCurrent', 'Earth.NearSurface.EquatorialRegion']
2025-09-16T20:08:46.782063Z ERROR hpde_io     This value  = ['Earth.Magnetosphere', 'Earth.Magnetosphere.Main', 'Earth.Magnetosphere.RadiationBelt', 'Earth.NearSurface.EquatorialRegion']
2025-09-16T20:08:46.782090Z ERROR hpde_io     Combining values.
2025-09-16T20:08:46.782120Z ERROR hpde_io   RBSP-A-RBSPICE_LEV-3-PAP_TOFXEO-0: ObservedRegion for this ID differs from first found value s/c ID = RBSP-A-RBSPICE
2025-09-16T20:08:46.782144Z ERROR hpde_io     First value = ['Earth.Magnetosphere', 'Earth.Magnetosphere.Main', 'Earth.Magnetosphere.Plasmasphere', 'Earth.Magnetosphere.RadiationBelt', 'Earth.Magnetosphere.RingCurrent', 'Earth.NearSurface.EquatorialRegion']
2025-09-16T20:08:46.782171Z ERROR hpde_io     This value  = ['Earth.Magnetosphere', 'Earth.Magnetosphere.Main', 'Earth.Magnetosphere.RadiationBelt', 'Earth.NearSurface.EquatorialRegion']
2025-09-16T20:08:46.782196Z ERROR hpde_io     Combining values.
2025-09-16T20:08:46.782222Z ERROR hpde_io   RBSP-A-RBSPICE_LEV-3-PAP_TOFXPHHHELT: ObservedRegion for this ID differs from first found value s/c ID = RBSP-A-RBSPICE
2025-09-16T20:08:46.782250Z ERROR hpde_io     First value = ['Earth.Magnetosphere', 'Earth.Magnetosphere.Main', 'Earth.Magnetosphere.Plasmasphere', 'Earth.Magnetosphere.RadiationBelt', 'Earth.Magnetosphere.RingCurrent', 'Earth.NearSurface.EquatorialRegion']
2025-09-16T20:08:46.782277Z ERROR hpde_io     This value  = ['Earth.Magnetosphere', 'Earth.Magnetosphere.Main', 'Earth.Magnetosphere.RadiationBelt', 'Earth.NearSurface.EquatorialRegion']
2025-09-16T20:08:46.782302Z ERROR hpde_io     Combining values.
2025-09-16T20:08:46.782331Z ERROR hpde_io   RBSP-A-RBSPICE_LEV-3-PAP_TOFXPHHLEHT: ObservedRegion for this ID differs from first found value s/c ID = RBSP-A-RBSPICE
2025-09-16T20:08:46.782355Z ERROR hpde_io     First value = ['Earth.Magnetosphere', 'Earth.Magnetosphere.Main', 'Earth.Magnetosphere.Plasmasphere', 'Earth.Magnetosphere.RadiationBelt', 'Earth.Magnetosphere.RingCurrent', 'Earth.NearSurface.EquatorialRegion']
2025-09-16T20:08:46.782382Z ERROR hpde_io     This value  = ['Earth.Magnetosphere', 'Earth.Magnetosphere.Main', 'Earth.Magnetosphere.RadiationBelt', 'Earth.NearSurface.EquatorialRegion']
2025-09-16T20:08:46.782406Z ERROR hpde_io     Combining values.
2025-09-16T20:08:46.782434Z ERROR hpde_io   RBSP-A-RBSPICE_LEV-3-PAP_TOFXPHOHELT: ObservedRegion for this ID differs from first found value s/c ID = RBSP-A-RBSPICE
2025-09-16T20:08:46.782459Z ERROR hpde_io     First value = ['Earth.Magnetosphere', 'Earth.Magnetosphere.Main', 'Earth.Magnetosphere.Plasmasphere', 'Earth.Magnetosphere.RadiationBelt', 'Earth.Magnetosphere.RingCurrent', 'Earth.NearSurface.EquatorialRegion']
2025-09-16T20:08:46.782487Z ERROR hpde_io     This value  = ['Earth.Magnetosphere', 'Earth.Magnetosphere.Main', 'Earth.Magnetosphere.RadiationBelt', 'Earth.NearSurface.EquatorialRegion']
2025-09-16T20:08:46.782513Z ERROR hpde_io     Combining values.
2025-09-16T20:08:46.782543Z ERROR hpde_io   RBSP-A-RBSPICE_LEV-3-PAP_TOFXPHOLEHT: ObservedRegion for this ID differs from first found value s/c ID = RBSP-A-RBSPICE
2025-09-16T20:08:46.782569Z ERROR hpde_io     First value = ['Earth.Magnetosphere', 'Earth.Magnetosphere.Main', 'Earth.Magnetosphere.Plasmasphere', 'Earth.Magnetosphere.RadiationBelt', 'Earth.Magnetosphere.RingCurrent', 'Earth.NearSurface.EquatorialRegion']
2025-09-16T20:08:46.782595Z ERROR hpde_io     This value  = ['Earth.Magnetosphere', 'Earth.Magnetosphere.Main', 'Earth.Magnetosphere.RadiationBelt', 'Earth.NearSurface.EquatorialRegion']
2025-09-16T20:08:46.782621Z ERROR hpde_io     Combining values.
2025-09-16T20:08:46.782656Z ERROR hpde_io   RBSP-A-RBSPICE_LEV-3_TOFXEION: ObservedRegion for this ID differs from first found value s/c ID = RBSP-A-RBSPICE
2025-09-16T20:08:46.782684Z ERROR hpde_io     First value = ['Earth.Magnetosphere', 'Earth.Magnetosphere.Main', 'Earth.Magnetosphere.Plasmasphere', 'Earth.Magnetosphere.RadiationBelt', 'Earth.Magnetosphere.RingCurrent', 'Earth.NearSurface.EquatorialRegion']
2025-09-16T20:08:46.782711Z ERROR hpde_io     This value  = ['Earth.Magnetosphere.Main', 'Earth.Magnetosphere.Plasmasphere', 'Earth.Magnetosphere.RadiationBelt', 'Earth.Magnetosphere.RingCurrent']
2025-09-16T20:08:46.782736Z ERROR hpde_io     Combining values.
2025-09-16T20:08:46.782770Z ERROR hpde_io   RBSP-A-RBSPICE_LEV-3_TOFXPHHLEHT: ObservedRegion for this ID differs from first found value s/c ID = RBSP-A-RBSPICE
2025-09-16T20:08:46.782798Z ERROR hpde_io     First value = ['Earth.Magnetosphere', 'Earth.Magnetosphere.Main', 'Earth.Magnetosphere.Plasmasphere', 'Earth.Magnetosphere.RadiationBelt', 'Earth.Magnetosphere.RingCurrent', 'Earth.NearSurface.EquatorialRegion']
2025-09-16T20:08:46.782824Z ERROR hpde_io     This value  = ['Earth.Magnetosphere.Main', 'Earth.Magnetosphere.Plasmasphere', 'Earth.Magnetosphere.RadiationBelt', 'Earth.Magnetosphere.RingCurrent']
2025-09-16T20:08:46.782848Z ERROR hpde_io     Combining values.
2025-09-16T20:08:46.782877Z INFO  hpde_io   RBSP-A_DENSITY_EMFISIS-L4: Found first ObservedRegion for s/c ID = RBSP-A: ['Earth.Magnetosphere', 'Earth.Magnetosphere.Main', 'Earth.Magnetosphere.RadiationBelt', 'Earth.NearSurface.EquatorialRegion']
2025-09-16T20:08:46.782925Z ERROR hpde_io   RBSP-A_MAGNETOMETER_HIRES-GSE_EMFISIS-L3: ObservedRegion for this ID differs from first found value s/c ID = RBSP-A
2025-09-16T20:08:46.782949Z ERROR hpde_io     First value = ['Earth.Magnetosphere', 'Earth.Magnetosphere.Main', 'Earth.Magnetosphere.RadiationBelt', 'Earth.NearSurface.EquatorialRegion']
2025-09-16T20:08:46.782976Z ERROR hpde_io     This value  = ['Earth.Magnetosphere.Main', 'Earth.Magnetosphere.Plasmasphere', 'Earth.Magnetosphere.RadiationBelt', 'Earth.Magnetosphere.RingCurrent']
2025-09-16T20:08:46.783004Z ERROR hpde_io     Combining values.
2025-09-16T20:08:46.783037Z ERROR hpde_io   RBSP-A_MAGNETOMETER_UVW_EMFISIS-L2: ObservedRegion for this ID differs from first found value s/c ID = RBSP-A
2025-09-16T20:08:46.783062Z ERROR hpde_io     First value = ['Earth.Magnetosphere', 'Earth.Magnetosphere.Main', 'Earth.Magnetosphere.Plasmasphere', 'Earth.Magnetosphere.RadiationBelt', 'Earth.Magnetosphere.RingCurrent', 'Earth.NearSurface.EquatorialRegion']
2025-09-16T20:08:46.783089Z ERROR hpde_io     This value  = ['Earth.Magnetosphere.Main', 'Earth.Magnetosphere.Plasmasphere', 'Earth.Magnetosphere.RadiationBelt', 'Earth.Magnetosphere.RingCurrent']
2025-09-16T20:08:46.783115Z ERROR hpde_io     Combining values.
2025-09-16T20:08:46.783148Z ERROR hpde_io   RBSP-A_WFR-SPECTRAL-MATRIX_EMFISIS-L2: ObservedRegion for this ID differs from first found value s/c ID = RBSP-A
2025-09-16T20:08:46.783174Z ERROR hpde_io     First value = ['Earth.Magnetosphere', 'Earth.Magnetosphere.Main', 'Earth.Magnetosphere.Plasmasphere', 'Earth.Magnetosphere.RadiationBelt', 'Earth.Magnetosphere.RingCurrent', 'Earth.NearSurface.EquatorialRegion']
2025-09-16T20:08:46.783198Z ERROR hpde_io     This value  = ['Earth.Magnetosphere', 'Earth.Magnetosphere.Main', 'Earth.Magnetosphere.RadiationBelt', 'Earth.NearSurface.EquatorialRegion']
2025-09-16T20:08:46.783224Z ERROR hpde_io     Combining values.
2025-09-16T20:08:46.783253Z ERROR hpde_io   RBSP-A_WFR-WAVEFORM-CONTINUOUS-BURST_EMFISIS-L2: ObservedRegion for this ID differs from first found value s/c ID = RBSP-A
2025-09-16T20:08:46.783279Z ERROR hpde_io     First value = ['Earth.Magnetosphere', 'Earth.Magnetosphere.Main', 'Earth.Magnetosphere.Plasmasphere', 'Earth.Magnetosphere.RadiationBelt', 'Earth.Magnetosphere.RingCurrent', 'Earth.NearSurface.EquatorialRegion']
2025-09-16T20:08:46.783306Z ERROR hpde_io     This value  = ['Earth.Magnetosphere', 'Earth.Magnetosphere.Main', 'Earth.Magnetosphere.RadiationBelt', 'Earth.NearSurface.EquatorialRegion']
2025-09-16T20:08:46.783329Z ERROR hpde_io     Combining values.
2025-09-16T20:08:46.783361Z ERROR hpde_io   RBSP-A_WNA-SURVEY-SHEATH-CORRECTED-E_EMFISIS-L4: ObservedRegion for this ID differs from first found value s/c ID = RBSP-A
2025-09-16T20:08:46.783388Z ERROR hpde_io     First value = ['Earth.Magnetosphere', 'Earth.Magnetosphere.Main', 'Earth.Magnetosphere.Plasmasphere', 'Earth.Magnetosphere.RadiationBelt', 'Earth.Magnetosphere.RingCurrent', 'Earth.NearSurface.EquatorialRegion']
2025-09-16T20:08:46.783416Z ERROR hpde_io     This value  = ['Earth.Magnetosphere', 'Earth.Magnetosphere.Main', 'Earth.Magnetosphere.Plasmasphere', 'Earth.Magnetosphere.RadiationBelt', 'Earth.Magnetosphere.RingCurrent', 'Earth.NearSurface.MidLatitudeRegion']
2025-09-16T20:08:46.783441Z ERROR hpde_io     Combining values.
2025-09-16T20:08:46.783472Z INFO  hpde_io   RBSP-B-RBSPICE_LEV-2_ESRLEHT: Found first ObservedRegion for s/c ID = RBSP-B-RBSPICE: ['Earth.Magnetosphere.RingCurrent', 'Earth.Magnetosphere.RadiationBelt', 'Earth.Magnetosphere.Plasmasphere', 'Earth.Magnetosphere.Main']
2025-09-16T20:08:46.783506Z ERROR hpde_io   RBSP-B-RBSPICE_LEV-3-PAP_ESRHELT: ObservedRegion for this ID differs from first found value s/c ID = RBSP-B-RBSPICE
2025-09-16T20:08:46.783533Z ERROR hpde_io     First value = ['Earth.Magnetosphere.Main', 'Earth.Magnetosphere.Plasmasphere', 'Earth.Magnetosphere.RadiationBelt', 'Earth.Magnetosphere.RingCurrent']
2025-09-16T20:08:46.783560Z ERROR hpde_io     This value  = ['Earth.Magnetosphere', 'Earth.Magnetosphere.Main', 'Earth.Magnetosphere.RadiationBelt', 'Earth.NearSurface.EquatorialRegion']
2025-09-16T20:08:46.783586Z ERROR hpde_io     Combining values.
2025-09-16T20:08:46.783614Z ERROR hpde_io   RBSP-B-RBSPICE_LEV-3-PAP_ESRLEHT: ObservedRegion for this ID differs from first found value s/c ID = RBSP-B-RBSPICE
2025-09-16T20:08:46.783641Z ERROR hpde_io     First value = ['Earth.Magnetosphere', 'Earth.Magnetosphere.Main', 'Earth.Magnetosphere.Plasmasphere', 'Earth.Magnetosphere.RadiationBelt', 'Earth.Magnetosphere.RingCurrent', 'Earth.NearSurface.EquatorialRegion']
2025-09-16T20:08:46.783674Z ERROR hpde_io     This value  = ['Earth.Magnetosphere', 'Earth.Magnetosphere.Main', 'Earth.Magnetosphere.RadiationBelt', 'Earth.NearSurface.EquatorialRegion']
2025-09-16T20:08:46.783699Z ERROR hpde_io     Combining values.
2025-09-16T20:08:46.783729Z ERROR hpde_io   RBSP-B-RBSPICE_LEV-3-PAP_TOFXEH: ObservedRegion for this ID differs from first found value s/c ID = RBSP-B-RBSPICE
2025-09-16T20:08:46.783757Z ERROR hpde_io     First value = ['Earth.Magnetosphere', 'Earth.Magnetosphere.Main', 'Earth.Magnetosphere.Plasmasphere', 'Earth.Magnetosphere.RadiationBelt', 'Earth.Magnetosphere.RingCurrent', 'Earth.NearSurface.EquatorialRegion']
2025-09-16T20:08:46.783784Z ERROR hpde_io     This value  = ['Earth.Magnetosphere', 'Earth.Magnetosphere.Main', 'Earth.Magnetosphere.RadiationBelt', 'Earth.NearSurface.EquatorialRegion']
2025-09-16T20:08:46.783810Z ERROR hpde_io     Combining values.
2025-09-16T20:08:46.783840Z ERROR hpde_io   RBSP-B-RBSPICE_LEV-3-PAP_TOFXEHE: ObservedRegion for this ID differs from first found value s/c ID = RBSP-B-RBSPICE
2025-09-16T20:08:46.783868Z ERROR hpde_io     First value = ['Earth.Magnetosphere', 'Earth.Magnetosphere.Main', 'Earth.Magnetosphere.Plasmasphere', 'Earth.Magnetosphere.RadiationBelt', 'Earth.Magnetosphere.RingCurrent', 'Earth.NearSurface.EquatorialRegion']
2025-09-16T20:08:46.783894Z ERROR hpde_io     This value  = ['Earth.Magnetosphere', 'Earth.Magnetosphere.Main', 'Earth.Magnetosphere.RadiationBelt', 'Earth.NearSurface.EquatorialRegion']
2025-09-16T20:08:46.783920Z ERROR hpde_io     Combining values.
2025-09-16T20:08:46.783948Z ERROR hpde_io   RBSP-B-RBSPICE_LEV-3-PAP_TOFXEHE-0: ObservedRegion for this ID differs from first found value s/c ID = RBSP-B-RBSPICE
2025-09-16T20:08:46.783975Z ERROR hpde_io     First value = ['Earth.Magnetosphere', 'Earth.Magnetosphere.Main', 'Earth.Magnetosphere.Plasmasphere', 'Earth.Magnetosphere.RadiationBelt', 'Earth.Magnetosphere.RingCurrent', 'Earth.NearSurface.EquatorialRegion']
2025-09-16T20:08:46.784002Z ERROR hpde_io     This value  = ['Earth.Magnetosphere', 'Earth.Magnetosphere.Main', 'Earth.Magnetosphere.RadiationBelt', 'Earth.NearSurface.EquatorialRegion']
2025-09-16T20:08:46.784026Z ERROR hpde_io     Combining values.
2025-09-16T20:08:46.784056Z ERROR hpde_io   RBSP-B-RBSPICE_LEV-3-PAP_TOFXEION: ObservedRegion for this ID differs from first found value s/c ID = RBSP-B-RBSPICE
2025-09-16T20:08:46.784083Z ERROR hpde_io     First value = ['Earth.Magnetosphere', 'Earth.Magnetosphere.Main', 'Earth.Magnetosphere.Plasmasphere', 'Earth.Magnetosphere.RadiationBelt', 'Earth.Magnetosphere.RingCurrent', 'Earth.NearSurface.EquatorialRegion']
2025-09-16T20:08:46.784107Z ERROR hpde_io     This value  = ['Earth.Magnetosphere', 'Earth.Magnetosphere.Main', 'Earth.Magnetosphere.RadiationBelt', 'Earth.NearSurface.EquatorialRegion']
2025-09-16T20:08:46.784133Z ERROR hpde_io     Combining values.
2025-09-16T20:08:46.784162Z ERROR hpde_io   RBSP-B-RBSPICE_LEV-3-PAP_TOFXEO: ObservedRegion for this ID differs from first found value s/c ID = RBSP-B-RBSPICE
2025-09-16T20:08:46.784189Z ERROR hpde_io     First value = ['Earth.Magnetosphere', 'Earth.Magnetosphere.Main', 'Earth.Magnetosphere.Plasmasphere', 'Earth.Magnetosphere.RadiationBelt', 'Earth.Magnetosphere.RingCurrent', 'Earth.NearSurface.EquatorialRegion']
2025-09-16T20:08:46.784216Z ERROR hpde_io     This value  = ['Earth.Magnetosphere', 'Earth.Magnetosphere.Main', 'Earth.Magnetosphere.RadiationBelt', 'Earth.NearSurface.EquatorialRegion']
2025-09-16T20:08:46.784240Z ERROR hpde_io     Combining values.
2025-09-16T20:08:46.784269Z ERROR hpde_io   RBSP-B-RBSPICE_LEV-3-PAP_TOFXEO-0: ObservedRegion for this ID differs from first found value s/c ID = RBSP-B-RBSPICE
2025-09-16T20:08:46.784296Z ERROR hpde_io     First value = ['Earth.Magnetosphere', 'Earth.Magnetosphere.Main', 'Earth.Magnetosphere.Plasmasphere', 'Earth.Magnetosphere.RadiationBelt', 'Earth.Magnetosphere.RingCurrent', 'Earth.NearSurface.EquatorialRegion']
2025-09-16T20:08:46.784324Z ERROR hpde_io     This value  = ['Earth.Magnetosphere', 'Earth.Magnetosphere.Main', 'Earth.Magnetosphere.RadiationBelt', 'Earth.NearSurface.EquatorialRegion']
2025-09-16T20:08:46.784351Z ERROR hpde_io     Combining values.
2025-09-16T20:08:46.784379Z ERROR hpde_io   RBSP-B-RBSPICE_LEV-3-PAP_TOFXPHHHELT: ObservedRegion for this ID differs from first found value s/c ID = RBSP-B-RBSPICE
2025-09-16T20:08:46.784405Z ERROR hpde_io     First value = ['Earth.Magnetosphere', 'Earth.Magnetosphere.Main', 'Earth.Magnetosphere.Plasmasphere', 'Earth.Magnetosphere.RadiationBelt', 'Earth.Magnetosphere.RingCurrent', 'Earth.NearSurface.EquatorialRegion']
2025-09-16T20:08:46.784432Z ERROR hpde_io     This value  = ['Earth.Magnetosphere', 'Earth.Magnetosphere.Main', 'Earth.Magnetosphere.RadiationBelt', 'Earth.NearSurface.EquatorialRegion']
2025-09-16T20:08:46.784458Z ERROR hpde_io     Combining values.
2025-09-16T20:08:46.784488Z ERROR hpde_io   RBSP-B-RBSPICE_LEV-3-PAP_TOFXPHHLEHT: ObservedRegion for this ID differs from first found value s/c ID = RBSP-B-RBSPICE
2025-09-16T20:08:46.784512Z ERROR hpde_io     First value = ['Earth.Magnetosphere', 'Earth.Magnetosphere.Main', 'Earth.Magnetosphere.Plasmasphere', 'Earth.Magnetosphere.RadiationBelt', 'Earth.Magnetosphere.RingCurrent', 'Earth.NearSurface.EquatorialRegion']
2025-09-16T20:08:46.784538Z ERROR hpde_io     This value  = ['Earth.Magnetosphere', 'Earth.Magnetosphere.Main', 'Earth.Magnetosphere.RadiationBelt', 'Earth.NearSurface.EquatorialRegion']
2025-09-16T20:08:46.784564Z ERROR hpde_io     Combining values.
2025-09-16T20:08:46.784591Z ERROR hpde_io   RBSP-B-RBSPICE_LEV-3-PAP_TOFXPHOHELT: ObservedRegion for this ID differs from first found value s/c ID = RBSP-B-RBSPICE
2025-09-16T20:08:46.784618Z ERROR hpde_io     First value = ['Earth.Magnetosphere', 'Earth.Magnetosphere.Main', 'Earth.Magnetosphere.Plasmasphere', 'Earth.Magnetosphere.RadiationBelt', 'Earth.Magnetosphere.RingCurrent', 'Earth.NearSurface.EquatorialRegion']
2025-09-16T20:08:46.784645Z ERROR hpde_io     This value  = ['Earth.Magnetosphere', 'Earth.Magnetosphere.Main', 'Earth.Magnetosphere.RadiationBelt', 'Earth.NearSurface.EquatorialRegion']
2025-09-16T20:08:46.784670Z ERROR hpde_io     Combining values.
2025-09-16T20:08:46.784699Z ERROR hpde_io   RBSP-B-RBSPICE_LEV-3-PAP_TOFXPHOLEHT: ObservedRegion for this ID differs from first found value s/c ID = RBSP-B-RBSPICE
2025-09-16T20:08:46.784725Z ERROR hpde_io     First value = ['Earth.Magnetosphere', 'Earth.Magnetosphere.Main', 'Earth.Magnetosphere.Plasmasphere', 'Earth.Magnetosphere.RadiationBelt', 'Earth.Magnetosphere.RingCurrent', 'Earth.NearSurface.EquatorialRegion']
2025-09-16T20:08:46.784752Z ERROR hpde_io     This value  = ['Earth.Magnetosphere', 'Earth.Magnetosphere.Main', 'Earth.Magnetosphere.RadiationBelt', 'Earth.NearSurface.EquatorialRegion']
2025-09-16T20:08:46.784777Z ERROR hpde_io     Combining values.
2025-09-16T20:08:46.784807Z ERROR hpde_io   RBSP-B-RBSPICE_LEV-3_ESRLEHT: ObservedRegion for this ID differs from first found value s/c ID = RBSP-B-RBSPICE
2025-09-16T20:08:46.784833Z ERROR hpde_io     First value = ['Earth.Magnetosphere', 'Earth.Magnetosphere.Main', 'Earth.Magnetosphere.Plasmasphere', 'Earth.Magnetosphere.RadiationBelt', 'Earth.Magnetosphere.RingCurrent', 'Earth.NearSurface.EquatorialRegion']
2025-09-16T20:08:46.784861Z ERROR hpde_io     This value  = ['Earth.Magnetosphere.Main', 'Earth.Magnetosphere.Plasmasphere', 'Earth.Magnetosphere.RadiationBelt', 'Earth.Magnetosphere.RingCurrent']
2025-09-16T20:08:46.784884Z ERROR hpde_io     Combining values.
2025-09-16T20:08:46.784921Z ERROR hpde_io   RBSP-B-RBSPICE_LEV-3_TOFXPHHHELT: ObservedRegion for this ID differs from first found value s/c ID = RBSP-B-RBSPICE
2025-09-16T20:08:46.784948Z ERROR hpde_io     First value = ['Earth.Magnetosphere', 'Earth.Magnetosphere.Main', 'Earth.Magnetosphere.Plasmasphere', 'Earth.Magnetosphere.RadiationBelt', 'Earth.Magnetosphere.RingCurrent', 'Earth.NearSurface.EquatorialRegion']
2025-09-16T20:08:46.784974Z ERROR hpde_io     This value  = ['Earth.Magnetosphere.Main', 'Earth.Magnetosphere.Plasmasphere', 'Earth.Magnetosphere.RadiationBelt', 'Earth.Magnetosphere.RingCurrent']
2025-09-16T20:08:46.784999Z ERROR hpde_io     Combining values.
2025-09-16T20:08:46.785029Z INFO  hpde_io   RBSP-B_DENSITY_EMFISIS-L4: Found first ObservedRegion for s/c ID = RBSP-B: ['Earth.Magnetosphere', 'Earth.Magnetosphere.Main', 'Earth.Magnetosphere.RadiationBelt', 'Earth.NearSurface.EquatorialRegion']
2025-09-16T20:08:46.785059Z ERROR hpde_io   RBSP-B_MAGNETOMETER_1SEC-GEO_EMFISIS-L3: ObservedRegion for this ID differs from first found value s/c ID = RBSP-B
2025-09-16T20:08:46.785086Z ERROR hpde_io     First value = ['Earth.Magnetosphere', 'Earth.Magnetosphere.Main', 'Earth.Magnetosphere.RadiationBelt', 'Earth.NearSurface.EquatorialRegion']
2025-09-16T20:08:46.785113Z ERROR hpde_io     This value  = ['Earth.Magnetosphere.Main', 'Earth.Magnetosphere.Plasmasphere', 'Earth.Magnetosphere.RadiationBelt', 'Earth.Magnetosphere.RingCurrent']
2025-09-16T20:08:46.785139Z ERROR hpde_io     Combining values.
2025-09-16T20:08:46.785183Z ERROR hpde_io   RBSP-B_MAGNETOMETER_4SEC-GSM_EMFISIS-L3: ObservedRegion for this ID differs from first found value s/c ID = RBSP-B
2025-09-16T20:08:46.785210Z ERROR hpde_io     First value = ['Earth.Magnetosphere', 'Earth.Magnetosphere.Main', 'Earth.Magnetosphere.Plasmasphere', 'Earth.Magnetosphere.RadiationBelt', 'Earth.Magnetosphere.RingCurrent', 'Earth.NearSurface.EquatorialRegion']
2025-09-16T20:08:46.785238Z ERROR hpde_io     This value  = ['Earth.Magnetosphere.Main', 'Earth.Magnetosphere.Plasmasphere', 'Earth.Magnetosphere.RadiationBelt', 'Earth.Magnetosphere.RingCurrent']
2025-09-16T20:08:46.785264Z ERROR hpde_io     Combining values.
2025-09-16T20:08:46.785297Z ERROR hpde_io   RBSP-B_MAGNETOMETER_HIRES-GEO_EMFISIS-L3: ObservedRegion for this ID differs from first found value s/c ID = RBSP-B
2025-09-16T20:08:46.785321Z ERROR hpde_io     First value = ['Earth.Magnetosphere', 'Earth.Magnetosphere.Main', 'Earth.Magnetosphere.Plasmasphere', 'Earth.Magnetosphere.RadiationBelt', 'Earth.Magnetosphere.RingCurrent', 'Earth.NearSurface.EquatorialRegion']
2025-09-16T20:08:46.785347Z ERROR hpde_io     This value  = ['Earth.Magnetosphere.Main', 'Earth.Magnetosphere.Plasmasphere', 'Earth.Magnetosphere.RadiationBelt', 'Earth.Magnetosphere.RingCurrent']
2025-09-16T20:08:46.785372Z ERROR hpde_io     Combining values.
2025-09-16T20:08:46.785417Z ERROR hpde_io   RBSP-B_WNA-SURVEY-SHEATH-CORRECTED-E_EMFISIS-L4: ObservedRegion for this ID differs from first found value s/c ID = RBSP-B
2025-09-16T20:08:46.785441Z ERROR hpde_io     First value = ['Earth.Magnetosphere', 'Earth.Magnetosphere.Main', 'Earth.Magnetosphere.Plasmasphere', 'Earth.Magnetosphere.RadiationBelt', 'Earth.Magnetosphere.RingCurrent', 'Earth.NearSurface.EquatorialRegion']
2025-09-16T20:08:46.785467Z ERROR hpde_io     This value  = ['Earth.Magnetosphere', 'Earth.Magnetosphere.Main', 'Earth.Magnetosphere.Plasmasphere', 'Earth.Magnetosphere.RadiationBelt', 'Earth.Magnetosphere.RingCurrent', 'Earth.NearSurface.MidLatitudeRegion']
2025-09-16T20:08:46.785492Z ERROR hpde_io     Combining values.
2025-09-16T20:08:46.785535Z INFO  hpde_io   RBSPA_EFW-L3: Found first ObservedRegion for s/c ID = RBSPA: ['Earth.Magnetosphere.RingCurrent', 'Earth.Magnetosphere.RadiationBelt', 'Earth.Magnetosphere.Plasmasphere', 'Earth.Magnetosphere.Main']
2025-09-16T20:08:46.785557Z ERROR hpde_io   RBSPA_L2-1MIN_PSBR-RPS: ObservedRegion for this ID differs from first found value s/c ID = RBSPA
2025-09-16T20:08:46.785585Z ERROR hpde_io     First value = ['Earth.Magnetosphere.Main', 'Earth.Magnetosphere.Plasmasphere', 'Earth.Magnetosphere.RadiationBelt', 'Earth.Magnetosphere.RingCurrent']
2025-09-16T20:08:46.785611Z ERROR hpde_io     This value  = ['Earth.Magnetosphere', 'Earth.Magnetosphere.Main', 'Earth.Magnetosphere.RadiationBelt', 'Earth.NearSurface.EquatorialRegion']
2025-09-16T20:08:46.785636Z ERROR hpde_io     Combining values.
2025-09-16T20:08:46.785666Z ERROR hpde_io   RBSPA_L2_PSBR-RPS: ObservedRegion for this ID differs from first found value s/c ID = RBSPA
2025-09-16T20:08:46.785695Z ERROR hpde_io     First value = ['Earth.Magnetosphere', 'Earth.Magnetosphere.Main', 'Earth.Magnetosphere.Plasmasphere', 'Earth.Magnetosphere.RadiationBelt', 'Earth.Magnetosphere.RingCurrent', 'Earth.NearSurface.EquatorialRegion']
2025-09-16T20:08:46.785720Z ERROR hpde_io     This value  = ['Earth.Magnetosphere', 'Earth.Magnetosphere.Main', 'Earth.Magnetosphere.RadiationBelt', 'Earth.NearSurface.EquatorialRegion']
2025-09-16T20:08:46.785745Z ERROR hpde_io     Combining values.
2025-09-16T20:08:46.785774Z ERROR hpde_io   RBSPA_REL03_ECT-MAGEIS-L2: ObservedRegion for this ID differs from first found value s/c ID = RBSPA
2025-09-16T20:08:46.785799Z ERROR hpde_io     First value = ['Earth.Magnetosphere', 'Earth.Magnetosphere.Main', 'Earth.Magnetosphere.Plasmasphere', 'Earth.Magnetosphere.RadiationBelt', 'Earth.Magnetosphere.RingCurrent', 'Earth.NearSurface.EquatorialRegion']
2025-09-16T20:08:46.785826Z ERROR hpde_io     This value  = ['Earth.Magnetosphere', 'Earth.Magnetosphere.Main', 'Earth.Magnetosphere.RadiationBelt', 'Earth.NearSurface.EquatorialRegion']
2025-09-16T20:08:46.785852Z ERROR hpde_io     Combining values.
2025-09-16T20:08:46.785883Z ERROR hpde_io   RBSPA_REL03_ECT-REPT-SCI-L2: ObservedRegion for this ID differs from first found value s/c ID = RBSPA
2025-09-16T20:08:46.785908Z ERROR hpde_io     First value = ['Earth.Magnetosphere', 'Earth.Magnetosphere.Main', 'Earth.Magnetosphere.Plasmasphere', 'Earth.Magnetosphere.RadiationBelt', 'Earth.Magnetosphere.RingCurrent', 'Earth.NearSurface.EquatorialRegion']
2025-09-16T20:08:46.785934Z ERROR hpde_io     This value  = ['Earth.Magnetosphere', 'Earth.Magnetosphere.Main', 'Earth.Magnetosphere.RadiationBelt', 'Earth.NearSurface.EquatorialRegion']
2025-09-16T20:08:46.785961Z ERROR hpde_io     Combining values.
2025-09-16T20:08:46.785991Z ERROR hpde_io   RBSPA_REL03_ECT-REPT-SCI-L3: ObservedRegion for this ID differs from first found value s/c ID = RBSPA
2025-09-16T20:08:46.786018Z ERROR hpde_io     First value = ['Earth.Magnetosphere', 'Earth.Magnetosphere.Main', 'Earth.Magnetosphere.Plasmasphere', 'Earth.Magnetosphere.RadiationBelt', 'Earth.Magnetosphere.RingCurrent', 'Earth.NearSurface.EquatorialRegion']
2025-09-16T20:08:46.786043Z ERROR hpde_io     This value  = ['Earth.Magnetosphere', 'Earth.Magnetosphere.Main', 'Earth.Magnetosphere.RadiationBelt', 'Earth.NearSurface.EquatorialRegion']
2025-09-16T20:08:46.786069Z ERROR hpde_io     Combining values.
2025-09-16T20:08:46.786099Z ERROR hpde_io   RBSPA_REL04_ECT-HOPE-MOM-L3: ObservedRegion for this ID differs from first found value s/c ID = RBSPA
2025-09-16T20:08:46.786126Z ERROR hpde_io     First value = ['Earth.Magnetosphere', 'Earth.Magnetosphere.Main', 'Earth.Magnetosphere.Plasmasphere', 'Earth.Magnetosphere.RadiationBelt', 'Earth.Magnetosphere.RingCurrent', 'Earth.NearSurface.EquatorialRegion']
2025-09-16T20:08:46.786153Z ERROR hpde_io     This value  = ['Earth.Magnetosphere', 'Earth.Magnetosphere.Main', 'Earth.Magnetosphere.RadiationBelt', 'Earth.NearSurface.EquatorialRegion']
2025-09-16T20:08:46.786177Z ERROR hpde_io     Combining values.
2025-09-16T20:08:46.786207Z ERROR hpde_io   RBSPA_REL04_ECT-HOPE-PA-L3: ObservedRegion for this ID differs from first found value s/c ID = RBSPA
2025-09-16T20:08:46.786234Z ERROR hpde_io     First value = ['Earth.Magnetosphere', 'Earth.Magnetosphere.Main', 'Earth.Magnetosphere.Plasmasphere', 'Earth.Magnetosphere.RadiationBelt', 'Earth.Magnetosphere.RingCurrent', 'Earth.NearSurface.EquatorialRegion']
2025-09-16T20:08:46.786261Z ERROR hpde_io     This value  = ['Earth.Magnetosphere', 'Earth.Magnetosphere.Main', 'Earth.Magnetosphere.RadiationBelt', 'Earth.NearSurface.EquatorialRegion']
2025-09-16T20:08:46.786287Z ERROR hpde_io     Combining values.
2025-09-16T20:08:46.786315Z ERROR hpde_io   RBSPA_REL04_ECT-HOPE-SCI-L2: ObservedRegion for this ID differs from first found value s/c ID = RBSPA
2025-09-16T20:08:46.786342Z ERROR hpde_io     First value = ['Earth.Magnetosphere', 'Earth.Magnetosphere.Main', 'Earth.Magnetosphere.Plasmasphere', 'Earth.Magnetosphere.RadiationBelt', 'Earth.Magnetosphere.RingCurrent', 'Earth.NearSurface.EquatorialRegion']
2025-09-16T20:08:46.786369Z ERROR hpde_io     This value  = ['Earth.Magnetosphere.Main', 'Earth.Magnetosphere.Plasmasphere', 'Earth.Magnetosphere.RadiationBelt', 'Earth.Magnetosphere.RingCurrent']
2025-09-16T20:08:46.786395Z ERROR hpde_io     Combining values.
2025-09-16T20:08:46.786425Z ERROR hpde_io   RBSPA_REL04_ECT-HOPE-SCI-L2SA: ObservedRegion for this ID differs from first found value s/c ID = RBSPA
2025-09-16T20:08:46.786450Z ERROR hpde_io     First value = ['Earth.Magnetosphere', 'Earth.Magnetosphere.Main', 'Earth.Magnetosphere.Plasmasphere', 'Earth.Magnetosphere.RadiationBelt', 'Earth.Magnetosphere.RingCurrent', 'Earth.NearSurface.EquatorialRegion']
2025-09-16T20:08:46.786476Z ERROR hpde_io     This value  = ['Earth.Magnetosphere', 'Earth.Magnetosphere.Main', 'Earth.Magnetosphere.RadiationBelt', 'Earth.NearSurface.EquatorialRegion']
2025-09-16T20:08:46.786502Z ERROR hpde_io     Combining values.
2025-09-16T20:08:46.786530Z ERROR hpde_io   RBSPA_REL04_ECT-MAGEIS-L3: ObservedRegion for this ID differs from first found value s/c ID = RBSPA
2025-09-16T20:08:46.786557Z ERROR hpde_io     First value = ['Earth.Magnetosphere', 'Earth.Magnetosphere.Main', 'Earth.Magnetosphere.Plasmasphere', 'Earth.Magnetosphere.RadiationBelt', 'Earth.Magnetosphere.RingCurrent', 'Earth.NearSurface.EquatorialRegion']
2025-09-16T20:08:46.786584Z ERROR hpde_io     This value  = ['Earth.Magnetosphere', 'Earth.Magnetosphere.Main', 'Earth.Magnetosphere.RadiationBelt', 'Earth.NearSurface.EquatorialRegion']
2025-09-16T20:08:46.786610Z ERROR hpde_io     Combining values.
2025-09-16T20:08:46.786637Z INFO  hpde_io   RBSPB_EFW-L2_E-HIRES-UVW: Found first ObservedRegion for s/c ID = RBSPB: ['Earth.Magnetosphere.RingCurrent', 'Earth.Magnetosphere.RadiationBelt', 'Earth.Magnetosphere.Plasmasphere', 'Earth.Magnetosphere.Main']
2025-09-16T20:08:46.786667Z ERROR hpde_io   RBSPB_L2-1MIN_PSBR-RPS: ObservedRegion for this ID differs from first found value s/c ID = RBSPB
2025-09-16T20:08:46.786694Z ERROR hpde_io     First value = ['Earth.Magnetosphere.Main', 'Earth.Magnetosphere.Plasmasphere', 'Earth.Magnetosphere.RadiationBelt', 'Earth.Magnetosphere.RingCurrent']
2025-09-16T20:08:46.786720Z ERROR hpde_io     This value  = ['Earth.Magnetosphere', 'Earth.Magnetosphere.Main', 'Earth.Magnetosphere.RadiationBelt', 'Earth.NearSurface.EquatorialRegion']
2025-09-16T20:08:46.786744Z ERROR hpde_io     Combining values.
2025-09-16T20:08:46.786773Z ERROR hpde_io   RBSPB_L2_PSBR-RPS: ObservedRegion for this ID differs from first found value s/c ID = RBSPB
2025-09-16T20:08:46.786800Z ERROR hpde_io     First value = ['Earth.Magnetosphere', 'Earth.Magnetosphere.Main', 'Earth.Magnetosphere.Plasmasphere', 'Earth.Magnetosphere.RadiationBelt', 'Earth.Magnetosphere.RingCurrent', 'Earth.NearSurface.EquatorialRegion']
2025-09-16T20:08:46.786828Z ERROR hpde_io     This value  = ['Earth.Magnetosphere', 'Earth.Magnetosphere.Main', 'Earth.Magnetosphere.RadiationBelt', 'Earth.NearSurface.EquatorialRegion']
2025-09-16T20:08:46.786853Z ERROR hpde_io     Combining values.
2025-09-16T20:08:46.786880Z ERROR hpde_io   RBSPB_REL03_ECT-MAGEIS-L2: ObservedRegion for this ID differs from first found value s/c ID = RBSPB
2025-09-16T20:08:46.786907Z ERROR hpde_io     First value = ['Earth.Magnetosphere', 'Earth.Magnetosphere.Main', 'Earth.Magnetosphere.Plasmasphere', 'Earth.Magnetosphere.RadiationBelt', 'Earth.Magnetosphere.RingCurrent', 'Earth.NearSurface.EquatorialRegion']
2025-09-16T20:08:46.786934Z ERROR hpde_io     This value  = ['Earth.Magnetosphere', 'Earth.Magnetosphere.Main', 'Earth.Magnetosphere.RadiationBelt', 'Earth.NearSurface.EquatorialRegion']
2025-09-16T20:08:46.786960Z ERROR hpde_io     Combining values.
2025-09-16T20:08:46.786990Z ERROR hpde_io   RBSPB_REL03_ECT-REPT-SCI-L2: ObservedRegion for this ID differs from first found value s/c ID = RBSPB
2025-09-16T20:08:46.787015Z ERROR hpde_io     First value = ['Earth.Magnetosphere', 'Earth.Magnetosphere.Main', 'Earth.Magnetosphere.Plasmasphere', 'Earth.Magnetosphere.RadiationBelt', 'Earth.Magnetosphere.RingCurrent', 'Earth.NearSurface.EquatorialRegion']
2025-09-16T20:08:46.787041Z ERROR hpde_io     This value  = ['Earth.Magnetosphere', 'Earth.Magnetosphere.Main', 'Earth.Magnetosphere.RadiationBelt', 'Earth.NearSurface.EquatorialRegion']
2025-09-16T20:08:46.787067Z ERROR hpde_io     Combining values.
2025-09-16T20:08:46.787097Z ERROR hpde_io   RBSPB_REL03_ECT-REPT-SCI-L3: ObservedRegion for this ID differs from first found value s/c ID = RBSPB
2025-09-16T20:08:46.787124Z ERROR hpde_io     First value = ['Earth.Magnetosphere', 'Earth.Magnetosphere.Main', 'Earth.Magnetosphere.Plasmasphere', 'Earth.Magnetosphere.RadiationBelt', 'Earth.Magnetosphere.RingCurrent', 'Earth.NearSurface.EquatorialRegion']
2025-09-16T20:08:46.787149Z ERROR hpde_io     This value  = ['Earth.Magnetosphere', 'Earth.Magnetosphere.Main', 'Earth.Magnetosphere.RadiationBelt', 'Earth.NearSurface.EquatorialRegion']
2025-09-16T20:08:46.787176Z ERROR hpde_io     Combining values.
2025-09-16T20:08:46.787206Z ERROR hpde_io   RBSPB_REL04_ECT-HOPE-MOM-L3: ObservedRegion for this ID differs from first found value s/c ID = RBSPB
2025-09-16T20:08:46.787234Z ERROR hpde_io     First value = ['Earth.Magnetosphere', 'Earth.Magnetosphere.Main', 'Earth.Magnetosphere.Plasmasphere', 'Earth.Magnetosphere.RadiationBelt', 'Earth.Magnetosphere.RingCurrent', 'Earth.NearSurface.EquatorialRegion']
2025-09-16T20:08:46.787261Z ERROR hpde_io     This value  = ['Earth.Magnetosphere', 'Earth.Magnetosphere.Main', 'Earth.Magnetosphere.RadiationBelt', 'Earth.NearSurface.EquatorialRegion']
2025-09-16T20:08:46.787284Z ERROR hpde_io     Combining values.
2025-09-16T20:08:46.787314Z ERROR hpde_io   RBSPB_REL04_ECT-HOPE-PA-L3: ObservedRegion for this ID differs from first found value s/c ID = RBSPB
2025-09-16T20:08:46.787341Z ERROR hpde_io     First value = ['Earth.Magnetosphere', 'Earth.Magnetosphere.Main', 'Earth.Magnetosphere.Plasmasphere', 'Earth.Magnetosphere.RadiationBelt', 'Earth.Magnetosphere.RingCurrent', 'Earth.NearSurface.EquatorialRegion']
2025-09-16T20:08:46.787368Z ERROR hpde_io     This value  = ['Earth.Magnetosphere', 'Earth.Magnetosphere.Main', 'Earth.Magnetosphere.RadiationBelt', 'Earth.NearSurface.EquatorialRegion']
2025-09-16T20:08:46.787394Z ERROR hpde_io     Combining values.
2025-09-16T20:08:46.787424Z ERROR hpde_io   RBSPB_REL04_ECT-HOPE-SCI-L2SA: ObservedRegion for this ID differs from first found value s/c ID = RBSPB
2025-09-16T20:08:46.787450Z ERROR hpde_io     First value = ['Earth.Magnetosphere', 'Earth.Magnetosphere.Main', 'Earth.Magnetosphere.Plasmasphere', 'Earth.Magnetosphere.RadiationBelt', 'Earth.Magnetosphere.RingCurrent', 'Earth.NearSurface.EquatorialRegion']
2025-09-16T20:08:46.787477Z ERROR hpde_io     This value  = ['Earth.Magnetosphere', 'Earth.Magnetosphere.Main', 'Earth.Magnetosphere.RadiationBelt', 'Earth.NearSurface.EquatorialRegion']
2025-09-16T20:08:46.787503Z ERROR hpde_io     Combining values.
2025-09-16T20:08:46.787533Z ERROR hpde_io   RBSPB_REL04_ECT-MAGEIS-L3: ObservedRegion for this ID differs from first found value s/c ID = RBSPB
2025-09-16T20:08:46.787558Z ERROR hpde_io     First value = ['Earth.Magnetosphere', 'Earth.Magnetosphere.Main', 'Earth.Magnetosphere.Plasmasphere', 'Earth.Magnetosphere.RadiationBelt', 'Earth.Magnetosphere.RingCurrent', 'Earth.NearSurface.EquatorialRegion']
2025-09-16T20:08:46.787584Z ERROR hpde_io     This value  = ['Earth.Magnetosphere', 'Earth.Magnetosphere.Main', 'Earth.Magnetosphere.RadiationBelt', 'Earth.NearSurface.EquatorialRegion']
2025-09-16T20:08:46.787610Z ERROR hpde_io     Combining values.
2025-09-16T20:08:46.787640Z INFO  hpde_io   RBSP_ECT-REPT-SCI-L3-SELESNICK-MODEL: Found first ObservedRegion for s/c ID = RBSP: ['Earth.Magnetosphere', 'Earth.Magnetosphere.Main', 'Earth.Magnetosphere.RadiationBelt', 'Earth.NearSurface.EquatorialRegion']
2025-09-16T20:08:46.787686Z INFO  hpde_io   RENU2_H0_EFIELD: Found first ObservedRegion for s/c ID = RENU2: ['Earth.NearSurface.AuroralRegion', 'Earth.NearSurface.Ionosphere', 'Earth.NearSurface.Ionosphere.DRegion', 'Earth.NearSurface.Ionosphere.ERegion', 'Earth.NearSurface.Ionosphere.FRegion', 'Earth.NearSurface.Ionosphere.Topside', 'Earth.NearSurface.PolarCap', 'Earth.NearSurface.Thermosphere']
2025-09-16T20:08:46.787723Z ERROR hpde_io   RENU2_H0_UVPMT: ObservedRegion for this ID differs from first found value s/c ID = RENU2
2025-09-16T20:08:46.787751Z ERROR hpde_io     First value = ['Earth.NearSurface.AuroralRegion', 'Earth.NearSurface.Ionosphere', 'Earth.NearSurface.Ionosphere.DRegion', 'Earth.NearSurface.Ionosphere.ERegion', 'Earth.NearSurface.Ionosphere.FRegion', 'Earth.NearSurface.Ionosphere.Topside', 'Earth.NearSurface.PolarCap', 'Earth.NearSurface.Thermosphere']
2025-09-16T20:08:46.787777Z ERROR hpde_io     This value  = ['Earth.NearSurface.AuroralRegion', 'Earth.NearSurface.Ionosphere']
2025-09-16T20:08:46.787802Z ERROR hpde_io     Combining values.
2025-09-16T20:08:46.787835Z INFO  hpde_io   ROSETTA_HELIO1DAY_POSITION: Found first ObservedRegion for s/c ID = ROSETTA: ['Comet.67PChuryumovGerasimenko']
2025-09-16T20:08:46.787855Z INFO  hpde_io   RS_K0_IPEI: Found first ObservedRegion for s/c ID = RS: ['Earth.NearSurface.Ionosphere']
2025-09-16T20:08:46.787876Z INFO  hpde_io   SAKIGAKE_HELIO1DAY_POSITION: Found first ObservedRegion for s/c ID = SAKIGAKE: ['Comet']
2025-09-16T20:08:46.787897Z INFO  hpde_io   SATURN_HELIO1DAY_POSITION: Found first ObservedRegion for s/c ID = SATURN: ['Saturn']
2025-09-16T20:08:46.787919Z INFO  hpde_io   SE_K0_AIS: Found first ObservedRegion for s/c ID = SE: ['Earth.NearSurface.Ionosphere']
2025-09-16T20:08:46.787942Z ERROR hpde_io   SE_K0_MAG: ObservedRegion for this ID differs from first found value s/c ID = SE
2025-09-16T20:08:46.787967Z ERROR hpde_io     First value = ['Earth.NearSurface.Ionosphere']
2025-09-16T20:08:46.787994Z ERROR hpde_io     This value  = ['Earth.Magnetosphere']
2025-09-16T20:08:46.788019Z ERROR hpde_io     Combining values.
2025-09-16T20:08:46.788046Z ERROR hpde_io   SE_K0_RIO: ObservedRegion for this ID differs from first found value s/c ID = SE
2025-09-16T20:08:46.788072Z ERROR hpde_io     First value = ['Earth.Magnetosphere', 'Earth.NearSurface.Ionosphere']
2025-09-16T20:08:46.788098Z ERROR hpde_io     This value  = ['Earth.NearSurface.Ionosphere']
2025-09-16T20:08:46.788125Z ERROR hpde_io     Combining values.
2025-09-16T20:08:46.788152Z ERROR hpde_io   SE_K0_VLF: ObservedRegion for this ID differs from first found value s/c ID = SE
2025-09-16T20:08:46.788179Z ERROR hpde_io     First value = ['Earth.Magnetosphere', 'Earth.NearSurface.Ionosphere']
2025-09-16T20:08:46.788205Z ERROR hpde_io     This value  = ['Earth.NearSurface.Ionosphere']
2025-09-16T20:08:46.788230Z ERROR hpde_io     Combining values.
2025-09-16T20:08:46.788259Z INFO  hpde_io   SNOE_L3_GEO: Found first ObservedRegion for s/c ID = SNOE: ['Earth.NearSurface.Thermosphere']
2025-09-16T20:08:46.788280Z INFO  hpde_io   SOHO_CELIAS-PM_30S: Found first ObservedRegion for s/c ID = SOHO: ['Heliosphere.NearEarth']
2025-09-16T20:08:46.788338Z INFO  hpde_io   SOLO_HELIO1DAY_POSITION: Found first ObservedRegion for s/c ID = SOLO: ['Heliosphere.Remote1AU', 'Heliosphere.Inner']
2025-09-16T20:08:46.788443Z INFO  hpde_io   SO_AT_DEF: Found first ObservedRegion for s/c ID = SO: ['Heliosphere', 'Heliosphere.NearEarth', 'Heliosphere.Inner']
2025-09-16T20:08:46.788462Z ERROR hpde_io   SO_K0_CEL: ObservedRegion for this ID differs from first found value s/c ID = SO
2025-09-16T20:08:46.788488Z ERROR hpde_io     First value = ['Heliosphere', 'Heliosphere.Inner', 'Heliosphere.NearEarth']
2025-09-16T20:08:46.788512Z ERROR hpde_io     This value  = ['Heliosphere.NearEarth']
2025-09-16T20:08:46.788537Z ERROR hpde_io     Combining values.
2025-09-16T20:08:46.788566Z ERROR hpde_io   SO_K0_CST: ObservedRegion for this ID differs from first found value s/c ID = SO
2025-09-16T20:08:46.788590Z ERROR hpde_io     First value = ['Heliosphere', 'Heliosphere.Inner', 'Heliosphere.NearEarth']
2025-09-16T20:08:46.788616Z ERROR hpde_io     This value  = ['Heliosphere.NearEarth']
2025-09-16T20:08:46.788644Z ERROR hpde_io     Combining values.
2025-09-16T20:08:46.788673Z ERROR hpde_io   SO_K0_ERN: ObservedRegion for this ID differs from first found value s/c ID = SO
2025-09-16T20:08:46.788699Z ERROR hpde_io     First value = ['Heliosphere', 'Heliosphere.Inner', 'Heliosphere.NearEarth']
2025-09-16T20:08:46.788723Z ERROR hpde_io     This value  = ['Heliosphere.NearEarth']
2025-09-16T20:08:46.788749Z ERROR hpde_io     Combining values.
2025-09-16T20:08:46.788783Z INFO  hpde_io   ST5-094_1SEC_MAG: Found first ObservedRegion for s/c ID = ST5-094: ['Earth.NearSurface.AuroralRegion', 'Earth.Magnetosphere.Polar', 'Earth.Magnetosphere']
2025-09-16T20:08:46.788806Z INFO  hpde_io   ST5-224_1SEC_MAG: Found first ObservedRegion for s/c ID = ST5-224: ['Earth.NearSurface.AuroralRegion', 'Earth.Magnetosphere.Polar', 'Earth.Magnetosphere']
2025-09-16T20:08:46.788827Z INFO  hpde_io   STA_COHO1HR_MERGED_MAG_PLASMA: Found first ObservedRegion for s/c ID = STA: ['Heliosphere.Remote1AU']
2025-09-16T20:08:46.788922Z INFO  hpde_io   STB_COHO1HR_MERGED_MAG_PLASMA: Found first ObservedRegion for s/c ID = STB: ['Heliosphere.Remote1AU']
2025-09-16T20:08:46.789003Z INFO  hpde_io   STEREO_LEVEL2_SWAVES: Found first ObservedRegion for s/c ID = STEREO: ['Heliosphere.Remote1AU', 'Heliosphere.Inner', 'Jupiter']
2025-09-16T20:08:46.789024Z INFO  hpde_io   SUISEI_HELIO1DAY_POSITION: Found first ObservedRegion for s/c ID = SUISEI: ['Comet']
2025-09-16T20:08:46.789046Z INFO  hpde_io   SX_K0_30F: Found first ObservedRegion for s/c ID = SX: ['Earth.Magnetosphere']
2025-09-16T20:08:46.789069Z INFO  hpde_io   THA_L1_STATE: Found first ObservedRegion for s/c ID = THA: ['Heliosphere.NearEarth', 'Earth.Magnetosphere.Magnetotail', 'Earth.Magnetosphere.Main', 'Earth.Magnetosheath']
2025-09-16T20:08:46.789089Z ERROR hpde_io   THA_L2_EFI: ObservedRegion for this ID differs from first found value s/c ID = THA
2025-09-16T20:08:46.789116Z ERROR hpde_io     First value = ['Earth.Magnetosheath', 'Earth.Magnetosphere.Magnetotail', 'Earth.Magnetosphere.Main', 'Heliosphere.NearEarth']
2025-09-16T20:08:46.789142Z ERROR hpde_io     This value  = ['Earth.Magnetosheath', 'Earth.Magnetosphere', 'Earth.Magnetosphere.Magnetotail', 'Earth.Magnetosphere.Main', 'Earth.Magnetosphere.RadiationBelt', 'Heliosphere.NearEarth']
2025-09-16T20:08:46.789168Z ERROR hpde_io     Combining values.
2025-09-16T20:08:46.789198Z ERROR hpde_io   THA_L2_ESA: ObservedRegion for this ID differs from first found value s/c ID = THA
2025-09-16T20:08:46.789225Z ERROR hpde_io     First value = ['Earth.Magnetosheath', 'Earth.Magnetosphere', 'Earth.Magnetosphere.Magnetotail', 'Earth.Magnetosphere.Main', 'Earth.Magnetosphere.RadiationBelt', 'Heliosphere.NearEarth']
2025-09-16T20:08:46.789252Z ERROR hpde_io     This value  = ['Earth.Magnetosheath', 'Earth.Magnetosphere.Magnetotail', 'Earth.Magnetosphere.Main', 'Heliosphere.NearEarth']
2025-09-16T20:08:46.789276Z ERROR hpde_io     Combining values.
2025-09-16T20:08:46.789307Z ERROR hpde_io   THA_L2_FBK: ObservedRegion for this ID differs from first found value s/c ID = THA
2025-09-16T20:08:46.789334Z ERROR hpde_io     First value = ['Earth.Magnetosheath', 'Earth.Magnetosphere', 'Earth.Magnetosphere.Magnetotail', 'Earth.Magnetosphere.Main', 'Earth.Magnetosphere.RadiationBelt', 'Heliosphere.NearEarth']
2025-09-16T20:08:46.789363Z ERROR hpde_io     This value  = ['Earth.Magnetosheath', 'Earth.Magnetosphere.Magnetotail', 'Earth.Magnetosphere.Main', 'Earth.Magnetosphere.Plasmasphere', 'Earth.Magnetosphere.RadiationBelt', 'Heliosphere.NearEarth', 'Heliosphere.NearEarth']
2025-09-16T20:08:46.789390Z ERROR hpde_io     Combining values.
2025-09-16T20:08:46.789422Z ERROR hpde_io   THA_L2_FGM: ObservedRegion for this ID differs from first found value s/c ID = THA
2025-09-16T20:08:46.789449Z ERROR hpde_io     First value = ['Earth.Magnetosheath', 'Earth.Magnetosphere', 'Earth.Magnetosphere.Magnetotail', 'Earth.Magnetosphere.Main', 'Earth.Magnetosphere.Plasmasphere', 'Earth.Magnetosphere.RadiationBelt', 'Heliosphere.NearEarth']
2025-09-16T20:08:46.789478Z ERROR hpde_io     This value  = ['Earth.Magnetosheath', 'Earth.Magnetosphere.Magnetotail', 'Earth.Magnetosphere.Main', 'Heliosphere.NearEarth']
2025-09-16T20:08:46.789504Z ERROR hpde_io     Combining values.
2025-09-16T20:08:46.789534Z ERROR hpde_io   THA_L2_FIT: ObservedRegion for this ID differs from first found value s/c ID = THA
2025-09-16T20:08:46.789560Z ERROR hpde_io     First value = ['Earth.Magnetosheath', 'Earth.Magnetosphere', 'Earth.Magnetosphere.Magnetotail', 'Earth.Magnetosphere.Main', 'Earth.Magnetosphere.Plasmasphere', 'Earth.Magnetosphere.RadiationBelt', 'Heliosphere.NearEarth']
2025-09-16T20:08:46.789586Z ERROR hpde_io     This value  = ['Earth.Magnetosheath', 'Earth.Magnetosphere.Magnetotail', 'Earth.Magnetosphere.Main', 'Heliosphere.NearEarth']
2025-09-16T20:08:46.789612Z ERROR hpde_io     Combining values.
2025-09-16T20:08:46.789643Z ERROR hpde_io   THA_L2_MOM: ObservedRegion for this ID differs from first found value s/c ID = THA
2025-09-16T20:08:46.789670Z ERROR hpde_io     First value = ['Earth.Magnetosheath', 'Earth.Magnetosphere', 'Earth.Magnetosphere.Magnetotail', 'Earth.Magnetosphere.Main', 'Earth.Magnetosphere.Plasmasphere', 'Earth.Magnetosphere.RadiationBelt', 'Heliosphere.NearEarth']
2025-09-16T20:08:46.789697Z ERROR hpde_io     This value  = ['Earth.Magnetosheath', 'Earth.Magnetosphere.Magnetotail', 'Earth.Magnetosphere.Main', 'Heliosphere.NearEarth']
2025-09-16T20:08:46.789724Z ERROR hpde_io     Combining values.
2025-09-16T20:08:46.789754Z ERROR hpde_io   THA_L2_SCM: ObservedRegion for this ID differs from first found value s/c ID = THA
2025-09-16T20:08:46.789781Z ERROR hpde_io     First value = ['Earth.Magnetosheath', 'Earth.Magnetosphere', 'Earth.Magnetosphere.Magnetotail', 'Earth.Magnetosphere.Main', 'Earth.Magnetosphere.Plasmasphere', 'Earth.Magnetosphere.RadiationBelt', 'Heliosphere.NearEarth']
2025-09-16T20:08:46.789808Z ERROR hpde_io     This value  = ['Earth.Magnetosheath', 'Earth.Magnetosphere.Magnetotail', 'Earth.Magnetosphere.Main', 'Heliosphere.NearEarth']
2025-09-16T20:08:46.789831Z ERROR hpde_io     Combining values.
2025-09-16T20:08:46.789869Z INFO  hpde_io   THB_L1_STATE: Found first ObservedRegion for s/c ID = THB: ['Heliosphere.NearEarth', 'Earth.Magnetosphere.Magnetotail', 'Earth.Magnetosphere.Main', 'Earth.Magnetosheath']
2025-09-16T20:08:46.789892Z ERROR hpde_io   THB_L2_EFI: ObservedRegion for this ID differs from first found value s/c ID = THB
2025-09-16T20:08:46.789919Z ERROR hpde_io     First value = ['Earth.Magnetosheath', 'Earth.Magnetosphere.Magnetotail', 'Earth.Magnetosphere.Main', 'Heliosphere.NearEarth']
2025-09-16T20:08:46.789945Z ERROR hpde_io     This value  = ['Earth.Magnetosheath', 'Earth.Magnetosphere', 'Earth.Magnetosphere.Magnetotail', 'Earth.Magnetosphere.Main', 'Earth.Magnetosphere.RadiationBelt', 'Heliosphere.NearEarth']
2025-09-16T20:08:46.789971Z ERROR hpde_io     Combining values.
2025-09-16T20:08:46.789999Z ERROR hpde_io   THB_L2_ESA: ObservedRegion for this ID differs from first found value s/c ID = THB
2025-09-16T20:08:46.790026Z ERROR hpde_io     First value = ['Earth.Magnetosheath', 'Earth.Magnetosphere', 'Earth.Magnetosphere.Magnetotail', 'Earth.Magnetosphere.Main', 'Earth.Magnetosphere.RadiationBelt', 'Heliosphere.NearEarth']
2025-09-16T20:08:46.790053Z ERROR hpde_io     This value  = ['Earth.Magnetosheath', 'Earth.Magnetosphere.Magnetotail', 'Earth.Magnetosphere.Main', 'Heliosphere.NearEarth']
2025-09-16T20:08:46.790078Z ERROR hpde_io     Combining values.
2025-09-16T20:08:46.790111Z ERROR hpde_io   THB_L2_FGM: ObservedRegion for this ID differs from first found value s/c ID = THB
2025-09-16T20:08:46.790137Z ERROR hpde_io     First value = ['Earth.Magnetosheath', 'Earth.Magnetosphere', 'Earth.Magnetosphere.Magnetotail', 'Earth.Magnetosphere.Main', 'Earth.Magnetosphere.RadiationBelt', 'Heliosphere.NearEarth']
2025-09-16T20:08:46.790165Z ERROR hpde_io     This value  = ['Earth.Magnetosheath', 'Earth.Magnetosphere.Magnetotail', 'Earth.Magnetosphere.Main', 'Heliosphere.NearEarth']
2025-09-16T20:08:46.790191Z ERROR hpde_io     Combining values.
2025-09-16T20:08:46.790220Z ERROR hpde_io   THB_L2_FIT: ObservedRegion for this ID differs from first found value s/c ID = THB
2025-09-16T20:08:46.790244Z ERROR hpde_io     First value = ['Earth.Magnetosheath', 'Earth.Magnetosphere', 'Earth.Magnetosphere.Magnetotail', 'Earth.Magnetosphere.Main', 'Earth.Magnetosphere.RadiationBelt', 'Heliosphere.NearEarth']
2025-09-16T20:08:46.790271Z ERROR hpde_io     This value  = ['Earth.Magnetosheath', 'Earth.Magnetosphere.Magnetotail', 'Earth.Magnetosphere.Main', 'Heliosphere.NearEarth']
2025-09-16T20:08:46.790297Z ERROR hpde_io     Combining values.
2025-09-16T20:08:46.790328Z ERROR hpde_io   THB_L2_GMOM: ObservedRegion for this ID differs from first found value s/c ID = THB
2025-09-16T20:08:46.790354Z ERROR hpde_io     First value = ['Earth.Magnetosheath', 'Earth.Magnetosphere', 'Earth.Magnetosphere.Magnetotail', 'Earth.Magnetosphere.Main', 'Earth.Magnetosphere.RadiationBelt', 'Heliosphere.NearEarth']
2025-09-16T20:08:46.790380Z ERROR hpde_io     This value  = ['Earth.Magnetosheath', 'Earth.Magnetosphere.Magnetotail', 'Earth.Magnetosphere.Main', 'Earth.Magnetosphere.Plasmasphere', 'Earth.Magnetosphere.RadiationBelt', 'Earth.Moon', 'Heliosphere.NearEarth', 'Heliosphere.NearEarth']
2025-09-16T20:08:46.790406Z ERROR hpde_io     Combining values.
2025-09-16T20:08:46.790437Z ERROR hpde_io   THB_L2_MERGED: ObservedRegion for this ID differs from first found value s/c ID = THB
2025-09-16T20:08:46.790464Z ERROR hpde_io     First value = ['Earth.Magnetosheath', 'Earth.Magnetosphere', 'Earth.Magnetosphere.Magnetotail', 'Earth.Magnetosphere.Main', 'Earth.Magnetosphere.Plasmasphere', 'Earth.Magnetosphere.RadiationBelt', 'Earth.Moon', 'Heliosphere.NearEarth']
2025-09-16T20:08:46.790492Z ERROR hpde_io     This value  = ['Earth.Magnetosheath', 'Earth.Magnetosphere.Magnetotail', 'Heliosphere.NearEarth']
2025-09-16T20:08:46.790516Z ERROR hpde_io     Combining values.
2025-09-16T20:08:46.790546Z ERROR hpde_io   THB_L2_MOM: ObservedRegion for this ID differs from first found value s/c ID = THB
2025-09-16T20:08:46.790573Z ERROR hpde_io     First value = ['Earth.Magnetosheath', 'Earth.Magnetosphere', 'Earth.Magnetosphere.Magnetotail', 'Earth.Magnetosphere.Main', 'Earth.Magnetosphere.Plasmasphere', 'Earth.Magnetosphere.RadiationBelt', 'Earth.Moon', 'Heliosphere.NearEarth']
2025-09-16T20:08:46.790600Z ERROR hpde_io     This value  = ['Earth.Magnetosheath', 'Earth.Magnetosphere.Magnetotail', 'Earth.Magnetosphere.Main', 'Heliosphere.NearEarth']
2025-09-16T20:08:46.790626Z ERROR hpde_io     Combining values.
2025-09-16T20:08:46.790654Z ERROR hpde_io   THB_L2_SCM: ObservedRegion for this ID differs from first found value s/c ID = THB
2025-09-16T20:08:46.790681Z ERROR hpde_io     First value = ['Earth.Magnetosheath', 'Earth.Magnetosphere', 'Earth.Magnetosphere.Magnetotail', 'Earth.Magnetosphere.Main', 'Earth.Magnetosphere.Plasmasphere', 'Earth.Magnetosphere.RadiationBelt', 'Earth.Moon', 'Heliosphere.NearEarth']
2025-09-16T20:08:46.790709Z ERROR hpde_io     This value  = ['Earth.Magnetosheath', 'Earth.Magnetosphere.Magnetotail', 'Earth.Magnetosphere.Main', 'Heliosphere.NearEarth']
2025-09-16T20:08:46.790734Z ERROR hpde_io     Combining values.
2025-09-16T20:08:46.790771Z INFO  hpde_io   THC_L1_STATE: Found first ObservedRegion for s/c ID = THC: ['Heliosphere.NearEarth', 'Earth.Magnetosphere.Magnetotail', 'Earth.Magnetosphere.Main', 'Earth.Magnetosheath']
2025-09-16T20:08:46.790793Z ERROR hpde_io   THC_L2_EFI: ObservedRegion for this ID differs from first found value s/c ID = THC
2025-09-16T20:08:46.790819Z ERROR hpde_io     First value = ['Earth.Magnetosheath', 'Earth.Magnetosphere.Magnetotail', 'Earth.Magnetosphere.Main', 'Heliosphere.NearEarth']
2025-09-16T20:08:46.790847Z ERROR hpde_io     This value  = ['Earth.Magnetosheath', 'Earth.Magnetosphere', 'Earth.Magnetosphere.Magnetotail', 'Earth.Magnetosphere.Main', 'Earth.Magnetosphere.RadiationBelt', 'Heliosphere.NearEarth']
2025-09-16T20:08:46.790873Z ERROR hpde_io     Combining values.
2025-09-16T20:08:46.790903Z ERROR hpde_io   THC_L2_ESA: ObservedRegion for this ID differs from first found value s/c ID = THC
2025-09-16T20:08:46.790930Z ERROR hpde_io     First value = ['Earth.Magnetosheath', 'Earth.Magnetosphere', 'Earth.Magnetosphere.Magnetotail', 'Earth.Magnetosphere.Main', 'Earth.Magnetosphere.RadiationBelt', 'Heliosphere.NearEarth']
2025-09-16T20:08:46.790957Z ERROR hpde_io     This value  = ['Earth.Magnetosheath', 'Earth.Magnetosphere.Magnetotail', 'Earth.Magnetosphere.Main', 'Heliosphere.NearEarth']
2025-09-16T20:08:46.790981Z ERROR hpde_io     Combining values.
2025-09-16T20:08:46.791014Z ERROR hpde_io   THC_L2_FFT: ObservedRegion for this ID differs from first found value s/c ID = THC
2025-09-16T20:08:46.791041Z ERROR hpde_io     First value = ['Earth.Magnetosheath', 'Earth.Magnetosphere', 'Earth.Magnetosphere.Magnetotail', 'Earth.Magnetosphere.Main', 'Earth.Magnetosphere.RadiationBelt', 'Heliosphere.NearEarth']
2025-09-16T20:08:46.791067Z ERROR hpde_io     This value  = ['Earth.Magnetosheath', 'Earth.Magnetosphere.Magnetotail', 'Earth.Magnetosphere.Main', 'Earth.Magnetosphere.Plasmasphere', 'Earth.Magnetosphere.RadiationBelt', 'Earth.Moon', 'Heliosphere.NearEarth', 'Heliosphere.NearEarth']
2025-09-16T20:08:46.791093Z ERROR hpde_io     Combining values.
2025-09-16T20:08:46.791122Z ERROR hpde_io   THC_L2_FGM: ObservedRegion for this ID differs from first found value s/c ID = THC
2025-09-16T20:08:46.791147Z ERROR hpde_io     First value = ['Earth.Magnetosheath', 'Earth.Magnetosphere', 'Earth.Magnetosphere.Magnetotail', 'Earth.Magnetosphere.Main', 'Earth.Magnetosphere.Plasmasphere', 'Earth.Magnetosphere.RadiationBelt', 'Earth.Moon', 'Heliosphere.NearEarth']
2025-09-16T20:08:46.791174Z ERROR hpde_io     This value  = ['Earth.Magnetosheath', 'Earth.Magnetosphere.Magnetotail', 'Earth.Magnetosphere.Main', 'Heliosphere.NearEarth']
2025-09-16T20:08:46.791200Z ERROR hpde_io     Combining values.
2025-09-16T20:08:46.791230Z ERROR hpde_io   THC_L2_FIT: ObservedRegion for this ID differs from first found value s/c ID = THC
2025-09-16T20:08:46.791255Z ERROR hpde_io     First value = ['Earth.Magnetosheath', 'Earth.Magnetosphere', 'Earth.Magnetosphere.Magnetotail', 'Earth.Magnetosphere.Main', 'Earth.Magnetosphere.Plasmasphere', 'Earth.Magnetosphere.RadiationBelt', 'Earth.Moon', 'Heliosphere.NearEarth']
2025-09-16T20:08:46.791281Z ERROR hpde_io     This value  = ['Earth.Magnetosheath', 'Earth.Magnetosphere.Magnetotail', 'Earth.Magnetosphere.Main', 'Heliosphere.NearEarth']
2025-09-16T20:08:46.791307Z ERROR hpde_io     Combining values.
2025-09-16T20:08:46.791337Z ERROR hpde_io   THC_L2_GMOM: ObservedRegion for this ID differs from first found value s/c ID = THC
2025-09-16T20:08:46.791365Z ERROR hpde_io     First value = ['Earth.Magnetosheath', 'Earth.Magnetosphere', 'Earth.Magnetosphere.Magnetotail', 'Earth.Magnetosphere.Main', 'Earth.Magnetosphere.Plasmasphere', 'Earth.Magnetosphere.RadiationBelt', 'Earth.Moon', 'Heliosphere.NearEarth']
2025-09-16T20:08:46.791390Z ERROR hpde_io     This value  = ['Earth.Magnetosheath', 'Earth.Magnetosphere.Magnetotail', 'Earth.Magnetosphere.Main', 'Earth.Magnetosphere.Plasmasphere', 'Earth.Magnetosphere.RadiationBelt', 'Earth.Moon', 'Heliosphere.NearEarth', 'Heliosphere.NearEarth']
2025-09-16T20:08:46.791416Z ERROR hpde_io     Combining values.
2025-09-16T20:08:46.791446Z ERROR hpde_io   THC_L2_MERGED: ObservedRegion for this ID differs from first found value s/c ID = THC
2025-09-16T20:08:46.791472Z ERROR hpde_io     First value = ['Earth.Magnetosheath', 'Earth.Magnetosphere', 'Earth.Magnetosphere.Magnetotail', 'Earth.Magnetosphere.Main', 'Earth.Magnetosphere.Plasmasphere', 'Earth.Magnetosphere.RadiationBelt', 'Earth.Moon', 'Heliosphere.NearEarth']
2025-09-16T20:08:46.791499Z ERROR hpde_io     This value  = ['Earth.Magnetosheath', 'Earth.Magnetosphere.Magnetotail', 'Heliosphere.NearEarth']
2025-09-16T20:08:46.791523Z ERROR hpde_io     Combining values.
2025-09-16T20:08:46.791553Z ERROR hpde_io   THC_L2_MOM: ObservedRegion for this ID differs from first found value s/c ID = THC
2025-09-16T20:08:46.791580Z ERROR hpde_io     First value = ['Earth.Magnetosheath', 'Earth.Magnetosphere', 'Earth.Magnetosphere.Magnetotail', 'Earth.Magnetosphere.Main', 'Earth.Magnetosphere.Plasmasphere', 'Earth.Magnetosphere.RadiationBelt', 'Earth.Moon', 'Heliosphere.NearEarth']
2025-09-16T20:08:46.791609Z ERROR hpde_io     This value  = ['Earth.Magnetosheath', 'Earth.Magnetosphere.Magnetotail', 'Earth.Magnetosphere.Main', 'Heliosphere.NearEarth']
2025-09-16T20:08:46.791635Z ERROR hpde_io     Combining values.
2025-09-16T20:08:46.791663Z ERROR hpde_io   THC_L2_SCM: ObservedRegion for this ID differs from first found value s/c ID = THC
2025-09-16T20:08:46.791694Z ERROR hpde_io     First value = ['Earth.Magnetosheath', 'Earth.Magnetosphere', 'Earth.Magnetosphere.Magnetotail', 'Earth.Magnetosphere.Main', 'Earth.Magnetosphere.Plasmasphere', 'Earth.Magnetosphere.RadiationBelt', 'Earth.Moon', 'Heliosphere.NearEarth']
2025-09-16T20:08:46.791721Z ERROR hpde_io     This value  = ['Earth.Magnetosheath', 'Earth.Magnetosphere.Magnetotail', 'Earth.Magnetosphere.Main', 'Heliosphere.NearEarth']
2025-09-16T20:08:46.791747Z ERROR hpde_io     Combining values.
2025-09-16T20:08:46.791777Z ERROR hpde_io   THC_L2_SST: ObservedRegion for this ID differs from first found value s/c ID = THC
2025-09-16T20:08:46.791801Z ERROR hpde_io     First value = ['Earth.Magnetosheath', 'Earth.Magnetosphere', 'Earth.Magnetosphere.Magnetotail', 'Earth.Magnetosphere.Main', 'Earth.Magnetosphere.Plasmasphere', 'Earth.Magnetosphere.RadiationBelt', 'Earth.Moon', 'Heliosphere.NearEarth']
2025-09-16T20:08:46.791829Z ERROR hpde_io     This value  = ['Earth.Magnetosheath', 'Earth.Magnetosphere.Magnetotail', 'Earth.Magnetosphere.Main', 'Earth.Magnetosphere.Plasmasphere', 'Earth.Magnetosphere.RadiationBelt', 'Earth.Moon', 'Heliosphere.NearEarth', 'Heliosphere.NearEarth']
2025-09-16T20:08:46.791855Z ERROR hpde_io     Combining values.
2025-09-16T20:08:46.791884Z INFO  hpde_io   THD_L1_STATE: Found first ObservedRegion for s/c ID = THD: ['Heliosphere.NearEarth', 'Earth.Magnetosphere.Magnetotail', 'Earth.Magnetosphere.Main', 'Earth.Magnetosheath']
2025-09-16T20:08:46.791906Z ERROR hpde_io   THD_L2_EFI: ObservedRegion for this ID differs from first found value s/c ID = THD
2025-09-16T20:08:46.791933Z ERROR hpde_io     First value = ['Earth.Magnetosheath', 'Earth.Magnetosphere.Magnetotail', 'Earth.Magnetosphere.Main', 'Heliosphere.NearEarth']
2025-09-16T20:08:46.791960Z ERROR hpde_io     This value  = ['Earth.Magnetosheath', 'Earth.Magnetosphere', 'Earth.Magnetosphere.Magnetotail', 'Earth.Magnetosphere.Main', 'Earth.Magnetosphere.RadiationBelt', 'Heliosphere.NearEarth']
2025-09-16T20:08:46.791985Z ERROR hpde_io     Combining values.
2025-09-16T20:08:46.792014Z ERROR hpde_io   THD_L2_ESA: ObservedRegion for this ID differs from first found value s/c ID = THD
2025-09-16T20:08:46.792040Z ERROR hpde_io     First value = ['Earth.Magnetosheath', 'Earth.Magnetosphere', 'Earth.Magnetosphere.Magnetotail', 'Earth.Magnetosphere.Main', 'Earth.Magnetosphere.RadiationBelt', 'Heliosphere.NearEarth']
2025-09-16T20:08:46.792067Z ERROR hpde_io     This value  = ['Earth.Magnetosheath', 'Earth.Magnetosphere.Magnetotail', 'Earth.Magnetosphere.Main', 'Heliosphere.NearEarth']
2025-09-16T20:08:46.792093Z ERROR hpde_io     Combining values.
2025-09-16T20:08:46.792125Z ERROR hpde_io   THD_L2_FFT: ObservedRegion for this ID differs from first found value s/c ID = THD
2025-09-16T20:08:46.792150Z ERROR hpde_io     First value = ['Earth.Magnetosheath', 'Earth.Magnetosphere', 'Earth.Magnetosphere.Magnetotail', 'Earth.Magnetosphere.Main', 'Earth.Magnetosphere.RadiationBelt', 'Heliosphere.NearEarth']
2025-09-16T20:08:46.792177Z ERROR hpde_io     This value  = ['Earth.Magnetosheath', 'Earth.Magnetosphere.Magnetotail', 'Earth.Magnetosphere.Main', 'Earth.Magnetosphere.Plasmasphere', 'Earth.Magnetosphere.RadiationBelt', 'Heliosphere.NearEarth', 'Heliosphere.NearEarth']
2025-09-16T20:08:46.792203Z ERROR hpde_io     Combining values.
2025-09-16T20:08:46.792231Z ERROR hpde_io   THD_L2_FGM: ObservedRegion for this ID differs from first found value s/c ID = THD
2025-09-16T20:08:46.792259Z ERROR hpde_io     First value = ['Earth.Magnetosheath', 'Earth.Magnetosphere', 'Earth.Magnetosphere.Magnetotail', 'Earth.Magnetosphere.Main', 'Earth.Magnetosphere.Plasmasphere', 'Earth.Magnetosphere.RadiationBelt', 'Heliosphere.NearEarth']
2025-09-16T20:08:46.792284Z ERROR hpde_io     This value  = ['Earth.Magnetosheath', 'Earth.Magnetosphere.Magnetotail', 'Earth.Magnetosphere.Main', 'Heliosphere.NearEarth']
2025-09-16T20:08:46.792309Z ERROR hpde_io     Combining values.
2025-09-16T20:08:46.792339Z ERROR hpde_io   THD_L2_FIT: ObservedRegion for this ID differs from first found value s/c ID = THD
2025-09-16T20:08:46.792367Z ERROR hpde_io     First value = ['Earth.Magnetosheath', 'Earth.Magnetosphere', 'Earth.Magnetosphere.Magnetotail', 'Earth.Magnetosphere.Main', 'Earth.Magnetosphere.Plasmasphere', 'Earth.Magnetosphere.RadiationBelt', 'Heliosphere.NearEarth']
2025-09-16T20:08:46.792394Z ERROR hpde_io     This value  = ['Earth.Magnetosheath', 'Earth.Magnetosphere.Magnetotail', 'Earth.Magnetosphere.Main', 'Heliosphere.NearEarth']
2025-09-16T20:08:46.792417Z ERROR hpde_io     Combining values.
2025-09-16T20:08:46.792450Z ERROR hpde_io   THD_L2_MOM: ObservedRegion for this ID differs from first found value s/c ID = THD
2025-09-16T20:08:46.792477Z ERROR hpde_io     First value = ['Earth.Magnetosheath', 'Earth.Magnetosphere', 'Earth.Magnetosphere.Magnetotail', 'Earth.Magnetosphere.Main', 'Earth.Magnetosphere.Plasmasphere', 'Earth.Magnetosphere.RadiationBelt', 'Heliosphere.NearEarth']
2025-09-16T20:08:46.792505Z ERROR hpde_io     This value  = ['Earth.Magnetosheath', 'Earth.Magnetosphere.Magnetotail', 'Earth.Magnetosphere.Main', 'Heliosphere.NearEarth']
2025-09-16T20:08:46.792530Z ERROR hpde_io     Combining values.
2025-09-16T20:08:46.792558Z ERROR hpde_io   THD_L2_SCM: ObservedRegion for this ID differs from first found value s/c ID = THD
2025-09-16T20:08:46.792585Z ERROR hpde_io     First value = ['Earth.Magnetosheath', 'Earth.Magnetosphere', 'Earth.Magnetosphere.Magnetotail', 'Earth.Magnetosphere.Main', 'Earth.Magnetosphere.Plasmasphere', 'Earth.Magnetosphere.RadiationBelt', 'Heliosphere.NearEarth']
2025-09-16T20:08:46.792612Z ERROR hpde_io     This value  = ['Earth.Magnetosheath', 'Earth.Magnetosphere.Magnetotail', 'Earth.Magnetosphere.Main', 'Heliosphere.NearEarth']
2025-09-16T20:08:46.792639Z ERROR hpde_io     Combining values.
2025-09-16T20:08:46.792669Z ERROR hpde_io   THD_L2_SST: ObservedRegion for this ID differs from first found value s/c ID = THD
2025-09-16T20:08:46.792697Z ERROR hpde_io     First value = ['Earth.Magnetosheath', 'Earth.Magnetosphere', 'Earth.Magnetosphere.Magnetotail', 'Earth.Magnetosphere.Main', 'Earth.Magnetosphere.Plasmasphere', 'Earth.Magnetosphere.RadiationBelt', 'Heliosphere.NearEarth']
2025-09-16T20:08:46.792723Z ERROR hpde_io     This value  = ['Earth.Magnetosheath', 'Earth.Magnetosphere.Magnetotail', 'Earth.Magnetosphere.Main', 'Earth.Magnetosphere.Plasmasphere', 'Earth.Magnetosphere.RadiationBelt', 'Heliosphere.NearEarth', 'Heliosphere.NearEarth']
2025-09-16T20:08:46.792749Z ERROR hpde_io     Combining values.
2025-09-16T20:08:46.792782Z INFO  hpde_io   THE_L1_STATE: Found first ObservedRegion for s/c ID = THE: ['Heliosphere.NearEarth', 'Earth.Magnetosphere.Magnetotail', 'Earth.Magnetosphere.Main', 'Earth.Magnetosheath']
2025-09-16T20:08:46.792802Z ERROR hpde_io   THE_L2_EFI: ObservedRegion for this ID differs from first found value s/c ID = THE
2025-09-16T20:08:46.792829Z ERROR hpde_io     First value = ['Earth.Magnetosheath', 'Earth.Magnetosphere.Magnetotail', 'Earth.Magnetosphere.Main', 'Heliosphere.NearEarth']
2025-09-16T20:08:46.792856Z ERROR hpde_io     This value  = ['Earth.Magnetosheath', 'Earth.Magnetosphere', 'Earth.Magnetosphere.Magnetotail', 'Earth.Magnetosphere.Main', 'Earth.Magnetosphere.RadiationBelt', 'Heliosphere.NearEarth']
2025-09-16T20:08:46.792882Z ERROR hpde_io     Combining values.
2025-09-16T20:08:46.792911Z ERROR hpde_io   THE_L2_ESA: ObservedRegion for this ID differs from first found value s/c ID = THE
2025-09-16T20:08:46.792938Z ERROR hpde_io     First value = ['Earth.Magnetosheath', 'Earth.Magnetosphere', 'Earth.Magnetosphere.Magnetotail', 'Earth.Magnetosphere.Main', 'Earth.Magnetosphere.RadiationBelt', 'Heliosphere.NearEarth']
2025-09-16T20:08:46.792963Z ERROR hpde_io     This value  = ['Earth.Magnetosheath', 'Earth.Magnetosphere.Magnetotail', 'Earth.Magnetosphere.Main', 'Heliosphere.NearEarth']
2025-09-16T20:08:46.792989Z ERROR hpde_io     Combining values.
2025-09-16T20:08:46.793021Z ERROR hpde_io   THE_L2_FFT: ObservedRegion for this ID differs from first found value s/c ID = THE
2025-09-16T20:08:46.793049Z ERROR hpde_io     First value = ['Earth.Magnetosheath', 'Earth.Magnetosphere', 'Earth.Magnetosphere.Magnetotail', 'Earth.Magnetosphere.Main', 'Earth.Magnetosphere.RadiationBelt', 'Heliosphere.NearEarth']
2025-09-16T20:08:46.793075Z ERROR hpde_io     This value  = ['Earth.Magnetosheath', 'Earth.Magnetosphere.Magnetotail', 'Earth.Magnetosphere.Main', 'Earth.Magnetosphere.Plasmasphere', 'Earth.Magnetosphere.RadiationBelt', 'Heliosphere.NearEarth', 'Heliosphere.NearEarth']
2025-09-16T20:08:46.793102Z ERROR hpde_io     Combining values.
2025-09-16T20:08:46.793129Z ERROR hpde_io   THE_L2_FGM: ObservedRegion for this ID differs from first found value s/c ID = THE
2025-09-16T20:08:46.793157Z ERROR hpde_io     First value = ['Earth.Magnetosheath', 'Earth.Magnetosphere', 'Earth.Magnetosphere.Magnetotail', 'Earth.Magnetosphere.Main', 'Earth.Magnetosphere.Plasmasphere', 'Earth.Magnetosphere.RadiationBelt', 'Heliosphere.NearEarth']
2025-09-16T20:08:46.793184Z ERROR hpde_io     This value  = ['Earth.Magnetosheath', 'Earth.Magnetosphere.Magnetotail', 'Earth.Magnetosphere.Main', 'Heliosphere.NearEarth']
2025-09-16T20:08:46.793210Z ERROR hpde_io     Combining values.
2025-09-16T20:08:46.793238Z ERROR hpde_io   THE_L2_FIT: ObservedRegion for this ID differs from first found value s/c ID = THE
2025-09-16T20:08:46.793265Z ERROR hpde_io     First value = ['Earth.Magnetosheath', 'Earth.Magnetosphere', 'Earth.Magnetosphere.Magnetotail', 'Earth.Magnetosphere.Main', 'Earth.Magnetosphere.Plasmasphere', 'Earth.Magnetosphere.RadiationBelt', 'Heliosphere.NearEarth']
2025-09-16T20:08:46.793291Z ERROR hpde_io     This value  = ['Earth.Magnetosheath', 'Earth.Magnetosphere.Magnetotail', 'Earth.Magnetosphere.Main', 'Heliosphere.NearEarth']
2025-09-16T20:08:46.793317Z ERROR hpde_io     Combining values.
2025-09-16T20:08:46.793349Z ERROR hpde_io   THE_L2_MOM: ObservedRegion for this ID differs from first found value s/c ID = THE
2025-09-16T20:08:46.793374Z ERROR hpde_io     First value = ['Earth.Magnetosheath', 'Earth.Magnetosphere', 'Earth.Magnetosphere.Magnetotail', 'Earth.Magnetosphere.Main', 'Earth.Magnetosphere.Plasmasphere', 'Earth.Magnetosphere.RadiationBelt', 'Heliosphere.NearEarth']
2025-09-16T20:08:46.793400Z ERROR hpde_io     This value  = ['Earth.Magnetosheath', 'Earth.Magnetosphere.Magnetotail', 'Earth.Magnetosphere.Main', 'Heliosphere.NearEarth']
2025-09-16T20:08:46.793426Z ERROR hpde_io     Combining values.
2025-09-16T20:08:46.793452Z ERROR hpde_io   THE_L2_SCM: ObservedRegion for this ID differs from first found value s/c ID = THE
2025-09-16T20:08:46.793479Z ERROR hpde_io     First value = ['Earth.Magnetosheath', 'Earth.Magnetosphere', 'Earth.Magnetosphere.Magnetotail', 'Earth.Magnetosphere.Main', 'Earth.Magnetosphere.Plasmasphere', 'Earth.Magnetosphere.RadiationBelt', 'Heliosphere.NearEarth']
2025-09-16T20:08:46.793507Z ERROR hpde_io     This value  = ['Earth.Magnetosheath', 'Earth.Magnetosphere.Magnetotail', 'Earth.Magnetosphere.Main', 'Heliosphere.NearEarth']
2025-09-16T20:08:46.793533Z ERROR hpde_io     Combining values.
2025-09-16T20:08:46.793563Z ERROR hpde_io   THE_L2_SST: ObservedRegion for this ID differs from first found value s/c ID = THE
2025-09-16T20:08:46.793588Z ERROR hpde_io     First value = ['Earth.Magnetosheath', 'Earth.Magnetosphere', 'Earth.Magnetosphere.Magnetotail', 'Earth.Magnetosphere.Main', 'Earth.Magnetosphere.Plasmasphere', 'Earth.Magnetosphere.RadiationBelt', 'Heliosphere.NearEarth']
2025-09-16T20:08:46.793614Z ERROR hpde_io     This value  = ['Earth.Magnetosheath', 'Earth.Magnetosphere.Magnetotail', 'Earth.Magnetosphere.Main', 'Earth.Magnetosphere.Plasmasphere', 'Earth.Magnetosphere.RadiationBelt', 'Heliosphere.NearEarth', 'Heliosphere.NearEarth']
2025-09-16T20:08:46.793640Z ERROR hpde_io     Combining values.
2025-09-16T20:08:46.793676Z INFO  hpde_io   THG_L2_MAG_AMD: Found first ObservedRegion for s/c ID = THG: ['Earth.NearSurface.Ionosphere', 'Earth.Surface']
2025-09-16T20:08:46.794020Z INFO  hpde_io   TIMED_EDP_GUVI: Found first ObservedRegion for s/c ID = TIMED: ['Earth.NearSurface.Ionosphere']
2025-09-16T20:08:46.794040Z ERROR hpde_io   TIMED_L1BV20_SABER: ObservedRegion for this ID differs from first found value s/c ID = TIMED
2025-09-16T20:08:46.794067Z ERROR hpde_io     First value = ['Earth.NearSurface.Ionosphere']
2025-09-16T20:08:46.794093Z ERROR hpde_io     This value  = ['Earth.NearSurface.Mesosphere', 'Earth.NearSurface.Thermosphere']
2025-09-16T20:08:46.794118Z ERROR hpde_io     Combining values.
2025-09-16T20:08:46.794148Z ERROR hpde_io   TIMED_L1CDISK_GUVI: ObservedRegion for this ID differs from first found value s/c ID = TIMED
2025-09-16T20:08:46.794173Z ERROR hpde_io     First value = ['Earth.NearSurface.Ionosphere', 'Earth.NearSurface.Mesosphere', 'Earth.NearSurface.Thermosphere']
2025-09-16T20:08:46.794198Z ERROR hpde_io     This value  = ['Earth.NearSurface.AuroralRegion', 'Earth.NearSurface.Ionosphere', 'Earth.NearSurface.Thermosphere']
2025-09-16T20:08:46.794225Z ERROR hpde_io     Combining values.
2025-09-16T20:08:46.794254Z ERROR hpde_io   TIMED_L3A_SEE: ObservedRegion for this ID differs from first found value s/c ID = TIMED
2025-09-16T20:08:46.794280Z ERROR hpde_io     First value = ['Earth.NearSurface.AuroralRegion', 'Earth.NearSurface.Ionosphere', 'Earth.NearSurface.Mesosphere', 'Earth.NearSurface.Thermosphere']
2025-09-16T20:08:46.794304Z ERROR hpde_io     This value  = ['Sun']
2025-09-16T20:08:46.794331Z ERROR hpde_io     Combining values.
2025-09-16T20:08:46.794361Z ERROR hpde_io   TIMED_WINDVECTORSNCAR_TIDI: ObservedRegion for this ID differs from first found value s/c ID = TIMED
2025-09-16T20:08:46.794388Z ERROR hpde_io     First value = ['Earth.NearSurface.AuroralRegion', 'Earth.NearSurface.Ionosphere', 'Earth.NearSurface.Mesosphere', 'Earth.NearSurface.Thermosphere', 'Sun']
2025-09-16T20:08:46.794416Z ERROR hpde_io     This value  = ['Earth.NearSurface', 'Earth.NearSurface.Atmosphere', 'Earth.NearSurface.AuroralRegion', 'Earth.NearSurface.EquatorialRegion', 'Earth.NearSurface.Mesosphere', 'Earth.NearSurface.PolarCap', 'Earth.NearSurface.Stratosphere', 'Earth.NearSurface.Thermosphere']
2025-09-16T20:08:46.794441Z ERROR hpde_io     Combining values.
2025-09-16T20:08:46.794607Z INFO  hpde_io   TWINS1_AT_DEF: Found first ObservedRegion for s/c ID = TWINS1: ['Earth.Magnetosphere', 'Earth.Magnetosphere.Magnetotail', 'Earth.Magnetosphere.Main', 'Earth.Magnetosphere.RadiationBelt', 'Earth.Magnetosheath']
2025-09-16T20:08:46.794627Z ERROR hpde_io   TWINS1_L1_IMAGER: ObservedRegion for this ID differs from first found value s/c ID = TWINS1
2025-09-16T20:08:46.794654Z ERROR hpde_io     First value = ['Earth.Magnetosheath', 'Earth.Magnetosphere', 'Earth.Magnetosphere.Magnetotail', 'Earth.Magnetosphere.Main', 'Earth.Magnetosphere.RadiationBelt']
2025-09-16T20:08:46.794678Z ERROR hpde_io     This value  = ['Earth.Magnetosphere']
2025-09-16T20:08:46.794703Z ERROR hpde_io     Combining values.
2025-09-16T20:08:46.794734Z ERROR hpde_io   TWINS1_OR_DEF: ObservedRegion for this ID differs from first found value s/c ID = TWINS1
2025-09-16T20:08:46.794761Z ERROR hpde_io     First value = ['Earth.Magnetosheath', 'Earth.Magnetosphere', 'Earth.Magnetosphere.Magnetotail', 'Earth.Magnetosphere.Main', 'Earth.Magnetosphere.RadiationBelt']
2025-09-16T20:08:46.794788Z ERROR hpde_io     This value  = ['Earth.Magnetosphere']
2025-09-16T20:08:46.794813Z ERROR hpde_io     Combining values.
2025-09-16T20:08:46.794845Z INFO  hpde_io   TWINS2_AT_DEF: Found first ObservedRegion for s/c ID = TWINS2: ['Earth.Magnetosphere', 'Earth.Magnetosphere.Magnetotail', 'Earth.Magnetosphere.Main', 'Earth.Magnetosphere.RadiationBelt', 'Earth.Magnetosheath']
2025-09-16T20:08:46.794869Z ERROR hpde_io   TWINS2_L1_IMAGER: ObservedRegion for this ID differs from first found value s/c ID = TWINS2
2025-09-16T20:08:46.794895Z ERROR hpde_io     First value = ['Earth.Magnetosheath', 'Earth.Magnetosphere', 'Earth.Magnetosphere.Magnetotail', 'Earth.Magnetosphere.Main', 'Earth.Magnetosphere.RadiationBelt']
2025-09-16T20:08:46.794922Z ERROR hpde_io     This value  = ['Earth.Magnetosphere']
2025-09-16T20:08:46.794946Z ERROR hpde_io     Combining values.
2025-09-16T20:08:46.794978Z ERROR hpde_io   TWINS2_OR_DEF: ObservedRegion for this ID differs from first found value s/c ID = TWINS2
2025-09-16T20:08:46.795005Z ERROR hpde_io     First value = ['Earth.Magnetosheath', 'Earth.Magnetosphere', 'Earth.Magnetosphere.Magnetotail', 'Earth.Magnetosphere.Main', 'Earth.Magnetosphere.RadiationBelt']
2025-09-16T20:08:46.795032Z ERROR hpde_io     This value  = ['Earth.Magnetosphere']
2025-09-16T20:08:46.795058Z ERROR hpde_io     Combining values.
2025-09-16T20:08:46.795088Z INFO  hpde_io   TWINS_M2_ENA: Found first ObservedRegion for s/c ID = TWINS: ['Earth.Magnetosphere.Main', 'Earth.Magnetosphere.RadiationBelt', 'Earth.Magnetosphere', 'Earth.Magnetosphere.Plasmasphere']
2025-09-16T20:08:46.795109Z INFO  hpde_io   ULYSSES_HELIO1DAY_POSITION: Found first ObservedRegion for s/c ID = ULYSSES: ['Jupiter.Magnetosphere', 'Heliosphere.NearEarth', 'Heliosphere.Outer', 'Heliosphere.Inner']
2025-09-16T20:08:46.795132Z INFO  hpde_io   UY_1MIN_VHM: Found first ObservedRegion for s/c ID = UY: ['Heliosphere.Inner', 'Heliosphere.Outer', 'Heliosphere.NearEarth']
2025-09-16T20:08:46.795154Z ERROR hpde_io   UY_ALPHA-DISTRIBUTIONS_SWOOPS: ObservedRegion for this ID differs from first found value s/c ID = UY
2025-09-16T20:08:46.795179Z ERROR hpde_io     First value = ['Heliosphere.Inner', 'Heliosphere.NearEarth', 'Heliosphere.Outer']
2025-09-16T20:08:46.795206Z ERROR hpde_io     This value  = ['Heliosphere', 'Heliosphere.Inner', 'Heliosphere.NearEarth', 'Heliosphere.Outer']
2025-09-16T20:08:46.795232Z ERROR hpde_io     Combining values.
2025-09-16T20:08:46.795268Z ERROR hpde_io   UY_COHO1HR_MERGED_MAG_PLASMA: ObservedRegion for this ID differs from first found value s/c ID = UY
2025-09-16T20:08:46.795296Z ERROR hpde_io     First value = ['Heliosphere', 'Heliosphere.Inner', 'Heliosphere.NearEarth', 'Heliosphere.Outer']
2025-09-16T20:08:46.795322Z ERROR hpde_io     This value  = ['Heliosphere.Outer']
2025-09-16T20:08:46.795348Z ERROR hpde_io     Combining values.
2025-09-16T20:08:46.795375Z ERROR hpde_io   UY_H0_GLG: ObservedRegion for this ID differs from first found value s/c ID = UY
2025-09-16T20:08:46.795396Z ERROR hpde_io     First value = ['Heliosphere', 'Heliosphere.Inner', 'Heliosphere.NearEarth', 'Heliosphere.Outer']
2025-09-16T20:08:46.795416Z ERROR hpde_io     This value  = ['Heliosphere.NearEarth', 'Heliosphere.Outer']
2025-09-16T20:08:46.795436Z ERROR hpde_io     Combining values.
2025-09-16T20:08:46.795459Z ERROR hpde_io   UY_M0_AT1: ObservedRegion for this ID differs from first found value s/c ID = UY
2025-09-16T20:08:46.795481Z ERROR hpde_io     First value = ['Heliosphere', 'Heliosphere.Inner', 'Heliosphere.NearEarth', 'Heliosphere.Outer']
2025-09-16T20:08:46.795501Z ERROR hpde_io     This value  = ['Heliosphere.Outer']
2025-09-16T20:08:46.795521Z ERROR hpde_io     Combining values.
2025-09-16T20:08:46.795545Z ERROR hpde_io   UY_M0_BAE: ObservedRegion for this ID differs from first found value s/c ID = UY
2025-09-16T20:08:46.795567Z ERROR hpde_io     First value = ['Heliosphere', 'Heliosphere.Inner', 'Heliosphere.NearEarth', 'Heliosphere.Outer']
2025-09-16T20:08:46.795587Z ERROR hpde_io     This value  = ['Heliosphere.Outer']
2025-09-16T20:08:46.795608Z ERROR hpde_io     Combining values.
2025-09-16T20:08:46.795631Z ERROR hpde_io   UY_M0_BAI: ObservedRegion for this ID differs from first found value s/c ID = UY
2025-09-16T20:08:46.795653Z ERROR hpde_io     First value = ['Heliosphere', 'Heliosphere.Inner', 'Heliosphere.NearEarth', 'Heliosphere.Outer']
2025-09-16T20:08:46.795677Z ERROR hpde_io     This value  = ['Heliosphere.Outer']
2025-09-16T20:08:46.795697Z ERROR hpde_io     Combining values.
2025-09-16T20:08:46.795720Z ERROR hpde_io   UY_M0_GRB: ObservedRegion for this ID differs from first found value s/c ID = UY
2025-09-16T20:08:46.795741Z ERROR hpde_io     First value = ['Heliosphere', 'Heliosphere.Inner', 'Heliosphere.NearEarth', 'Heliosphere.Outer']
2025-09-16T20:08:46.795761Z ERROR hpde_io     This value  = ['Heliosphere.Outer']
2025-09-16T20:08:46.795782Z ERROR hpde_io     Combining values.
2025-09-16T20:08:46.795805Z ERROR hpde_io   UY_M0_HET: ObservedRegion for this ID differs from first found value s/c ID = UY
2025-09-16T20:08:46.795826Z ERROR hpde_io     First value = ['Heliosphere', 'Heliosphere.Inner', 'Heliosphere.NearEarth', 'Heliosphere.Outer']
2025-09-16T20:08:46.795848Z ERROR hpde_io     This value  = ['Heliosphere.Outer']
2025-09-16T20:08:46.795869Z ERROR hpde_io     Combining values.
2025-09-16T20:08:46.795892Z ERROR hpde_io   UY_M0_HFT: ObservedRegion for this ID differs from first found value s/c ID = UY
2025-09-16T20:08:46.795913Z ERROR hpde_io     First value = ['Heliosphere', 'Heliosphere.Inner', 'Heliosphere.NearEarth', 'Heliosphere.Outer']
2025-09-16T20:08:46.795935Z ERROR hpde_io     This value  = ['Heliosphere.Outer']
2025-09-16T20:08:46.795955Z ERROR hpde_io     Combining values.
2025-09-16T20:08:46.795978Z ERROR hpde_io   UY_M0_KET: ObservedRegion for this ID differs from first found value s/c ID = UY
2025-09-16T20:08:46.796000Z ERROR hpde_io     First value = ['Heliosphere', 'Heliosphere.Inner', 'Heliosphere.NearEarth', 'Heliosphere.Outer']
2025-09-16T20:08:46.796021Z ERROR hpde_io     This value  = ['Heliosphere.Outer']
2025-09-16T20:08:46.796041Z ERROR hpde_io     Combining values.
2025-09-16T20:08:46.796064Z ERROR hpde_io   UY_M0_LET: ObservedRegion for this ID differs from first found value s/c ID = UY
2025-09-16T20:08:46.796085Z ERROR hpde_io     First value = ['Heliosphere', 'Heliosphere.Inner', 'Heliosphere.NearEarth', 'Heliosphere.Outer']
2025-09-16T20:08:46.796105Z ERROR hpde_io     This value  = ['Heliosphere.Outer']
2025-09-16T20:08:46.796126Z ERROR hpde_io     Combining values.
2025-09-16T20:08:46.796150Z ERROR hpde_io   UY_M0_PFRA: ObservedRegion for this ID differs from first found value s/c ID = UY
2025-09-16T20:08:46.796177Z ERROR hpde_io     First value = ['Heliosphere', 'Heliosphere.Inner', 'Heliosphere.NearEarth', 'Heliosphere.Outer']
2025-09-16T20:08:46.796198Z ERROR hpde_io     This value  = ['Heliosphere.Outer']
2025-09-16T20:08:46.796218Z ERROR hpde_io     Combining values.
2025-09-16T20:08:46.796241Z ERROR hpde_io   UY_M0_PFRP: ObservedRegion for this ID differs from first found value s/c ID = UY
2025-09-16T20:08:46.796262Z ERROR hpde_io     First value = ['Heliosphere', 'Heliosphere.Inner', 'Heliosphere.NearEarth', 'Heliosphere.Outer']
2025-09-16T20:08:46.796282Z ERROR hpde_io     This value  = ['Heliosphere.Outer']
2025-09-16T20:08:46.796302Z ERROR hpde_io     Combining values.
2025-09-16T20:08:46.796325Z ERROR hpde_io   UY_M0_R144: ObservedRegion for this ID differs from first found value s/c ID = UY
2025-09-16T20:08:46.796346Z ERROR hpde_io     First value = ['Heliosphere', 'Heliosphere.Inner', 'Heliosphere.NearEarth', 'Heliosphere.Outer']
2025-09-16T20:08:46.796367Z ERROR hpde_io     This value  = ['Heliosphere.Inner', 'Heliosphere.Outer', 'Jupiter', 'Sun.Corona']
2025-09-16T20:08:46.796387Z ERROR hpde_io     Combining values.
2025-09-16T20:08:46.796416Z ERROR hpde_io   UY_M0_RARA: ObservedRegion for this ID differs from first found value s/c ID = UY
2025-09-16T20:08:46.796439Z ERROR hpde_io     First value = ['Heliosphere', 'Heliosphere.Inner', 'Heliosphere.NearEarth', 'Heliosphere.Outer', 'Jupiter', 'Sun.Corona']
2025-09-16T20:08:46.796460Z ERROR hpde_io     This value  = ['Heliosphere.Outer']
2025-09-16T20:08:46.796480Z ERROR hpde_io     Combining values.
2025-09-16T20:08:46.796503Z ERROR hpde_io   UY_M0_RARP: ObservedRegion for this ID differs from first found value s/c ID = UY
2025-09-16T20:08:46.796524Z ERROR hpde_io     First value = ['Heliosphere', 'Heliosphere.Inner', 'Heliosphere.NearEarth', 'Heliosphere.Outer', 'Jupiter', 'Sun.Corona']
2025-09-16T20:08:46.796546Z ERROR hpde_io     This value  = ['Heliosphere.Outer']
2025-09-16T20:08:46.796571Z ERROR hpde_io     Combining values.
2025-09-16T20:08:46.796599Z ERROR hpde_io   UY_M0_WFBA: ObservedRegion for this ID differs from first found value s/c ID = UY
2025-09-16T20:08:46.796626Z ERROR hpde_io     First value = ['Heliosphere', 'Heliosphere.Inner', 'Heliosphere.NearEarth', 'Heliosphere.Outer', 'Jupiter', 'Sun.Corona']
2025-09-16T20:08:46.796651Z ERROR hpde_io     This value  = ['Heliosphere.Outer']
2025-09-16T20:08:46.796675Z ERROR hpde_io     Combining values.
2025-09-16T20:08:46.796704Z ERROR hpde_io   UY_M0_WFBP: ObservedRegion for this ID differs from first found value s/c ID = UY
2025-09-16T20:08:46.796731Z ERROR hpde_io     First value = ['Heliosphere', 'Heliosphere.Inner', 'Heliosphere.NearEarth', 'Heliosphere.Outer', 'Jupiter', 'Sun.Corona']
2025-09-16T20:08:46.796757Z ERROR hpde_io     This value  = ['Heliosphere.Outer']
2025-09-16T20:08:46.796783Z ERROR hpde_io     Combining values.
2025-09-16T20:08:46.796812Z ERROR hpde_io   UY_M0_WFEA: ObservedRegion for this ID differs from first found value s/c ID = UY
2025-09-16T20:08:46.796838Z ERROR hpde_io     First value = ['Heliosphere', 'Heliosphere.Inner', 'Heliosphere.NearEarth', 'Heliosphere.Outer', 'Jupiter', 'Sun.Corona']
2025-09-16T20:08:46.796862Z ERROR hpde_io     This value  = ['Heliosphere.Outer']
2025-09-16T20:08:46.796887Z ERROR hpde_io     Combining values.
2025-09-16T20:08:46.796914Z ERROR hpde_io   UY_M0_WFEP: ObservedRegion for this ID differs from first found value s/c ID = UY
2025-09-16T20:08:46.796938Z ERROR hpde_io     First value = ['Heliosphere', 'Heliosphere.Inner', 'Heliosphere.NearEarth', 'Heliosphere.Outer', 'Jupiter', 'Sun.Corona']
2025-09-16T20:08:46.796963Z ERROR hpde_io     This value  = ['Heliosphere.Outer']
2025-09-16T20:08:46.796988Z ERROR hpde_io     Combining values.
2025-09-16T20:08:46.797015Z ERROR hpde_io   UY_M1_BAI: ObservedRegion for this ID differs from first found value s/c ID = UY
2025-09-16T20:08:46.797041Z ERROR hpde_io     First value = ['Heliosphere', 'Heliosphere.Inner', 'Heliosphere.NearEarth', 'Heliosphere.Outer', 'Jupiter', 'Sun.Corona']
2025-09-16T20:08:46.797068Z ERROR hpde_io     This value  = ['Heliosphere', 'Heliosphere.Inner', 'Heliosphere.NearEarth', 'Heliosphere.Outer']
2025-09-16T20:08:46.797094Z ERROR hpde_io     Combining values.
2025-09-16T20:08:46.797125Z ERROR hpde_io   UY_M1_EPA: ObservedRegion for this ID differs from first found value s/c ID = UY
2025-09-16T20:08:46.797152Z ERROR hpde_io     First value = ['Heliosphere', 'Heliosphere.Inner', 'Heliosphere.NearEarth', 'Heliosphere.Outer', 'Jupiter', 'Sun.Corona']
2025-09-16T20:08:46.797177Z ERROR hpde_io     This value  = ['Heliosphere.Outer']
2025-09-16T20:08:46.797203Z ERROR hpde_io     Combining values.
2025-09-16T20:08:46.797233Z ERROR hpde_io   UY_M1_LF15: ObservedRegion for this ID differs from first found value s/c ID = UY
2025-09-16T20:08:46.797260Z ERROR hpde_io     First value = ['Heliosphere', 'Heliosphere.Inner', 'Heliosphere.NearEarth', 'Heliosphere.Outer', 'Jupiter', 'Sun.Corona']
2025-09-16T20:08:46.797287Z ERROR hpde_io     This value  = ['Heliosphere.Outer']
2025-09-16T20:08:46.797313Z ERROR hpde_io     Combining values.
2025-09-16T20:08:46.797341Z ERROR hpde_io   UY_M1_LF60: ObservedRegion for this ID differs from first found value s/c ID = UY
2025-09-16T20:08:46.797368Z ERROR hpde_io     First value = ['Heliosphere', 'Heliosphere.Inner', 'Heliosphere.NearEarth', 'Heliosphere.Outer', 'Jupiter', 'Sun.Corona']
2025-09-16T20:08:46.797394Z ERROR hpde_io     This value  = ['Heliosphere.Outer']
2025-09-16T20:08:46.797420Z ERROR hpde_io     Combining values.
2025-09-16T20:08:46.797448Z ERROR hpde_io   UY_M1_LM12: ObservedRegion for this ID differs from first found value s/c ID = UY
2025-09-16T20:08:46.797476Z ERROR hpde_io     First value = ['Heliosphere', 'Heliosphere.Inner', 'Heliosphere.NearEarth', 'Heliosphere.Outer', 'Jupiter', 'Sun.Corona']
2025-09-16T20:08:46.797500Z ERROR hpde_io     This value  = ['Heliosphere.Outer']
2025-09-16T20:08:46.797523Z ERROR hpde_io     Combining values.
2025-09-16T20:08:46.797551Z ERROR hpde_io   UY_M1_LM30: ObservedRegion for this ID differs from first found value s/c ID = UY
2025-09-16T20:08:46.797578Z ERROR hpde_io     First value = ['Heliosphere', 'Heliosphere.Inner', 'Heliosphere.NearEarth', 'Heliosphere.Outer', 'Jupiter', 'Sun.Corona']
2025-09-16T20:08:46.797604Z ERROR hpde_io     This value  = ['Heliosphere.Outer']
2025-09-16T20:08:46.797629Z ERROR hpde_io     Combining values.
2025-09-16T20:08:46.797657Z ERROR hpde_io   UY_M1_LMDE: ObservedRegion for this ID differs from first found value s/c ID = UY
2025-09-16T20:08:46.797682Z ERROR hpde_io     First value = ['Heliosphere', 'Heliosphere.Inner', 'Heliosphere.NearEarth', 'Heliosphere.Outer', 'Jupiter', 'Sun.Corona']
2025-09-16T20:08:46.797707Z ERROR hpde_io     This value  = ['Heliosphere.Outer']
2025-09-16T20:08:46.797732Z ERROR hpde_io     Combining values.
2025-09-16T20:08:46.797762Z ERROR hpde_io   UY_M1_SCS: ObservedRegion for this ID differs from first found value s/c ID = UY
2025-09-16T20:08:46.797787Z ERROR hpde_io     First value = ['Heliosphere', 'Heliosphere.Inner', 'Heliosphere.NearEarth', 'Heliosphere.Outer', 'Jupiter', 'Sun.Corona']
2025-09-16T20:08:46.797813Z ERROR hpde_io     This value  = ['Heliosphere', 'Heliosphere.Inner', 'Heliosphere.NearEarth', 'Heliosphere.Outer']
2025-09-16T20:08:46.797839Z ERROR hpde_io     Combining values.
2025-09-16T20:08:46.797869Z ERROR hpde_io   UY_M1_SWI: ObservedRegion for this ID differs from first found value s/c ID = UY
2025-09-16T20:08:46.797895Z ERROR hpde_io     First value = ['Heliosphere', 'Heliosphere.Inner', 'Heliosphere.NearEarth', 'Heliosphere.Outer', 'Jupiter', 'Sun.Corona']
2025-09-16T20:08:46.797920Z ERROR hpde_io     This value  = ['Heliosphere.Outer']
2025-09-16T20:08:46.797945Z ERROR hpde_io     Combining values.
2025-09-16T20:08:46.797970Z ERROR hpde_io   UY_M1_VHM: ObservedRegion for this ID differs from first found value s/c ID = UY
2025-09-16T20:08:46.797997Z ERROR hpde_io     First value = ['Heliosphere', 'Heliosphere.Inner', 'Heliosphere.NearEarth', 'Heliosphere.Outer', 'Jupiter', 'Sun.Corona']
2025-09-16T20:08:46.798023Z ERROR hpde_io     This value  = ['Heliosphere.Inner', 'Heliosphere.NearEarth', 'Heliosphere.Outer']
2025-09-16T20:08:46.798049Z ERROR hpde_io     Combining values.
2025-09-16T20:08:46.798079Z ERROR hpde_io   UY_M1_WART: ObservedRegion for this ID differs from first found value s/c ID = UY
2025-09-16T20:08:46.798103Z ERROR hpde_io     First value = ['Heliosphere', 'Heliosphere.Inner', 'Heliosphere.NearEarth', 'Heliosphere.Outer', 'Jupiter', 'Sun.Corona']
2025-09-16T20:08:46.798128Z ERROR hpde_io     This value  = ['Heliosphere.Outer']
2025-09-16T20:08:46.798155Z ERROR hpde_io     Combining values.
2025-09-16T20:08:46.798184Z ERROR hpde_io   UY_M1_WRTD: ObservedRegion for this ID differs from first found value s/c ID = UY
2025-09-16T20:08:46.798212Z ERROR hpde_io     First value = ['Heliosphere', 'Heliosphere.Inner', 'Heliosphere.NearEarth', 'Heliosphere.Outer', 'Jupiter', 'Sun.Corona']
2025-09-16T20:08:46.798236Z ERROR hpde_io     This value  = ['Heliosphere.Outer']
2025-09-16T20:08:46.798262Z ERROR hpde_io     Combining values.
2025-09-16T20:08:46.798291Z ERROR hpde_io   UY_PROTON-DISTRIBUTIONS_SWOOPS: ObservedRegion for this ID differs from first found value s/c ID = UY
2025-09-16T20:08:46.798317Z ERROR hpde_io     First value = ['Heliosphere', 'Heliosphere.Inner', 'Heliosphere.NearEarth', 'Heliosphere.Outer', 'Jupiter', 'Sun.Corona']
2025-09-16T20:08:46.798345Z ERROR hpde_io     This value  = ['Heliosphere', 'Heliosphere.Inner', 'Heliosphere.NearEarth', 'Heliosphere.Outer']
2025-09-16T20:08:46.798368Z ERROR hpde_io     Combining values.
2025-09-16T20:08:46.798398Z ERROR hpde_io   UY_PROTON-FIT-PARAMETERS_SWOOPS: ObservedRegion for this ID differs from first found value s/c ID = UY
2025-09-16T20:08:46.798425Z ERROR hpde_io     First value = ['Heliosphere', 'Heliosphere.Inner', 'Heliosphere.NearEarth', 'Heliosphere.Outer', 'Jupiter', 'Sun.Corona']
2025-09-16T20:08:46.798450Z ERROR hpde_io     This value  = ['Heliosphere', 'Heliosphere.Inner', 'Heliosphere.NearEarth', 'Heliosphere.Outer']
2025-09-16T20:08:46.798475Z ERROR hpde_io     Combining values.
2025-09-16T20:08:46.798504Z ERROR hpde_io   UY_PROTON-MOMENTS_SWOOPS: ObservedRegion for this ID differs from first found value s/c ID = UY
2025-09-16T20:08:46.798531Z ERROR hpde_io     First value = ['Heliosphere', 'Heliosphere.Inner', 'Heliosphere.NearEarth', 'Heliosphere.Outer', 'Jupiter', 'Sun.Corona']
2025-09-16T20:08:46.798557Z ERROR hpde_io     This value  = ['Heliosphere', 'Heliosphere.Inner', 'Heliosphere.NearEarth', 'Heliosphere.Outer']
2025-09-16T20:08:46.798580Z ERROR hpde_io     Combining values.
2025-09-16T20:08:46.798613Z INFO  hpde_io   VG1_PWS_LR: Found first ObservedRegion for s/c ID = VG1: ['Heliosphere', 'Heliosphere.NearEarth', 'Heliosphere.Outer']
2025-09-16T20:08:46.798636Z ERROR hpde_io   VG1_PWS_WF: ObservedRegion for this ID differs from first found value s/c ID = VG1
2025-09-16T20:08:46.798662Z ERROR hpde_io     First value = ['Heliosphere', 'Heliosphere.NearEarth', 'Heliosphere.Outer']
2025-09-16T20:08:46.798691Z ERROR hpde_io     This value  = ['Heliosphere.Heliosheath', 'Heliosphere.Heliosheath', 'Heliosphere.Outer', 'Jupiter', 'Jupiter.Callisto', 'Jupiter.Europa', 'Jupiter.Ganymede', 'Jupiter.Io', 'Jupiter.Magnetosphere', 'Saturn', 'Saturn.Magnetosphere', 'Saturn.Mimas', 'Saturn.Rhea', 'Saturn.Tethys', 'Saturn.Titan']
2025-09-16T20:08:46.798715Z ERROR hpde_io     Combining values.
2025-09-16T20:08:46.798747Z INFO  hpde_io   VG2_PWS_LR: Found first ObservedRegion for s/c ID = VG2: ['Heliosphere', 'Heliosphere.NearEarth', 'Heliosphere.Outer']
2025-09-16T20:08:46.798771Z ERROR hpde_io   VG2_PWS_WF: ObservedRegion for this ID differs from first found value s/c ID = VG2
2025-09-16T20:08:46.798796Z ERROR hpde_io     First value = ['Heliosphere', 'Heliosphere.NearEarth', 'Heliosphere.Outer']
2025-09-16T20:08:46.798827Z ERROR hpde_io     This value  = ['Heliosphere.Heliosheath', 'Heliosphere.Heliosheath', 'Heliosphere.Outer', 'Jupiter', 'Jupiter.Callisto', 'Jupiter.Europa', 'Jupiter.Ganymede', 'Jupiter.Io', 'Jupiter.Magnetosphere', 'Neptune', 'Neptune.Magnetosphere', 'Neptune.Proteus', 'Neptune.Triton', 'Saturn', 'Saturn.Dione', 'Saturn.Enceladus', 'Saturn.Iapetus', 'Saturn.Magnetosphere', 'Saturn.Mimas', 'Saturn.Rhea', 'Saturn.Tethys', 'Saturn.Titan', 'Uranus', 'Uranus.Ariel', 'Uranus.Magnetosphere', 'Uranus.Miranda', 'Uranus.Oberon', 'Uranus.Titania', 'Uranus.Umbriel']
2025-09-16T20:08:46.798856Z ERROR hpde_io     Combining values.
2025-09-16T20:08:46.798890Z INFO  hpde_io   VOYAGER-1_LECP_ELEC-BGND-COR-1D: Found first ObservedRegion for s/c ID = VOYAGER-1: ['Heliosphere.Outer', 'Heliosphere.Heliosheath']
2025-09-16T20:08:46.798915Z INFO  hpde_io   VOYAGER-2_LECP_ELEC-BGND-COR-1D: Found first ObservedRegion for s/c ID = VOYAGER-2: ['Heliosphere.Outer', 'Heliosphere.Heliosheath']
2025-09-16T20:08:46.798942Z INFO  hpde_io   VOYAGER1_10S_MAG: Found first ObservedRegion for s/c ID = VOYAGER1: ['Heliosphere', 'Heliosphere.Outer', 'Heliosphere.Heliosheath']
2025-09-16T20:08:46.798968Z ERROR hpde_io   VOYAGER1_48S_MAG: ObservedRegion for this ID differs from first found value s/c ID = VOYAGER1
2025-09-16T20:08:46.798996Z ERROR hpde_io     First value = ['Heliosphere', 'Heliosphere.Heliosheath', 'Heliosphere.Outer']
2025-09-16T20:08:46.799024Z ERROR hpde_io     This value  = ['Heliosphere.Heliosheath', 'Heliosphere.Outer']
2025-09-16T20:08:46.799048Z ERROR hpde_io     Combining values.
2025-09-16T20:08:46.799078Z ERROR hpde_io   VOYAGER1_48S_MAG-VIM: ObservedRegion for this ID differs from first found value s/c ID = VOYAGER1
2025-09-16T20:08:46.799105Z ERROR hpde_io     First value = ['Heliosphere', 'Heliosphere.Heliosheath', 'Heliosphere.Outer']
2025-09-16T20:08:46.799128Z ERROR hpde_io     This value  = ['Heliosphere.Heliosheath', 'Heliosphere.Outer']
2025-09-16T20:08:46.799154Z ERROR hpde_io     Combining values.
2025-09-16T20:08:46.799184Z ERROR hpde_io   VOYAGER1_COHO1HR_MERGED_MAG_PLASMA: ObservedRegion for this ID differs from first found value s/c ID = VOYAGER1
2025-09-16T20:08:46.799211Z ERROR hpde_io     First value = ['Heliosphere', 'Heliosphere.Heliosheath', 'Heliosphere.Outer']
2025-09-16T20:08:46.799238Z ERROR hpde_io     This value  = ['Heliosphere.Heliosheath', 'Heliosphere.Outer']
2025-09-16T20:08:46.799262Z ERROR hpde_io     Combining values.
2025-09-16T20:08:46.799292Z ERROR hpde_io   VOYAGER1_CRS_DAILY_FLUX: ObservedRegion for this ID differs from first found value s/c ID = VOYAGER1
2025-09-16T20:08:46.799320Z ERROR hpde_io     First value = ['Heliosphere', 'Heliosphere.Heliosheath', 'Heliosphere.Outer']
2025-09-16T20:08:46.799347Z ERROR hpde_io     This value  = ['Heliosphere.Heliosheath', 'Heliosphere.Heliosheath', 'Heliosphere.Outer', 'Jupiter', 'Jupiter.Callisto', 'Jupiter.Europa', 'Jupiter.Ganymede', 'Jupiter.Io', 'Jupiter.Magnetosphere', 'Saturn', 'Saturn.Magnetosphere', 'Saturn.Mimas', 'Saturn.Rhea', 'Saturn.Tethys', 'Saturn.Titan']
2025-09-16T20:08:46.799374Z ERROR hpde_io     Combining values.
2025-09-16T20:08:46.799404Z INFO  hpde_io   VOYAGER1_PLS_COMPOSITION: Not merging ObservedRegion for s/c ID = VOYAGER1_PLS_COMPOSITION
2025-09-16T20:08:46.799426Z INFO  hpde_io   VOYAGER1_PLS_ELECTRONS_E1: Not merging ObservedRegion for s/c ID = VOYAGER1_PLS_ELECTRONS_E1
2025-09-16T20:08:46.799448Z INFO  hpde_io   VOYAGER1_PLS_ELECTRONS_E2: Not merging ObservedRegion for s/c ID = VOYAGER1_PLS_ELECTRONS_E2
2025-09-16T20:08:46.799469Z INFO  hpde_io   VOYAGER1_PLS_HIRES_PLASMA_DATA: Not merging ObservedRegion for s/c ID = VOYAGER1_PLS_HIRES_PLASMA_DATA
2025-09-16T20:08:46.799491Z INFO  hpde_io   VOYAGER1_PLS_IONS_L: Not merging ObservedRegion for s/c ID = VOYAGER1_PLS_IONS_L
2025-09-16T20:08:46.799511Z INFO  hpde_io   VOYAGER1_PLS_IONS_M: Not merging ObservedRegion for s/c ID = VOYAGER1_PLS_IONS_M
2025-09-16T20:08:46.799531Z INFO  hpde_io   VOYAGER2_10S_MAG: Found first ObservedRegion for s/c ID = VOYAGER2: ['Heliosphere', 'Heliosphere.Outer', 'Heliosphere.Heliosheath']
2025-09-16T20:08:46.799554Z ERROR hpde_io   VOYAGER2_48S_MAG: ObservedRegion for this ID differs from first found value s/c ID = VOYAGER2
2025-09-16T20:08:46.799581Z ERROR hpde_io     First value = ['Heliosphere', 'Heliosphere.Heliosheath', 'Heliosphere.Outer']
2025-09-16T20:08:46.799605Z ERROR hpde_io     This value  = ['Heliosphere.Heliosheath', 'Heliosphere.Outer']
2025-09-16T20:08:46.799631Z ERROR hpde_io     Combining values.
2025-09-16T20:08:46.799661Z ERROR hpde_io   VOYAGER2_48S_MAG-VIM: ObservedRegion for this ID differs from first found value s/c ID = VOYAGER2
2025-09-16T20:08:46.799684Z ERROR hpde_io     First value = ['Heliosphere', 'Heliosphere.Heliosheath', 'Heliosphere.Outer']
2025-09-16T20:08:46.799711Z ERROR hpde_io     This value  = ['Heliosphere.Heliosheath', 'Heliosphere.Outer']
2025-09-16T20:08:46.799736Z ERROR hpde_io     Combining values.
2025-09-16T20:08:46.799766Z ERROR hpde_io   VOYAGER2_COHO1HR_MERGED_MAG_PLASMA: ObservedRegion for this ID differs from first found value s/c ID = VOYAGER2
2025-09-16T20:08:46.799792Z ERROR hpde_io     First value = ['Heliosphere', 'Heliosphere.Heliosheath', 'Heliosphere.Outer']
2025-09-16T20:08:46.799816Z ERROR hpde_io     This value  = ['Heliosphere.Heliosheath', 'Heliosphere.Outer']
2025-09-16T20:08:46.799842Z ERROR hpde_io     Combining values.
2025-09-16T20:08:46.799870Z INFO  hpde_io   VOYAGER2_PLS_COMPOSITION: Not merging ObservedRegion for s/c ID = VOYAGER2_PLS_COMPOSITION
2025-09-16T20:08:46.799892Z INFO  hpde_io   VOYAGER2_PLS_ELECTRONS_E1: Not merging ObservedRegion for s/c ID = VOYAGER2_PLS_ELECTRONS_E1
2025-09-16T20:08:46.799913Z INFO  hpde_io   VOYAGER2_PLS_ELECTRONS_E2: Not merging ObservedRegion for s/c ID = VOYAGER2_PLS_ELECTRONS_E2
2025-09-16T20:08:46.799933Z INFO  hpde_io   VOYAGER2_PLS_HIRES_PLASMA_DATA: Not merging ObservedRegion for s/c ID = VOYAGER2_PLS_HIRES_PLASMA_DATA
2025-09-16T20:08:46.799953Z INFO  hpde_io   VOYAGER2_PLS_IONS_L: Not merging ObservedRegion for s/c ID = VOYAGER2_PLS_IONS_L
2025-09-16T20:08:46.799973Z INFO  hpde_io   VOYAGER2_PLS_IONS_M: Not merging ObservedRegion for s/c ID = VOYAGER2_PLS_IONS_M
2025-09-16T20:08:46.799997Z INFO  hpde_io   WIND_3DP_ECHSFITS_E0-YR: Found first ObservedRegion for s/c ID = WIND: ['Earth.Magnetosphere', 'Earth.Magnetosheath', 'Earth.Magnetosphere.Magnetotail', 'Heliosphere.NearEarth']
2025-09-16T20:08:46.800020Z INFO  hpde_io   WI_AT_DEF: Found first ObservedRegion for s/c ID = WI: ['Heliosphere', 'Heliosphere.NearEarth', 'Heliosphere.Inner']
2025-09-16T20:08:46.800045Z ERROR hpde_io   WI_EHPD_3DP: ObservedRegion for this ID differs from first found value s/c ID = WI
2025-09-16T20:08:46.800070Z ERROR hpde_io     First value = ['Heliosphere', 'Heliosphere.Inner', 'Heliosphere.NearEarth']
2025-09-16T20:08:46.800095Z ERROR hpde_io     This value  = ['Heliosphere.NearEarth']
2025-09-16T20:08:46.800119Z ERROR hpde_io     Combining values.
2025-09-16T20:08:46.800147Z ERROR hpde_io   WI_EHSP_3DP: ObservedRegion for this ID differs from first found value s/c ID = WI
2025-09-16T20:08:46.800174Z ERROR hpde_io     First value = ['Heliosphere', 'Heliosphere.Inner', 'Heliosphere.NearEarth']
2025-09-16T20:08:46.800200Z ERROR hpde_io     This value  = ['Heliosphere.NearEarth']
2025-09-16T20:08:46.800226Z ERROR hpde_io     Combining values.
2025-09-16T20:08:46.800256Z ERROR hpde_io   WI_ELM2_3DP: ObservedRegion for this ID differs from first found value s/c ID = WI
2025-09-16T20:08:46.800282Z ERROR hpde_io     First value = ['Heliosphere', 'Heliosphere.Inner', 'Heliosphere.NearEarth']
2025-09-16T20:08:46.800309Z ERROR hpde_io     This value  = ['Heliosphere.NearEarth']
2025-09-16T20:08:46.800334Z ERROR hpde_io     Combining values.
2025-09-16T20:08:46.800362Z ERROR hpde_io   WI_ELPD_3DP: ObservedRegion for this ID differs from first found value s/c ID = WI
2025-09-16T20:08:46.800388Z ERROR hpde_io     First value = ['Heliosphere', 'Heliosphere.Inner', 'Heliosphere.NearEarth']
2025-09-16T20:08:46.800414Z ERROR hpde_io     This value  = ['Heliosphere.NearEarth']
2025-09-16T20:08:46.800440Z ERROR hpde_io     Combining values.
2025-09-16T20:08:46.800475Z ERROR hpde_io   WI_EM_3DP: ObservedRegion for this ID differs from first found value s/c ID = WI
2025-09-16T20:08:46.800502Z ERROR hpde_io     First value = ['Heliosphere', 'Heliosphere.Inner', 'Heliosphere.NearEarth']
2025-09-16T20:08:46.800525Z ERROR hpde_io     This value  = ['Heliosphere.NearEarth']
2025-09-16T20:08:46.800551Z ERROR hpde_io     Combining values.
2025-09-16T20:08:46.800593Z ERROR hpde_io   WI_H0_MFI: ObservedRegion for this ID differs from first found value s/c ID = WI
2025-09-16T20:08:46.800616Z ERROR hpde_io     First value = ['Heliosphere', 'Heliosphere.Inner', 'Heliosphere.NearEarth']
2025-09-16T20:08:46.800642Z ERROR hpde_io     This value  = ['Earth.Magnetosheath', 'Earth.Magnetosphere', 'Earth.Magnetosphere.Magnetotail', 'Earth.Magnetosphere.Main', 'Heliosphere.NearEarth']
2025-09-16T20:08:46.800668Z ERROR hpde_io     Combining values.
2025-09-16T20:08:46.800699Z ERROR hpde_io   WI_H0_SWE: ObservedRegion for this ID differs from first found value s/c ID = WI
2025-09-16T20:08:46.800726Z ERROR hpde_io     First value = ['Earth.Magnetosheath', 'Earth.Magnetosphere', 'Earth.Magnetosphere.Magnetotail', 'Earth.Magnetosphere.Main', 'Heliosphere', 'Heliosphere.Inner', 'Heliosphere.NearEarth']
2025-09-16T20:08:46.800752Z ERROR hpde_io     This value  = ['Earth.Magnetosheath', 'Earth.Magnetosphere.Magnetotail', 'Heliosphere.Inner', 'Heliosphere.NearEarth']
2025-09-16T20:08:46.800778Z ERROR hpde_io     Combining values.
2025-09-16T20:08:46.800806Z ERROR hpde_io   WI_H0_WAV: ObservedRegion for this ID differs from first found value s/c ID = WI
2025-09-16T20:08:46.800833Z ERROR hpde_io     First value = ['Earth.Magnetosheath', 'Earth.Magnetosphere', 'Earth.Magnetosphere.Magnetotail', 'Earth.Magnetosphere.Main', 'Heliosphere', 'Heliosphere.Inner', 'Heliosphere.NearEarth']
2025-09-16T20:08:46.800859Z ERROR hpde_io     This value  = ['Heliosphere', 'Heliosphere.Inner', 'Heliosphere.NearEarth']
2025-09-16T20:08:46.800885Z ERROR hpde_io     Combining values.
2025-09-16T20:08:46.800915Z ERROR hpde_io   WI_H1_SWE: ObservedRegion for this ID differs from first found value s/c ID = WI
2025-09-16T20:08:46.800940Z ERROR hpde_io     First value = ['Earth.Magnetosheath', 'Earth.Magnetosphere', 'Earth.Magnetosphere.Magnetotail', 'Earth.Magnetosphere.Main', 'Heliosphere', 'Heliosphere.Inner', 'Heliosphere.NearEarth']
2025-09-16T20:08:46.800965Z ERROR hpde_io     This value  = ['Heliosphere.NearEarth']
2025-09-16T20:08:46.800990Z ERROR hpde_io     Combining values.
2025-09-16T20:08:46.801022Z ERROR hpde_io   WI_H1_WAV: ObservedRegion for this ID differs from first found value s/c ID = WI
2025-09-16T20:08:46.801048Z ERROR hpde_io     First value = ['Earth.Magnetosheath', 'Earth.Magnetosphere', 'Earth.Magnetosphere.Magnetotail', 'Earth.Magnetosphere.Main', 'Heliosphere', 'Heliosphere.Inner', 'Heliosphere.NearEarth']
2025-09-16T20:08:46.801074Z ERROR hpde_io     This value  = ['Earth.Magnetosphere', 'Earth.NearSurface.AuroralRegion', 'Earth.NearSurface.Plasmasphere', 'Earth.NearSurface.PolarCap', 'Heliosphere.Inner']
2025-09-16T20:08:46.801099Z ERROR hpde_io     Combining values.
2025-09-16T20:08:46.801130Z ERROR hpde_io   WI_H2_MFI: ObservedRegion for this ID differs from first found value s/c ID = WI
2025-09-16T20:08:46.801158Z ERROR hpde_io     First value = ['Earth.Magnetosheath', 'Earth.Magnetosphere', 'Earth.Magnetosphere.Magnetotail', 'Earth.Magnetosphere.Main', 'Earth.NearSurface.AuroralRegion', 'Earth.NearSurface.Plasmasphere', 'Earth.NearSurface.PolarCap', 'Heliosphere', 'Heliosphere.Inner', 'Heliosphere.NearEarth']
2025-09-16T20:08:46.801186Z ERROR hpde_io     This value  = ['Earth.Magnetosheath', 'Earth.Magnetosphere', 'Earth.Magnetosphere.Magnetotail', 'Earth.Magnetosphere.Main', 'Heliosphere.NearEarth']
2025-09-16T20:08:46.801209Z ERROR hpde_io     Combining values.
2025-09-16T20:08:46.801240Z ERROR hpde_io   WI_H3-RTN_MFI: ObservedRegion for this ID differs from first found value s/c ID = WI
2025-09-16T20:08:46.801267Z ERROR hpde_io     First value = ['Earth.Magnetosheath', 'Earth.Magnetosphere', 'Earth.Magnetosphere.Magnetotail', 'Earth.Magnetosphere.Main', 'Earth.NearSurface.AuroralRegion', 'Earth.NearSurface.Plasmasphere', 'Earth.NearSurface.PolarCap', 'Heliosphere', 'Heliosphere.Inner', 'Heliosphere.NearEarth']
2025-09-16T20:08:46.801295Z ERROR hpde_io     This value  = ['Earth.Magnetosheath', 'Earth.Magnetosphere', 'Earth.Magnetosphere.Magnetotail', 'Earth.Magnetosphere.Main', 'Heliosphere.NearEarth']
2025-09-16T20:08:46.801321Z ERROR hpde_io     Combining values.
2025-09-16T20:08:46.801350Z ERROR hpde_io   WI_H3_SWE: ObservedRegion for this ID differs from first found value s/c ID = WI
2025-09-16T20:08:46.801378Z ERROR hpde_io     First value = ['Earth.Magnetosheath', 'Earth.Magnetosphere', 'Earth.Magnetosphere.Magnetotail', 'Earth.Magnetosphere.Main', 'Earth.NearSurface.AuroralRegion', 'Earth.NearSurface.Plasmasphere', 'Earth.NearSurface.PolarCap', 'Heliosphere', 'Heliosphere.Inner', 'Heliosphere.NearEarth']
2025-09-16T20:08:46.801405Z ERROR hpde_io     This value  = ['Earth.Magnetosheath', 'Earth.Magnetosphere.Magnetotail', 'Heliosphere.Inner', 'Heliosphere.NearEarth']
2025-09-16T20:08:46.801430Z ERROR hpde_io     Combining values.
2025-09-16T20:08:46.801459Z ERROR hpde_io   WI_H4-RTN_MFI: ObservedRegion for this ID differs from first found value s/c ID = WI
2025-09-16T20:08:46.801486Z ERROR hpde_io     First value = ['Earth.Magnetosheath', 'Earth.Magnetosphere', 'Earth.Magnetosphere.Magnetotail', 'Earth.Magnetosphere.Main', 'Earth.NearSurface.AuroralRegion', 'Earth.NearSurface.Plasmasphere', 'Earth.NearSurface.PolarCap', 'Heliosphere', 'Heliosphere.Inner', 'Heliosphere.NearEarth']
2025-09-16T20:08:46.801512Z ERROR hpde_io     This value  = ['Earth.Magnetosheath', 'Earth.Magnetosphere', 'Earth.Magnetosphere.Magnetotail', 'Earth.Magnetosphere.Main', 'Heliosphere.NearEarth']
2025-09-16T20:08:46.801537Z ERROR hpde_io     Combining values.
2025-09-16T20:08:46.801569Z ERROR hpde_io   WI_H4_SWE: ObservedRegion for this ID differs from first found value s/c ID = WI
2025-09-16T20:08:46.801594Z ERROR hpde_io     First value = ['Earth.Magnetosheath', 'Earth.Magnetosphere', 'Earth.Magnetosphere.Magnetotail', 'Earth.Magnetosphere.Main', 'Earth.NearSurface.AuroralRegion', 'Earth.NearSurface.Plasmasphere', 'Earth.NearSurface.PolarCap', 'Heliosphere', 'Heliosphere.Inner', 'Heliosphere.NearEarth']
2025-09-16T20:08:46.801622Z ERROR hpde_io     This value  = ['Earth.Magnetosheath', 'Earth.Magnetosphere.Magnetotail', 'Heliosphere.Inner', 'Heliosphere.NearEarth']
2025-09-16T20:08:46.801645Z ERROR hpde_io     Combining values.
2025-09-16T20:08:46.801675Z ERROR hpde_io   WI_H5_SWE: ObservedRegion for this ID differs from first found value s/c ID = WI
2025-09-16T20:08:46.801702Z ERROR hpde_io     First value = ['Earth.Magnetosheath', 'Earth.Magnetosphere', 'Earth.Magnetosphere.Magnetotail', 'Earth.Magnetosphere.Main', 'Earth.NearSurface.AuroralRegion', 'Earth.NearSurface.Plasmasphere', 'Earth.NearSurface.PolarCap', 'Heliosphere', 'Heliosphere.Inner', 'Heliosphere.NearEarth']
2025-09-16T20:08:46.801729Z ERROR hpde_io     This value  = ['Earth.Magnetosheath', 'Earth.Magnetosphere.Magnetotail', 'Heliosphere.Inner', 'Heliosphere.NearEarth']
2025-09-16T20:08:46.801756Z ERROR hpde_io     Combining values.
2025-09-16T20:08:46.801786Z ERROR hpde_io   WI_K0_3DP: ObservedRegion for this ID differs from first found value s/c ID = WI
2025-09-16T20:08:46.801813Z ERROR hpde_io     First value = ['Earth.Magnetosheath', 'Earth.Magnetosphere', 'Earth.Magnetosphere.Magnetotail', 'Earth.Magnetosphere.Main', 'Earth.NearSurface.AuroralRegion', 'Earth.NearSurface.Plasmasphere', 'Earth.NearSurface.PolarCap', 'Heliosphere', 'Heliosphere.Inner', 'Heliosphere.NearEarth']
2025-09-16T20:08:46.801839Z ERROR hpde_io     This value  = ['Heliosphere.NearEarth']
2025-09-16T20:08:46.801865Z ERROR hpde_io     Combining values.
2025-09-16T20:08:46.801892Z ERROR hpde_io   WI_K0_EPA: ObservedRegion for this ID differs from first found value s/c ID = WI
2025-09-16T20:08:46.801919Z ERROR hpde_io     First value = ['Earth.Magnetosheath', 'Earth.Magnetosphere', 'Earth.Magnetosphere.Magnetotail', 'Earth.Magnetosphere.Main', 'Earth.NearSurface.AuroralRegion', 'Earth.NearSurface.Plasmasphere', 'Earth.NearSurface.PolarCap', 'Heliosphere', 'Heliosphere.Inner', 'Heliosphere.NearEarth']
2025-09-16T20:08:46.801946Z ERROR hpde_io     This value  = ['Heliosphere.NearEarth']
2025-09-16T20:08:46.801971Z ERROR hpde_io     Combining values.
2025-09-16T20:08:46.802000Z ERROR hpde_io   WI_K0_MFI: ObservedRegion for this ID differs from first found value s/c ID = WI
2025-09-16T20:08:46.802028Z ERROR hpde_io     First value = ['Earth.Magnetosheath', 'Earth.Magnetosphere', 'Earth.Magnetosphere.Magnetotail', 'Earth.Magnetosphere.Main', 'Earth.NearSurface.AuroralRegion', 'Earth.NearSurface.Plasmasphere', 'Earth.NearSurface.PolarCap', 'Heliosphere', 'Heliosphere.Inner', 'Heliosphere.NearEarth']
2025-09-16T20:08:46.802053Z ERROR hpde_io     This value  = ['Heliosphere', 'Heliosphere.Inner', 'Heliosphere.NearEarth']
2025-09-16T20:08:46.802079Z ERROR hpde_io     Combining values.
2025-09-16T20:08:46.802108Z ERROR hpde_io   WI_K0_SMS: ObservedRegion for this ID differs from first found value s/c ID = WI
2025-09-16T20:08:46.802135Z ERROR hpde_io     First value = ['Earth.Magnetosheath', 'Earth.Magnetosphere', 'Earth.Magnetosphere.Magnetotail', 'Earth.Magnetosphere.Main', 'Earth.NearSurface.AuroralRegion', 'Earth.NearSurface.Plasmasphere', 'Earth.NearSurface.PolarCap', 'Heliosphere', 'Heliosphere.Inner', 'Heliosphere.NearEarth']
2025-09-16T20:08:46.802160Z ERROR hpde_io     This value  = ['Heliosphere.NearEarth']
2025-09-16T20:08:46.802185Z ERROR hpde_io     Combining values.
2025-09-16T20:08:46.802214Z ERROR hpde_io   WI_K0_SPHA: ObservedRegion for this ID differs from first found value s/c ID = WI
2025-09-16T20:08:46.802241Z ERROR hpde_io     First value = ['Earth.Magnetosheath', 'Earth.Magnetosphere', 'Earth.Magnetosphere.Magnetotail', 'Earth.Magnetosphere.Main', 'Earth.NearSurface.AuroralRegion', 'Earth.NearSurface.Plasmasphere', 'Earth.NearSurface.PolarCap', 'Heliosphere', 'Heliosphere.Inner', 'Heliosphere.NearEarth']
2025-09-16T20:08:46.802268Z ERROR hpde_io     This value  = ['Heliosphere', 'Heliosphere.Inner', 'Heliosphere.NearEarth']
2025-09-16T20:08:46.802291Z ERROR hpde_io     Combining values.
2025-09-16T20:08:46.802320Z ERROR hpde_io   WI_K0_SWE: ObservedRegion for this ID differs from first found value s/c ID = WI
2025-09-16T20:08:46.802348Z ERROR hpde_io     First value = ['Earth.Magnetosheath', 'Earth.Magnetosphere', 'Earth.Magnetosphere.Magnetotail', 'Earth.Magnetosphere.Main', 'Earth.NearSurface.AuroralRegion', 'Earth.NearSurface.Plasmasphere', 'Earth.NearSurface.PolarCap', 'Heliosphere', 'Heliosphere.Inner', 'Heliosphere.NearEarth']
2025-09-16T20:08:46.802375Z ERROR hpde_io     This value  = ['Heliosphere', 'Heliosphere.Inner', 'Heliosphere.NearEarth']
2025-09-16T20:08:46.802401Z ERROR hpde_io     Combining values.
2025-09-16T20:08:46.802429Z ERROR hpde_io   WI_K0_WAV: ObservedRegion for this ID differs from first found value s/c ID = WI
2025-09-16T20:08:46.802456Z ERROR hpde_io     First value = ['Earth.Magnetosheath', 'Earth.Magnetosphere', 'Earth.Magnetosphere.Magnetotail', 'Earth.Magnetosphere.Main', 'Earth.NearSurface.AuroralRegion', 'Earth.NearSurface.Plasmasphere', 'Earth.NearSurface.PolarCap', 'Heliosphere', 'Heliosphere.Inner', 'Heliosphere.NearEarth']
2025-09-16T20:08:46.802488Z ERROR hpde_io     This value  = ['Heliosphere', 'Heliosphere.Inner', 'Heliosphere.NearEarth']
2025-09-16T20:08:46.802514Z ERROR hpde_io     Combining values.
2025-09-16T20:08:46.802545Z ERROR hpde_io   WI_L2-1HOUR-SEP_EPACT-APE_B: ObservedRegion for this ID differs from first found value s/c ID = WI
2025-09-16T20:08:46.802573Z ERROR hpde_io     First value = ['Earth.Magnetosheath', 'Earth.Magnetosphere', 'Earth.Magnetosphere.Magnetotail', 'Earth.Magnetosphere.Main', 'Earth.NearSurface.AuroralRegion', 'Earth.NearSurface.Plasmasphere', 'Earth.NearSurface.PolarCap', 'Heliosphere', 'Heliosphere.Inner', 'Heliosphere.NearEarth']
2025-09-16T20:08:46.802600Z ERROR hpde_io     This value  = ['Heliosphere', 'Heliosphere.Inner', 'Heliosphere.NearEarth']
2025-09-16T20:08:46.802624Z ERROR hpde_io     Combining values.
2025-09-16T20:08:46.802653Z ERROR hpde_io   WI_L2-1HOUR-SEP_EPACT-LEMT: ObservedRegion for this ID differs from first found value s/c ID = WI
2025-09-16T20:08:46.802681Z ERROR hpde_io     First value = ['Earth.Magnetosheath', 'Earth.Magnetosphere', 'Earth.Magnetosphere.Magnetotail', 'Earth.Magnetosphere.Main', 'Earth.NearSurface.AuroralRegion', 'Earth.NearSurface.Plasmasphere', 'Earth.NearSurface.PolarCap', 'Heliosphere', 'Heliosphere.Inner', 'Heliosphere.NearEarth']
2025-09-16T20:08:46.802707Z ERROR hpde_io     This value  = ['Heliosphere.NearEarth']
2025-09-16T20:08:46.802733Z ERROR hpde_io     Combining values.
2025-09-16T20:08:46.802762Z ERROR hpde_io   WI_L2-30MIN_SMS-STICS-AFM-MAGNETOSPHERE: ObservedRegion for this ID differs from first found value s/c ID = WI
2025-09-16T20:08:46.802789Z ERROR hpde_io     First value = ['Earth.Magnetosheath', 'Earth.Magnetosphere', 'Earth.Magnetosphere.Magnetotail', 'Earth.Magnetosphere.Main', 'Earth.NearSurface.AuroralRegion', 'Earth.NearSurface.Plasmasphere', 'Earth.NearSurface.PolarCap', 'Heliosphere', 'Heliosphere.Inner', 'Heliosphere.NearEarth']
2025-09-16T20:08:46.802816Z ERROR hpde_io     This value  = ['Earth.Magnetosphere']
2025-09-16T20:08:46.802841Z ERROR hpde_io     Combining values.
2025-09-16T20:08:46.802871Z ERROR hpde_io   WI_L2-30MIN_SMS-STICS-AFM-SOLARWIND: ObservedRegion for this ID differs from first found value s/c ID = WI
2025-09-16T20:08:46.802897Z ERROR hpde_io     First value = ['Earth.Magnetosheath', 'Earth.Magnetosphere', 'Earth.Magnetosphere.Magnetotail', 'Earth.Magnetosphere.Main', 'Earth.NearSurface.AuroralRegion', 'Earth.NearSurface.Plasmasphere', 'Earth.NearSurface.PolarCap', 'Heliosphere', 'Heliosphere.Inner', 'Heliosphere.NearEarth']
2025-09-16T20:08:46.802922Z ERROR hpde_io     This value  = ['Heliosphere', 'Heliosphere.Inner', 'Heliosphere.NearEarth']
2025-09-16T20:08:46.802948Z ERROR hpde_io     Combining values.
2025-09-16T20:08:46.802976Z ERROR hpde_io   WI_L2-30MIN_SMS-STICS-ERPA-MAGNETOSPHERE: ObservedRegion for this ID differs from first found value s/c ID = WI
2025-09-16T20:08:46.803004Z ERROR hpde_io     First value = ['Earth.Magnetosheath', 'Earth.Magnetosphere', 'Earth.Magnetosphere.Magnetotail', 'Earth.Magnetosphere.Main', 'Earth.NearSurface.AuroralRegion', 'Earth.NearSurface.Plasmasphere', 'Earth.NearSurface.PolarCap', 'Heliosphere', 'Heliosphere.Inner', 'Heliosphere.NearEarth']
2025-09-16T20:08:46.803029Z ERROR hpde_io     This value  = ['Earth.Magnetosphere']
2025-09-16T20:08:46.803053Z ERROR hpde_io     Combining values.
2025-09-16T20:08:46.803083Z ERROR hpde_io   WI_L2-30MIN_SMS-STICS-ERPA-SOLARWIND: ObservedRegion for this ID differs from first found value s/c ID = WI
2025-09-16T20:08:46.803110Z ERROR hpde_io     First value = ['Earth.Magnetosheath', 'Earth.Magnetosphere', 'Earth.Magnetosphere.Magnetotail', 'Earth.Magnetosphere.Main', 'Earth.NearSurface.AuroralRegion', 'Earth.NearSurface.Plasmasphere', 'Earth.NearSurface.PolarCap', 'Heliosphere', 'Heliosphere.Inner', 'Heliosphere.NearEarth']
2025-09-16T20:08:46.803137Z ERROR hpde_io     This value  = ['Heliosphere', 'Heliosphere.Inner', 'Heliosphere.NearEarth']
2025-09-16T20:08:46.803161Z ERROR hpde_io     Combining values.
2025-09-16T20:08:46.803190Z ERROR hpde_io   WI_L2-3MIN_SMS-STICS-VDF-MAGNETOSPHERE: ObservedRegion for this ID differs from first found value s/c ID = WI
2025-09-16T20:08:46.803218Z ERROR hpde_io     First value = ['Earth.Magnetosheath', 'Earth.Magnetosphere', 'Earth.Magnetosphere.Magnetotail', 'Earth.Magnetosphere.Main', 'Earth.NearSurface.AuroralRegion', 'Earth.NearSurface.Plasmasphere', 'Earth.NearSurface.PolarCap', 'Heliosphere', 'Heliosphere.Inner', 'Heliosphere.NearEarth']
2025-09-16T20:08:46.803244Z ERROR hpde_io     This value  = ['Earth.Magnetosphere']
2025-09-16T20:08:46.803270Z ERROR hpde_io     Combining values.
2025-09-16T20:08:46.803298Z ERROR hpde_io   WI_L2-3MIN_SMS-STICS-VDF-SOLARWIND: ObservedRegion for this ID differs from first found value s/c ID = WI
2025-09-16T20:08:46.803325Z ERROR hpde_io     First value = ['Earth.Magnetosheath', 'Earth.Magnetosphere', 'Earth.Magnetosphere.Magnetotail', 'Earth.Magnetosphere.Main', 'Earth.NearSurface.AuroralRegion', 'Earth.NearSurface.Plasmasphere', 'Earth.NearSurface.PolarCap', 'Heliosphere', 'Heliosphere.Inner', 'Heliosphere.NearEarth']
2025-09-16T20:08:46.803352Z ERROR hpde_io     This value  = ['Heliosphere', 'Heliosphere.Inner', 'Heliosphere.NearEarth']
2025-09-16T20:08:46.803378Z ERROR hpde_io     Combining values.
2025-09-16T20:08:46.803407Z ERROR hpde_io   WI_L2-5MIN-SEP_EPACT-LEMT: ObservedRegion for this ID differs from first found value s/c ID = WI
2025-09-16T20:08:46.803432Z ERROR hpde_io     First value = ['Earth.Magnetosheath', 'Earth.Magnetosphere', 'Earth.Magnetosphere.Magnetotail', 'Earth.Magnetosphere.Main', 'Earth.NearSurface.AuroralRegion', 'Earth.NearSurface.Plasmasphere', 'Earth.NearSurface.PolarCap', 'Heliosphere', 'Heliosphere.Inner', 'Heliosphere.NearEarth']
2025-09-16T20:08:46.803458Z ERROR hpde_io     This value  = ['Heliosphere.NearEarth']
2025-09-16T20:08:46.803483Z ERROR hpde_io     Combining values.
2025-09-16T20:08:46.803513Z ERROR hpde_io   WI_L2_3MIN_SMS-STICS-NVT-MAGNETOSPHERE: ObservedRegion for this ID differs from first found value s/c ID = WI
2025-09-16T20:08:46.803540Z ERROR hpde_io     First value = ['Earth.Magnetosheath', 'Earth.Magnetosphere', 'Earth.Magnetosphere.Magnetotail', 'Earth.Magnetosphere.Main', 'Earth.NearSurface.AuroralRegion', 'Earth.NearSurface.Plasmasphere', 'Earth.NearSurface.PolarCap', 'Heliosphere', 'Heliosphere.Inner', 'Heliosphere.NearEarth']
2025-09-16T20:08:46.803565Z ERROR hpde_io     This value  = ['Earth.Magnetosphere']
2025-09-16T20:08:46.803591Z ERROR hpde_io     Combining values.
2025-09-16T20:08:46.803620Z ERROR hpde_io   WI_L2_3MIN_SMS-STICS-NVT-SOLARWIND: ObservedRegion for this ID differs from first found value s/c ID = WI
2025-09-16T20:08:46.803648Z ERROR hpde_io     First value = ['Earth.Magnetosheath', 'Earth.Magnetosphere', 'Earth.Magnetosphere.Magnetotail', 'Earth.Magnetosphere.Main', 'Earth.NearSurface.AuroralRegion', 'Earth.NearSurface.Plasmasphere', 'Earth.NearSurface.PolarCap', 'Heliosphere', 'Heliosphere.Inner', 'Heliosphere.NearEarth']
2025-09-16T20:08:46.803675Z ERROR hpde_io     This value  = ['Heliosphere', 'Heliosphere.Inner', 'Heliosphere.NearEarth']
2025-09-16T20:08:46.803699Z ERROR hpde_io     Combining values.
2025-09-16T20:08:46.803729Z ERROR hpde_io   WI_L3-DUSTIMPACT_WAVES: ObservedRegion for this ID differs from first found value s/c ID = WI
2025-09-16T20:08:46.803757Z ERROR hpde_io     First value = ['Earth.Magnetosheath', 'Earth.Magnetosphere', 'Earth.Magnetosphere.Magnetotail', 'Earth.Magnetosphere.Main', 'Earth.NearSurface.AuroralRegion', 'Earth.NearSurface.Plasmasphere', 'Earth.NearSurface.PolarCap', 'Heliosphere', 'Heliosphere.Inner', 'Heliosphere.NearEarth']
2025-09-16T20:08:46.803783Z ERROR hpde_io     This value  = ['Heliosphere', 'Heliosphere.Inner', 'Heliosphere.NearEarth']
2025-09-16T20:08:46.803809Z ERROR hpde_io     Combining values.
2025-09-16T20:08:46.803837Z ERROR hpde_io   WI_M0_SWE: ObservedRegion for this ID differs from first found value s/c ID = WI
2025-09-16T20:08:46.803864Z ERROR hpde_io     First value = ['Earth.Magnetosheath', 'Earth.Magnetosphere', 'Earth.Magnetosphere.Magnetotail', 'Earth.Magnetosphere.Main', 'Earth.NearSurface.AuroralRegion', 'Earth.NearSurface.Plasmasphere', 'Earth.NearSurface.PolarCap', 'Heliosphere', 'Heliosphere.Inner', 'Heliosphere.NearEarth']
2025-09-16T20:08:46.803891Z ERROR hpde_io     This value  = ['Earth.Magnetosheath', 'Earth.Magnetosphere.Magnetotail', 'Heliosphere.Inner', 'Heliosphere.NearEarth']
2025-09-16T20:08:46.803917Z ERROR hpde_io     Combining values.
2025-09-16T20:08:46.803947Z ERROR hpde_io   WI_M2_SWE: ObservedRegion for this ID differs from first found value s/c ID = WI
2025-09-16T20:08:46.803973Z ERROR hpde_io     First value = ['Earth.Magnetosheath', 'Earth.Magnetosphere', 'Earth.Magnetosphere.Magnetotail', 'Earth.Magnetosphere.Main', 'Earth.NearSurface.AuroralRegion', 'Earth.NearSurface.Plasmasphere', 'Earth.NearSurface.PolarCap', 'Heliosphere', 'Heliosphere.Inner', 'Heliosphere.NearEarth']
2025-09-16T20:08:46.803999Z ERROR hpde_io     This value  = ['Earth.Magnetosheath', 'Earth.Magnetosphere.Magnetotail', 'Heliosphere.Inner', 'Heliosphere.NearEarth']
2025-09-16T20:08:46.804024Z ERROR hpde_io     Combining values.
2025-09-16T20:08:46.804054Z ERROR hpde_io   WI_OR_DEF: ObservedRegion for this ID differs from first found value s/c ID = WI
2025-09-16T20:08:46.804081Z ERROR hpde_io     First value = ['Earth.Magnetosheath', 'Earth.Magnetosphere', 'Earth.Magnetosphere.Magnetotail', 'Earth.Magnetosphere.Main', 'Earth.NearSurface.AuroralRegion', 'Earth.NearSurface.Plasmasphere', 'Earth.NearSurface.PolarCap', 'Heliosphere', 'Heliosphere.Inner', 'Heliosphere.NearEarth']
2025-09-16T20:08:46.804106Z ERROR hpde_io     This value  = ['Heliosphere', 'Heliosphere.Inner', 'Heliosphere.NearEarth']
2025-09-16T20:08:46.804131Z ERROR hpde_io     Combining values.
2025-09-16T20:08:46.804160Z ERROR hpde_io   WI_OR_PRE: ObservedRegion for this ID differs from first found value s/c ID = WI
2025-09-16T20:08:46.804188Z ERROR hpde_io     First value = ['Earth.Magnetosheath', 'Earth.Magnetosphere', 'Earth.Magnetosphere.Magnetotail', 'Earth.Magnetosphere.Main', 'Earth.NearSurface.AuroralRegion', 'Earth.NearSurface.Plasmasphere', 'Earth.NearSurface.PolarCap', 'Heliosphere', 'Heliosphere.Inner', 'Heliosphere.NearEarth']
2025-09-16T20:08:46.804214Z ERROR hpde_io     This value  = ['Heliosphere.NearEarth']
2025-09-16T20:08:46.804237Z ERROR hpde_io     Combining values.
2025-09-16T20:08:46.804266Z ERROR hpde_io   WI_PLSP_3DP: ObservedRegion for this ID differs from first found value s/c ID = WI
2025-09-16T20:08:46.804293Z ERROR hpde_io     First value = ['Earth.Magnetosheath', 'Earth.Magnetosphere', 'Earth.Magnetosphere.Magnetotail', 'Earth.Magnetosphere.Main', 'Earth.NearSurface.AuroralRegion', 'Earth.NearSurface.Plasmasphere', 'Earth.NearSurface.PolarCap', 'Heliosphere', 'Heliosphere.Inner', 'Heliosphere.NearEarth']
2025-09-16T20:08:46.804322Z ERROR hpde_io     This value  = ['Heliosphere.NearEarth']
2025-09-16T20:08:46.804348Z ERROR hpde_io     Combining values.
2025-09-16T20:08:46.804376Z ERROR hpde_io   WI_PM_3DP: ObservedRegion for this ID differs from first found value s/c ID = WI
2025-09-16T20:08:46.804402Z ERROR hpde_io     First value = ['Earth.Magnetosheath', 'Earth.Magnetosphere', 'Earth.Magnetosphere.Magnetotail', 'Earth.Magnetosphere.Main', 'Earth.NearSurface.AuroralRegion', 'Earth.NearSurface.Plasmasphere', 'Earth.NearSurface.PolarCap', 'Heliosphere', 'Heliosphere.Inner', 'Heliosphere.NearEarth']
2025-09-16T20:08:46.804429Z ERROR hpde_io     This value  = ['Heliosphere.NearEarth']
2025-09-16T20:08:46.804454Z ERROR hpde_io     Combining values.
2025-09-16T20:08:46.804483Z ERROR hpde_io   WI_SFPD_3DP: ObservedRegion for this ID differs from first found value s/c ID = WI
2025-09-16T20:08:46.804509Z ERROR hpde_io     First value = ['Earth.Magnetosheath', 'Earth.Magnetosphere', 'Earth.Magnetosphere.Magnetotail', 'Earth.Magnetosphere.Main', 'Earth.NearSurface.AuroralRegion', 'Earth.NearSurface.Plasmasphere', 'Earth.NearSurface.PolarCap', 'Heliosphere', 'Heliosphere.Inner', 'Heliosphere.NearEarth']
2025-09-16T20:08:46.804536Z ERROR hpde_io     This value  = ['Heliosphere.NearEarth']
2025-09-16T20:08:46.804562Z ERROR hpde_io     Combining values.
2025-09-16T20:08:46.804590Z ERROR hpde_io   WI_SFSP_3DP: ObservedRegion for this ID differs from first found value s/c ID = WI
2025-09-16T20:08:46.804618Z ERROR hpde_io     First value = ['Earth.Magnetosheath', 'Earth.Magnetosphere', 'Earth.Magnetosphere.Magnetotail', 'Earth.Magnetosphere.Main', 'Earth.NearSurface.AuroralRegion', 'Earth.NearSurface.Plasmasphere', 'Earth.NearSurface.PolarCap', 'Heliosphere', 'Heliosphere.Inner', 'Heliosphere.NearEarth']
2025-09-16T20:08:46.804643Z ERROR hpde_io     This value  = ['Heliosphere.NearEarth']
2025-09-16T20:08:46.804668Z ERROR hpde_io     Combining values.
2025-09-16T20:08:46.804697Z ERROR hpde_io   WI_SOPD_3DP: ObservedRegion for this ID differs from first found value s/c ID = WI
2025-09-16T20:08:46.804725Z ERROR hpde_io     First value = ['Earth.Magnetosheath', 'Earth.Magnetosphere', 'Earth.Magnetosphere.Magnetotail', 'Earth.Magnetosphere.Main', 'Earth.NearSurface.AuroralRegion', 'Earth.NearSurface.Plasmasphere', 'Earth.NearSurface.PolarCap', 'Heliosphere', 'Heliosphere.Inner', 'Heliosphere.NearEarth']
2025-09-16T20:08:46.804752Z ERROR hpde_io     This value  = ['Heliosphere.NearEarth']
2025-09-16T20:08:46.804775Z ERROR hpde_io     Combining values.
2025-09-16T20:08:46.804804Z ERROR hpde_io   WI_SOSP_3DP: ObservedRegion for this ID differs from first found value s/c ID = WI
2025-09-16T20:08:46.804831Z ERROR hpde_io     First value = ['Earth.Magnetosheath', 'Earth.Magnetosphere', 'Earth.Magnetosphere.Magnetotail', 'Earth.Magnetosphere.Main', 'Earth.NearSurface.AuroralRegion', 'Earth.NearSurface.Plasmasphere', 'Earth.NearSurface.PolarCap', 'Heliosphere', 'Heliosphere.Inner', 'Heliosphere.NearEarth']
2025-09-16T20:08:46.804858Z ERROR hpde_io     This value  = ['Heliosphere.NearEarth']
2025-09-16T20:08:46.804883Z ERROR hpde_io     Combining values.
2025-09-16T20:08:46.804912Z ERROR hpde_io   WI_STRAHL0_SWE: ObservedRegion for this ID differs from first found value s/c ID = WI
2025-09-16T20:08:46.804939Z ERROR hpde_io     First value = ['Earth.Magnetosheath', 'Earth.Magnetosphere', 'Earth.Magnetosphere.Magnetotail', 'Earth.Magnetosphere.Main', 'Earth.NearSurface.AuroralRegion', 'Earth.NearSurface.Plasmasphere', 'Earth.NearSurface.PolarCap', 'Heliosphere', 'Heliosphere.Inner', 'Heliosphere.NearEarth']
2025-09-16T20:08:46.804965Z ERROR hpde_io     This value  = ['Heliosphere', 'Heliosphere.Inner', 'Heliosphere.NearEarth']
2025-09-16T20:08:46.804991Z ERROR hpde_io     Combining values.
2025-09-16T20:08:46.805021Z ERROR hpde_io   WI_SW-ION-DIST_SWE-FARADAY: ObservedRegion for this ID differs from first found value s/c ID = WI
2025-09-16T20:08:46.805046Z ERROR hpde_io     First value = ['Earth.Magnetosheath', 'Earth.Magnetosphere', 'Earth.Magnetosphere.Magnetotail', 'Earth.Magnetosphere.Main', 'Earth.NearSurface.AuroralRegion', 'Earth.NearSurface.Plasmasphere', 'Earth.NearSurface.PolarCap', 'Heliosphere', 'Heliosphere.Inner', 'Heliosphere.NearEarth']
2025-09-16T20:08:46.805073Z ERROR hpde_io     This value  = ['Earth.Magnetosheath', 'Earth.Magnetosphere.Magnetotail', 'Heliosphere', 'Heliosphere.Inner', 'Heliosphere.NearEarth']
2025-09-16T20:08:46.805098Z ERROR hpde_io     Combining values.
2025-09-16T20:08:46.820516Z INFO  hpde_io Writing ./data/cdawmeta-spase/ObservedRegion.json
2025-09-16T20:08:46.831714Z INFO  hpde_io Writing ./data/cdawmeta-spase/InstrumentID.json
2025-09-16T20:08:46.839264Z INFO  hpde_io Writing ./data/cdawmeta-spase/MeasurementType.json
2025-09-16T20:08:46.846416Z INFO  hpde_io Writing ./data/cdawmeta-spase/DOI.json
2025-09-16T20:08:46.869856Z INFO  hpde_io Writing ./data/cdawmeta-spase/InformationURL.json
2025-09-16T20:08:46.883663Z INFO  hpde_io Writing ./data/cdawmeta-spase/ObservedRegionIDMap.json
2025-09-16T20:08:46.888740Z INFO  hpde_io Writing ./data/cdawmeta-spase/ResourceID.json
2025-09-16T20:08:46.894735Z INFO  hpde_io Number of CDAWeb datasets:  2829
2025-09-16T20:08:46.894763Z INFO  hpde_io Number found in hpde.io:    1909
2025-09-16T20:08:46.894786Z INFO  hpde_io Number of SPASE records with a Parameter node: 1797
2025-09-16T20:08:46.894809Z INFO  hpde_io Found ObservedRegion in 1652 of 1909 SPASE records.
2025-09-16T20:08:46.894830Z INFO  hpde_io Found InstrumentID in 1890 of 1909 SPASE records.
2025-09-16T20:08:46.894851Z INFO  hpde_io Found MeasurementType in 1909 of 1909 SPASE records.
2025-09-16T20:08:46.894871Z INFO  hpde_io Found DOI in 875 of 1909 SPASE records.
2025-09-16T20:08:46.894890Z INFO  hpde_io Found InformationURL in 1763 of 1909 SPASE records.
2025-09-16T20:08:46.894909Z INFO  hpde_io Found ObservedRegionIDMap in 1652 of 1909 SPASE records.
2025-09-16T20:08:46.894928Z INFO  hpde_io Found ResourceID in 1909 of 1909 SPASE records.
