AWE_L3A_TMP | HAPI.NoCadence:
  _: AWE_L3A_TMP/Epoch_cdf: No cadence information available.
AWE_L3C_Q20 | HAPI.NoCadence:
  _: AWE_L3C_Q20/Epoch_cdf: No cadence information available.
C1_PP_CIS | HAPI.NoCadence:
  _: C1_PP_CIS/Epoch__C1_PP_CIS: No cadence information available due to unspecified error.
C1_PP_EDI | HAPI.NoCadence:
  _: C1_PP_EDI/Epoch__C1_PP_EDI: No cadence information available due to unspecified error.
C1_PP_PEA | HAPI.NoCadence:
  _: C1_PP_PEA/Epoch__C1_PP_PEA: No cadence information available due to unspecified error.
C2_PP_EDI | HAPI.NoCadence:
  _: C2_PP_EDI/Epoch__C2_PP_EDI: No cadence information available due to unspecified error.
C2_PP_PEA | HAPI.NoCadence:
  _: C2_PP_PEA/Epoch__C2_PP_PEA: No cadence information available due to unspecified error.
C3_CP_STA_SM | HAPI.NoCadence:
  _: C3_CP_STA_SM/Time__C3_CP_STA_SM: No cadence information available due to unspecified error.
C3_PP_EDI | HAPI.NoCadence:
  _: C3_PP_EDI/Epoch__C3_PP_EDI: No cadence information available due to unspecified error.
C3_PP_PEA | HAPI.NoCadence:
  _: C3_PP_PEA/Epoch__C3_PP_PEA: No cadence information available due to unspecified error.
C4_CP_STA_SM | HAPI.NoCadence:
  _: C4_CP_STA_SM/Time__C4_CP_STA_SM: No cadence information available due to unspecified error.
C4_PP_EDI | HAPI.NoCadence:
  _: C4_PP_EDI/Epoch__C4_PP_EDI: No cadence information available due to unspecified error.
C4_PP_PEA | HAPI.NoCadence:
  _: C4_PP_PEA/Epoch__C4_PP_PEA: No cadence information available due to unspecified error.
CN_K0_BARS | HAPI.NoCadence:
  _: CN_K0_BARS/Epoch: No cadence information available due to unspecified error.
DN_MAGN-L2-HIRES_G08 | HAPI.NoCadence:
  _: DN_MAGN-L2-HIRES_G08/Epoch: No cadence information available.
DN_MAGN-L2-HIRES_G09 | HAPI.NoCadence:
  _: DN_MAGN-L2-HIRES_G09/Epoch: No cadence information available.
DN_MAGN-L2-HIRES_G10 | HAPI.NoCadence:
  _: DN_MAGN-L2-HIRES_G10/Epoch: No cadence information available.
DN_MAGN-L2-HIRES_G11 | HAPI.NoCadence:
  _: DN_MAGN-L2-HIRES_G11/Epoch: No cadence information available.
DN_MAGN-L2-HIRES_G12 | HAPI.NoCadence:
  _: DN_MAGN-L2-HIRES_G12/Epoch: No cadence information available.
DN_MAGN-L2-HIRES_G13 | HAPI.NoCadence:
  _: DN_MAGN-L2-HIRES_G13/Epoch: No cadence information available.
DN_MAGN-L2-HIRES_G14 | HAPI.NoCadence:
  _: DN_MAGN-L2-HIRES_G14/Epoch: No cadence information available.
DN_MAGN-L2-HIRES_G15 | HAPI.NoCadence:
  _: DN_MAGN-L2-HIRES_G15/Epoch: No cadence information available.
DN_MAGN-L2-HIRES_G16 | HAPI.NoCadence:
  _: DN_MAGN-L2-HIRES_G16/Epoch: No cadence information available.
DN_MAGN-L2-HIRES_G17 | HAPI.NoCadence:
  _: DN_MAGN-L2-HIRES_G17/Epoch: No cadence information available.
DN_MAGN-L2-HIRES_G18 | HAPI.NoCadence:
  _: DN_MAGN-L2-HIRES_G18/Epoch: No cadence information available.
ELA_L1_STATE_DEFN | HAPI.NoCadence:
  _: ELA_L1_STATE_DEFN/ela_att_time: No cadence information available due to unspecified error.
ELA_L1_STATE_PRED | HAPI.NoCadence:
  _: ELA_L1_STATE_PRED/ela_att_time: No cadence information available due to unspecified error.
ELB_L1_STATE_DEFN | HAPI.NoCadence:
  _: ELB_L1_STATE_DEFN/elb_att_time: No cadence information available due to unspecified error.
ELB_L1_STATE_PRED | HAPI.NoCadence:
  _: ELB_L1_STATE_PRED/elb_att_time: No cadence information available due to unspecified error.
EQ_PP_EPI | HAPI.NoCadence:
  _: EQ_PP_EPI/Epoch%eq_pp_epi: No cadence information available.
EQ_PP_PCD | HAPI.NoCadence:
  _: EQ_PP_PCD/Epoch%eq_pp_pcd: No cadence information available due to unspecified error.
FAST_HR_DCB | HAPI.NoCadence:
  _: FAST_HR_DCB/Orbit_Fixed_Epoch: No cadence information available due to unspecified error.
FORMOSAT5_AIP_IDN | HAPI.NoCadence:
  _: FORMOSAT5_AIP_IDN/Epoch: No cadence information available.
G10_L2_MAG | HAPI.NoCadence:
  _: G10_L2_MAG/g10_longitude_epoch: No cadence information available due to unspecified error.
G11_L2_MAG | HAPI.NoCadence:
  _: G11_L2_MAG/g11_longitude_epoch: No cadence information available due to unspecified error.
G12_L2_MAG | HAPI.NoCadence:
  _: G12_L2_MAG/g12_longitude_epoch: No cadence information available due to unspecified error.
GE_K0_EPI | HAPI.NoCadence:
  _: GE_K0_EPI/Epoch: No cadence information available due to unspecified error.
GE_K0_LEP | HAPI.NoCadence:
  _: GE_K0_LEP/Epoch: No cadence information available due to unspecified error.
GE_OR_DEF | HAPI.NoCadence:
  _: GE_OR_DEF/Epoch: No cadence information available due to unspecified error.
GPS_RF_LANL-VTEC-1HR | HAPI.NoCadence:
  _: GPS_RF_LANL-VTEC-1HR/Epoch: No cadence information available.
I1_AV_ALL | HAPI.NoCadence:
  _: I1_AV_ALL/Epoch2d: No cadence information available due to unspecified error.
IBEX_H3_ENA_HI_R02_CG_NOSP_OMNI_6MO | HAPI.NoCadence:
  _: IBEX_H3_ENA_HI_R02_CG_NOSP_OMNI_6MO/Epoch: No cadence information available due to unspecified error.
IBEX_H3_ENA_HI_R02_NOCG_NOSP_OMNI_6MO | HAPI.NoCadence:
  _: IBEX_H3_ENA_HI_R02_NOCG_NOSP_OMNI_6MO/Epoch: No cadence information available due to unspecified error.
IBEX_H3_ENA_HI_R04_CG_NOSP_ANTIRAM_1YR | HAPI.NoCadence:
  _: IBEX_H3_ENA_HI_R04_CG_NOSP_ANTIRAM_1YR/Epoch: No cadence information available due to unspecified error.
IBEX_H3_ENA_HI_R04_CG_NOSP_OMNI_6MO | HAPI.NoCadence:
  _: IBEX_H3_ENA_HI_R04_CG_NOSP_OMNI_6MO/Epoch: No cadence information available due to unspecified error.
IBEX_H3_ENA_HI_R04_CG_NOSP_RAM_1YR | HAPI.NoCadence:
  _: IBEX_H3_ENA_HI_R04_CG_NOSP_RAM_1YR/Epoch: No cadence information available due to unspecified error.
IBEX_H3_ENA_HI_R04_CG_SP_ANTIRAM_1YR | HAPI.NoCadence:
  _: IBEX_H3_ENA_HI_R04_CG_SP_ANTIRAM_1YR/Epoch: No cadence information available due to unspecified error.
IBEX_H3_ENA_HI_R04_CG_SP_OMNI_6MO | HAPI.NoCadence:
  _: IBEX_H3_ENA_HI_R04_CG_SP_OMNI_6MO/Epoch: No cadence information available due to unspecified error.
IBEX_H3_ENA_HI_R04_CG_SP_RAM_1YR | HAPI.NoCadence:
  _: IBEX_H3_ENA_HI_R04_CG_SP_RAM_1YR/Epoch: No cadence information available due to unspecified error.
IBEX_H3_ENA_HI_R04_DEFLECTION_1AU_7DAY | HAPI.NoCadence:
  _: IBEX_H3_ENA_HI_R04_DEFLECTION_1AU_7DAY/Epoch: No cadence information available due to unspecified error.
IBEX_H3_ENA_HI_R04_DEFLECTION_SCF_7DAY | HAPI.NoCadence:
  _: IBEX_H3_ENA_HI_R04_DEFLECTION_SCF_7DAY/Epoch: No cadence information available due to unspecified error.
IBEX_H3_ENA_HI_R04_LOSS_1AU_7DAY | HAPI.NoCadence:
  _: IBEX_H3_ENA_HI_R04_LOSS_1AU_7DAY/Epoch: No cadence information available due to unspecified error.
IBEX_H3_ENA_HI_R04_LOSS_SCF_7DAY | HAPI.NoCadence:
  _: IBEX_H3_ENA_HI_R04_LOSS_SCF_7DAY/Epoch: No cadence information available due to unspecified error.
IBEX_H3_ENA_HI_R04_NOCG_NOSP_ANTIRAM_1YR | HAPI.NoCadence:
  _: IBEX_H3_ENA_HI_R04_NOCG_NOSP_ANTIRAM_1YR/Epoch: No cadence information available due to unspecified error.
IBEX_H3_ENA_HI_R04_NOCG_NOSP_OMNI_3YR | HAPI.NoCadence:
  _: IBEX_H3_ENA_HI_R04_NOCG_NOSP_OMNI_3YR/Epoch: No cadence information available due to unspecified error.
IBEX_H3_ENA_HI_R04_NOCG_NOSP_OMNI_6MO | HAPI.NoCadence:
  _: IBEX_H3_ENA_HI_R04_NOCG_NOSP_OMNI_6MO/Epoch: No cadence information available due to unspecified error.
IBEX_H3_ENA_HI_R04_NOCG_NOSP_OMNI_6MP | HAPI.NoCadence:
  _: IBEX_H3_ENA_HI_R04_NOCG_NOSP_OMNI_6MP/Epoch: No cadence information available due to unspecified error.
IBEX_H3_ENA_HI_R04_NOCG_NOSP_RAM_1YR | HAPI.NoCadence:
  _: IBEX_H3_ENA_HI_R04_NOCG_NOSP_RAM_1YR/Epoch: No cadence information available due to unspecified error.
IBEX_H3_ENA_HI_R04_NOCG_SP_ANTIRAM_1YR | HAPI.NoCadence:
  _: IBEX_H3_ENA_HI_R04_NOCG_SP_ANTIRAM_1YR/Epoch: No cadence information available due to unspecified error.
IBEX_H3_ENA_HI_R04_NOCG_SP_OMNI_6MO | HAPI.NoCadence:
  _: IBEX_H3_ENA_HI_R04_NOCG_SP_OMNI_6MO/Epoch: No cadence information available due to unspecified error.
IBEX_H3_ENA_HI_R04_NOCG_SP_RAM_1YR | HAPI.NoCadence:
  _: IBEX_H3_ENA_HI_R04_NOCG_SP_RAM_1YR/Epoch: No cadence information available due to unspecified error.
IBEX_H3_ENA_HI_R04_SURVPRO_1AU_7DAY | HAPI.NoCadence:
  _: IBEX_H3_ENA_HI_R04_SURVPRO_1AU_7DAY/Epoch: No cadence information available due to unspecified error.
IBEX_H3_ENA_HI_R04_SURVPRO_SCF_7DAY | HAPI.NoCadence:
  _: IBEX_H3_ENA_HI_R04_SURVPRO_SCF_7DAY/Epoch: No cadence information available due to unspecified error.
IBEX_H3_ENA_HI_R07_CG_NOSP_ANTIRAM_MIF_5YR | HAPI.NoCadence:
  _: IBEX_H3_ENA_HI_R07_CG_NOSP_ANTIRAM_MIF_5YR/Epoch: No cadence information available due to unspecified error.
IBEX_H3_ENA_HI_R07_CG_NOSP_ANTIRAM_VEIF_5YR | HAPI.NoCadence:
  _: IBEX_H3_ENA_HI_R07_CG_NOSP_ANTIRAM_VEIF_5YR/Epoch: No cadence information available due to unspecified error.
IBEX_H3_ENA_HI_R07_CG_NOSP_OMNI_6MO | HAPI.NoCadence:
  _: IBEX_H3_ENA_HI_R07_CG_NOSP_OMNI_6MO/Epoch: No cadence information available due to unspecified error.
IBEX_H3_ENA_HI_R07_CG_NOSP_OMNI_MIF_10MP | HAPI.NoCadence:
  _: IBEX_H3_ENA_HI_R07_CG_NOSP_OMNI_MIF_10MP/Epoch: No cadence information available due to unspecified error.
IBEX_H3_ENA_HI_R07_CG_NOSP_OMNI_VEIF_10MP | HAPI.NoCadence:
  _: IBEX_H3_ENA_HI_R07_CG_NOSP_OMNI_VEIF_10MP/Epoch: No cadence information available due to unspecified error.
IBEX_H3_ENA_HI_R07_CG_NOSP_RAM_1YR | HAPI.NoCadence:
  _: IBEX_H3_ENA_HI_R07_CG_NOSP_RAM_1YR/Epoch: No cadence information available due to unspecified error.
IBEX_H3_ENA_HI_R07_CG_NOSP_RAM_MIF_5YR | HAPI.NoCadence:
  _: IBEX_H3_ENA_HI_R07_CG_NOSP_RAM_MIF_5YR/Epoch: No cadence information available due to unspecified error.
IBEX_H3_ENA_HI_R07_CG_NOSP_RAM_VEIF_5YR | HAPI.NoCadence:
  _: IBEX_H3_ENA_HI_R07_CG_NOSP_RAM_VEIF_5YR/Epoch: No cadence information available due to unspecified error.
IBEX_H3_ENA_HI_R07_CG_SP_ANTIRAM_1YR | HAPI.NoCadence:
  _: IBEX_H3_ENA_HI_R07_CG_SP_ANTIRAM_1YR/Epoch: No cadence information available due to unspecified error.
IBEX_H3_ENA_HI_R07_CG_SP_ANTIRAM_MIF_5YR | HAPI.NoCadence:
  _: IBEX_H3_ENA_HI_R07_CG_SP_ANTIRAM_MIF_5YR/Epoch: No cadence information available due to unspecified error.
IBEX_H3_ENA_HI_R07_CG_SP_ANTIRAM_VEIF_5YR | HAPI.NoCadence:
  _: IBEX_H3_ENA_HI_R07_CG_SP_ANTIRAM_VEIF_5YR/Epoch: No cadence information available due to unspecified error.
IBEX_H3_ENA_HI_R07_CG_SP_OMNI_6MO | HAPI.NoCadence:
  _: IBEX_H3_ENA_HI_R07_CG_SP_OMNI_6MO/Epoch: No cadence information available due to unspecified error.
IBEX_H3_ENA_HI_R07_CG_SP_OMNI_MIF_10MP | HAPI.NoCadence:
  _: IBEX_H3_ENA_HI_R07_CG_SP_OMNI_MIF_10MP/Epoch: No cadence information available due to unspecified error.
IBEX_H3_ENA_HI_R07_CG_SP_OMNI_VEIF_10MP | HAPI.NoCadence:
  _: IBEX_H3_ENA_HI_R07_CG_SP_OMNI_VEIF_10MP/Epoch: No cadence information available due to unspecified error.
IBEX_H3_ENA_HI_R07_CG_SP_RAM_1YR | HAPI.NoCadence:
  _: IBEX_H3_ENA_HI_R07_CG_SP_RAM_1YR/Epoch: No cadence information available due to unspecified error.
IBEX_H3_ENA_HI_R07_CG_SP_RAM_MIF_5YR | HAPI.NoCadence:
  _: IBEX_H3_ENA_HI_R07_CG_SP_RAM_MIF_5YR/Epoch: No cadence information available due to unspecified error.
IBEX_H3_ENA_HI_R07_CG_SP_RAM_VEIF_5YR | HAPI.NoCadence:
  _: IBEX_H3_ENA_HI_R07_CG_SP_RAM_VEIF_5YR/Epoch: No cadence information available due to unspecified error.
IBEX_H3_ENA_HI_R07_NOCG_NOSP_ANTIRAM_1YR | HAPI.NoCadence:
  _: IBEX_H3_ENA_HI_R07_NOCG_NOSP_ANTIRAM_1YR/Epoch: No cadence information available due to unspecified error.
IBEX_H3_ENA_HI_R07_NOCG_NOSP_ANTIRAM_VESCF_5YR | HAPI.NoCadence:
  _: IBEX_H3_ENA_HI_R07_NOCG_NOSP_ANTIRAM_VESCF_5YR/Epoch: No cadence information available due to unspecified error.
IBEX_H3_ENA_HI_R07_NOCG_NOSP_OMNI_6MO | HAPI.NoCadence:
  _: IBEX_H3_ENA_HI_R07_NOCG_NOSP_OMNI_6MO/Epoch: No cadence information available due to unspecified error.
IBEX_H3_ENA_HI_R07_NOCG_NOSP_OMNI_VESCF_10MP | HAPI.NoCadence:
  _: IBEX_H3_ENA_HI_R07_NOCG_NOSP_OMNI_VESCF_10MP/Epoch: No cadence information available due to unspecified error.
IBEX_H3_ENA_HI_R07_NOCG_NOSP_RAM_1YR | HAPI.NoCadence:
  _: IBEX_H3_ENA_HI_R07_NOCG_NOSP_RAM_1YR/Epoch: No cadence information available due to unspecified error.
IBEX_H3_ENA_HI_R07_NOCG_NOSP_RAM_VEIF_5YR | HAPI.NoCadence:
  _: IBEX_H3_ENA_HI_R07_NOCG_NOSP_RAM_VEIF_5YR/Epoch: No cadence information available due to unspecified error.
IBEX_H3_ENA_HI_R07_NOCG_SP_ANTIRAM_1YR | HAPI.NoCadence:
  _: IBEX_H3_ENA_HI_R07_NOCG_SP_ANTIRAM_1YR/Epoch: No cadence information available due to unspecified error.
IBEX_H3_ENA_HI_R07_NOCG_SP_ANTIRAM_VESCF_5YR | HAPI.NoCadence:
  _: IBEX_H3_ENA_HI_R07_NOCG_SP_ANTIRAM_VESCF_5YR/Epoch: No cadence information available due to unspecified error.
IBEX_H3_ENA_HI_R07_NOCG_SP_OMNI_6MO | HAPI.NoCadence:
  _: IBEX_H3_ENA_HI_R07_NOCG_SP_OMNI_6MO/Epoch: No cadence information available due to unspecified error.
IBEX_H3_ENA_HI_R07_NOCG_SP_OMNI_VESCF_10MP | HAPI.NoCadence:
  _: IBEX_H3_ENA_HI_R07_NOCG_SP_OMNI_VESCF_10MP/Epoch: No cadence information available due to unspecified error.
IBEX_H3_ENA_HI_R07_NOCG_SP_RAM_1YR | HAPI.NoCadence:
  _: IBEX_H3_ENA_HI_R07_NOCG_SP_RAM_1YR/Epoch: No cadence information available due to unspecified error.
IBEX_H3_ENA_HI_R07_NOCG_SP_RAM_VESCF_5YR | HAPI.NoCadence:
  _: IBEX_H3_ENA_HI_R07_NOCG_SP_RAM_VESCF_5YR/Epoch: No cadence information available due to unspecified error.
IBEX_H3_ENA_HI_R08_OMNI_F2-RIBBON-MAPS-GAL_5YR | HAPI.NoCadence:
  _: IBEX_H3_ENA_HI_R08_OMNI_F2-RIBBON-MAPS-GAL_5YR/Epoch: No cadence information available due to unspecified error.
IBEX_H3_ENA_HI_R08_OMNI_F2-RIBBON-MAPS-J2000_5YR | HAPI.NoCadence:
  _: IBEX_H3_ENA_HI_R08_OMNI_F2-RIBBON-MAPS-J2000_5YR/Epoch: No cadence information available due to unspecified error.
IBEX_H3_ENA_HI_R08_OMNI_F2-RIBBON-MAPS_5YR | HAPI.NoCadence:
  _: IBEX_H3_ENA_HI_R08_OMNI_F2-RIBBON-MAPS_5YR/Epoch: No cadence information available due to unspecified error.
IBEX_H3_ENA_HI_R08_OMNI_F3-GDF-MAPS-GALACTIC_5YR | HAPI.NoCadence:
  _: IBEX_H3_ENA_HI_R08_OMNI_F3-GDF-MAPS-GALACTIC_5YR/Epoch: No cadence information available due to unspecified error.
IBEX_H3_ENA_HI_R08_OMNI_F3-GDF-MAPS-J2000_5YR | HAPI.NoCadence:
  _: IBEX_H3_ENA_HI_R08_OMNI_F3-GDF-MAPS-J2000_5YR/Epoch: No cadence information available due to unspecified error.
IBEX_H3_ENA_HI_R08_OMNI_F3-GDF-MAPS_5YR | HAPI.NoCadence:
  _: IBEX_H3_ENA_HI_R08_OMNI_F3-GDF-MAPS_5YR/Epoch: No cadence information available due to unspecified error.
IBEX_H3_ENA_HI_R10_CG_NOSP_ANTIRAM_1YR | HAPI.NoCadence:
  _: IBEX_H3_ENA_HI_R10_CG_NOSP_ANTIRAM_1YR/Epoch: No cadence information available due to unspecified error.
IBEX_H3_ENA_HI_R10_CG_NOSP_ANTIRAM_7YR | HAPI.NoCadence:
  _: IBEX_H3_ENA_HI_R10_CG_NOSP_ANTIRAM_7YR/Epoch: No cadence information available due to unspecified error.
IBEX_H3_ENA_HI_R10_CG_NOSP_OMNI_6MO | HAPI.NoCadence:
  _: IBEX_H3_ENA_HI_R10_CG_NOSP_OMNI_6MO/Epoch: No cadence information available due to unspecified error.
IBEX_H3_ENA_HI_R10_CG_NOSP_OMNI_7YR | HAPI.NoCadence:
  _: IBEX_H3_ENA_HI_R10_CG_NOSP_OMNI_7YR/Epoch: No cadence information available due to unspecified error.
IBEX_H3_ENA_HI_R10_CG_NOSP_RAM_1YR | HAPI.NoCadence:
  _: IBEX_H3_ENA_HI_R10_CG_NOSP_RAM_1YR/Epoch: No cadence information available due to unspecified error.
IBEX_H3_ENA_HI_R10_CG_NOSP_RAM_7YR | HAPI.NoCadence:
  _: IBEX_H3_ENA_HI_R10_CG_NOSP_RAM_7YR/Epoch: No cadence information available due to unspecified error.
IBEX_H3_ENA_HI_R10_CG_SP_ANTIRAM_1YR | HAPI.NoCadence:
  _: IBEX_H3_ENA_HI_R10_CG_SP_ANTIRAM_1YR/Epoch: No cadence information available due to unspecified error.
IBEX_H3_ENA_HI_R10_CG_SP_ANTIRAM_7YR | HAPI.NoCadence:
  _: IBEX_H3_ENA_HI_R10_CG_SP_ANTIRAM_7YR/Epoch: No cadence information available due to unspecified error.
IBEX_H3_ENA_HI_R10_CG_SP_OMNI_6MO | HAPI.NoCadence:
  _: IBEX_H3_ENA_HI_R10_CG_SP_OMNI_6MO/Epoch: No cadence information available due to unspecified error.
IBEX_H3_ENA_HI_R10_CG_SP_OMNI_7YR | HAPI.NoCadence:
  _: IBEX_H3_ENA_HI_R10_CG_SP_OMNI_7YR/Epoch: No cadence information available due to unspecified error.
IBEX_H3_ENA_HI_R10_CG_SP_RAM_1YR | HAPI.NoCadence:
  _: IBEX_H3_ENA_HI_R10_CG_SP_RAM_1YR/Epoch: No cadence information available due to unspecified error.
IBEX_H3_ENA_HI_R10_CG_SP_RAM_7YR | HAPI.NoCadence:
  _: IBEX_H3_ENA_HI_R10_CG_SP_RAM_7YR/Epoch: No cadence information available due to unspecified error.
IBEX_H3_ENA_HI_R10_NOCG_NOSP_ANTIRAM_1YR | HAPI.NoCadence:
  _: IBEX_H3_ENA_HI_R10_NOCG_NOSP_ANTIRAM_1YR/Epoch: No cadence information available due to unspecified error.
IBEX_H3_ENA_HI_R10_NOCG_NOSP_ANTIRAM_7YR | HAPI.NoCadence:
  _: IBEX_H3_ENA_HI_R10_NOCG_NOSP_ANTIRAM_7YR/Epoch: No cadence information available due to unspecified error.
IBEX_H3_ENA_HI_R10_NOCG_NOSP_OMNI_6MO | HAPI.NoCadence:
  _: IBEX_H3_ENA_HI_R10_NOCG_NOSP_OMNI_6MO/Epoch: No cadence information available due to unspecified error.
IBEX_H3_ENA_HI_R10_NOCG_NOSP_OMNI_7YR | HAPI.NoCadence:
  _: IBEX_H3_ENA_HI_R10_NOCG_NOSP_OMNI_7YR/Epoch: No cadence information available due to unspecified error.
IBEX_H3_ENA_HI_R10_NOCG_NOSP_RAM_1YR | HAPI.NoCadence:
  _: IBEX_H3_ENA_HI_R10_NOCG_NOSP_RAM_1YR/Epoch: No cadence information available due to unspecified error.
IBEX_H3_ENA_HI_R10_NOCG_SP_ANTIRAM_1YR | HAPI.NoCadence:
  _: IBEX_H3_ENA_HI_R10_NOCG_SP_ANTIRAM_1YR/Epoch: No cadence information available due to unspecified error.
IBEX_H3_ENA_HI_R10_NOCG_SP_ANTIRAM_7YR | HAPI.NoCadence:
  _: IBEX_H3_ENA_HI_R10_NOCG_SP_ANTIRAM_7YR/Epoch: No cadence information available due to unspecified error.
IBEX_H3_ENA_HI_R10_NOCG_SP_OMNI_6MO | HAPI.NoCadence:
  _: IBEX_H3_ENA_HI_R10_NOCG_SP_OMNI_6MO/Epoch: No cadence information available due to unspecified error.
IBEX_H3_ENA_HI_R10_NOCG_SP_OMNI_7YR | HAPI.NoCadence:
  _: IBEX_H3_ENA_HI_R10_NOCG_SP_OMNI_7YR/Epoch: No cadence information available due to unspecified error.
IBEX_H3_ENA_HI_R10_NOCG_SP_RAM_1YR | HAPI.NoCadence:
  _: IBEX_H3_ENA_HI_R10_NOCG_SP_RAM_1YR/Epoch: No cadence information available due to unspecified error.
IBEX_H3_ENA_HI_R13_CG_NOSP_ANTIRAM_1YR | HAPI.NoCadence:
  _: IBEX_H3_ENA_HI_R13_CG_NOSP_ANTIRAM_1YR/Epoch: No cadence information available due to unspecified error.
IBEX_H3_ENA_HI_R13_CG_NOSP_RAM_1YR | HAPI.NoCadence:
  _: IBEX_H3_ENA_HI_R13_CG_NOSP_RAM_1YR/Epoch: No cadence information available due to unspecified error.
IBEX_H3_ENA_HI_R14_PRESS-SLOPE_CG_NOSP_RAM_3YR | HAPI.NoCadence:
  _: IBEX_H3_ENA_HI_R14_PRESS-SLOPE_CG_NOSP_RAM_3YR/Epoch: No cadence information available due to unspecified error.
IBEX_H3_ENA_HI_R15_CG_SP_RIBCEN_1YR | HAPI.NoCadence:
  _: IBEX_H3_ENA_HI_R15_CG_SP_RIBCEN_1YR/Epoch: No cadence information available due to unspecified error.
IBEX_H3_ENA_HI_R15_CG_SP_RIBCEN_2YR | HAPI.NoCadence:
  _: IBEX_H3_ENA_HI_R15_CG_SP_RIBCEN_2YR/Epoch: No cadence information available due to unspecified error.
IBEX_H3_ENA_HI_R15_CG_SP_RIBCEN_3YR | HAPI.NoCadence:
  _: IBEX_H3_ENA_HI_R15_CG_SP_RIBCEN_3YR/Epoch: No cadence information available due to unspecified error.
IBEX_H3_ENA_HI_R16_CG_NOSP_ANTIRAM_11YR | HAPI.NoCadence:
  _: IBEX_H3_ENA_HI_R16_CG_NOSP_ANTIRAM_11YR/Epoch: No cadence information available due to unspecified error.
IBEX_H3_ENA_HI_R16_CG_NOSP_ANTIRAM_1YR | HAPI.NoCadence:
  _: IBEX_H3_ENA_HI_R16_CG_NOSP_ANTIRAM_1YR/Epoch: No cadence information available due to unspecified error.
IBEX_H3_ENA_HI_R16_CG_NOSP_ANTIRAM_MONO_11YR | HAPI.NoCadence:
  _: IBEX_H3_ENA_HI_R16_CG_NOSP_ANTIRAM_MONO_11YR/Epoch: No cadence information available due to unspecified error.
IBEX_H3_ENA_HI_R16_CG_NOSP_ANTIRAM_MONO_1YR | HAPI.NoCadence:
  _: IBEX_H3_ENA_HI_R16_CG_NOSP_ANTIRAM_MONO_1YR/Epoch: No cadence information available due to unspecified error.
IBEX_H3_ENA_HI_R16_CG_NOSP_OMNI_11YR | HAPI.NoCadence:
  _: IBEX_H3_ENA_HI_R16_CG_NOSP_OMNI_11YR/Epoch: No cadence information available due to unspecified error.
IBEX_H3_ENA_HI_R16_CG_NOSP_OMNI_6MO | HAPI.NoCadence:
  _: IBEX_H3_ENA_HI_R16_CG_NOSP_OMNI_6MO/Epoch: No cadence information available due to unspecified error.
IBEX_H3_ENA_HI_R16_CG_NOSP_OMNI_MONO_11YR | HAPI.NoCadence:
  _: IBEX_H3_ENA_HI_R16_CG_NOSP_OMNI_MONO_11YR/Epoch: No cadence information available due to unspecified error.
IBEX_H3_ENA_HI_R16_CG_NOSP_OMNI_MONO_6MO | HAPI.NoCadence:
  _: IBEX_H3_ENA_HI_R16_CG_NOSP_OMNI_MONO_6MO/Epoch: No cadence information available due to unspecified error.
IBEX_H3_ENA_HI_R16_CG_NOSP_RAM_11YR | HAPI.NoCadence:
  _: IBEX_H3_ENA_HI_R16_CG_NOSP_RAM_11YR/Epoch: No cadence information available due to unspecified error.
IBEX_H3_ENA_HI_R16_CG_NOSP_RAM_1YR | HAPI.NoCadence:
  _: IBEX_H3_ENA_HI_R16_CG_NOSP_RAM_1YR/Epoch: No cadence information available due to unspecified error.
IBEX_H3_ENA_HI_R16_CG_NOSP_RAM_MONO_11YR | HAPI.NoCadence:
  _: IBEX_H3_ENA_HI_R16_CG_NOSP_RAM_MONO_11YR/Epoch: No cadence information available due to unspecified error.
IBEX_H3_ENA_HI_R16_CG_NOSP_RAM_MONO_1YR | HAPI.NoCadence:
  _: IBEX_H3_ENA_HI_R16_CG_NOSP_RAM_MONO_1YR/Epoch: No cadence information available due to unspecified error.
IBEX_H3_ENA_HI_R16_CG_SP_ANTIRAM_11YR | HAPI.NoCadence:
  _: IBEX_H3_ENA_HI_R16_CG_SP_ANTIRAM_11YR/Epoch: No cadence information available due to unspecified error.
IBEX_H3_ENA_HI_R16_CG_SP_ANTIRAM_1YR | HAPI.NoCadence:
  _: IBEX_H3_ENA_HI_R16_CG_SP_ANTIRAM_1YR/Epoch: No cadence information available due to unspecified error.
IBEX_H3_ENA_HI_R16_CG_SP_ANTIRAM_MONO_11YR | HAPI.NoCadence:
  _: IBEX_H3_ENA_HI_R16_CG_SP_ANTIRAM_MONO_11YR/Epoch: No cadence information available due to unspecified error.
IBEX_H3_ENA_HI_R16_CG_SP_ANTIRAM_MONO_1YR | HAPI.NoCadence:
  _: IBEX_H3_ENA_HI_R16_CG_SP_ANTIRAM_MONO_1YR/Epoch: No cadence information available due to unspecified error.
IBEX_H3_ENA_HI_R16_CG_SP_OMNI_11YR | HAPI.NoCadence:
  _: IBEX_H3_ENA_HI_R16_CG_SP_OMNI_11YR/Epoch: No cadence information available due to unspecified error.
IBEX_H3_ENA_HI_R16_CG_SP_OMNI_2YR | HAPI.NoCadence:
  _: IBEX_H3_ENA_HI_R16_CG_SP_OMNI_2YR/Epoch: No cadence information available due to unspecified error.
IBEX_H3_ENA_HI_R16_CG_SP_OMNI_3YR | HAPI.NoCadence:
  _: IBEX_H3_ENA_HI_R16_CG_SP_OMNI_3YR/Epoch: No cadence information available due to unspecified error.
IBEX_H3_ENA_HI_R16_CG_SP_OMNI_6MO | HAPI.NoCadence:
  _: IBEX_H3_ENA_HI_R16_CG_SP_OMNI_6MO/Epoch: No cadence information available due to unspecified error.
IBEX_H3_ENA_HI_R16_CG_SP_OMNI_MONO_11YR | HAPI.NoCadence:
  _: IBEX_H3_ENA_HI_R16_CG_SP_OMNI_MONO_11YR/Epoch: No cadence information available due to unspecified error.
IBEX_H3_ENA_HI_R16_CG_SP_OMNI_MONO_6MO | HAPI.NoCadence:
  _: IBEX_H3_ENA_HI_R16_CG_SP_OMNI_MONO_6MO/Epoch: No cadence information available due to unspecified error.
IBEX_H3_ENA_HI_R16_CG_SP_RAM_11YR | HAPI.NoCadence:
  _: IBEX_H3_ENA_HI_R16_CG_SP_RAM_11YR/Epoch: No cadence information available due to unspecified error.
IBEX_H3_ENA_HI_R16_CG_SP_RAM_1YR | HAPI.NoCadence:
  _: IBEX_H3_ENA_HI_R16_CG_SP_RAM_1YR/Epoch: No cadence information available due to unspecified error.
IBEX_H3_ENA_HI_R16_CG_SP_RAM_MONO_11YR | HAPI.NoCadence:
  _: IBEX_H3_ENA_HI_R16_CG_SP_RAM_MONO_11YR/Epoch: No cadence information available due to unspecified error.
IBEX_H3_ENA_HI_R16_CG_SP_RAM_MONO_1YR | HAPI.NoCadence:
  _: IBEX_H3_ENA_HI_R16_CG_SP_RAM_MONO_1YR/Epoch: No cadence information available due to unspecified error.
IBEX_H3_ENA_HI_R16_NOCG_NOSP_ANTIRAM_11YR | HAPI.NoCadence:
  _: IBEX_H3_ENA_HI_R16_NOCG_NOSP_ANTIRAM_11YR/Epoch: No cadence information available due to unspecified error.
IBEX_H3_ENA_HI_R16_NOCG_NOSP_ANTIRAM_1YR | HAPI.NoCadence:
  _: IBEX_H3_ENA_HI_R16_NOCG_NOSP_ANTIRAM_1YR/Epoch: No cadence information available due to unspecified error.
IBEX_H3_ENA_HI_R16_NOCG_NOSP_OMNI_11YR | HAPI.NoCadence:
  _: IBEX_H3_ENA_HI_R16_NOCG_NOSP_OMNI_11YR/Epoch: No cadence information available due to unspecified error.
IBEX_H3_ENA_HI_R16_NOCG_NOSP_OMNI_6MO | HAPI.NoCadence:
  _: IBEX_H3_ENA_HI_R16_NOCG_NOSP_OMNI_6MO/Epoch: No cadence information available due to unspecified error.
IBEX_H3_ENA_HI_R16_NOCG_NOSP_RAM_11YR | HAPI.NoCadence:
  _: IBEX_H3_ENA_HI_R16_NOCG_NOSP_RAM_11YR/Epoch: No cadence information available due to unspecified error.
IBEX_H3_ENA_HI_R16_NOCG_NOSP_RAM_1YR | HAPI.NoCadence:
  _: IBEX_H3_ENA_HI_R16_NOCG_NOSP_RAM_1YR/Epoch: No cadence information available due to unspecified error.
IBEX_H3_ENA_HI_R16_NOCG_SP_ANTIRAM_11YR | HAPI.NoCadence:
  _: IBEX_H3_ENA_HI_R16_NOCG_SP_ANTIRAM_11YR/Epoch: No cadence information available due to unspecified error.
IBEX_H3_ENA_HI_R16_NOCG_SP_ANTIRAM_1YR | HAPI.NoCadence:
  _: IBEX_H3_ENA_HI_R16_NOCG_SP_ANTIRAM_1YR/Epoch: No cadence information available due to unspecified error.
IBEX_H3_ENA_HI_R16_NOCG_SP_OMNI_11YR | HAPI.NoCadence:
  _: IBEX_H3_ENA_HI_R16_NOCG_SP_OMNI_11YR/Epoch: No cadence information available due to unspecified error.
IBEX_H3_ENA_HI_R16_NOCG_SP_OMNI_6MO | HAPI.NoCadence:
  _: IBEX_H3_ENA_HI_R16_NOCG_SP_OMNI_6MO/Epoch: No cadence information available due to unspecified error.
IBEX_H3_ENA_HI_R16_NOCG_SP_RAM_11YR | HAPI.NoCadence:
  _: IBEX_H3_ENA_HI_R16_NOCG_SP_RAM_11YR/Epoch: No cadence information available due to unspecified error.
IBEX_H3_ENA_HI_R16_NOCG_SP_RAM_1YR | HAPI.NoCadence:
  _: IBEX_H3_ENA_HI_R16_NOCG_SP_RAM_1YR/Epoch: No cadence information available due to unspecified error.
IBEX_H3_ENA_HI_R16_NOCG_SP_RAM_EQUA_11YR | HAPI.NoCadence:
  _: IBEX_H3_ENA_HI_R16_NOCG_SP_RAM_EQUA_11YR/Epoch: No cadence information available due to unspecified error.
IBEX_H3_ENA_HI_R16_NOCG_SP_RAM_GALA_11YR | HAPI.NoCadence:
  _: IBEX_H3_ENA_HI_R16_NOCG_SP_RAM_GALA_11YR/Epoch: No cadence information available due to unspecified error.
IBEX_H3_ENA_HI_R18_CG_NOSP_ANTIRAM_14YR | HAPI.NoCadence:
  _: IBEX_H3_ENA_HI_R18_CG_NOSP_ANTIRAM_14YR/Epoch: No cadence information available due to unspecified error.
IBEX_H3_ENA_HI_R18_CG_NOSP_ANTIRAM_1YR | HAPI.NoCadence:
  _: IBEX_H3_ENA_HI_R18_CG_NOSP_ANTIRAM_1YR/Epoch: No cadence information available due to unspecified error.
IBEX_H3_ENA_HI_R18_CG_NOSP_ANTIRAM_MONO_14YR | HAPI.NoCadence:
  _: IBEX_H3_ENA_HI_R18_CG_NOSP_ANTIRAM_MONO_14YR/Epoch: No cadence information available due to unspecified error.
IBEX_H3_ENA_HI_R18_CG_NOSP_ANTIRAM_MONO_1YR | HAPI.NoCadence:
  _: IBEX_H3_ENA_HI_R18_CG_NOSP_ANTIRAM_MONO_1YR/Epoch: No cadence information available due to unspecified error.
IBEX_H3_ENA_HI_R18_CG_NOSP_OMNI_14YR | HAPI.NoCadence:
  _: IBEX_H3_ENA_HI_R18_CG_NOSP_OMNI_14YR/Epoch: No cadence information available due to unspecified error.
IBEX_H3_ENA_HI_R18_CG_NOSP_OMNI_6MO | HAPI.NoCadence:
  _: IBEX_H3_ENA_HI_R18_CG_NOSP_OMNI_6MO/Epoch: No cadence information available due to unspecified error.
IBEX_H3_ENA_HI_R18_CG_NOSP_OMNI_MONO_14YR | HAPI.NoCadence:
  _: IBEX_H3_ENA_HI_R18_CG_NOSP_OMNI_MONO_14YR/Epoch: No cadence information available due to unspecified error.
IBEX_H3_ENA_HI_R18_CG_NOSP_OMNI_MONO_6MO | HAPI.NoCadence:
  _: IBEX_H3_ENA_HI_R18_CG_NOSP_OMNI_MONO_6MO/Epoch: No cadence information available due to unspecified error.
IBEX_H3_ENA_HI_R18_CG_NOSP_RAM_14YR | HAPI.NoCadence:
  _: IBEX_H3_ENA_HI_R18_CG_NOSP_RAM_14YR/Epoch: No cadence information available due to unspecified error.
IBEX_H3_ENA_HI_R18_CG_NOSP_RAM_1YR | HAPI.NoCadence:
  _: IBEX_H3_ENA_HI_R18_CG_NOSP_RAM_1YR/Epoch: No cadence information available due to unspecified error.
IBEX_H3_ENA_HI_R18_CG_NOSP_RAM_MONO_14YR | HAPI.NoCadence:
  _: IBEX_H3_ENA_HI_R18_CG_NOSP_RAM_MONO_14YR/Epoch: No cadence information available due to unspecified error.
IBEX_H3_ENA_HI_R18_CG_NOSP_RAM_MONO_1YR | HAPI.NoCadence:
  _: IBEX_H3_ENA_HI_R18_CG_NOSP_RAM_MONO_1YR/Epoch: No cadence information available due to unspecified error.
IBEX_H3_ENA_HI_R18_CG_SP_ANTIRAM_14YR | HAPI.NoCadence:
  _: IBEX_H3_ENA_HI_R18_CG_SP_ANTIRAM_14YR/Epoch: No cadence information available due to unspecified error.
IBEX_H3_ENA_HI_R18_CG_SP_ANTIRAM_1YR | HAPI.NoCadence:
  _: IBEX_H3_ENA_HI_R18_CG_SP_ANTIRAM_1YR/Epoch: No cadence information available due to unspecified error.
IBEX_H3_ENA_HI_R18_CG_SP_ANTIRAM_LOWER_GDF_1YR | HAPI.NoCadence:
  _: IBEX_H3_ENA_HI_R18_CG_SP_ANTIRAM_LOWER_GDF_1YR/Epoch: No cadence information available due to unspecified error.
IBEX_H3_ENA_HI_R18_CG_SP_ANTIRAM_LOWER_GDF_MONO_1YR | HAPI.NoCadence:
  _: IBEX_H3_ENA_HI_R18_CG_SP_ANTIRAM_LOWER_GDF_MONO_1YR/Epoch: No cadence information available due to unspecified error.
IBEX_H3_ENA_HI_R18_CG_SP_ANTIRAM_LOWER_RIBBON_1YR | HAPI.NoCadence:
  _: IBEX_H3_ENA_HI_R18_CG_SP_ANTIRAM_LOWER_RIBBON_1YR/Epoch: No cadence information available due to unspecified error.
IBEX_H3_ENA_HI_R18_CG_SP_ANTIRAM_LOWER_RIBBON_MONO_1YR | HAPI.NoCadence:
  _: IBEX_H3_ENA_HI_R18_CG_SP_ANTIRAM_LOWER_RIBBON_MONO_1YR/Epoch: No cadence information available due to unspecified error.
IBEX_H3_ENA_HI_R18_CG_SP_ANTIRAM_MEDIAN_GDF_1YR | HAPI.NoCadence:
  _: IBEX_H3_ENA_HI_R18_CG_SP_ANTIRAM_MEDIAN_GDF_1YR/Epoch: No cadence information available due to unspecified error.
IBEX_H3_ENA_HI_R18_CG_SP_ANTIRAM_MEDIAN_GDF_MONO_1YR | HAPI.NoCadence:
  _: IBEX_H3_ENA_HI_R18_CG_SP_ANTIRAM_MEDIAN_GDF_MONO_1YR/Epoch: No cadence information available due to unspecified error.
IBEX_H3_ENA_HI_R18_CG_SP_ANTIRAM_MEDIAN_RIBBON_1YR | HAPI.NoCadence:
  _: IBEX_H3_ENA_HI_R18_CG_SP_ANTIRAM_MEDIAN_RIBBON_1YR/Epoch: No cadence information available due to unspecified error.
IBEX_H3_ENA_HI_R18_CG_SP_ANTIRAM_MEDIAN_RIBBON_MONO_1YR | HAPI.NoCadence:
  _: IBEX_H3_ENA_HI_R18_CG_SP_ANTIRAM_MEDIAN_RIBBON_MONO_1YR/Epoch: No cadence information available due to unspecified error.
IBEX_H3_ENA_HI_R18_CG_SP_ANTIRAM_MONO_14YR | HAPI.NoCadence:
  _: IBEX_H3_ENA_HI_R18_CG_SP_ANTIRAM_MONO_14YR/Epoch: No cadence information available due to unspecified error.
IBEX_H3_ENA_HI_R18_CG_SP_ANTIRAM_MONO_1YR | HAPI.NoCadence:
  _: IBEX_H3_ENA_HI_R18_CG_SP_ANTIRAM_MONO_1YR/Epoch: No cadence information available due to unspecified error.
IBEX_H3_ENA_HI_R18_CG_SP_ANTIRAM_UPPER_GDF_1YR | HAPI.NoCadence:
  _: IBEX_H3_ENA_HI_R18_CG_SP_ANTIRAM_UPPER_GDF_1YR/Epoch: No cadence information available due to unspecified error.
IBEX_H3_ENA_HI_R18_CG_SP_ANTIRAM_UPPER_GDF_MONO_1YR | HAPI.NoCadence:
  _: IBEX_H3_ENA_HI_R18_CG_SP_ANTIRAM_UPPER_GDF_MONO_1YR/Epoch: No cadence information available due to unspecified error.
IBEX_H3_ENA_HI_R18_CG_SP_ANTIRAM_UPPER_RIBBON_1YR | HAPI.NoCadence:
  _: IBEX_H3_ENA_HI_R18_CG_SP_ANTIRAM_UPPER_RIBBON_1YR/Epoch: No cadence information available due to unspecified error.
IBEX_H3_ENA_HI_R18_CG_SP_ANTIRAM_UPPER_RIBBON_MONO_1YR | HAPI.NoCadence:
  _: IBEX_H3_ENA_HI_R18_CG_SP_ANTIRAM_UPPER_RIBBON_MONO_1YR/Epoch: No cadence information available due to unspecified error.
IBEX_H3_ENA_HI_R18_CG_SP_OMNI_14YR | HAPI.NoCadence:
  _: IBEX_H3_ENA_HI_R18_CG_SP_OMNI_14YR/Epoch: No cadence information available due to unspecified error.
IBEX_H3_ENA_HI_R18_CG_SP_OMNI_6MO | HAPI.NoCadence:
  _: IBEX_H3_ENA_HI_R18_CG_SP_OMNI_6MO/Epoch: No cadence information available due to unspecified error.
IBEX_H3_ENA_HI_R18_CG_SP_OMNI_MONO_14YR | HAPI.NoCadence:
  _: IBEX_H3_ENA_HI_R18_CG_SP_OMNI_MONO_14YR/Epoch: No cadence information available due to unspecified error.
IBEX_H3_ENA_HI_R18_CG_SP_OMNI_MONO_6MO | HAPI.NoCadence:
  _: IBEX_H3_ENA_HI_R18_CG_SP_OMNI_MONO_6MO/Epoch: No cadence information available due to unspecified error.
IBEX_H3_ENA_HI_R18_CG_SP_RAM_14YR | HAPI.NoCadence:
  _: IBEX_H3_ENA_HI_R18_CG_SP_RAM_14YR/Epoch: No cadence information available due to unspecified error.
IBEX_H3_ENA_HI_R18_CG_SP_RAM_1YR | HAPI.NoCadence:
  _: IBEX_H3_ENA_HI_R18_CG_SP_RAM_1YR/Epoch: No cadence information available due to unspecified error.
IBEX_H3_ENA_HI_R18_CG_SP_RAM_LOWER_GDF_1YR | HAPI.NoCadence:
  _: IBEX_H3_ENA_HI_R18_CG_SP_RAM_LOWER_GDF_1YR/Epoch: No cadence information available due to unspecified error.
IBEX_H3_ENA_HI_R18_CG_SP_RAM_LOWER_GDF_MONO_1YR | HAPI.NoCadence:
  _: IBEX_H3_ENA_HI_R18_CG_SP_RAM_LOWER_GDF_MONO_1YR/Epoch: No cadence information available due to unspecified error.
IBEX_H3_ENA_HI_R18_CG_SP_RAM_LOWER_RIBBON_1YR | HAPI.NoCadence:
  _: IBEX_H3_ENA_HI_R18_CG_SP_RAM_LOWER_RIBBON_1YR/Epoch: No cadence information available due to unspecified error.
IBEX_H3_ENA_HI_R18_CG_SP_RAM_LOWER_RIBBON_MONO_1YR | HAPI.NoCadence:
  _: IBEX_H3_ENA_HI_R18_CG_SP_RAM_LOWER_RIBBON_MONO_1YR/Epoch: No cadence information available due to unspecified error.
IBEX_H3_ENA_HI_R18_CG_SP_RAM_MEDIAN_GDF_1YR | HAPI.NoCadence:
  _: IBEX_H3_ENA_HI_R18_CG_SP_RAM_MEDIAN_GDF_1YR/Epoch: No cadence information available due to unspecified error.
IBEX_H3_ENA_HI_R18_CG_SP_RAM_MEDIAN_GDF_MONO_1YR | HAPI.NoCadence:
  _: IBEX_H3_ENA_HI_R18_CG_SP_RAM_MEDIAN_GDF_MONO_1YR/Epoch: No cadence information available due to unspecified error.
IBEX_H3_ENA_HI_R18_CG_SP_RAM_MEDIAN_RIBBON_1YR | HAPI.NoCadence:
  _: IBEX_H3_ENA_HI_R18_CG_SP_RAM_MEDIAN_RIBBON_1YR/Epoch: No cadence information available due to unspecified error.
IBEX_H3_ENA_HI_R18_CG_SP_RAM_MEDIAN_RIBBON_MONO_1YR | HAPI.NoCadence:
  _: IBEX_H3_ENA_HI_R18_CG_SP_RAM_MEDIAN_RIBBON_MONO_1YR/Epoch: No cadence information available due to unspecified error.
IBEX_H3_ENA_HI_R18_CG_SP_RAM_MONO_14YR | HAPI.NoCadence:
  _: IBEX_H3_ENA_HI_R18_CG_SP_RAM_MONO_14YR/Epoch: No cadence information available due to unspecified error.
IBEX_H3_ENA_HI_R18_CG_SP_RAM_MONO_1YR | HAPI.NoCadence:
  _: IBEX_H3_ENA_HI_R18_CG_SP_RAM_MONO_1YR/Epoch: No cadence information available due to unspecified error.
IBEX_H3_ENA_HI_R18_CG_SP_RAM_UPPER_GDF_1YR | HAPI.NoCadence:
  _: IBEX_H3_ENA_HI_R18_CG_SP_RAM_UPPER_GDF_1YR/Epoch: No cadence information available due to unspecified error.
IBEX_H3_ENA_HI_R18_CG_SP_RAM_UPPER_GDF_MONO_1YR | HAPI.NoCadence:
  _: IBEX_H3_ENA_HI_R18_CG_SP_RAM_UPPER_GDF_MONO_1YR/Epoch: No cadence information available due to unspecified error.
IBEX_H3_ENA_HI_R18_CG_SP_RAM_UPPER_RIBBON_1YR | HAPI.NoCadence:
  _: IBEX_H3_ENA_HI_R18_CG_SP_RAM_UPPER_RIBBON_1YR/Epoch: No cadence information available due to unspecified error.
IBEX_H3_ENA_HI_R18_CG_SP_RAM_UPPER_RIBBON_MONO_1YR | HAPI.NoCadence:
  _: IBEX_H3_ENA_HI_R18_CG_SP_RAM_UPPER_RIBBON_MONO_1YR/Epoch: No cadence information available due to unspecified error.
IBEX_H3_ENA_HI_R18_NOCG_NOSP_ANTIRAM_14YR | HAPI.NoCadence:
  _: IBEX_H3_ENA_HI_R18_NOCG_NOSP_ANTIRAM_14YR/Epoch: No cadence information available due to unspecified error.
IBEX_H3_ENA_HI_R18_NOCG_NOSP_ANTIRAM_1YR | HAPI.NoCadence:
  _: IBEX_H3_ENA_HI_R18_NOCG_NOSP_ANTIRAM_1YR/Epoch: No cadence information available due to unspecified error.
IBEX_H3_ENA_HI_R18_NOCG_NOSP_OMNI_14YR | HAPI.NoCadence:
  _: IBEX_H3_ENA_HI_R18_NOCG_NOSP_OMNI_14YR/Epoch: No cadence information available due to unspecified error.
IBEX_H3_ENA_HI_R18_NOCG_NOSP_OMNI_6MO | HAPI.NoCadence:
  _: IBEX_H3_ENA_HI_R18_NOCG_NOSP_OMNI_6MO/Epoch: No cadence information available due to unspecified error.
IBEX_H3_ENA_HI_R18_NOCG_NOSP_RAM_14YR | HAPI.NoCadence:
  _: IBEX_H3_ENA_HI_R18_NOCG_NOSP_RAM_14YR/Epoch: No cadence information available due to unspecified error.
IBEX_H3_ENA_HI_R18_NOCG_NOSP_RAM_1YR | HAPI.NoCadence:
  _: IBEX_H3_ENA_HI_R18_NOCG_NOSP_RAM_1YR/Epoch: No cadence information available due to unspecified error.
IBEX_H3_ENA_HI_R18_NOCG_SP_ANTIRAM_14YR | HAPI.NoCadence:
  _: IBEX_H3_ENA_HI_R18_NOCG_SP_ANTIRAM_14YR/Epoch: No cadence information available due to unspecified error.
IBEX_H3_ENA_HI_R18_NOCG_SP_ANTIRAM_1YR | HAPI.NoCadence:
  _: IBEX_H3_ENA_HI_R18_NOCG_SP_ANTIRAM_1YR/Epoch: No cadence information available due to unspecified error.
IBEX_H3_ENA_HI_R18_NOCG_SP_ANTIRAM_LOWER_GDF_1YR | HAPI.NoCadence:
  _: IBEX_H3_ENA_HI_R18_NOCG_SP_ANTIRAM_LOWER_GDF_1YR/Epoch: No cadence information available due to unspecified error.
IBEX_H3_ENA_HI_R18_NOCG_SP_ANTIRAM_LOWER_RIBBON_1YR | HAPI.NoCadence:
  _: IBEX_H3_ENA_HI_R18_NOCG_SP_ANTIRAM_LOWER_RIBBON_1YR/Epoch: No cadence information available due to unspecified error.
IBEX_H3_ENA_HI_R18_NOCG_SP_ANTIRAM_MEDIAN_GDF_1YR | HAPI.NoCadence:
  _: IBEX_H3_ENA_HI_R18_NOCG_SP_ANTIRAM_MEDIAN_GDF_1YR/Epoch: No cadence information available due to unspecified error.
IBEX_H3_ENA_HI_R18_NOCG_SP_ANTIRAM_MEDIAN_RIBBON_1YR | HAPI.NoCadence:
  _: IBEX_H3_ENA_HI_R18_NOCG_SP_ANTIRAM_MEDIAN_RIBBON_1YR/Epoch: No cadence information available due to unspecified error.
IBEX_H3_ENA_HI_R18_NOCG_SP_ANTIRAM_UPPER_GDF_1YR | HAPI.NoCadence:
  _: IBEX_H3_ENA_HI_R18_NOCG_SP_ANTIRAM_UPPER_GDF_1YR/Epoch: No cadence information available due to unspecified error.
IBEX_H3_ENA_HI_R18_NOCG_SP_ANTIRAM_UPPER_RIBBON_1YR | HAPI.NoCadence:
  _: IBEX_H3_ENA_HI_R18_NOCG_SP_ANTIRAM_UPPER_RIBBON_1YR/Epoch: No cadence information available due to unspecified error.
IBEX_H3_ENA_HI_R18_NOCG_SP_OMNI_14YR | HAPI.NoCadence:
  _: IBEX_H3_ENA_HI_R18_NOCG_SP_OMNI_14YR/Epoch: No cadence information available due to unspecified error.
IBEX_H3_ENA_HI_R18_NOCG_SP_OMNI_6MO | HAPI.NoCadence:
  _: IBEX_H3_ENA_HI_R18_NOCG_SP_OMNI_6MO/Epoch: No cadence information available due to unspecified error.
IBEX_H3_ENA_HI_R18_NOCG_SP_RAM_14YR | HAPI.NoCadence:
  _: IBEX_H3_ENA_HI_R18_NOCG_SP_RAM_14YR/Epoch: No cadence information available due to unspecified error.
IBEX_H3_ENA_HI_R18_NOCG_SP_RAM_1YR | HAPI.NoCadence:
  _: IBEX_H3_ENA_HI_R18_NOCG_SP_RAM_1YR/Epoch: No cadence information available due to unspecified error.
IBEX_H3_ENA_HI_R18_NOCG_SP_RAM_EQUA_14YR | HAPI.NoCadence:
  _: IBEX_H3_ENA_HI_R18_NOCG_SP_RAM_EQUA_14YR/Epoch: No cadence information available due to unspecified error.
IBEX_H3_ENA_HI_R18_NOCG_SP_RAM_GALA_14YR | HAPI.NoCadence:
  _: IBEX_H3_ENA_HI_R18_NOCG_SP_RAM_GALA_14YR/Epoch: No cadence information available due to unspecified error.
IBEX_H3_ENA_HI_R18_NOCG_SP_RAM_LOWER_GDF_1YR | HAPI.NoCadence:
  _: IBEX_H3_ENA_HI_R18_NOCG_SP_RAM_LOWER_GDF_1YR/Epoch: No cadence information available due to unspecified error.
IBEX_H3_ENA_HI_R18_NOCG_SP_RAM_LOWER_RIBBON_1YR | HAPI.NoCadence:
  _: IBEX_H3_ENA_HI_R18_NOCG_SP_RAM_LOWER_RIBBON_1YR/Epoch: No cadence information available due to unspecified error.
IBEX_H3_ENA_HI_R18_NOCG_SP_RAM_MEDIAN_GDF_1YR | HAPI.NoCadence:
  _: IBEX_H3_ENA_HI_R18_NOCG_SP_RAM_MEDIAN_GDF_1YR/Epoch: No cadence information available due to unspecified error.
IBEX_H3_ENA_HI_R18_NOCG_SP_RAM_MEDIAN_RIBBON_1YR | HAPI.NoCadence:
  _: IBEX_H3_ENA_HI_R18_NOCG_SP_RAM_MEDIAN_RIBBON_1YR/Epoch: No cadence information available due to unspecified error.
IBEX_H3_ENA_HI_R18_NOCG_SP_RAM_UPPER_GDF_1YR | HAPI.NoCadence:
  _: IBEX_H3_ENA_HI_R18_NOCG_SP_RAM_UPPER_GDF_1YR/Epoch: No cadence information available due to unspecified error.
IBEX_H3_ENA_HI_R18_NOCG_SP_RAM_UPPER_RIBBON_1YR | HAPI.NoCadence:
  _: IBEX_H3_ENA_HI_R18_NOCG_SP_RAM_UPPER_RIBBON_1YR/Epoch: No cadence information available due to unspecified error.
IBEX_H3_ENA_LO_R04_CG_SP_ANTIRAM_3YR | HAPI.NoCadence:
  _: IBEX_H3_ENA_LO_R04_CG_SP_ANTIRAM_3YR/Epoch: No cadence information available due to unspecified error.
IBEX_H3_ENA_LO_R04_CG_SP_RAM_3YR | HAPI.NoCadence:
  _: IBEX_H3_ENA_LO_R04_CG_SP_RAM_3YR/Epoch: No cadence information available due to unspecified error.
IBEX_H3_ENA_LO_R06_SCHWADRON-H | HAPI.NoCadence:
  _: IBEX_H3_ENA_LO_R06_SCHWADRON-H/Epoch: No cadence information available due to unspecified error.
IBEX_H3_ENA_LO_R07_NOCG_NOSP_OMNI_6MO | HAPI.NoCadence:
  _: IBEX_H3_ENA_LO_R07_NOCG_NOSP_OMNI_6MO/Epoch: No cadence information available due to unspecified error.
IBEX_H3_ENA_LO_R07_NOCG_NOSP_OMNI_VESCF_10MP | HAPI.NoCadence:
  _: IBEX_H3_ENA_LO_R07_NOCG_NOSP_OMNI_VESCF_10MP/Epoch: No cadence information available due to unspecified error.
IBEX_H3_ENA_LO_R07_NOCG_SP_OMNI_6MO | HAPI.NoCadence:
  _: IBEX_H3_ENA_LO_R07_NOCG_SP_OMNI_6MO/Epoch: No cadence information available due to unspecified error.
IBEX_H3_ENA_LO_R07_NOCG_SP_OMNI_VESCF_10MP | HAPI.NoCadence:
  _: IBEX_H3_ENA_LO_R07_NOCG_SP_OMNI_VESCF_10MP/Epoch: No cadence information available due to unspecified error.
IBEX_H3_ENA_LO_R08_OMNI_F2-RIBBON-MAPS-GAL_5YR | HAPI.NoCadence:
  _: IBEX_H3_ENA_LO_R08_OMNI_F2-RIBBON-MAPS-GAL_5YR/Epoch: No cadence information available due to unspecified error.
IBEX_H3_ENA_LO_R08_OMNI_F2-RIBBON-MAPS-J2000_5YR | HAPI.NoCadence:
  _: IBEX_H3_ENA_LO_R08_OMNI_F2-RIBBON-MAPS-J2000_5YR/Epoch: No cadence information available due to unspecified error.
IBEX_H3_ENA_LO_R08_OMNI_F2-RIBBON-MAPS_5YR | HAPI.NoCadence:
  _: IBEX_H3_ENA_LO_R08_OMNI_F2-RIBBON-MAPS_5YR/Epoch: No cadence information available due to unspecified error.
IBEX_H3_ENA_LO_R08_OMNI_F3-GDF-MAPS-GALACTIC_5YR | HAPI.NoCadence:
  _: IBEX_H3_ENA_LO_R08_OMNI_F3-GDF-MAPS-GALACTIC_5YR/Epoch: No cadence information available due to unspecified error.
IBEX_H3_ENA_LO_R08_OMNI_F3-GDF-MAPS-J2000_5YR | HAPI.NoCadence:
  _: IBEX_H3_ENA_LO_R08_OMNI_F3-GDF-MAPS-J2000_5YR/Epoch: No cadence information available due to unspecified error.
IBEX_H3_ENA_LO_R08_OMNI_F3-GDF-MAPS_5YR | HAPI.NoCadence:
  _: IBEX_H3_ENA_LO_R08_OMNI_F3-GDF-MAPS_5YR/Epoch: No cadence information available due to unspecified error.
IBEX_H3_ENA_LO_R09_PARK_OMAP_3YR | HAPI.NoCadence:
  _: IBEX_H3_ENA_LO_R09_PARK_OMAP_3YR/Epoch: No cadence information available due to unspecified error.
IBEX_H3_ENA_LO_R09_PARK_OMAP_3YR-EVEN-MAPS | HAPI.NoCadence:
  _: IBEX_H3_ENA_LO_R09_PARK_OMAP_3YR-EVEN-MAPS/Epoch: No cadence information available due to unspecified error.
IBEX_H3_ENA_LO_R09_PARK_OMAP_3YR-ODD-MAPS | HAPI.NoCadence:
  _: IBEX_H3_ENA_LO_R09_PARK_OMAP_3YR-ODD-MAPS/Epoch: No cadence information available due to unspecified error.
IBEX_H3_ENA_LO_R09_PARK_OMAP_6MO | HAPI.NoCadence:
  _: IBEX_H3_ENA_LO_R09_PARK_OMAP_6MO/Epoch: No cadence information available due to unspecified error.
IBEX_H3_ENA_LO_R09_PARK_OMAP_STAT_3YR | HAPI.NoCadence:
  _: IBEX_H3_ENA_LO_R09_PARK_OMAP_STAT_3YR/Epoch: No cadence information available due to unspecified error.
IBEX_H3_ENA_LO_R10_NOCG_NOSP_OMNI_6MO | HAPI.NoCadence:
  _: IBEX_H3_ENA_LO_R10_NOCG_NOSP_OMNI_6MO/Epoch: No cadence information available due to unspecified error.
IBEX_H3_ENA_LO_R10_NOCG_NOSP_OMNI_7YR | HAPI.NoCadence:
  _: IBEX_H3_ENA_LO_R10_NOCG_NOSP_OMNI_7YR/Epoch: No cadence information available due to unspecified error.
IBEX_H3_ENA_LO_R10_NOCG_SP_OMNI_6MO | HAPI.NoCadence:
  _: IBEX_H3_ENA_LO_R10_NOCG_SP_OMNI_6MO/Epoch: No cadence information available due to unspecified error.
IBEX_H3_ENA_LO_R10_NOCG_SP_OMNI_7YR | HAPI.NoCadence:
  _: IBEX_H3_ENA_LO_R10_NOCG_SP_OMNI_7YR/Epoch: No cadence information available due to unspecified error.
IBEX_H3_ENA_LO_R17_CG_NOSP_ANTIRAM_1YR | HAPI.NoCadence:
  _: IBEX_H3_ENA_LO_R17_CG_NOSP_ANTIRAM_1YR/Epoch: No cadence information available due to unspecified error.
IBEX_H3_ENA_LO_R17_CG_NOSP_OMNI_1YR | HAPI.NoCadence:
  _: IBEX_H3_ENA_LO_R17_CG_NOSP_OMNI_1YR/Epoch: No cadence information available due to unspecified error.
IBEX_H3_ENA_LO_R17_CG_NOSP_RAM_1YR | HAPI.NoCadence:
  _: IBEX_H3_ENA_LO_R17_CG_NOSP_RAM_1YR/Epoch: No cadence information available due to unspecified error.
IBEX_H3_ENA_LO_R17_CG_SP_ANTIRAM_1YR | HAPI.NoCadence:
  _: IBEX_H3_ENA_LO_R17_CG_SP_ANTIRAM_1YR/Epoch: No cadence information available due to unspecified error.
IBEX_H3_ENA_LO_R17_CG_SP_OMNI_1YR | HAPI.NoCadence:
  _: IBEX_H3_ENA_LO_R17_CG_SP_OMNI_1YR/Epoch: No cadence information available due to unspecified error.
IBEX_H3_ENA_LO_R17_CG_SP_RAM_1YR | HAPI.NoCadence:
  _: IBEX_H3_ENA_LO_R17_CG_SP_RAM_1YR/Epoch: No cadence information available due to unspecified error.
IBEX_H3_ENA_LO_R17_NOCG_NOSP_RAM_1YR | HAPI.NoCadence:
  _: IBEX_H3_ENA_LO_R17_NOCG_NOSP_RAM_1YR/Epoch: No cadence information available due to unspecified error.
ICON_L2-1_MIGHTI-A_LOS-WIND-GREEN | HAPI.NoCadence:
  _: ICON_L2-1_MIGHTI-A_LOS-WIND-GREEN/Epoch_cdf: No cadence information available.
ICON_L2-1_MIGHTI-A_LOS-WIND-RED | HAPI.NoCadence:
  _: ICON_L2-1_MIGHTI-A_LOS-WIND-RED/Epoch_cdf: No cadence information available.
ICON_L2-1_MIGHTI-B_LOS-WIND-GREEN | HAPI.NoCadence:
  _: ICON_L2-1_MIGHTI-B_LOS-WIND-GREEN/Epoch_cdf: No cadence information available.
ICON_L2-1_MIGHTI-B_LOS-WIND-RED | HAPI.NoCadence:
  _: ICON_L2-1_MIGHTI-B_LOS-WIND-RED/Epoch_cdf: No cadence information available.
ICON_L2-2_MIGHTI_VECTOR-WIND-GREEN | HAPI.NoCadence:
  _: ICON_L2-2_MIGHTI_VECTOR-WIND-GREEN/Epoch_cdf: No cadence information available.
ICON_L2-2_MIGHTI_VECTOR-WIND-RED | HAPI.NoCadence:
  _: ICON_L2-2_MIGHTI_VECTOR-WIND-RED/Epoch_cdf: No cadence information available.
ICON_L2-3_MIGHTI-A_TEMPERATURE | HAPI.NoCadence:
  _: ICON_L2-3_MIGHTI-A_TEMPERATURE/Epoch_cdf: No cadence information available.
ICON_L2-3_MIGHTI-B_TEMPERATURE | HAPI.NoCadence:
  _: ICON_L2-3_MIGHTI-B_TEMPERATURE/Epoch_cdf: No cadence information available.
ICON_L2-4_FUV_DAY | HAPI.NoCadence:
  _: ICON_L2-4_FUV_DAY/Epoch_cdf: No cadence information available.
ICON_L2-4_FUV_DAY-LIMB | HAPI.NoCadence:
  _: ICON_L2-4_FUV_DAY-LIMB/Epoch_cdf: No cadence information available.
ICON_L2-5_FUV_NIGHT | HAPI.NoCadence:
  _: ICON_L2-5_FUV_NIGHT/Epoch_cdf: No cadence information available.
ICON_L2-6_EUV | HAPI.NoCadence:
  _: ICON_L2-6_EUV/Epoch_cdf: No cadence information available.
ICON_L2-7_IVM-A | HAPI.NoCadence:
  _: ICON_L2-7_IVM-A/Epoch_cdf: No cadence information available.
ICON_L2-7_IVM-B | HAPI.NoCadence:
  _: ICON_L2-7_IVM-B/Epoch_cdf: No cadence information available.
IM_K0_SIE | HAPI.NoCadence:
  _: IM_K0_SIE/EPOCH: No cadence information available due to unspecified error.
IM_K0_SIP | HAPI.NoCadence:
  _: IM_K0_SIP/EPOCH: No cadence information available due to unspecified error.
MESSENGER_MAG_RTN | HAPI.NoCadence:
  _: MESSENGER_MAG_RTN/Epoch_200: No cadence information available.
MGS_MAG_HIGH | HAPI.NoCadence:
  _: MGS_MAG_HIGH/Epoch_cdf: No cadence information available.
MGS_MAG_LOW | HAPI.NoCadence:
  _: MGS_MAG_LOW/Epoch_cdf: No cadence information available.
MMS1_EDI_SRVY_L2_Q0 | HAPI.NoCadence:
  _:
    MMS1_EDI_SRVY_L2_Q0/epoch_timetag: No cadence information available.
    MMS1_EDI_SRVY_L2_Q0/epoch_gdu1: No cadence information available.
    MMS1_EDI_SRVY_L2_Q0/epoch_gdu2: No cadence information available.
MMS2_EDI_SRVY_L2_Q0 | HAPI.NoCadence:
  _:
    MMS2_EDI_SRVY_L2_Q0/epoch_timetag: No cadence information available.
    MMS2_EDI_SRVY_L2_Q0/epoch_gdu1: No cadence information available.
    MMS2_EDI_SRVY_L2_Q0/epoch_gdu2: No cadence information available.
MMS3_EDI_SRVY_L2_Q0 | HAPI.NoCadence:
  _:
    MMS3_EDI_SRVY_L2_Q0/epoch_timetag: No cadence information available.
    MMS3_EDI_SRVY_L2_Q0/epoch_gdu1: No cadence information available.
    MMS3_EDI_SRVY_L2_Q0/epoch_gdu2: No cadence information available.
MMS4_EDI_SRVY_L2_Q0 | HAPI.NoCadence:
  _:
    MMS4_EDI_SRVY_L2_Q0/epoch_timetag: No cadence information available.
    MMS4_EDI_SRVY_L2_Q0/epoch_gdu1: No cadence information available.
    MMS4_EDI_SRVY_L2_Q0/epoch_gdu2: No cadence information available.
NEW_HORIZONS_SWAP_SOLAR-WIND | HAPI.NoCadence:
  _: NEW_HORIZONS_SWAP_SOLAR-WIND/Epoch: No cadence information available.
OMNI2_H0_MRG1HR | HAPI.NoCadence:
  _: OMNI2_H0_MRG1HR/Epoch_1800: No cadence information available.
PMC-TURBO_L1_BOLIDE_VBC | HAPI.NoCadence:
  _: PMC-TURBO_L1_BOLIDE_VBC/Epoch: No cadence information available.
PO_H0_UVI | HAPI.NoCadence:
  _: PO_H0_UVI/Epoch: No cadence information available.
PO_H1_UVI | HAPI.NoCadence:
  _: PO_H1_UVI/Epoch: No cadence information available.
PO_H2_TIM | HAPI.NoCadence:
  _:
    PO_H2_TIM/H_Epoch: No cadence information available.
    PO_H2_TIM/O_Epoch: No cadence information available.
    PO_H2_TIM/He1_Epoch: No cadence information available.
    PO_H2_TIM/He2_Epoch: No cadence information available.
PO_K0_PIX | HAPI.NoCadence:
  _: PO_K0_PIX/Epoch: No cadence information available due to unspecified error.
PO_K0_UVI | HAPI.NoCadence:
  _: PO_K0_UVI/Epoch: No cadence information available due to unspecified error.
PO_K0_VIS | HAPI.NoCadence:
  _: PO_K0_VIS/Epoch: No cadence information available due to unspecified error.
PO_LEVEL1_UVI | HAPI.NoCadence:
  _: PO_LEVEL1_UVI/EPOCH_51: No cadence information available.
PSP_FLD_L2_AEB | HAPI.NoCadence:
  _:
    PSP_FLD_L2_AEB/epoch_aeb1: No cadence information available.
    PSP_FLD_L2_AEB/epoch_aeb2: No cadence information available.
PSP_FLD_L2_DFB_AC_BPF_DV12HG | HAPI.NoCadence:
  _: PSP_FLD_L2_DFB_AC_BPF_DV12HG/epoch: No cadence information available due to unspecified error.
PSP_FLD_L2_DFB_AC_BPF_DV34HG | HAPI.NoCadence:
  _: PSP_FLD_L2_DFB_AC_BPF_DV34HG/epoch: No cadence information available due to unspecified error.
PSP_FLD_L2_DFB_AC_BPF_SCMULFHG | HAPI.NoCadence:
  _: PSP_FLD_L2_DFB_AC_BPF_SCMULFHG/epoch: No cadence information available due to unspecified error.
PSP_FLD_L2_DFB_AC_BPF_SCMUMFHG | HAPI.NoCadence:
  _: PSP_FLD_L2_DFB_AC_BPF_SCMUMFHG/epoch: No cadence information available.
PSP_FLD_L2_DFB_AC_SPEC_DV12HG | HAPI.NoCadence:
  _: PSP_FLD_L2_DFB_AC_SPEC_DV12HG/epoch_ac_spec_dV12hg: No cadence information available due to unspecified error.
PSP_FLD_L2_DFB_AC_SPEC_DV34HG | HAPI.NoCadence:
  _: PSP_FLD_L2_DFB_AC_SPEC_DV34HG/epoch_ac_spec_dV34hg: No cadence information available due to unspecified error.
PSP_FLD_L2_DFB_AC_SPEC_SCMDLFHG | HAPI.NoCadence:
  _: PSP_FLD_L2_DFB_AC_SPEC_SCMDLFHG/epoch_ac_spec_SCMdlfhg: No cadence information available due to unspecified error.
PSP_FLD_L2_DFB_AC_SPEC_SCMELFHG | HAPI.NoCadence:
  _: PSP_FLD_L2_DFB_AC_SPEC_SCMELFHG/epoch_ac_spec_SCMelfhg: No cadence information available due to unspecified error.
PSP_FLD_L2_DFB_AC_SPEC_SCMFLFHG | HAPI.NoCadence:
  _: PSP_FLD_L2_DFB_AC_SPEC_SCMFLFHG/epoch_ac_spec_SCMflfhg: No cadence information available.
PSP_FLD_L2_DFB_AC_SPEC_SCMMF | HAPI.NoCadence:
  _: PSP_FLD_L2_DFB_AC_SPEC_SCMMF/epoch_ac_spec_SCMmf: No cadence information available due to unspecified error.
PSP_FLD_L2_DFB_AC_SPEC_SCMULFLG | HAPI.NoCadence:
  _: PSP_FLD_L2_DFB_AC_SPEC_SCMULFLG/epoch_ac_spec_SCMulflg: No cadence information available due to unspecified error.
PSP_FLD_L2_DFB_AC_SPEC_SCMVLFHG | HAPI.NoCadence:
  _: PSP_FLD_L2_DFB_AC_SPEC_SCMVLFHG/epoch_ac_spec_SCMvlfhg: No cadence information available due to unspecified error.
PSP_FLD_L2_DFB_AC_SPEC_V5HG | HAPI.NoCadence:
  _: PSP_FLD_L2_DFB_AC_SPEC_V5HG/epoch_ac_spec_V5hg: No cadence information available due to unspecified error.
PSP_FLD_L2_DFB_AC_XSPEC_DV12HG_DV34HG | HAPI.NoCadence:
  _: PSP_FLD_L2_DFB_AC_XSPEC_DV12HG_DV34HG/epoch: No cadence information available.
PSP_FLD_L2_DFB_AC_XSPEC_SCMDLFHG_SCMELFHG | HAPI.NoCadence:
  _: PSP_FLD_L2_DFB_AC_XSPEC_SCMDLFHG_SCMELFHG/epoch: No cadence information available due to unspecified error.
PSP_FLD_L2_DFB_AC_XSPEC_SCMDLFHG_SCMFLFHG | HAPI.NoCadence:
  _: PSP_FLD_L2_DFB_AC_XSPEC_SCMDLFHG_SCMFLFHG/epoch: No cadence information available due to unspecified error.
PSP_FLD_L2_DFB_AC_XSPEC_SCMELFHG_SCMFLFHG | HAPI.NoCadence:
  _: PSP_FLD_L2_DFB_AC_XSPEC_SCMELFHG_SCMFLFHG/epoch: No cadence information available.
PSP_FLD_L2_DFB_DBM_DVAC | HAPI.NoCadence:
  _: PSP_FLD_L2_DFB_DBM_DVAC/epoch_psp_fld_l2_dfb_dbm_dvac: No cadence information available.
PSP_FLD_L2_DFB_DBM_DVDC | HAPI.NoCadence:
  _: PSP_FLD_L2_DFB_DBM_DVDC/epoch_psp_fld_l2_dfb_dbm_dvdc: No cadence information available.
PSP_FLD_L2_DFB_DBM_SCM | HAPI.NoCadence:
  _: PSP_FLD_L2_DFB_DBM_SCM/epoch_psp_fld_l2_dfb_dbm_scmhg: No cadence information available.
PSP_FLD_L2_DFB_DBM_VAC | HAPI.NoCadence:
  _: PSP_FLD_L2_DFB_DBM_VAC/epoch_psp_fld_l2_dfb_dbm_vac: No cadence information available.
PSP_FLD_L2_DFB_DBM_VDC | HAPI.NoCadence:
  _: PSP_FLD_L2_DFB_DBM_VDC/epoch_psp_fld_l2_dfb_dbm_vdc: No cadence information available.
PSP_FLD_L2_DFB_DC_BPF_DV12HG | HAPI.NoCadence:
  _: PSP_FLD_L2_DFB_DC_BPF_DV12HG/epoch: No cadence information available due to unspecified error.
PSP_FLD_L2_DFB_DC_BPF_DV34HG | HAPI.NoCadence:
  _: PSP_FLD_L2_DFB_DC_BPF_DV34HG/epoch: No cadence information available due to unspecified error.
PSP_FLD_L2_DFB_DC_BPF_SCMULFHG | HAPI.NoCadence:
  _: PSP_FLD_L2_DFB_DC_BPF_SCMULFHG/epoch: No cadence information available due to unspecified error.
PSP_FLD_L2_DFB_DC_BPF_SCMVLFHG | HAPI.NoCadence:
  _: PSP_FLD_L2_DFB_DC_BPF_SCMVLFHG/epoch: No cadence information available due to unspecified error.
PSP_FLD_L2_DFB_DC_SPEC_DV12HG | HAPI.NoCadence:
  _: PSP_FLD_L2_DFB_DC_SPEC_DV12HG/epoch_dc_spec_dV12hg: No cadence information available.
PSP_FLD_L2_DFB_DC_SPEC_SCMDLFHG | HAPI.NoCadence:
  _: PSP_FLD_L2_DFB_DC_SPEC_SCMDLFHG/epoch_dc_spec_SCMdlfhg: No cadence information available due to unspecified error.
PSP_FLD_L2_DFB_DC_SPEC_SCMELFHG | HAPI.NoCadence:
  _: PSP_FLD_L2_DFB_DC_SPEC_SCMELFHG/epoch_dc_spec_SCMelfhg: No cadence information available due to unspecified error.
PSP_FLD_L2_DFB_DC_SPEC_SCMFLFHG | HAPI.NoCadence:
  _: PSP_FLD_L2_DFB_DC_SPEC_SCMFLFHG/epoch_dc_spec_SCMflfhg: No cadence information available due to unspecified error.
PSP_FLD_L2_DFB_DC_SPEC_SCMULFHG | HAPI.NoCadence:
  _: PSP_FLD_L2_DFB_DC_SPEC_SCMULFHG/epoch_dc_spec_SCMulfhg: No cadence information available due to unspecified error.
PSP_FLD_L2_DFB_DC_SPEC_SCMVLFHG | HAPI.NoCadence:
  _: PSP_FLD_L2_DFB_DC_SPEC_SCMVLFHG/epoch_dc_spec_SCMvlfhg: No cadence information available due to unspecified error.
PSP_FLD_L2_DFB_DC_SPEC_SCMWLFHG | HAPI.NoCadence:
  _: PSP_FLD_L2_DFB_DC_SPEC_SCMWLFHG/epoch_dc_spec_SCMwlfhg: No cadence information available.
PSP_FLD_L2_DFB_DC_XSPEC_SCMDLFHG_SCMELFHG | HAPI.NoCadence:
  _: PSP_FLD_L2_DFB_DC_XSPEC_SCMDLFHG_SCMELFHG/epoch: No cadence information available due to unspecified error.
PSP_FLD_L2_DFB_DC_XSPEC_SCMDLFHG_SCMFLFHG | HAPI.NoCadence:
  _: PSP_FLD_L2_DFB_DC_XSPEC_SCMDLFHG_SCMFLFHG/epoch: No cadence information available.
PSP_FLD_L2_DFB_DC_XSPEC_SCMELFHG_SCMFLFHG | HAPI.NoCadence:
  _: PSP_FLD_L2_DFB_DC_XSPEC_SCMELFHG_SCMFLFHG/epoch: No cadence information available due to unspecified error.
PSP_FLD_L2_DFB_DC_XSPEC_SCMVLFHG_SCMWLFHG | HAPI.NoCadence:
  _: PSP_FLD_L2_DFB_DC_XSPEC_SCMVLFHG_SCMWLFHG/epoch: No cadence information available due to unspecified error.
PSP_FLD_L2_DFB_WF_DVDC | HAPI.NoCadence:
  _: PSP_FLD_L2_DFB_WF_DVDC/epoch: No cadence information available.
PSP_FLD_L2_DFB_WF_SCM | HAPI.NoCadence:
  _:
    PSP_FLD_L2_DFB_WF_SCM/hg_epoch: No cadence information available.
    PSP_FLD_L2_DFB_WF_SCM/lg_epoch: No cadence information available.
PSP_FLD_L2_DFB_WF_VDC | HAPI.NoCadence:
  _:
    PSP_FLD_L2_DFB_WF_VDC/v1_epoch: No cadence information available.
    PSP_FLD_L2_DFB_WF_VDC/v2_epoch: No cadence information available.
    PSP_FLD_L2_DFB_WF_VDC/v3_epoch: No cadence information available.
    PSP_FLD_L2_DFB_WF_VDC/v4_epoch: No cadence information available.
    PSP_FLD_L2_DFB_WF_VDC/v5_epoch: No cadence information available.
PSP_FLD_L2_F2_100BPS | HAPI.NoCadence:
  _: PSP_FLD_L2_F2_100BPS/epoch: No cadence information available.
PSP_FLD_L2_RFS_HFR | HAPI.NoCadence:
  _:
    PSP_FLD_L2_RFS_HFR/epoch_hfr_auto_averages_ch0_V1V2: No cadence information available.
    PSP_FLD_L2_RFS_HFR/epoch_hfr_auto_averages_ch1_V3V4: No cadence information available.
    PSP_FLD_L2_RFS_HFR/epoch_hfr_auto_peaks_ch0_V1V2: No cadence information available.
    PSP_FLD_L2_RFS_HFR/epoch_hfr_auto_peaks_ch1_V3V4: No cadence information available.
    PSP_FLD_L2_RFS_HFR/epoch_hfr_cross_im_V1V2_V3V4: No cadence information available.
    PSP_FLD_L2_RFS_HFR/epoch_hfr_cross_re_V1V2_V3V4: No cadence information available.
    PSP_FLD_L2_RFS_HFR/epoch_hfr_coher_V1V2_V3V4: No cadence information available.
    PSP_FLD_L2_RFS_HFR/epoch_hfr_phase_V1V2_V3V4: No cadence information available.
    PSP_FLD_L2_RFS_HFR/epoch_hfr: No cadence information available.
PSP_FLD_L2_RFS_LFR | HAPI.NoCadence:
  _:
    PSP_FLD_L2_RFS_LFR/epoch_lfr_auto_averages_ch0_V1V2: No cadence information available.
    PSP_FLD_L2_RFS_LFR/epoch_lfr_auto_averages_ch1_V3V4: No cadence information available.
    PSP_FLD_L2_RFS_LFR/epoch_lfr_auto_peaks_ch0_V1V2: No cadence information available.
    PSP_FLD_L2_RFS_LFR/epoch_lfr_auto_peaks_ch1_V3V4: No cadence information available.
    PSP_FLD_L2_RFS_LFR/epoch_lfr_hires_averages_ch0_V1V2: No cadence information available.
    PSP_FLD_L2_RFS_LFR/epoch_lfr_hires_averages_ch1_V3V4: No cadence information available.
    PSP_FLD_L2_RFS_LFR/epoch_lfr_hires_peaks_ch0_V1V2: No cadence information available.
    PSP_FLD_L2_RFS_LFR/epoch_lfr_hires_peaks_ch1_V3V4: No cadence information available.
    PSP_FLD_L2_RFS_LFR/epoch_lfr_cross_im_V1V2_V3V4: No cadence information available.
    PSP_FLD_L2_RFS_LFR/epoch_lfr_cross_re_V1V2_V3V4: No cadence information available.
    PSP_FLD_L2_RFS_LFR/epoch_lfr_coher_V1V2_V3V4: No cadence information available.
    PSP_FLD_L2_RFS_LFR/epoch_lfr_phase_V1V2_V3V4: No cadence information available.
    PSP_FLD_L2_RFS_LFR/epoch_lfr: No cadence information available.
PSP_FLD_L2_TDS_WF | HAPI.NoCadence:
  _:
    PSP_FLD_L2_TDS_WF/PSP_FLD_L2_TDS_WF_Burst_Time_Series_Times_TT2000_f: No cadence information available.
    PSP_FLD_L2_TDS_WF/epoch: No cadence information available.
PSP_ISOIS-EPIHI_L2-HET-RATES10 | HAPI.NoCadence:
  _: PSP_ISOIS-EPIHI_L2-HET-RATES10/Epoch: No cadence information available due to unspecified error.
PSP_ISOIS-EPIHI_L2-HET-RATES300 | HAPI.NoCadence:
  _: PSP_ISOIS-EPIHI_L2-HET-RATES300/Epoch: No cadence information available due to unspecified error.
PSP_ISOIS-EPIHI_L2-HET-RATES3600 | HAPI.NoCadence:
  _: PSP_ISOIS-EPIHI_L2-HET-RATES3600/Epoch: No cadence information available.
PSP_ISOIS-EPIHI_L2-HET-RATES60 | HAPI.NoCadence:
  _: PSP_ISOIS-EPIHI_L2-HET-RATES60/Epoch: No cadence information available due to unspecified error.
PSP_ISOIS-EPIHI_L2-LET1-RATES10 | HAPI.NoCadence:
  _: PSP_ISOIS-EPIHI_L2-LET1-RATES10/Epoch: No cadence information available.
PSP_ISOIS-EPIHI_L2-LET1-RATES300 | HAPI.NoCadence:
  _: PSP_ISOIS-EPIHI_L2-LET1-RATES300/Epoch: No cadence information available.
PSP_ISOIS-EPIHI_L2-LET1-RATES3600 | HAPI.NoCadence:
  _: PSP_ISOIS-EPIHI_L2-LET1-RATES3600/Epoch: No cadence information available.
PSP_ISOIS-EPIHI_L2-LET1-RATES60 | HAPI.NoCadence:
  _: PSP_ISOIS-EPIHI_L2-LET1-RATES60/Epoch: No cadence information available.
PSP_ISOIS-EPIHI_L2-LET2-RATES10 | HAPI.NoCadence:
  _: PSP_ISOIS-EPIHI_L2-LET2-RATES10/Epoch: No cadence information available.
PSP_ISOIS-EPIHI_L2-LET2-RATES300 | HAPI.NoCadence:
  _: PSP_ISOIS-EPIHI_L2-LET2-RATES300/Epoch: No cadence information available.
PSP_ISOIS-EPIHI_L2-LET2-RATES3600 | HAPI.NoCadence:
  _: PSP_ISOIS-EPIHI_L2-LET2-RATES3600/Epoch: No cadence information available.
PSP_ISOIS-EPIHI_L2-LET2-RATES60 | HAPI.NoCadence:
  _: PSP_ISOIS-EPIHI_L2-LET2-RATES60/Epoch: No cadence information available.
PSP_ISOIS-EPIHI_L2-SECOND-RATES | HAPI.NoCadence:
  _: PSP_ISOIS-EPIHI_L2-SECOND-RATES/Epoch: No cadence information available due to unspecified error.
PSP_ISOIS-EPILO_L2-IC | HAPI.NoCadence:
  _:
    PSP_ISOIS-EPILO_L2-IC/Epoch_ChanC: No cadence information available.
    PSP_ISOIS-EPILO_L2-IC/Epoch_ChanD: No cadence information available.
    PSP_ISOIS-EPILO_L2-IC/Epoch_ChanP: No cadence information available.
    PSP_ISOIS-EPILO_L2-IC/Epoch_ChanR: No cadence information available.
    PSP_ISOIS-EPILO_L2-IC/Epoch_ChanT: No cadence information available.
PSP_ISOIS-EPILO_L2-PE | HAPI.NoCadence:
  _:
    PSP_ISOIS-EPILO_L2-PE/Epoch_ChanE: No cadence information available.
    PSP_ISOIS-EPILO_L2-PE/Epoch_ChanF: No cadence information available.
    PSP_ISOIS-EPILO_L2-PE/Epoch_ChanG: No cadence information available.
PSP_ISOIS_L2-EPHEM | HAPI.NoCadence:
  _: PSP_ISOIS_L2-EPHEM/Epoch: No cadence information available.
PSP_ISOIS_L2-SUMMARY | HAPI.NoCadence:
  _:
    PSP_ISOIS_L2-SUMMARY/HET_Epoch: No cadence information available due to unspecified error.
    PSP_ISOIS_L2-SUMMARY/Epoch: No cadence information available due to unspecified error.
    PSP_ISOIS_L2-SUMMARY/Epoch_ChanP: No cadence information available due to unspecified error.
    PSP_ISOIS_L2-SUMMARY/Epoch_ChanE: No cadence information available due to unspecified error.
RBSP-A_HFR-WAVEFORM_EMFISIS-L2 | HAPI.NoCadence:
  _: RBSP-A_HFR-WAVEFORM_EMFISIS-L2/Epoch_expanded: No cadence information available.
RBSP-B_HFR-WAVEFORM_EMFISIS-L2 | HAPI.NoCadence:
  _: RBSP-B_HFR-WAVEFORM_EMFISIS-L2/Epoch_expanded: No cadence information available.
RBSPA_EFW-L2_E-SPINFIT-MGSE | HAPI.NoCadence:
  _: RBSPA_EFW-L2_E-SPINFIT-MGSE/epoch_hsk: No cadence information available due to unspecified error.
RBSPA_EFW-L2_FBK | HAPI.NoCadence:
  _: RBSPA_EFW-L2_FBK/epoch_qual: No cadence information available due to unspecified error.
RBSPA_EFW-L2_SPEC | HAPI.NoCadence:
  _: RBSPA_EFW-L2_SPEC/epoch_qual: No cadence information available due to unspecified error.
RBSPA_EFW-L3 | HAPI.NoCadence:
  _: RBSPA_EFW-L3/epoch_hsk: No cadence information available.
RBSPB_EFW-L2_E-SPINFIT-MGSE | HAPI.NoCadence:
  _: RBSPB_EFW-L2_E-SPINFIT-MGSE/epoch_hsk: No cadence information available due to unspecified error.
RBSPB_EFW-L2_FBK | HAPI.NoCadence:
  _: RBSPB_EFW-L2_FBK/epoch_qual: No cadence information available due to unspecified error.
RBSPB_EFW-L2_SPEC | HAPI.NoCadence:
  _: RBSPB_EFW-L2_SPEC/epoch_qual: No cadence information available due to unspecified error.
RBSPB_EFW-L3 | HAPI.NoCadence:
  _: RBSPB_EFW-L3/epoch_hsk: No cadence information available.
RBSP_ECT-REPT-SCI-L3-SELESNICK-MODEL | HAPI.NoCadence:
  _: RBSP_ECT-REPT-SCI-L3-SELESNICK-MODEL/Epoch: No cadence information available due to unspecified error.
REACH-VID-101_DOSIMETER-L1C | HAPI.NoCadence:
  _: REACH-VID-101_DOSIMETER-L1C/Epoch_cdf: No cadence information available.
REACH-VID-102_DOSIMETER-L1C | HAPI.NoCadence:
  _: REACH-VID-102_DOSIMETER-L1C/Epoch_cdf: No cadence information available.
REACH-VID-105_DOSIMETER-L1C | HAPI.NoCadence:
  _: REACH-VID-105_DOSIMETER-L1C/Epoch_cdf: No cadence information available.
REACH-VID-108_DOSIMETER-L1C | HAPI.NoCadence:
  _: REACH-VID-108_DOSIMETER-L1C/Epoch_cdf: No cadence information available.
REACH-VID-113_DOSIMETER-L1C | HAPI.NoCadence:
  _: REACH-VID-113_DOSIMETER-L1C/Epoch_cdf: No cadence information available.
REACH-VID-114_DOSIMETER-L1C | HAPI.NoCadence:
  _: REACH-VID-114_DOSIMETER-L1C/Epoch_cdf: No cadence information available.
REACH-VID-115_DOSIMETER-L1C | HAPI.NoCadence:
  _: REACH-VID-115_DOSIMETER-L1C/Epoch_cdf: No cadence information available.
REACH-VID-116_DOSIMETER-L1C | HAPI.NoCadence:
  _: REACH-VID-116_DOSIMETER-L1C/Epoch_cdf: No cadence information available.
REACH-VID-133_DOSIMETER-L1C | HAPI.NoCadence:
  _: REACH-VID-133_DOSIMETER-L1C/Epoch_cdf: No cadence information available.
REACH-VID-134_DOSIMETER-L1C | HAPI.NoCadence:
  _: REACH-VID-134_DOSIMETER-L1C/Epoch_cdf: No cadence information available.
REACH-VID-135_DOSIMETER-L1C | HAPI.NoCadence:
  _: REACH-VID-135_DOSIMETER-L1C/Epoch_cdf: No cadence information available.
REACH-VID-136_DOSIMETER-L1C | HAPI.NoCadence:
  _: REACH-VID-136_DOSIMETER-L1C/Epoch_cdf: No cadence information available.
REACH-VID-137_DOSIMETER-L1C | HAPI.NoCadence:
  _: REACH-VID-137_DOSIMETER-L1C/Epoch_cdf: No cadence information available.
REACH-VID-138_DOSIMETER-L1C | HAPI.NoCadence:
  _: REACH-VID-138_DOSIMETER-L1C/Epoch_cdf: No cadence information available.
REACH-VID-139_DOSIMETER-L1C | HAPI.NoCadence:
  _: REACH-VID-139_DOSIMETER-L1C/Epoch_cdf: No cadence information available.
REACH-VID-140_DOSIMETER-L1C | HAPI.NoCadence:
  _: REACH-VID-140_DOSIMETER-L1C/Epoch_cdf: No cadence information available.
REACH-VID-148_DOSIMETER-L1C | HAPI.NoCadence:
  _: REACH-VID-148_DOSIMETER-L1C/Epoch_cdf: No cadence information available.
REACH-VID-149_DOSIMETER-L1C | HAPI.NoCadence:
  _: REACH-VID-149_DOSIMETER-L1C/Epoch_cdf: No cadence information available.
REACH-VID-162_DOSIMETER-L1C | HAPI.NoCadence:
  _: REACH-VID-162_DOSIMETER-L1C/Epoch_cdf: No cadence information available.
REACH-VID-163_DOSIMETER-L1C | HAPI.NoCadence:
  _: REACH-VID-163_DOSIMETER-L1C/Epoch_cdf: No cadence information available.
REACH-VID-164_DOSIMETER-L1C | HAPI.NoCadence:
  _: REACH-VID-164_DOSIMETER-L1C/Epoch_cdf: No cadence information available.
REACH-VID-165_DOSIMETER-L1C | HAPI.NoCadence:
  _: REACH-VID-165_DOSIMETER-L1C/Epoch_cdf: No cadence information available.
REACH-VID-166_DOSIMETER-L1C | HAPI.NoCadence:
  _: REACH-VID-166_DOSIMETER-L1C/Epoch_cdf: No cadence information available.
REACH-VID-169_DOSIMETER-L1C | HAPI.NoCadence:
  _: REACH-VID-169_DOSIMETER-L1C/Epoch_cdf: No cadence information available.
REACH-VID-170_DOSIMETER-L1C | HAPI.NoCadence:
  _: REACH-VID-170_DOSIMETER-L1C/Epoch_cdf: No cadence information available.
REACH-VID-171_DOSIMETER-L1C | HAPI.NoCadence:
  _: REACH-VID-171_DOSIMETER-L1C/Epoch_cdf: No cadence information available.
REACH-VID-172_DOSIMETER-L1C | HAPI.NoCadence:
  _: REACH-VID-172_DOSIMETER-L1C/Epoch_cdf: No cadence information available.
REACH-VID-173_DOSIMETER-L1C | HAPI.NoCadence:
  _: REACH-VID-173_DOSIMETER-L1C/Epoch_cdf: No cadence information available.
REACH-VID-175_DOSIMETER-L1C | HAPI.NoCadence:
  _: REACH-VID-175_DOSIMETER-L1C/Epoch_cdf: No cadence information available.
REACH-VID-176_DOSIMETER-L1C | HAPI.NoCadence:
  _: REACH-VID-176_DOSIMETER-L1C/Epoch_cdf: No cadence information available.
REACH-VID-180_DOSIMETER-L1C | HAPI.NoCadence:
  _: REACH-VID-180_DOSIMETER-L1C/Epoch_cdf: No cadence information available.
REACH-VID-181_DOSIMETER-L1C | HAPI.NoCadence:
  _: REACH-VID-181_DOSIMETER-L1C/Epoch_cdf: No cadence information available.
SOLO_L2_SWA-EAS1-HIRES3D-DEF | HAPI.NoCadence:
  _: SOLO_L2_SWA-EAS1-HIRES3D-DEF/EPOCH: No cadence information available.
SOLO_L2_SWA-EAS1-HIRES3D-DNF | HAPI.NoCadence:
  _: SOLO_L2_SWA-EAS1-HIRES3D-DNF/EPOCH: No cadence information available.
SOLO_L2_SWA-EAS1-HIRES3D-PSD | HAPI.NoCadence:
  _: SOLO_L2_SWA-EAS1-HIRES3D-PSD/EPOCH: No cadence information available.
SOLO_L2_SWA-EAS2-HIRES3D-DEF | HAPI.NoCadence:
  _: SOLO_L2_SWA-EAS2-HIRES3D-DEF/EPOCH: No cadence information available.
SOLO_L2_SWA-EAS2-HIRES3D-DNF | HAPI.NoCadence:
  _: SOLO_L2_SWA-EAS2-HIRES3D-DNF/EPOCH: No cadence information available.
SOLO_L2_SWA-EAS2-HIRES3D-PSD | HAPI.NoCadence:
  _: SOLO_L2_SWA-EAS2-HIRES3D-PSD/EPOCH: No cadence information available.
SOLO_LL02_RPW-SBM2 | HAPI.NoCadence:
  _: SOLO_LL02_RPW-SBM2/EPOCH: No cadence information available due to unspecified error.
SO_K0_CST | HAPI.NoCadence:
  _: SO_K0_CST/Epoch: No cadence information available due to unspecified error.
SO_K0_ERN | HAPI.NoCadence:
  _: SO_K0_ERN/Epoch: No cadence information available due to unspecified error.
THA_L1_STATE | HAPI.NoCadence:
  _:
    THA_L1_STATE/tha_state_epoch: No cadence information available due to unspecified error.
    THA_L1_STATE/tha_spin_epoch: No cadence information available due to unspecified error.
    THA_L1_STATE/tha_spin_ecl_epoch: No cadence information available due to unspecified error.
THA_L2_EFI | HAPI.NoCadence:
  _:
    THA_L2_EFI/tha_efs_dot0_epoch: No cadence information available due to unspecified error.
    THA_L2_EFI/tha_eff_dot0_epoch: No cadence information available due to unspecified error.
    THA_L2_EFI/tha_eff_q_mag_epoch: No cadence information available due to unspecified error.
    THA_L2_EFI/tha_eff_q_pha_epoch: No cadence information available due to unspecified error.
    THA_L2_EFI/tha_eff_e12_efs_epoch: No cadence information available due to unspecified error.
    THA_L2_EFI/tha_eff_e34_efs_epoch: No cadence information available due to unspecified error.
THA_L2_ESA | HAPI.NoCadence:
  _:
    THA_L2_ESA/tha_peif_epoch: No cadence information available due to unspecified error.
    THA_L2_ESA/tha_peef_epoch: No cadence information available due to unspecified error.
    THA_L2_ESA/tha_peir_epoch: No cadence information available due to unspecified error.
    THA_L2_ESA/tha_peer_epoch: No cadence information available due to unspecified error.
    THA_L2_ESA/tha_peib_epoch: No cadence information available due to unspecified error.
    THA_L2_ESA/tha_peeb_epoch: No cadence information available due to unspecified error.
    THA_L2_ESA/tha_eesa_solarwind_flag_epoch: No cadence information available due to unspecified error.
    THA_L2_ESA/tha_iesa_solarwind_flag_epoch: No cadence information available due to unspecified error.
THA_L2_FBK | HAPI.NoCadence:
  _:
    THA_L2_FBK/tha_fb_hff_epoch: No cadence information available due to unspecified error.
    THA_L2_FBK/tha_fb_v1_epoch: No cadence information available due to unspecified error.
    THA_L2_FBK/tha_fb_v2_epoch: No cadence information available due to unspecified error.
    THA_L2_FBK/tha_fb_v3_epoch: No cadence information available due to unspecified error.
    THA_L2_FBK/tha_fb_v4_epoch: No cadence information available due to unspecified error.
    THA_L2_FBK/tha_fb_v5_epoch: No cadence information available due to unspecified error.
    THA_L2_FBK/tha_fb_v6_epoch: No cadence information available due to unspecified error.
    THA_L2_FBK/tha_fb_edc12_epoch: No cadence information available due to unspecified error.
    THA_L2_FBK/tha_fb_edc34_epoch: No cadence information available due to unspecified error.
    THA_L2_FBK/tha_fb_edc56_epoch: No cadence information available due to unspecified error.
    THA_L2_FBK/tha_fb_scm1_epoch: No cadence information available due to unspecified error.
    THA_L2_FBK/tha_fb_scm2_epoch: No cadence information available due to unspecified error.
    THA_L2_FBK/tha_fb_scm3_epoch: No cadence information available due to unspecified error.
    THA_L2_FBK/tha_fb_eac12_epoch: No cadence information available due to unspecified error.
    THA_L2_FBK/tha_fb_eac34_epoch: No cadence information available due to unspecified error.
    THA_L2_FBK/tha_fb_eac56_epoch: No cadence information available due to unspecified error.
THA_L2_FFT | HAPI.NoCadence:
  _:
    THA_L2_FFT/tha_fff_16_epoch: No cadence information available due to unspecified error.
    THA_L2_FFT/tha_fff_64_epoch: No cadence information available due to unspecified error.
    THA_L2_FFT/tha_ffp_16_epoch: No cadence information available due to unspecified error.
    THA_L2_FFT/tha_ffp_32_epoch: No cadence information available due to unspecified error.
    THA_L2_FFT/tha_ffp_64_epoch: No cadence information available due to unspecified error.
    THA_L2_FFT/tha_ffw_16_epoch: No cadence information available due to unspecified error.
    THA_L2_FFT/tha_ffw_32_epoch: No cadence information available due to unspecified error.
    THA_L2_FFT/tha_ffw_64_epoch: No cadence information available due to unspecified error.
THA_L2_FGM | HAPI.NoCadence:
  _:
    THA_L2_FGM/tha_fgs_epoch: No cadence information available due to unspecified error.
    THA_L2_FGM/tha_fgl_epoch16: No cadence information available due to unspecified error.
    THA_L2_FGM/tha_fgh_epoch16: No cadence information available due to unspecified error.
    THA_L2_FGM/tha_fge_epoch16: No cadence information available due to unspecified error.
THA_L2_FIT | HAPI.NoCadence:
  _:
    THA_L2_FIT/tha_fgs_epoch: No cadence information available due to unspecified error.
    THA_L2_FIT/tha_efs_epoch: No cadence information available due to unspecified error.
    THA_L2_FIT/tha_fit_bfit_epoch: No cadence information available due to unspecified error.
    THA_L2_FIT/tha_fit_efit_epoch: No cadence information available due to unspecified error.
THA_L2_GMOM | HAPI.NoCadence:
  _:
    THA_L2_GMOM/tha_ptiff_epoch: No cadence information available due to unspecified error.
    THA_L2_GMOM/tha_pteff_epoch: No cadence information available due to unspecified error.
    THA_L2_GMOM/tha_ptirf_epoch: No cadence information available due to unspecified error.
    THA_L2_GMOM/tha_pterf_epoch: No cadence information available due to unspecified error.
    THA_L2_GMOM/tha_ptibb_epoch: No cadence information available due to unspecified error.
    THA_L2_GMOM/tha_ptebb_epoch: No cadence information available due to unspecified error.
    THA_L2_GMOM/tha_eesa_solarwind_flag_epoch: No cadence information available due to unspecified error.
    THA_L2_GMOM/tha_iesa_solarwind_flag_epoch: No cadence information available due to unspecified error.
THA_L2_MOM | HAPI.NoCadence:
  _:
    THA_L2_MOM/tha_peim_epoch: No cadence information available due to unspecified error.
    THA_L2_MOM/tha_peem_epoch: No cadence information available due to unspecified error.
    THA_L2_MOM/tha_pxxm_epoch: No cadence information available due to unspecified error.
    THA_L2_MOM/tha_eesa_solarwind_flag_epoch: No cadence information available due to unspecified error.
    THA_L2_MOM/tha_iesa_solarwind_flag_epoch: No cadence information available due to unspecified error.
THA_L2_SCM | HAPI.NoCadence:
  _:
    THA_L2_SCM/tha_scf_epoch: No cadence information available due to unspecified error.
    THA_L2_SCM/tha_scp_epoch16: No cadence information available due to unspecified error.
    THA_L2_SCM/tha_scw_epoch16: No cadence information available due to unspecified error.
THA_L2_SST | HAPI.NoCadence:
  _:
    THA_L2_SST/tha_psif_epoch: No cadence information available due to unspecified error.
    THA_L2_SST/tha_psef_epoch: No cadence information available due to unspecified error.
    THA_L2_SST/tha_psib_epoch: No cadence information available due to unspecified error.
    THA_L2_SST/tha_pseb_epoch: No cadence information available due to unspecified error.
    THA_L2_SST/tha_eesa_solarwind_flag_epoch: No cadence information available due to unspecified error.
    THA_L2_SST/tha_iesa_solarwind_flag_epoch: No cadence information available due to unspecified error.
THB_L1_STATE | HAPI.NoCadence:
  _:
    THB_L1_STATE/thb_state_epoch: No cadence information available due to unspecified error.
    THB_L1_STATE/thb_spin_epoch: No cadence information available due to unspecified error.
    THB_L1_STATE/thb_spin_ecl_epoch: No cadence information available due to unspecified error.
THB_L2_EFI | HAPI.NoCadence:
  _:
    THB_L2_EFI/thb_efs_dot0_epoch: No cadence information available due to unspecified error.
    THB_L2_EFI/thb_eff_dot0_epoch: No cadence information available due to unspecified error.
    THB_L2_EFI/thb_eff_q_mag_epoch: No cadence information available due to unspecified error.
    THB_L2_EFI/thb_eff_q_pha_epoch: No cadence information available due to unspecified error.
    THB_L2_EFI/thb_eff_e12_efs_epoch: No cadence information available due to unspecified error.
    THB_L2_EFI/thb_eff_e34_efs_epoch: No cadence information available due to unspecified error.
THB_L2_ESA | HAPI.NoCadence:
  _:
    THB_L2_ESA/thb_peif_epoch: No cadence information available due to unspecified error.
    THB_L2_ESA/thb_peef_epoch: No cadence information available due to unspecified error.
    THB_L2_ESA/thb_peir_epoch: No cadence information available due to unspecified error.
    THB_L2_ESA/thb_peer_epoch: No cadence information available due to unspecified error.
    THB_L2_ESA/thb_peib_epoch: No cadence information available due to unspecified error.
    THB_L2_ESA/thb_peeb_epoch: No cadence information available due to unspecified error.
    THB_L2_ESA/thb_eesa_solarwind_flag_epoch: No cadence information available due to unspecified error.
    THB_L2_ESA/thb_iesa_solarwind_flag_epoch: No cadence information available due to unspecified error.
THB_L2_FBK | HAPI.NoCadence:
  _:
    THB_L2_FBK/thb_fb_hff_epoch: No cadence information available due to unspecified error.
    THB_L2_FBK/thb_fb_v1_epoch: No cadence information available due to unspecified error.
    THB_L2_FBK/thb_fb_v2_epoch: No cadence information available due to unspecified error.
    THB_L2_FBK/thb_fb_v3_epoch: No cadence information available due to unspecified error.
    THB_L2_FBK/thb_fb_v4_epoch: No cadence information available due to unspecified error.
    THB_L2_FBK/thb_fb_v5_epoch: No cadence information available due to unspecified error.
    THB_L2_FBK/thb_fb_v6_epoch: No cadence information available due to unspecified error.
    THB_L2_FBK/thb_fb_edc12_epoch: No cadence information available due to unspecified error.
    THB_L2_FBK/thb_fb_edc34_epoch: No cadence information available due to unspecified error.
    THB_L2_FBK/thb_fb_edc56_epoch: No cadence information available due to unspecified error.
    THB_L2_FBK/thb_fb_scm1_epoch: No cadence information available due to unspecified error.
    THB_L2_FBK/thb_fb_scm2_epoch: No cadence information available due to unspecified error.
    THB_L2_FBK/thb_fb_scm3_epoch: No cadence information available due to unspecified error.
    THB_L2_FBK/thb_fb_eac12_epoch: No cadence information available due to unspecified error.
    THB_L2_FBK/thb_fb_eac34_epoch: No cadence information available due to unspecified error.
    THB_L2_FBK/thb_fb_eac56_epoch: No cadence information available due to unspecified error.
THB_L2_FFT | HAPI.NoCadence:
  _:
    THB_L2_FFT/thb_fff_16_epoch: No cadence information available due to unspecified error.
    THB_L2_FFT/thb_fff_32_epoch: No cadence information available due to unspecified error.
    THB_L2_FFT/thb_fff_64_epoch: No cadence information available due to unspecified error.
    THB_L2_FFT/thb_ffp_16_epoch: No cadence information available due to unspecified error.
    THB_L2_FFT/thb_ffp_32_epoch: No cadence information available due to unspecified error.
    THB_L2_FFT/thb_ffp_64_epoch: No cadence information available due to unspecified error.
    THB_L2_FFT/thb_ffw_16_epoch: No cadence information available due to unspecified error.
    THB_L2_FFT/thb_ffw_32_epoch: No cadence information available due to unspecified error.
    THB_L2_FFT/thb_ffw_64_epoch: No cadence information available due to unspecified error.
THB_L2_FGM | HAPI.NoCadence:
  _:
    THB_L2_FGM/thb_fgs_epoch: No cadence information available due to unspecified error.
    THB_L2_FGM/thb_fgl_epoch16: No cadence information available due to unspecified error.
    THB_L2_FGM/thb_fgh_epoch16: No cadence information available due to unspecified error.
    THB_L2_FGM/thb_fge_epoch16: No cadence information available due to unspecified error.
THB_L2_FIT | HAPI.NoCadence:
  _:
    THB_L2_FIT/thb_fgs_epoch: No cadence information available due to unspecified error.
    THB_L2_FIT/thb_efs_epoch: No cadence information available due to unspecified error.
    THB_L2_FIT/thb_fit_bfit_epoch: No cadence information available due to unspecified error.
    THB_L2_FIT/thb_fit_efit_epoch: No cadence information available due to unspecified error.
THB_L2_GMOM | HAPI.NoCadence:
  _:
    THB_L2_GMOM/thb_ptiff_epoch: No cadence information available due to unspecified error.
    THB_L2_GMOM/thb_pteff_epoch: No cadence information available due to unspecified error.
    THB_L2_GMOM/thb_ptirf_epoch: No cadence information available due to unspecified error.
    THB_L2_GMOM/thb_pterf_epoch: No cadence information available due to unspecified error.
    THB_L2_GMOM/thb_ptibb_epoch: No cadence information available due to unspecified error.
    THB_L2_GMOM/thb_ptebb_epoch: No cadence information available due to unspecified error.
    THB_L2_GMOM/thb_eesa_solarwind_flag_epoch: No cadence information available due to unspecified error.
    THB_L2_GMOM/thb_iesa_solarwind_flag_epoch: No cadence information available due to unspecified error.
THB_L2_MOM | HAPI.NoCadence:
  _:
    THB_L2_MOM/thb_peim_epoch: No cadence information available due to unspecified error.
    THB_L2_MOM/thb_peem_epoch: No cadence information available due to unspecified error.
    THB_L2_MOM/thb_pxxm_epoch: No cadence information available due to unspecified error.
    THB_L2_MOM/thb_eesa_solarwind_flag_epoch: No cadence information available due to unspecified error.
    THB_L2_MOM/thb_iesa_solarwind_flag_epoch: No cadence information available due to unspecified error.
THB_L2_SCM | HAPI.NoCadence:
  _:
    THB_L2_SCM/thb_scf_epoch: No cadence information available due to unspecified error.
    THB_L2_SCM/thb_scp_epoch16: No cadence information available due to unspecified error.
    THB_L2_SCM/thb_scw_epoch16: No cadence information available due to unspecified error.
THB_L2_SST | HAPI.NoCadence:
  _:
    THB_L2_SST/thb_psif_epoch: No cadence information available due to unspecified error.
    THB_L2_SST/thb_psef_epoch: No cadence information available due to unspecified error.
    THB_L2_SST/thb_psib_epoch: No cadence information available due to unspecified error.
    THB_L2_SST/thb_pseb_epoch: No cadence information available due to unspecified error.
    THB_L2_SST/thb_eesa_solarwind_flag_epoch: No cadence information available due to unspecified error.
    THB_L2_SST/thb_iesa_solarwind_flag_epoch: No cadence information available due to unspecified error.
THC_L1_STATE | HAPI.NoCadence:
  _:
    THC_L1_STATE/thc_state_epoch: No cadence information available due to unspecified error.
    THC_L1_STATE/thc_spin_epoch: No cadence information available due to unspecified error.
    THC_L1_STATE/thc_spin_ecl_epoch: No cadence information available due to unspecified error.
THC_L2_EFI | HAPI.NoCadence:
  _:
    THC_L2_EFI/thc_efs_dot0_epoch: No cadence information available due to unspecified error.
    THC_L2_EFI/thc_eff_dot0_epoch: No cadence information available due to unspecified error.
    THC_L2_EFI/thc_eff_q_mag_epoch: No cadence information available due to unspecified error.
    THC_L2_EFI/thc_eff_q_pha_epoch: No cadence information available due to unspecified error.
    THC_L2_EFI/thc_eff_e12_efs_epoch: No cadence information available due to unspecified error.
    THC_L2_EFI/thc_eff_e34_efs_epoch: No cadence information available due to unspecified error.
THC_L2_ESA | HAPI.NoCadence:
  _:
    THC_L2_ESA/thc_peif_epoch: No cadence information available due to unspecified error.
    THC_L2_ESA/thc_peef_epoch: No cadence information available due to unspecified error.
    THC_L2_ESA/thc_peir_epoch: No cadence information available due to unspecified error.
    THC_L2_ESA/thc_peer_epoch: No cadence information available due to unspecified error.
    THC_L2_ESA/thc_peib_epoch: No cadence information available due to unspecified error.
    THC_L2_ESA/thc_peeb_epoch: No cadence information available due to unspecified error.
    THC_L2_ESA/thc_eesa_solarwind_flag_epoch: No cadence information available due to unspecified error.
    THC_L2_ESA/thc_iesa_solarwind_flag_epoch: No cadence information available due to unspecified error.
THC_L2_FBK | HAPI.NoCadence:
  _:
    THC_L2_FBK/thc_fb_hff_epoch: No cadence information available due to unspecified error.
    THC_L2_FBK/thc_fb_v1_epoch: No cadence information available due to unspecified error.
    THC_L2_FBK/thc_fb_v2_epoch: No cadence information available due to unspecified error.
    THC_L2_FBK/thc_fb_v3_epoch: No cadence information available due to unspecified error.
    THC_L2_FBK/thc_fb_v4_epoch: No cadence information available due to unspecified error.
    THC_L2_FBK/thc_fb_v5_epoch: No cadence information available due to unspecified error.
    THC_L2_FBK/thc_fb_v6_epoch: No cadence information available due to unspecified error.
    THC_L2_FBK/thc_fb_edc12_epoch: No cadence information available due to unspecified error.
    THC_L2_FBK/thc_fb_edc34_epoch: No cadence information available due to unspecified error.
    THC_L2_FBK/thc_fb_edc56_epoch: No cadence information available due to unspecified error.
    THC_L2_FBK/thc_fb_scm1_epoch: No cadence information available due to unspecified error.
    THC_L2_FBK/thc_fb_scm2_epoch: No cadence information available due to unspecified error.
    THC_L2_FBK/thc_fb_scm3_epoch: No cadence information available due to unspecified error.
    THC_L2_FBK/thc_fb_eac12_epoch: No cadence information available due to unspecified error.
    THC_L2_FBK/thc_fb_eac34_epoch: No cadence information available due to unspecified error.
    THC_L2_FBK/thc_fb_eac56_epoch: No cadence information available due to unspecified error.
THC_L2_FFT | HAPI.NoCadence:
  _:
    THC_L2_FFT/thc_fff_16_epoch: No cadence information available due to unspecified error.
    THC_L2_FFT/thc_fff_32_epoch: No cadence information available due to unspecified error.
    THC_L2_FFT/thc_fff_64_epoch: No cadence information available due to unspecified error.
    THC_L2_FFT/thc_ffp_16_epoch: No cadence information available due to unspecified error.
    THC_L2_FFT/thc_ffp_32_epoch: No cadence information available due to unspecified error.
    THC_L2_FFT/thc_ffp_64_epoch: No cadence information available due to unspecified error.
    THC_L2_FFT/thc_ffw_16_epoch: No cadence information available due to unspecified error.
    THC_L2_FFT/thc_ffw_32_epoch: No cadence information available due to unspecified error.
    THC_L2_FFT/thc_ffw_64_epoch: No cadence information available due to unspecified error.
THC_L2_FGM | HAPI.NoCadence:
  _:
    THC_L2_FGM/thc_fgs_epoch: No cadence information available due to unspecified error.
    THC_L2_FGM/thc_fgl_epoch16: No cadence information available due to unspecified error.
    THC_L2_FGM/thc_fgh_epoch16: No cadence information available due to unspecified error.
    THC_L2_FGM/thc_fge_epoch16: No cadence information available due to unspecified error.
THC_L2_FIT | HAPI.NoCadence:
  _:
    THC_L2_FIT/thc_fgs_epoch: No cadence information available due to unspecified error.
    THC_L2_FIT/thc_efs_epoch: No cadence information available due to unspecified error.
    THC_L2_FIT/thc_fit_bfit_epoch: No cadence information available due to unspecified error.
    THC_L2_FIT/thc_fit_efit_epoch: No cadence information available due to unspecified error.
THC_L2_GMOM | HAPI.NoCadence:
  _:
    THC_L2_GMOM/thc_ptiff_epoch: No cadence information available due to unspecified error.
    THC_L2_GMOM/thc_pteff_epoch: No cadence information available due to unspecified error.
    THC_L2_GMOM/thc_ptirf_epoch: No cadence information available due to unspecified error.
    THC_L2_GMOM/thc_pterf_epoch: No cadence information available due to unspecified error.
    THC_L2_GMOM/thc_ptibb_epoch: No cadence information available due to unspecified error.
    THC_L2_GMOM/thc_ptebb_epoch: No cadence information available due to unspecified error.
    THC_L2_GMOM/thc_eesa_solarwind_flag_epoch: No cadence information available due to unspecified error.
    THC_L2_GMOM/thc_iesa_solarwind_flag_epoch: No cadence information available due to unspecified error.
THC_L2_MOM | HAPI.NoCadence:
  _:
    THC_L2_MOM/thc_peim_epoch: No cadence information available due to unspecified error.
    THC_L2_MOM/thc_peem_epoch: No cadence information available due to unspecified error.
    THC_L2_MOM/thc_pxxm_epoch: No cadence information available due to unspecified error.
    THC_L2_MOM/thc_eesa_solarwind_flag_epoch: No cadence information available due to unspecified error.
    THC_L2_MOM/thc_iesa_solarwind_flag_epoch: No cadence information available due to unspecified error.
THC_L2_SCM | HAPI.NoCadence:
  _:
    THC_L2_SCM/thc_scf_epoch: No cadence information available due to unspecified error.
    THC_L2_SCM/thc_scp_epoch16: No cadence information available due to unspecified error.
    THC_L2_SCM/thc_scw_epoch16: No cadence information available due to unspecified error.
THC_L2_SST | HAPI.NoCadence:
  _:
    THC_L2_SST/thc_psif_epoch: No cadence information available due to unspecified error.
    THC_L2_SST/thc_psef_epoch: No cadence information available due to unspecified error.
    THC_L2_SST/thc_psib_epoch: No cadence information available due to unspecified error.
    THC_L2_SST/thc_pseb_epoch: No cadence information available due to unspecified error.
    THC_L2_SST/thc_eesa_solarwind_flag_epoch: No cadence information available due to unspecified error.
    THC_L2_SST/thc_iesa_solarwind_flag_epoch: No cadence information available due to unspecified error.
THD_L1_STATE | HAPI.NoCadence:
  _:
    THD_L1_STATE/thd_state_epoch: No cadence information available due to unspecified error.
    THD_L1_STATE/thd_spin_epoch: No cadence information available due to unspecified error.
    THD_L1_STATE/thd_spin_ecl_epoch: No cadence information available due to unspecified error.
THD_L2_EFI | HAPI.NoCadence:
  _:
    THD_L2_EFI/thd_efs_dot0_epoch: No cadence information available due to unspecified error.
    THD_L2_EFI/thd_eff_dot0_epoch: No cadence information available due to unspecified error.
    THD_L2_EFI/thd_eff_q_mag_epoch: No cadence information available due to unspecified error.
    THD_L2_EFI/thd_eff_q_pha_epoch: No cadence information available due to unspecified error.
    THD_L2_EFI/thd_eff_e12_efs_epoch: No cadence information available due to unspecified error.
    THD_L2_EFI/thd_eff_e34_efs_epoch: No cadence information available due to unspecified error.
THD_L2_ESA | HAPI.NoCadence:
  _:
    THD_L2_ESA/thd_peif_epoch: No cadence information available due to unspecified error.
    THD_L2_ESA/thd_peef_epoch: No cadence information available due to unspecified error.
    THD_L2_ESA/thd_peir_epoch: No cadence information available due to unspecified error.
    THD_L2_ESA/thd_peer_epoch: No cadence information available due to unspecified error.
    THD_L2_ESA/thd_peib_epoch: No cadence information available due to unspecified error.
    THD_L2_ESA/thd_peeb_epoch: No cadence information available due to unspecified error.
    THD_L2_ESA/thd_eesa_solarwind_flag_epoch: No cadence information available due to unspecified error.
    THD_L2_ESA/thd_iesa_solarwind_flag_epoch: No cadence information available due to unspecified error.
THD_L2_FBK | HAPI.NoCadence:
  _:
    THD_L2_FBK/thd_fb_hff_epoch: No cadence information available due to unspecified error.
    THD_L2_FBK/thd_fb_v1_epoch: No cadence information available due to unspecified error.
    THD_L2_FBK/thd_fb_v2_epoch: No cadence information available due to unspecified error.
    THD_L2_FBK/thd_fb_v3_epoch: No cadence information available due to unspecified error.
    THD_L2_FBK/thd_fb_v4_epoch: No cadence information available due to unspecified error.
    THD_L2_FBK/thd_fb_v5_epoch: No cadence information available due to unspecified error.
    THD_L2_FBK/thd_fb_v6_epoch: No cadence information available due to unspecified error.
    THD_L2_FBK/thd_fb_edc12_epoch: No cadence information available due to unspecified error.
    THD_L2_FBK/thd_fb_edc34_epoch: No cadence information available due to unspecified error.
    THD_L2_FBK/thd_fb_edc56_epoch: No cadence information available due to unspecified error.
    THD_L2_FBK/thd_fb_scm1_epoch: No cadence information available due to unspecified error.
    THD_L2_FBK/thd_fb_scm2_epoch: No cadence information available due to unspecified error.
    THD_L2_FBK/thd_fb_scm3_epoch: No cadence information available due to unspecified error.
    THD_L2_FBK/thd_fb_eac12_epoch: No cadence information available due to unspecified error.
    THD_L2_FBK/thd_fb_eac34_epoch: No cadence information available due to unspecified error.
    THD_L2_FBK/thd_fb_eac56_epoch: No cadence information available due to unspecified error.
THD_L2_FFT | HAPI.NoCadence:
  _:
    THD_L2_FFT/thd_fff_16_epoch: No cadence information available due to unspecified error.
    THD_L2_FFT/thd_fff_32_epoch: No cadence information available due to unspecified error.
    THD_L2_FFT/thd_fff_64_epoch: No cadence information available due to unspecified error.
    THD_L2_FFT/thd_ffp_16_epoch: No cadence information available due to unspecified error.
    THD_L2_FFT/thd_ffp_32_epoch: No cadence information available due to unspecified error.
    THD_L2_FFT/thd_ffp_64_epoch: No cadence information available due to unspecified error.
    THD_L2_FFT/thd_ffw_16_epoch: No cadence information available due to unspecified error.
    THD_L2_FFT/thd_ffw_32_epoch: No cadence information available due to unspecified error.
    THD_L2_FFT/thd_ffw_64_epoch: No cadence information available due to unspecified error.
THD_L2_FGM | HAPI.NoCadence:
  _:
    THD_L2_FGM/thd_fgs_epoch: No cadence information available due to unspecified error.
    THD_L2_FGM/thd_fgl_epoch16: No cadence information available due to unspecified error.
    THD_L2_FGM/thd_fgh_epoch16: No cadence information available due to unspecified error.
    THD_L2_FGM/thd_fge_epoch16: No cadence information available due to unspecified error.
THD_L2_FIT | HAPI.NoCadence:
  _:
    THD_L2_FIT/thd_fgs_epoch: No cadence information available due to unspecified error.
    THD_L2_FIT/thd_efs_epoch: No cadence information available due to unspecified error.
    THD_L2_FIT/thd_fit_bfit_epoch: No cadence information available due to unspecified error.
    THD_L2_FIT/thd_fit_efit_epoch: No cadence information available due to unspecified error.
THD_L2_GMOM | HAPI.NoCadence:
  _:
    THD_L2_GMOM/thd_ptiff_epoch: No cadence information available due to unspecified error.
    THD_L2_GMOM/thd_pteff_epoch: No cadence information available due to unspecified error.
    THD_L2_GMOM/thd_ptirf_epoch: No cadence information available due to unspecified error.
    THD_L2_GMOM/thd_pterf_epoch: No cadence information available due to unspecified error.
    THD_L2_GMOM/thd_ptibb_epoch: No cadence information available due to unspecified error.
    THD_L2_GMOM/thd_ptebb_epoch: No cadence information available due to unspecified error.
    THD_L2_GMOM/thd_eesa_solarwind_flag_epoch: No cadence information available due to unspecified error.
    THD_L2_GMOM/thd_iesa_solarwind_flag_epoch: No cadence information available due to unspecified error.
THD_L2_MOM | HAPI.NoCadence:
  _:
    THD_L2_MOM/thd_peim_epoch: No cadence information available due to unspecified error.
    THD_L2_MOM/thd_peem_epoch: No cadence information available due to unspecified error.
    THD_L2_MOM/thd_pxxm_epoch: No cadence information available due to unspecified error.
    THD_L2_MOM/thd_eesa_solarwind_flag_epoch: No cadence information available due to unspecified error.
    THD_L2_MOM/thd_iesa_solarwind_flag_epoch: No cadence information available due to unspecified error.
THD_L2_SCM | HAPI.NoCadence:
  _:
    THD_L2_SCM/thd_scf_epoch: No cadence information available due to unspecified error.
    THD_L2_SCM/thd_scp_epoch16: No cadence information available due to unspecified error.
    THD_L2_SCM/thd_scw_epoch16: No cadence information available due to unspecified error.
THD_L2_SST | HAPI.NoCadence:
  _:
    THD_L2_SST/thd_psif_epoch: No cadence information available due to unspecified error.
    THD_L2_SST/thd_psef_epoch: No cadence information available due to unspecified error.
    THD_L2_SST/thd_psib_epoch: No cadence information available due to unspecified error.
    THD_L2_SST/thd_pseb_epoch: No cadence information available due to unspecified error.
    THD_L2_SST/thd_eesa_solarwind_flag_epoch: No cadence information available due to unspecified error.
    THD_L2_SST/thd_iesa_solarwind_flag_epoch: No cadence information available due to unspecified error.
THE_L1_STATE | HAPI.NoCadence:
  _:
    THE_L1_STATE/the_state_epoch: No cadence information available due to unspecified error.
    THE_L1_STATE/the_spin_epoch: No cadence information available due to unspecified error.
    THE_L1_STATE/the_spin_ecl_epoch: No cadence information available due to unspecified error.
THE_L2_EFI | HAPI.NoCadence:
  _:
    THE_L2_EFI/the_efs_dot0_epoch: No cadence information available due to unspecified error.
    THE_L2_EFI/the_eff_dot0_epoch: No cadence information available due to unspecified error.
    THE_L2_EFI/the_eff_q_mag_epoch: No cadence information available due to unspecified error.
    THE_L2_EFI/the_eff_q_pha_epoch: No cadence information available due to unspecified error.
    THE_L2_EFI/the_eff_e12_efs_epoch: No cadence information available due to unspecified error.
    THE_L2_EFI/the_eff_e34_efs_epoch: No cadence information available due to unspecified error.
THE_L2_ESA | HAPI.NoCadence:
  _:
    THE_L2_ESA/the_peif_epoch: No cadence information available due to unspecified error.
    THE_L2_ESA/the_peef_epoch: No cadence information available due to unspecified error.
    THE_L2_ESA/the_peir_epoch: No cadence information available due to unspecified error.
    THE_L2_ESA/the_peer_epoch: No cadence information available due to unspecified error.
    THE_L2_ESA/the_peib_epoch: No cadence information available due to unspecified error.
    THE_L2_ESA/the_peeb_epoch: No cadence information available due to unspecified error.
    THE_L2_ESA/the_eesa_solarwind_flag_epoch: No cadence information available due to unspecified error.
    THE_L2_ESA/the_iesa_solarwind_flag_epoch: No cadence information available due to unspecified error.
THE_L2_FBK | HAPI.NoCadence:
  _:
    THE_L2_FBK/the_fb_hff_epoch: No cadence information available due to unspecified error.
    THE_L2_FBK/the_fb_v1_epoch: No cadence information available due to unspecified error.
    THE_L2_FBK/the_fb_v2_epoch: No cadence information available due to unspecified error.
    THE_L2_FBK/the_fb_v3_epoch: No cadence information available due to unspecified error.
    THE_L2_FBK/the_fb_v4_epoch: No cadence information available due to unspecified error.
    THE_L2_FBK/the_fb_v5_epoch: No cadence information available due to unspecified error.
    THE_L2_FBK/the_fb_v6_epoch: No cadence information available due to unspecified error.
    THE_L2_FBK/the_fb_edc12_epoch: No cadence information available due to unspecified error.
    THE_L2_FBK/the_fb_edc34_epoch: No cadence information available due to unspecified error.
    THE_L2_FBK/the_fb_edc56_epoch: No cadence information available due to unspecified error.
    THE_L2_FBK/the_fb_scm1_epoch: No cadence information available due to unspecified error.
    THE_L2_FBK/the_fb_scm2_epoch: No cadence information available due to unspecified error.
    THE_L2_FBK/the_fb_scm3_epoch: No cadence information available due to unspecified error.
    THE_L2_FBK/the_fb_eac12_epoch: No cadence information available due to unspecified error.
    THE_L2_FBK/the_fb_eac34_epoch: No cadence information available due to unspecified error.
    THE_L2_FBK/the_fb_eac56_epoch: No cadence information available due to unspecified error.
THE_L2_FFT | HAPI.NoCadence:
  _:
    THE_L2_FFT/the_fff_16_epoch: No cadence information available due to unspecified error.
    THE_L2_FFT/the_fff_32_epoch: No cadence information available due to unspecified error.
    THE_L2_FFT/the_fff_64_epoch: No cadence information available due to unspecified error.
    THE_L2_FFT/the_ffp_16_epoch: No cadence information available due to unspecified error.
    THE_L2_FFT/the_ffp_32_epoch: No cadence information available due to unspecified error.
    THE_L2_FFT/the_ffp_64_epoch: No cadence information available due to unspecified error.
    THE_L2_FFT/the_ffw_16_epoch: No cadence information available due to unspecified error.
    THE_L2_FFT/the_ffw_32_epoch: No cadence information available due to unspecified error.
    THE_L2_FFT/the_ffw_64_epoch: No cadence information available due to unspecified error.
THE_L2_FGM | HAPI.NoCadence:
  _:
    THE_L2_FGM/the_fgs_epoch: No cadence information available due to unspecified error.
    THE_L2_FGM/the_fgl_epoch16: No cadence information available due to unspecified error.
    THE_L2_FGM/the_fgh_epoch16: No cadence information available due to unspecified error.
    THE_L2_FGM/the_fge_epoch16: No cadence information available due to unspecified error.
THE_L2_FIT | HAPI.NoCadence:
  _:
    THE_L2_FIT/the_fgs_epoch: No cadence information available due to unspecified error.
    THE_L2_FIT/the_efs_epoch: No cadence information available due to unspecified error.
    THE_L2_FIT/the_fit_bfit_epoch: No cadence information available due to unspecified error.
    THE_L2_FIT/the_fit_efit_epoch: No cadence information available due to unspecified error.
THE_L2_GMOM | HAPI.NoCadence:
  _:
    THE_L2_GMOM/the_ptiff_epoch: No cadence information available due to unspecified error.
    THE_L2_GMOM/the_pteff_epoch: No cadence information available due to unspecified error.
    THE_L2_GMOM/the_ptirf_epoch: No cadence information available due to unspecified error.
    THE_L2_GMOM/the_pterf_epoch: No cadence information available due to unspecified error.
    THE_L2_GMOM/the_ptibb_epoch: No cadence information available due to unspecified error.
    THE_L2_GMOM/the_ptebb_epoch: No cadence information available due to unspecified error.
    THE_L2_GMOM/the_eesa_solarwind_flag_epoch: No cadence information available due to unspecified error.
    THE_L2_GMOM/the_iesa_solarwind_flag_epoch: No cadence information available due to unspecified error.
THE_L2_MOM | HAPI.NoCadence:
  _:
    THE_L2_MOM/the_peim_epoch: No cadence information available due to unspecified error.
    THE_L2_MOM/the_peem_epoch: No cadence information available due to unspecified error.
    THE_L2_MOM/the_pxxm_epoch: No cadence information available due to unspecified error.
    THE_L2_MOM/the_eesa_solarwind_flag_epoch: No cadence information available due to unspecified error.
    THE_L2_MOM/the_iesa_solarwind_flag_epoch: No cadence information available due to unspecified error.
THE_L2_SCM | HAPI.NoCadence:
  _:
    THE_L2_SCM/the_scf_epoch: No cadence information available due to unspecified error.
    THE_L2_SCM/the_scp_epoch16: No cadence information available due to unspecified error.
    THE_L2_SCM/the_scw_epoch16: No cadence information available due to unspecified error.
THE_L2_SST | HAPI.NoCadence:
  _:
    THE_L2_SST/the_psif_epoch: No cadence information available due to unspecified error.
    THE_L2_SST/the_psef_epoch: No cadence information available due to unspecified error.
    THE_L2_SST/the_psib_epoch: No cadence information available due to unspecified error.
    THE_L2_SST/the_pseb_epoch: No cadence information available due to unspecified error.
    THE_L2_SST/the_eesa_solarwind_flag_epoch: No cadence information available due to unspecified error.
    THE_L2_SST/the_iesa_solarwind_flag_epoch: No cadence information available due to unspecified error.
THG_L1_ASK | HAPI.NoCadence:
  _:
    THG_L1_ASK/thg_ask_gbay_epoch: No cadence information available due to unspecified error.
    THG_L1_ASK/thg_ask_kuuj_epoch: No cadence information available due to unspecified error.
    THG_L1_ASK/thg_ask_chbg_epoch: No cadence information available due to unspecified error.
    THG_L1_ASK/thg_ask_snkq_epoch: No cadence information available due to unspecified error.
    THG_L1_ASK/thg_ask_kapu_epoch: No cadence information available due to unspecified error.
    THG_L1_ASK/thg_ask_rank_epoch: No cadence information available due to unspecified error.
    THG_L1_ASK/thg_ask_gill_epoch: No cadence information available due to unspecified error.
    THG_L1_ASK/thg_ask_pina_epoch: No cadence information available due to unspecified error.
    THG_L1_ASK/thg_ask_tpas_epoch: No cadence information available due to unspecified error.
    THG_L1_ASK/thg_ask_ekat_epoch: No cadence information available due to unspecified error.
    THG_L1_ASK/thg_ask_fsmi_epoch: No cadence information available due to unspecified error.
    THG_L1_ASK/thg_ask_atha_epoch: No cadence information available due to unspecified error.
    THG_L1_ASK/thg_ask_fsim_epoch: No cadence information available due to unspecified error.
    THG_L1_ASK/thg_ask_pgeo_epoch: No cadence information available due to unspecified error.
    THG_L1_ASK/thg_ask_inuv_epoch: No cadence information available due to unspecified error.
    THG_L1_ASK/thg_ask_whit_epoch: No cadence information available due to unspecified error.
    THG_L1_ASK/thg_ask_gako_epoch: No cadence information available due to unspecified error.
    THG_L1_ASK/thg_ask_fykn_epoch: No cadence information available due to unspecified error.
    THG_L1_ASK/thg_ask_mcgr_epoch: No cadence information available due to unspecified error.
    THG_L1_ASK/thg_ask_kian_epoch: No cadence information available due to unspecified error.
THG_L2_MAG_AKUL | HAPI.NoCadence:
  _: THG_L2_MAG_AKUL/thg_mag_akul_epoch: No cadence information available due to unspecified error.
THG_L2_MAG_AMD | HAPI.NoCadence:
  _: THG_L2_MAG_AMD/thg_mag_amd_epoch: No cadence information available due to unspecified error.
THG_L2_MAG_AMER | HAPI.NoCadence:
  _: THG_L2_MAG_AMER/thg_mag_amer_epoch: No cadence information available due to unspecified error.
THG_L2_MAG_AMK | HAPI.NoCadence:
  _: THG_L2_MAG_AMK/thg_mag_amk_epoch: No cadence information available due to unspecified error.
THG_L2_MAG_AND | HAPI.NoCadence:
  _: THG_L2_MAG_AND/thg_mag_and_epoch: No cadence information available due to unspecified error.
THG_L2_MAG_ARCT | HAPI.NoCadence:
  _: THG_L2_MAG_ARCT/thg_mag_arct_epoch: No cadence information available due to unspecified error.
THG_L2_MAG_ATHA | HAPI.NoCadence:
  _: THG_L2_MAG_ATHA/thg_mag_atha_epoch: No cadence information available due to unspecified error.
THG_L2_MAG_ATU | HAPI.NoCadence:
  _: THG_L2_MAG_ATU/thg_mag_atu_epoch: No cadence information available due to unspecified error.
THG_L2_MAG_BBG | HAPI.NoCadence:
  _: THG_L2_MAG_BBG/thg_mag_bbg_epoch: No cadence information available due to unspecified error.
THG_L2_MAG_BENN | HAPI.NoCadence:
  _: THG_L2_MAG_BENN/thg_mag_benn_epoch: No cadence information available due to unspecified error.
THG_L2_MAG_BETT | HAPI.NoCadence:
  _: THG_L2_MAG_BETT/thg_mag_bett_epoch: No cadence information available due to unspecified error.
THG_L2_MAG_BFE | HAPI.NoCadence:
  _: THG_L2_MAG_BFE/thg_mag_bfe_epoch: No cadence information available due to unspecified error.
THG_L2_MAG_BJN | HAPI.NoCadence:
  _: THG_L2_MAG_BJN/thg_mag_bjn_epoch: No cadence information available due to unspecified error.
THG_L2_MAG_BLC | HAPI.NoCadence:
  _: THG_L2_MAG_BLC/thg_mag_blc_epoch: No cadence information available due to unspecified error.
THG_L2_MAG_BMLS | HAPI.NoCadence:
  _: THG_L2_MAG_BMLS/thg_mag_bmls_epoch: No cadence information available due to unspecified error.
THG_L2_MAG_BOU | HAPI.NoCadence:
  _: THG_L2_MAG_BOU/thg_mag_bou_epoch: No cadence information available due to unspecified error.
THG_L2_MAG_BRN | HAPI.NoCadence:
  _: THG_L2_MAG_BRN/thg_mag_brn_epoch: No cadence information available due to unspecified error.
THG_L2_MAG_BRW | HAPI.NoCadence:
  _: THG_L2_MAG_BRW/thg_mag_brw_epoch: No cadence information available due to unspecified error.
THG_L2_MAG_BSL | HAPI.NoCadence:
  _: THG_L2_MAG_BSL/thg_mag_bsl_epoch: No cadence information available due to unspecified error.
THG_L2_MAG_CBB | HAPI.NoCadence:
  _: THG_L2_MAG_CBB/thg_mag_cbb_epoch: No cadence information available due to unspecified error.
THG_L2_MAG_CCNV | HAPI.NoCadence:
  _: THG_L2_MAG_CCNV/thg_mag_ccnv_epoch: No cadence information available due to unspecified error.
THG_L2_MAG_CDRT | HAPI.NoCadence:
  _: THG_L2_MAG_CDRT/thg_mag_cdrt_epoch: No cadence information available due to unspecified error.
THG_L2_MAG_CHBG | HAPI.NoCadence:
  _: THG_L2_MAG_CHBG/thg_mag_chbg_epoch: No cadence information available due to unspecified error.
THG_L2_MAG_CHBR | HAPI.NoCadence:
  _: THG_L2_MAG_CHBR/thg_mag_chbr_epoch: No cadence information available due to unspecified error.
THG_L2_MAG_CIGO | HAPI.NoCadence:
  _: THG_L2_MAG_CIGO/thg_mag_cigo_epoch: No cadence information available due to unspecified error.
THG_L2_MAG_CMO | HAPI.NoCadence:
  _: THG_L2_MAG_CMO/thg_mag_cmo_epoch: No cadence information available due to unspecified error.
THG_L2_MAG_CRVR | HAPI.NoCadence:
  _: THG_L2_MAG_CRVR/thg_mag_crvr_epoch: No cadence information available due to unspecified error.
THG_L2_MAG_DED | HAPI.NoCadence:
  _: THG_L2_MAG_DED/thg_mag_ded_epoch: No cadence information available due to unspecified error.
THG_L2_MAG_DIK | HAPI.NoCadence:
  _: THG_L2_MAG_DIK/thg_mag_dik_epoch: No cadence information available due to unspecified error.
THG_L2_MAG_DMH | HAPI.NoCadence:
  _: THG_L2_MAG_DMH/thg_mag_dmh_epoch: No cadence information available due to unspecified error.
THG_L2_MAG_DNB | HAPI.NoCadence:
  _: THG_L2_MAG_DNB/thg_mag_dnb_epoch: No cadence information available due to unspecified error.
THG_L2_MAG_DOB | HAPI.NoCadence:
  _: THG_L2_MAG_DOB/thg_mag_dob_epoch: No cadence information available due to unspecified error.
THG_L2_MAG_DON | HAPI.NoCadence:
  _: THG_L2_MAG_DON/thg_mag_don_epoch: No cadence information available due to unspecified error.
THG_L2_MAG_DRBY | HAPI.NoCadence:
  _: THG_L2_MAG_DRBY/thg_mag_drby_epoch: No cadence information available due to unspecified error.
THG_L2_MAG_EAGL | HAPI.NoCadence:
  _: THG_L2_MAG_EAGL/thg_mag_eagl_epoch: No cadence information available due to unspecified error.
THG_L2_MAG_EKAT | HAPI.NoCadence:
  _: THG_L2_MAG_EKAT/thg_mag_ekat_epoch: No cadence information available due to unspecified error.
THG_L2_MAG_FCC | HAPI.NoCadence:
  _: THG_L2_MAG_FCC/thg_mag_fcc_epoch: No cadence information available due to unspecified error.
THG_L2_MAG_FHB | HAPI.NoCadence:
  _: THG_L2_MAG_FHB/thg_mag_fhb_epoch: No cadence information available due to unspecified error.
THG_L2_MAG_FRD | HAPI.NoCadence:
  _: THG_L2_MAG_FRD/thg_mag_frd_epoch: No cadence information available due to unspecified error.
THG_L2_MAG_FRN | HAPI.NoCadence:
  _: THG_L2_MAG_FRN/thg_mag_frn_epoch: No cadence information available due to unspecified error.
THG_L2_MAG_FSIM | HAPI.NoCadence:
  _: THG_L2_MAG_FSIM/thg_mag_fsim_epoch: No cadence information available due to unspecified error.
THG_L2_MAG_FSJ | HAPI.NoCadence:
  _: THG_L2_MAG_FSJ/thg_mag_fsj_epoch: No cadence information available due to unspecified error.
THG_L2_MAG_FSMI | HAPI.NoCadence:
  _: THG_L2_MAG_FSMI/thg_mag_fsmi_epoch: No cadence information available due to unspecified error.
THG_L2_MAG_FTN | HAPI.NoCadence:
  _: THG_L2_MAG_FTN/thg_mag_ftn_epoch: No cadence information available due to unspecified error.
THG_L2_MAG_FYKN | HAPI.NoCadence:
  _: THG_L2_MAG_FYKN/thg_mag_fykn_epoch: No cadence information available due to unspecified error.
THG_L2_MAG_FYTS | HAPI.NoCadence:
  _: THG_L2_MAG_FYTS/thg_mag_fyts_epoch: No cadence information available due to unspecified error.
THG_L2_MAG_GAKO | HAPI.NoCadence:
  _: THG_L2_MAG_GAKO/thg_mag_gako_epoch: No cadence information available due to unspecified error.
THG_L2_MAG_GBAY | HAPI.NoCadence:
  _: THG_L2_MAG_GBAY/thg_mag_gbay_epoch: No cadence information available due to unspecified error.
THG_L2_MAG_GDH | HAPI.NoCadence:
  _: THG_L2_MAG_GDH/thg_mag_gdh_epoch: No cadence information available due to unspecified error.
THG_L2_MAG_GHB | HAPI.NoCadence:
  _: THG_L2_MAG_GHB/thg_mag_ghb_epoch: No cadence information available due to unspecified error.
THG_L2_MAG_GILL | HAPI.NoCadence:
  _: THG_L2_MAG_GILL/thg_mag_gill_epoch: No cadence information available due to unspecified error.
THG_L2_MAG_GJOA | HAPI.NoCadence:
  _: THG_L2_MAG_GJOA/thg_mag_gjoa_epoch: No cadence information available due to unspecified error.
THG_L2_MAG_GLYN | HAPI.NoCadence:
  _: THG_L2_MAG_GLYN/thg_mag_glyn_epoch: No cadence information available due to unspecified error.
THG_L2_MAG_GUA | HAPI.NoCadence:
  _: THG_L2_MAG_GUA/thg_mag_gua_epoch: No cadence information available due to unspecified error.
THG_L2_MAG_HAN | HAPI.NoCadence:
  _: THG_L2_MAG_HAN/thg_mag_han_epoch: No cadence information available due to unspecified error.
THG_L2_MAG_HLMS | HAPI.NoCadence:
  _: THG_L2_MAG_HLMS/thg_mag_hlms_epoch: No cadence information available due to unspecified error.
THG_L2_MAG_HOMR | HAPI.NoCadence:
  _: THG_L2_MAG_HOMR/thg_mag_homr_epoch: No cadence information available due to unspecified error.
THG_L2_MAG_HON | HAPI.NoCadence:
  _: THG_L2_MAG_HON/thg_mag_hon_epoch: No cadence information available due to unspecified error.
THG_L2_MAG_HOP | HAPI.NoCadence:
  _: THG_L2_MAG_HOP/thg_mag_hop_epoch: No cadence information available due to unspecified error.
THG_L2_MAG_HOTS | HAPI.NoCadence:
  _: THG_L2_MAG_HOTS/thg_mag_hots_epoch: No cadence information available due to unspecified error.
THG_L2_MAG_HOV | HAPI.NoCadence:
  _: THG_L2_MAG_HOV/thg_mag_hov_epoch: No cadence information available due to unspecified error.
THG_L2_MAG_HRIS | HAPI.NoCadence:
  _: THG_L2_MAG_HRIS/thg_mag_hris_epoch: No cadence information available due to unspecified error.
THG_L2_MAG_HRP | HAPI.NoCadence:
  _: THG_L2_MAG_HRP/thg_mag_hrp_epoch: No cadence information available due to unspecified error.
THG_L2_MAG_IGLO | HAPI.NoCadence:
  _: THG_L2_MAG_IGLO/thg_mag_iglo_epoch: No cadence information available due to unspecified error.
THG_L2_MAG_INUK | HAPI.NoCadence:
  _: THG_L2_MAG_INUK/thg_mag_inuk_epoch: No cadence information available due to unspecified error.
THG_L2_MAG_INUV | HAPI.NoCadence:
  _: THG_L2_MAG_INUV/thg_mag_inuv_epoch: No cadence information available due to unspecified error.
THG_L2_MAG_IQA | HAPI.NoCadence:
  _: THG_L2_MAG_IQA/thg_mag_iqa_epoch: No cadence information available due to unspecified error.
THG_L2_MAG_IVA | HAPI.NoCadence:
  _: THG_L2_MAG_IVA/thg_mag_iva_epoch: No cadence information available due to unspecified error.
THG_L2_MAG_JAN | HAPI.NoCadence:
  _: THG_L2_MAG_JAN/thg_mag_jan_epoch: No cadence information available due to unspecified error.
THG_L2_MAG_JCK | HAPI.NoCadence:
  _: THG_L2_MAG_JCK/thg_mag_jck_epoch: No cadence information available due to unspecified error.
THG_L2_MAG_KAKO | HAPI.NoCadence:
  _: THG_L2_MAG_KAKO/thg_mag_kako_epoch: No cadence information available due to unspecified error.
THG_L2_MAG_KAPU | HAPI.NoCadence:
  _: THG_L2_MAG_KAPU/thg_mag_kapu_epoch: No cadence information available due to unspecified error.
THG_L2_MAG_KAR | HAPI.NoCadence:
  _: THG_L2_MAG_KAR/thg_mag_kar_epoch: No cadence information available due to unspecified error.
THG_L2_MAG_KENA | HAPI.NoCadence:
  _: THG_L2_MAG_KENA/thg_mag_kena_epoch: No cadence information available due to unspecified error.
THG_L2_MAG_KEV | HAPI.NoCadence:
  _: THG_L2_MAG_KEV/thg_mag_kev_epoch: No cadence information available due to unspecified error.
THG_L2_MAG_KIAN | HAPI.NoCadence:
  _: THG_L2_MAG_KIAN/thg_mag_kian_epoch: No cadence information available due to unspecified error.
THG_L2_MAG_KIL | HAPI.NoCadence:
  _: THG_L2_MAG_KIL/thg_mag_kil_epoch: No cadence information available due to unspecified error.
THG_L2_MAG_KJPK | HAPI.NoCadence:
  _: THG_L2_MAG_KJPK/thg_mag_kjpk_epoch: No cadence information available due to unspecified error.
THG_L2_MAG_KODK | HAPI.NoCadence:
  _: THG_L2_MAG_KODK/thg_mag_kodk_epoch: No cadence information available due to unspecified error.
THG_L2_MAG_KUUJ | HAPI.NoCadence:
  _: THG_L2_MAG_KUUJ/thg_mag_kuuj_epoch: No cadence information available due to unspecified error.
THG_L2_MAG_KUV | HAPI.NoCadence:
  _: THG_L2_MAG_KUV/thg_mag_kuv_epoch: No cadence information available due to unspecified error.
THG_L2_MAG_LARG | HAPI.NoCadence:
  _: THG_L2_MAG_LARG/thg_mag_larg_epoch: No cadence information available due to unspecified error.
THG_L2_MAG_LCL | HAPI.NoCadence:
  _: THG_L2_MAG_LCL/thg_mag_lcl_epoch: No cadence information available due to unspecified error.
THG_L2_MAG_LETH | HAPI.NoCadence:
  _: THG_L2_MAG_LETH/thg_mag_leth_epoch: No cadence information available due to unspecified error.
THG_L2_MAG_LOYS | HAPI.NoCadence:
  _: THG_L2_MAG_LOYS/thg_mag_loys_epoch: No cadence information available due to unspecified error.
THG_L2_MAG_LOZ | HAPI.NoCadence:
  _: THG_L2_MAG_LOZ/thg_mag_loz_epoch: No cadence information available due to unspecified error.
THG_L2_MAG_LREL | HAPI.NoCadence:
  _: THG_L2_MAG_LREL/thg_mag_lrel_epoch: No cadence information available due to unspecified error.
THG_L2_MAG_LRES | HAPI.NoCadence:
  _: THG_L2_MAG_LRES/thg_mag_lres_epoch: No cadence information available due to unspecified error.
THG_L2_MAG_LRG | HAPI.NoCadence:
  _: THG_L2_MAG_LRG/thg_mag_lrg_epoch: No cadence information available due to unspecified error.
THG_L2_MAG_LRV | HAPI.NoCadence:
  _: THG_L2_MAG_LRV/thg_mag_lrv_epoch: No cadence information available due to unspecified error.
THG_L2_MAG_LYFD | HAPI.NoCadence:
  _: THG_L2_MAG_LYFD/thg_mag_lyfd_epoch: No cadence information available due to unspecified error.
THG_L2_MAG_LYR | HAPI.NoCadence:
  _: THG_L2_MAG_LYR/thg_mag_lyr_epoch: No cadence information available due to unspecified error.
THG_L2_MAG_MAS | HAPI.NoCadence:
  _: THG_L2_MAG_MAS/thg_mag_mas_epoch: No cadence information available due to unspecified error.
THG_L2_MAG_MCGR | HAPI.NoCadence:
  _: THG_L2_MAG_MCGR/thg_mag_mcgr_epoch: No cadence information available due to unspecified error.
THG_L2_MAG_MEA | HAPI.NoCadence:
  _: THG_L2_MAG_MEA/thg_mag_mea_epoch: No cadence information available due to unspecified error.
THG_L2_MAG_MEK | HAPI.NoCadence:
  _: THG_L2_MAG_MEK/thg_mag_mek_epoch: No cadence information available due to unspecified error.
THG_L2_MAG_MUO | HAPI.NoCadence:
  _: THG_L2_MAG_MUO/thg_mag_muo_epoch: No cadence information available due to unspecified error.
THG_L2_MAG_NAIN | HAPI.NoCadence:
  _: THG_L2_MAG_NAIN/thg_mag_nain_epoch: No cadence information available due to unspecified error.
THG_L2_MAG_NAL | HAPI.NoCadence:
  _: THG_L2_MAG_NAL/thg_mag_nal_epoch: No cadence information available due to unspecified error.
THG_L2_MAG_NAQ | HAPI.NoCadence:
  _: THG_L2_MAG_NAQ/thg_mag_naq_epoch: No cadence information available due to unspecified error.
THG_L2_MAG_NEW | HAPI.NoCadence:
  _: THG_L2_MAG_NEW/thg_mag_new_epoch: No cadence information available due to unspecified error.
THG_L2_MAG_NOR | HAPI.NoCadence:
  _: THG_L2_MAG_NOR/thg_mag_nor_epoch: No cadence information available due to unspecified error.
THG_L2_MAG_NRD | HAPI.NoCadence:
  _: THG_L2_MAG_NRD/thg_mag_nrd_epoch: No cadence information available due to unspecified error.
THG_L2_MAG_NRSQ | HAPI.NoCadence:
  _: THG_L2_MAG_NRSQ/thg_mag_nrsq_epoch: No cadence information available due to unspecified error.
THG_L2_MAG_NUR | HAPI.NoCadence:
  _: THG_L2_MAG_NUR/thg_mag_nur_epoch: No cadence information available due to unspecified error.
THG_L2_MAG_OTT | HAPI.NoCadence:
  _: THG_L2_MAG_OTT/thg_mag_ott_epoch: No cadence information available due to unspecified error.
THG_L2_MAG_OUJ | HAPI.NoCadence:
  _: THG_L2_MAG_OUJ/thg_mag_ouj_epoch: No cadence information available due to unspecified error.
THG_L2_MAG_PANG | HAPI.NoCadence:
  _: THG_L2_MAG_PANG/thg_mag_pang_epoch: No cadence information available due to unspecified error.
THG_L2_MAG_PBK | HAPI.NoCadence:
  _: THG_L2_MAG_PBK/thg_mag_pbk_epoch: No cadence information available due to unspecified error.
THG_L2_MAG_PBLO | HAPI.NoCadence:
  _: THG_L2_MAG_PBLO/thg_mag_pblo_epoch: No cadence information available due to unspecified error.
THG_L2_MAG_PCEL | HAPI.NoCadence:
  _: THG_L2_MAG_PCEL/thg_mag_pcel_epoch: No cadence information available due to unspecified error.
THG_L2_MAG_PEL | HAPI.NoCadence:
  _: THG_L2_MAG_PEL/thg_mag_pel_epoch: No cadence information available due to unspecified error.
THG_L2_MAG_PG0 | HAPI.NoCadence:
  _: THG_L2_MAG_PG0/thg_mag_pg0_epoch: No cadence information available due to unspecified error.
THG_L2_MAG_PG1 | HAPI.NoCadence:
  _: THG_L2_MAG_PG1/thg_mag_pg1_epoch: No cadence information available due to unspecified error.
THG_L2_MAG_PG2 | HAPI.NoCadence:
  _: THG_L2_MAG_PG2/thg_mag_pg2_epoch: No cadence information available due to unspecified error.
THG_L2_MAG_PG3 | HAPI.NoCadence:
  _: THG_L2_MAG_PG3/thg_mag_pg3_epoch: No cadence information available due to unspecified error.
THG_L2_MAG_PG4 | HAPI.NoCadence:
  _: THG_L2_MAG_PG4/thg_mag_pg4_epoch: No cadence information available due to unspecified error.
THG_L2_MAG_PG5 | HAPI.NoCadence:
  _: THG_L2_MAG_PG5/thg_mag_pg5_epoch: No cadence information available due to unspecified error.
THG_L2_MAG_PGEO | HAPI.NoCadence:
  _: THG_L2_MAG_PGEO/thg_mag_pgeo_epoch: No cadence information available due to unspecified error.
THG_L2_MAG_PINA | HAPI.NoCadence:
  _: THG_L2_MAG_PINA/thg_mag_pina_epoch: No cadence information available due to unspecified error.
THG_L2_MAG_PINE | HAPI.NoCadence:
  _: THG_L2_MAG_PINE/thg_mag_pine_epoch: No cadence information available due to unspecified error.
THG_L2_MAG_PKS | HAPI.NoCadence:
  _: THG_L2_MAG_PKS/thg_mag_pks_epoch: No cadence information available due to unspecified error.
THG_L2_MAG_POKR | HAPI.NoCadence:
  _: THG_L2_MAG_POKR/thg_mag_pokr_epoch: No cadence information available due to unspecified error.
THG_L2_MAG_PTRS | HAPI.NoCadence:
  _: THG_L2_MAG_PTRS/thg_mag_ptrs_epoch: No cadence information available due to unspecified error.
THG_L2_MAG_PUVR | HAPI.NoCadence:
  _: THG_L2_MAG_PUVR/thg_mag_puvr_epoch: No cadence information available due to unspecified error.
THG_L2_MAG_RADI | HAPI.NoCadence:
  _: THG_L2_MAG_RADI/thg_mag_radi_epoch: No cadence information available due to unspecified error.
THG_L2_MAG_RAN | HAPI.NoCadence:
  _: THG_L2_MAG_RAN/thg_mag_ran_epoch: No cadence information available due to unspecified error.
THG_L2_MAG_RANK | HAPI.NoCadence:
  _: THG_L2_MAG_RANK/thg_mag_rank_epoch: No cadence information available due to unspecified error.
THG_L2_MAG_RBAY | HAPI.NoCadence:
  _: THG_L2_MAG_RBAY/thg_mag_rbay_epoch: No cadence information available due to unspecified error.
THG_L2_MAG_REDR | HAPI.NoCadence:
  _: THG_L2_MAG_REDR/thg_mag_redr_epoch: No cadence information available due to unspecified error.
THG_L2_MAG_RICH | HAPI.NoCadence:
  _: THG_L2_MAG_RICH/thg_mag_rich_epoch: No cadence information available due to unspecified error.
THG_L2_MAG_RMUS | HAPI.NoCadence:
  _: THG_L2_MAG_RMUS/thg_mag_rmus_epoch: No cadence information available due to unspecified error.
THG_L2_MAG_ROE | HAPI.NoCadence:
  _: THG_L2_MAG_ROE/thg_mag_roe_epoch: No cadence information available due to unspecified error.
THG_L2_MAG_ROTH | HAPI.NoCadence:
  _: THG_L2_MAG_ROTH/thg_mag_roth_epoch: No cadence information available due to unspecified error.
THG_L2_MAG_RVK | HAPI.NoCadence:
  _: THG_L2_MAG_RVK/thg_mag_rvk_epoch: No cadence information available due to unspecified error.
THG_L2_MAG_SALU | HAPI.NoCadence:
  _: THG_L2_MAG_SALU/thg_mag_salu_epoch: No cadence information available due to unspecified error.
THG_L2_MAG_SATX | HAPI.NoCadence:
  _: THG_L2_MAG_SATX/thg_mag_satx_epoch: No cadence information available due to unspecified error.
THG_L2_MAG_SCHF | HAPI.NoCadence:
  _: THG_L2_MAG_SCHF/thg_mag_schf_epoch: No cadence information available due to unspecified error.
THG_L2_MAG_SCO | HAPI.NoCadence:
  _: THG_L2_MAG_SCO/thg_mag_sco_epoch: No cadence information available due to unspecified error.
THG_L2_MAG_SEPT | HAPI.NoCadence:
  _: THG_L2_MAG_SEPT/thg_mag_sept_epoch: No cadence information available due to unspecified error.
THG_L2_MAG_SHU | HAPI.NoCadence:
  _: THG_L2_MAG_SHU/thg_mag_shu_epoch: No cadence information available due to unspecified error.
THG_L2_MAG_SIT | HAPI.NoCadence:
  _: THG_L2_MAG_SIT/thg_mag_sit_epoch: No cadence information available due to unspecified error.
THG_L2_MAG_SJG | HAPI.NoCadence:
  _: THG_L2_MAG_SJG/thg_mag_sjg_epoch: No cadence information available due to unspecified error.
THG_L2_MAG_SKT | HAPI.NoCadence:
  _: THG_L2_MAG_SKT/thg_mag_skt_epoch: No cadence information available due to unspecified error.
THG_L2_MAG_SNAP | HAPI.NoCadence:
  _: THG_L2_MAG_SNAP/thg_mag_snap_epoch: No cadence information available due to unspecified error.
THG_L2_MAG_SNKQ | HAPI.NoCadence:
  _: THG_L2_MAG_SNKQ/thg_mag_snkq_epoch: No cadence information available due to unspecified error.
THG_L2_MAG_SOL | HAPI.NoCadence:
  _: THG_L2_MAG_SOL/thg_mag_sol_epoch: No cadence information available due to unspecified error.
THG_L2_MAG_SOR | HAPI.NoCadence:
  _: THG_L2_MAG_SOR/thg_mag_sor_epoch: No cadence information available due to unspecified error.
THG_L2_MAG_STF | HAPI.NoCadence:
  _: THG_L2_MAG_STF/thg_mag_stf_epoch: No cadence information available due to unspecified error.
THG_L2_MAG_STFD | HAPI.NoCadence:
  _: THG_L2_MAG_STFD/thg_mag_stfd_epoch: No cadence information available due to unspecified error.
THG_L2_MAG_STFL | HAPI.NoCadence:
  _: THG_L2_MAG_STFL/thg_mag_stfl_epoch: No cadence information available due to unspecified error.
THG_L2_MAG_STJ | HAPI.NoCadence:
  _: THG_L2_MAG_STJ/thg_mag_stj_epoch: No cadence information available due to unspecified error.
THG_L2_MAG_SUM | HAPI.NoCadence:
  _: THG_L2_MAG_SUM/thg_mag_sum_epoch: No cadence information available due to unspecified error.
THG_L2_MAG_SVS | HAPI.NoCadence:
  _: THG_L2_MAG_SVS/thg_mag_svs_epoch: No cadence information available due to unspecified error.
THG_L2_MAG_SWNO | HAPI.NoCadence:
  _: THG_L2_MAG_SWNO/thg_mag_swno_epoch: No cadence information available due to unspecified error.
THG_L2_MAG_TAB | HAPI.NoCadence:
  _: THG_L2_MAG_TAB/thg_mag_tab_epoch: No cadence information available due to unspecified error.
THG_L2_MAG_TAR | HAPI.NoCadence:
  _: THG_L2_MAG_TAR/thg_mag_tar_epoch: No cadence information available due to unspecified error.
THG_L2_MAG_TDC | HAPI.NoCadence:
  _: THG_L2_MAG_TDC/thg_mag_tdc_epoch: No cadence information available due to unspecified error.
THG_L2_MAG_THL | HAPI.NoCadence:
  _: THG_L2_MAG_THL/thg_mag_thl_epoch: No cadence information available due to unspecified error.
THG_L2_MAG_TIK | HAPI.NoCadence:
  _: THG_L2_MAG_TIK/thg_mag_tik_epoch: No cadence information available due to unspecified error.
THG_L2_MAG_TOOL | HAPI.NoCadence:
  _: THG_L2_MAG_TOOL/thg_mag_tool_epoch: No cadence information available due to unspecified error.
THG_L2_MAG_TPAS | HAPI.NoCadence:
  _: THG_L2_MAG_TPAS/thg_mag_tpas_epoch: No cadence information available due to unspecified error.
THG_L2_MAG_TRAP | HAPI.NoCadence:
  _: THG_L2_MAG_TRAP/thg_mag_trap_epoch: No cadence information available due to unspecified error.
THG_L2_MAG_TRO | HAPI.NoCadence:
  _: THG_L2_MAG_TRO/thg_mag_tro_epoch: No cadence information available due to unspecified error.
THG_L2_MAG_TUC | HAPI.NoCadence:
  _: THG_L2_MAG_TUC/thg_mag_tuc_epoch: No cadence information available due to unspecified error.
THG_L2_MAG_UKIA | HAPI.NoCadence:
  _: THG_L2_MAG_UKIA/thg_mag_ukia_epoch: No cadence information available due to unspecified error.
THG_L2_MAG_UMQ | HAPI.NoCadence:
  _: THG_L2_MAG_UMQ/thg_mag_umq_epoch: No cadence information available due to unspecified error.
THG_L2_MAG_UPN | HAPI.NoCadence:
  _: THG_L2_MAG_UPN/thg_mag_upn_epoch: No cadence information available due to unspecified error.
THG_L2_MAG_VIC | HAPI.NoCadence:
  _: THG_L2_MAG_VIC/thg_mag_vic_epoch: No cadence information available due to unspecified error.
THG_L2_MAG_VIZ | HAPI.NoCadence:
  _: THG_L2_MAG_VIZ/thg_mag_viz_epoch: No cadence information available due to unspecified error.
THG_L2_MAG_VLDR | HAPI.NoCadence:
  _: THG_L2_MAG_VLDR/thg_mag_vldr_epoch: No cadence information available due to unspecified error.
THG_L2_MAG_WHIT | HAPI.NoCadence:
  _: THG_L2_MAG_WHIT/thg_mag_whit_epoch: No cadence information available due to unspecified error.
THG_L2_MAG_WHS | HAPI.NoCadence:
  _: THG_L2_MAG_WHS/thg_mag_whs_epoch: No cadence information available due to unspecified error.
THG_L2_MAG_WLPS | HAPI.NoCadence:
  _: THG_L2_MAG_WLPS/thg_mag_wlps_epoch: No cadence information available due to unspecified error.
THG_L2_MAG_WRTH | HAPI.NoCadence:
  _: THG_L2_MAG_WRTH/thg_mag_wrth_epoch: No cadence information available due to unspecified error.
THG_L2_MAG_YKC | HAPI.NoCadence:
  _: THG_L2_MAG_YKC/thg_mag_ykc_epoch: No cadence information available due to unspecified error.
THG_L2_MAG_YKNF | HAPI.NoCadence:
  _: THG_L2_MAG_YKNF/thg_mag_yknf_epoch: No cadence information available due to unspecified error.
TIMED_L1CDISK_GUVI | HAPI.NoCadence:
  _: TIMED_L1CDISK_GUVI/Epoch2: No cadence information available due to unspecified error.
TSS-1R_M1_RPSB | HAPI.NoCadence:
  _:
    TSS-1R_M1_RPSB/Epoch_TO1: No cadence information available due to unspecified error.
    TSS-1R_M1_RPSB/Epoch_TO2: No cadence information available due to unspecified error.
    TSS-1R_M1_RPSB/Epoch_TO3: No cadence information available due to unspecified error.
TSS-1R_M1_RTKG | HAPI.NoCadence:
  _: TSS-1R_M1_RTKG/Epoch: No cadence information available due to unspecified error.
TSS-1R_M1_RTLB | HAPI.NoCadence:
  _: TSS-1R_M1_RTLB/Epoch: No cadence information available due to unspecified error.
TWINS1_TISTORM_IMAGER | HAPI.NoCadence:
  _: TWINS1_TISTORM_IMAGER/Epoch: No cadence information available due to unspecified error.
TWINS2_L1_IMAGER | HAPI.NoCadence:
  _: TWINS2_L1_IMAGER/Epoch: No cadence information available due to unspecified error.
TWINS2_TISTORM_IMAGER | HAPI.NoCadence:
  _: TWINS2_TISTORM_IMAGER/Epoch: No cadence information available due to unspecified error.
UY_M0_WFEP | HAPI.NoCadence:
  _: UY_M0_WFEP/Epoch: No cadence information available due to unspecified error.
VG1_PWS_WF | HAPI.NoCadence:
  _: VG1_PWS_WF/Epoch_expanded: No cadence information available.
VG2_PWS_WF | HAPI.NoCadence:
  _: VG2_PWS_WF/Epoch_expanded: No cadence information available.
WI_EHPD_3DP | HAPI.NoCadence:
  _: WI_EHPD_3DP/Epoch: No cadence information available.
WI_EHSP_3DP | HAPI.NoCadence:
  _: WI_EHSP_3DP/Epoch: No cadence information available.
WI_ELM2_3DP | HAPI.NoCadence:
  _: WI_ELM2_3DP/Epoch: No cadence information available.
WI_ELPD_3DP | HAPI.NoCadence:
  _: WI_ELPD_3DP/Epoch: No cadence information available.
WI_ELSP_3DP | HAPI.NoCadence:
  _: WI_ELSP_3DP/Epoch: No cadence information available.
WI_EM_3DP | HAPI.NoCadence:
  _: WI_EM_3DP/Epoch: No cadence information available.
WI_H1_WAV | HAPI.NoCadence:
  _: WI_H1_WAV/Epoch2: No cadence information available due to unspecified error.
WI_K0_SMS | HAPI.NoCadence:
  _: WI_K0_SMS/Epoch: No cadence information available due to unspecified error.
WI_K0_SWE | HAPI.NoCadence:
  _: WI_K0_SWE/Epoch: No cadence information available due to unspecified error.
WI_K0_SWE_RTN | HAPI.NoCadence:
  _: WI_K0_SWE_RTN/Epoch: No cadence information available due to unspecified error.
WI_L3-DUSTIMPACT_WAVES | HAPI.NoCadence:
  _: WI_L3-DUSTIMPACT_WAVES/EPOCH: No cadence information available due to unspecified error.
WI_PLSP_3DP | HAPI.NoCadence:
  _: WI_PLSP_3DP/Epoch: No cadence information available.
WI_PM_3DP | HAPI.NoCadence:
  _: WI_PM_3DP/Epoch: No cadence information available.
WI_SFPD_3DP | HAPI.NoCadence:
  _: WI_SFPD_3DP/Epoch: No cadence information available.
WI_SFSP_3DP | HAPI.NoCadence:
  _: WI_SFSP_3DP/Epoch: No cadence information available.
WI_SOPD_3DP | HAPI.NoCadence:
  _: WI_SOPD_3DP/Epoch: No cadence information available.
WI_SOSP_3DP | HAPI.NoCadence:
  _: WI_SOSP_3DP/Epoch: No cadence information available.