A1_K0_MPA | CDF.DependPtrVarType.Invalid:
  vel_lop: Variable has DEPEND_1 = 'Cartesian' with VAR_TYPE = 'data' which is not 'support_data'.
  temp_lop: Variable has DEPEND_1 = 'label_temp' with VAR_TYPE = 'ignore_data' which is not 'support_data'.
  vel_hip: Variable has DEPEND_1 = 'Cartesian' with VAR_TYPE = 'ignore_data' which is not 'support_data'.
  temp_hip: Variable has DEPEND_1 = 'label_temp' with VAR_TYPE = 'data' which is not 'support_data'.
  theta_phi_hip: Variable has DEPEND_1 = 'label_theta_phi' with VAR_TYPE = 'data' which is not 'support_data'.
  temp_e: Variable has DEPEND_1 = 'label_temp' with VAR_TYPE = 'data' which is not 'support_data'.
  theta_phi_e: Variable has DEPEND_1 = 'label_theta_phi' with VAR_TYPE = 'data' which is not 'support_data'.
  sc_pos_geo: Variable has DEPEND_1 = 'angle_pos_l' with VAR_TYPE = 'data' which is not 'support_data'.
  sc_pos_mag: Variable has DEPEND_1 = 'angle_pos_m' with VAR_TYPE = 'data' which is not 'support_data'.
  sc_pos_syngci: Variable has DEPEND_1 = 'angle_possyn_l' with VAR_TYPE = 'data' which is not 'support_data'.
A2_K0_MPA | CDF.DependPtrVarType.Invalid:
  vel_lop: Variable has DEPEND_1 = 'Cartesian' with VAR_TYPE = 'data' which is not 'support_data'.
  temp_lop: Variable has DEPEND_1 = 'label_temp' with VAR_TYPE = 'ignore_data' which is not 'support_data'.
  vel_hip: Variable has DEPEND_1 = 'Cartesian' with VAR_TYPE = 'ignore_data' which is not 'support_data'.
  temp_hip: Variable has DEPEND_1 = 'label_temp' with VAR_TYPE = 'data' which is not 'support_data'.
  theta_phi_hip: Variable has DEPEND_1 = 'label_theta_phi' with VAR_TYPE = 'data' which is not 'support_data'.
  temp_e: Variable has DEPEND_1 = 'label_temp' with VAR_TYPE = 'data' which is not 'support_data'.
  theta_phi_e: Variable has DEPEND_1 = 'label_theta_phi' with VAR_TYPE = 'data' which is not 'support_data'.
  sc_pos_geo: Variable has DEPEND_1 = 'angle_pos_l' with VAR_TYPE = 'data' which is not 'support_data'.
  sc_pos_mag: Variable has DEPEND_1 = 'angle_pos_m' with VAR_TYPE = 'data' which is not 'support_data'.
  sc_pos_syngci: Variable has DEPEND_1 = 'angle_possyn_l' with VAR_TYPE = 'data' which is not 'support_data'.
AC_H0_MFI | CDF.DependPtrVarType.Invalid:
  BGSEc: Variable has DEPEND_1 = 'cartesian' with VAR_TYPE = 'data' which is not 'support_data'.
  BGSM: Variable has DEPEND_1 = 'cartesian' with VAR_TYPE = 'data' which is not 'support_data'.
  SC_pos_GSE: Variable has DEPEND_1 = 'cartesian' with VAR_TYPE = 'data' which is not 'support_data'.
  SC_pos_GSM: Variable has DEPEND_1 = 'cartesian' with VAR_TYPE = 'data' which is not 'support_data'.
AC_H1_MFI | CDF.DependPtrVarType.Invalid:
  BGSEc: Variable has DEPEND_1 = 'cartesian' with VAR_TYPE = 'data' which is not 'support_data'.
  SC_pos_GSE: Variable has DEPEND_1 = 'cartesian' with VAR_TYPE = 'data' which is not 'support_data'.
  SC_pos_GSM: Variable has DEPEND_1 = 'cartesian' with VAR_TYPE = 'data' which is not 'support_data'.
AC_H2_MFI | CDF.DependPtrVarType.Invalid:
  BGSEc: Variable has DEPEND_1 = 'cartesian' with VAR_TYPE = 'data' which is not 'support_data'.
  BGSM: Variable has DEPEND_1 = 'cartesian' with VAR_TYPE = 'data' which is not 'support_data'.
  SC_pos_GSE: Variable has DEPEND_1 = 'cartesian' with VAR_TYPE = 'data' which is not 'support_data'.
  SC_pos_GSM: Variable has DEPEND_1 = 'cartesian' with VAR_TYPE = 'data' which is not 'support_data'.
AC_H3_MFI | CDF.DependPtrVarType.Invalid:
  BRTN: Variable has DEPEND_1 = 'cartesian' with VAR_TYPE = 'data' which is not 'support_data'.
  BGSEc: Variable has DEPEND_1 = 'cartesian' with VAR_TYPE = 'data' which is not 'support_data'.
  BGSM: Variable has DEPEND_1 = 'cartesian' with VAR_TYPE = 'data' which is not 'support_data'.
AC_K0_MFI | CDF.DependPtrVarType.Invalid:
  BGSEc: Variable has DEPEND_1 = 'cartesian' with VAR_TYPE = 'data' which is not 'support_data'.
AC_K1_MFI | CDF.DependPtrVarType.Invalid:
  BGSEc: Variable has DEPEND_1 = 'cartesian' with VAR_TYPE = 'data' which is not 'support_data'.
AC_K2_MFI | CDF.DependPtrVarType.Invalid:
  BGSEc: Variable has DEPEND_1 = 'cartesian' with VAR_TYPE = 'data' which is not 'support_data'.
AC_OR_SSC | CDF.DependPtrVarType.Invalid:
  XYZ_GSE: Variable has DEPEND_1 = 'cartesian' with VAR_TYPE = 'data' which is not 'support_data'.
  XYZ_GSEO: Variable has DEPEND_1 = 'cartesian' with VAR_TYPE = 'data' which is not 'support_data'.
ALOUETTE2_AV_LIM | CDF.DependPtrVarType.Invalid:
  geo_coord: Variable has DEPEND_1 = 'label_geo' with VAR_TYPE = 'metadata' which is not 'support_data'.
ALOUETTE2_AV_QUI | CDF.DependPtrVarType.Invalid:
  geo_coord: Variable has DEPEND_1 = 'label_geo' with VAR_TYPE = 'metadata' which is not 'support_data'.
ALOUETTE2_AV_SNT | CDF.DependPtrVarType.Invalid:
  geo_coord: Variable has DEPEND_1 = 'label_geo' with VAR_TYPE = 'metadata' which is not 'support_data'.
ALOUETTE2_AV_SOL | CDF.DependPtrVarType.Invalid:
  geo_coord: Variable has DEPEND_1 = 'label_geo' with VAR_TYPE = 'metadata' which is not 'support_data'.
ALOUETTE2_AV_ULA | CDF.DependPtrVarType.Invalid:
  geo_coord: Variable has DEPEND_1 = 'label_geo' with VAR_TYPE = 'metadata' which is not 'support_data'.
ALOUETTE2_AV_WNK | CDF.DependPtrVarType.Invalid:
  geo_coord: Variable has DEPEND_1 = 'label_geo' with VAR_TYPE = 'metadata' which is not 'support_data'.
C1_CP_FGM_SPIN | CDF.DependPtrVarType.Invalid:
  B_vec_xyz_gse__C1_CP_FGM_SPIN: Variable has DEPEND_1 = 'B_vec_xyz_gse__C1_CP_FGM_SPIN_LABEL_1' with VAR_TYPE = 'data' which is not 'support_data'.
  sc_pos_xyz_gse__C1_CP_FGM_SPIN: Variable has DEPEND_1 = 'sc_pos_xyz_gse__C1_CP_FGM_SPIN_LABEL_1' with VAR_TYPE = 'data' which is not 'support_data'.
C1_JP_PSE | CDF.DependPtrVarType.Invalid:
  sc_r1_xyz_gse__C1_JP_PSE: Variable has DEPEND_1 = 'L_gse_xyz' with VAR_TYPE = 'data' which is not 'support_data'.
C1_PP_ASP | CDF.DependPtrVarType.Invalid:
  Status__C1_PP_ASP: Variable has DEPEND_1 = 'L_Status' with VAR_TYPE = 'data' which is not 'support_data'.
C1_PP_CIS | CDF.DependPtrVarType.Invalid:
  Status__C1_PP_CIS: Variable has DEPEND_1 = 'L_Status' with VAR_TYPE = 'data' which is not 'support_data'.
  V_p_xyz_gse__C1_PP_CIS: Variable has DEPEND_1 = 'L_gse_xyz' with VAR_TYPE = 'data' which is not 'support_data'.
  V_HIA_xyz_gse__C1_PP_CIS: Variable has DEPEND_1 = 'L_gse_xyz' with VAR_TYPE = 'data' which is not 'support_data'.
C1_PP_DWP | CDF.DependPtrVarType.Invalid:
  Status__C1_PP_DWP: Variable has DEPEND_1 = 'L_Status_DWP' with VAR_TYPE = 'data' which is not 'support_data'.
  Status_Acf__C1_PP_DWP: Variable has DEPEND_1 = 'L_Status_DWP_Acf' with VAR_TYPE = 'data' which is not 'support_data'.
  Status_Heea__C1_PP_DWP: Variable has DEPEND_1 = 'L_Status_DWP_Heea' with VAR_TYPE = 'data' which is not 'support_data'.
  Status_B__C1_PP_DWP: Variable has DEPEND_1 = 'L_Status_DWP_B' with VAR_TYPE = 'data' which is not 'support_data'.
  State_wec__C1_PP_DWP: Variable has DEPEND_1 = 'L_Status_WEC' with VAR_TYPE = 'data' which is not 'support_data'.
  Status_wbd__C1_PP_DWP: Variable has DEPEND_1 = 'L_Status_WBD' with VAR_TYPE = 'data' which is not 'support_data'.
C1_PP_EDI | CDF.DependPtrVarType.Invalid:
  Status__C1_PP_EDI: Variable has DEPEND_1 = 'L_Status_EDI' with VAR_TYPE = 'data' which is not 'support_data'.
  V_ed_xyz_gse__C1_PP_EDI: Variable has DEPEND_1 = 'L_gse_xyz' with VAR_TYPE = 'data' which is not 'support_data'.
  E_xyz_gse__C1_PP_EDI: Variable has DEPEND_1 = 'L_gse_xyz' with VAR_TYPE = 'data' which is not 'support_data'.
C1_PP_EFW | CDF.DependPtrVarType.Invalid:
  Status__C1_PP_EFW: Variable has DEPEND_1 = 'L_Status_EFW' with VAR_TYPE = 'data' which is not 'support_data'.
  State_wec__C1_PP_EFW: Variable has DEPEND_1 = 'L_Status_WEC' with VAR_TYPE = 'data' which is not 'support_data'.
C1_PP_PEA | CDF.DependPtrVarType.Invalid:
  Status__C1_PP_PEA: Variable has DEPEND_1 = 'L_Status' with VAR_TYPE = 'data' which is not 'support_data'.
  V_e_xyz_gse__C1_PP_PEA: Variable has DEPEND_1 = 'L_gse_xyz' with VAR_TYPE = 'data' which is not 'support_data'.
C1_PP_RAP | CDF.DependPtrVarType.Invalid:
  Status__C1_PP_RAP: Variable has DEPEND_1 = 'L_Status' with VAR_TYPE = 'data' which is not 'support_data'.
C1_PP_STA | CDF.DependPtrVarType.Invalid:
  Status__C1_PP_STA: Variable has DEPEND_1 = 'L_Status' with VAR_TYPE = 'data' which is not 'support_data'.
  State_wec__C1_PP_STA: Variable has DEPEND_1 = 'L_Status_WEC' with VAR_TYPE = 'data' which is not 'support_data'.
C1_PP_WHI | CDF.DependPtrVarType.Invalid:
  Status__C1_PP_WHI: Variable has DEPEND_1 = 'L_Status' with VAR_TYPE = 'data' which is not 'support_data'.
  State_wec__C1_PP_WHI: Variable has DEPEND_1 = 'L_Status_WEC' with VAR_TYPE = 'data' which is not 'support_data'.
C1_UP_FGM | CDF.DependPtrVarType.Invalid:
  Status__C1_UP_FGM: Variable has DEPEND_1 = 'L_Status' with VAR_TYPE = 'data' which is not 'support_data'.
  B_xyz_gse__C1_UP_FGM: Variable has DEPEND_1 = 'L_gse_xyz' with VAR_TYPE = 'data' which is not 'support_data'.
C2_CP_FGM_SPIN | CDF.DependPtrVarType.Invalid:
  B_vec_xyz_gse__C2_CP_FGM_SPIN: Variable has DEPEND_1 = 'B_vec_xyz_gse__C2_CP_FGM_SPIN_LABEL_1' with VAR_TYPE = 'data' which is not 'support_data'.
  sc_pos_xyz_gse__C2_CP_FGM_SPIN: Variable has DEPEND_1 = 'sc_pos_xyz_gse__C2_CP_FGM_SPIN_LABEL_1' with VAR_TYPE = 'data' which is not 'support_data'.
C2_JP_PSE | CDF.DependPtrVarType.Invalid:
  sc_r2_xyz_gse__C2_JP_PSE: Variable has DEPEND_1 = 'L_gse_xyz' with VAR_TYPE = 'data' which is not 'support_data'.
C2_PP_ASP | CDF.DependPtrVarType.Invalid:
  Status__C2_PP_ASP: Variable has DEPEND_1 = 'L_Status' with VAR_TYPE = 'data' which is not 'support_data'.
C2_PP_DWP | CDF.DependPtrVarType.Invalid:
  Status__C2_PP_DWP: Variable has DEPEND_1 = 'L_Status_DWP' with VAR_TYPE = 'data' which is not 'support_data'.
  Status_Acf__C2_PP_DWP: Variable has DEPEND_1 = 'L_Status_DWP_Acf' with VAR_TYPE = 'data' which is not 'support_data'.
  Status_Heea__C2_PP_DWP: Variable has DEPEND_1 = 'L_Status_DWP_Heea' with VAR_TYPE = 'data' which is not 'support_data'.
  Status_B__C2_PP_DWP: Variable has DEPEND_1 = 'L_Status_DWP_B' with VAR_TYPE = 'data' which is not 'support_data'.
  State_wec__C2_PP_DWP: Variable has DEPEND_1 = 'L_Status_WEC' with VAR_TYPE = 'data' which is not 'support_data'.
  Status_wbd__C2_PP_DWP: Variable has DEPEND_1 = 'L_Status_WBD' with VAR_TYPE = 'data' which is not 'support_data'.
C2_PP_EDI | CDF.DependPtrVarType.Invalid:
  Status__C2_PP_EDI: Variable has DEPEND_1 = 'L_Status_EDI' with VAR_TYPE = 'data' which is not 'support_data'.
  V_ed_xyz_gse__C2_PP_EDI: Variable has DEPEND_1 = 'L_gse_xyz' with VAR_TYPE = 'data' which is not 'support_data'.
  E_xyz_gse__C2_PP_EDI: Variable has DEPEND_1 = 'L_gse_xyz' with VAR_TYPE = 'data' which is not 'support_data'.
C2_PP_EFW | CDF.DependPtrVarType.Invalid:
  Status__C2_PP_EFW: Variable has DEPEND_1 = 'L_Status_EFW' with VAR_TYPE = 'data' which is not 'support_data'.
  State_wec__C2_PP_EFW: Variable has DEPEND_1 = 'L_Status_WEC' with VAR_TYPE = 'data' which is not 'support_data'.
C2_PP_PEA | CDF.DependPtrVarType.Invalid:
  Status__C2_PP_PEA: Variable has DEPEND_1 = 'L_Status' with VAR_TYPE = 'data' which is not 'support_data'.
  V_e_xyz_gse__C2_PP_PEA: Variable has DEPEND_1 = 'L_gse_xyz' with VAR_TYPE = 'data' which is not 'support_data'.
C2_PP_RAP | CDF.DependPtrVarType.Invalid:
  Status__C2_PP_RAP: Variable has DEPEND_1 = 'L_Status' with VAR_TYPE = 'data' which is not 'support_data'.
C2_PP_STA | CDF.DependPtrVarType.Invalid:
  Status__C2_PP_STA: Variable has DEPEND_1 = 'L_Status' with VAR_TYPE = 'data' which is not 'support_data'.
  State_wec__C2_PP_STA: Variable has DEPEND_1 = 'L_Status_WEC' with VAR_TYPE = 'data' which is not 'support_data'.
C2_PP_WHI | CDF.DependPtrVarType.Invalid:
  Status__C2_PP_WHI: Variable has DEPEND_1 = 'L_Status' with VAR_TYPE = 'data' which is not 'support_data'.
  State_wec__C2_PP_WHI: Variable has DEPEND_1 = 'L_Status_WEC' with VAR_TYPE = 'data' which is not 'support_data'.
C2_UP_FGM | CDF.DependPtrVarType.Invalid:
  Status__C2_UP_FGM: Variable has DEPEND_1 = 'L_Status' with VAR_TYPE = 'data' which is not 'support_data'.
  B_xyz_gse__C2_UP_FGM: Variable has DEPEND_1 = 'L_gse_xyz' with VAR_TYPE = 'data' which is not 'support_data'.
C3_CP_FGM_SPIN | CDF.DependPtrVarType.Invalid:
  B_vec_xyz_gse__C3_CP_FGM_SPIN: Variable has DEPEND_1 = 'B_vec_xyz_gse__C3_CP_FGM_SPIN_LABEL_1' with VAR_TYPE = 'data' which is not 'support_data'.
  sc_pos_xyz_gse__C3_CP_FGM_SPIN: Variable has DEPEND_1 = 'sc_pos_xyz_gse__C3_CP_FGM_SPIN_LABEL_1' with VAR_TYPE = 'data' which is not 'support_data'.
C3_JP_PSE | CDF.DependPtrVarType.Invalid:
  sc_r3_xyz_gse__C3_JP_PSE: Variable has DEPEND_1 = 'L_gse_xyz' with VAR_TYPE = 'data' which is not 'support_data'.
C3_PP_ASP | CDF.DependPtrVarType.Invalid:
  Status__C3_PP_ASP: Variable has DEPEND_1 = 'L_Status' with VAR_TYPE = 'data' which is not 'support_data'.
C3_PP_CIS | CDF.DependPtrVarType.Invalid:
  Status__C3_PP_CIS: Variable has DEPEND_1 = 'L_Status' with VAR_TYPE = 'data' which is not 'support_data'.
  V_p_xyz_gse__C3_PP_CIS: Variable has DEPEND_1 = 'L_gse_xyz' with VAR_TYPE = 'data' which is not 'support_data'.
  V_HIA_xyz_gse__C3_PP_CIS: Variable has DEPEND_1 = 'L_gse_xyz' with VAR_TYPE = 'data' which is not 'support_data'.
C3_PP_EDI | CDF.DependPtrVarType.Invalid:
  Status__C3_PP_EDI: Variable has DEPEND_1 = 'L_Status_EDI' with VAR_TYPE = 'data' which is not 'support_data'.
  V_ed_xyz_gse__C3_PP_EDI: Variable has DEPEND_1 = 'L_gse_xyz' with VAR_TYPE = 'data' which is not 'support_data'.
  E_xyz_gse__C3_PP_EDI: Variable has DEPEND_1 = 'L_gse_xyz' with VAR_TYPE = 'data' which is not 'support_data'.
C3_PP_EFW | CDF.DependPtrVarType.Invalid:
  Status__C3_PP_EFW: Variable has DEPEND_1 = 'L_Status_EFW' with VAR_TYPE = 'data' which is not 'support_data'.
  State_wec__C3_PP_EFW: Variable has DEPEND_1 = 'L_Status_WEC' with VAR_TYPE = 'data' which is not 'support_data'.
C3_PP_PEA | CDF.DependPtrVarType.Invalid:
  Status__C3_PP_PEA: Variable has DEPEND_1 = 'L_Status' with VAR_TYPE = 'data' which is not 'support_data'.
  V_e_xyz_gse__C3_PP_PEA: Variable has DEPEND_1 = 'L_gse_xyz' with VAR_TYPE = 'data' which is not 'support_data'.
C3_PP_RAP | CDF.DependPtrVarType.Invalid:
  Status__C3_PP_RAP: Variable has DEPEND_1 = 'L_Status' with VAR_TYPE = 'data' which is not 'support_data'.
C3_PP_STA | CDF.DependPtrVarType.Invalid:
  Status__C3_PP_STA: Variable has DEPEND_1 = 'L_Status' with VAR_TYPE = 'data' which is not 'support_data'.
  State_wec__C3_PP_STA: Variable has DEPEND_1 = 'L_Status_WEC' with VAR_TYPE = 'data' which is not 'support_data'.
C3_PP_WHI | CDF.DependPtrVarType.Invalid:
  Status__C3_PP_WHI: Variable has DEPEND_1 = 'L_Status' with VAR_TYPE = 'data' which is not 'support_data'.
  State_wec__C3_PP_WHI: Variable has DEPEND_1 = 'L_Status_WEC' with VAR_TYPE = 'data' which is not 'support_data'.
C3_UP_FGM | CDF.DependPtrVarType.Invalid:
  Status__C3_UP_FGM: Variable has DEPEND_1 = 'L_Status' with VAR_TYPE = 'data' which is not 'support_data'.
  B_xyz_gse__C3_UP_FGM: Variable has DEPEND_1 = 'L_gse_xyz' with VAR_TYPE = 'data' which is not 'support_data'.
C4_CP_FGM_SPIN | CDF.DependPtrVarType.Invalid:
  B_vec_xyz_gse__C4_CP_FGM_SPIN: Variable has DEPEND_1 = 'B_vec_xyz_gse__C4_CP_FGM_SPIN_LABEL_1' with VAR_TYPE = 'data' which is not 'support_data'.
  sc_pos_xyz_gse__C4_CP_FGM_SPIN: Variable has DEPEND_1 = 'sc_pos_xyz_gse__C4_CP_FGM_SPIN_LABEL_1' with VAR_TYPE = 'data' which is not 'support_data'.
C4_JP_PSE | CDF.DependPtrVarType.Invalid:
  sc_r4_xyz_gse__C4_JP_PSE: Variable has DEPEND_1 = 'L_gse_xyz' with VAR_TYPE = 'data' which is not 'support_data'.
C4_PP_ASP | CDF.DependPtrVarType.Invalid:
  Status__C4_PP_ASP: Variable has DEPEND_1 = 'L_Status' with VAR_TYPE = 'data' which is not 'support_data'.
C4_PP_CIS | CDF.DependPtrVarType.Invalid:
  Status__C4_PP_CIS: Variable has DEPEND_1 = 'L_Status' with VAR_TYPE = 'data' which is not 'support_data'.
  V_p_xyz_gse__C4_PP_CIS: Variable has DEPEND_1 = 'L_gse_xyz' with VAR_TYPE = 'data' which is not 'support_data'.
  V_HIA_xyz_gse__C4_PP_CIS: Variable has DEPEND_1 = 'L_gse_xyz' with VAR_TYPE = 'data' which is not 'support_data'.
C4_PP_DWP | CDF.DependPtrVarType.Invalid:
  Status__C4_PP_DWP: Variable has DEPEND_1 = 'L_Status_DWP' with VAR_TYPE = 'data' which is not 'support_data'.
  Status_Acf__C4_PP_DWP: Variable has DEPEND_1 = 'L_Status_DWP_Acf' with VAR_TYPE = 'data' which is not 'support_data'.
  Status_Heea__C4_PP_DWP: Variable has DEPEND_1 = 'L_Status_DWP_Heea' with VAR_TYPE = 'data' which is not 'support_data'.
  Status_B__C4_PP_DWP: Variable has DEPEND_1 = 'L_Status_DWP_B' with VAR_TYPE = 'data' which is not 'support_data'.
  State_wec__C4_PP_DWP: Variable has DEPEND_1 = 'L_Status_WEC' with VAR_TYPE = 'data' which is not 'support_data'.
  Status_wbd__C4_PP_DWP: Variable has DEPEND_1 = 'L_Status_WBD' with VAR_TYPE = 'data' which is not 'support_data'.
C4_PP_EDI | CDF.DependPtrVarType.Invalid:
  Status__C4_PP_EDI: Variable has DEPEND_1 = 'L_Status_EDI' with VAR_TYPE = 'data' which is not 'support_data'.
  V_ed_xyz_gse__C4_PP_EDI: Variable has DEPEND_1 = 'L_gse_xyz' with VAR_TYPE = 'data' which is not 'support_data'.
  E_xyz_gse__C4_PP_EDI: Variable has DEPEND_1 = 'L_gse_xyz' with VAR_TYPE = 'data' which is not 'support_data'.
C4_PP_EFW | CDF.DependPtrVarType.Invalid:
  Status__C4_PP_EFW: Variable has DEPEND_1 = 'L_Status_EFW' with VAR_TYPE = 'data' which is not 'support_data'.
  State_wec__C4_PP_EFW: Variable has DEPEND_1 = 'L_Status_WEC' with VAR_TYPE = 'data' which is not 'support_data'.
C4_PP_PEA | CDF.DependPtrVarType.Invalid:
  Status__C4_PP_PEA: Variable has DEPEND_1 = 'L_Status' with VAR_TYPE = 'data' which is not 'support_data'.
  V_e_xyz_gse__C4_PP_PEA: Variable has DEPEND_1 = 'L_gse_xyz' with VAR_TYPE = 'data' which is not 'support_data'.
C4_PP_RAP | CDF.DependPtrVarType.Invalid:
  Status__C4_PP_RAP: Variable has DEPEND_1 = 'L_Status' with VAR_TYPE = 'data' which is not 'support_data'.
C4_PP_STA | CDF.DependPtrVarType.Invalid:
  Status__C4_PP_STA: Variable has DEPEND_1 = 'L_Status' with VAR_TYPE = 'data' which is not 'support_data'.
  State_wec__C4_PP_STA: Variable has DEPEND_1 = 'L_Status_WEC' with VAR_TYPE = 'data' which is not 'support_data'.
C4_PP_WHI | CDF.DependPtrVarType.Invalid:
  Status__C4_PP_WHI: Variable has DEPEND_1 = 'L_Status' with VAR_TYPE = 'data' which is not 'support_data'.
  State_wec__C4_PP_WHI: Variable has DEPEND_1 = 'L_Status_WEC' with VAR_TYPE = 'data' which is not 'support_data'.
C4_UP_FGM | CDF.DependPtrVarType.Invalid:
  Status__C4_UP_FGM: Variable has DEPEND_1 = 'L_Status' with VAR_TYPE = 'data' which is not 'support_data'.
  B_xyz_gse__C4_UP_FGM: Variable has DEPEND_1 = 'L_gse_xyz' with VAR_TYPE = 'data' which is not 'support_data'.
CL_JP_PGP | CDF.DependPtrVarType.Invalid:
  sc_r_xyz_gse__CL_JP_PGP: Variable has DEPEND_1 = 'L_gse_xyz' with VAR_TYPE = 'data' which is not 'support_data'.
  sc_v_xyz_gse__CL_JP_PGP: Variable has DEPEND_1 = 'L_gse_xyz' with VAR_TYPE = 'data' which is not 'support_data'.
  sc_dr1_xyz_gse__CL_JP_PGP: Variable has DEPEND_1 = 'L_gse_xyz' with VAR_TYPE = 'data' which is not 'support_data'.
  sc_dr2_xyz_gse__CL_JP_PGP: Variable has DEPEND_1 = 'L_gse_xyz' with VAR_TYPE = 'data' which is not 'support_data'.
  sc_dr3_xyz_gse__CL_JP_PGP: Variable has DEPEND_1 = 'L_gse_xyz' with VAR_TYPE = 'data' which is not 'support_data'.
  sc_dr4_xyz_gse__CL_JP_PGP: Variable has DEPEND_1 = 'L_gse_xyz' with VAR_TYPE = 'data' which is not 'support_data'.
  sc_geom_E_dir_gse__CL_JP_PGP: Variable has DEPEND_1 = 'L_gse_xyz' with VAR_TYPE = 'data' which is not 'support_data'.
  sc_geom_P_nor_gse__CL_JP_PGP: Variable has DEPEND_1 = 'L_gse_xyz' with VAR_TYPE = 'data' which is not 'support_data'.
CL_SP_AUX | CDF.DependPtrVarType.Invalid:
  sc_status__CL_SP_AUX: Variable has DEPEND_1 = 'L_Status_AUX' with VAR_TYPE = 'data' which is not 'support_data'.
  sc_r_xyz_gse__CL_SP_AUX: Variable has DEPEND_1 = 'L_gse_xyz' with VAR_TYPE = 'data' which is not 'support_data'.
  sc_v_xyz_gse__CL_SP_AUX: Variable has DEPEND_1 = 'L_gse_xyz' with VAR_TYPE = 'data' which is not 'support_data'.
  sc_dr1_xyz_gse__CL_SP_AUX: Variable has DEPEND_1 = 'L_gse_xyz' with VAR_TYPE = 'data' which is not 'support_data'.
  sc_dr2_xyz_gse__CL_SP_AUX: Variable has DEPEND_1 = 'L_gse_xyz' with VAR_TYPE = 'data' which is not 'support_data'.
  sc_dr3_xyz_gse__CL_SP_AUX: Variable has DEPEND_1 = 'L_gse_xyz' with VAR_TYPE = 'data' which is not 'support_data'.
  sc_dr4_xyz_gse__CL_SP_AUX: Variable has DEPEND_1 = 'L_gse_xyz' with VAR_TYPE = 'data' which is not 'support_data'.
  sc_geom_E_dir_gse__CL_SP_AUX: Variable has DEPEND_1 = 'L_gse_xyz' with VAR_TYPE = 'data' which is not 'support_data'.
  sc_geom_P_nor_gse__CL_SP_AUX: Variable has DEPEND_1 = 'L_gse_xyz' with VAR_TYPE = 'data' which is not 'support_data'.
  sc_r_xyz_gei__CL_SP_AUX: Variable has DEPEND_1 = 'L_gei_xyz' with VAR_TYPE = 'data' which is not 'support_data'.
  sc_r1_xyz_gei__CL_SP_AUX: Variable has DEPEND_1 = 'L_gei_xyz' with VAR_TYPE = 'data' which is not 'support_data'.
  sc_r2_xyz_gei__CL_SP_AUX: Variable has DEPEND_1 = 'L_gei_xyz' with VAR_TYPE = 'data' which is not 'support_data'.
  sc_r4_xyz_gei__CL_SP_AUX: Variable has DEPEND_1 = 'L_gei_xyz' with VAR_TYPE = 'data' which is not 'support_data'.
CN_K0_MARI | CDF.DependPtrVarType.Invalid:
  Site_Up: Variable has DEPEND_1 = 'Sites' with VAR_TYPE = 'ignore_data' which is not 'support_data'.
CN_K1_MARI | CDF.DependPtrVarType.Invalid:
  Rio: Variable has DEPEND_1 = 'Sites' with VAR_TYPE = 'data' which is not 'support_data'.
  Site_Up: Variable has DEPEND_1 = 'Sites' with VAR_TYPE = 'ignore_data' which is not 'support_data'.
CT_JP_PSE | CDF.DependPtrVarType.Invalid:
  sc_rT_xyz_gse__CT_JP_PSE: Variable has DEPEND_1 = 'L_gse_xyz' with VAR_TYPE = 'data' which is not 'support_data'.
DE_UV_SAI | CDF.DependPtrVarType.Invalid:
  SC_Pos_GCI: Variable has DEPEND_1 = 'label_vector' with VAR_TYPE = 'data' which is not 'support_data'.
  SC_Vel_GCI: Variable has DEPEND_1 = 'label_vector' with VAR_TYPE = 'data' which is not 'support_data'.
  SC_SpinV_GCI: Variable has DEPEND_1 = 'norm_cart' with VAR_TYPE = 'data' which is not 'support_data'.
DE_VS_EICS | CDF.DependPtrVarType.Invalid:
  Time_PB5: Variable has DEPEND_1 = 'unit_time' with VAR_TYPE = 'metadata' which is not 'support_data'.
  Geographic_position: Variable has DEPEND_1 = 'LABL_PTR_GEO' with VAR_TYPE = 'data' which is not 'support_data'.
  Geomagnetic_position: Variable has DEPEND_1 = 'LABL_PTR_GEOMAG' with VAR_TYPE = 'data' which is not 'support_data'.
DN_K0_GBAY | CDF.DependPtrVarType.Invalid:
  vel: Variable has DEPEND_1 = 'label_velocity' with VAR_TYPE = 'data' which is not 'support_data'.
DN_K0_HANK | CDF.DependPtrVarType.Invalid:
  vel: Variable has DEPEND_1 = 'label_velocity' with VAR_TYPE = 'data' which is not 'support_data'.
DN_K0_ICEW | CDF.DependPtrVarType.Invalid:
  vel: Variable has DEPEND_1 = 'label_velocity' with VAR_TYPE = 'data' which is not 'support_data'.
DN_K0_KAPU | CDF.DependPtrVarType.Invalid:
  vel: Variable has DEPEND_1 = 'label_velocity' with VAR_TYPE = 'data' which is not 'support_data'.
DN_K0_PACE | CDF.DependPtrVarType.Invalid:
  vel: Variable has DEPEND_1 = 'label_velocity' with VAR_TYPE = 'data' which is not 'support_data'.
DN_K0_PYKK | CDF.DependPtrVarType.Invalid:
  vel: Variable has DEPEND_1 = 'label_velocity' with VAR_TYPE = 'data' which is not 'support_data'.
DN_K0_SASK | CDF.DependPtrVarType.Invalid:
  vel: Variable has DEPEND_1 = 'label_velocity' with VAR_TYPE = 'data' which is not 'support_data'.
DSCOVR_H1_FC | CDF.DependPtrVarType.Invalid:
  V_GSE: Variable has DEPEND_1 = 'cartesian' with VAR_TYPE = 'data' which is not 'support_data'.
  V_GSE_ErrorBars: Variable has DEPEND_1 = 'cartesian' with VAR_TYPE = 'data' which is not 'support_data'.
EQ_PP_AUX | CDF.DependPtrVarType.Invalid:
  sc_r_xyz_gse%eq_pp_aux: Variable has DEPEND_1 = 'L_gse_xyz' with VAR_TYPE = 'data' which is not 'support_data'.
  sc_v_xyz_gse%eq_pp_aux: Variable has DEPEND_1 = 'L_gse_xyz' with VAR_TYPE = 'data' which is not 'support_data'.
EQ_PP_EDI | CDF.DependPtrVarType.Invalid:
  V_ed_xyz_gse%eq_pp_edi: Variable has DEPEND_1 = 'L_gse_xyz' with VAR_TYPE = 'data' which is not 'support_data'.
  E_xyz_gse%eq_pp_edi: Variable has DEPEND_1 = 'L_gse_xyz' with VAR_TYPE = 'data' which is not 'support_data'.
EQ_PP_ICI | CDF.DependPtrVarType.Invalid:
  V_p_xyz_gse%eq_pp_ici: Variable has DEPEND_1 = 'L_gse_xyz' with VAR_TYPE = 'data' which is not 'support_data'.
  V_O1_xyz_gse%eq_pp_ici: Variable has DEPEND_1 = 'L_gse_xyz' with VAR_TYPE = 'data' which is not 'support_data'.
  V_HE1_xyz_gse%eq_pp_ici: Variable has DEPEND_1 = 'L_gse_xyz' with VAR_TYPE = 'data' which is not 'support_data'.
  V_HE2_xyz_gse%eq_pp_ici: Variable has DEPEND_1 = 'L_gse_xyz' with VAR_TYPE = 'ignore_data' which is not 'support_data'.
  T_p_xx_gse%eq_pp_ici: Variable has DEPEND_1 = 'L_T_p_xx_gse%eq_pp_ici' with VAR_TYPE = 'data' which is not 'support_data'.
  T_O1_xx_gse%eq_pp_ici: Variable has DEPEND_1 = 'L_T_O1_xx_gse%eq_pp_ici' with VAR_TYPE = 'data' which is not 'support_data'.
  V_p_xyz_scs*%eq_pp_ici: Variable has DEPEND_1 = 'L_scs_xyz' with VAR_TYPE = 'data' which is not 'support_data'.
  V_O1_xyz_scs*%eq_pp_ici: Variable has DEPEND_1 = 'L_scs_xyz' with VAR_TYPE = 'data' which is not 'support_data'.
  V_p_xyz_gse*%eq_pp_ici: Variable has DEPEND_1 = 'L_gse_xyz' with VAR_TYPE = 'data' which is not 'support_data'.
  V_O1_xyz_gse*%eq_pp_ici: Variable has DEPEND_1 = 'L_gse_xyz' with VAR_TYPE = 'data' which is not 'support_data'.
EQ_PP_MAM | CDF.DependPtrVarType.Invalid:
  B_xyz_gse%eq_pp_mam: Variable has DEPEND_1 = 'L_gse_xyz' with VAR_TYPE = 'data' which is not 'support_data'.
FAST_OR_SSC | CDF.DependPtrVarType.Invalid:
  XYZ_GSE: Variable has DEPEND_1 = 'cartesian' with VAR_TYPE = 'data' which is not 'support_data'.
  XYZ_GSEO: Variable has DEPEND_1 = 'cartesian' with VAR_TYPE = 'data' which is not 'support_data'.
  XYZ_GSM: Variable has DEPEND_1 = 'cartesian' with VAR_TYPE = 'data' which is not 'support_data'.
  XYZ_GSMO: Variable has DEPEND_1 = 'cartesian' with VAR_TYPE = 'data' which is not 'support_data'.
  XYZ_SM: Variable has DEPEND_1 = 'cartesian' with VAR_TYPE = 'data' which is not 'support_data'.
  XYZ_SMO: Variable has DEPEND_1 = 'cartesian' with VAR_TYPE = 'data' which is not 'support_data'.
  XYZ_GEO: Variable has DEPEND_1 = 'cartesian' with VAR_TYPE = 'data' which is not 'support_data'.
  XYZ_GEOO: Variable has DEPEND_1 = 'cartesian' with VAR_TYPE = 'data' which is not 'support_data'.
  XYZ_GM: Variable has DEPEND_1 = 'cartesian' with VAR_TYPE = 'data' which is not 'support_data'.
  XYZ_GMO: Variable has DEPEND_1 = 'cartesian' with VAR_TYPE = 'data' which is not 'support_data'.
FA_K0_ACF | CDF.DependPtrVarType.Invalid:
  r: Variable has DEPEND_1 = 'cartesian' with VAR_TYPE = 'data' which is not 'support_data'.
  v: Variable has DEPEND_1 = 'cartesian' with VAR_TYPE = 'data' which is not 'support_data'.
  rV: Variable has DEPEND_1 = 'cartesian' with VAR_TYPE = 'data' which is not 'support_data'.
  vV: Variable has DEPEND_1 = 'cartesian' with VAR_TYPE = 'data' which is not 'support_data'.
FA_K0_TMS | CDF.DependPtrVarType.Invalid:
  r: Variable has DEPEND_1 = 'cartesian' with VAR_TYPE = 'data' which is not 'support_data'.
  v: Variable has DEPEND_1 = 'cartesian' with VAR_TYPE = 'data' which is not 'support_data'.
  rV: Variable has DEPEND_1 = 'cartesian' with VAR_TYPE = 'data' which is not 'support_data'.
  vV: Variable has DEPEND_1 = 'cartesian' with VAR_TYPE = 'data' which is not 'support_data'.
G0_K0_EP8 | CDF.DependPtrVarType.Invalid:
  SC_pos_ll: Variable has DEPEND_1 = 'label_latlong' with VAR_TYPE = 'data' which is not 'support_data'.
  SC_pos_eo: Variable has DEPEND_1 = 'cartesian' with VAR_TYPE = 'data' which is not 'support_data'.
  SC_pos_se: Variable has DEPEND_1 = 'cartesian' with VAR_TYPE = 'data' which is not 'support_data'.
  SC_pos_sm: Variable has DEPEND_1 = 'cartesian' with VAR_TYPE = 'data' which is not 'support_data'.
G0_K0_MAG | CDF.DependPtrVarType.Invalid:
  B_GSE_c: Variable has DEPEND_1 = 'cartesian' with VAR_TYPE = 'data' which is not 'support_data'.
  B_GSM_c: Variable has DEPEND_1 = 'cartesian' with VAR_TYPE = 'data' which is not 'support_data'.
  B_lcl_c: Variable has DEPEND_1 = 'label_lcl' with VAR_TYPE = 'data' which is not 'support_data'.
  SC_pos_ll: Variable has DEPEND_1 = 'label_latlong' with VAR_TYPE = 'data' which is not 'support_data'.
  SC_pos_eo: Variable has DEPEND_1 = 'cartesian' with VAR_TYPE = 'data' which is not 'support_data'.
  SC_pos_se: Variable has DEPEND_1 = 'cartesian' with VAR_TYPE = 'data' which is not 'support_data'.
  SC_pos_sm: Variable has DEPEND_1 = 'cartesian' with VAR_TYPE = 'data' which is not 'support_data'.
G6_K0_EPS | CDF.DependPtrVarType.Invalid:
  IE: Variable has DEPEND_1 = 'Energy_range' with VAR_TYPE = 'ignore_data' which is not 'support_data'.
  SC_pos_ll: Variable has DEPEND_1 = 'label_2' with VAR_TYPE = 'data' which is not 'support_data'.
  SC_pos_eo: Variable has DEPEND_1 = 'cartesian' with VAR_TYPE = 'data' which is not 'support_data'.
  SC_pos_se: Variable has DEPEND_1 = 'cartesian' with VAR_TYPE = 'data' which is not 'support_data'.
  SC_pos_sm: Variable has DEPEND_1 = 'cartesian' with VAR_TYPE = 'data' which is not 'support_data'.
  IE_flag: Variable has DEPEND_1 = 'Energy_range' with VAR_TYPE = 'ignore_data' which is not 'support_data'.
G6_K0_MAG | CDF.DependPtrVarType.Invalid:
  B_GSE_c: Variable has DEPEND_1 = 'cartesian_label' with VAR_TYPE = 'ignore_data' which is not 'support_data'.
  B_GSM_c: Variable has DEPEND_1 = 'cartesian_label' with VAR_TYPE = 'ignore_data' which is not 'support_data'.
  B_lcl_c: Variable has DEPEND_1 = 'label_2' with VAR_TYPE = 'data' which is not 'support_data'.
  SC_pos_se: Variable has DEPEND_1 = 'cartesian_label' with VAR_TYPE = 'data' which is not 'support_data'.
  SC_pos_sm: Variable has DEPEND_1 = 'cartesian_label' with VAR_TYPE = 'data' which is not 'support_data'.
G7_K0_EPS | CDF.DependPtrVarType.Invalid:
  IE: Variable has DEPEND_1 = 'Energy_range' with VAR_TYPE = 'ignore_data' which is not 'support_data'.
  SC_pos_ll: Variable has DEPEND_1 = 'label_2' with VAR_TYPE = 'data' which is not 'support_data'.
  SC_pos_eo: Variable has DEPEND_1 = 'cartesian' with VAR_TYPE = 'data' which is not 'support_data'.
  SC_pos_se: Variable has DEPEND_1 = 'cartesian' with VAR_TYPE = 'data' which is not 'support_data'.
  SC_pos_sm: Variable has DEPEND_1 = 'cartesian' with VAR_TYPE = 'data' which is not 'support_data'.
  IE_flag: Variable has DEPEND_1 = 'Energy_range' with VAR_TYPE = 'ignore_data' which is not 'support_data'.
G7_K0_MAG | CDF.DependPtrVarType.Invalid:
  B_GSE_c: Variable has DEPEND_1 = 'cartesian_label' with VAR_TYPE = 'ignore_data' which is not 'support_data'.
  B_GSM_c: Variable has DEPEND_1 = 'cartesian_label' with VAR_TYPE = 'ignore_data' which is not 'support_data'.
  B_lcl_c: Variable has DEPEND_1 = 'label_2' with VAR_TYPE = 'data' which is not 'support_data'.
  SC_pos_se: Variable has DEPEND_1 = 'cartesian_label' with VAR_TYPE = 'data' which is not 'support_data'.
  SC_pos_sm: Variable has DEPEND_1 = 'cartesian_label' with VAR_TYPE = 'data' which is not 'support_data'.
G8_K0_EP8 | CDF.DependPtrVarType.Invalid:
  SC_pos_ll: Variable has DEPEND_1 = 'label_latlong' with VAR_TYPE = 'data' which is not 'support_data'.
  SC_pos_eo: Variable has DEPEND_1 = 'cartesian' with VAR_TYPE = 'data' which is not 'support_data'.
  SC_pos_se: Variable has DEPEND_1 = 'cartesian' with VAR_TYPE = 'data' which is not 'support_data'.
  SC_pos_sm: Variable has DEPEND_1 = 'cartesian' with VAR_TYPE = 'data' which is not 'support_data'.
G8_K0_MAG | CDF.DependPtrVarType.Invalid:
  B_GSE_c: Variable has DEPEND_1 = 'cartesian' with VAR_TYPE = 'data' which is not 'support_data'.
  B_GSM_c: Variable has DEPEND_1 = 'cartesian' with VAR_TYPE = 'data' which is not 'support_data'.
  B_lcl_c: Variable has DEPEND_1 = 'label_lcl' with VAR_TYPE = 'data' which is not 'support_data'.
  SC_pos_ll: Variable has DEPEND_1 = 'label_latlong' with VAR_TYPE = 'data' which is not 'support_data'.
  SC_pos_eo: Variable has DEPEND_1 = 'cartesian' with VAR_TYPE = 'data' which is not 'support_data'.
  SC_pos_se: Variable has DEPEND_1 = 'cartesian' with VAR_TYPE = 'data' which is not 'support_data'.
  SC_pos_sm: Variable has DEPEND_1 = 'cartesian' with VAR_TYPE = 'data' which is not 'support_data'.
G9_K0_EP8 | CDF.DependPtrVarType.Invalid:
  SC_pos_ll: Variable has DEPEND_1 = 'label_latlong' with VAR_TYPE = 'data' which is not 'support_data'.
  SC_pos_eo: Variable has DEPEND_1 = 'cartesian' with VAR_TYPE = 'data' which is not 'support_data'.
  SC_pos_se: Variable has DEPEND_1 = 'cartesian' with VAR_TYPE = 'data' which is not 'support_data'.
  SC_pos_sm: Variable has DEPEND_1 = 'cartesian' with VAR_TYPE = 'data' which is not 'support_data'.
G9_K0_MAG | CDF.DependPtrVarType.Invalid:
  B_GSE_c: Variable has DEPEND_1 = 'cartesian' with VAR_TYPE = 'data' which is not 'support_data'.
  B_GSM_c: Variable has DEPEND_1 = 'cartesian' with VAR_TYPE = 'data' which is not 'support_data'.
  B_lcl_c: Variable has DEPEND_1 = 'label_lcl' with VAR_TYPE = 'data' which is not 'support_data'.
  SC_pos_ll: Variable has DEPEND_1 = 'label_latlong' with VAR_TYPE = 'data' which is not 'support_data'.
  SC_pos_eo: Variable has DEPEND_1 = 'cartesian' with VAR_TYPE = 'data' which is not 'support_data'.
  SC_pos_se: Variable has DEPEND_1 = 'cartesian' with VAR_TYPE = 'data' which is not 'support_data'.
  SC_pos_sm: Variable has DEPEND_1 = 'cartesian' with VAR_TYPE = 'data' which is not 'support_data'.
GENESIS_3DL2_GIM | CDF.DependPtrVarType.Invalid:
  Proton_Velocity_gse: Variable has DEPEND_1 = 'ProVelGSE_label' with VAR_TYPE = 'data' which is not 'support_data'.
  Proton_Velocity_rtn: Variable has DEPEND_1 = 'ProVelRTN_label' with VAR_TYPE = 'data' which is not 'support_data'.
  Genesis_Location_gse: Variable has DEPEND_1 = 'GenLocGSE_label' with VAR_TYPE = 'data' which is not 'support_data'.
GE_H0_CPI | CDF.DependPtrVarType.Invalid:
  SW_V: Variable has DEPEND_1 = 'label_v3' with VAR_TYPE = 'data' which is not 'support_data'.
  SW_Vc: Variable has DEPEND_1 = 'cartesian3' with VAR_TYPE = 'data' which is not 'support_data'.
GE_HPAMOM_CPI | CDF.DependPtrVarType.Invalid:
  Velocity_i: Variable has DEPEND_1 = 'cartesian' with VAR_TYPE = 'data' which is not 'support_data'.
GE_K0_CPI | CDF.DependPtrVarType.Invalid:
  SW_V: Variable has DEPEND_1 = 'cartesian3' with VAR_TYPE = 'data' which is not 'support_data'.
  HP_V: Variable has DEPEND_1 = 'cartesian2' with VAR_TYPE = 'data' which is not 'support_data'.
GE_K0_EFD | CDF.DependPtrVarType.Invalid:
  Es: Variable has DEPEND_1 = 'label_E' with VAR_TYPE = 'data' which is not 'support_data'.
  Vs: Variable has DEPEND_1 = 'label_Vs' with VAR_TYPE = 'data' which is not 'support_data'.
  Ew: Variable has DEPEND_1 = 'label_E_ant' with VAR_TYPE = 'data' which is not 'support_data'.
  Vw: Variable has DEPEND_1 = 'label_V' with VAR_TYPE = 'data' which is not 'support_data'.
  POSITION: Variable has DEPEND_1 = 'cartesian' with VAR_TYPE = 'data' which is not 'support_data'.
GE_K0_EPI | CDF.DependPtrVarType.Invalid:
  Time_PB5: Variable has DEPEND_1 = 'unit_time' with VAR_TYPE = 'ignore_data' which is not 'support_data'.
  HeHRatio_I: Variable has DEPEND_1 = 'HeHRatio_I_Ch' with VAR_TYPE = 'data' which is not 'support_data'.
  HeHRatio_I_errorbars: Variable has DEPEND_1 = 'HeHRatio_I_Ch' with VAR_TYPE = 'data' which is not 'support_data'.
  HeHRatio_I_Uncert: Variable has DEPEND_1 = 'HeHRatio_I_Ch' with VAR_TYPE = 'data' which is not 'support_data'.
  OHRatio_I: Variable has DEPEND_1 = 'OHRatio_I_Ch' with VAR_TYPE = 'data' which is not 'support_data'.
  OHRatio_I_errorbars: Variable has DEPEND_1 = 'OHRatio_I_Ch' with VAR_TYPE = 'data' which is not 'support_data'.
  OHRatio_I_Uncert: Variable has DEPEND_1 = 'OHRatio_I_Ch' with VAR_TYPE = 'data' which is not 'support_data'.
  EAni_I: Variable has DEPEND_1 = 'labels_anisot' with VAR_TYPE = 'data' which is not 'support_data'.
  EAni_I_errorbars: Variable has DEPEND_1 = 'labels_anisot' with VAR_TYPE = 'data' which is not 'support_data'.
  EAni_I_Uncert: Variable has DEPEND_1 = 'd_labels_anisot' with VAR_TYPE = 'data' which is not 'support_data'.
  PAni_S: Variable has DEPEND_1 = 'plabels_anisot' with VAR_TYPE = 'data' which is not 'support_data'.
  PAni_S_errorbars: Variable has DEPEND_1 = 'plabels_anisot' with VAR_TYPE = 'data' which is not 'support_data'.
  PAni_S_Uncert: Variable has DEPEND_1 = 'd_plabels_anisot' with VAR_TYPE = 'data' which is not 'support_data'.
  PAni67_I: Variable has DEPEND_1 = 'p2labels_anisot' with VAR_TYPE = 'data' which is not 'support_data'.
  PAni67_I_errorbars: Variable has DEPEND_1 = 'p2labels_anisot' with VAR_TYPE = 'data' which is not 'support_data'.
  PAni67_I_Uncert: Variable has DEPEND_1 = 'd_p2labels_anisot' with VAR_TYPE = 'data' which is not 'support_data'.
  PAni129_I: Variable has DEPEND_1 = 'p3labels_anisot' with VAR_TYPE = 'data' which is not 'support_data'.
  PAni129_I_errorbars: Variable has DEPEND_1 = 'p3labels_anisot' with VAR_TYPE = 'data' which is not 'support_data'.
  PAni129_I_Uncert: Variable has DEPEND_1 = 'labels_anisot' with VAR_TYPE = 'data' which is not 'support_data'.
GE_K0_LEP | CDF.DependPtrVarType.Invalid:
  POSITION: Variable has DEPEND_1 = 'cartesian' with VAR_TYPE = 'data' which is not 'support_data'.
  V0: Variable has DEPEND_1 = 'label_1' with VAR_TYPE = 'data' which is not 'support_data'.
  EA_E: Variable has DEPEND_1 = 'label_3' with VAR_TYPE = 'data' which is not 'support_data'.
  EA_I: Variable has DEPEND_1 = 'label_3' with VAR_TYPE = 'data' which is not 'support_data'.
  energy_e: Variable has DEPEND_1 = 'label_3' with VAR_TYPE = 'data' which is not 'support_data'.
  energy_p: Variable has DEPEND_1 = 'label_3' with VAR_TYPE = 'data' which is not 'support_data'.
GE_K0_MGF | CDF.DependPtrVarType.Invalid:
  IB_vector: Variable has DEPEND_1 = 'cartesian' with VAR_TYPE = 'data' which is not 'support_data'.
  IS_vector: Variable has DEPEND_1 = 'cartesian' with VAR_TYPE = 'data' which is not 'support_data'.
  POS: Variable has DEPEND_1 = 'cartesian' with VAR_TYPE = 'data' which is not 'support_data'.
GE_K0_PWI | CDF.DependPtrVarType.Invalid:
  ORBIT: Variable has DEPEND_1 = 'label_orbit' with VAR_TYPE = 'data' which is not 'support_data'.
GE_OR_DEF | CDF.DependPtrVarType.Invalid:
  GCI_POS: Variable has DEPEND_1 = 'cartesian' with VAR_TYPE = 'data' which is not 'support_data'.
  GCI_VEL: Variable has DEPEND_1 = 'cartesian' with VAR_TYPE = 'data' which is not 'support_data'.
  GSE_POS: Variable has DEPEND_1 = 'cartesian' with VAR_TYPE = 'data' which is not 'support_data'.
  GSE_VEL: Variable has DEPEND_1 = 'cartesian' with VAR_TYPE = 'data' which is not 'support_data'.
  GSM_POS: Variable has DEPEND_1 = 'cartesian' with VAR_TYPE = 'data' which is not 'support_data'.
  GSM_VEL: Variable has DEPEND_1 = 'cartesian' with VAR_TYPE = 'data' which is not 'support_data'.
  SUN_VECTOR: Variable has DEPEND_1 = 'cartesian' with VAR_TYPE = 'data' which is not 'support_data'.
  HEC_POS: Variable has DEPEND_1 = 'cartesian' with VAR_TYPE = 'data' which is not 'support_data'.
  HEC_VEL: Variable has DEPEND_1 = 'cartesian' with VAR_TYPE = 'data' which is not 'support_data'.
GE_OR_PRE | CDF.DependPtrVarType.Invalid:
  GCI_POS: Variable has DEPEND_1 = 'cartesian' with VAR_TYPE = 'data' which is not 'support_data'.
  GCI_POS_t: Variable has DEPEND_1 = 'cartesian' with VAR_TYPE = 'data' which is not 'support_data'.
  GCI_VEL: Variable has DEPEND_1 = 'cartesian' with VAR_TYPE = 'data' which is not 'support_data'.
  GSE_POS: Variable has DEPEND_1 = 'cartesian' with VAR_TYPE = 'data' which is not 'support_data'.
  GSE_POS_t: Variable has DEPEND_1 = 'cartesian' with VAR_TYPE = 'data' which is not 'support_data'.
  GSE_VEL: Variable has DEPEND_1 = 'cartesian' with VAR_TYPE = 'data' which is not 'support_data'.
  GSM_POS: Variable has DEPEND_1 = 'cartesian' with VAR_TYPE = 'data' which is not 'support_data'.
  GSM_POS_t: Variable has DEPEND_1 = 'cartesian' with VAR_TYPE = 'data' which is not 'support_data'.
  GSM_VEL: Variable has DEPEND_1 = 'cartesian' with VAR_TYPE = 'data' which is not 'support_data'.
  SUN_VECTOR: Variable has DEPEND_1 = 'cartesian' with VAR_TYPE = 'data' which is not 'support_data'.
  HEC_POS: Variable has DEPEND_1 = 'cartesian' with VAR_TYPE = 'data' which is not 'support_data'.
  HEC_POS_t: Variable has DEPEND_1 = 'cartesian' with VAR_TYPE = 'data' which is not 'support_data'.
  HEC_VEL: Variable has DEPEND_1 = 'cartesian' with VAR_TYPE = 'data' which is not 'support_data'.
GOES10_EPHEMERIS_SSC | CDF.DependPtrVarType.Invalid:
  XYZ_GEO: Variable has DEPEND_1 = 'cartesian' with VAR_TYPE = 'data' which is not 'support_data'.
  XYZ_GEOO: Variable has DEPEND_1 = 'cartesian' with VAR_TYPE = 'ignore_data' which is not 'support_data'.
  XYZ_GM: Variable has DEPEND_1 = 'cartesian' with VAR_TYPE = 'data' which is not 'support_data'.
  XYZ_GMO: Variable has DEPEND_1 = 'cartesian' with VAR_TYPE = 'ignore_data' which is not 'support_data'.
  XYZ_GSE: Variable has DEPEND_1 = 'cartesian' with VAR_TYPE = 'data' which is not 'support_data'.
  XYZ_GSEO: Variable has DEPEND_1 = 'cartesian' with VAR_TYPE = 'ignore_data' which is not 'support_data'.
  XYZ_GSM: Variable has DEPEND_1 = 'cartesian' with VAR_TYPE = 'data' which is not 'support_data'.
  XYZ_GSMO: Variable has DEPEND_1 = 'cartesian' with VAR_TYPE = 'ignore_data' which is not 'support_data'.
  XYZ_SM: Variable has DEPEND_1 = 'cartesian' with VAR_TYPE = 'data' which is not 'support_data'.
  XYZ_SMO: Variable has DEPEND_1 = 'cartesian' with VAR_TYPE = 'ignore_data' which is not 'support_data'.
GOES11_EPHEMERIS_SSC | CDF.DependPtrVarType.Invalid:
  XYZ_GEO: Variable has DEPEND_1 = 'cartesian' with VAR_TYPE = 'data' which is not 'support_data'.
  XYZ_GEOO: Variable has DEPEND_1 = 'cartesian' with VAR_TYPE = 'ignore_data' which is not 'support_data'.
  XYZ_GM: Variable has DEPEND_1 = 'cartesian' with VAR_TYPE = 'data' which is not 'support_data'.
  XYZ_GMO: Variable has DEPEND_1 = 'cartesian' with VAR_TYPE = 'ignore_data' which is not 'support_data'.
  XYZ_GSE: Variable has DEPEND_1 = 'cartesian' with VAR_TYPE = 'data' which is not 'support_data'.
  XYZ_GSEO: Variable has DEPEND_1 = 'cartesian' with VAR_TYPE = 'ignore_data' which is not 'support_data'.
  XYZ_GSM: Variable has DEPEND_1 = 'cartesian' with VAR_TYPE = 'data' which is not 'support_data'.
  XYZ_GSMO: Variable has DEPEND_1 = 'cartesian' with VAR_TYPE = 'ignore_data' which is not 'support_data'.
  XYZ_SM: Variable has DEPEND_1 = 'cartesian' with VAR_TYPE = 'data' which is not 'support_data'.
  XYZ_SMO: Variable has DEPEND_1 = 'cartesian' with VAR_TYPE = 'ignore_data' which is not 'support_data'.
GOES11_K0_EP8 | CDF.DependPtrVarType.Invalid:
  SC_pos_ll: Variable has DEPEND_1 = 'label_latlong' with VAR_TYPE = 'data' which is not 'support_data'.
  SC_pos_eo: Variable has DEPEND_1 = 'cartesian' with VAR_TYPE = 'data' which is not 'support_data'.
  SC_pos_se: Variable has DEPEND_1 = 'cartesian' with VAR_TYPE = 'data' which is not 'support_data'.
  SC_pos_sm: Variable has DEPEND_1 = 'cartesian' with VAR_TYPE = 'data' which is not 'support_data'.
GOES11_K0_MAG | CDF.DependPtrVarType.Invalid:
  B_GSE_c: Variable has DEPEND_1 = 'cartesian' with VAR_TYPE = 'data' which is not 'support_data'.
  B_GSM_c: Variable has DEPEND_1 = 'cartesian' with VAR_TYPE = 'data' which is not 'support_data'.
  B_lcl_c: Variable has DEPEND_1 = 'label_lcl' with VAR_TYPE = 'data' which is not 'support_data'.
  SC_pos_ll: Variable has DEPEND_1 = 'label_latlong' with VAR_TYPE = 'data' which is not 'support_data'.
  SC_pos_eo: Variable has DEPEND_1 = 'cartesian' with VAR_TYPE = 'data' which is not 'support_data'.
  SC_pos_se: Variable has DEPEND_1 = 'cartesian' with VAR_TYPE = 'data' which is not 'support_data'.
  SC_pos_sm: Variable has DEPEND_1 = 'cartesian' with VAR_TYPE = 'data' which is not 'support_data'.
GOES12_EPHEMERIS_SSC | CDF.DependPtrVarType.Invalid:
  XYZ_GEO: Variable has DEPEND_1 = 'cartesian' with VAR_TYPE = 'data' which is not 'support_data'.
  XYZ_GEOO: Variable has DEPEND_1 = 'cartesian' with VAR_TYPE = 'ignore_data' which is not 'support_data'.
  XYZ_GM: Variable has DEPEND_1 = 'cartesian' with VAR_TYPE = 'data' which is not 'support_data'.
  XYZ_GMO: Variable has DEPEND_1 = 'cartesian' with VAR_TYPE = 'ignore_data' which is not 'support_data'.
  XYZ_GSE: Variable has DEPEND_1 = 'cartesian' with VAR_TYPE = 'data' which is not 'support_data'.
  XYZ_GSEO: Variable has DEPEND_1 = 'cartesian' with VAR_TYPE = 'ignore_data' which is not 'support_data'.
  XYZ_GSM: Variable has DEPEND_1 = 'cartesian' with VAR_TYPE = 'data' which is not 'support_data'.
  XYZ_GSMO: Variable has DEPEND_1 = 'cartesian' with VAR_TYPE = 'ignore_data' which is not 'support_data'.
  XYZ_SM: Variable has DEPEND_1 = 'cartesian' with VAR_TYPE = 'data' which is not 'support_data'.
  XYZ_SMO: Variable has DEPEND_1 = 'cartesian' with VAR_TYPE = 'ignore_data' which is not 'support_data'.
GOES12_K0_MAG | CDF.DependPtrVarType.Invalid:
  B_GSE_c: Variable has DEPEND_1 = 'cartesian' with VAR_TYPE = 'data' which is not 'support_data'.
  B_GSM_c: Variable has DEPEND_1 = 'cartesian' with VAR_TYPE = 'data' which is not 'support_data'.
  B_lcl_c: Variable has DEPEND_1 = 'label_lcl' with VAR_TYPE = 'data' which is not 'support_data'.
  SC_pos_ll: Variable has DEPEND_1 = 'label_latlong' with VAR_TYPE = 'data' which is not 'support_data'.
  SC_pos_eo: Variable has DEPEND_1 = 'cartesian' with VAR_TYPE = 'data' which is not 'support_data'.
  SC_pos_se: Variable has DEPEND_1 = 'cartesian' with VAR_TYPE = 'data' which is not 'support_data'.
  SC_pos_sm: Variable has DEPEND_1 = 'cartesian' with VAR_TYPE = 'data' which is not 'support_data'.
GOES13_EPHEMERIS_SSC | CDF.DependPtrVarType.Invalid:
  XYZ_GEO: Variable has DEPEND_1 = 'cartesian' with VAR_TYPE = 'data' which is not 'support_data'.
  XYZ_GEOO: Variable has DEPEND_1 = 'cartesian' with VAR_TYPE = 'ignore_data' which is not 'support_data'.
  XYZ_GM: Variable has DEPEND_1 = 'cartesian' with VAR_TYPE = 'data' which is not 'support_data'.
  XYZ_GMO: Variable has DEPEND_1 = 'cartesian' with VAR_TYPE = 'ignore_data' which is not 'support_data'.
  XYZ_GSE: Variable has DEPEND_1 = 'cartesian' with VAR_TYPE = 'data' which is not 'support_data'.
  XYZ_GSEO: Variable has DEPEND_1 = 'cartesian' with VAR_TYPE = 'ignore_data' which is not 'support_data'.
  XYZ_GSM: Variable has DEPEND_1 = 'cartesian' with VAR_TYPE = 'data' which is not 'support_data'.
  XYZ_GSMO: Variable has DEPEND_1 = 'cartesian' with VAR_TYPE = 'ignore_data' which is not 'support_data'.
  XYZ_SM: Variable has DEPEND_1 = 'cartesian' with VAR_TYPE = 'data' which is not 'support_data'.
  XYZ_SMO: Variable has DEPEND_1 = 'cartesian' with VAR_TYPE = 'ignore_data' which is not 'support_data'.
GOES14_EPHEMERIS_SSC | CDF.DependPtrVarType.Invalid:
  XYZ_GEO: Variable has DEPEND_1 = 'cartesian' with VAR_TYPE = 'data' which is not 'support_data'.
  XYZ_GEOO: Variable has DEPEND_1 = 'cartesian' with VAR_TYPE = 'ignore_data' which is not 'support_data'.
  XYZ_GM: Variable has DEPEND_1 = 'cartesian' with VAR_TYPE = 'data' which is not 'support_data'.
  XYZ_GMO: Variable has DEPEND_1 = 'cartesian' with VAR_TYPE = 'ignore_data' which is not 'support_data'.
  XYZ_GSE: Variable has DEPEND_1 = 'cartesian' with VAR_TYPE = 'data' which is not 'support_data'.
  XYZ_GSEO: Variable has DEPEND_1 = 'cartesian' with VAR_TYPE = 'ignore_data' which is not 'support_data'.
  XYZ_GSM: Variable has DEPEND_1 = 'cartesian' with VAR_TYPE = 'data' which is not 'support_data'.
  XYZ_GSMO: Variable has DEPEND_1 = 'cartesian' with VAR_TYPE = 'ignore_data' which is not 'support_data'.
  XYZ_SM: Variable has DEPEND_1 = 'cartesian' with VAR_TYPE = 'data' which is not 'support_data'.
  XYZ_SMO: Variable has DEPEND_1 = 'cartesian' with VAR_TYPE = 'ignore_data' which is not 'support_data'.
GOES15_EPHEMERIS_SSC | CDF.DependPtrVarType.Invalid:
  XYZ_GEO: Variable has DEPEND_1 = 'cartesian' with VAR_TYPE = 'data' which is not 'support_data'.
  XYZ_GEOO: Variable has DEPEND_1 = 'cartesian' with VAR_TYPE = 'ignore_data' which is not 'support_data'.
  XYZ_GM: Variable has DEPEND_1 = 'cartesian' with VAR_TYPE = 'data' which is not 'support_data'.
  XYZ_GMO: Variable has DEPEND_1 = 'cartesian' with VAR_TYPE = 'ignore_data' which is not 'support_data'.
  XYZ_GSE: Variable has DEPEND_1 = 'cartesian' with VAR_TYPE = 'data' which is not 'support_data'.
  XYZ_GSEO: Variable has DEPEND_1 = 'cartesian' with VAR_TYPE = 'ignore_data' which is not 'support_data'.
  XYZ_GSM: Variable has DEPEND_1 = 'cartesian' with VAR_TYPE = 'data' which is not 'support_data'.
  XYZ_GSMO: Variable has DEPEND_1 = 'cartesian' with VAR_TYPE = 'ignore_data' which is not 'support_data'.
  XYZ_SM: Variable has DEPEND_1 = 'cartesian' with VAR_TYPE = 'data' which is not 'support_data'.
  XYZ_SMO: Variable has DEPEND_1 = 'cartesian' with VAR_TYPE = 'ignore_data' which is not 'support_data'.
GOES16_EPHEMERIS_SSC | CDF.DependPtrVarType.Invalid:
  XYZ_GEO: Variable has DEPEND_1 = 'cartesian' with VAR_TYPE = 'data' which is not 'support_data'.
  XYZ_GEOO: Variable has DEPEND_1 = 'cartesian' with VAR_TYPE = 'ignore_data' which is not 'support_data'.
  XYZ_GM: Variable has DEPEND_1 = 'cartesian' with VAR_TYPE = 'data' which is not 'support_data'.
  XYZ_GMO: Variable has DEPEND_1 = 'cartesian' with VAR_TYPE = 'ignore_data' which is not 'support_data'.
  XYZ_GSE: Variable has DEPEND_1 = 'cartesian' with VAR_TYPE = 'data' which is not 'support_data'.
  XYZ_GSEO: Variable has DEPEND_1 = 'cartesian' with VAR_TYPE = 'ignore_data' which is not 'support_data'.
  XYZ_GSM: Variable has DEPEND_1 = 'cartesian' with VAR_TYPE = 'data' which is not 'support_data'.
  XYZ_GSMO: Variable has DEPEND_1 = 'cartesian' with VAR_TYPE = 'ignore_data' which is not 'support_data'.
  XYZ_SM: Variable has DEPEND_1 = 'cartesian' with VAR_TYPE = 'data' which is not 'support_data'.
  XYZ_SMO: Variable has DEPEND_1 = 'cartesian' with VAR_TYPE = 'ignore_data' which is not 'support_data'.
GOES17_EPHEMERIS_SSC | CDF.DependPtrVarType.Invalid:
  XYZ_GEO: Variable has DEPEND_1 = 'cartesian' with VAR_TYPE = 'data' which is not 'support_data'.
  XYZ_GEOO: Variable has DEPEND_1 = 'cartesian' with VAR_TYPE = 'ignore_data' which is not 'support_data'.
  XYZ_GM: Variable has DEPEND_1 = 'cartesian' with VAR_TYPE = 'data' which is not 'support_data'.
  XYZ_GMO: Variable has DEPEND_1 = 'cartesian' with VAR_TYPE = 'ignore_data' which is not 'support_data'.
  XYZ_GSE: Variable has DEPEND_1 = 'cartesian' with VAR_TYPE = 'data' which is not 'support_data'.
  XYZ_GSEO: Variable has DEPEND_1 = 'cartesian' with VAR_TYPE = 'ignore_data' which is not 'support_data'.
  XYZ_GSM: Variable has DEPEND_1 = 'cartesian' with VAR_TYPE = 'data' which is not 'support_data'.
  XYZ_GSMO: Variable has DEPEND_1 = 'cartesian' with VAR_TYPE = 'ignore_data' which is not 'support_data'.
  XYZ_SM: Variable has DEPEND_1 = 'cartesian' with VAR_TYPE = 'data' which is not 'support_data'.
  XYZ_SMO: Variable has DEPEND_1 = 'cartesian' with VAR_TYPE = 'ignore_data' which is not 'support_data'.
GOES18_EPHEMERIS_SSC | CDF.DependPtrVarType.Invalid:
  XYZ_GEO: Variable has DEPEND_1 = 'cartesian' with VAR_TYPE = 'data' which is not 'support_data'.
  XYZ_GM: Variable has DEPEND_1 = 'cartesian' with VAR_TYPE = 'data' which is not 'support_data'.
  XYZ_GSE: Variable has DEPEND_1 = 'cartesian' with VAR_TYPE = 'data' which is not 'support_data'.
  XYZ_GSM: Variable has DEPEND_1 = 'cartesian' with VAR_TYPE = 'data' which is not 'support_data'.
  XYZ_SM: Variable has DEPEND_1 = 'cartesian' with VAR_TYPE = 'data' which is not 'support_data'.
GOES8_EPHEMERIS_SSC | CDF.DependPtrVarType.Invalid:
  XYZ_GEO: Variable has DEPEND_1 = 'cartesian' with VAR_TYPE = 'data' which is not 'support_data'.
  XYZ_GEOO: Variable has DEPEND_1 = 'cartesian' with VAR_TYPE = 'ignore_data' which is not 'support_data'.
  XYZ_GM: Variable has DEPEND_1 = 'cartesian' with VAR_TYPE = 'data' which is not 'support_data'.
  XYZ_GMO: Variable has DEPEND_1 = 'cartesian' with VAR_TYPE = 'ignore_data' which is not 'support_data'.
  XYZ_GSE: Variable has DEPEND_1 = 'cartesian' with VAR_TYPE = 'data' which is not 'support_data'.
  XYZ_GSEO: Variable has DEPEND_1 = 'cartesian' with VAR_TYPE = 'ignore_data' which is not 'support_data'.
  XYZ_GSM: Variable has DEPEND_1 = 'cartesian' with VAR_TYPE = 'data' which is not 'support_data'.
  XYZ_GSMO: Variable has DEPEND_1 = 'cartesian' with VAR_TYPE = 'ignore_data' which is not 'support_data'.
  XYZ_SM: Variable has DEPEND_1 = 'cartesian' with VAR_TYPE = 'data' which is not 'support_data'.
  XYZ_SMO: Variable has DEPEND_1 = 'cartesian' with VAR_TYPE = 'ignore_data' which is not 'support_data'.
GOES9_EPHEMERIS_SSC | CDF.DependPtrVarType.Invalid:
  XYZ_GEO: Variable has DEPEND_1 = 'cartesian' with VAR_TYPE = 'data' which is not 'support_data'.
  XYZ_GEOO: Variable has DEPEND_1 = 'cartesian' with VAR_TYPE = 'ignore_data' which is not 'support_data'.
  XYZ_GM: Variable has DEPEND_1 = 'cartesian' with VAR_TYPE = 'data' which is not 'support_data'.
  XYZ_GMO: Variable has DEPEND_1 = 'cartesian' with VAR_TYPE = 'ignore_data' which is not 'support_data'.
  XYZ_GSE: Variable has DEPEND_1 = 'cartesian' with VAR_TYPE = 'data' which is not 'support_data'.
  XYZ_GSEO: Variable has DEPEND_1 = 'cartesian' with VAR_TYPE = 'ignore_data' which is not 'support_data'.
  XYZ_GSM: Variable has DEPEND_1 = 'cartesian' with VAR_TYPE = 'data' which is not 'support_data'.
  XYZ_GSMO: Variable has DEPEND_1 = 'cartesian' with VAR_TYPE = 'ignore_data' which is not 'support_data'.
  XYZ_SM: Variable has DEPEND_1 = 'cartesian' with VAR_TYPE = 'data' which is not 'support_data'.
  XYZ_SMO: Variable has DEPEND_1 = 'cartesian' with VAR_TYPE = 'ignore_data' which is not 'support_data'.
I1_AV2_OTT | CDF.DependPtrVarType.Invalid:
  geo_coord: Variable has DEPEND_1 = 'label_geo' with VAR_TYPE = 'data' which is not 'support_data'.
I1_AV2_QUI | CDF.DependPtrVarType.Invalid:
  geo_coord: Variable has DEPEND_1 = 'label_geo' with VAR_TYPE = 'data' which is not 'support_data'.
I1_AV2_SNT | CDF.DependPtrVarType.Invalid:
  geo_coord: Variable has DEPEND_1 = 'label_geo' with VAR_TYPE = 'data' which is not 'support_data'.
I1_AV2_ULA | CDF.DependPtrVarType.Invalid:
  geo_coord: Variable has DEPEND_1 = 'label_geo' with VAR_TYPE = 'data' which is not 'support_data'.
I1_AV_KER | CDF.DependPtrVarType.Invalid:
  geo_coord: Variable has DEPEND_1 = 'label_geo' with VAR_TYPE = 'metadata' which is not 'support_data'.
I1_AV_KSH | CDF.DependPtrVarType.Invalid:
  geo_coord: Variable has DEPEND_1 = 'label_geo' with VAR_TYPE = 'metadata' which is not 'support_data'.
I1_AV_KWA | CDF.DependPtrVarType.Invalid:
  geo_coord: Variable has DEPEND_1 = 'label_geo' with VAR_TYPE = 'metadata' which is not 'support_data'.
I1_AV_ODG | CDF.DependPtrVarType.Invalid:
  geo_coord: Variable has DEPEND_1 = 'label_geo' with VAR_TYPE = 'metadata' which is not 'support_data'.
I1_AV_ORR | CDF.DependPtrVarType.Invalid:
  geo_coord: Variable has DEPEND_1 = 'label_geo' with VAR_TYPE = 'metadata' which is not 'support_data'.
I1_AV_OTT | CDF.DependPtrVarType.Invalid:
  geo_coord: Variable has DEPEND_1 = 'label_geo' with VAR_TYPE = 'metadata' which is not 'support_data'.
I1_AV_QUI | CDF.DependPtrVarType.Invalid:
  geo_coord: Variable has DEPEND_1 = 'label_geo' with VAR_TYPE = 'metadata' which is not 'support_data'.
I1_AV_RES | CDF.DependPtrVarType.Invalid:
  geo_coord: Variable has DEPEND_1 = 'label_geo' with VAR_TYPE = 'metadata' which is not 'support_data'.
I1_AV_SNT | CDF.DependPtrVarType.Invalid:
  geo_coord: Variable has DEPEND_1 = 'label_geo' with VAR_TYPE = 'metadata' which is not 'support_data'.
I1_AV_SOD | CDF.DependPtrVarType.Invalid:
  geo_coord: Variable has DEPEND_1 = 'label_geo' with VAR_TYPE = 'metadata' which is not 'support_data'.
I1_AV_TRO | CDF.DependPtrVarType.Invalid:
  geo_coord: Variable has DEPEND_1 = 'label_geo' with VAR_TYPE = 'metadata' which is not 'support_data'.
I1_AV_ULA | CDF.DependPtrVarType.Invalid:
  geo_coord: Variable has DEPEND_1 = 'label_geo' with VAR_TYPE = 'metadata' which is not 'support_data'.
I1_AV_WNK | CDF.DependPtrVarType.Invalid:
  geo_coord: Variable has DEPEND_1 = 'label_geo' with VAR_TYPE = 'metadata' which is not 'support_data'.
I2_AV_ADL | CDF.DependPtrVarType.Invalid:
  geo_coord: Variable has DEPEND_1 = 'label_geo' with VAR_TYPE = 'metadata' which is not 'support_data'.
I2_AV_AME | CDF.DependPtrVarType.Invalid:
  geo_coord: Variable has DEPEND_1 = 'label_geo' with VAR_TYPE = 'metadata' which is not 'support_data'.
I2_AV_BRZ | CDF.DependPtrVarType.Invalid:
  geo_coord: Variable has DEPEND_1 = 'label_geo' with VAR_TYPE = 'metadata' which is not 'support_data'.
I2_AV_BUR | CDF.DependPtrVarType.Invalid:
  geo_coord: Variable has DEPEND_1 = 'label_geo' with VAR_TYPE = 'metadata' which is not 'support_data'.
I2_AV_CNA | CDF.DependPtrVarType.Invalid:
  geo_coord: Variable has DEPEND_1 = 'label_geo' with VAR_TYPE = 'metadata' which is not 'support_data'.
I2_AV_KER | CDF.DependPtrVarType.Invalid:
  geo_coord: Variable has DEPEND_1 = 'label_geo' with VAR_TYPE = 'metadata' which is not 'support_data'.
I2_AV_KRU | CDF.DependPtrVarType.Invalid:
  geo_coord: Variable has DEPEND_1 = 'label_geo' with VAR_TYPE = 'metadata' which is not 'support_data'.
I2_AV_KSH | CDF.DependPtrVarType.Invalid:
  geo_coord: Variable has DEPEND_1 = 'label_geo' with VAR_TYPE = 'metadata' which is not 'support_data'.
I2_AV_LAU | CDF.DependPtrVarType.Invalid:
  geo_coord: Variable has DEPEND_1 = 'label_geo' with VAR_TYPE = 'metadata' which is not 'support_data'.
I2_AV_ODG | CDF.DependPtrVarType.Invalid:
  geo_coord: Variable has DEPEND_1 = 'label_geo' with VAR_TYPE = 'metadata' which is not 'support_data'.
I2_AV_ORR | CDF.DependPtrVarType.Invalid:
  geo_coord: Variable has DEPEND_1 = 'label_geo' with VAR_TYPE = 'metadata' which is not 'support_data'.
I2_AV_OTT | CDF.DependPtrVarType.Invalid:
  geo_coord: Variable has DEPEND_1 = 'label_geo' with VAR_TYPE = 'metadata' which is not 'support_data'.
I2_AV_QUI | CDF.DependPtrVarType.Invalid:
  geo_coord: Variable has DEPEND_1 = 'label_geo' with VAR_TYPE = 'metadata' which is not 'support_data'.
I2_AV_RES | CDF.DependPtrVarType.Invalid:
  geo_coord: Variable has DEPEND_1 = 'label_geo' with VAR_TYPE = 'metadata' which is not 'support_data'.
I2_AV_SYO | CDF.DependPtrVarType.Invalid:
  geo_coord: Variable has DEPEND_1 = 'label_geo' with VAR_TYPE = 'metadata' which is not 'support_data'.
I8_15SEC_MAG | CDF.DependPtrVarType.Invalid:
  SC_Pos_GSE: Variable has DEPEND_1 = 'cartesian' with VAR_TYPE = 'data' which is not 'support_data'.
  SC_Pos_GSET: Variable has DEPEND_1 = 'cartesian' with VAR_TYPE = 'data' which is not 'support_data'.
  SC_Pos_GSM: Variable has DEPEND_1 = 'cartesian' with VAR_TYPE = 'data' which is not 'support_data'.
  SC_Pos_GSMT: Variable has DEPEND_1 = 'cartesian' with VAR_TYPE = 'data' which is not 'support_data'.
I8_H0_GME | CDF.DependPtrVarType.Invalid:
  C_Rate: Variable has DEPEND_1 = 'labels_SRates' with VAR_TYPE = 'data' which is not 'support_data'.
  Event_Rates: Variable has DEPEND_1 = 'labels_EvRates' with VAR_TYPE = 'data' which is not 'support_data'.
  Event_Rates_errorbars: Variable has DEPEND_1 = 'labels_EvRates' with VAR_TYPE = 'data' which is not 'support_data'.
  Event_Rates_Unc: Variable has DEPEND_1 = 'd_labels_EvRates' with VAR_TYPE = 'data' which is not 'support_data'.
  Singles_Rates: Variable has DEPEND_1 = 'labels_SRates' with VAR_TYPE = 'data' which is not 'support_data'.
  Singles_Rates_errorbars: Variable has DEPEND_1 = 'labels_SRates' with VAR_TYPE = 'data' which is not 'support_data'.
  Singles_Rates_Unc: Variable has DEPEND_1 = 'd_labels_SRates' with VAR_TYPE = 'data' which is not 'support_data'.
I8_OR_SSC | CDF.DependPtrVarType.Invalid:
  XYZ_GSE: Variable has DEPEND_1 = 'cartesian' with VAR_TYPE = 'data' which is not 'support_data'.
  XYZ_GSE_Time: Variable has DEPEND_1 = 'cartesian' with VAR_TYPE = 'data' which is not 'support_data'.
  XYZ_GSM: Variable has DEPEND_1 = 'cartesian' with VAR_TYPE = 'data' which is not 'support_data'.
  XYZ_GSM_Time: Variable has DEPEND_1 = 'cartesian' with VAR_TYPE = 'data' which is not 'support_data'.
IA_OR_DEF | CDF.DependPtrVarType.Invalid:
  SC_pos_GSE: Variable has DEPEND_1 = 'cartesian' with VAR_TYPE = 'data' which is not 'support_data'.
  SC_pos_GSM: Variable has DEPEND_1 = 'cartesian' with VAR_TYPE = 'data' which is not 'support_data'.
  SC_vel_GSE: Variable has DEPEND_1 = 'cartesian' with VAR_TYPE = 'data' which is not 'support_data'.
IBEX_OR_SSC | CDF.DependPtrVarType.Invalid:
  XYZ_GSE: Variable has DEPEND_1 = 'cartesian' with VAR_TYPE = 'data' which is not 'support_data'.
  XYZ_GSEO: Variable has DEPEND_1 = 'cartesian' with VAR_TYPE = 'data' which is not 'support_data'.
  XYZ_GSM: Variable has DEPEND_1 = 'cartesian' with VAR_TYPE = 'data' which is not 'support_data'.
  XYZ_GSMO: Variable has DEPEND_1 = 'cartesian' with VAR_TYPE = 'data' which is not 'support_data'.
  XYZ_SM: Variable has DEPEND_1 = 'cartesian' with VAR_TYPE = 'data' which is not 'support_data'.
  XYZ_SMO: Variable has DEPEND_1 = 'cartesian' with VAR_TYPE = 'data' which is not 'support_data'.
  XYZ_GEO: Variable has DEPEND_1 = 'cartesian' with VAR_TYPE = 'data' which is not 'support_data'.
  XYZ_GEOO: Variable has DEPEND_1 = 'cartesian' with VAR_TYPE = 'data' which is not 'support_data'.
  XYZ_GM: Variable has DEPEND_1 = 'cartesian' with VAR_TYPE = 'data' which is not 'support_data'.
  XYZ_GMO: Variable has DEPEND_1 = 'cartesian' with VAR_TYPE = 'data' which is not 'support_data'.
IM_K0_EUV | CDF.DependPtrVarType.Invalid:
  geo_pos: Variable has DEPEND_1 = 'cartesian' with VAR_TYPE = 'data' which is not 'support_data'.
  gsm_pos: Variable has DEPEND_1 = 'cartesian' with VAR_TYPE = 'data' which is not 'support_data'.
IM_OR_DEF | CDF.DependPtrVarType.Invalid:
  MOON_POS: Variable has DEPEND_1 = 'cartesian' with VAR_TYPE = 'data' which is not 'support_data'.
  SUN_POS: Variable has DEPEND_1 = 'cartesian' with VAR_TYPE = 'data' which is not 'support_data'.
  GCI_VEL: Variable has DEPEND_1 = 'cartesian' with VAR_TYPE = 'data' which is not 'support_data'.
  GSM_VEL: Variable has DEPEND_1 = 'cartesian' with VAR_TYPE = 'data' which is not 'support_data'.
  GSE_VEL: Variable has DEPEND_1 = 'cartesian' with VAR_TYPE = 'data' which is not 'support_data'.
  GCI_POS: Variable has DEPEND_1 = 'cartesian' with VAR_TYPE = 'data' which is not 'support_data'.
  GSM_POS: Variable has DEPEND_1 = 'cartesian' with VAR_TYPE = 'data' which is not 'support_data'.
  GSM_POSO: Variable has DEPEND_1 = 'cartesian' with VAR_TYPE = 'data' which is not 'support_data'.
  GSE_POS: Variable has DEPEND_1 = 'cartesian' with VAR_TYPE = 'data' which is not 'support_data'.
  GSE_POSO: Variable has DEPEND_1 = 'cartesian' with VAR_TYPE = 'data' which is not 'support_data'.
IM_OR_PRE | CDF.DependPtrVarType.Invalid:
  MOON_POS: Variable has DEPEND_1 = 'cartesian' with VAR_TYPE = 'data' which is not 'support_data'.
  SUN_POS: Variable has DEPEND_1 = 'cartesian' with VAR_TYPE = 'data' which is not 'support_data'.
  GCI_VEL: Variable has DEPEND_1 = 'cartesian' with VAR_TYPE = 'data' which is not 'support_data'.
  GSM_VEL: Variable has DEPEND_1 = 'cartesian' with VAR_TYPE = 'data' which is not 'support_data'.
  GSE_VEL: Variable has DEPEND_1 = 'cartesian' with VAR_TYPE = 'data' which is not 'support_data'.
  GCI_POS: Variable has DEPEND_1 = 'cartesian' with VAR_TYPE = 'data' which is not 'support_data'.
  GSM_POS: Variable has DEPEND_1 = 'cartesian' with VAR_TYPE = 'data' which is not 'support_data'.
  GSM_POSO: Variable has DEPEND_1 = 'cartesian' with VAR_TYPE = 'data' which is not 'support_data'.
  GSE_POS: Variable has DEPEND_1 = 'cartesian' with VAR_TYPE = 'data' which is not 'support_data'.
  GSE_POSO: Variable has DEPEND_1 = 'cartesian' with VAR_TYPE = 'data' which is not 'support_data'.
IT_K0_COR | CDF.DependPtrVarType.Invalid:
  Vi_GSE: Variable has DEPEND_1 = 'cartesian' with VAR_TYPE = 'data' which is not 'support_data'.
  Vi_GSM: Variable has DEPEND_1 = 'cartesian' with VAR_TYPE = 'data' which is not 'support_data'.
IT_K0_MFI | CDF.DependPtrVarType.Invalid:
  B_GSE: Variable has DEPEND_1 = 'cartesian' with VAR_TYPE = 'data' which is not 'support_data'.
  B_GSM: Variable has DEPEND_1 = 'cartesian' with VAR_TYPE = 'data' which is not 'support_data'.
IT_OR_DEF | CDF.DependPtrVarType.Invalid:
  SC_pos_GSE: Variable has DEPEND_1 = 'cartesian' with VAR_TYPE = 'data' which is not 'support_data'.
  SC_pos_GSM: Variable has DEPEND_1 = 'cartesian' with VAR_TYPE = 'data' which is not 'support_data'.
  SC_vel_GSE: Variable has DEPEND_1 = 'cartesian' with VAR_TYPE = 'data' which is not 'support_data'.
  SC/SS_sep_GSE: Variable has DEPEND_1 = 'cartesian' with VAR_TYPE = 'data' which is not 'support_data'.
L0_K0_MPA | CDF.DependPtrVarType.Invalid:
  vel_lop: Variable has DEPEND_1 = 'Cartesian' with VAR_TYPE = 'data' which is not 'support_data'.
  temp_lop: Variable has DEPEND_1 = 'label_temp' with VAR_TYPE = 'ignore_data' which is not 'support_data'.
  vel_hip: Variable has DEPEND_1 = 'Cartesian' with VAR_TYPE = 'ignore_data' which is not 'support_data'.
  temp_hip: Variable has DEPEND_1 = 'label_temp' with VAR_TYPE = 'data' which is not 'support_data'.
  theta_phi_hip: Variable has DEPEND_1 = 'label_theta_phi' with VAR_TYPE = 'data' which is not 'support_data'.
  temp_e: Variable has DEPEND_1 = 'label_temp' with VAR_TYPE = 'data' which is not 'support_data'.
  theta_phi_e: Variable has DEPEND_1 = 'label_theta_phi' with VAR_TYPE = 'data' which is not 'support_data'.
  sc_pos_geo: Variable has DEPEND_1 = 'angle_pos_l' with VAR_TYPE = 'data' which is not 'support_data'.
  sc_pos_mag: Variable has DEPEND_1 = 'angle_pos_m' with VAR_TYPE = 'data' which is not 'support_data'.
  sc_pos_syngci: Variable has DEPEND_1 = 'angle_possyn_l' with VAR_TYPE = 'data' which is not 'support_data'.
  sc_pos_syngeo: Variable has DEPEND_1 = 'angle_pos_l' with VAR_TYPE = 'data' which is not 'support_data'.
L0_K0_SPA | CDF.DependPtrVarType.Invalid:
  sc_loc: Variable has DEPEND_1 = 'Polar' with VAR_TYPE = 'data' which is not 'support_data'.
L1_K0_MPA | CDF.DependPtrVarType.Invalid:
  vel_lop: Variable has DEPEND_1 = 'Cartesian' with VAR_TYPE = 'data' which is not 'support_data'.
  temp_lop: Variable has DEPEND_1 = 'label_temp' with VAR_TYPE = 'ignore_data' which is not 'support_data'.
  vel_hip: Variable has DEPEND_1 = 'Cartesian' with VAR_TYPE = 'ignore_data' which is not 'support_data'.
  temp_hip: Variable has DEPEND_1 = 'label_temp' with VAR_TYPE = 'data' which is not 'support_data'.
  theta_phi_hip: Variable has DEPEND_1 = 'label_theta_phi' with VAR_TYPE = 'data' which is not 'support_data'.
  temp_e: Variable has DEPEND_1 = 'label_temp' with VAR_TYPE = 'data' which is not 'support_data'.
  theta_phi_e: Variable has DEPEND_1 = 'label_theta_phi' with VAR_TYPE = 'data' which is not 'support_data'.
  sc_pos_geo: Variable has DEPEND_1 = 'angle_pos_l' with VAR_TYPE = 'data' which is not 'support_data'.
  sc_pos_mag: Variable has DEPEND_1 = 'angle_pos_m' with VAR_TYPE = 'data' which is not 'support_data'.
  sc_pos_syngci: Variable has DEPEND_1 = 'angle_possyn_l' with VAR_TYPE = 'data' which is not 'support_data'.
  sc_pos_syngeo: Variable has DEPEND_1 = 'angle_pos_l' with VAR_TYPE = 'data' which is not 'support_data'.
L1_K0_SPA | CDF.DependPtrVarType.Invalid:
  sc_loc: Variable has DEPEND_1 = 'Polar' with VAR_TYPE = 'data' which is not 'support_data'.
L4_K0_MPA | CDF.DependPtrVarType.Invalid:
  vel_lop: Variable has DEPEND_1 = 'Cartesian' with VAR_TYPE = 'data' which is not 'support_data'.
  temp_lop: Variable has DEPEND_1 = 'label_temp' with VAR_TYPE = 'ignore_data' which is not 'support_data'.
  vel_hip: Variable has DEPEND_1 = 'Cartesian' with VAR_TYPE = 'ignore_data' which is not 'support_data'.
  temp_hip: Variable has DEPEND_1 = 'label_temp' with VAR_TYPE = 'data' which is not 'support_data'.
  theta_phi_hip: Variable has DEPEND_1 = 'label_theta_phi' with VAR_TYPE = 'data' which is not 'support_data'.
  temp_e: Variable has DEPEND_1 = 'label_temp' with VAR_TYPE = 'data' which is not 'support_data'.
  theta_phi_e: Variable has DEPEND_1 = 'label_theta_phi' with VAR_TYPE = 'data' which is not 'support_data'.
  sc_pos_geo: Variable has DEPEND_1 = 'angle_pos_l' with VAR_TYPE = 'data' which is not 'support_data'.
  sc_pos_mag: Variable has DEPEND_1 = 'angle_pos_m' with VAR_TYPE = 'data' which is not 'support_data'.
  sc_pos_syngci: Variable has DEPEND_1 = 'angle_possyn_l' with VAR_TYPE = 'data' which is not 'support_data'.
  sc_pos_syngeo: Variable has DEPEND_1 = 'angle_pos_l' with VAR_TYPE = 'data' which is not 'support_data'.
L4_K0_SPA | CDF.DependPtrVarType.Invalid:
  sc_loc: Variable has DEPEND_1 = 'Polar' with VAR_TYPE = 'data' which is not 'support_data'.
L7_H0_MPA | CDF.DependPtrVarType.Invalid:
  xyzgeo: Variable has DEPEND_1 = 'cartesian' with VAR_TYPE = 'data' which is not 'support_data'.
L7_K0_MPA | CDF.DependPtrVarType.Invalid:
  vel_lop: Variable has DEPEND_1 = 'Cartesian' with VAR_TYPE = 'data' which is not 'support_data'.
  temp_lop: Variable has DEPEND_1 = 'label_temp' with VAR_TYPE = 'ignore_data' which is not 'support_data'.
  vel_hip: Variable has DEPEND_1 = 'Cartesian' with VAR_TYPE = 'ignore_data' which is not 'support_data'.
  temp_hip: Variable has DEPEND_1 = 'label_temp' with VAR_TYPE = 'data' which is not 'support_data'.
  theta_phi_hip: Variable has DEPEND_1 = 'label_theta_phi' with VAR_TYPE = 'data' which is not 'support_data'.
  temp_e: Variable has DEPEND_1 = 'label_temp' with VAR_TYPE = 'data' which is not 'support_data'.
  theta_phi_e: Variable has DEPEND_1 = 'label_theta_phi' with VAR_TYPE = 'data' which is not 'support_data'.
  sc_pos_geo: Variable has DEPEND_1 = 'angle_pos_l' with VAR_TYPE = 'data' which is not 'support_data'.
  sc_pos_mag: Variable has DEPEND_1 = 'angle_pos_m' with VAR_TYPE = 'data' which is not 'support_data'.
  sc_pos_syngci: Variable has DEPEND_1 = 'angle_possyn_l' with VAR_TYPE = 'data' which is not 'support_data'.
  sc_pos_syngeo: Variable has DEPEND_1 = 'angle_pos_l' with VAR_TYPE = 'data' which is not 'support_data'.
L7_K0_SPA | CDF.DependPtrVarType.Invalid:
  sc_loc: Variable has DEPEND_1 = 'Polar' with VAR_TYPE = 'data' which is not 'support_data'.
L9_K0_MPA | CDF.DependPtrVarType.Invalid:
  vel_lop: Variable has DEPEND_1 = 'Cartesian' with VAR_TYPE = 'data' which is not 'support_data'.
  temp_lop: Variable has DEPEND_1 = 'label_temp' with VAR_TYPE = 'ignore_data' which is not 'support_data'.
  vel_hip: Variable has DEPEND_1 = 'Cartesian' with VAR_TYPE = 'ignore_data' which is not 'support_data'.
  temp_hip: Variable has DEPEND_1 = 'label_temp' with VAR_TYPE = 'data' which is not 'support_data'.
  theta_phi_hip: Variable has DEPEND_1 = 'label_theta_phi' with VAR_TYPE = 'data' which is not 'support_data'.
  temp_e: Variable has DEPEND_1 = 'label_temp' with VAR_TYPE = 'data' which is not 'support_data'.
  theta_phi_e: Variable has DEPEND_1 = 'label_theta_phi' with VAR_TYPE = 'data' which is not 'support_data'.
  sc_pos_geo: Variable has DEPEND_1 = 'angle_pos_l' with VAR_TYPE = 'data' which is not 'support_data'.
  sc_pos_mag: Variable has DEPEND_1 = 'angle_pos_m' with VAR_TYPE = 'data' which is not 'support_data'.
  sc_pos_syngci: Variable has DEPEND_1 = 'angle_possyn_l' with VAR_TYPE = 'data' which is not 'support_data'.
  sc_pos_syngeo: Variable has DEPEND_1 = 'angle_pos_l' with VAR_TYPE = 'data' which is not 'support_data'.
L9_K0_SPA | CDF.DependPtrVarType.Invalid:
  sc_loc: Variable has DEPEND_1 = 'Polar' with VAR_TYPE = 'data' which is not 'support_data'.
MMS1_ASPOC_SRVY_L2 | CDF.DependPtrVarType.Invalid:
  mms1_aspoc_status: Variable has DEPEND_1 = 'mms1_aspoc_lbl' with VAR_TYPE = 'data' which is not 'support_data'.
MMS2_ASPOC_SRVY_L2 | CDF.DependPtrVarType.Invalid:
  mms2_aspoc_status: Variable has DEPEND_1 = 'mms2_aspoc_lbl' with VAR_TYPE = 'data' which is not 'support_data'.
MMS3_ASPOC_SRVY_L2 | CDF.DependPtrVarType.Invalid:
  mms3_aspoc_status: Variable has DEPEND_1 = 'mms3_aspoc_lbl' with VAR_TYPE = 'data' which is not 'support_data'.
MMS4_ASPOC_SRVY_L2 | CDF.DependPtrVarType.Invalid:
  mms4_aspoc_status: Variable has DEPEND_1 = 'mms4_aspoc_lbl' with VAR_TYPE = 'data' which is not 'support_data'.
PO_EJ_VIS | CDF.DependPtrVarType.Invalid:
  SC_Pos_GCI: Variable has DEPEND_1 = 'label_vector' with VAR_TYPE = 'data' which is not 'support_data'.
  SC_Vel_GCI: Variable has DEPEND_1 = 'label_vector' with VAR_TYPE = 'data' which is not 'support_data'.
  SC_SpinV_GCI: Variable has DEPEND_1 = 'norm_cart' with VAR_TYPE = 'data' which is not 'support_data'.
  Headers: Variable has DEPEND_1 = 'hdr_fieldname' with VAR_TYPE = 'data' which is not 'support_data'.
PO_H0_TID | CDF.DependPtrVarType.Invalid:
  hp_vel: Variable has DEPEND_1 = 'label_hp_vel' with VAR_TYPE = 'data' which is not 'support_data'.
  hp_temp: Variable has DEPEND_1 = 'label_hp_temp' with VAR_TYPE = 'data' which is not 'support_data'.
  op_vel: Variable has DEPEND_1 = 'label_op_vel' with VAR_TYPE = 'data' which is not 'support_data'.
  op_temp: Variable has DEPEND_1 = 'label_op_temp' with VAR_TYPE = 'data' which is not 'support_data'.
  hep_vel: Variable has DEPEND_1 = 'label_hep_vel' with VAR_TYPE = 'data' which is not 'support_data'.
  hep_temp: Variable has DEPEND_1 = 'label_hep_temp' with VAR_TYPE = 'data' which is not 'support_data'.
PO_H0_TIM | CDF.DependPtrVarType.Invalid:
  Spins: Variable has DEPEND_1 = 'mass' with VAR_TYPE = 'data' which is not 'support_data'.
  Energy_status: Variable has DEPEND_1 = 'mass' with VAR_TYPE = 'data' which is not 'support_data'.
  PA_status: Variable has DEPEND_1 = 'mass' with VAR_TYPE = 'data' which is not 'support_data'.
  Quality: Variable has DEPEND_1 = 'mass' with VAR_TYPE = 'data' which is not 'support_data'.
PO_H1_TID | CDF.DependPtrVarType.Invalid:
  total_vel: Variable has DEPEND_1 = 'label_total_vel' with VAR_TYPE = 'data' which is not 'support_data'.
  total_temp: Variable has DEPEND_1 = 'label_total_temp' with VAR_TYPE = 'data' which is not 'support_data'.
PO_K0_HYD | CDF.DependPtrVarType.Invalid:
  SC_pos_gsm: Variable has DEPEND_1 = 'cartesian' with VAR_TYPE = 'data' which is not 'support_data'.
  SC_pos_gsmO: Variable has DEPEND_1 = 'cartesian' with VAR_TYPE = 'data' which is not 'support_data'.
  SC_pos_gsmV: Variable has DEPEND_1 = 'cartesian' with VAR_TYPE = 'data' which is not 'support_data'.
PO_K0_MFE | CDF.DependPtrVarType.Invalid:
  POS_GSE: Variable has DEPEND_1 = 'cartesian' with VAR_TYPE = 'data' which is not 'support_data'.
  POS_GSM: Variable has DEPEND_1 = 'cartesian' with VAR_TYPE = 'data' which is not 'support_data'.
  POS_SM: Variable has DEPEND_1 = 'cartesian' with VAR_TYPE = 'data' which is not 'support_data'.
  BSC: Variable has DEPEND_1 = 'cartesian' with VAR_TYPE = 'data' which is not 'support_data'.
  B_GSE: Variable has DEPEND_1 = 'cartesian' with VAR_TYPE = 'data' which is not 'support_data'.
  B_GSM: Variable has DEPEND_1 = 'cartesian' with VAR_TYPE = 'data' which is not 'support_data'.
  B_SM: Variable has DEPEND_1 = 'cartesian' with VAR_TYPE = 'data' which is not 'support_data'.
  MBCIGRF_GSE: Variable has DEPEND_1 = 'cartesian' with VAR_TYPE = 'data' which is not 'support_data'.
  MBCIGRF_GSM: Variable has DEPEND_1 = 'cartesian' with VAR_TYPE = 'data' which is not 'support_data'.
  MBCIGRF_SM: Variable has DEPEND_1 = 'cartesian' with VAR_TYPE = 'data' which is not 'support_data'.
  MBCTSYGSE: Variable has DEPEND_1 = 'cartesian' with VAR_TYPE = 'data' which is not 'support_data'.
  MBCTSYGSM: Variable has DEPEND_1 = 'cartesian' with VAR_TYPE = 'data' which is not 'support_data'.
  MBCTSYSM: Variable has DEPEND_1 = 'cartesian' with VAR_TYPE = 'data' which is not 'support_data'.
  N_FOOT_PRINT: Variable has DEPEND_1 = 'two_dims' with VAR_TYPE = 'data' which is not 'support_data'.
  S_FOOT_PRINT: Variable has DEPEND_1 = 'two_dims' with VAR_TYPE = 'data' which is not 'support_data'.
  POS_GSEV: Variable has DEPEND_1 = 'cartesian' with VAR_TYPE = 'data' which is not 'support_data'.
  POS_GSMV: Variable has DEPEND_1 = 'cartesian' with VAR_TYPE = 'data' which is not 'support_data'.
  POS_SMV: Variable has DEPEND_1 = 'cartesian' with VAR_TYPE = 'data' which is not 'support_data'.
PO_K0_UVI | CDF.DependPtrVarType.Invalid:
  GCI_POSITION: Variable has DEPEND_1 = 'cartesian' with VAR_TYPE = 'data' which is not 'support_data'.
  ATTITUDE: Variable has DEPEND_1 = 'cartesian' with VAR_TYPE = 'data' which is not 'support_data'.
  GCI_SUN: Variable has DEPEND_1 = 'cartesian' with VAR_TYPE = 'data' which is not 'support_data'.
  GCI_LOOK_DIR: Variable has DEPEND_1 = 'cartesian' with VAR_TYPE = 'data' which is not 'support_data'.
PO_K0_VIS | CDF.DependPtrVarType.Invalid:
  Filter: Variable has DEPEND_1 = 'unit_filter' with VAR_TYPE = 'data' which is not 'support_data'.
  SC_Pos_GCI: Variable has DEPEND_1 = 'norm_cart' with VAR_TYPE = 'data' which is not 'support_data'.
  SC_Vel_GCI: Variable has DEPEND_1 = 'norm_cart' with VAR_TYPE = 'data' which is not 'support_data'.
  SC_SpinV_GCI: Variable has DEPEND_1 = 'norm_cart' with VAR_TYPE = 'data' which is not 'support_data'.
PO_K1_VIS | CDF.DependPtrVarType.Invalid:
  Filter: Variable has DEPEND_1 = 'unit_filter' with VAR_TYPE = 'metadata' which is not 'support_data'.
  SC_Pos_GCI: Variable has DEPEND_1 = 'label_vector' with VAR_TYPE = 'data' which is not 'support_data'.
  SC_Vel_GCI: Variable has DEPEND_1 = 'label_vector' with VAR_TYPE = 'data' which is not 'support_data'.
  SC_SpinV_GCI: Variable has DEPEND_1 = 'norm_cart' with VAR_TYPE = 'data' which is not 'support_data'.
  Rotatn_Matrix:
    Variable has DEPEND_1 = 'matrx_columns' with VAR_TYPE = 'metadata' which is not 'support_data'.
    Variable has DEPEND_2 = 'norm_cart' with VAR_TYPE = 'metadata' which is not 'support_data'.
  Look_Dir_Vctr: Variable has DEPEND_1 = 'norm_cart' with VAR_TYPE = 'metadata' which is not 'support_data'.
  Sun_Vctr: Variable has DEPEND_1 = 'norm_cart' with VAR_TYPE = 'metadata' which is not 'support_data'.
  Headers: Variable has DEPEND_1 = 'hdr_fieldname' with VAR_TYPE = 'data' which is not 'support_data'.
PO_OR_DEF | CDF.DependPtrVarType.Invalid:
  GCI_POS: Variable has DEPEND_1 = 'cartesian' with VAR_TYPE = 'data' which is not 'support_data'.
  GCI_VEL: Variable has DEPEND_1 = 'cartesian' with VAR_TYPE = 'data' which is not 'support_data'.
  GSE_POS: Variable has DEPEND_1 = 'cartesian' with VAR_TYPE = 'data' which is not 'support_data'.
  GSE_VEL: Variable has DEPEND_1 = 'cartesian' with VAR_TYPE = 'data' which is not 'support_data'.
  GSM_POS: Variable has DEPEND_1 = 'cartesian' with VAR_TYPE = 'data' which is not 'support_data'.
  GSM_VEL: Variable has DEPEND_1 = 'cartesian' with VAR_TYPE = 'data' which is not 'support_data'.
  SUN_VECTOR: Variable has DEPEND_1 = 'cartesian' with VAR_TYPE = 'data' which is not 'support_data'.
  HEC_POS: Variable has DEPEND_1 = 'cartesian' with VAR_TYPE = 'data' which is not 'support_data'.
  HEC_VEL: Variable has DEPEND_1 = 'cartesian' with VAR_TYPE = 'data' which is not 'support_data'.
PO_OR_PRE | CDF.DependPtrVarType.Invalid:
  GCI_POS: Variable has DEPEND_1 = 'cartesian' with VAR_TYPE = 'data' which is not 'support_data'.
  GCI_POS_t: Variable has DEPEND_1 = 'cartesian' with VAR_TYPE = 'data' which is not 'support_data'.
  GCI_VEL: Variable has DEPEND_1 = 'cartesian' with VAR_TYPE = 'data' which is not 'support_data'.
  GSE_POS: Variable has DEPEND_1 = 'cartesian' with VAR_TYPE = 'data' which is not 'support_data'.
  GSE_POS_t: Variable has DEPEND_1 = 'cartesian' with VAR_TYPE = 'data' which is not 'support_data'.
  GSE_VEL: Variable has DEPEND_1 = 'cartesian' with VAR_TYPE = 'data' which is not 'support_data'.
  GSM_POS: Variable has DEPEND_1 = 'cartesian' with VAR_TYPE = 'data' which is not 'support_data'.
  GSM_POS_t: Variable has DEPEND_1 = 'cartesian' with VAR_TYPE = 'data' which is not 'support_data'.
  GSM_VEL: Variable has DEPEND_1 = 'cartesian' with VAR_TYPE = 'data' which is not 'support_data'.
  SUN_VECTOR: Variable has DEPEND_1 = 'cartesian' with VAR_TYPE = 'data' which is not 'support_data'.
  HEC_POS: Variable has DEPEND_1 = 'cartesian' with VAR_TYPE = 'data' which is not 'support_data'.
  HEC_POS_t: Variable has DEPEND_1 = 'cartesian' with VAR_TYPE = 'data' which is not 'support_data'.
  HEC_VEL: Variable has DEPEND_1 = 'cartesian' with VAR_TYPE = 'data' which is not 'support_data'.
PO_VIS_EARTH-CAMERA-CALIBRATED | CDF.DependPtrVarType.Invalid:
  SC_Pos_GCI: Variable has DEPEND_1 = 'label_vector' with VAR_TYPE = 'data' which is not 'support_data'.
  SC_Vel_GCI: Variable has DEPEND_1 = 'label_vector' with VAR_TYPE = 'data' which is not 'support_data'.
  SC_SpinV_GCI: Variable has DEPEND_1 = 'norm_cart' with VAR_TYPE = 'data' which is not 'support_data'.
PO_VIS_VISIBLE-IMAGER-CALIBRATED | CDF.DependPtrVarType.Invalid:
  Filter: Variable has DEPEND_1 = 'unit_filter' with VAR_TYPE = 'data' which is not 'support_data'.
  SC_Pos_GCI: Variable has DEPEND_1 = 'label_vector' with VAR_TYPE = 'data' which is not 'support_data'.
  SC_Vel_GCI: Variable has DEPEND_1 = 'label_vel_vctr' with VAR_TYPE = 'data' which is not 'support_data'.
  SC_SpinV_GCI: Variable has DEPEND_1 = 'norm_cart' with VAR_TYPE = 'data' which is not 'support_data'.
PSP_ISOIS-EPILO_L2-PE | CDF.DependPtrVarType.Invalid:
  HCI_ChanE: Variable has DEPEND_2 = 'label_dir_HCI' with VAR_TYPE = 'data' which is not 'support_data'.
  HCI_ChanF: Variable has DEPEND_2 = 'label_dir_HCI' with VAR_TYPE = 'data' which is not 'support_data'.
  HCI_ChanG: Variable has DEPEND_2 = 'label_dir_HCI' with VAR_TYPE = 'data' which is not 'support_data'.
  RTN_ChanE: Variable has DEPEND_2 = 'label_dir_RTN' with VAR_TYPE = 'data' which is not 'support_data'.
  RTN_ChanF: Variable has DEPEND_2 = 'label_dir_RTN' with VAR_TYPE = 'data' which is not 'support_data'.
  RTN_ChanG: Variable has DEPEND_2 = 'label_dir_RTN' with VAR_TYPE = 'data' which is not 'support_data'.
PSP_SWP_SPC_L2I | CDF.DependPtrVarType.Invalid:
  flow_angle: Variable has DEPEND_1 = 'SPC_FRAME' with VAR_TYPE = 'data' which is not 'support_data'.
RBSPA_REL03_ECT-MAGEIS-L2 | CDF.DependPtrVarType.Invalid:
  FPDU_Quality:
    Variable has DEPEND_1 = 'FPDU_LABL_2' with VAR_TYPE = 'data' which is not 'support_data'.
    Variable has DEPEND_2 = 'FPDU_LABL_1' with VAR_TYPE = 'data' which is not 'support_data'.
RBSPB_REL03_ECT-MAGEIS-L2 | CDF.DependPtrVarType.Invalid:
  FPDU_Quality:
    Variable has DEPEND_1 = 'FPDU_LABL_2' with VAR_TYPE = 'data' which is not 'support_data'.
    Variable has DEPEND_2 = 'FPDU_LABL_1' with VAR_TYPE = 'data' which is not 'support_data'.
SE_K0_MAG | CDF.DependPtrVarType.Invalid:
  B_HDZ: Variable has DEPEND_1 = 'HDZ_system' with VAR_TYPE = 'data' which is not 'support_data'.
SE_K0_RIO | CDF.DependPtrVarType.Invalid:
  Absorption: Variable has DEPEND_1 = 'label_1' with VAR_TYPE = 'data' which is not 'support_data'.
SO_K0_CEL | CDF.DependPtrVarType.Invalid:
  Heavy_ion_rate: Variable has DEPEND_1 = 'unit_energy' with VAR_TYPE = 'data' which is not 'support_data'.
SO_OR_DEF | CDF.DependPtrVarType.Invalid:
  GCI_POS: Variable has DEPEND_1 = 'cartesian' with VAR_TYPE = 'data' which is not 'support_data'.
  GCI_VEL: Variable has DEPEND_1 = 'cartesian' with VAR_TYPE = 'data' which is not 'support_data'.
  GSE_POS: Variable has DEPEND_1 = 'cartesian' with VAR_TYPE = 'data' which is not 'support_data'.
  GSE_VEL: Variable has DEPEND_1 = 'cartesian' with VAR_TYPE = 'data' which is not 'support_data'.
  GSM_POS: Variable has DEPEND_1 = 'cartesian' with VAR_TYPE = 'data' which is not 'support_data'.
  GSM_VEL: Variable has DEPEND_1 = 'cartesian' with VAR_TYPE = 'data' which is not 'support_data'.
  SUN_VECTOR: Variable has DEPEND_1 = 'cartesian' with VAR_TYPE = 'data' which is not 'support_data'.
  HEC_POS: Variable has DEPEND_1 = 'cartesian' with VAR_TYPE = 'data' which is not 'support_data'.
  HEC_VEL: Variable has DEPEND_1 = 'cartesian' with VAR_TYPE = 'data' which is not 'support_data'.
SO_OR_PRE | CDF.DependPtrVarType.Invalid:
  GCI_POS: Variable has DEPEND_1 = 'cartesian' with VAR_TYPE = 'data' which is not 'support_data'.
  GCI_VEL: Variable has DEPEND_1 = 'cartesian' with VAR_TYPE = 'data' which is not 'support_data'.
  GSE_POS: Variable has DEPEND_1 = 'cartesian' with VAR_TYPE = 'data' which is not 'support_data'.
  GSE_VEL: Variable has DEPEND_1 = 'cartesian' with VAR_TYPE = 'data' which is not 'support_data'.
  GSM_POS: Variable has DEPEND_1 = 'cartesian' with VAR_TYPE = 'data' which is not 'support_data'.
  GSM_VEL: Variable has DEPEND_1 = 'cartesian' with VAR_TYPE = 'data' which is not 'support_data'.
  SUN_VECTOR: Variable has DEPEND_1 = 'cartesian' with VAR_TYPE = 'data' which is not 'support_data'.
  HEC_POS: Variable has DEPEND_1 = 'cartesian' with VAR_TYPE = 'data' which is not 'support_data'.
  HEC_VEL: Variable has DEPEND_1 = 'cartesian' with VAR_TYPE = 'data' which is not 'support_data'.
STA_L1_MAGB_RTN | CDF.DependPtrVarType.Invalid:
  BFIELD: Variable has DEPEND_1 = 'CART_LABL_1' with VAR_TYPE = 'data' which is not 'support_data'.
STA_L1_MAGB_SC | CDF.DependPtrVarType.Invalid:
  BFIELD: Variable has DEPEND_1 = 'CART_LABL_1' with VAR_TYPE = 'data' which is not 'support_data'.
STA_L1_MAG_RTN | CDF.DependPtrVarType.Invalid:
  BFIELD: Variable has DEPEND_1 = 'CART_LABL_1' with VAR_TYPE = 'data' which is not 'support_data'.
STA_L1_MAG_SC | CDF.DependPtrVarType.Invalid:
  BFIELD: Variable has DEPEND_1 = 'CART_LABL_1' with VAR_TYPE = 'data' which is not 'support_data'.
STA_LB_IMPACT | CDF.DependPtrVarType.Invalid:
  MAGBField: Variable has DEPEND_1 = 'label_B_STAHGRTN' with VAR_TYPE = 'data' which is not 'support_data'.
  Ve: Variable has DEPEND_1 = 'Ve_LABL_1' with VAR_TYPE = 'ignore_data' which is not 'support_data'.
  Pe: Variable has DEPEND_1 = 'Pe_LABL_1' with VAR_TYPE = 'ignore_data' which is not 'support_data'.
  He: Variable has DEPEND_1 = 'He_LABL_1' with VAR_TYPE = 'ignore_data' which is not 'support_data'.
STA_LB_MAG_RTN | CDF.DependPtrVarType.Invalid:
  BFIELD: Variable has DEPEND_1 = 'CART_LABL_1' with VAR_TYPE = 'data' which is not 'support_data'.
STB_L1_MAGB_RTN | CDF.DependPtrVarType.Invalid:
  BFIELD: Variable has DEPEND_1 = 'CART_LABL_1' with VAR_TYPE = 'data' which is not 'support_data'.
STB_L1_MAGB_SC | CDF.DependPtrVarType.Invalid:
  BFIELD: Variable has DEPEND_1 = 'CART_LABL_1' with VAR_TYPE = 'data' which is not 'support_data'.
STB_L1_MAG_RTN | CDF.DependPtrVarType.Invalid:
  BFIELD: Variable has DEPEND_1 = 'CART_LABL_1' with VAR_TYPE = 'data' which is not 'support_data'.
STB_L1_MAG_SC | CDF.DependPtrVarType.Invalid:
  BFIELD: Variable has DEPEND_1 = 'CART_LABL_1' with VAR_TYPE = 'data' which is not 'support_data'.
STB_LB_IMPACT | CDF.DependPtrVarType.Invalid:
  MAGBField: Variable has DEPEND_1 = 'label_B_STAHGRTN' with VAR_TYPE = 'data' which is not 'support_data'.
  Ve: Variable has DEPEND_1 = 'Ve_LABL_1' with VAR_TYPE = 'ignore_data' which is not 'support_data'.
  Pe: Variable has DEPEND_1 = 'Pe_LABL_1' with VAR_TYPE = 'ignore_data' which is not 'support_data'.
  He: Variable has DEPEND_1 = 'He_LABL_1' with VAR_TYPE = 'ignore_data' which is not 'support_data'.
SX_K0_30F | CDF.DependPtrVarType.Invalid:
  geo_POS: Variable has DEPEND_1 = 'label_geogrpos' with VAR_TYPE = 'data' which is not 'support_data'.
  gei_pos: Variable has DEPEND_1 = 'label_gei' with VAR_TYPE = 'data' which is not 'support_data'.
  gei_vel: Variable has DEPEND_1 = 'label_vgei' with VAR_TYPE = 'data' which is not 'support_data'.
  ecd_pos: Variable has DEPEND_1 = 'label_ecd' with VAR_TYPE = 'data' which is not 'support_data'.
  b_vect_gei: Variable has DEPEND_1 = 'label_bgei' with VAR_TYPE = 'data' which is not 'support_data'.
  b_vect_geogr: Variable has DEPEND_1 = 'label_bgeogr' with VAR_TYPE = 'data' which is not 'support_data'.
  dipole_mom: Variable has DEPEND_1 = 'label_dipole' with VAR_TYPE = 'data' which is not 'support_data'.
  dipole_displace: Variable has DEPEND_1 = 'label_displace' with VAR_TYPE = 'data' which is not 'support_data'.
  mirror_point: Variable has DEPEND_1 = 'label_mirror' with VAR_TYPE = 'data' which is not 'support_data'.
  mag_equator: Variable has DEPEND_1 = 'label_4element' with VAR_TYPE = 'data' which is not 'support_data'.
  N_mirror_params: Variable has DEPEND_1 = 'label_4element' with VAR_TYPE = 'data' which is not 'support_data'.
  S_mirror_params: Variable has DEPEND_1 = 'label_4element' with VAR_TYPE = 'data' which is not 'support_data'.
SX_K0_POF | CDF.DependPtrVarType.Invalid:
  lica_flag: Variable has DEPEND_1 = 'label_LICAflg' with VAR_TYPE = 'data' which is not 'support_data'.
  HILT_flag: Variable has DEPEND_1 = 'label_HILTflg' with VAR_TYPE = 'data' which is not 'support_data'.
  MAST_flag: Variable has DEPEND_1 = 'label_MASTflg' with VAR_TYPE = 'data' which is not 'support_data'.
  PET_flag: Variable has DEPEND_1 = 'label_PETflg' with VAR_TYPE = 'data' which is not 'support_data'.
THAPRED_OR_SSC | CDF.DependPtrVarType.Invalid:
  XYZ_GSE: Variable has DEPEND_1 = 'cartesian' with VAR_TYPE = 'data' which is not 'support_data'.
  XYZ_GSEO: Variable has DEPEND_1 = 'cartesian' with VAR_TYPE = 'data' which is not 'support_data'.
  XYZ_GSM: Variable has DEPEND_1 = 'cartesian' with VAR_TYPE = 'data' which is not 'support_data'.
  XYZ_GSMO: Variable has DEPEND_1 = 'cartesian' with VAR_TYPE = 'data' which is not 'support_data'.
  XYZ_SM: Variable has DEPEND_1 = 'cartesian' with VAR_TYPE = 'data' which is not 'support_data'.
  XYZ_SMO: Variable has DEPEND_1 = 'cartesian' with VAR_TYPE = 'data' which is not 'support_data'.
  XYZ_GEO: Variable has DEPEND_1 = 'cartesian' with VAR_TYPE = 'data' which is not 'support_data'.
  XYZ_GEOO: Variable has DEPEND_1 = 'cartesian' with VAR_TYPE = 'data' which is not 'support_data'.
  XYZ_GM: Variable has DEPEND_1 = 'cartesian' with VAR_TYPE = 'data' which is not 'support_data'.
  XYZ_GMO: Variable has DEPEND_1 = 'cartesian' with VAR_TYPE = 'data' which is not 'support_data'.
THA_OR_SSC | CDF.DependPtrVarType.Invalid:
  XYZ_GSE: Variable has DEPEND_1 = 'cartesian' with VAR_TYPE = 'data' which is not 'support_data'.
  XYZ_GSEO: Variable has DEPEND_1 = 'cartesian' with VAR_TYPE = 'data' which is not 'support_data'.
  XYZ_GSM: Variable has DEPEND_1 = 'cartesian' with VAR_TYPE = 'data' which is not 'support_data'.
  XYZ_GSMO: Variable has DEPEND_1 = 'cartesian' with VAR_TYPE = 'data' which is not 'support_data'.
  XYZ_SM: Variable has DEPEND_1 = 'cartesian' with VAR_TYPE = 'data' which is not 'support_data'.
  XYZ_SMO: Variable has DEPEND_1 = 'cartesian' with VAR_TYPE = 'data' which is not 'support_data'.
  XYZ_GEO: Variable has DEPEND_1 = 'cartesian' with VAR_TYPE = 'data' which is not 'support_data'.
  XYZ_GEOO: Variable has DEPEND_1 = 'cartesian' with VAR_TYPE = 'data' which is not 'support_data'.
  XYZ_GM: Variable has DEPEND_1 = 'cartesian' with VAR_TYPE = 'data' which is not 'support_data'.
  XYZ_GMO: Variable has DEPEND_1 = 'cartesian' with VAR_TYPE = 'data' which is not 'support_data'.
THBPRED_OR_SSC | CDF.DependPtrVarType.Invalid:
  XYZ_GSE: Variable has DEPEND_1 = 'cartesian' with VAR_TYPE = 'data' which is not 'support_data'.
  XYZ_GSEO: Variable has DEPEND_1 = 'cartesian' with VAR_TYPE = 'data' which is not 'support_data'.
  XYZ_GSM: Variable has DEPEND_1 = 'cartesian' with VAR_TYPE = 'data' which is not 'support_data'.
  XYZ_GSMO: Variable has DEPEND_1 = 'cartesian' with VAR_TYPE = 'data' which is not 'support_data'.
  XYZ_SM: Variable has DEPEND_1 = 'cartesian' with VAR_TYPE = 'data' which is not 'support_data'.
  XYZ_SMO: Variable has DEPEND_1 = 'cartesian' with VAR_TYPE = 'data' which is not 'support_data'.
  XYZ_GEO: Variable has DEPEND_1 = 'cartesian' with VAR_TYPE = 'data' which is not 'support_data'.
  XYZ_GEOO: Variable has DEPEND_1 = 'cartesian' with VAR_TYPE = 'data' which is not 'support_data'.
  XYZ_GM: Variable has DEPEND_1 = 'cartesian' with VAR_TYPE = 'data' which is not 'support_data'.
  XYZ_GMO: Variable has DEPEND_1 = 'cartesian' with VAR_TYPE = 'data' which is not 'support_data'.
THB_L2_MERGED | CDF.DependPtrVarType.Invalid:
  XYZ_GSE: Variable has DEPEND_1 = 'cartesian' with VAR_TYPE = 'data' which is not 'support_data'.
  XYZ_SSE: Variable has DEPEND_1 = 'cartesian' with VAR_TYPE = 'data' which is not 'support_data'.
THB_OR_SSC | CDF.DependPtrVarType.Invalid:
  XYZ_GSE: Variable has DEPEND_1 = 'cartesian' with VAR_TYPE = 'data' which is not 'support_data'.
  XYZ_GSEO: Variable has DEPEND_1 = 'cartesian' with VAR_TYPE = 'data' which is not 'support_data'.
  XYZ_GSM: Variable has DEPEND_1 = 'cartesian' with VAR_TYPE = 'data' which is not 'support_data'.
  XYZ_GSMO: Variable has DEPEND_1 = 'cartesian' with VAR_TYPE = 'data' which is not 'support_data'.
  XYZ_SM: Variable has DEPEND_1 = 'cartesian' with VAR_TYPE = 'data' which is not 'support_data'.
  XYZ_SMO: Variable has DEPEND_1 = 'cartesian' with VAR_TYPE = 'data' which is not 'support_data'.
  XYZ_GEO: Variable has DEPEND_1 = 'cartesian' with VAR_TYPE = 'data' which is not 'support_data'.
  XYZ_GEOO: Variable has DEPEND_1 = 'cartesian' with VAR_TYPE = 'data' which is not 'support_data'.
  XYZ_GM: Variable has DEPEND_1 = 'cartesian' with VAR_TYPE = 'data' which is not 'support_data'.
  XYZ_GMO: Variable has DEPEND_1 = 'cartesian' with VAR_TYPE = 'data' which is not 'support_data'.
THCPRED_OR_SSC | CDF.DependPtrVarType.Invalid:
  XYZ_GSE: Variable has DEPEND_1 = 'cartesian' with VAR_TYPE = 'data' which is not 'support_data'.
  XYZ_GSEO: Variable has DEPEND_1 = 'cartesian' with VAR_TYPE = 'data' which is not 'support_data'.
  XYZ_GSM: Variable has DEPEND_1 = 'cartesian' with VAR_TYPE = 'data' which is not 'support_data'.
  XYZ_GSMO: Variable has DEPEND_1 = 'cartesian' with VAR_TYPE = 'data' which is not 'support_data'.
  XYZ_SM: Variable has DEPEND_1 = 'cartesian' with VAR_TYPE = 'data' which is not 'support_data'.
  XYZ_SMO: Variable has DEPEND_1 = 'cartesian' with VAR_TYPE = 'data' which is not 'support_data'.
  XYZ_GEO: Variable has DEPEND_1 = 'cartesian' with VAR_TYPE = 'data' which is not 'support_data'.
  XYZ_GEOO: Variable has DEPEND_1 = 'cartesian' with VAR_TYPE = 'data' which is not 'support_data'.
  XYZ_GM: Variable has DEPEND_1 = 'cartesian' with VAR_TYPE = 'data' which is not 'support_data'.
  XYZ_GMO: Variable has DEPEND_1 = 'cartesian' with VAR_TYPE = 'data' which is not 'support_data'.
THC_L2_MERGED | CDF.DependPtrVarType.Invalid:
  XYZ_GSE: Variable has DEPEND_1 = 'cartesian' with VAR_TYPE = 'data' which is not 'support_data'.
  XYZ_SSE: Variable has DEPEND_1 = 'cartesian' with VAR_TYPE = 'data' which is not 'support_data'.
THC_OR_SSC | CDF.DependPtrVarType.Invalid:
  XYZ_GSE: Variable has DEPEND_1 = 'cartesian' with VAR_TYPE = 'data' which is not 'support_data'.
  XYZ_GSEO: Variable has DEPEND_1 = 'cartesian' with VAR_TYPE = 'data' which is not 'support_data'.
  XYZ_GSM: Variable has DEPEND_1 = 'cartesian' with VAR_TYPE = 'data' which is not 'support_data'.
  XYZ_GSMO: Variable has DEPEND_1 = 'cartesian' with VAR_TYPE = 'data' which is not 'support_data'.
  XYZ_SM: Variable has DEPEND_1 = 'cartesian' with VAR_TYPE = 'data' which is not 'support_data'.
  XYZ_SMO: Variable has DEPEND_1 = 'cartesian' with VAR_TYPE = 'data' which is not 'support_data'.
  XYZ_GEO: Variable has DEPEND_1 = 'cartesian' with VAR_TYPE = 'data' which is not 'support_data'.
  XYZ_GEOO: Variable has DEPEND_1 = 'cartesian' with VAR_TYPE = 'data' which is not 'support_data'.
  XYZ_GM: Variable has DEPEND_1 = 'cartesian' with VAR_TYPE = 'data' which is not 'support_data'.
  XYZ_GMO: Variable has DEPEND_1 = 'cartesian' with VAR_TYPE = 'data' which is not 'support_data'.
THDPRED_OR_SSC | CDF.DependPtrVarType.Invalid:
  XYZ_GSE: Variable has DEPEND_1 = 'cartesian' with VAR_TYPE = 'data' which is not 'support_data'.
  XYZ_GSEO: Variable has DEPEND_1 = 'cartesian' with VAR_TYPE = 'data' which is not 'support_data'.
  XYZ_GSM: Variable has DEPEND_1 = 'cartesian' with VAR_TYPE = 'data' which is not 'support_data'.
  XYZ_GSMO: Variable has DEPEND_1 = 'cartesian' with VAR_TYPE = 'data' which is not 'support_data'.
  XYZ_SM: Variable has DEPEND_1 = 'cartesian' with VAR_TYPE = 'data' which is not 'support_data'.
  XYZ_SMO: Variable has DEPEND_1 = 'cartesian' with VAR_TYPE = 'data' which is not 'support_data'.
  XYZ_GEO: Variable has DEPEND_1 = 'cartesian' with VAR_TYPE = 'data' which is not 'support_data'.
  XYZ_GEOO: Variable has DEPEND_1 = 'cartesian' with VAR_TYPE = 'data' which is not 'support_data'.
  XYZ_GM: Variable has DEPEND_1 = 'cartesian' with VAR_TYPE = 'data' which is not 'support_data'.
  XYZ_GMO: Variable has DEPEND_1 = 'cartesian' with VAR_TYPE = 'data' which is not 'support_data'.
THD_OR_SSC | CDF.DependPtrVarType.Invalid:
  XYZ_GSE: Variable has DEPEND_1 = 'cartesian' with VAR_TYPE = 'data' which is not 'support_data'.
  XYZ_GSEO: Variable has DEPEND_1 = 'cartesian' with VAR_TYPE = 'data' which is not 'support_data'.
  XYZ_GSM: Variable has DEPEND_1 = 'cartesian' with VAR_TYPE = 'data' which is not 'support_data'.
  XYZ_GSMO: Variable has DEPEND_1 = 'cartesian' with VAR_TYPE = 'data' which is not 'support_data'.
  XYZ_SM: Variable has DEPEND_1 = 'cartesian' with VAR_TYPE = 'data' which is not 'support_data'.
  XYZ_SMO: Variable has DEPEND_1 = 'cartesian' with VAR_TYPE = 'data' which is not 'support_data'.
  XYZ_GEO: Variable has DEPEND_1 = 'cartesian' with VAR_TYPE = 'data' which is not 'support_data'.
  XYZ_GEOO: Variable has DEPEND_1 = 'cartesian' with VAR_TYPE = 'data' which is not 'support_data'.
  XYZ_GM: Variable has DEPEND_1 = 'cartesian' with VAR_TYPE = 'data' which is not 'support_data'.
  XYZ_GMO: Variable has DEPEND_1 = 'cartesian' with VAR_TYPE = 'data' which is not 'support_data'.
THEPRED_OR_SSC | CDF.DependPtrVarType.Invalid:
  XYZ_GSE: Variable has DEPEND_1 = 'cartesian' with VAR_TYPE = 'data' which is not 'support_data'.
  XYZ_GSEO: Variable has DEPEND_1 = 'cartesian' with VAR_TYPE = 'data' which is not 'support_data'.
  XYZ_GSM: Variable has DEPEND_1 = 'cartesian' with VAR_TYPE = 'data' which is not 'support_data'.
  XYZ_GSMO: Variable has DEPEND_1 = 'cartesian' with VAR_TYPE = 'data' which is not 'support_data'.
  XYZ_SM: Variable has DEPEND_1 = 'cartesian' with VAR_TYPE = 'data' which is not 'support_data'.
  XYZ_SMO: Variable has DEPEND_1 = 'cartesian' with VAR_TYPE = 'data' which is not 'support_data'.
  XYZ_GEO: Variable has DEPEND_1 = 'cartesian' with VAR_TYPE = 'data' which is not 'support_data'.
  XYZ_GEOO: Variable has DEPEND_1 = 'cartesian' with VAR_TYPE = 'data' which is not 'support_data'.
  XYZ_GM: Variable has DEPEND_1 = 'cartesian' with VAR_TYPE = 'data' which is not 'support_data'.
  XYZ_GMO: Variable has DEPEND_1 = 'cartesian' with VAR_TYPE = 'data' which is not 'support_data'.
THE_OR_SSC | CDF.DependPtrVarType.Invalid:
  XYZ_GSE: Variable has DEPEND_1 = 'cartesian' with VAR_TYPE = 'data' which is not 'support_data'.
  XYZ_GSEO: Variable has DEPEND_1 = 'cartesian' with VAR_TYPE = 'data' which is not 'support_data'.
  XYZ_GSM: Variable has DEPEND_1 = 'cartesian' with VAR_TYPE = 'data' which is not 'support_data'.
  XYZ_GSMO: Variable has DEPEND_1 = 'cartesian' with VAR_TYPE = 'data' which is not 'support_data'.
  XYZ_SM: Variable has DEPEND_1 = 'cartesian' with VAR_TYPE = 'data' which is not 'support_data'.
  XYZ_SMO: Variable has DEPEND_1 = 'cartesian' with VAR_TYPE = 'data' which is not 'support_data'.
  XYZ_GEO: Variable has DEPEND_1 = 'cartesian' with VAR_TYPE = 'data' which is not 'support_data'.
  XYZ_GEOO: Variable has DEPEND_1 = 'cartesian' with VAR_TYPE = 'data' which is not 'support_data'.
  XYZ_GM: Variable has DEPEND_1 = 'cartesian' with VAR_TYPE = 'data' which is not 'support_data'.
  XYZ_GMO: Variable has DEPEND_1 = 'cartesian' with VAR_TYPE = 'data' which is not 'support_data'.
TWINS1_AT_DEF | CDF.DependPtrVarType.Invalid:
  FPOLARPOINTECI: Variable has DEPEND_1 = 'cartesian' with VAR_TYPE = 'data' which is not 'support_data'.
  FAZIMUTHALPOINTECI: Variable has DEPEND_1 = 'cartesian' with VAR_TYPE = 'data' which is not 'support_data'.
TWINS1_OR_DEF | CDF.DependPtrVarType.Invalid:
  FSCECI: Variable has DEPEND_1 = 'cartesian' with VAR_TYPE = 'data' which is not 'support_data'.
  FSCECI_O: Variable has DEPEND_1 = 'cartesian' with VAR_TYPE = 'data' which is not 'support_data'.
  FSCGEO: Variable has DEPEND_1 = 'cartesian' with VAR_TYPE = 'data' which is not 'support_data'.
  FSCGEO_O: Variable has DEPEND_1 = 'cartesian' with VAR_TYPE = 'data' which is not 'support_data'.
  FSCGSM: Variable has DEPEND_1 = 'cartesian' with VAR_TYPE = 'data' which is not 'support_data'.
  FSCGSM_O: Variable has DEPEND_1 = 'cartesian' with VAR_TYPE = 'data' which is not 'support_data'.
  FSCECD: Variable has DEPEND_1 = 'cartesian' with VAR_TYPE = 'data' which is not 'support_data'.
  FSUNECI: Variable has DEPEND_1 = 'cartesian' with VAR_TYPE = 'data' which is not 'support_data'.
  FBECI: Variable has DEPEND_1 = 'cartesian' with VAR_TYPE = 'data' which is not 'support_data'.
  FMIRRORGSM: Variable has DEPEND_1 = 'cartesian' with VAR_TYPE = 'data' which is not 'support_data'.
  FEQUATORIALGSM: Variable has DEPEND_1 = 'cartesian' with VAR_TYPE = 'data' which is not 'support_data'.
  FNORTH100KMGSM: Variable has DEPEND_1 = 'cartesian' with VAR_TYPE = 'data' which is not 'support_data'.
  FSOUTH100KMGSM: Variable has DEPEND_1 = 'cartesian' with VAR_TYPE = 'data' which is not 'support_data'.
  FDIPOLEOFFSET: Variable has DEPEND_1 = 'cartesian' with VAR_TYPE = 'data' which is not 'support_data'.
TWINS2_AT_DEF | CDF.DependPtrVarType.Invalid:
  FPOLARPOINTECI: Variable has DEPEND_1 = 'cartesian' with VAR_TYPE = 'data' which is not 'support_data'.
  FAZIMUTHALPOINTECI: Variable has DEPEND_1 = 'cartesian' with VAR_TYPE = 'data' which is not 'support_data'.
TWINS2_OR_DEF | CDF.DependPtrVarType.Invalid:
  FSCECI: Variable has DEPEND_1 = 'cartesian' with VAR_TYPE = 'data' which is not 'support_data'.
  FSCECI_O: Variable has DEPEND_1 = 'cartesian' with VAR_TYPE = 'data' which is not 'support_data'.
  FSCGEO: Variable has DEPEND_1 = 'cartesian' with VAR_TYPE = 'data' which is not 'support_data'.
  FSCGEO_O: Variable has DEPEND_1 = 'cartesian' with VAR_TYPE = 'data' which is not 'support_data'.
  FSCGSM: Variable has DEPEND_1 = 'cartesian' with VAR_TYPE = 'data' which is not 'support_data'.
  FSCGSM_O: Variable has DEPEND_1 = 'cartesian' with VAR_TYPE = 'data' which is not 'support_data'.
  FSCECD: Variable has DEPEND_1 = 'cartesian' with VAR_TYPE = 'data' which is not 'support_data'.
  FSUNECI: Variable has DEPEND_1 = 'cartesian' with VAR_TYPE = 'data' which is not 'support_data'.
  FBECI: Variable has DEPEND_1 = 'cartesian' with VAR_TYPE = 'data' which is not 'support_data'.
  FMIRRORGSM: Variable has DEPEND_1 = 'cartesian' with VAR_TYPE = 'data' which is not 'support_data'.
  FEQUATORIALGSM: Variable has DEPEND_1 = 'cartesian' with VAR_TYPE = 'data' which is not 'support_data'.
  FNORTH100KMGSM: Variable has DEPEND_1 = 'cartesian' with VAR_TYPE = 'data' which is not 'support_data'.
  FSOUTH100KMGSM: Variable has DEPEND_1 = 'cartesian' with VAR_TYPE = 'data' which is not 'support_data'.
  FDIPOLEOFFSET: Variable has DEPEND_1 = 'cartesian' with VAR_TYPE = 'data' which is not 'support_data'.
UY_1MIN_VHM | CDF.DependPtrVarType.Invalid:
  B_RTN: Variable has DEPEND_1 = 'B_RTN_labels' with VAR_TYPE = 'data' which is not 'support_data'.
UY_1SEC_VHM | CDF.DependPtrVarType.Invalid:
  B_RTN: Variable has DEPEND_1 = 'B_RTN_labels' with VAR_TYPE = 'data' which is not 'support_data'.
UY_M0_AT1 | CDF.DependPtrVarType.Invalid:
  Z_ge_1: Variable has DEPEND_1 = 'Zge1_labels' with VAR_TYPE = 'data' which is not 'support_data'.
  Protons: Variable has DEPEND_1 = 'Proton_labels' with VAR_TYPE = 'data' which is not 'support_data'.
  Zge1_sectors: Variable has DEPEND_1 = 'Zge1_sectors_labels' with VAR_TYPE = 'data' which is not 'support_data'.
  Z_ge_2: Variable has DEPEND_1 = 'Zge2_labels' with VAR_TYPE = 'data' which is not 'support_data'.
UY_M0_AT2 | CDF.DependPtrVarType.Invalid:
  Z_ge_1: Variable has DEPEND_1 = 'Zge1_labels' with VAR_TYPE = 'data' which is not 'support_data'.
  Protons: Variable has DEPEND_1 = 'Proton_labels' with VAR_TYPE = 'data' which is not 'support_data'.
  Zge1_sectors: Variable has DEPEND_1 = 'Zge1_sectors_labels' with VAR_TYPE = 'data' which is not 'support_data'.
  Z_ge_2: Variable has DEPEND_1 = 'Zge2_labels' with VAR_TYPE = 'data' which is not 'support_data'.
UY_M0_BAE | CDF.DependPtrVarType.Invalid:
  Density: Variable has DEPEND_1 = 'Density_labels' with VAR_TYPE = 'data' which is not 'support_data'.
  Temperature: Variable has DEPEND_1 = 'Temp_labels' with VAR_TYPE = 'data' which is not 'support_data'.
UY_M0_BAI | CDF.DependPtrVarType.Invalid:
  Density: Variable has DEPEND_1 = 'Density_labels' with VAR_TYPE = 'data' which is not 'support_data'.
  Temperature: Variable has DEPEND_1 = 'Temp_labels' with VAR_TYPE = 'data' which is not 'support_data'.
  Velocity: Variable has DEPEND_1 = 'Velocity_labels' with VAR_TYPE = 'data' which is not 'support_data'.
UY_M0_HET | CDF.DependPtrVarType.Invalid:
  Protons: Variable has DEPEND_1 = 'Proton_labels' with VAR_TYPE = 'data' which is not 'support_data'.
  Electrons: Variable has DEPEND_1 = 'Electron_labels' with VAR_TYPE = 'data' which is not 'support_data'.
  Z_ge_3: Variable has DEPEND_1 = 'Z_ge_3_labels' with VAR_TYPE = 'data' which is not 'support_data'.
UY_M0_HFT | CDF.DependPtrVarType.Invalid:
  F1J_protons: Variable has DEPEND_1 = 'F1J_proton_labels' with VAR_TYPE = 'data' which is not 'support_data'.
  F1J_helium: Variable has DEPEND_1 = 'F1J_helium_labels' with VAR_TYPE = 'data' which is not 'support_data'.
  F1J_oxygen: Variable has DEPEND_1 = 'F1J_oxygen_labels' with VAR_TYPE = 'data' which is not 'support_data'.
  F2_protons: Variable has DEPEND_1 = 'F2_proton_labels' with VAR_TYPE = 'data' which is not 'support_data'.
UY_M0_KET | CDF.DependPtrVarType.Invalid:
  Proton_sectors: Variable has DEPEND_1 = 'Proton_sector_labels' with VAR_TYPE = 'data' which is not 'support_data'.
  HiE_protons: Variable has DEPEND_1 = 'HiE_proton_labels' with VAR_TYPE = 'data' which is not 'support_data'.
  Helium: Variable has DEPEND_1 = 'Helium_labels' with VAR_TYPE = 'data' which is not 'support_data'.
  Electron_sectors: Variable has DEPEND_1 = 'Electron_sector_labels' with VAR_TYPE = 'data' which is not 'support_data'.
  Electrons: Variable has DEPEND_1 = 'Electron_labels' with VAR_TYPE = 'data' which is not 'support_data'.
  Single_detector: Variable has DEPEND_1 = 'Single_detector_labels' with VAR_TYPE = 'data' which is not 'support_data'.
UY_M0_LET | CDF.DependPtrVarType.Invalid:
  LowE_protons: Variable has DEPEND_1 = 'LowE_proton_labels' with VAR_TYPE = 'data' which is not 'support_data'.
  LowE_proton_sectors: Variable has DEPEND_1 = 'LowE_proton_sectors_labels' with VAR_TYPE = 'data' which is not 'support_data'.
  MidE_proton_sectors: Variable has DEPEND_1 = 'MidE_proton_sectors_labels' with VAR_TYPE = 'data' which is not 'support_data'.
  Alphas: Variable has DEPEND_1 = 'Alpha_labels' with VAR_TYPE = 'data' which is not 'support_data'.
  Li_Be_B: Variable has DEPEND_1 = 'Li_Be_B_labels' with VAR_TYPE = 'data' which is not 'support_data'.
  C_N_O: Variable has DEPEND_1 = 'C_N_O_labels' with VAR_TYPE = 'data' which is not 'support_data'.
  Single_detector_rates: Variable has DEPEND_1 = 'Single_detector_rate_labels' with VAR_TYPE = 'data' which is not 'support_data'.
UY_M1_BAI | CDF.DependPtrVarType.Invalid:
  Density: Variable has DEPEND_1 = 'Density_labels' with VAR_TYPE = 'data' which is not 'support_data'.
  Temperature: Variable has DEPEND_1 = 'Temp_labels' with VAR_TYPE = 'data' which is not 'support_data'.
  Velocity: Variable has DEPEND_1 = 'Velocity_labels' with VAR_TYPE = 'data' which is not 'support_data'.
UY_M1_EPA | CDF.DependPtrVarType.Invalid:
  Omni_Protons: Variable has DEPEND_1 = 'Tel_lab_p_0p5' with VAR_TYPE = 'data' which is not 'support_data'.
  PRTL2_sectors: Variable has DEPEND_1 = 'Tel2_proton_sector_labels' with VAR_TYPE = 'data' which is not 'support_data'.
  PRTL3_sectors: Variable has DEPEND_1 = 'Tel3_proton_sector_labels' with VAR_TYPE = 'data' which is not 'support_data'.
  LowE_Electrons: Variable has DEPEND_1 = 'Tel_lab_e_0p1' with VAR_TYPE = 'data' which is not 'support_data'.
  HiE_Electrons: Variable has DEPEND_1 = 'Tel_lab_e_gt180' with VAR_TYPE = 'data' which is not 'support_data'.
  Event_rate: Variable has DEPEND_1 = 'Event_rate_labels' with VAR_TYPE = 'data' which is not 'support_data'.
  PSTL1:
    Variable has DEPEND_1 = 'PS_channels' with VAR_TYPE = 'data' which is not 'support_data'.
    Variable has DEPEND_2 = 'PS_sectors' with VAR_TYPE = 'data' which is not 'support_data'.
  PSTL2:
    Variable has DEPEND_1 = 'PS_channels' with VAR_TYPE = 'data' which is not 'support_data'.
    Variable has DEPEND_2 = 'PS_sectors' with VAR_TYPE = 'data' which is not 'support_data'.
  PSTL3:
    Variable has DEPEND_1 = 'PS_channels' with VAR_TYPE = 'data' which is not 'support_data'.
    Variable has DEPEND_2 = 'PS_sectors' with VAR_TYPE = 'data' which is not 'support_data'.
  PSTL4:
    Variable has DEPEND_1 = 'PS_channels' with VAR_TYPE = 'data' which is not 'support_data'.
    Variable has DEPEND_2 = 'PS_sectors' with VAR_TYPE = 'data' which is not 'support_data'.
UY_M1_LF15 | CDF.DependPtrVarType.Invalid:
  Electrons: Variable has DEPEND_1 = 'Electron_labels' with VAR_TYPE = 'data' which is not 'support_data'.
  Ions: Variable has DEPEND_1 = 'Ion_labels' with VAR_TYPE = 'data' which is not 'support_data'.
UY_M1_LF60 | CDF.DependPtrVarType.Invalid:
  Electrons: Variable has DEPEND_1 = 'Electron_labels' with VAR_TYPE = 'data' which is not 'support_data'.
  Ions: Variable has DEPEND_1 = 'Ion_labels' with VAR_TYPE = 'data' which is not 'support_data'.
UY_M1_LM12 | CDF.DependPtrVarType.Invalid:
  Ions: Variable has DEPEND_1 = 'Ion_labels' with VAR_TYPE = 'data' which is not 'support_data'.
UY_M1_LM30 | CDF.DependPtrVarType.Invalid:
  Ions: Variable has DEPEND_1 = 'Ion_labels' with VAR_TYPE = 'data' which is not 'support_data'.
UY_M1_LMDE | CDF.DependPtrVarType.Invalid:
  Electrons: Variable has DEPEND_1 = 'Electron_labels' with VAR_TYPE = 'data' which is not 'support_data'.
UY_M1_SWI | CDF.DependPtrVarType.Invalid:
  Density: Variable has DEPEND_1 = 'Labels' with VAR_TYPE = 'data' which is not 'support_data'.
  Velocity: Variable has DEPEND_1 = 'Labels' with VAR_TYPE = 'data' which is not 'support_data'.
  Temperature: Variable has DEPEND_1 = 'Labels' with VAR_TYPE = 'data' which is not 'support_data'.
UY_M1_VHM | CDF.DependPtrVarType.Invalid:
  B_RTN: Variable has DEPEND_1 = 'B_RTN_labels' with VAR_TYPE = 'data' which is not 'support_data'.
UY_M1_WART | CDF.DependPtrVarType.Invalid:
  Protons: Variable has DEPEND_1 = 'Proton_labels' with VAR_TYPE = 'data' which is not 'support_data'.
  Alphas: Variable has DEPEND_1 = 'Alpha_labels' with VAR_TYPE = 'data' which is not 'support_data'.
  C_N_O: Variable has DEPEND_1 = 'C_N_O_labels' with VAR_TYPE = 'data' which is not 'support_data'.
  Fe_group: Variable has DEPEND_1 = 'Fe_group_labels' with VAR_TYPE = 'data' which is not 'support_data'.
WIND_3DP_ECHSFITS_E0-YR | CDF.DependPtrVarType.Invalid:
  V_e_xyz_gse_wi_3dp: Variable has DEPEND_1 = 'L_V_e_xyz_gse_wi_3dp' with VAR_TYPE = 'data' which is not 'support_data'.
WI_EMFITS_E0_3DP | CDF.DependPtrVarType.Invalid:
  V_e_xyz_gse_wi_3dp: Variable has DEPEND_1 = 'L_V_e_xyz_gse_wi_3dp' with VAR_TYPE = 'data' which is not 'support_data'.
WI_EPACT_STEP-DIFFERENTIAL-ION-FLUX-1HR | CDF.DependPtrVarType.Invalid:
  xyzGSE: Variable has DEPEND_1 = 'L_xyzGSE' with VAR_TYPE = 'data' which is not 'support_data'.
  velocity: Variable has DEPEND_1 = 'L_velocity' with VAR_TYPE = 'data' which is not 'support_data'.
WI_EPACT_STEP-DIRECTIONAL-DIFF-CNO-FLUX-10MIN | CDF.DependPtrVarType.Invalid:
  xyzGSE: Variable has DEPEND_1 = 'L_xyzGSE' with VAR_TYPE = 'ignore_data' which is not 'support_data'.
  xyzGSE_T1: Variable has DEPEND_1 = 'L_xyzGSE' with VAR_TYPE = 'data' which is not 'support_data'.
  xyzGSE_T2: Variable has DEPEND_1 = 'L_xyzGSE' with VAR_TYPE = 'data' which is not 'support_data'.
  velocity: Variable has DEPEND_1 = 'L_velocity' with VAR_TYPE = 'ignore_data' which is not 'support_data'.
  velocity_T1: Variable has DEPEND_1 = 'L_velocity' with VAR_TYPE = 'data' which is not 'support_data'.
  velocity_T2: Variable has DEPEND_1 = 'L_velocity' with VAR_TYPE = 'data' which is not 'support_data'.
WI_EPACT_STEP-DIRECTIONAL-DIFF-FE-FLUX-10MIN | CDF.DependPtrVarType.Invalid:
  xyzGSE: Variable has DEPEND_1 = 'L_xyzGSE' with VAR_TYPE = 'ignore_data' which is not 'support_data'.
  xyzGSE_T1: Variable has DEPEND_1 = 'L_xyzGSE' with VAR_TYPE = 'data' which is not 'support_data'.
  xyzGSE_T2: Variable has DEPEND_1 = 'L_xyzGSE' with VAR_TYPE = 'data' which is not 'support_data'.
  velocity: Variable has DEPEND_1 = 'L_velocity' with VAR_TYPE = 'ignore_data' which is not 'support_data'.
  velocity_T1: Variable has DEPEND_1 = 'L_velocity' with VAR_TYPE = 'data' which is not 'support_data'.
  velocity_T2: Variable has DEPEND_1 = 'L_velocity' with VAR_TYPE = 'data' which is not 'support_data'.
WI_EPACT_STEP-DIRECTIONAL-DIFF-H-FLUX-10MIN | CDF.DependPtrVarType.Invalid:
  xyzGSE: Variable has DEPEND_1 = 'L_xyzGSE' with VAR_TYPE = 'ignore_data' which is not 'support_data'.
  xyzGSE_T1: Variable has DEPEND_1 = 'L_xyzGSE' with VAR_TYPE = 'data' which is not 'support_data'.
  xyzGSE_T2: Variable has DEPEND_1 = 'L_xyzGSE' with VAR_TYPE = 'data' which is not 'support_data'.
  velocity: Variable has DEPEND_1 = 'L_velocity' with VAR_TYPE = 'ignore_data' which is not 'support_data'.
  velocity_T1: Variable has DEPEND_1 = 'L_velocity' with VAR_TYPE = 'data' which is not 'support_data'.
  velocity_T2: Variable has DEPEND_1 = 'L_velocity' with VAR_TYPE = 'data' which is not 'support_data'.
WI_EPACT_STEP-DIRECTIONAL-DIFF-HE-FLUX-10MIN | CDF.DependPtrVarType.Invalid:
  xyzGSE: Variable has DEPEND_1 = 'L_xyzGSE' with VAR_TYPE = 'ignore_data' which is not 'support_data'.
  xyzGSE_T1: Variable has DEPEND_1 = 'L_xyzGSE' with VAR_TYPE = 'data' which is not 'support_data'.
  xyzGSE_T2: Variable has DEPEND_1 = 'L_xyzGSE' with VAR_TYPE = 'data' which is not 'support_data'.
  velocity: Variable has DEPEND_1 = 'L_velocity' with VAR_TYPE = 'ignore_data' which is not 'support_data'.
  velocity_T1: Variable has DEPEND_1 = 'L_velocity' with VAR_TYPE = 'data' which is not 'support_data'.
  velocity_T2: Variable has DEPEND_1 = 'L_velocity' with VAR_TYPE = 'data' which is not 'support_data'.
WI_H0_MFI | CDF.DependPtrVarType.Invalid:
  BGSM: Variable has DEPEND_1 = 'cartesian' with VAR_TYPE = 'data' which is not 'support_data'.
  BRMSGSM: Variable has DEPEND_1 = 'cartesian' with VAR_TYPE = 'data' which is not 'support_data'.
  BGSE: Variable has DEPEND_1 = 'cartesian' with VAR_TYPE = 'data' which is not 'support_data'.
  BGSEa: Variable has DEPEND_1 = 'angle' with VAR_TYPE = 'data' which is not 'support_data'.
  BRMSGSE: Variable has DEPEND_1 = 'cartesian' with VAR_TYPE = 'data' which is not 'support_data'.
  PGSM: Variable has DEPEND_1 = 'cartesian' with VAR_TYPE = 'data' which is not 'support_data'.
  PGSE: Variable has DEPEND_1 = 'cartesian' with VAR_TYPE = 'data' which is not 'support_data'.
  B3GSM: Variable has DEPEND_1 = 'cartesian' with VAR_TYPE = 'data' which is not 'support_data'.
  B3RMSGSM: Variable has DEPEND_1 = 'cartesian' with VAR_TYPE = 'data' which is not 'support_data'.
  B3GSE: Variable has DEPEND_1 = 'cartesian' with VAR_TYPE = 'data' which is not 'support_data'.
  B3GSEa: Variable has DEPEND_1 = 'angle' with VAR_TYPE = 'data' which is not 'support_data'.
  B3RMSGSE: Variable has DEPEND_1 = 'cartesian' with VAR_TYPE = 'data' which is not 'support_data'.
  B1GSM: Variable has DEPEND_1 = 'cartesian' with VAR_TYPE = 'data' which is not 'support_data'.
  B1RMSGSM: Variable has DEPEND_1 = 'cartesian' with VAR_TYPE = 'data' which is not 'support_data'.
  B1GSE: Variable has DEPEND_1 = 'cartesian' with VAR_TYPE = 'data' which is not 'support_data'.
  B1GSEa: Variable has DEPEND_1 = 'angle' with VAR_TYPE = 'data' which is not 'support_data'.
  P1GSM: Variable has DEPEND_1 = 'cartesian' with VAR_TYPE = 'data' which is not 'support_data'.
  P1GSE: Variable has DEPEND_1 = 'cartesian' with VAR_TYPE = 'data' which is not 'support_data'.
  PGSMV: Variable has DEPEND_1 = 'cartesian' with VAR_TYPE = 'data' which is not 'support_data'.
  PGSEV: Variable has DEPEND_1 = 'cartesian' with VAR_TYPE = 'data' which is not 'support_data'.
  P1GSMV: Variable has DEPEND_1 = 'cartesian' with VAR_TYPE = 'data' which is not 'support_data'.
  P1GSEV: Variable has DEPEND_1 = 'cartesian' with VAR_TYPE = 'data' which is not 'support_data'.
WI_H5_SWE | CDF.DependPtrVarType.Invalid:
  U_eGSE: Variable has DEPEND_1 = 'cartesian' with VAR_TYPE = 'data' which is not 'support_data'.
  UceGSE: Variable has DEPEND_1 = 'cartesian' with VAR_TYPE = 'data' which is not 'support_data'.
  P_eGSE: Variable has DEPEND_1 = 'tensor' with VAR_TYPE = 'data' which is not 'support_data'.
WI_K0_3DP | CDF.DependPtrVarType.Invalid:
  sc_position: Variable has DEPEND_1 = 'cartesian' with VAR_TYPE = 'data' which is not 'support_data'.
  sc_velocity: Variable has DEPEND_1 = 'label_v_sc' with VAR_TYPE = 'data' which is not 'support_data'.
  elect_vel: Variable has DEPEND_1 = 'label_ve' with VAR_TYPE = 'data' which is not 'support_data'.
  ion_vel: Variable has DEPEND_1 = 'label_vi' with VAR_TYPE = 'data' which is not 'support_data'.
WI_K0_MFI | CDF.DependPtrVarType.Invalid:
  BGSMc: Variable has DEPEND_1 = 'cartesian' with VAR_TYPE = 'data' which is not 'support_data'.
  BGSMa: Variable has DEPEND_1 = 'angle' with VAR_TYPE = 'data' which is not 'support_data'.
  BGSEc: Variable has DEPEND_1 = 'cartesian' with VAR_TYPE = 'data' which is not 'support_data'.
  BGSEa: Variable has DEPEND_1 = 'angle' with VAR_TYPE = 'data' which is not 'support_data'.
  PGSM: Variable has DEPEND_1 = 'cartesian' with VAR_TYPE = 'data' which is not 'support_data'.
  PGSE: Variable has DEPEND_1 = 'cartesian' with VAR_TYPE = 'data' which is not 'support_data'.
  PGSMV: Variable has DEPEND_1 = 'cartesian' with VAR_TYPE = 'data' which is not 'support_data'.
  PGSEV: Variable has DEPEND_1 = 'cartesian' with VAR_TYPE = 'data' which is not 'support_data'.
WI_K0_SWE | CDF.DependPtrVarType.Invalid:
  SC_pos_gse: Variable has DEPEND_1 = 'cartesian' with VAR_TYPE = 'data' which is not 'support_data'.
  SC_pos_GSM: Variable has DEPEND_1 = 'cartesian' with VAR_TYPE = 'data' which is not 'support_data'.
  V_GSE: Variable has DEPEND_1 = 'cartesian' with VAR_TYPE = 'data' which is not 'support_data'.
  V_GSM: Variable has DEPEND_1 = 'cartesian' with VAR_TYPE = 'data' which is not 'support_data'.
  V_GSE_p: Variable has DEPEND_1 = 'polar' with VAR_TYPE = 'data' which is not 'support_data'.
  V_GSE_plog: Variable has DEPEND_1 = 'polar' with VAR_TYPE = 'data' which is not 'support_data'.
WI_K0_WAV | CDF.DependPtrVarType.Invalid:
  Moon_pos: Variable has DEPEND_1 = 'Moon_label' with VAR_TYPE = 'data' which is not 'support_data'.
  Moon_posV: Variable has DEPEND_1 = 'Moon_label' with VAR_TYPE = 'data' which is not 'support_data'.