DE1_PWI_OR-AT | CDF.PtrSize.Mismatch:
  GEI_rotation_lbl: Variable has LABL_PTR_1 = 'GEI_rotation_lbl' with 9 values, but referencing variable has DimSizes[0] = 3.
DE_UV_SAI | CDF.PtrSize.Mismatch:
  shdr_field: Variable has DEPEND_2 = 'shdr_field' with 64 values, but referencing variable has DimSizes[1] = 121.
METOP1_POES-SEM2_FLUXES-2SEC | CDF.PtrSize.Mismatch:
  ted_ele_by_energy_label:
    Variable has LABL_PTR_1 = 'ted_ele_by_energy_label' with 4 values, but referencing variable has DimSizes[0] = 2.
    Variable has LABL_PTR_1 = 'ted_ele_by_energy_label' with 4 values, but referencing variable has DimSizes[0] = 2.
  ted_pro_by_energy_label:
    Variable has LABL_PTR_1 = 'ted_pro_by_energy_label' with 4 values, but referencing variable has DimSizes[0] = 2.
    Variable has LABL_PTR_1 = 'ted_pro_by_energy_label' with 4 values, but referencing variable has DimSizes[0] = 2.
  mep_ele_by_energy_label:
    Variable has LABL_PTR_1 = 'mep_ele_by_energy_label' with 4 values, but referencing variable has DimSizes[0] = 2.
    Variable has LABL_PTR_1 = 'mep_ele_by_energy_label' with 4 values, but referencing variable has DimSizes[0] = 2.
  mep_ele_err_by_energy_label:
    Variable has LABL_PTR_1 = 'mep_ele_err_by_energy_label' with 4 values, but referencing variable has DimSizes[0] = 2.
    Variable has LABL_PTR_1 = 'mep_ele_err_by_energy_label' with 4 values, but referencing variable has DimSizes[0] = 2.
  mep_pro_by_energy_label:
    Variable has LABL_PTR_1 = 'mep_pro_by_energy_label' with 5 values, but referencing variable has DimSizes[0] = 2.
    Variable has LABL_PTR_1 = 'mep_pro_by_energy_label' with 5 values, but referencing variable has DimSizes[0] = 2.
  mep_pro_err_by_energy_label:
    Variable has LABL_PTR_1 = 'mep_pro_err_by_energy_label' with 5 values, but referencing variable has DimSizes[0] = 2.
    Variable has LABL_PTR_1 = 'mep_pro_err_by_energy_label' with 5 values, but referencing variable has DimSizes[0] = 2.
MMS1_FEEPS_BRST_L2_ELECTRON | CDF.PtrSize.Mismatch:
  channel_ids_label_str:
    Variable has LABL_PTR_1 = 'channel_ids_label_str' with ptr_idx = 0 having DimsSizes = [16], but referencing variable has DimSizes = None.
    Variable has LABL_PTR_1 = 'channel_ids_label_str' with ptr_idx = 0 having DimsSizes = [16], but referencing variable has DimSizes = None.
    Variable has LABL_PTR_1 = 'channel_ids_label_str' with ptr_idx = 0 having DimsSizes = [16], but referencing variable has DimSizes = None.
    Variable has LABL_PTR_1 = 'channel_ids_label_str' with ptr_idx = 0 having DimsSizes = [16], but referencing variable has DimSizes = None.
    Variable has LABL_PTR_1 = 'channel_ids_label_str' with ptr_idx = 0 having DimsSizes = [16], but referencing variable has DimSizes = None.
    Variable has LABL_PTR_1 = 'channel_ids_label_str' with ptr_idx = 0 having DimsSizes = [16], but referencing variable has DimSizes = None.
    Variable has LABL_PTR_1 = 'channel_ids_label_str' with ptr_idx = 0 having DimsSizes = [16], but referencing variable has DimSizes = None.
    Variable has LABL_PTR_1 = 'channel_ids_label_str' with ptr_idx = 0 having DimsSizes = [16], but referencing variable has DimSizes = None.
    Variable has LABL_PTR_1 = 'channel_ids_label_str' with ptr_idx = 0 having DimsSizes = [16], but referencing variable has DimSizes = None.
    Variable has LABL_PTR_1 = 'channel_ids_label_str' with ptr_idx = 0 having DimsSizes = [16], but referencing variable has DimSizes = None.
    Variable has LABL_PTR_1 = 'channel_ids_label_str' with ptr_idx = 0 having DimsSizes = [16], but referencing variable has DimSizes = None.
    Variable has LABL_PTR_1 = 'channel_ids_label_str' with ptr_idx = 0 having DimsSizes = [16], but referencing variable has DimSizes = None.
    Variable has LABL_PTR_1 = 'channel_ids_label_str' with ptr_idx = 0 having DimsSizes = [16], but referencing variable has DimSizes = None.
    Variable has LABL_PTR_1 = 'channel_ids_label_str' with ptr_idx = 0 having DimsSizes = [16], but referencing variable has DimSizes = None.
    Variable has LABL_PTR_1 = 'channel_ids_label_str' with ptr_idx = 0 having DimsSizes = [16], but referencing variable has DimSizes = None.
    Variable has LABL_PTR_1 = 'channel_ids_label_str' with ptr_idx = 0 having DimsSizes = [16], but referencing variable has DimSizes = None.
    Variable has LABL_PTR_1 = 'channel_ids_label_str' with ptr_idx = 0 having DimsSizes = [16], but referencing variable has DimSizes = None.
    Variable has LABL_PTR_1 = 'channel_ids_label_str' with ptr_idx = 0 having DimsSizes = [16], but referencing variable has DimSizes = None.
  mms1_epd_feeps_brst_l2_electron_i_j_k_label:
    Variable has LABL_PTR_1 = 'mms1_epd_feeps_brst_l2_electron_i_j_k_label' with 3 values, but referencing variable has DimSizes[0] = 64.
    Variable has LABL_PTR_1 = 'mms1_epd_feeps_brst_l2_electron_i_j_k_label' with 3 values, but referencing variable has DimSizes[0] = 64.
    Variable has LABL_PTR_1 = 'mms1_epd_feeps_brst_l2_electron_i_j_k_label' with 3 values, but referencing variable has DimSizes[0] = 64.
    Variable has LABL_PTR_1 = 'mms1_epd_feeps_brst_l2_electron_i_j_k_label' with 3 values, but referencing variable has DimSizes[0] = 64.
    Variable has LABL_PTR_1 = 'mms1_epd_feeps_brst_l2_electron_i_j_k_label' with 3 values, but referencing variable has DimSizes[0] = 64.
    Variable has LABL_PTR_1 = 'mms1_epd_feeps_brst_l2_electron_i_j_k_label' with 3 values, but referencing variable has DimSizes[0] = 64.
    Variable has LABL_PTR_1 = 'mms1_epd_feeps_brst_l2_electron_i_j_k_label' with 3 values, but referencing variable has DimSizes[0] = 64.
    Variable has LABL_PTR_1 = 'mms1_epd_feeps_brst_l2_electron_i_j_k_label' with 3 values, but referencing variable has DimSizes[0] = 64.
    Variable has LABL_PTR_1 = 'mms1_epd_feeps_brst_l2_electron_i_j_k_label' with 3 values, but referencing variable has DimSizes[0] = 64.
    Variable has LABL_PTR_1 = 'mms1_epd_feeps_brst_l2_electron_i_j_k_label' with 3 values, but referencing variable has DimSizes[0] = 64.
    Variable has LABL_PTR_1 = 'mms1_epd_feeps_brst_l2_electron_i_j_k_label' with 3 values, but referencing variable has DimSizes[0] = 64.
    Variable has LABL_PTR_1 = 'mms1_epd_feeps_brst_l2_electron_i_j_k_label' with 3 values, but referencing variable has DimSizes[0] = 64.
    Variable has LABL_PTR_1 = 'mms1_epd_feeps_brst_l2_electron_i_j_k_label' with 3 values, but referencing variable has DimSizes[0] = 64.
    Variable has LABL_PTR_1 = 'mms1_epd_feeps_brst_l2_electron_i_j_k_label' with 3 values, but referencing variable has DimSizes[0] = 64.
    Variable has LABL_PTR_1 = 'mms1_epd_feeps_brst_l2_electron_i_j_k_label' with 3 values, but referencing variable has DimSizes[0] = 64.
    Variable has LABL_PTR_1 = 'mms1_epd_feeps_brst_l2_electron_i_j_k_label' with 3 values, but referencing variable has DimSizes[0] = 64.
    Variable has LABL_PTR_1 = 'mms1_epd_feeps_brst_l2_electron_i_j_k_label' with 3 values, but referencing variable has DimSizes[0] = 64.
    Variable has LABL_PTR_1 = 'mms1_epd_feeps_brst_l2_electron_i_j_k_label' with 3 values, but referencing variable has DimSizes[0] = 64.
    Variable has LABL_PTR_1 = 'mms1_epd_feeps_brst_l2_electron_i_j_k_label' with 3 values, but referencing variable has DimSizes[0] = 64.
    Variable has LABL_PTR_1 = 'mms1_epd_feeps_brst_l2_electron_i_j_k_label' with 3 values, but referencing variable has DimSizes[0] = 64.
    Variable has LABL_PTR_1 = 'mms1_epd_feeps_brst_l2_electron_i_j_k_label' with 3 values, but referencing variable has DimSizes[0] = 64.
    Variable has LABL_PTR_1 = 'mms1_epd_feeps_brst_l2_electron_i_j_k_label' with 3 values, but referencing variable has DimSizes[0] = 64.
    Variable has LABL_PTR_1 = 'mms1_epd_feeps_brst_l2_electron_i_j_k_label' with 3 values, but referencing variable has DimSizes[0] = 64.
    Variable has LABL_PTR_1 = 'mms1_epd_feeps_brst_l2_electron_i_j_k_label' with 3 values, but referencing variable has DimSizes[0] = 64.
    Variable has LABL_PTR_1 = 'mms1_epd_feeps_brst_l2_electron_i_j_k_label' with 3 values, but referencing variable has DimSizes[0] = 64.
    Variable has LABL_PTR_1 = 'mms1_epd_feeps_brst_l2_electron_i_j_k_label' with 3 values, but referencing variable has DimSizes[0] = 64.
    Variable has LABL_PTR_1 = 'mms1_epd_feeps_brst_l2_electron_i_j_k_label' with 3 values, but referencing variable has DimSizes[0] = 64.
    Variable has LABL_PTR_1 = 'mms1_epd_feeps_brst_l2_electron_i_j_k_label' with 3 values, but referencing variable has DimSizes[0] = 64.
    Variable has LABL_PTR_1 = 'mms1_epd_feeps_brst_l2_electron_i_j_k_label' with 3 values, but referencing variable has DimSizes[0] = 64.
    Variable has LABL_PTR_1 = 'mms1_epd_feeps_brst_l2_electron_i_j_k_label' with 3 values, but referencing variable has DimSizes[0] = 64.
    Variable has LABL_PTR_1 = 'mms1_epd_feeps_brst_l2_electron_i_j_k_label' with 3 values, but referencing variable has DimSizes[0] = 64.
    Variable has LABL_PTR_1 = 'mms1_epd_feeps_brst_l2_electron_i_j_k_label' with 3 values, but referencing variable has DimSizes[0] = 64.
    Variable has LABL_PTR_1 = 'mms1_epd_feeps_brst_l2_electron_i_j_k_label' with 3 values, but referencing variable has DimSizes[0] = 64.
    Variable has LABL_PTR_1 = 'mms1_epd_feeps_brst_l2_electron_i_j_k_label' with 3 values, but referencing variable has DimSizes[0] = 64.
    Variable has LABL_PTR_1 = 'mms1_epd_feeps_brst_l2_electron_i_j_k_label' with 3 values, but referencing variable has DimSizes[0] = 64.
    Variable has LABL_PTR_1 = 'mms1_epd_feeps_brst_l2_electron_i_j_k_label' with 3 values, but referencing variable has DimSizes[0] = 64.
MMS1_FEEPS_BRST_L2_ION | CDF.PtrSize.Mismatch:
  channel_ids_label_str:
    Variable has LABL_PTR_1 = 'channel_ids_label_str' with ptr_idx = 0 having DimsSizes = [16], but referencing variable has DimSizes = None.
    Variable has LABL_PTR_1 = 'channel_ids_label_str' with ptr_idx = 0 having DimsSizes = [16], but referencing variable has DimSizes = None.
    Variable has LABL_PTR_1 = 'channel_ids_label_str' with ptr_idx = 0 having DimsSizes = [16], but referencing variable has DimSizes = None.
    Variable has LABL_PTR_1 = 'channel_ids_label_str' with ptr_idx = 0 having DimsSizes = [16], but referencing variable has DimSizes = None.
    Variable has LABL_PTR_1 = 'channel_ids_label_str' with ptr_idx = 0 having DimsSizes = [16], but referencing variable has DimSizes = None.
    Variable has LABL_PTR_1 = 'channel_ids_label_str' with ptr_idx = 0 having DimsSizes = [16], but referencing variable has DimSizes = None.
  mms1_epd_feeps_brst_l2_ion_i_j_k_label:
    Variable has LABL_PTR_1 = 'mms1_epd_feeps_brst_l2_ion_i_j_k_label' with 3 values, but referencing variable has DimSizes[0] = 64.
    Variable has LABL_PTR_1 = 'mms1_epd_feeps_brst_l2_ion_i_j_k_label' with 3 values, but referencing variable has DimSizes[0] = 64.
    Variable has LABL_PTR_1 = 'mms1_epd_feeps_brst_l2_ion_i_j_k_label' with 3 values, but referencing variable has DimSizes[0] = 64.
    Variable has LABL_PTR_1 = 'mms1_epd_feeps_brst_l2_ion_i_j_k_label' with 3 values, but referencing variable has DimSizes[0] = 64.
    Variable has LABL_PTR_1 = 'mms1_epd_feeps_brst_l2_ion_i_j_k_label' with 3 values, but referencing variable has DimSizes[0] = 64.
    Variable has LABL_PTR_1 = 'mms1_epd_feeps_brst_l2_ion_i_j_k_label' with 3 values, but referencing variable has DimSizes[0] = 64.
    Variable has LABL_PTR_1 = 'mms1_epd_feeps_brst_l2_ion_i_j_k_label' with 3 values, but referencing variable has DimSizes[0] = 64.
    Variable has LABL_PTR_1 = 'mms1_epd_feeps_brst_l2_ion_i_j_k_label' with 3 values, but referencing variable has DimSizes[0] = 64.
    Variable has LABL_PTR_1 = 'mms1_epd_feeps_brst_l2_ion_i_j_k_label' with 3 values, but referencing variable has DimSizes[0] = 64.
    Variable has LABL_PTR_1 = 'mms1_epd_feeps_brst_l2_ion_i_j_k_label' with 3 values, but referencing variable has DimSizes[0] = 64.
    Variable has LABL_PTR_1 = 'mms1_epd_feeps_brst_l2_ion_i_j_k_label' with 3 values, but referencing variable has DimSizes[0] = 64.
    Variable has LABL_PTR_1 = 'mms1_epd_feeps_brst_l2_ion_i_j_k_label' with 3 values, but referencing variable has DimSizes[0] = 64.
MMS1_FEEPS_SRVY_L2_ELECTRON | CDF.PtrSize.Mismatch:
  channel_ids_label_str:
    Variable has LABL_PTR_1 = 'channel_ids_label_str' with ptr_idx = 0 having DimsSizes = [16], but referencing variable has DimSizes = None.
    Variable has LABL_PTR_1 = 'channel_ids_label_str' with ptr_idx = 0 having DimsSizes = [16], but referencing variable has DimSizes = None.
    Variable has LABL_PTR_1 = 'channel_ids_label_str' with ptr_idx = 0 having DimsSizes = [16], but referencing variable has DimSizes = None.
    Variable has LABL_PTR_1 = 'channel_ids_label_str' with ptr_idx = 0 having DimsSizes = [16], but referencing variable has DimSizes = None.
    Variable has LABL_PTR_1 = 'channel_ids_label_str' with ptr_idx = 0 having DimsSizes = [16], but referencing variable has DimSizes = None.
    Variable has LABL_PTR_1 = 'channel_ids_label_str' with ptr_idx = 0 having DimsSizes = [16], but referencing variable has DimSizes = None.
    Variable has LABL_PTR_1 = 'channel_ids_label_str' with ptr_idx = 0 having DimsSizes = [16], but referencing variable has DimSizes = None.
    Variable has LABL_PTR_1 = 'channel_ids_label_str' with ptr_idx = 0 having DimsSizes = [16], but referencing variable has DimSizes = None.
    Variable has LABL_PTR_1 = 'channel_ids_label_str' with ptr_idx = 0 having DimsSizes = [16], but referencing variable has DimSizes = None.
    Variable has LABL_PTR_1 = 'channel_ids_label_str' with ptr_idx = 0 having DimsSizes = [16], but referencing variable has DimSizes = None.
    Variable has LABL_PTR_1 = 'channel_ids_label_str' with ptr_idx = 0 having DimsSizes = [16], but referencing variable has DimSizes = None.
    Variable has LABL_PTR_1 = 'channel_ids_label_str' with ptr_idx = 0 having DimsSizes = [16], but referencing variable has DimSizes = None.
    Variable has LABL_PTR_1 = 'channel_ids_label_str' with ptr_idx = 0 having DimsSizes = [16], but referencing variable has DimSizes = None.
    Variable has LABL_PTR_1 = 'channel_ids_label_str' with ptr_idx = 0 having DimsSizes = [16], but referencing variable has DimSizes = None.
    Variable has LABL_PTR_1 = 'channel_ids_label_str' with ptr_idx = 0 having DimsSizes = [16], but referencing variable has DimSizes = None.
    Variable has LABL_PTR_1 = 'channel_ids_label_str' with ptr_idx = 0 having DimsSizes = [16], but referencing variable has DimSizes = None.
    Variable has LABL_PTR_1 = 'channel_ids_label_str' with ptr_idx = 0 having DimsSizes = [16], but referencing variable has DimSizes = None.
    Variable has LABL_PTR_1 = 'channel_ids_label_str' with ptr_idx = 0 having DimsSizes = [16], but referencing variable has DimSizes = None.
  mms1_epd_feeps_srvy_l2_electron_i_j_k_label:
    Variable has LABL_PTR_1 = 'mms1_epd_feeps_srvy_l2_electron_i_j_k_label' with 3 values, but referencing variable has DimSizes[0] = 64.
    Variable has LABL_PTR_1 = 'mms1_epd_feeps_srvy_l2_electron_i_j_k_label' with 3 values, but referencing variable has DimSizes[0] = 64.
    Variable has LABL_PTR_1 = 'mms1_epd_feeps_srvy_l2_electron_i_j_k_label' with 3 values, but referencing variable has DimSizes[0] = 64.
    Variable has LABL_PTR_1 = 'mms1_epd_feeps_srvy_l2_electron_i_j_k_label' with 3 values, but referencing variable has DimSizes[0] = 64.
    Variable has LABL_PTR_1 = 'mms1_epd_feeps_srvy_l2_electron_i_j_k_label' with 3 values, but referencing variable has DimSizes[0] = 64.
    Variable has LABL_PTR_1 = 'mms1_epd_feeps_srvy_l2_electron_i_j_k_label' with 3 values, but referencing variable has DimSizes[0] = 64.
    Variable has LABL_PTR_1 = 'mms1_epd_feeps_srvy_l2_electron_i_j_k_label' with 3 values, but referencing variable has DimSizes[0] = 64.
    Variable has LABL_PTR_1 = 'mms1_epd_feeps_srvy_l2_electron_i_j_k_label' with 3 values, but referencing variable has DimSizes[0] = 64.
    Variable has LABL_PTR_1 = 'mms1_epd_feeps_srvy_l2_electron_i_j_k_label' with 3 values, but referencing variable has DimSizes[0] = 64.
    Variable has LABL_PTR_1 = 'mms1_epd_feeps_srvy_l2_electron_i_j_k_label' with 3 values, but referencing variable has DimSizes[0] = 64.
    Variable has LABL_PTR_1 = 'mms1_epd_feeps_srvy_l2_electron_i_j_k_label' with 3 values, but referencing variable has DimSizes[0] = 64.
    Variable has LABL_PTR_1 = 'mms1_epd_feeps_srvy_l2_electron_i_j_k_label' with 3 values, but referencing variable has DimSizes[0] = 64.
    Variable has LABL_PTR_1 = 'mms1_epd_feeps_srvy_l2_electron_i_j_k_label' with 3 values, but referencing variable has DimSizes[0] = 64.
    Variable has LABL_PTR_1 = 'mms1_epd_feeps_srvy_l2_electron_i_j_k_label' with 3 values, but referencing variable has DimSizes[0] = 64.
    Variable has LABL_PTR_1 = 'mms1_epd_feeps_srvy_l2_electron_i_j_k_label' with 3 values, but referencing variable has DimSizes[0] = 64.
    Variable has LABL_PTR_1 = 'mms1_epd_feeps_srvy_l2_electron_i_j_k_label' with 3 values, but referencing variable has DimSizes[0] = 64.
    Variable has LABL_PTR_1 = 'mms1_epd_feeps_srvy_l2_electron_i_j_k_label' with 3 values, but referencing variable has DimSizes[0] = 64.
    Variable has LABL_PTR_1 = 'mms1_epd_feeps_srvy_l2_electron_i_j_k_label' with 3 values, but referencing variable has DimSizes[0] = 64.
    Variable has LABL_PTR_1 = 'mms1_epd_feeps_srvy_l2_electron_i_j_k_label' with 3 values, but referencing variable has DimSizes[0] = 64.
    Variable has LABL_PTR_1 = 'mms1_epd_feeps_srvy_l2_electron_i_j_k_label' with 3 values, but referencing variable has DimSizes[0] = 64.
    Variable has LABL_PTR_1 = 'mms1_epd_feeps_srvy_l2_electron_i_j_k_label' with 3 values, but referencing variable has DimSizes[0] = 64.
    Variable has LABL_PTR_1 = 'mms1_epd_feeps_srvy_l2_electron_i_j_k_label' with 3 values, but referencing variable has DimSizes[0] = 64.
    Variable has LABL_PTR_1 = 'mms1_epd_feeps_srvy_l2_electron_i_j_k_label' with 3 values, but referencing variable has DimSizes[0] = 64.
    Variable has LABL_PTR_1 = 'mms1_epd_feeps_srvy_l2_electron_i_j_k_label' with 3 values, but referencing variable has DimSizes[0] = 64.
    Variable has LABL_PTR_1 = 'mms1_epd_feeps_srvy_l2_electron_i_j_k_label' with 3 values, but referencing variable has DimSizes[0] = 64.
    Variable has LABL_PTR_1 = 'mms1_epd_feeps_srvy_l2_electron_i_j_k_label' with 3 values, but referencing variable has DimSizes[0] = 64.
    Variable has LABL_PTR_1 = 'mms1_epd_feeps_srvy_l2_electron_i_j_k_label' with 3 values, but referencing variable has DimSizes[0] = 64.
    Variable has LABL_PTR_1 = 'mms1_epd_feeps_srvy_l2_electron_i_j_k_label' with 3 values, but referencing variable has DimSizes[0] = 64.
    Variable has LABL_PTR_1 = 'mms1_epd_feeps_srvy_l2_electron_i_j_k_label' with 3 values, but referencing variable has DimSizes[0] = 64.
    Variable has LABL_PTR_1 = 'mms1_epd_feeps_srvy_l2_electron_i_j_k_label' with 3 values, but referencing variable has DimSizes[0] = 64.
    Variable has LABL_PTR_1 = 'mms1_epd_feeps_srvy_l2_electron_i_j_k_label' with 3 values, but referencing variable has DimSizes[0] = 64.
    Variable has LABL_PTR_1 = 'mms1_epd_feeps_srvy_l2_electron_i_j_k_label' with 3 values, but referencing variable has DimSizes[0] = 64.
    Variable has LABL_PTR_1 = 'mms1_epd_feeps_srvy_l2_electron_i_j_k_label' with 3 values, but referencing variable has DimSizes[0] = 64.
    Variable has LABL_PTR_1 = 'mms1_epd_feeps_srvy_l2_electron_i_j_k_label' with 3 values, but referencing variable has DimSizes[0] = 64.
    Variable has LABL_PTR_1 = 'mms1_epd_feeps_srvy_l2_electron_i_j_k_label' with 3 values, but referencing variable has DimSizes[0] = 64.
    Variable has LABL_PTR_1 = 'mms1_epd_feeps_srvy_l2_electron_i_j_k_label' with 3 values, but referencing variable has DimSizes[0] = 64.
MMS1_FEEPS_SRVY_L2_ION | CDF.PtrSize.Mismatch:
  channel_ids_label_str:
    Variable has LABL_PTR_1 = 'channel_ids_label_str' with ptr_idx = 0 having DimsSizes = [16], but referencing variable has DimSizes = None.
    Variable has LABL_PTR_1 = 'channel_ids_label_str' with ptr_idx = 0 having DimsSizes = [16], but referencing variable has DimSizes = None.
    Variable has LABL_PTR_1 = 'channel_ids_label_str' with ptr_idx = 0 having DimsSizes = [16], but referencing variable has DimSizes = None.
    Variable has LABL_PTR_1 = 'channel_ids_label_str' with ptr_idx = 0 having DimsSizes = [16], but referencing variable has DimSizes = None.
    Variable has LABL_PTR_1 = 'channel_ids_label_str' with ptr_idx = 0 having DimsSizes = [16], but referencing variable has DimSizes = None.
    Variable has LABL_PTR_1 = 'channel_ids_label_str' with ptr_idx = 0 having DimsSizes = [16], but referencing variable has DimSizes = None.
  mms1_epd_feeps_srvy_l2_ion_i_j_k_label:
    Variable has LABL_PTR_1 = 'mms1_epd_feeps_srvy_l2_ion_i_j_k_label' with 3 values, but referencing variable has DimSizes[0] = 64.
    Variable has LABL_PTR_1 = 'mms1_epd_feeps_srvy_l2_ion_i_j_k_label' with 3 values, but referencing variable has DimSizes[0] = 64.
    Variable has LABL_PTR_1 = 'mms1_epd_feeps_srvy_l2_ion_i_j_k_label' with 3 values, but referencing variable has DimSizes[0] = 64.
    Variable has LABL_PTR_1 = 'mms1_epd_feeps_srvy_l2_ion_i_j_k_label' with 3 values, but referencing variable has DimSizes[0] = 64.
    Variable has LABL_PTR_1 = 'mms1_epd_feeps_srvy_l2_ion_i_j_k_label' with 3 values, but referencing variable has DimSizes[0] = 64.
    Variable has LABL_PTR_1 = 'mms1_epd_feeps_srvy_l2_ion_i_j_k_label' with 3 values, but referencing variable has DimSizes[0] = 64.
    Variable has LABL_PTR_1 = 'mms1_epd_feeps_srvy_l2_ion_i_j_k_label' with 3 values, but referencing variable has DimSizes[0] = 64.
    Variable has LABL_PTR_1 = 'mms1_epd_feeps_srvy_l2_ion_i_j_k_label' with 3 values, but referencing variable has DimSizes[0] = 64.
    Variable has LABL_PTR_1 = 'mms1_epd_feeps_srvy_l2_ion_i_j_k_label' with 3 values, but referencing variable has DimSizes[0] = 64.
    Variable has LABL_PTR_1 = 'mms1_epd_feeps_srvy_l2_ion_i_j_k_label' with 3 values, but referencing variable has DimSizes[0] = 64.
    Variable has LABL_PTR_1 = 'mms1_epd_feeps_srvy_l2_ion_i_j_k_label' with 3 values, but referencing variable has DimSizes[0] = 64.
    Variable has LABL_PTR_1 = 'mms1_epd_feeps_srvy_l2_ion_i_j_k_label' with 3 values, but referencing variable has DimSizes[0] = 64.
MMS2_FEEPS_BRST_L2_ELECTRON | CDF.PtrSize.Mismatch:
  channel_ids_label_str:
    Variable has LABL_PTR_1 = 'channel_ids_label_str' with ptr_idx = 0 having DimsSizes = [16], but referencing variable has DimSizes = None.
    Variable has LABL_PTR_1 = 'channel_ids_label_str' with ptr_idx = 0 having DimsSizes = [16], but referencing variable has DimSizes = None.
    Variable has LABL_PTR_1 = 'channel_ids_label_str' with ptr_idx = 0 having DimsSizes = [16], but referencing variable has DimSizes = None.
    Variable has LABL_PTR_1 = 'channel_ids_label_str' with ptr_idx = 0 having DimsSizes = [16], but referencing variable has DimSizes = None.
    Variable has LABL_PTR_1 = 'channel_ids_label_str' with ptr_idx = 0 having DimsSizes = [16], but referencing variable has DimSizes = None.
    Variable has LABL_PTR_1 = 'channel_ids_label_str' with ptr_idx = 0 having DimsSizes = [16], but referencing variable has DimSizes = None.
    Variable has LABL_PTR_1 = 'channel_ids_label_str' with ptr_idx = 0 having DimsSizes = [16], but referencing variable has DimSizes = None.
    Variable has LABL_PTR_1 = 'channel_ids_label_str' with ptr_idx = 0 having DimsSizes = [16], but referencing variable has DimSizes = None.
    Variable has LABL_PTR_1 = 'channel_ids_label_str' with ptr_idx = 0 having DimsSizes = [16], but referencing variable has DimSizes = None.
    Variable has LABL_PTR_1 = 'channel_ids_label_str' with ptr_idx = 0 having DimsSizes = [16], but referencing variable has DimSizes = None.
    Variable has LABL_PTR_1 = 'channel_ids_label_str' with ptr_idx = 0 having DimsSizes = [16], but referencing variable has DimSizes = None.
    Variable has LABL_PTR_1 = 'channel_ids_label_str' with ptr_idx = 0 having DimsSizes = [16], but referencing variable has DimSizes = None.
    Variable has LABL_PTR_1 = 'channel_ids_label_str' with ptr_idx = 0 having DimsSizes = [16], but referencing variable has DimSizes = None.
    Variable has LABL_PTR_1 = 'channel_ids_label_str' with ptr_idx = 0 having DimsSizes = [16], but referencing variable has DimSizes = None.
    Variable has LABL_PTR_1 = 'channel_ids_label_str' with ptr_idx = 0 having DimsSizes = [16], but referencing variable has DimSizes = None.
    Variable has LABL_PTR_1 = 'channel_ids_label_str' with ptr_idx = 0 having DimsSizes = [16], but referencing variable has DimSizes = None.
    Variable has LABL_PTR_1 = 'channel_ids_label_str' with ptr_idx = 0 having DimsSizes = [16], but referencing variable has DimSizes = None.
    Variable has LABL_PTR_1 = 'channel_ids_label_str' with ptr_idx = 0 having DimsSizes = [16], but referencing variable has DimSizes = None.
  mms2_epd_feeps_brst_l2_electron_i_j_k_label:
    Variable has LABL_PTR_1 = 'mms2_epd_feeps_brst_l2_electron_i_j_k_label' with 3 values, but referencing variable has DimSizes[0] = 64.
    Variable has LABL_PTR_1 = 'mms2_epd_feeps_brst_l2_electron_i_j_k_label' with 3 values, but referencing variable has DimSizes[0] = 64.
    Variable has LABL_PTR_1 = 'mms2_epd_feeps_brst_l2_electron_i_j_k_label' with 3 values, but referencing variable has DimSizes[0] = 64.
    Variable has LABL_PTR_1 = 'mms2_epd_feeps_brst_l2_electron_i_j_k_label' with 3 values, but referencing variable has DimSizes[0] = 64.
    Variable has LABL_PTR_1 = 'mms2_epd_feeps_brst_l2_electron_i_j_k_label' with 3 values, but referencing variable has DimSizes[0] = 64.
    Variable has LABL_PTR_1 = 'mms2_epd_feeps_brst_l2_electron_i_j_k_label' with 3 values, but referencing variable has DimSizes[0] = 64.
    Variable has LABL_PTR_1 = 'mms2_epd_feeps_brst_l2_electron_i_j_k_label' with 3 values, but referencing variable has DimSizes[0] = 64.
    Variable has LABL_PTR_1 = 'mms2_epd_feeps_brst_l2_electron_i_j_k_label' with 3 values, but referencing variable has DimSizes[0] = 64.
    Variable has LABL_PTR_1 = 'mms2_epd_feeps_brst_l2_electron_i_j_k_label' with 3 values, but referencing variable has DimSizes[0] = 64.
    Variable has LABL_PTR_1 = 'mms2_epd_feeps_brst_l2_electron_i_j_k_label' with 3 values, but referencing variable has DimSizes[0] = 64.
    Variable has LABL_PTR_1 = 'mms2_epd_feeps_brst_l2_electron_i_j_k_label' with 3 values, but referencing variable has DimSizes[0] = 64.
    Variable has LABL_PTR_1 = 'mms2_epd_feeps_brst_l2_electron_i_j_k_label' with 3 values, but referencing variable has DimSizes[0] = 64.
    Variable has LABL_PTR_1 = 'mms2_epd_feeps_brst_l2_electron_i_j_k_label' with 3 values, but referencing variable has DimSizes[0] = 64.
    Variable has LABL_PTR_1 = 'mms2_epd_feeps_brst_l2_electron_i_j_k_label' with 3 values, but referencing variable has DimSizes[0] = 64.
    Variable has LABL_PTR_1 = 'mms2_epd_feeps_brst_l2_electron_i_j_k_label' with 3 values, but referencing variable has DimSizes[0] = 64.
    Variable has LABL_PTR_1 = 'mms2_epd_feeps_brst_l2_electron_i_j_k_label' with 3 values, but referencing variable has DimSizes[0] = 64.
    Variable has LABL_PTR_1 = 'mms2_epd_feeps_brst_l2_electron_i_j_k_label' with 3 values, but referencing variable has DimSizes[0] = 64.
    Variable has LABL_PTR_1 = 'mms2_epd_feeps_brst_l2_electron_i_j_k_label' with 3 values, but referencing variable has DimSizes[0] = 64.
    Variable has LABL_PTR_1 = 'mms2_epd_feeps_brst_l2_electron_i_j_k_label' with 3 values, but referencing variable has DimSizes[0] = 64.
    Variable has LABL_PTR_1 = 'mms2_epd_feeps_brst_l2_electron_i_j_k_label' with 3 values, but referencing variable has DimSizes[0] = 64.
    Variable has LABL_PTR_1 = 'mms2_epd_feeps_brst_l2_electron_i_j_k_label' with 3 values, but referencing variable has DimSizes[0] = 64.
    Variable has LABL_PTR_1 = 'mms2_epd_feeps_brst_l2_electron_i_j_k_label' with 3 values, but referencing variable has DimSizes[0] = 64.
    Variable has LABL_PTR_1 = 'mms2_epd_feeps_brst_l2_electron_i_j_k_label' with 3 values, but referencing variable has DimSizes[0] = 64.
    Variable has LABL_PTR_1 = 'mms2_epd_feeps_brst_l2_electron_i_j_k_label' with 3 values, but referencing variable has DimSizes[0] = 64.
    Variable has LABL_PTR_1 = 'mms2_epd_feeps_brst_l2_electron_i_j_k_label' with 3 values, but referencing variable has DimSizes[0] = 64.
    Variable has LABL_PTR_1 = 'mms2_epd_feeps_brst_l2_electron_i_j_k_label' with 3 values, but referencing variable has DimSizes[0] = 64.
    Variable has LABL_PTR_1 = 'mms2_epd_feeps_brst_l2_electron_i_j_k_label' with 3 values, but referencing variable has DimSizes[0] = 64.
    Variable has LABL_PTR_1 = 'mms2_epd_feeps_brst_l2_electron_i_j_k_label' with 3 values, but referencing variable has DimSizes[0] = 64.
    Variable has LABL_PTR_1 = 'mms2_epd_feeps_brst_l2_electron_i_j_k_label' with 3 values, but referencing variable has DimSizes[0] = 64.
    Variable has LABL_PTR_1 = 'mms2_epd_feeps_brst_l2_electron_i_j_k_label' with 3 values, but referencing variable has DimSizes[0] = 64.
    Variable has LABL_PTR_1 = 'mms2_epd_feeps_brst_l2_electron_i_j_k_label' with 3 values, but referencing variable has DimSizes[0] = 64.
    Variable has LABL_PTR_1 = 'mms2_epd_feeps_brst_l2_electron_i_j_k_label' with 3 values, but referencing variable has DimSizes[0] = 64.
    Variable has LABL_PTR_1 = 'mms2_epd_feeps_brst_l2_electron_i_j_k_label' with 3 values, but referencing variable has DimSizes[0] = 64.
    Variable has LABL_PTR_1 = 'mms2_epd_feeps_brst_l2_electron_i_j_k_label' with 3 values, but referencing variable has DimSizes[0] = 64.
    Variable has LABL_PTR_1 = 'mms2_epd_feeps_brst_l2_electron_i_j_k_label' with 3 values, but referencing variable has DimSizes[0] = 64.
    Variable has LABL_PTR_1 = 'mms2_epd_feeps_brst_l2_electron_i_j_k_label' with 3 values, but referencing variable has DimSizes[0] = 64.
MMS2_FEEPS_BRST_L2_ION | CDF.PtrSize.Mismatch:
  channel_ids_label_str:
    Variable has LABL_PTR_1 = 'channel_ids_label_str' with ptr_idx = 0 having DimsSizes = [16], but referencing variable has DimSizes = None.
    Variable has LABL_PTR_1 = 'channel_ids_label_str' with ptr_idx = 0 having DimsSizes = [16], but referencing variable has DimSizes = None.
    Variable has LABL_PTR_1 = 'channel_ids_label_str' with ptr_idx = 0 having DimsSizes = [16], but referencing variable has DimSizes = None.
    Variable has LABL_PTR_1 = 'channel_ids_label_str' with ptr_idx = 0 having DimsSizes = [16], but referencing variable has DimSizes = None.
    Variable has LABL_PTR_1 = 'channel_ids_label_str' with ptr_idx = 0 having DimsSizes = [16], but referencing variable has DimSizes = None.
    Variable has LABL_PTR_1 = 'channel_ids_label_str' with ptr_idx = 0 having DimsSizes = [16], but referencing variable has DimSizes = None.
  mms2_epd_feeps_brst_l2_ion_i_j_k_label:
    Variable has LABL_PTR_1 = 'mms2_epd_feeps_brst_l2_ion_i_j_k_label' with 3 values, but referencing variable has DimSizes[0] = 64.
    Variable has LABL_PTR_1 = 'mms2_epd_feeps_brst_l2_ion_i_j_k_label' with 3 values, but referencing variable has DimSizes[0] = 64.
    Variable has LABL_PTR_1 = 'mms2_epd_feeps_brst_l2_ion_i_j_k_label' with 3 values, but referencing variable has DimSizes[0] = 64.
    Variable has LABL_PTR_1 = 'mms2_epd_feeps_brst_l2_ion_i_j_k_label' with 3 values, but referencing variable has DimSizes[0] = 64.
    Variable has LABL_PTR_1 = 'mms2_epd_feeps_brst_l2_ion_i_j_k_label' with 3 values, but referencing variable has DimSizes[0] = 64.
    Variable has LABL_PTR_1 = 'mms2_epd_feeps_brst_l2_ion_i_j_k_label' with 3 values, but referencing variable has DimSizes[0] = 64.
    Variable has LABL_PTR_1 = 'mms2_epd_feeps_brst_l2_ion_i_j_k_label' with 3 values, but referencing variable has DimSizes[0] = 64.
    Variable has LABL_PTR_1 = 'mms2_epd_feeps_brst_l2_ion_i_j_k_label' with 3 values, but referencing variable has DimSizes[0] = 64.
    Variable has LABL_PTR_1 = 'mms2_epd_feeps_brst_l2_ion_i_j_k_label' with 3 values, but referencing variable has DimSizes[0] = 64.
    Variable has LABL_PTR_1 = 'mms2_epd_feeps_brst_l2_ion_i_j_k_label' with 3 values, but referencing variable has DimSizes[0] = 64.
    Variable has LABL_PTR_1 = 'mms2_epd_feeps_brst_l2_ion_i_j_k_label' with 3 values, but referencing variable has DimSizes[0] = 64.
    Variable has LABL_PTR_1 = 'mms2_epd_feeps_brst_l2_ion_i_j_k_label' with 3 values, but referencing variable has DimSizes[0] = 64.
MMS2_FEEPS_SRVY_L2_ELECTRON | CDF.PtrSize.Mismatch:
  channel_ids_label_str:
    Variable has LABL_PTR_1 = 'channel_ids_label_str' with ptr_idx = 0 having DimsSizes = [16], but referencing variable has DimSizes = None.
    Variable has LABL_PTR_1 = 'channel_ids_label_str' with ptr_idx = 0 having DimsSizes = [16], but referencing variable has DimSizes = None.
    Variable has LABL_PTR_1 = 'channel_ids_label_str' with ptr_idx = 0 having DimsSizes = [16], but referencing variable has DimSizes = None.
    Variable has LABL_PTR_1 = 'channel_ids_label_str' with ptr_idx = 0 having DimsSizes = [16], but referencing variable has DimSizes = None.
    Variable has LABL_PTR_1 = 'channel_ids_label_str' with ptr_idx = 0 having DimsSizes = [16], but referencing variable has DimSizes = None.
    Variable has LABL_PTR_1 = 'channel_ids_label_str' with ptr_idx = 0 having DimsSizes = [16], but referencing variable has DimSizes = None.
    Variable has LABL_PTR_1 = 'channel_ids_label_str' with ptr_idx = 0 having DimsSizes = [16], but referencing variable has DimSizes = None.
    Variable has LABL_PTR_1 = 'channel_ids_label_str' with ptr_idx = 0 having DimsSizes = [16], but referencing variable has DimSizes = None.
    Variable has LABL_PTR_1 = 'channel_ids_label_str' with ptr_idx = 0 having DimsSizes = [16], but referencing variable has DimSizes = None.
    Variable has LABL_PTR_1 = 'channel_ids_label_str' with ptr_idx = 0 having DimsSizes = [16], but referencing variable has DimSizes = None.
    Variable has LABL_PTR_1 = 'channel_ids_label_str' with ptr_idx = 0 having DimsSizes = [16], but referencing variable has DimSizes = None.
    Variable has LABL_PTR_1 = 'channel_ids_label_str' with ptr_idx = 0 having DimsSizes = [16], but referencing variable has DimSizes = None.
    Variable has LABL_PTR_1 = 'channel_ids_label_str' with ptr_idx = 0 having DimsSizes = [16], but referencing variable has DimSizes = None.
    Variable has LABL_PTR_1 = 'channel_ids_label_str' with ptr_idx = 0 having DimsSizes = [16], but referencing variable has DimSizes = None.
    Variable has LABL_PTR_1 = 'channel_ids_label_str' with ptr_idx = 0 having DimsSizes = [16], but referencing variable has DimSizes = None.
    Variable has LABL_PTR_1 = 'channel_ids_label_str' with ptr_idx = 0 having DimsSizes = [16], but referencing variable has DimSizes = None.
    Variable has LABL_PTR_1 = 'channel_ids_label_str' with ptr_idx = 0 having DimsSizes = [16], but referencing variable has DimSizes = None.
    Variable has LABL_PTR_1 = 'channel_ids_label_str' with ptr_idx = 0 having DimsSizes = [16], but referencing variable has DimSizes = None.
  mms2_epd_feeps_srvy_l2_electron_i_j_k_label:
    Variable has LABL_PTR_1 = 'mms2_epd_feeps_srvy_l2_electron_i_j_k_label' with 3 values, but referencing variable has DimSizes[0] = 64.
    Variable has LABL_PTR_1 = 'mms2_epd_feeps_srvy_l2_electron_i_j_k_label' with 3 values, but referencing variable has DimSizes[0] = 64.
    Variable has LABL_PTR_1 = 'mms2_epd_feeps_srvy_l2_electron_i_j_k_label' with 3 values, but referencing variable has DimSizes[0] = 64.
    Variable has LABL_PTR_1 = 'mms2_epd_feeps_srvy_l2_electron_i_j_k_label' with 3 values, but referencing variable has DimSizes[0] = 64.
    Variable has LABL_PTR_1 = 'mms2_epd_feeps_srvy_l2_electron_i_j_k_label' with 3 values, but referencing variable has DimSizes[0] = 64.
    Variable has LABL_PTR_1 = 'mms2_epd_feeps_srvy_l2_electron_i_j_k_label' with 3 values, but referencing variable has DimSizes[0] = 64.
    Variable has LABL_PTR_1 = 'mms2_epd_feeps_srvy_l2_electron_i_j_k_label' with 3 values, but referencing variable has DimSizes[0] = 64.
    Variable has LABL_PTR_1 = 'mms2_epd_feeps_srvy_l2_electron_i_j_k_label' with 3 values, but referencing variable has DimSizes[0] = 64.
    Variable has LABL_PTR_1 = 'mms2_epd_feeps_srvy_l2_electron_i_j_k_label' with 3 values, but referencing variable has DimSizes[0] = 64.
    Variable has LABL_PTR_1 = 'mms2_epd_feeps_srvy_l2_electron_i_j_k_label' with 3 values, but referencing variable has DimSizes[0] = 64.
    Variable has LABL_PTR_1 = 'mms2_epd_feeps_srvy_l2_electron_i_j_k_label' with 3 values, but referencing variable has DimSizes[0] = 64.
    Variable has LABL_PTR_1 = 'mms2_epd_feeps_srvy_l2_electron_i_j_k_label' with 3 values, but referencing variable has DimSizes[0] = 64.
    Variable has LABL_PTR_1 = 'mms2_epd_feeps_srvy_l2_electron_i_j_k_label' with 3 values, but referencing variable has DimSizes[0] = 64.
    Variable has LABL_PTR_1 = 'mms2_epd_feeps_srvy_l2_electron_i_j_k_label' with 3 values, but referencing variable has DimSizes[0] = 64.
    Variable has LABL_PTR_1 = 'mms2_epd_feeps_srvy_l2_electron_i_j_k_label' with 3 values, but referencing variable has DimSizes[0] = 64.
    Variable has LABL_PTR_1 = 'mms2_epd_feeps_srvy_l2_electron_i_j_k_label' with 3 values, but referencing variable has DimSizes[0] = 64.
    Variable has LABL_PTR_1 = 'mms2_epd_feeps_srvy_l2_electron_i_j_k_label' with 3 values, but referencing variable has DimSizes[0] = 64.
    Variable has LABL_PTR_1 = 'mms2_epd_feeps_srvy_l2_electron_i_j_k_label' with 3 values, but referencing variable has DimSizes[0] = 64.
    Variable has LABL_PTR_1 = 'mms2_epd_feeps_srvy_l2_electron_i_j_k_label' with 3 values, but referencing variable has DimSizes[0] = 64.
    Variable has LABL_PTR_1 = 'mms2_epd_feeps_srvy_l2_electron_i_j_k_label' with 3 values, but referencing variable has DimSizes[0] = 64.
    Variable has LABL_PTR_1 = 'mms2_epd_feeps_srvy_l2_electron_i_j_k_label' with 3 values, but referencing variable has DimSizes[0] = 64.
    Variable has LABL_PTR_1 = 'mms2_epd_feeps_srvy_l2_electron_i_j_k_label' with 3 values, but referencing variable has DimSizes[0] = 64.
    Variable has LABL_PTR_1 = 'mms2_epd_feeps_srvy_l2_electron_i_j_k_label' with 3 values, but referencing variable has DimSizes[0] = 64.
    Variable has LABL_PTR_1 = 'mms2_epd_feeps_srvy_l2_electron_i_j_k_label' with 3 values, but referencing variable has DimSizes[0] = 64.
    Variable has LABL_PTR_1 = 'mms2_epd_feeps_srvy_l2_electron_i_j_k_label' with 3 values, but referencing variable has DimSizes[0] = 64.
    Variable has LABL_PTR_1 = 'mms2_epd_feeps_srvy_l2_electron_i_j_k_label' with 3 values, but referencing variable has DimSizes[0] = 64.
    Variable has LABL_PTR_1 = 'mms2_epd_feeps_srvy_l2_electron_i_j_k_label' with 3 values, but referencing variable has DimSizes[0] = 64.
    Variable has LABL_PTR_1 = 'mms2_epd_feeps_srvy_l2_electron_i_j_k_label' with 3 values, but referencing variable has DimSizes[0] = 64.
    Variable has LABL_PTR_1 = 'mms2_epd_feeps_srvy_l2_electron_i_j_k_label' with 3 values, but referencing variable has DimSizes[0] = 64.
    Variable has LABL_PTR_1 = 'mms2_epd_feeps_srvy_l2_electron_i_j_k_label' with 3 values, but referencing variable has DimSizes[0] = 64.
    Variable has LABL_PTR_1 = 'mms2_epd_feeps_srvy_l2_electron_i_j_k_label' with 3 values, but referencing variable has DimSizes[0] = 64.
    Variable has LABL_PTR_1 = 'mms2_epd_feeps_srvy_l2_electron_i_j_k_label' with 3 values, but referencing variable has DimSizes[0] = 64.
    Variable has LABL_PTR_1 = 'mms2_epd_feeps_srvy_l2_electron_i_j_k_label' with 3 values, but referencing variable has DimSizes[0] = 64.
    Variable has LABL_PTR_1 = 'mms2_epd_feeps_srvy_l2_electron_i_j_k_label' with 3 values, but referencing variable has DimSizes[0] = 64.
    Variable has LABL_PTR_1 = 'mms2_epd_feeps_srvy_l2_electron_i_j_k_label' with 3 values, but referencing variable has DimSizes[0] = 64.
    Variable has LABL_PTR_1 = 'mms2_epd_feeps_srvy_l2_electron_i_j_k_label' with 3 values, but referencing variable has DimSizes[0] = 64.
MMS2_FEEPS_SRVY_L2_ION | CDF.PtrSize.Mismatch:
  channel_ids_label_str:
    Variable has LABL_PTR_1 = 'channel_ids_label_str' with ptr_idx = 0 having DimsSizes = [16], but referencing variable has DimSizes = None.
    Variable has LABL_PTR_1 = 'channel_ids_label_str' with ptr_idx = 0 having DimsSizes = [16], but referencing variable has DimSizes = None.
    Variable has LABL_PTR_1 = 'channel_ids_label_str' with ptr_idx = 0 having DimsSizes = [16], but referencing variable has DimSizes = None.
    Variable has LABL_PTR_1 = 'channel_ids_label_str' with ptr_idx = 0 having DimsSizes = [16], but referencing variable has DimSizes = None.
    Variable has LABL_PTR_1 = 'channel_ids_label_str' with ptr_idx = 0 having DimsSizes = [16], but referencing variable has DimSizes = None.
    Variable has LABL_PTR_1 = 'channel_ids_label_str' with ptr_idx = 0 having DimsSizes = [16], but referencing variable has DimSizes = None.
  mms2_epd_feeps_srvy_l2_ion_i_j_k_label:
    Variable has LABL_PTR_1 = 'mms2_epd_feeps_srvy_l2_ion_i_j_k_label' with 3 values, but referencing variable has DimSizes[0] = 64.
    Variable has LABL_PTR_1 = 'mms2_epd_feeps_srvy_l2_ion_i_j_k_label' with 3 values, but referencing variable has DimSizes[0] = 64.
    Variable has LABL_PTR_1 = 'mms2_epd_feeps_srvy_l2_ion_i_j_k_label' with 3 values, but referencing variable has DimSizes[0] = 64.
    Variable has LABL_PTR_1 = 'mms2_epd_feeps_srvy_l2_ion_i_j_k_label' with 3 values, but referencing variable has DimSizes[0] = 64.
    Variable has LABL_PTR_1 = 'mms2_epd_feeps_srvy_l2_ion_i_j_k_label' with 3 values, but referencing variable has DimSizes[0] = 64.
    Variable has LABL_PTR_1 = 'mms2_epd_feeps_srvy_l2_ion_i_j_k_label' with 3 values, but referencing variable has DimSizes[0] = 64.
    Variable has LABL_PTR_1 = 'mms2_epd_feeps_srvy_l2_ion_i_j_k_label' with 3 values, but referencing variable has DimSizes[0] = 64.
    Variable has LABL_PTR_1 = 'mms2_epd_feeps_srvy_l2_ion_i_j_k_label' with 3 values, but referencing variable has DimSizes[0] = 64.
    Variable has LABL_PTR_1 = 'mms2_epd_feeps_srvy_l2_ion_i_j_k_label' with 3 values, but referencing variable has DimSizes[0] = 64.
    Variable has LABL_PTR_1 = 'mms2_epd_feeps_srvy_l2_ion_i_j_k_label' with 3 values, but referencing variable has DimSizes[0] = 64.
    Variable has LABL_PTR_1 = 'mms2_epd_feeps_srvy_l2_ion_i_j_k_label' with 3 values, but referencing variable has DimSizes[0] = 64.
    Variable has LABL_PTR_1 = 'mms2_epd_feeps_srvy_l2_ion_i_j_k_label' with 3 values, but referencing variable has DimSizes[0] = 64.
MMS3_FEEPS_BRST_L2_ELECTRON | CDF.PtrSize.Mismatch:
  channel_ids_label_str:
    Variable has LABL_PTR_1 = 'channel_ids_label_str' with ptr_idx = 0 having DimsSizes = [16], but referencing variable has DimSizes = None.
    Variable has LABL_PTR_1 = 'channel_ids_label_str' with ptr_idx = 0 having DimsSizes = [16], but referencing variable has DimSizes = None.
    Variable has LABL_PTR_1 = 'channel_ids_label_str' with ptr_idx = 0 having DimsSizes = [16], but referencing variable has DimSizes = None.
    Variable has LABL_PTR_1 = 'channel_ids_label_str' with ptr_idx = 0 having DimsSizes = [16], but referencing variable has DimSizes = None.
    Variable has LABL_PTR_1 = 'channel_ids_label_str' with ptr_idx = 0 having DimsSizes = [16], but referencing variable has DimSizes = None.
    Variable has LABL_PTR_1 = 'channel_ids_label_str' with ptr_idx = 0 having DimsSizes = [16], but referencing variable has DimSizes = None.
    Variable has LABL_PTR_1 = 'channel_ids_label_str' with ptr_idx = 0 having DimsSizes = [16], but referencing variable has DimSizes = None.
    Variable has LABL_PTR_1 = 'channel_ids_label_str' with ptr_idx = 0 having DimsSizes = [16], but referencing variable has DimSizes = None.
    Variable has LABL_PTR_1 = 'channel_ids_label_str' with ptr_idx = 0 having DimsSizes = [16], but referencing variable has DimSizes = None.
    Variable has LABL_PTR_1 = 'channel_ids_label_str' with ptr_idx = 0 having DimsSizes = [16], but referencing variable has DimSizes = None.
    Variable has LABL_PTR_1 = 'channel_ids_label_str' with ptr_idx = 0 having DimsSizes = [16], but referencing variable has DimSizes = None.
    Variable has LABL_PTR_1 = 'channel_ids_label_str' with ptr_idx = 0 having DimsSizes = [16], but referencing variable has DimSizes = None.
    Variable has LABL_PTR_1 = 'channel_ids_label_str' with ptr_idx = 0 having DimsSizes = [16], but referencing variable has DimSizes = None.
    Variable has LABL_PTR_1 = 'channel_ids_label_str' with ptr_idx = 0 having DimsSizes = [16], but referencing variable has DimSizes = None.
    Variable has LABL_PTR_1 = 'channel_ids_label_str' with ptr_idx = 0 having DimsSizes = [16], but referencing variable has DimSizes = None.
    Variable has LABL_PTR_1 = 'channel_ids_label_str' with ptr_idx = 0 having DimsSizes = [16], but referencing variable has DimSizes = None.
    Variable has LABL_PTR_1 = 'channel_ids_label_str' with ptr_idx = 0 having DimsSizes = [16], but referencing variable has DimSizes = None.
    Variable has LABL_PTR_1 = 'channel_ids_label_str' with ptr_idx = 0 having DimsSizes = [16], but referencing variable has DimSizes = None.
  mms3_epd_feeps_brst_l2_electron_i_j_k_label:
    Variable has LABL_PTR_1 = 'mms3_epd_feeps_brst_l2_electron_i_j_k_label' with 3 values, but referencing variable has DimSizes[0] = 64.
    Variable has LABL_PTR_1 = 'mms3_epd_feeps_brst_l2_electron_i_j_k_label' with 3 values, but referencing variable has DimSizes[0] = 64.
    Variable has LABL_PTR_1 = 'mms3_epd_feeps_brst_l2_electron_i_j_k_label' with 3 values, but referencing variable has DimSizes[0] = 64.
    Variable has LABL_PTR_1 = 'mms3_epd_feeps_brst_l2_electron_i_j_k_label' with 3 values, but referencing variable has DimSizes[0] = 64.
    Variable has LABL_PTR_1 = 'mms3_epd_feeps_brst_l2_electron_i_j_k_label' with 3 values, but referencing variable has DimSizes[0] = 64.
    Variable has LABL_PTR_1 = 'mms3_epd_feeps_brst_l2_electron_i_j_k_label' with 3 values, but referencing variable has DimSizes[0] = 64.
    Variable has LABL_PTR_1 = 'mms3_epd_feeps_brst_l2_electron_i_j_k_label' with 3 values, but referencing variable has DimSizes[0] = 64.
    Variable has LABL_PTR_1 = 'mms3_epd_feeps_brst_l2_electron_i_j_k_label' with 3 values, but referencing variable has DimSizes[0] = 64.
    Variable has LABL_PTR_1 = 'mms3_epd_feeps_brst_l2_electron_i_j_k_label' with 3 values, but referencing variable has DimSizes[0] = 64.
    Variable has LABL_PTR_1 = 'mms3_epd_feeps_brst_l2_electron_i_j_k_label' with 3 values, but referencing variable has DimSizes[0] = 64.
    Variable has LABL_PTR_1 = 'mms3_epd_feeps_brst_l2_electron_i_j_k_label' with 3 values, but referencing variable has DimSizes[0] = 64.
    Variable has LABL_PTR_1 = 'mms3_epd_feeps_brst_l2_electron_i_j_k_label' with 3 values, but referencing variable has DimSizes[0] = 64.
    Variable has LABL_PTR_1 = 'mms3_epd_feeps_brst_l2_electron_i_j_k_label' with 3 values, but referencing variable has DimSizes[0] = 64.
    Variable has LABL_PTR_1 = 'mms3_epd_feeps_brst_l2_electron_i_j_k_label' with 3 values, but referencing variable has DimSizes[0] = 64.
    Variable has LABL_PTR_1 = 'mms3_epd_feeps_brst_l2_electron_i_j_k_label' with 3 values, but referencing variable has DimSizes[0] = 64.
    Variable has LABL_PTR_1 = 'mms3_epd_feeps_brst_l2_electron_i_j_k_label' with 3 values, but referencing variable has DimSizes[0] = 64.
    Variable has LABL_PTR_1 = 'mms3_epd_feeps_brst_l2_electron_i_j_k_label' with 3 values, but referencing variable has DimSizes[0] = 64.
    Variable has LABL_PTR_1 = 'mms3_epd_feeps_brst_l2_electron_i_j_k_label' with 3 values, but referencing variable has DimSizes[0] = 64.
    Variable has LABL_PTR_1 = 'mms3_epd_feeps_brst_l2_electron_i_j_k_label' with 3 values, but referencing variable has DimSizes[0] = 64.
    Variable has LABL_PTR_1 = 'mms3_epd_feeps_brst_l2_electron_i_j_k_label' with 3 values, but referencing variable has DimSizes[0] = 64.
    Variable has LABL_PTR_1 = 'mms3_epd_feeps_brst_l2_electron_i_j_k_label' with 3 values, but referencing variable has DimSizes[0] = 64.
    Variable has LABL_PTR_1 = 'mms3_epd_feeps_brst_l2_electron_i_j_k_label' with 3 values, but referencing variable has DimSizes[0] = 64.
    Variable has LABL_PTR_1 = 'mms3_epd_feeps_brst_l2_electron_i_j_k_label' with 3 values, but referencing variable has DimSizes[0] = 64.
    Variable has LABL_PTR_1 = 'mms3_epd_feeps_brst_l2_electron_i_j_k_label' with 3 values, but referencing variable has DimSizes[0] = 64.
    Variable has LABL_PTR_1 = 'mms3_epd_feeps_brst_l2_electron_i_j_k_label' with 3 values, but referencing variable has DimSizes[0] = 64.
    Variable has LABL_PTR_1 = 'mms3_epd_feeps_brst_l2_electron_i_j_k_label' with 3 values, but referencing variable has DimSizes[0] = 64.
    Variable has LABL_PTR_1 = 'mms3_epd_feeps_brst_l2_electron_i_j_k_label' with 3 values, but referencing variable has DimSizes[0] = 64.
    Variable has LABL_PTR_1 = 'mms3_epd_feeps_brst_l2_electron_i_j_k_label' with 3 values, but referencing variable has DimSizes[0] = 64.
    Variable has LABL_PTR_1 = 'mms3_epd_feeps_brst_l2_electron_i_j_k_label' with 3 values, but referencing variable has DimSizes[0] = 64.
    Variable has LABL_PTR_1 = 'mms3_epd_feeps_brst_l2_electron_i_j_k_label' with 3 values, but referencing variable has DimSizes[0] = 64.
    Variable has LABL_PTR_1 = 'mms3_epd_feeps_brst_l2_electron_i_j_k_label' with 3 values, but referencing variable has DimSizes[0] = 64.
    Variable has LABL_PTR_1 = 'mms3_epd_feeps_brst_l2_electron_i_j_k_label' with 3 values, but referencing variable has DimSizes[0] = 64.
    Variable has LABL_PTR_1 = 'mms3_epd_feeps_brst_l2_electron_i_j_k_label' with 3 values, but referencing variable has DimSizes[0] = 64.
    Variable has LABL_PTR_1 = 'mms3_epd_feeps_brst_l2_electron_i_j_k_label' with 3 values, but referencing variable has DimSizes[0] = 64.
    Variable has LABL_PTR_1 = 'mms3_epd_feeps_brst_l2_electron_i_j_k_label' with 3 values, but referencing variable has DimSizes[0] = 64.
    Variable has LABL_PTR_1 = 'mms3_epd_feeps_brst_l2_electron_i_j_k_label' with 3 values, but referencing variable has DimSizes[0] = 64.
MMS3_FEEPS_BRST_L2_ION | CDF.PtrSize.Mismatch:
  channel_ids_label_str:
    Variable has LABL_PTR_1 = 'channel_ids_label_str' with ptr_idx = 0 having DimsSizes = [16], but referencing variable has DimSizes = None.
    Variable has LABL_PTR_1 = 'channel_ids_label_str' with ptr_idx = 0 having DimsSizes = [16], but referencing variable has DimSizes = None.
    Variable has LABL_PTR_1 = 'channel_ids_label_str' with ptr_idx = 0 having DimsSizes = [16], but referencing variable has DimSizes = None.
    Variable has LABL_PTR_1 = 'channel_ids_label_str' with ptr_idx = 0 having DimsSizes = [16], but referencing variable has DimSizes = None.
    Variable has LABL_PTR_1 = 'channel_ids_label_str' with ptr_idx = 0 having DimsSizes = [16], but referencing variable has DimSizes = None.
    Variable has LABL_PTR_1 = 'channel_ids_label_str' with ptr_idx = 0 having DimsSizes = [16], but referencing variable has DimSizes = None.
  mms3_epd_feeps_brst_l2_ion_i_j_k_label:
    Variable has LABL_PTR_1 = 'mms3_epd_feeps_brst_l2_ion_i_j_k_label' with 3 values, but referencing variable has DimSizes[0] = 64.
    Variable has LABL_PTR_1 = 'mms3_epd_feeps_brst_l2_ion_i_j_k_label' with 3 values, but referencing variable has DimSizes[0] = 64.
    Variable has LABL_PTR_1 = 'mms3_epd_feeps_brst_l2_ion_i_j_k_label' with 3 values, but referencing variable has DimSizes[0] = 64.
    Variable has LABL_PTR_1 = 'mms3_epd_feeps_brst_l2_ion_i_j_k_label' with 3 values, but referencing variable has DimSizes[0] = 64.
    Variable has LABL_PTR_1 = 'mms3_epd_feeps_brst_l2_ion_i_j_k_label' with 3 values, but referencing variable has DimSizes[0] = 64.
    Variable has LABL_PTR_1 = 'mms3_epd_feeps_brst_l2_ion_i_j_k_label' with 3 values, but referencing variable has DimSizes[0] = 64.
    Variable has LABL_PTR_1 = 'mms3_epd_feeps_brst_l2_ion_i_j_k_label' with 3 values, but referencing variable has DimSizes[0] = 64.
    Variable has LABL_PTR_1 = 'mms3_epd_feeps_brst_l2_ion_i_j_k_label' with 3 values, but referencing variable has DimSizes[0] = 64.
    Variable has LABL_PTR_1 = 'mms3_epd_feeps_brst_l2_ion_i_j_k_label' with 3 values, but referencing variable has DimSizes[0] = 64.
    Variable has LABL_PTR_1 = 'mms3_epd_feeps_brst_l2_ion_i_j_k_label' with 3 values, but referencing variable has DimSizes[0] = 64.
    Variable has LABL_PTR_1 = 'mms3_epd_feeps_brst_l2_ion_i_j_k_label' with 3 values, but referencing variable has DimSizes[0] = 64.
    Variable has LABL_PTR_1 = 'mms3_epd_feeps_brst_l2_ion_i_j_k_label' with 3 values, but referencing variable has DimSizes[0] = 64.
MMS3_FEEPS_SRVY_L2_ELECTRON | CDF.PtrSize.Mismatch:
  channel_ids_label_str:
    Variable has LABL_PTR_1 = 'channel_ids_label_str' with ptr_idx = 0 having DimsSizes = [16], but referencing variable has DimSizes = None.
    Variable has LABL_PTR_1 = 'channel_ids_label_str' with ptr_idx = 0 having DimsSizes = [16], but referencing variable has DimSizes = None.
    Variable has LABL_PTR_1 = 'channel_ids_label_str' with ptr_idx = 0 having DimsSizes = [16], but referencing variable has DimSizes = None.
    Variable has LABL_PTR_1 = 'channel_ids_label_str' with ptr_idx = 0 having DimsSizes = [16], but referencing variable has DimSizes = None.
    Variable has LABL_PTR_1 = 'channel_ids_label_str' with ptr_idx = 0 having DimsSizes = [16], but referencing variable has DimSizes = None.
    Variable has LABL_PTR_1 = 'channel_ids_label_str' with ptr_idx = 0 having DimsSizes = [16], but referencing variable has DimSizes = None.
    Variable has LABL_PTR_1 = 'channel_ids_label_str' with ptr_idx = 0 having DimsSizes = [16], but referencing variable has DimSizes = None.
    Variable has LABL_PTR_1 = 'channel_ids_label_str' with ptr_idx = 0 having DimsSizes = [16], but referencing variable has DimSizes = None.
    Variable has LABL_PTR_1 = 'channel_ids_label_str' with ptr_idx = 0 having DimsSizes = [16], but referencing variable has DimSizes = None.
    Variable has LABL_PTR_1 = 'channel_ids_label_str' with ptr_idx = 0 having DimsSizes = [16], but referencing variable has DimSizes = None.
    Variable has LABL_PTR_1 = 'channel_ids_label_str' with ptr_idx = 0 having DimsSizes = [16], but referencing variable has DimSizes = None.
    Variable has LABL_PTR_1 = 'channel_ids_label_str' with ptr_idx = 0 having DimsSizes = [16], but referencing variable has DimSizes = None.
    Variable has LABL_PTR_1 = 'channel_ids_label_str' with ptr_idx = 0 having DimsSizes = [16], but referencing variable has DimSizes = None.
    Variable has LABL_PTR_1 = 'channel_ids_label_str' with ptr_idx = 0 having DimsSizes = [16], but referencing variable has DimSizes = None.
    Variable has LABL_PTR_1 = 'channel_ids_label_str' with ptr_idx = 0 having DimsSizes = [16], but referencing variable has DimSizes = None.
    Variable has LABL_PTR_1 = 'channel_ids_label_str' with ptr_idx = 0 having DimsSizes = [16], but referencing variable has DimSizes = None.
    Variable has LABL_PTR_1 = 'channel_ids_label_str' with ptr_idx = 0 having DimsSizes = [16], but referencing variable has DimSizes = None.
    Variable has LABL_PTR_1 = 'channel_ids_label_str' with ptr_idx = 0 having DimsSizes = [16], but referencing variable has DimSizes = None.
  mms3_epd_feeps_srvy_l2_electron_i_j_k_label:
    Variable has LABL_PTR_1 = 'mms3_epd_feeps_srvy_l2_electron_i_j_k_label' with 3 values, but referencing variable has DimSizes[0] = 64.
    Variable has LABL_PTR_1 = 'mms3_epd_feeps_srvy_l2_electron_i_j_k_label' with 3 values, but referencing variable has DimSizes[0] = 64.
    Variable has LABL_PTR_1 = 'mms3_epd_feeps_srvy_l2_electron_i_j_k_label' with 3 values, but referencing variable has DimSizes[0] = 64.
    Variable has LABL_PTR_1 = 'mms3_epd_feeps_srvy_l2_electron_i_j_k_label' with 3 values, but referencing variable has DimSizes[0] = 64.
    Variable has LABL_PTR_1 = 'mms3_epd_feeps_srvy_l2_electron_i_j_k_label' with 3 values, but referencing variable has DimSizes[0] = 64.
    Variable has LABL_PTR_1 = 'mms3_epd_feeps_srvy_l2_electron_i_j_k_label' with 3 values, but referencing variable has DimSizes[0] = 64.
    Variable has LABL_PTR_1 = 'mms3_epd_feeps_srvy_l2_electron_i_j_k_label' with 3 values, but referencing variable has DimSizes[0] = 64.
    Variable has LABL_PTR_1 = 'mms3_epd_feeps_srvy_l2_electron_i_j_k_label' with 3 values, but referencing variable has DimSizes[0] = 64.
    Variable has LABL_PTR_1 = 'mms3_epd_feeps_srvy_l2_electron_i_j_k_label' with 3 values, but referencing variable has DimSizes[0] = 64.
    Variable has LABL_PTR_1 = 'mms3_epd_feeps_srvy_l2_electron_i_j_k_label' with 3 values, but referencing variable has DimSizes[0] = 64.
    Variable has LABL_PTR_1 = 'mms3_epd_feeps_srvy_l2_electron_i_j_k_label' with 3 values, but referencing variable has DimSizes[0] = 64.
    Variable has LABL_PTR_1 = 'mms3_epd_feeps_srvy_l2_electron_i_j_k_label' with 3 values, but referencing variable has DimSizes[0] = 64.
    Variable has LABL_PTR_1 = 'mms3_epd_feeps_srvy_l2_electron_i_j_k_label' with 3 values, but referencing variable has DimSizes[0] = 64.
    Variable has LABL_PTR_1 = 'mms3_epd_feeps_srvy_l2_electron_i_j_k_label' with 3 values, but referencing variable has DimSizes[0] = 64.
    Variable has LABL_PTR_1 = 'mms3_epd_feeps_srvy_l2_electron_i_j_k_label' with 3 values, but referencing variable has DimSizes[0] = 64.
    Variable has LABL_PTR_1 = 'mms3_epd_feeps_srvy_l2_electron_i_j_k_label' with 3 values, but referencing variable has DimSizes[0] = 64.
    Variable has LABL_PTR_1 = 'mms3_epd_feeps_srvy_l2_electron_i_j_k_label' with 3 values, but referencing variable has DimSizes[0] = 64.
    Variable has LABL_PTR_1 = 'mms3_epd_feeps_srvy_l2_electron_i_j_k_label' with 3 values, but referencing variable has DimSizes[0] = 64.
    Variable has LABL_PTR_1 = 'mms3_epd_feeps_srvy_l2_electron_i_j_k_label' with 3 values, but referencing variable has DimSizes[0] = 64.
    Variable has LABL_PTR_1 = 'mms3_epd_feeps_srvy_l2_electron_i_j_k_label' with 3 values, but referencing variable has DimSizes[0] = 64.
    Variable has LABL_PTR_1 = 'mms3_epd_feeps_srvy_l2_electron_i_j_k_label' with 3 values, but referencing variable has DimSizes[0] = 64.
    Variable has LABL_PTR_1 = 'mms3_epd_feeps_srvy_l2_electron_i_j_k_label' with 3 values, but referencing variable has DimSizes[0] = 64.
    Variable has LABL_PTR_1 = 'mms3_epd_feeps_srvy_l2_electron_i_j_k_label' with 3 values, but referencing variable has DimSizes[0] = 64.
    Variable has LABL_PTR_1 = 'mms3_epd_feeps_srvy_l2_electron_i_j_k_label' with 3 values, but referencing variable has DimSizes[0] = 64.
    Variable has LABL_PTR_1 = 'mms3_epd_feeps_srvy_l2_electron_i_j_k_label' with 3 values, but referencing variable has DimSizes[0] = 64.
    Variable has LABL_PTR_1 = 'mms3_epd_feeps_srvy_l2_electron_i_j_k_label' with 3 values, but referencing variable has DimSizes[0] = 64.
    Variable has LABL_PTR_1 = 'mms3_epd_feeps_srvy_l2_electron_i_j_k_label' with 3 values, but referencing variable has DimSizes[0] = 64.
    Variable has LABL_PTR_1 = 'mms3_epd_feeps_srvy_l2_electron_i_j_k_label' with 3 values, but referencing variable has DimSizes[0] = 64.
    Variable has LABL_PTR_1 = 'mms3_epd_feeps_srvy_l2_electron_i_j_k_label' with 3 values, but referencing variable has DimSizes[0] = 64.
    Variable has LABL_PTR_1 = 'mms3_epd_feeps_srvy_l2_electron_i_j_k_label' with 3 values, but referencing variable has DimSizes[0] = 64.
    Variable has LABL_PTR_1 = 'mms3_epd_feeps_srvy_l2_electron_i_j_k_label' with 3 values, but referencing variable has DimSizes[0] = 64.
    Variable has LABL_PTR_1 = 'mms3_epd_feeps_srvy_l2_electron_i_j_k_label' with 3 values, but referencing variable has DimSizes[0] = 64.
    Variable has LABL_PTR_1 = 'mms3_epd_feeps_srvy_l2_electron_i_j_k_label' with 3 values, but referencing variable has DimSizes[0] = 64.
    Variable has LABL_PTR_1 = 'mms3_epd_feeps_srvy_l2_electron_i_j_k_label' with 3 values, but referencing variable has DimSizes[0] = 64.
    Variable has LABL_PTR_1 = 'mms3_epd_feeps_srvy_l2_electron_i_j_k_label' with 3 values, but referencing variable has DimSizes[0] = 64.
    Variable has LABL_PTR_1 = 'mms3_epd_feeps_srvy_l2_electron_i_j_k_label' with 3 values, but referencing variable has DimSizes[0] = 64.
MMS3_FEEPS_SRVY_L2_ION | CDF.PtrSize.Mismatch:
  channel_ids_label_str:
    Variable has LABL_PTR_1 = 'channel_ids_label_str' with ptr_idx = 0 having DimsSizes = [16], but referencing variable has DimSizes = None.
    Variable has LABL_PTR_1 = 'channel_ids_label_str' with ptr_idx = 0 having DimsSizes = [16], but referencing variable has DimSizes = None.
    Variable has LABL_PTR_1 = 'channel_ids_label_str' with ptr_idx = 0 having DimsSizes = [16], but referencing variable has DimSizes = None.
    Variable has LABL_PTR_1 = 'channel_ids_label_str' with ptr_idx = 0 having DimsSizes = [16], but referencing variable has DimSizes = None.
    Variable has LABL_PTR_1 = 'channel_ids_label_str' with ptr_idx = 0 having DimsSizes = [16], but referencing variable has DimSizes = None.
    Variable has LABL_PTR_1 = 'channel_ids_label_str' with ptr_idx = 0 having DimsSizes = [16], but referencing variable has DimSizes = None.
  mms3_epd_feeps_srvy_l2_ion_i_j_k_label:
    Variable has LABL_PTR_1 = 'mms3_epd_feeps_srvy_l2_ion_i_j_k_label' with 3 values, but referencing variable has DimSizes[0] = 64.
    Variable has LABL_PTR_1 = 'mms3_epd_feeps_srvy_l2_ion_i_j_k_label' with 3 values, but referencing variable has DimSizes[0] = 64.
    Variable has LABL_PTR_1 = 'mms3_epd_feeps_srvy_l2_ion_i_j_k_label' with 3 values, but referencing variable has DimSizes[0] = 64.
    Variable has LABL_PTR_1 = 'mms3_epd_feeps_srvy_l2_ion_i_j_k_label' with 3 values, but referencing variable has DimSizes[0] = 64.
    Variable has LABL_PTR_1 = 'mms3_epd_feeps_srvy_l2_ion_i_j_k_label' with 3 values, but referencing variable has DimSizes[0] = 64.
    Variable has LABL_PTR_1 = 'mms3_epd_feeps_srvy_l2_ion_i_j_k_label' with 3 values, but referencing variable has DimSizes[0] = 64.
    Variable has LABL_PTR_1 = 'mms3_epd_feeps_srvy_l2_ion_i_j_k_label' with 3 values, but referencing variable has DimSizes[0] = 64.
    Variable has LABL_PTR_1 = 'mms3_epd_feeps_srvy_l2_ion_i_j_k_label' with 3 values, but referencing variable has DimSizes[0] = 64.
    Variable has LABL_PTR_1 = 'mms3_epd_feeps_srvy_l2_ion_i_j_k_label' with 3 values, but referencing variable has DimSizes[0] = 64.
    Variable has LABL_PTR_1 = 'mms3_epd_feeps_srvy_l2_ion_i_j_k_label' with 3 values, but referencing variable has DimSizes[0] = 64.
    Variable has LABL_PTR_1 = 'mms3_epd_feeps_srvy_l2_ion_i_j_k_label' with 3 values, but referencing variable has DimSizes[0] = 64.
    Variable has LABL_PTR_1 = 'mms3_epd_feeps_srvy_l2_ion_i_j_k_label' with 3 values, but referencing variable has DimSizes[0] = 64.
MMS4_EDP_BRST_L2_DCE | CDF.PtrSize.Mismatch:
  mms4_edp_label1_brst_l2: Variable has LABL_PTR_1 = 'mms4_edp_label1_brst_l2' with 3 values, but referencing variable has DimSizes[0] = 2.
MMS4_EDP_FAST_L2_DCE | CDF.PtrSize.Mismatch:
  mms4_edp_label1_fast_l2:
    Variable has LABL_PTR_1 = 'mms4_edp_label1_fast_l2' with 2 values, but referencing variable has DimSizes[0] = 3.
    Variable has LABL_PTR_1 = 'mms4_edp_label1_fast_l2' with 2 values, but referencing variable has DimSizes[0] = 3.
MMS4_EDP_SLOW_L2_DCE | CDF.PtrSize.Mismatch:
  mms4_edp_label1_slow_l2:
    Variable has LABL_PTR_1 = 'mms4_edp_label1_slow_l2' with 2 values, but referencing variable has DimSizes[0] = 3.
    Variable has LABL_PTR_1 = 'mms4_edp_label1_slow_l2' with 2 values, but referencing variable has DimSizes[0] = 3.
MMS4_FEEPS_BRST_L2_ELECTRON | CDF.PtrSize.Mismatch:
  channel_ids_label_str:
    Variable has LABL_PTR_1 = 'channel_ids_label_str' with ptr_idx = 0 having DimsSizes = [16], but referencing variable has DimSizes = None.
    Variable has LABL_PTR_1 = 'channel_ids_label_str' with ptr_idx = 0 having DimsSizes = [16], but referencing variable has DimSizes = None.
    Variable has LABL_PTR_1 = 'channel_ids_label_str' with ptr_idx = 0 having DimsSizes = [16], but referencing variable has DimSizes = None.
    Variable has LABL_PTR_1 = 'channel_ids_label_str' with ptr_idx = 0 having DimsSizes = [16], but referencing variable has DimSizes = None.
    Variable has LABL_PTR_1 = 'channel_ids_label_str' with ptr_idx = 0 having DimsSizes = [16], but referencing variable has DimSizes = None.
    Variable has LABL_PTR_1 = 'channel_ids_label_str' with ptr_idx = 0 having DimsSizes = [16], but referencing variable has DimSizes = None.
    Variable has LABL_PTR_1 = 'channel_ids_label_str' with ptr_idx = 0 having DimsSizes = [16], but referencing variable has DimSizes = None.
    Variable has LABL_PTR_1 = 'channel_ids_label_str' with ptr_idx = 0 having DimsSizes = [16], but referencing variable has DimSizes = None.
    Variable has LABL_PTR_1 = 'channel_ids_label_str' with ptr_idx = 0 having DimsSizes = [16], but referencing variable has DimSizes = None.
    Variable has LABL_PTR_1 = 'channel_ids_label_str' with ptr_idx = 0 having DimsSizes = [16], but referencing variable has DimSizes = None.
    Variable has LABL_PTR_1 = 'channel_ids_label_str' with ptr_idx = 0 having DimsSizes = [16], but referencing variable has DimSizes = None.
    Variable has LABL_PTR_1 = 'channel_ids_label_str' with ptr_idx = 0 having DimsSizes = [16], but referencing variable has DimSizes = None.
    Variable has LABL_PTR_1 = 'channel_ids_label_str' with ptr_idx = 0 having DimsSizes = [16], but referencing variable has DimSizes = None.
    Variable has LABL_PTR_1 = 'channel_ids_label_str' with ptr_idx = 0 having DimsSizes = [16], but referencing variable has DimSizes = None.
    Variable has LABL_PTR_1 = 'channel_ids_label_str' with ptr_idx = 0 having DimsSizes = [16], but referencing variable has DimSizes = None.
    Variable has LABL_PTR_1 = 'channel_ids_label_str' with ptr_idx = 0 having DimsSizes = [16], but referencing variable has DimSizes = None.
    Variable has LABL_PTR_1 = 'channel_ids_label_str' with ptr_idx = 0 having DimsSizes = [16], but referencing variable has DimSizes = None.
    Variable has LABL_PTR_1 = 'channel_ids_label_str' with ptr_idx = 0 having DimsSizes = [16], but referencing variable has DimSizes = None.
  mms4_epd_feeps_brst_l2_electron_i_j_k_label:
    Variable has LABL_PTR_1 = 'mms4_epd_feeps_brst_l2_electron_i_j_k_label' with 3 values, but referencing variable has DimSizes[0] = 64.
    Variable has LABL_PTR_1 = 'mms4_epd_feeps_brst_l2_electron_i_j_k_label' with 3 values, but referencing variable has DimSizes[0] = 64.
    Variable has LABL_PTR_1 = 'mms4_epd_feeps_brst_l2_electron_i_j_k_label' with 3 values, but referencing variable has DimSizes[0] = 64.
    Variable has LABL_PTR_1 = 'mms4_epd_feeps_brst_l2_electron_i_j_k_label' with 3 values, but referencing variable has DimSizes[0] = 64.
    Variable has LABL_PTR_1 = 'mms4_epd_feeps_brst_l2_electron_i_j_k_label' with 3 values, but referencing variable has DimSizes[0] = 64.
    Variable has LABL_PTR_1 = 'mms4_epd_feeps_brst_l2_electron_i_j_k_label' with 3 values, but referencing variable has DimSizes[0] = 64.
    Variable has LABL_PTR_1 = 'mms4_epd_feeps_brst_l2_electron_i_j_k_label' with 3 values, but referencing variable has DimSizes[0] = 64.
    Variable has LABL_PTR_1 = 'mms4_epd_feeps_brst_l2_electron_i_j_k_label' with 3 values, but referencing variable has DimSizes[0] = 64.
    Variable has LABL_PTR_1 = 'mms4_epd_feeps_brst_l2_electron_i_j_k_label' with 3 values, but referencing variable has DimSizes[0] = 64.
    Variable has LABL_PTR_1 = 'mms4_epd_feeps_brst_l2_electron_i_j_k_label' with 3 values, but referencing variable has DimSizes[0] = 64.
    Variable has LABL_PTR_1 = 'mms4_epd_feeps_brst_l2_electron_i_j_k_label' with 3 values, but referencing variable has DimSizes[0] = 64.
    Variable has LABL_PTR_1 = 'mms4_epd_feeps_brst_l2_electron_i_j_k_label' with 3 values, but referencing variable has DimSizes[0] = 64.
    Variable has LABL_PTR_1 = 'mms4_epd_feeps_brst_l2_electron_i_j_k_label' with 3 values, but referencing variable has DimSizes[0] = 64.
    Variable has LABL_PTR_1 = 'mms4_epd_feeps_brst_l2_electron_i_j_k_label' with 3 values, but referencing variable has DimSizes[0] = 64.
    Variable has LABL_PTR_1 = 'mms4_epd_feeps_brst_l2_electron_i_j_k_label' with 3 values, but referencing variable has DimSizes[0] = 64.
    Variable has LABL_PTR_1 = 'mms4_epd_feeps_brst_l2_electron_i_j_k_label' with 3 values, but referencing variable has DimSizes[0] = 64.
    Variable has LABL_PTR_1 = 'mms4_epd_feeps_brst_l2_electron_i_j_k_label' with 3 values, but referencing variable has DimSizes[0] = 64.
    Variable has LABL_PTR_1 = 'mms4_epd_feeps_brst_l2_electron_i_j_k_label' with 3 values, but referencing variable has DimSizes[0] = 64.
    Variable has LABL_PTR_1 = 'mms4_epd_feeps_brst_l2_electron_i_j_k_label' with 3 values, but referencing variable has DimSizes[0] = 64.
    Variable has LABL_PTR_1 = 'mms4_epd_feeps_brst_l2_electron_i_j_k_label' with 3 values, but referencing variable has DimSizes[0] = 64.
    Variable has LABL_PTR_1 = 'mms4_epd_feeps_brst_l2_electron_i_j_k_label' with 3 values, but referencing variable has DimSizes[0] = 64.
    Variable has LABL_PTR_1 = 'mms4_epd_feeps_brst_l2_electron_i_j_k_label' with 3 values, but referencing variable has DimSizes[0] = 64.
    Variable has LABL_PTR_1 = 'mms4_epd_feeps_brst_l2_electron_i_j_k_label' with 3 values, but referencing variable has DimSizes[0] = 64.
    Variable has LABL_PTR_1 = 'mms4_epd_feeps_brst_l2_electron_i_j_k_label' with 3 values, but referencing variable has DimSizes[0] = 64.
    Variable has LABL_PTR_1 = 'mms4_epd_feeps_brst_l2_electron_i_j_k_label' with 3 values, but referencing variable has DimSizes[0] = 64.
    Variable has LABL_PTR_1 = 'mms4_epd_feeps_brst_l2_electron_i_j_k_label' with 3 values, but referencing variable has DimSizes[0] = 64.
    Variable has LABL_PTR_1 = 'mms4_epd_feeps_brst_l2_electron_i_j_k_label' with 3 values, but referencing variable has DimSizes[0] = 64.
    Variable has LABL_PTR_1 = 'mms4_epd_feeps_brst_l2_electron_i_j_k_label' with 3 values, but referencing variable has DimSizes[0] = 64.
    Variable has LABL_PTR_1 = 'mms4_epd_feeps_brst_l2_electron_i_j_k_label' with 3 values, but referencing variable has DimSizes[0] = 64.
    Variable has LABL_PTR_1 = 'mms4_epd_feeps_brst_l2_electron_i_j_k_label' with 3 values, but referencing variable has DimSizes[0] = 64.
    Variable has LABL_PTR_1 = 'mms4_epd_feeps_brst_l2_electron_i_j_k_label' with 3 values, but referencing variable has DimSizes[0] = 64.
    Variable has LABL_PTR_1 = 'mms4_epd_feeps_brst_l2_electron_i_j_k_label' with 3 values, but referencing variable has DimSizes[0] = 64.
    Variable has LABL_PTR_1 = 'mms4_epd_feeps_brst_l2_electron_i_j_k_label' with 3 values, but referencing variable has DimSizes[0] = 64.
    Variable has LABL_PTR_1 = 'mms4_epd_feeps_brst_l2_electron_i_j_k_label' with 3 values, but referencing variable has DimSizes[0] = 64.
    Variable has LABL_PTR_1 = 'mms4_epd_feeps_brst_l2_electron_i_j_k_label' with 3 values, but referencing variable has DimSizes[0] = 64.
    Variable has LABL_PTR_1 = 'mms4_epd_feeps_brst_l2_electron_i_j_k_label' with 3 values, but referencing variable has DimSizes[0] = 64.
MMS4_FEEPS_BRST_L2_ION | CDF.PtrSize.Mismatch:
  channel_ids_label_str:
    Variable has LABL_PTR_1 = 'channel_ids_label_str' with ptr_idx = 0 having DimsSizes = [16], but referencing variable has DimSizes = None.
    Variable has LABL_PTR_1 = 'channel_ids_label_str' with ptr_idx = 0 having DimsSizes = [16], but referencing variable has DimSizes = None.
    Variable has LABL_PTR_1 = 'channel_ids_label_str' with ptr_idx = 0 having DimsSizes = [16], but referencing variable has DimSizes = None.
    Variable has LABL_PTR_1 = 'channel_ids_label_str' with ptr_idx = 0 having DimsSizes = [16], but referencing variable has DimSizes = None.
    Variable has LABL_PTR_1 = 'channel_ids_label_str' with ptr_idx = 0 having DimsSizes = [16], but referencing variable has DimSizes = None.
    Variable has LABL_PTR_1 = 'channel_ids_label_str' with ptr_idx = 0 having DimsSizes = [16], but referencing variable has DimSizes = None.
  mms4_epd_feeps_brst_l2_ion_i_j_k_label:
    Variable has LABL_PTR_1 = 'mms4_epd_feeps_brst_l2_ion_i_j_k_label' with 3 values, but referencing variable has DimSizes[0] = 64.
    Variable has LABL_PTR_1 = 'mms4_epd_feeps_brst_l2_ion_i_j_k_label' with 3 values, but referencing variable has DimSizes[0] = 64.
    Variable has LABL_PTR_1 = 'mms4_epd_feeps_brst_l2_ion_i_j_k_label' with 3 values, but referencing variable has DimSizes[0] = 64.
    Variable has LABL_PTR_1 = 'mms4_epd_feeps_brst_l2_ion_i_j_k_label' with 3 values, but referencing variable has DimSizes[0] = 64.
    Variable has LABL_PTR_1 = 'mms4_epd_feeps_brst_l2_ion_i_j_k_label' with 3 values, but referencing variable has DimSizes[0] = 64.
    Variable has LABL_PTR_1 = 'mms4_epd_feeps_brst_l2_ion_i_j_k_label' with 3 values, but referencing variable has DimSizes[0] = 64.
    Variable has LABL_PTR_1 = 'mms4_epd_feeps_brst_l2_ion_i_j_k_label' with 3 values, but referencing variable has DimSizes[0] = 64.
    Variable has LABL_PTR_1 = 'mms4_epd_feeps_brst_l2_ion_i_j_k_label' with 3 values, but referencing variable has DimSizes[0] = 64.
    Variable has LABL_PTR_1 = 'mms4_epd_feeps_brst_l2_ion_i_j_k_label' with 3 values, but referencing variable has DimSizes[0] = 64.
    Variable has LABL_PTR_1 = 'mms4_epd_feeps_brst_l2_ion_i_j_k_label' with 3 values, but referencing variable has DimSizes[0] = 64.
    Variable has LABL_PTR_1 = 'mms4_epd_feeps_brst_l2_ion_i_j_k_label' with 3 values, but referencing variable has DimSizes[0] = 64.
    Variable has LABL_PTR_1 = 'mms4_epd_feeps_brst_l2_ion_i_j_k_label' with 3 values, but referencing variable has DimSizes[0] = 64.
MMS4_FEEPS_SRVY_L2_ELECTRON | CDF.PtrSize.Mismatch:
  channel_ids_label_str:
    Variable has LABL_PTR_1 = 'channel_ids_label_str' with ptr_idx = 0 having DimsSizes = [16], but referencing variable has DimSizes = None.
    Variable has LABL_PTR_1 = 'channel_ids_label_str' with ptr_idx = 0 having DimsSizes = [16], but referencing variable has DimSizes = None.
    Variable has LABL_PTR_1 = 'channel_ids_label_str' with ptr_idx = 0 having DimsSizes = [16], but referencing variable has DimSizes = None.
    Variable has LABL_PTR_1 = 'channel_ids_label_str' with ptr_idx = 0 having DimsSizes = [16], but referencing variable has DimSizes = None.
    Variable has LABL_PTR_1 = 'channel_ids_label_str' with ptr_idx = 0 having DimsSizes = [16], but referencing variable has DimSizes = None.
    Variable has LABL_PTR_1 = 'channel_ids_label_str' with ptr_idx = 0 having DimsSizes = [16], but referencing variable has DimSizes = None.
    Variable has LABL_PTR_1 = 'channel_ids_label_str' with ptr_idx = 0 having DimsSizes = [16], but referencing variable has DimSizes = None.
    Variable has LABL_PTR_1 = 'channel_ids_label_str' with ptr_idx = 0 having DimsSizes = [16], but referencing variable has DimSizes = None.
    Variable has LABL_PTR_1 = 'channel_ids_label_str' with ptr_idx = 0 having DimsSizes = [16], but referencing variable has DimSizes = None.
    Variable has LABL_PTR_1 = 'channel_ids_label_str' with ptr_idx = 0 having DimsSizes = [16], but referencing variable has DimSizes = None.
    Variable has LABL_PTR_1 = 'channel_ids_label_str' with ptr_idx = 0 having DimsSizes = [16], but referencing variable has DimSizes = None.
    Variable has LABL_PTR_1 = 'channel_ids_label_str' with ptr_idx = 0 having DimsSizes = [16], but referencing variable has DimSizes = None.
    Variable has LABL_PTR_1 = 'channel_ids_label_str' with ptr_idx = 0 having DimsSizes = [16], but referencing variable has DimSizes = None.
    Variable has LABL_PTR_1 = 'channel_ids_label_str' with ptr_idx = 0 having DimsSizes = [16], but referencing variable has DimSizes = None.
    Variable has LABL_PTR_1 = 'channel_ids_label_str' with ptr_idx = 0 having DimsSizes = [16], but referencing variable has DimSizes = None.
    Variable has LABL_PTR_1 = 'channel_ids_label_str' with ptr_idx = 0 having DimsSizes = [16], but referencing variable has DimSizes = None.
    Variable has LABL_PTR_1 = 'channel_ids_label_str' with ptr_idx = 0 having DimsSizes = [16], but referencing variable has DimSizes = None.
    Variable has LABL_PTR_1 = 'channel_ids_label_str' with ptr_idx = 0 having DimsSizes = [16], but referencing variable has DimSizes = None.
  mms4_epd_feeps_srvy_l2_electron_i_j_k_label:
    Variable has LABL_PTR_1 = 'mms4_epd_feeps_srvy_l2_electron_i_j_k_label' with 3 values, but referencing variable has DimSizes[0] = 64.
    Variable has LABL_PTR_1 = 'mms4_epd_feeps_srvy_l2_electron_i_j_k_label' with 3 values, but referencing variable has DimSizes[0] = 64.
    Variable has LABL_PTR_1 = 'mms4_epd_feeps_srvy_l2_electron_i_j_k_label' with 3 values, but referencing variable has DimSizes[0] = 64.
    Variable has LABL_PTR_1 = 'mms4_epd_feeps_srvy_l2_electron_i_j_k_label' with 3 values, but referencing variable has DimSizes[0] = 64.
    Variable has LABL_PTR_1 = 'mms4_epd_feeps_srvy_l2_electron_i_j_k_label' with 3 values, but referencing variable has DimSizes[0] = 64.
    Variable has LABL_PTR_1 = 'mms4_epd_feeps_srvy_l2_electron_i_j_k_label' with 3 values, but referencing variable has DimSizes[0] = 64.
    Variable has LABL_PTR_1 = 'mms4_epd_feeps_srvy_l2_electron_i_j_k_label' with 3 values, but referencing variable has DimSizes[0] = 64.
    Variable has LABL_PTR_1 = 'mms4_epd_feeps_srvy_l2_electron_i_j_k_label' with 3 values, but referencing variable has DimSizes[0] = 64.
    Variable has LABL_PTR_1 = 'mms4_epd_feeps_srvy_l2_electron_i_j_k_label' with 3 values, but referencing variable has DimSizes[0] = 64.
    Variable has LABL_PTR_1 = 'mms4_epd_feeps_srvy_l2_electron_i_j_k_label' with 3 values, but referencing variable has DimSizes[0] = 64.
    Variable has LABL_PTR_1 = 'mms4_epd_feeps_srvy_l2_electron_i_j_k_label' with 3 values, but referencing variable has DimSizes[0] = 64.
    Variable has LABL_PTR_1 = 'mms4_epd_feeps_srvy_l2_electron_i_j_k_label' with 3 values, but referencing variable has DimSizes[0] = 64.
    Variable has LABL_PTR_1 = 'mms4_epd_feeps_srvy_l2_electron_i_j_k_label' with 3 values, but referencing variable has DimSizes[0] = 64.
    Variable has LABL_PTR_1 = 'mms4_epd_feeps_srvy_l2_electron_i_j_k_label' with 3 values, but referencing variable has DimSizes[0] = 64.
    Variable has LABL_PTR_1 = 'mms4_epd_feeps_srvy_l2_electron_i_j_k_label' with 3 values, but referencing variable has DimSizes[0] = 64.
    Variable has LABL_PTR_1 = 'mms4_epd_feeps_srvy_l2_electron_i_j_k_label' with 3 values, but referencing variable has DimSizes[0] = 64.
    Variable has LABL_PTR_1 = 'mms4_epd_feeps_srvy_l2_electron_i_j_k_label' with 3 values, but referencing variable has DimSizes[0] = 64.
    Variable has LABL_PTR_1 = 'mms4_epd_feeps_srvy_l2_electron_i_j_k_label' with 3 values, but referencing variable has DimSizes[0] = 64.
    Variable has LABL_PTR_1 = 'mms4_epd_feeps_srvy_l2_electron_i_j_k_label' with 3 values, but referencing variable has DimSizes[0] = 64.
    Variable has LABL_PTR_1 = 'mms4_epd_feeps_srvy_l2_electron_i_j_k_label' with 3 values, but referencing variable has DimSizes[0] = 64.
    Variable has LABL_PTR_1 = 'mms4_epd_feeps_srvy_l2_electron_i_j_k_label' with 3 values, but referencing variable has DimSizes[0] = 64.
    Variable has LABL_PTR_1 = 'mms4_epd_feeps_srvy_l2_electron_i_j_k_label' with 3 values, but referencing variable has DimSizes[0] = 64.
    Variable has LABL_PTR_1 = 'mms4_epd_feeps_srvy_l2_electron_i_j_k_label' with 3 values, but referencing variable has DimSizes[0] = 64.
    Variable has LABL_PTR_1 = 'mms4_epd_feeps_srvy_l2_electron_i_j_k_label' with 3 values, but referencing variable has DimSizes[0] = 64.
    Variable has LABL_PTR_1 = 'mms4_epd_feeps_srvy_l2_electron_i_j_k_label' with 3 values, but referencing variable has DimSizes[0] = 64.
    Variable has LABL_PTR_1 = 'mms4_epd_feeps_srvy_l2_electron_i_j_k_label' with 3 values, but referencing variable has DimSizes[0] = 64.
    Variable has LABL_PTR_1 = 'mms4_epd_feeps_srvy_l2_electron_i_j_k_label' with 3 values, but referencing variable has DimSizes[0] = 64.
    Variable has LABL_PTR_1 = 'mms4_epd_feeps_srvy_l2_electron_i_j_k_label' with 3 values, but referencing variable has DimSizes[0] = 64.
    Variable has LABL_PTR_1 = 'mms4_epd_feeps_srvy_l2_electron_i_j_k_label' with 3 values, but referencing variable has DimSizes[0] = 64.
    Variable has LABL_PTR_1 = 'mms4_epd_feeps_srvy_l2_electron_i_j_k_label' with 3 values, but referencing variable has DimSizes[0] = 64.
    Variable has LABL_PTR_1 = 'mms4_epd_feeps_srvy_l2_electron_i_j_k_label' with 3 values, but referencing variable has DimSizes[0] = 64.
    Variable has LABL_PTR_1 = 'mms4_epd_feeps_srvy_l2_electron_i_j_k_label' with 3 values, but referencing variable has DimSizes[0] = 64.
    Variable has LABL_PTR_1 = 'mms4_epd_feeps_srvy_l2_electron_i_j_k_label' with 3 values, but referencing variable has DimSizes[0] = 64.
    Variable has LABL_PTR_1 = 'mms4_epd_feeps_srvy_l2_electron_i_j_k_label' with 3 values, but referencing variable has DimSizes[0] = 64.
    Variable has LABL_PTR_1 = 'mms4_epd_feeps_srvy_l2_electron_i_j_k_label' with 3 values, but referencing variable has DimSizes[0] = 64.
    Variable has LABL_PTR_1 = 'mms4_epd_feeps_srvy_l2_electron_i_j_k_label' with 3 values, but referencing variable has DimSizes[0] = 64.
MMS4_FEEPS_SRVY_L2_ION | CDF.PtrSize.Mismatch:
  channel_ids_label_str:
    Variable has LABL_PTR_1 = 'channel_ids_label_str' with ptr_idx = 0 having DimsSizes = [16], but referencing variable has DimSizes = None.
    Variable has LABL_PTR_1 = 'channel_ids_label_str' with ptr_idx = 0 having DimsSizes = [16], but referencing variable has DimSizes = None.
    Variable has LABL_PTR_1 = 'channel_ids_label_str' with ptr_idx = 0 having DimsSizes = [16], but referencing variable has DimSizes = None.
    Variable has LABL_PTR_1 = 'channel_ids_label_str' with ptr_idx = 0 having DimsSizes = [16], but referencing variable has DimSizes = None.
    Variable has LABL_PTR_1 = 'channel_ids_label_str' with ptr_idx = 0 having DimsSizes = [16], but referencing variable has DimSizes = None.
    Variable has LABL_PTR_1 = 'channel_ids_label_str' with ptr_idx = 0 having DimsSizes = [16], but referencing variable has DimSizes = None.
  mms4_epd_feeps_srvy_l2_ion_i_j_k_label:
    Variable has LABL_PTR_1 = 'mms4_epd_feeps_srvy_l2_ion_i_j_k_label' with 3 values, but referencing variable has DimSizes[0] = 64.
    Variable has LABL_PTR_1 = 'mms4_epd_feeps_srvy_l2_ion_i_j_k_label' with 3 values, but referencing variable has DimSizes[0] = 64.
    Variable has LABL_PTR_1 = 'mms4_epd_feeps_srvy_l2_ion_i_j_k_label' with 3 values, but referencing variable has DimSizes[0] = 64.
    Variable has LABL_PTR_1 = 'mms4_epd_feeps_srvy_l2_ion_i_j_k_label' with 3 values, but referencing variable has DimSizes[0] = 64.
    Variable has LABL_PTR_1 = 'mms4_epd_feeps_srvy_l2_ion_i_j_k_label' with 3 values, but referencing variable has DimSizes[0] = 64.
    Variable has LABL_PTR_1 = 'mms4_epd_feeps_srvy_l2_ion_i_j_k_label' with 3 values, but referencing variable has DimSizes[0] = 64.
    Variable has LABL_PTR_1 = 'mms4_epd_feeps_srvy_l2_ion_i_j_k_label' with 3 values, but referencing variable has DimSizes[0] = 64.
    Variable has LABL_PTR_1 = 'mms4_epd_feeps_srvy_l2_ion_i_j_k_label' with 3 values, but referencing variable has DimSizes[0] = 64.
    Variable has LABL_PTR_1 = 'mms4_epd_feeps_srvy_l2_ion_i_j_k_label' with 3 values, but referencing variable has DimSizes[0] = 64.
    Variable has LABL_PTR_1 = 'mms4_epd_feeps_srvy_l2_ion_i_j_k_label' with 3 values, but referencing variable has DimSizes[0] = 64.
    Variable has LABL_PTR_1 = 'mms4_epd_feeps_srvy_l2_ion_i_j_k_label' with 3 values, but referencing variable has DimSizes[0] = 64.
    Variable has LABL_PTR_1 = 'mms4_epd_feeps_srvy_l2_ion_i_j_k_label' with 3 values, but referencing variable has DimSizes[0] = 64.
MVN_STA_L2_D9-12R64E | CDF.PtrSize.Mismatch:
  rate_labels: Variable has LABL_PTR_1 = 'rate_labels' with 12 values, but referencing variable has DimSizes[0] = 64.
  rates_energy_labl_64: Variable has LABL_PTR_2 = 'rates_energy_labl_64' with 64 values, but referencing variable has DimSizes[1] = 12.
PSP_ISOIS-EPIHI_L2-HET-RATES300 | CDF.PtrSize.Mismatch:
  HET_R17_SECTORS_LABL:
    Variable has LABL_PTR_2 = 'HET_R17_SECTORS_LABL' with ptr_idx = 1 which is greater than len(DimSizes) = 1 of referencing variable.
    Variable has LABL_PTR_2 = 'HET_R17_SECTORS_LABL' with ptr_idx = 1 which is greater than len(DimSizes) = 1 of referencing variable.
    Variable has LABL_PTR_2 = 'HET_R17_SECTORS_LABL' with ptr_idx = 1 which is greater than len(DimSizes) = 1 of referencing variable.
    Variable has LABL_PTR_2 = 'HET_R17_SECTORS_LABL' with ptr_idx = 1 which is greater than len(DimSizes) = 1 of referencing variable.
PSP_ISOIS-EPIHI_L2-HET-RATES3600 | CDF.PtrSize.Mismatch:
  HET_R17_SECTORS_LABL:
    Variable has LABL_PTR_2 = 'HET_R17_SECTORS_LABL' with ptr_idx = 1 which is greater than len(DimSizes) = 1 of referencing variable.
    Variable has LABL_PTR_2 = 'HET_R17_SECTORS_LABL' with ptr_idx = 1 which is greater than len(DimSizes) = 1 of referencing variable.
    Variable has LABL_PTR_2 = 'HET_R17_SECTORS_LABL' with ptr_idx = 1 which is greater than len(DimSizes) = 1 of referencing variable.
    Variable has LABL_PTR_2 = 'HET_R17_SECTORS_LABL' with ptr_idx = 1 which is greater than len(DimSizes) = 1 of referencing variable.
PSP_ISOIS-EPIHI_L2-LET1-RATES300 | CDF.PtrSize.Mismatch:
  LET1_R1_SECTORS_LABL:
    Variable has LABL_PTR_2 = 'LET1_R1_SECTORS_LABL' with ptr_idx = 1 which is greater than len(DimSizes) = 1 of referencing variable.
    Variable has LABL_PTR_2 = 'LET1_R1_SECTORS_LABL' with ptr_idx = 1 which is greater than len(DimSizes) = 1 of referencing variable.
    Variable has LABL_PTR_2 = 'LET1_R1_SECTORS_LABL' with ptr_idx = 1 which is greater than len(DimSizes) = 1 of referencing variable.
    Variable has LABL_PTR_2 = 'LET1_R1_SECTORS_LABL' with ptr_idx = 1 which is greater than len(DimSizes) = 1 of referencing variable.
    Variable has LABL_PTR_2 = 'LET1_R1_SECTORS_LABL' with ptr_idx = 1 which is greater than len(DimSizes) = 1 of referencing variable.
    Variable has LABL_PTR_2 = 'LET1_R1_SECTORS_LABL' with ptr_idx = 1 which is greater than len(DimSizes) = 1 of referencing variable.
PSP_ISOIS-EPIHI_L2-LET1-RATES3600 | CDF.PtrSize.Mismatch:
  LET1_R1_SECTORS_LABL:
    Variable has LABL_PTR_2 = 'LET1_R1_SECTORS_LABL' with ptr_idx = 1 which is greater than len(DimSizes) = 1 of referencing variable.
    Variable has LABL_PTR_2 = 'LET1_R1_SECTORS_LABL' with ptr_idx = 1 which is greater than len(DimSizes) = 1 of referencing variable.
    Variable has LABL_PTR_2 = 'LET1_R1_SECTORS_LABL' with ptr_idx = 1 which is greater than len(DimSizes) = 1 of referencing variable.
    Variable has LABL_PTR_2 = 'LET1_R1_SECTORS_LABL' with ptr_idx = 1 which is greater than len(DimSizes) = 1 of referencing variable.
    Variable has LABL_PTR_2 = 'LET1_R1_SECTORS_LABL' with ptr_idx = 1 which is greater than len(DimSizes) = 1 of referencing variable.
    Variable has LABL_PTR_2 = 'LET1_R1_SECTORS_LABL' with ptr_idx = 1 which is greater than len(DimSizes) = 1 of referencing variable.
    Variable has LABL_PTR_2 = 'LET1_R1_SECTORS_LABL' with ptr_idx = 1 which is greater than len(DimSizes) = 1 of referencing variable.
    Variable has LABL_PTR_2 = 'LET1_R1_SECTORS_LABL' with ptr_idx = 1 which is greater than len(DimSizes) = 1 of referencing variable.
    Variable has LABL_PTR_2 = 'LET1_R1_SECTORS_LABL' with ptr_idx = 1 which is greater than len(DimSizes) = 1 of referencing variable.
    Variable has LABL_PTR_2 = 'LET1_R1_SECTORS_LABL' with ptr_idx = 1 which is greater than len(DimSizes) = 1 of referencing variable.
    Variable has LABL_PTR_2 = 'LET1_R1_SECTORS_LABL' with ptr_idx = 1 which is greater than len(DimSizes) = 1 of referencing variable.
    Variable has LABL_PTR_2 = 'LET1_R1_SECTORS_LABL' with ptr_idx = 1 which is greater than len(DimSizes) = 1 of referencing variable.
    Variable has LABL_PTR_2 = 'LET1_R1_SECTORS_LABL' with ptr_idx = 1 which is greater than len(DimSizes) = 1 of referencing variable.
    Variable has LABL_PTR_2 = 'LET1_R1_SECTORS_LABL' with ptr_idx = 1 which is greater than len(DimSizes) = 1 of referencing variable.
    Variable has LABL_PTR_2 = 'LET1_R1_SECTORS_LABL' with ptr_idx = 1 which is greater than len(DimSizes) = 1 of referencing variable.
    Variable has LABL_PTR_2 = 'LET1_R1_SECTORS_LABL' with ptr_idx = 1 which is greater than len(DimSizes) = 1 of referencing variable.
    Variable has LABL_PTR_2 = 'LET1_R1_SECTORS_LABL' with ptr_idx = 1 which is greater than len(DimSizes) = 1 of referencing variable.
    Variable has LABL_PTR_2 = 'LET1_R1_SECTORS_LABL' with ptr_idx = 1 which is greater than len(DimSizes) = 1 of referencing variable.
    Variable has LABL_PTR_2 = 'LET1_R1_SECTORS_LABL' with ptr_idx = 1 which is greater than len(DimSizes) = 1 of referencing variable.
    Variable has LABL_PTR_2 = 'LET1_R1_SECTORS_LABL' with ptr_idx = 1 which is greater than len(DimSizes) = 1 of referencing variable.
    Variable has LABL_PTR_2 = 'LET1_R1_SECTORS_LABL' with ptr_idx = 1 which is greater than len(DimSizes) = 1 of referencing variable.
    Variable has LABL_PTR_2 = 'LET1_R1_SECTORS_LABL' with ptr_idx = 1 which is greater than len(DimSizes) = 1 of referencing variable.
    Variable has LABL_PTR_2 = 'LET1_R1_SECTORS_LABL' with ptr_idx = 1 which is greater than len(DimSizes) = 1 of referencing variable.
    Variable has LABL_PTR_2 = 'LET1_R1_SECTORS_LABL' with ptr_idx = 1 which is greater than len(DimSizes) = 1 of referencing variable.
    Variable has LABL_PTR_2 = 'LET1_R1_SECTORS_LABL' with ptr_idx = 1 which is greater than len(DimSizes) = 1 of referencing variable.
    Variable has LABL_PTR_2 = 'LET1_R1_SECTORS_LABL' with ptr_idx = 1 which is greater than len(DimSizes) = 1 of referencing variable.
PSP_ISOIS-EPIHI_L2-LET1-RATES60 | CDF.PtrSize.Mismatch:
  LET1_R1_SECTORS_LABL:
    Variable has LABL_PTR_2 = 'LET1_R1_SECTORS_LABL' with ptr_idx = 1 which is greater than len(DimSizes) = 1 of referencing variable.
    Variable has LABL_PTR_2 = 'LET1_R1_SECTORS_LABL' with ptr_idx = 1 which is greater than len(DimSizes) = 1 of referencing variable.
    Variable has LABL_PTR_2 = 'LET1_R1_SECTORS_LABL' with ptr_idx = 1 which is greater than len(DimSizes) = 1 of referencing variable.
    Variable has LABL_PTR_2 = 'LET1_R1_SECTORS_LABL' with ptr_idx = 1 which is greater than len(DimSizes) = 1 of referencing variable.
    Variable has LABL_PTR_2 = 'LET1_R1_SECTORS_LABL' with ptr_idx = 1 which is greater than len(DimSizes) = 1 of referencing variable.
    Variable has LABL_PTR_2 = 'LET1_R1_SECTORS_LABL' with ptr_idx = 1 which is greater than len(DimSizes) = 1 of referencing variable.
    Variable has LABL_PTR_2 = 'LET1_R1_SECTORS_LABL' with ptr_idx = 1 which is greater than len(DimSizes) = 1 of referencing variable.
    Variable has LABL_PTR_2 = 'LET1_R1_SECTORS_LABL' with ptr_idx = 1 which is greater than len(DimSizes) = 1 of referencing variable.
    Variable has LABL_PTR_2 = 'LET1_R1_SECTORS_LABL' with ptr_idx = 1 which is greater than len(DimSizes) = 1 of referencing variable.
    Variable has LABL_PTR_2 = 'LET1_R1_SECTORS_LABL' with ptr_idx = 1 which is greater than len(DimSizes) = 1 of referencing variable.
    Variable has LABL_PTR_2 = 'LET1_R1_SECTORS_LABL' with ptr_idx = 1 which is greater than len(DimSizes) = 1 of referencing variable.
    Variable has LABL_PTR_2 = 'LET1_R1_SECTORS_LABL' with ptr_idx = 1 which is greater than len(DimSizes) = 1 of referencing variable.
    Variable has LABL_PTR_2 = 'LET1_R1_SECTORS_LABL' with ptr_idx = 1 which is greater than len(DimSizes) = 1 of referencing variable.
    Variable has LABL_PTR_2 = 'LET1_R1_SECTORS_LABL' with ptr_idx = 1 which is greater than len(DimSizes) = 1 of referencing variable.
    Variable has LABL_PTR_2 = 'LET1_R1_SECTORS_LABL' with ptr_idx = 1 which is greater than len(DimSizes) = 1 of referencing variable.
    Variable has LABL_PTR_2 = 'LET1_R1_SECTORS_LABL' with ptr_idx = 1 which is greater than len(DimSizes) = 1 of referencing variable.
    Variable has LABL_PTR_2 = 'LET1_R1_SECTORS_LABL' with ptr_idx = 1 which is greater than len(DimSizes) = 1 of referencing variable.
    Variable has LABL_PTR_2 = 'LET1_R1_SECTORS_LABL' with ptr_idx = 1 which is greater than len(DimSizes) = 1 of referencing variable.
    Variable has LABL_PTR_2 = 'LET1_R1_SECTORS_LABL' with ptr_idx = 1 which is greater than len(DimSizes) = 1 of referencing variable.
    Variable has LABL_PTR_2 = 'LET1_R1_SECTORS_LABL' with ptr_idx = 1 which is greater than len(DimSizes) = 1 of referencing variable.
PSP_ISOIS-EPIHI_L2-LET2-RATES300 | CDF.PtrSize.Mismatch:
  LET2_R1_SECTORS_LABL:
    Variable has LABL_PTR_2 = 'LET2_R1_SECTORS_LABL' with ptr_idx = 1 which is greater than len(DimSizes) = 1 of referencing variable.
    Variable has LABL_PTR_2 = 'LET2_R1_SECTORS_LABL' with ptr_idx = 1 which is greater than len(DimSizes) = 1 of referencing variable.
    Variable has LABL_PTR_2 = 'LET2_R1_SECTORS_LABL' with ptr_idx = 1 which is greater than len(DimSizes) = 1 of referencing variable.
PSP_ISOIS-EPIHI_L2-LET2-RATES3600 | CDF.PtrSize.Mismatch:
  LET2_R1_SECTORS_LABL:
    Variable has LABL_PTR_2 = 'LET2_R1_SECTORS_LABL' with ptr_idx = 1 which is greater than len(DimSizes) = 1 of referencing variable.
    Variable has LABL_PTR_2 = 'LET2_R1_SECTORS_LABL' with ptr_idx = 1 which is greater than len(DimSizes) = 1 of referencing variable.
    Variable has LABL_PTR_2 = 'LET2_R1_SECTORS_LABL' with ptr_idx = 1 which is greater than len(DimSizes) = 1 of referencing variable.
    Variable has LABL_PTR_2 = 'LET2_R1_SECTORS_LABL' with ptr_idx = 1 which is greater than len(DimSizes) = 1 of referencing variable.
    Variable has LABL_PTR_2 = 'LET2_R1_SECTORS_LABL' with ptr_idx = 1 which is greater than len(DimSizes) = 1 of referencing variable.
    Variable has LABL_PTR_2 = 'LET2_R1_SECTORS_LABL' with ptr_idx = 1 which is greater than len(DimSizes) = 1 of referencing variable.
    Variable has LABL_PTR_2 = 'LET2_R1_SECTORS_LABL' with ptr_idx = 1 which is greater than len(DimSizes) = 1 of referencing variable.
    Variable has LABL_PTR_2 = 'LET2_R1_SECTORS_LABL' with ptr_idx = 1 which is greater than len(DimSizes) = 1 of referencing variable.
    Variable has LABL_PTR_2 = 'LET2_R1_SECTORS_LABL' with ptr_idx = 1 which is greater than len(DimSizes) = 1 of referencing variable.
    Variable has LABL_PTR_2 = 'LET2_R1_SECTORS_LABL' with ptr_idx = 1 which is greater than len(DimSizes) = 1 of referencing variable.
    Variable has LABL_PTR_2 = 'LET2_R1_SECTORS_LABL' with ptr_idx = 1 which is greater than len(DimSizes) = 1 of referencing variable.
    Variable has LABL_PTR_2 = 'LET2_R1_SECTORS_LABL' with ptr_idx = 1 which is greater than len(DimSizes) = 1 of referencing variable.
    Variable has LABL_PTR_2 = 'LET2_R1_SECTORS_LABL' with ptr_idx = 1 which is greater than len(DimSizes) = 1 of referencing variable.
PSP_ISOIS-EPIHI_L2-LET2-RATES60 | CDF.PtrSize.Mismatch:
  LET2_R1_SECTORS_LABL:
    Variable has LABL_PTR_2 = 'LET2_R1_SECTORS_LABL' with ptr_idx = 1 which is greater than len(DimSizes) = 1 of referencing variable.
    Variable has LABL_PTR_2 = 'LET2_R1_SECTORS_LABL' with ptr_idx = 1 which is greater than len(DimSizes) = 1 of referencing variable.
    Variable has LABL_PTR_2 = 'LET2_R1_SECTORS_LABL' with ptr_idx = 1 which is greater than len(DimSizes) = 1 of referencing variable.
    Variable has LABL_PTR_2 = 'LET2_R1_SECTORS_LABL' with ptr_idx = 1 which is greater than len(DimSizes) = 1 of referencing variable.
    Variable has LABL_PTR_2 = 'LET2_R1_SECTORS_LABL' with ptr_idx = 1 which is greater than len(DimSizes) = 1 of referencing variable.
    Variable has LABL_PTR_2 = 'LET2_R1_SECTORS_LABL' with ptr_idx = 1 which is greater than len(DimSizes) = 1 of referencing variable.
    Variable has LABL_PTR_2 = 'LET2_R1_SECTORS_LABL' with ptr_idx = 1 which is greater than len(DimSizes) = 1 of referencing variable.
    Variable has LABL_PTR_2 = 'LET2_R1_SECTORS_LABL' with ptr_idx = 1 which is greater than len(DimSizes) = 1 of referencing variable.
    Variable has LABL_PTR_2 = 'LET2_R1_SECTORS_LABL' with ptr_idx = 1 which is greater than len(DimSizes) = 1 of referencing variable.
    Variable has LABL_PTR_2 = 'LET2_R1_SECTORS_LABL' with ptr_idx = 1 which is greater than len(DimSizes) = 1 of referencing variable.
RBSP-A-RBSPICE_LEV-2_TOFXPHHHELT | CDF.PtrSize.Mismatch:
  FPDU_Energy_Channel_Label: Variable has LABL_PTR_1 = 'FPDU_Energy_Channel_Label' with 32 values, but referencing variable has DimSizes[0] = 6.
  FPDU_Telescope_Label: Variable has LABL_PTR_2 = 'FPDU_Telescope_Label' with 6 values, but referencing variable has DimSizes[1] = 32.
  FODU_Energy_Channel_Label: Variable has LABL_PTR_1 = 'FODU_Energy_Channel_Label' with 32 values, but referencing variable has DimSizes[0] = 6.
  FODU_Telescope_Label: Variable has LABL_PTR_2 = 'FODU_Telescope_Label' with 6 values, but referencing variable has DimSizes[1] = 32.
RBSP-A-RBSPICE_LEV-2_TOFXPHHLEHT | CDF.PtrSize.Mismatch:
  FPDU_Energy_Channel_Label: Variable has LABL_PTR_1 = 'FPDU_Energy_Channel_Label' with 10 values, but referencing variable has DimSizes[0] = 6.
  FPDU_Telescope_Label: Variable has LABL_PTR_2 = 'FPDU_Telescope_Label' with 6 values, but referencing variable has DimSizes[1] = 10.
  FODU_Energy_Channel_Label: Variable has LABL_PTR_1 = 'FODU_Energy_Channel_Label' with 10 values, but referencing variable has DimSizes[0] = 6.
  FODU_Telescope_Label: Variable has LABL_PTR_2 = 'FODU_Telescope_Label' with 6 values, but referencing variable has DimSizes[1] = 10.
RBSP-A-RBSPICE_LEV-3_TOFXPHHLEHT | CDF.PtrSize.Mismatch:
  FPDU_Energy_Channel_Label: Variable has LABL_PTR_1 = 'FPDU_Energy_Channel_Label' with 10 values, but referencing variable has DimSizes[0] = 6.
  FPDU_Telescope_Label: Variable has LABL_PTR_2 = 'FPDU_Telescope_Label' with 6 values, but referencing variable has DimSizes[1] = 10.
  FODU_Energy_Channel_Label: Variable has LABL_PTR_1 = 'FODU_Energy_Channel_Label' with 10 values, but referencing variable has DimSizes[0] = 6.
  FODU_Telescope_Label: Variable has LABL_PTR_2 = 'FODU_Telescope_Label' with 6 values, but referencing variable has DimSizes[1] = 10.
RBSP-A_WFR-SPECTRAL-MATRIX_EMFISIS-L2 | CDF.PtrSize.Mismatch:
  off_diagonal_LABL_2:
    Variable has LABL_PTR_1 = 'off_diagonal_LABL_2' with 65 values, but referencing variable has DimSizes[0] = 2.
    Variable has LABL_PTR_1 = 'off_diagonal_LABL_2' with 65 values, but referencing variable has DimSizes[0] = 2.
    Variable has LABL_PTR_1 = 'off_diagonal_LABL_2' with 65 values, but referencing variable has DimSizes[0] = 2.
    Variable has LABL_PTR_1 = 'off_diagonal_LABL_2' with 65 values, but referencing variable has DimSizes[0] = 2.
    Variable has LABL_PTR_1 = 'off_diagonal_LABL_2' with 65 values, but referencing variable has DimSizes[0] = 2.
    Variable has LABL_PTR_1 = 'off_diagonal_LABL_2' with 65 values, but referencing variable has DimSizes[0] = 2.
    Variable has LABL_PTR_1 = 'off_diagonal_LABL_2' with 65 values, but referencing variable has DimSizes[0] = 2.
    Variable has LABL_PTR_1 = 'off_diagonal_LABL_2' with 65 values, but referencing variable has DimSizes[0] = 2.
    Variable has LABL_PTR_1 = 'off_diagonal_LABL_2' with 65 values, but referencing variable has DimSizes[0] = 2.
    Variable has LABL_PTR_1 = 'off_diagonal_LABL_2' with 65 values, but referencing variable has DimSizes[0] = 2.
    Variable has LABL_PTR_1 = 'off_diagonal_LABL_2' with 65 values, but referencing variable has DimSizes[0] = 2.
    Variable has LABL_PTR_1 = 'off_diagonal_LABL_2' with 65 values, but referencing variable has DimSizes[0] = 2.
    Variable has LABL_PTR_1 = 'off_diagonal_LABL_2' with 65 values, but referencing variable has DimSizes[0] = 2.
    Variable has LABL_PTR_1 = 'off_diagonal_LABL_2' with 65 values, but referencing variable has DimSizes[0] = 2.
    Variable has LABL_PTR_1 = 'off_diagonal_LABL_2' with 65 values, but referencing variable has DimSizes[0] = 2.
  BuBv_Imag_label: Variable has LABL_PTR_2 = 'BuBv_Imag_label' with 2 values, but referencing variable has DimSizes[1] = 65.
  BuBw_Imag_label: Variable has LABL_PTR_2 = 'BuBw_Imag_label' with 2 values, but referencing variable has DimSizes[1] = 65.
  BvBw_Imag_label: Variable has LABL_PTR_2 = 'BvBw_Imag_label' with 2 values, but referencing variable has DimSizes[1] = 65.
  BuEu_Imag_label: Variable has LABL_PTR_2 = 'BuEu_Imag_label' with 2 values, but referencing variable has DimSizes[1] = 65.
  BuEv_Imag_label: Variable has LABL_PTR_2 = 'BuEv_Imag_label' with 2 values, but referencing variable has DimSizes[1] = 65.
  BuEw_Imag_label: Variable has LABL_PTR_2 = 'BuEw_Imag_label' with 2 values, but referencing variable has DimSizes[1] = 65.
  BvEu_Imag_label: Variable has LABL_PTR_2 = 'BvEu_Imag_label' with 2 values, but referencing variable has DimSizes[1] = 65.
  BvEv_Imag_label: Variable has LABL_PTR_2 = 'BvEv_Imag_label' with 2 values, but referencing variable has DimSizes[1] = 65.
  BvEw_Imag_label: Variable has LABL_PTR_2 = 'BvEw_Imag_label' with 2 values, but referencing variable has DimSizes[1] = 65.
  BwEu_Imag_label: Variable has LABL_PTR_2 = 'BwEu_Imag_label' with 2 values, but referencing variable has DimSizes[1] = 65.
  BwEv_Imag_label: Variable has LABL_PTR_2 = 'BwEv_Imag_label' with 2 values, but referencing variable has DimSizes[1] = 65.
  BwEw_Imag_label: Variable has LABL_PTR_2 = 'BwEw_Imag_label' with 2 values, but referencing variable has DimSizes[1] = 65.
  EuEv_Imag_label: Variable has LABL_PTR_2 = 'EuEv_Imag_label' with 2 values, but referencing variable has DimSizes[1] = 65.
  EuEw_Imag_label: Variable has LABL_PTR_2 = 'EuEw_Imag_label' with 2 values, but referencing variable has DimSizes[1] = 65.
  EvEw_Imag_label: Variable has LABL_PTR_2 = 'EvEw_Imag_label' with 2 values, but referencing variable has DimSizes[1] = 65.
RBSP-B-RBSPICE_LEV-3_TOFXPHHHELT | CDF.PtrSize.Mismatch:
  FPDU_Energy_Channel_Label: Variable has LABL_PTR_1 = 'FPDU_Energy_Channel_Label' with 32 values, but referencing variable has DimSizes[0] = 6.
  FPDU_Telescope_Label: Variable has LABL_PTR_2 = 'FPDU_Telescope_Label' with 6 values, but referencing variable has DimSizes[1] = 32.
  FODU_Energy_Channel_Label: Variable has LABL_PTR_1 = 'FODU_Energy_Channel_Label' with 32 values, but referencing variable has DimSizes[0] = 6.
  FODU_Telescope_Label: Variable has LABL_PTR_2 = 'FODU_Telescope_Label' with 6 values, but referencing variable has DimSizes[1] = 32.
RBSP-B-RBSPICE_LEV-3_TOFXPHHLEHT | CDF.PtrSize.Mismatch:
  FPDU_Energy_Channel_Label: Variable has LABL_PTR_1 = 'FPDU_Energy_Channel_Label' with 10 values, but referencing variable has DimSizes[0] = 6.
  FPDU_Telescope_Label: Variable has LABL_PTR_2 = 'FPDU_Telescope_Label' with 6 values, but referencing variable has DimSizes[1] = 10.
  FODU_Energy_Channel_Label: Variable has LABL_PTR_1 = 'FODU_Energy_Channel_Label' with 10 values, but referencing variable has DimSizes[0] = 6.
  FODU_Telescope_Label: Variable has LABL_PTR_2 = 'FODU_Telescope_Label' with 6 values, but referencing variable has DimSizes[1] = 10.
RBSP-B_WFR-SPECTRAL-MATRIX_EMFISIS-L2 | CDF.PtrSize.Mismatch:
  off_diagonal_LABL_2:
    Variable has LABL_PTR_1 = 'off_diagonal_LABL_2' with 65 values, but referencing variable has DimSizes[0] = 2.
    Variable has LABL_PTR_1 = 'off_diagonal_LABL_2' with 65 values, but referencing variable has DimSizes[0] = 2.
    Variable has LABL_PTR_1 = 'off_diagonal_LABL_2' with 65 values, but referencing variable has DimSizes[0] = 2.
    Variable has LABL_PTR_1 = 'off_diagonal_LABL_2' with 65 values, but referencing variable has DimSizes[0] = 2.
    Variable has LABL_PTR_1 = 'off_diagonal_LABL_2' with 65 values, but referencing variable has DimSizes[0] = 2.
    Variable has LABL_PTR_1 = 'off_diagonal_LABL_2' with 65 values, but referencing variable has DimSizes[0] = 2.
    Variable has LABL_PTR_1 = 'off_diagonal_LABL_2' with 65 values, but referencing variable has DimSizes[0] = 2.
    Variable has LABL_PTR_1 = 'off_diagonal_LABL_2' with 65 values, but referencing variable has DimSizes[0] = 2.
    Variable has LABL_PTR_1 = 'off_diagonal_LABL_2' with 65 values, but referencing variable has DimSizes[0] = 2.
    Variable has LABL_PTR_1 = 'off_diagonal_LABL_2' with 65 values, but referencing variable has DimSizes[0] = 2.
    Variable has LABL_PTR_1 = 'off_diagonal_LABL_2' with 65 values, but referencing variable has DimSizes[0] = 2.
    Variable has LABL_PTR_1 = 'off_diagonal_LABL_2' with 65 values, but referencing variable has DimSizes[0] = 2.
    Variable has LABL_PTR_1 = 'off_diagonal_LABL_2' with 65 values, but referencing variable has DimSizes[0] = 2.
    Variable has LABL_PTR_1 = 'off_diagonal_LABL_2' with 65 values, but referencing variable has DimSizes[0] = 2.
    Variable has LABL_PTR_1 = 'off_diagonal_LABL_2' with 65 values, but referencing variable has DimSizes[0] = 2.
  BuBv_Imag_label: Variable has LABL_PTR_2 = 'BuBv_Imag_label' with 2 values, but referencing variable has DimSizes[1] = 65.
  BuBw_Imag_label: Variable has LABL_PTR_2 = 'BuBw_Imag_label' with 2 values, but referencing variable has DimSizes[1] = 65.
  BvBw_Imag_label: Variable has LABL_PTR_2 = 'BvBw_Imag_label' with 2 values, but referencing variable has DimSizes[1] = 65.
  BuEu_Imag_label: Variable has LABL_PTR_2 = 'BuEu_Imag_label' with 2 values, but referencing variable has DimSizes[1] = 65.
  BuEv_Imag_label: Variable has LABL_PTR_2 = 'BuEv_Imag_label' with 2 values, but referencing variable has DimSizes[1] = 65.
  BuEw_Imag_label: Variable has LABL_PTR_2 = 'BuEw_Imag_label' with 2 values, but referencing variable has DimSizes[1] = 65.
  BvEu_Imag_label: Variable has LABL_PTR_2 = 'BvEu_Imag_label' with 2 values, but referencing variable has DimSizes[1] = 65.
  BvEv_Imag_label: Variable has LABL_PTR_2 = 'BvEv_Imag_label' with 2 values, but referencing variable has DimSizes[1] = 65.
  BvEw_Imag_label: Variable has LABL_PTR_2 = 'BvEw_Imag_label' with 2 values, but referencing variable has DimSizes[1] = 65.
  BwEu_Imag_label: Variable has LABL_PTR_2 = 'BwEu_Imag_label' with 2 values, but referencing variable has DimSizes[1] = 65.
  BwEv_Imag_label: Variable has LABL_PTR_2 = 'BwEv_Imag_label' with 2 values, but referencing variable has DimSizes[1] = 65.
  BwEw_Imag_label: Variable has LABL_PTR_2 = 'BwEw_Imag_label' with 2 values, but referencing variable has DimSizes[1] = 65.
  EuEv_Imag_label: Variable has LABL_PTR_2 = 'EuEv_Imag_label' with 2 values, but referencing variable has DimSizes[1] = 65.
  EuEw_Imag_label: Variable has LABL_PTR_2 = 'EuEw_Imag_label' with 2 values, but referencing variable has DimSizes[1] = 65.
  EvEw_Imag_label: Variable has LABL_PTR_2 = 'EvEw_Imag_label' with 2 values, but referencing variable has DimSizes[1] = 65.
RBSPA_EFW-L2_E-SPINFIT-MGSE | CDF.PtrSize.Mismatch:
  Efield_units: Variable has UNIT_PTR = 'Efield_units' with DimsSizes = [3], but referencing variable has DimSizes = None.
RBSPA_REL04_ECT-MAGEIS-L3 | CDF.PtrSize.Mismatch:
  FEDU_ENERGY_LABL_FIXED: Variable has LABL_PTR_1 = 'FEDU_ENERGY_LABL_FIXED' with 25 values, but referencing variable has DimSizes[0] = 11.
  FEDU_PA_LABL_FIXED: Variable has LABL_PTR_2 = 'FEDU_PA_LABL_FIXED' with 11 values, but referencing variable has DimSizes[1] = 25.
RBSPB_EFW-L2_E-SPINFIT-MGSE | CDF.PtrSize.Mismatch:
  Efield_units: Variable has UNIT_PTR = 'Efield_units' with DimsSizes = [3], but referencing variable has DimSizes = None.
RBSPB_REL04_ECT-MAGEIS-L3 | CDF.PtrSize.Mismatch:
  FEDU_ENERGY_LABL_FIXED: Variable has LABL_PTR_1 = 'FEDU_ENERGY_LABL_FIXED' with 25 values, but referencing variable has DimSizes[0] = 11.
  FEDU_PA_LABL_FIXED: Variable has LABL_PTR_2 = 'FEDU_PA_LABL_FIXED' with 11 values, but referencing variable has DimSizes[1] = 25.
SO_K0_CEL | CDF.PtrSize.Mismatch:
  unit_energy: Variable has DEPEND_1 = 'unit_energy' with 2 values, but referencing variable has DimSizes[0] = 3.
STA_L1_STE | CDF.PtrSize.Mismatch:
  STE_spectra_LABL_1:
    Variable has LABL_PTR_2 = 'STE_spectra_LABL_1' with 32 values, but referencing variable has DimSizes[1] = 8.
    Variable has LABL_PTR_2 = 'STE_spectra_LABL_1' with 32 values, but referencing variable has DimSizes[1] = 8.
STA_L1_SWEA_DISB | CDF.PtrSize.Mismatch:
  Distribution_LABL_2:
    Variable has LABL_PTR_1 = 'Distribution_LABL_2' with 80 values, but referencing variable has DimSizes[0] = 16.
    Variable has LABL_PTR_1 = 'Distribution_LABL_2' with 80 values, but referencing variable has DimSizes[0] = 16.
  Distribution_LABL_1:
    Variable has LABL_PTR_2 = 'Distribution_LABL_1' with 16 values, but referencing variable has DimSizes[1] = 80.
    Variable has LABL_PTR_2 = 'Distribution_LABL_1' with 16 values, but referencing variable has DimSizes[1] = 80.
STA_L1_SWEA_DIST | CDF.PtrSize.Mismatch:
  Distribution_LABL_2:
    Variable has LABL_PTR_1 = 'Distribution_LABL_2' with 80 values, but referencing variable has DimSizes[0] = 16.
    Variable has LABL_PTR_1 = 'Distribution_LABL_2' with 80 values, but referencing variable has DimSizes[0] = 16.
  Distribution_LABL_1:
    Variable has LABL_PTR_2 = 'Distribution_LABL_1' with 16 values, but referencing variable has DimSizes[1] = 80.
    Variable has LABL_PTR_2 = 'Distribution_LABL_1' with 16 values, but referencing variable has DimSizes[1] = 80.
STB_L1_SWEA_DISB | CDF.PtrSize.Mismatch:
  Distribution_LABL_2:
    Variable has LABL_PTR_1 = 'Distribution_LABL_2' with 80 values, but referencing variable has DimSizes[0] = 16.
    Variable has LABL_PTR_1 = 'Distribution_LABL_2' with 80 values, but referencing variable has DimSizes[0] = 16.
  Distribution_LABL_1:
    Variable has LABL_PTR_2 = 'Distribution_LABL_1' with 16 values, but referencing variable has DimSizes[1] = 80.
    Variable has LABL_PTR_2 = 'Distribution_LABL_1' with 16 values, but referencing variable has DimSizes[1] = 80.
STB_L1_SWEA_DIST | CDF.PtrSize.Mismatch:
  Distribution_LABL_2:
    Variable has LABL_PTR_1 = 'Distribution_LABL_2' with 80 values, but referencing variable has DimSizes[0] = 16.
    Variable has LABL_PTR_1 = 'Distribution_LABL_2' with 80 values, but referencing variable has DimSizes[0] = 16.
  Distribution_LABL_1:
    Variable has LABL_PTR_2 = 'Distribution_LABL_1' with 16 values, but referencing variable has DimSizes[1] = 80.
    Variable has LABL_PTR_2 = 'Distribution_LABL_1' with 16 values, but referencing variable has DimSizes[1] = 80.
SX_K0_30F | CDF.PtrSize.Mismatch:
  label_dircos: Variable has LABL_PTR_1 = 'label_dircos' with 9 values, but referencing variable has DimSizes[0] = 3.
TIMED_WINDVECTORSNCAR_TIDI | CDF.PtrSize.Mismatch:
  wind_labl:
    Variable has LABL_PTR_1 = 'wind_labl' with 2 values, but referencing variable has DimSizes[0] = 6.
    Variable has LABL_PTR_1 = 'wind_labl' with 2 values, but referencing variable has DimSizes[0] = 6.
    Variable has LABL_PTR_1 = 'wind_labl' with 2 values, but referencing variable has DimSizes[0] = 6.
    Variable has LABL_PTR_1 = 'wind_labl' with 2 values, but referencing variable has DimSizes[0] = 6.
    Variable has LABL_PTR_1 = 'wind_labl' with 2 values, but referencing variable has DimSizes[0] = 6.
    Variable has LABL_PTR_1 = 'wind_labl' with 2 values, but referencing variable has DimSizes[0] = 6.
    Variable has LABL_PTR_1 = 'wind_labl' with 2 values, but referencing variable has DimSizes[0] = 6.
    Variable has LABL_PTR_1 = 'wind_labl' with 2 values, but referencing variable has DimSizes[0] = 6.
    Variable has LABL_PTR_1 = 'wind_labl' with 2 values, but referencing variable has DimSizes[0] = 6.
    Variable has LABL_PTR_1 = 'wind_labl' with 2 values, but referencing variable has DimSizes[0] = 6.
    Variable has LABL_PTR_1 = 'wind_labl' with 2 values, but referencing variable has DimSizes[0] = 6.
    Variable has LABL_PTR_1 = 'wind_labl' with 2 values, but referencing variable has DimSizes[0] = 6.
    Variable has LABL_PTR_1 = 'wind_labl' with 2 values, but referencing variable has DimSizes[0] = 6.
    Variable has LABL_PTR_1 = 'wind_labl' with 2 values, but referencing variable has DimSizes[0] = 6.
    Variable has LABL_PTR_1 = 'wind_labl' with 2 values, but referencing variable has DimSizes[0] = 6.
    Variable has LABL_PTR_1 = 'wind_labl' with 2 values, but referencing variable has DimSizes[0] = 6.
    Variable has LABL_PTR_1 = 'wind_labl' with 2 values, but referencing variable has DimSizes[0] = 6.
    Variable has LABL_PTR_1 = 'wind_labl' with 2 values, but referencing variable has DimSizes[0] = 6.
    Variable has LABL_PTR_1 = 'wind_labl' with 2 values, but referencing variable has DimSizes[0] = 6.
    Variable has LABL_PTR_1 = 'wind_labl' with 2 values, but referencing variable has DimSizes[0] = 6.
    Variable has LABL_PTR_1 = 'wind_labl' with 2 values, but referencing variable has DimSizes[0] = 6.
    Variable has LABL_PTR_1 = 'wind_labl' with 2 values, but referencing variable has DimSizes[0] = 6.
    Variable has LABL_PTR_1 = 'wind_labl' with 2 values, but referencing variable has DimSizes[0] = 6.
    Variable has LABL_PTR_1 = 'wind_labl' with 2 values, but referencing variable has DimSizes[0] = 6.
    Variable has LABL_PTR_1 = 'wind_labl' with 2 values, but referencing variable has DimSizes[0] = 6.
    Variable has LABL_PTR_1 = 'wind_labl' with 2 values, but referencing variable has DimSizes[0] = 6.
    Variable has LABL_PTR_1 = 'wind_labl' with 2 values, but referencing variable has DimSizes[0] = 6.
    Variable has LABL_PTR_1 = 'wind_labl' with 2 values, but referencing variable has DimSizes[0] = 6.
    Variable has LABL_PTR_1 = 'wind_labl' with 2 values, but referencing variable has DimSizes[0] = 6.
    Variable has LABL_PTR_1 = 'wind_labl' with 2 values, but referencing variable has DimSizes[0] = 6.
    Variable has LABL_PTR_1 = 'wind_labl' with 2 values, but referencing variable has DimSizes[0] = 6.
    Variable has LABL_PTR_1 = 'wind_labl' with 2 values, but referencing variable has DimSizes[0] = 6.
    Variable has LABL_PTR_1 = 'wind_labl' with 2 values, but referencing variable has DimSizes[0] = 6.
    Variable has LABL_PTR_1 = 'wind_labl' with 2 values, but referencing variable has DimSizes[0] = 6.
    Variable has LABL_PTR_1 = 'wind_labl' with 2 values, but referencing variable has DimSizes[0] = 6.
    Variable has LABL_PTR_1 = 'wind_labl' with 2 values, but referencing variable has DimSizes[0] = 6.
    Variable has LABL_PTR_1 = 'wind_labl' with 2 values, but referencing variable has DimSizes[0] = 6.
    Variable has LABL_PTR_1 = 'wind_labl' with 2 values, but referencing variable has DimSizes[0] = 6.
    Variable has LABL_PTR_1 = 'wind_labl' with 2 values, but referencing variable has DimSizes[0] = 6.
    Variable has LABL_PTR_1 = 'wind_labl' with 2 values, but referencing variable has DimSizes[0] = 6.
    Variable has LABL_PTR_1 = 'wind_labl' with 2 values, but referencing variable has DimSizes[0] = 6.
    Variable has LABL_PTR_1 = 'wind_labl' with 2 values, but referencing variable has DimSizes[0] = 6.
    Variable has LABL_PTR_1 = 'wind_labl' with 2 values, but referencing variable has DimSizes[0] = 6.
    Variable has LABL_PTR_1 = 'wind_labl' with 2 values, but referencing variable has DimSizes[0] = 6.
    Variable has LABL_PTR_1 = 'wind_labl' with 2 values, but referencing variable has DimSizes[0] = 6.
    Variable has LABL_PTR_1 = 'wind_labl' with 2 values, but referencing variable has DimSizes[0] = 6.
    Variable has LABL_PTR_1 = 'wind_labl' with 2 values, but referencing variable has DimSizes[0] = 6.
    Variable has LABL_PTR_1 = 'wind_labl' with 2 values, but referencing variable has DimSizes[0] = 6.
UY_M0_HET | CDF.PtrSize.Mismatch:
  Electron_labels:
    Variable has LABL_PTR_1 = 'Electron_labels' with 5 values, but referencing variable has DimSizes[0] = 3.
    Variable has DEPEND_1 = 'Electron_labels' with 5 values, but referencing variable has DimSizes[0] = 3.
VOYAGER-1_LECP_LEV-1-RATES | CDF.PtrSize.Mismatch:
  Electron_Channels_Label: Variable has LABL_PTR_1 = 'Electron_Channels_Label' with 12 values, but referencing variable has DimSizes[0] = 2.
  Scattered_Electron_Channels_Label: Variable has LABL_PTR_1 = 'Scattered_Electron_Channels_Label' with 5 values, but referencing variable has DimSizes[0] = 2.
  Hydrogen_Channels_Label: Variable has LABL_PTR_1 = 'Hydrogen_Channels_Label' with 16 values, but referencing variable has DimSizes[0] = 2.
  Helium_Channels_Label: Variable has LABL_PTR_1 = 'Helium_Channels_Label' with 13 values, but referencing variable has DimSizes[0] = 2.
  Oxygen_Channels_Label: Variable has LABL_PTR_1 = 'Oxygen_Channels_Label' with 12 values, but referencing variable has DimSizes[0] = 2.
  Iron_Channels_Label: Variable has LABL_PTR_1 = 'Iron_Channels_Label' with 5 values, but referencing variable has DimSizes[0] = 2.
VOYAGER-1_LECP_LEV-2-DAILY-AVG | CDF.PtrSize.Mismatch:
  Electron_Channels_Label: Variable has LABL_PTR_1 = 'Electron_Channels_Label' with 12 values, but referencing variable has DimSizes[0] = 2.
  Scattered_Electron_Channels_Label: Variable has LABL_PTR_1 = 'Scattered_Electron_Channels_Label' with 5 values, but referencing variable has DimSizes[0] = 2.
  Hydrogen_Channels_Label: Variable has LABL_PTR_1 = 'Hydrogen_Channels_Label' with 16 values, but referencing variable has DimSizes[0] = 2.
  Helium_Channels_Label: Variable has LABL_PTR_1 = 'Helium_Channels_Label' with 13 values, but referencing variable has DimSizes[0] = 2.
  Oxygen_Channels_Label: Variable has LABL_PTR_1 = 'Oxygen_Channels_Label' with 12 values, but referencing variable has DimSizes[0] = 2.
  Iron_Channels_Label: Variable has LABL_PTR_1 = 'Iron_Channels_Label' with 5 values, but referencing variable has DimSizes[0] = 2.
VOYAGER-1_LECP_LEV-2-HOURLY-AVG | CDF.PtrSize.Mismatch:
  Electron_Channels_Label: Variable has LABL_PTR_1 = 'Electron_Channels_Label' with 12 values, but referencing variable has DimSizes[0] = 2.
  Scattered_Electron_Channels_Label: Variable has LABL_PTR_1 = 'Scattered_Electron_Channels_Label' with 5 values, but referencing variable has DimSizes[0] = 2.
  Hydrogen_Channels_Label: Variable has LABL_PTR_1 = 'Hydrogen_Channels_Label' with 16 values, but referencing variable has DimSizes[0] = 2.
  Helium_Channels_Label: Variable has LABL_PTR_1 = 'Helium_Channels_Label' with 13 values, but referencing variable has DimSizes[0] = 2.
  Oxygen_Channels_Label: Variable has LABL_PTR_1 = 'Oxygen_Channels_Label' with 12 values, but referencing variable has DimSizes[0] = 2.
  Iron_Channels_Label: Variable has LABL_PTR_1 = 'Iron_Channels_Label' with 5 values, but referencing variable has DimSizes[0] = 2.
VOYAGER-1_LECP_LEV-2-SCAN-AVG | CDF.PtrSize.Mismatch:
  Electron_Channels_Label: Variable has LABL_PTR_1 = 'Electron_Channels_Label' with 12 values, but referencing variable has DimSizes[0] = 2.
  Scattered_Electron_Channels_Label: Variable has LABL_PTR_1 = 'Scattered_Electron_Channels_Label' with 5 values, but referencing variable has DimSizes[0] = 2.
  Hydrogen_Channels_Label: Variable has LABL_PTR_1 = 'Hydrogen_Channels_Label' with 16 values, but referencing variable has DimSizes[0] = 2.
  Helium_Channels_Label: Variable has LABL_PTR_1 = 'Helium_Channels_Label' with 13 values, but referencing variable has DimSizes[0] = 2.
  Oxygen_Channels_Label: Variable has LABL_PTR_1 = 'Oxygen_Channels_Label' with 12 values, but referencing variable has DimSizes[0] = 2.
  Iron_Channels_Label: Variable has LABL_PTR_1 = 'Iron_Channels_Label' with 5 values, but referencing variable has DimSizes[0] = 2.
VOYAGER-2_LECP_LEV-1-RATES | CDF.PtrSize.Mismatch:
  Electron_Channels_Label: Variable has LABL_PTR_1 = 'Electron_Channels_Label' with 12 values, but referencing variable has DimSizes[0] = 2.
  Scattered_Electron_Channels_Label: Variable has LABL_PTR_1 = 'Scattered_Electron_Channels_Label' with 5 values, but referencing variable has DimSizes[0] = 2.
  Hydrogen_Channels_Label: Variable has LABL_PTR_1 = 'Hydrogen_Channels_Label' with 16 values, but referencing variable has DimSizes[0] = 2.
  Helium_Channels_Label: Variable has LABL_PTR_1 = 'Helium_Channels_Label' with 13 values, but referencing variable has DimSizes[0] = 2.
  Oxygen_Channels_Label: Variable has LABL_PTR_1 = 'Oxygen_Channels_Label' with 12 values, but referencing variable has DimSizes[0] = 2.
  Iron_Channels_Label: Variable has LABL_PTR_1 = 'Iron_Channels_Label' with 5 values, but referencing variable has DimSizes[0] = 2.
VOYAGER-2_LECP_LEV-2-DAILY-AVG | CDF.PtrSize.Mismatch:
  Electron_Channels_Label: Variable has LABL_PTR_1 = 'Electron_Channels_Label' with 12 values, but referencing variable has DimSizes[0] = 2.
  Scattered_Electron_Channels_Label: Variable has LABL_PTR_1 = 'Scattered_Electron_Channels_Label' with 5 values, but referencing variable has DimSizes[0] = 2.
  Hydrogen_Channels_Label: Variable has LABL_PTR_1 = 'Hydrogen_Channels_Label' with 16 values, but referencing variable has DimSizes[0] = 2.
  Helium_Channels_Label: Variable has LABL_PTR_1 = 'Helium_Channels_Label' with 13 values, but referencing variable has DimSizes[0] = 2.
  Oxygen_Channels_Label: Variable has LABL_PTR_1 = 'Oxygen_Channels_Label' with 12 values, but referencing variable has DimSizes[0] = 2.
  Iron_Channels_Label: Variable has LABL_PTR_1 = 'Iron_Channels_Label' with 5 values, but referencing variable has DimSizes[0] = 2.
VOYAGER-2_LECP_LEV-2-HOURLY-AVG | CDF.PtrSize.Mismatch:
  Electron_Channels_Label: Variable has LABL_PTR_1 = 'Electron_Channels_Label' with 12 values, but referencing variable has DimSizes[0] = 2.
  Scattered_Electron_Channels_Label: Variable has LABL_PTR_1 = 'Scattered_Electron_Channels_Label' with 5 values, but referencing variable has DimSizes[0] = 2.
  Hydrogen_Channels_Label: Variable has LABL_PTR_1 = 'Hydrogen_Channels_Label' with 16 values, but referencing variable has DimSizes[0] = 2.
  Helium_Channels_Label: Variable has LABL_PTR_1 = 'Helium_Channels_Label' with 13 values, but referencing variable has DimSizes[0] = 2.
  Oxygen_Channels_Label: Variable has LABL_PTR_1 = 'Oxygen_Channels_Label' with 12 values, but referencing variable has DimSizes[0] = 2.
  Iron_Channels_Label: Variable has LABL_PTR_1 = 'Iron_Channels_Label' with 5 values, but referencing variable has DimSizes[0] = 2.
VOYAGER-2_LECP_LEV-2-SCAN-AVG | CDF.PtrSize.Mismatch:
  Electron_Channels_Label: Variable has LABL_PTR_1 = 'Electron_Channels_Label' with 12 values, but referencing variable has DimSizes[0] = 2.
  Scattered_Electron_Channels_Label: Variable has LABL_PTR_1 = 'Scattered_Electron_Channels_Label' with 5 values, but referencing variable has DimSizes[0] = 2.
  Hydrogen_Channels_Label: Variable has LABL_PTR_1 = 'Hydrogen_Channels_Label' with 16 values, but referencing variable has DimSizes[0] = 2.
  Helium_Channels_Label: Variable has LABL_PTR_1 = 'Helium_Channels_Label' with 13 values, but referencing variable has DimSizes[0] = 2.
  Oxygen_Channels_Label: Variable has LABL_PTR_1 = 'Oxygen_Channels_Label' with 12 values, but referencing variable has DimSizes[0] = 2.
  Iron_Channels_Label: Variable has LABL_PTR_1 = 'Iron_Channels_Label' with 5 values, but referencing variable has DimSizes[0] = 2.
WI_EHPD_3DP | CDF.PtrSize.Mismatch:
  TEMP_LABL_1: Variable has LABL_PTR_1 = 'TEMP_LABL_1' with 6 values, but referencing variable has DimSizes[0] = 5.
WI_ELPD_3DP | CDF.PtrSize.Mismatch:
  TEMP_LABL_1: Variable has LABL_PTR_1 = 'TEMP_LABL_1' with 6 values, but referencing variable has DimSizes[0] = 5.
WI_L2-3MIN_SMS-STICS-VDF-MAGNETOSPHERE | CDF.PtrSize.Mismatch:
  SECTOR_labl: Variable has LABL_PTR_1 = 'SECTOR_labl' with ptr_idx = 0 having DimsSizes = [16], but referencing variable has DimSizes = None.
WI_L2-3MIN_SMS-STICS-VDF-SOLARWIND | CDF.PtrSize.Mismatch:
  SECTOR_labl: Variable has LABL_PTR_1 = 'SECTOR_labl' with ptr_idx = 0 having DimsSizes = [16], but referencing variable has DimSizes = None.
WI_SOPD_3DP | CDF.PtrSize.Mismatch:
  TEMP_LABL_1: Variable has LABL_PTR_1 = 'TEMP_LABL_1' with 6 values, but referencing variable has DimSizes[0] = 5.
WI_SW-ION-DIST_SWE-FARADAY | CDF.PtrSize.Mismatch:
  cup1_qflux_LABL_EperQ:
    Variable has LABL_PTR_1 = 'cup1_qflux_LABL_EperQ' with 31 values, but referencing variable has DimSizes[0] = 20.
    Variable has LABL_PTR_1 = 'cup1_qflux_LABL_EperQ' with 31 values, but referencing variable has DimSizes[0] = 20.
    Variable has LABL_PTR_1 = 'cup1_qflux_LABL_EperQ' with 31 values, but referencing variable has DimSizes[0] = 20.
    Variable has LABL_PTR_1 = 'cup1_qflux_LABL_EperQ' with 31 values, but referencing variable has DimSizes[0] = 20.
  cup1_qflux_LABL_azimuth:
    Variable has LABL_PTR_2 = 'cup1_qflux_LABL_azimuth' with 20 values, but referencing variable has DimSizes[1] = 31.
    Variable has LABL_PTR_2 = 'cup1_qflux_LABL_azimuth' with 20 values, but referencing variable has DimSizes[1] = 31.
    Variable has LABL_PTR_2 = 'cup1_qflux_LABL_azimuth' with 20 values, but referencing variable has DimSizes[1] = 31.
    Variable has LABL_PTR_2 = 'cup1_qflux_LABL_azimuth' with 20 values, but referencing variable has DimSizes[1] = 31.
  cup2_qflux_LABL_EperQ:
    Variable has LABL_PTR_1 = 'cup2_qflux_LABL_EperQ' with 31 values, but referencing variable has DimSizes[0] = 20.
    Variable has LABL_PTR_1 = 'cup2_qflux_LABL_EperQ' with 31 values, but referencing variable has DimSizes[0] = 20.
    Variable has LABL_PTR_1 = 'cup2_qflux_LABL_EperQ' with 31 values, but referencing variable has DimSizes[0] = 20.
    Variable has LABL_PTR_1 = 'cup2_qflux_LABL_EperQ' with 31 values, but referencing variable has DimSizes[0] = 20.
  cup2_qflux_LABL_azimuth:
    Variable has LABL_PTR_2 = 'cup2_qflux_LABL_azimuth' with 20 values, but referencing variable has DimSizes[1] = 31.
    Variable has LABL_PTR_2 = 'cup2_qflux_LABL_azimuth' with 20 values, but referencing variable has DimSizes[1] = 31.
    Variable has LABL_PTR_2 = 'cup2_qflux_LABL_azimuth' with 20 values, but referencing variable has DimSizes[1] = 31.
    Variable has LABL_PTR_2 = 'cup2_qflux_LABL_azimuth' with 20 values, but referencing variable has DimSizes[1] = 31.