APOLLO12_SWS_1HR | IST.LABL_PTRMissing:
  Epoch: For VAR_TYPE = 'data' or 'support_data', if no LABLAXIS, LABL_PTR_i is required.
APOLLO12_SWS_28S | IST.LABL_PTRMissing:
  Epoch: For VAR_TYPE = 'data' or 'support_data', if no LABLAXIS, LABL_PTR_i is required.
APOLLO15_SWS_1HR | IST.LABL_PTRMissing:
  Epoch: For VAR_TYPE = 'data' or 'support_data', if no LABLAXIS, LABL_PTR_i is required.
APOLLO15_SWS_28S | IST.LABL_PTRMissing:
  Epoch: For VAR_TYPE = 'data' or 'support_data', if no LABLAXIS, LABL_PTR_i is required.
BAR_1B_L2_EPHM | IST.LABL_PTRMissing:
  Epoch_Error: For VAR_TYPE = 'data' or 'support_data', if no LABLAXIS, LABL_PTR_i is required.
BAR_1C_L2_EPHM | IST.LABL_PTRMissing:
  Epoch_Error: For VAR_TYPE = 'data' or 'support_data', if no LABLAXIS, LABL_PTR_i is required.
BAR_1D_L2_EPHM | IST.LABL_PTRMissing:
  Epoch_Error: For VAR_TYPE = 'data' or 'support_data', if no LABLAXIS, LABL_PTR_i is required.
BAR_1G_L2_EPHM | IST.LABL_PTRMissing:
  Epoch_Error: For VAR_TYPE = 'data' or 'support_data', if no LABLAXIS, LABL_PTR_i is required.
BAR_1H_L2_EPHM | IST.LABL_PTRMissing:
  Epoch_Error: For VAR_TYPE = 'data' or 'support_data', if no LABLAXIS, LABL_PTR_i is required.
BAR_1I_L2_EPHM | IST.LABL_PTRMissing:
  Epoch_Error: For VAR_TYPE = 'data' or 'support_data', if no LABLAXIS, LABL_PTR_i is required.
BAR_1J_L2_EPHM | IST.LABL_PTRMissing:
  Epoch_Error: For VAR_TYPE = 'data' or 'support_data', if no LABLAXIS, LABL_PTR_i is required.
BAR_1K_L2_EPHM | IST.LABL_PTRMissing:
  Epoch_Error: For VAR_TYPE = 'data' or 'support_data', if no LABLAXIS, LABL_PTR_i is required.
BAR_1M_L2_EPHM | IST.LABL_PTRMissing:
  Epoch_Error: For VAR_TYPE = 'data' or 'support_data', if no LABLAXIS, LABL_PTR_i is required.
BAR_1N_L2_EPHM | IST.LABL_PTRMissing:
  Epoch_Error: For VAR_TYPE = 'data' or 'support_data', if no LABLAXIS, LABL_PTR_i is required.
BAR_1O_L2_EPHM | IST.LABL_PTRMissing:
  Epoch_Error: For VAR_TYPE = 'data' or 'support_data', if no LABLAXIS, LABL_PTR_i is required.
BAR_1Q_L2_EPHM | IST.LABL_PTRMissing:
  Epoch_Error: For VAR_TYPE = 'data' or 'support_data', if no LABLAXIS, LABL_PTR_i is required.
BAR_1R_L2_EPHM | IST.LABL_PTRMissing:
  Epoch_Error: For VAR_TYPE = 'data' or 'support_data', if no LABLAXIS, LABL_PTR_i is required.
BAR_1S_L2_EPHM | IST.LABL_PTRMissing:
  Epoch_Error: For VAR_TYPE = 'data' or 'support_data', if no LABLAXIS, LABL_PTR_i is required.
BAR_1T_L2_EPHM | IST.LABL_PTRMissing:
  Epoch_Error: For VAR_TYPE = 'data' or 'support_data', if no LABLAXIS, LABL_PTR_i is required.
BAR_1U_L2_EPHM | IST.LABL_PTRMissing:
  Epoch_Error: For VAR_TYPE = 'data' or 'support_data', if no LABLAXIS, LABL_PTR_i is required.
BAR_1V_L2_EPHM | IST.LABL_PTRMissing:
  Epoch_Error: For VAR_TYPE = 'data' or 'support_data', if no LABLAXIS, LABL_PTR_i is required.
BAR_2A_L2_EPHM | IST.LABL_PTRMissing:
  Epoch_Error: For VAR_TYPE = 'data' or 'support_data', if no LABLAXIS, LABL_PTR_i is required.
BAR_2B_L2_EPHM | IST.LABL_PTRMissing:
  Epoch_Error: For VAR_TYPE = 'data' or 'support_data', if no LABLAXIS, LABL_PTR_i is required.
BAR_2C_L2_EPHM | IST.LABL_PTRMissing:
  Epoch_Error: For VAR_TYPE = 'data' or 'support_data', if no LABLAXIS, LABL_PTR_i is required.
BAR_2D_L2_EPHM | IST.LABL_PTRMissing:
  Epoch_Error: For VAR_TYPE = 'data' or 'support_data', if no LABLAXIS, LABL_PTR_i is required.
BAR_2E_L2_EPHM | IST.LABL_PTRMissing:
  Epoch_Error: For VAR_TYPE = 'data' or 'support_data', if no LABLAXIS, LABL_PTR_i is required.
BAR_2F_L2_EPHM | IST.LABL_PTRMissing:
  Epoch_Error: For VAR_TYPE = 'data' or 'support_data', if no LABLAXIS, LABL_PTR_i is required.
BAR_2I_L2_EPHM | IST.LABL_PTRMissing:
  Epoch_Error: For VAR_TYPE = 'data' or 'support_data', if no LABLAXIS, LABL_PTR_i is required.
BAR_2K_L2_EPHM | IST.LABL_PTRMissing:
  Epoch_Error: For VAR_TYPE = 'data' or 'support_data', if no LABLAXIS, LABL_PTR_i is required.
BAR_2L_L2_EPHM | IST.LABL_PTRMissing:
  Epoch_Error: For VAR_TYPE = 'data' or 'support_data', if no LABLAXIS, LABL_PTR_i is required.
BAR_2M_L2_EPHM | IST.LABL_PTRMissing:
  Epoch_Error: For VAR_TYPE = 'data' or 'support_data', if no LABLAXIS, LABL_PTR_i is required.
BAR_2N_L2_EPHM | IST.LABL_PTRMissing:
  Epoch_Error: For VAR_TYPE = 'data' or 'support_data', if no LABLAXIS, LABL_PTR_i is required.
BAR_2O_L2_EPHM | IST.LABL_PTRMissing:
  Epoch_Error: For VAR_TYPE = 'data' or 'support_data', if no LABLAXIS, LABL_PTR_i is required.
BAR_2P_L2_EPHM | IST.LABL_PTRMissing:
  Epoch_Error: For VAR_TYPE = 'data' or 'support_data', if no LABLAXIS, LABL_PTR_i is required.
BAR_2Q_L2_EPHM | IST.LABL_PTRMissing:
  Epoch_Error: For VAR_TYPE = 'data' or 'support_data', if no LABLAXIS, LABL_PTR_i is required.
BAR_2T_L2_EPHM | IST.LABL_PTRMissing:
  Epoch_Error: For VAR_TYPE = 'data' or 'support_data', if no LABLAXIS, LABL_PTR_i is required.
BAR_2W_L2_EPHM | IST.LABL_PTRMissing:
  Epoch_Error: For VAR_TYPE = 'data' or 'support_data', if no LABLAXIS, LABL_PTR_i is required.
BAR_2X_L2_EPHM | IST.LABL_PTRMissing:
  Epoch_Error: For VAR_TYPE = 'data' or 'support_data', if no LABLAXIS, LABL_PTR_i is required.
BAR_2Y_L2_EPHM | IST.LABL_PTRMissing:
  Epoch_Error: For VAR_TYPE = 'data' or 'support_data', if no LABLAXIS, LABL_PTR_i is required.
BAR_3A_L2_EPHM | IST.LABL_PTRMissing:
  Epoch_Error: For VAR_TYPE = 'data' or 'support_data', if no LABLAXIS, LABL_PTR_i is required.
BAR_3B_L2_EPHM | IST.LABL_PTRMissing:
  Epoch_Error: For VAR_TYPE = 'data' or 'support_data', if no LABLAXIS, LABL_PTR_i is required.
BAR_3C_L2_EPHM | IST.LABL_PTRMissing:
  Epoch_Error: For VAR_TYPE = 'data' or 'support_data', if no LABLAXIS, LABL_PTR_i is required.
BAR_3D_L2_EPHM | IST.LABL_PTRMissing:
  Epoch_Error: For VAR_TYPE = 'data' or 'support_data', if no LABLAXIS, LABL_PTR_i is required.
BAR_3E_L2_EPHM | IST.LABL_PTRMissing:
  Epoch_Error: For VAR_TYPE = 'data' or 'support_data', if no LABLAXIS, LABL_PTR_i is required.
BAR_3F_L2_EPHM | IST.LABL_PTRMissing:
  Epoch_Error: For VAR_TYPE = 'data' or 'support_data', if no LABLAXIS, LABL_PTR_i is required.
BAR_3G_L2_EPHM | IST.LABL_PTRMissing:
  Epoch_Error: For VAR_TYPE = 'data' or 'support_data', if no LABLAXIS, LABL_PTR_i is required.
BAR_4A_L2_EPHM | IST.LABL_PTRMissing:
  Epoch_Error: For VAR_TYPE = 'data' or 'support_data', if no LABLAXIS, LABL_PTR_i is required.
BAR_4B_L2_EPHM | IST.LABL_PTRMissing:
  Epoch_Error: For VAR_TYPE = 'data' or 'support_data', if no LABLAXIS, LABL_PTR_i is required.
BAR_4C_L2_EPHM | IST.LABL_PTRMissing:
  Epoch_Error: For VAR_TYPE = 'data' or 'support_data', if no LABLAXIS, LABL_PTR_i is required.
BAR_4D_L2_EPHM | IST.LABL_PTRMissing:
  Epoch_Error: For VAR_TYPE = 'data' or 'support_data', if no LABLAXIS, LABL_PTR_i is required.
BAR_4E_L2_EPHM | IST.LABL_PTRMissing:
  Epoch_Error: For VAR_TYPE = 'data' or 'support_data', if no LABLAXIS, LABL_PTR_i is required.
BAR_4F_L2_EPHM | IST.LABL_PTRMissing:
  Epoch_Error: For VAR_TYPE = 'data' or 'support_data', if no LABLAXIS, LABL_PTR_i is required.
BAR_4G_L2_EPHM | IST.LABL_PTRMissing:
  Epoch_Error: For VAR_TYPE = 'data' or 'support_data', if no LABLAXIS, LABL_PTR_i is required.
BAR_4H_L2_EPHM | IST.LABL_PTRMissing:
  Epoch_Error: For VAR_TYPE = 'data' or 'support_data', if no LABLAXIS, LABL_PTR_i is required.
BAR_5A_L2_EPHM | IST.LABL_PTRMissing:
  Epoch_Error: For VAR_TYPE = 'data' or 'support_data', if no LABLAXIS, LABL_PTR_i is required.
BAR_6A_L2_EPHM | IST.LABL_PTRMissing:
  Epoch_Error: For VAR_TYPE = 'data' or 'support_data', if no LABLAXIS, LABL_PTR_i is required.
BAR_7A_L2_EPHM | IST.LABL_PTRMissing:
  Epoch_Error: For VAR_TYPE = 'data' or 'support_data', if no LABLAXIS, LABL_PTR_i is required.
C1_CP_CIS-CODIF_HS_H1_PEF | IST.LABL_PTRMissing:
  geom_factor__C1_CP_CIS_CODIF_HS_H1_PEF: For VAR_TYPE = 'data' or 'support_data', if no LABLAXIS, LABL_PTR_i is required.
  ions_3d__C1_CP_CIS_CODIF_HS_H1_PEF: For VAR_TYPE = 'data' or 'support_data', if no LABLAXIS, LABL_PTR_i is required.
C1_CP_CIS-CODIF_HS_H1_PF | IST.LABL_PTRMissing:
  geom_factor__C1_CP_CIS_CODIF_HS_H1_PF: For VAR_TYPE = 'data' or 'support_data', if no LABLAXIS, LABL_PTR_i is required.
  ions_3d__C1_CP_CIS_CODIF_HS_H1_PF: For VAR_TYPE = 'data' or 'support_data', if no LABLAXIS, LABL_PTR_i is required.
C1_CP_CIS-CODIF_HS_H1_PSD | IST.LABL_PTRMissing:
  geom_factor__C1_CP_CIS_CODIF_HS_H1_PSD: For VAR_TYPE = 'data' or 'support_data', if no LABLAXIS, LABL_PTR_i is required.
  ions_3d__C1_CP_CIS_CODIF_HS_H1_PSD: For VAR_TYPE = 'data' or 'support_data', if no LABLAXIS, LABL_PTR_i is required.
C1_CP_CIS-CODIF_HS_HE1_PF | IST.LABL_PTRMissing:
  geom_factor__C1_CP_CIS_CODIF_HS_He1_PF: For VAR_TYPE = 'data' or 'support_data', if no LABLAXIS, LABL_PTR_i is required.
  ions_3d__C1_CP_CIS_CODIF_HS_He1_PF: For VAR_TYPE = 'data' or 'support_data', if no LABLAXIS, LABL_PTR_i is required.
C1_CP_CIS-CODIF_HS_HE1_PSD | IST.LABL_PTRMissing:
  geom_factor__C1_CP_CIS_CODIF_HS_He1_PSD: For VAR_TYPE = 'data' or 'support_data', if no LABLAXIS, LABL_PTR_i is required.
  ions_3d__C1_CP_CIS_CODIF_HS_He1_PSD: For VAR_TYPE = 'data' or 'support_data', if no LABLAXIS, LABL_PTR_i is required.
C1_CP_CIS-CODIF_HS_O1_PEF | IST.LABL_PTRMissing:
  geom_factor__C1_CP_CIS_CODIF_HS_O1_PEF: For VAR_TYPE = 'data' or 'support_data', if no LABLAXIS, LABL_PTR_i is required.
  ions_3d__C1_CP_CIS_CODIF_HS_O1_PEF: For VAR_TYPE = 'data' or 'support_data', if no LABLAXIS, LABL_PTR_i is required.
C1_CP_CIS-CODIF_HS_O1_PF | IST.LABL_PTRMissing:
  geom_factor__C1_CP_CIS_CODIF_HS_O1_PF: For VAR_TYPE = 'data' or 'support_data', if no LABLAXIS, LABL_PTR_i is required.
  ions_3d__C1_CP_CIS_CODIF_HS_O1_PF: For VAR_TYPE = 'data' or 'support_data', if no LABLAXIS, LABL_PTR_i is required.
C1_CP_CIS-CODIF_HS_O1_PSD | IST.LABL_PTRMissing:
  geom_factor__C1_CP_CIS_CODIF_HS_O1_PSD: For VAR_TYPE = 'data' or 'support_data', if no LABLAXIS, LABL_PTR_i is required.
  ions_3d__C1_CP_CIS_CODIF_HS_O1_PSD: For VAR_TYPE = 'data' or 'support_data', if no LABLAXIS, LABL_PTR_i is required.
C1_CP_CIS-HIA_HS_MAG_IONS_PEF | IST.LABL_PTRMissing:
  geom_factor__C1_CP_CIS_HIA_HS_MAG_IONS_PEF: For VAR_TYPE = 'data' or 'support_data', if no LABLAXIS, LABL_PTR_i is required.
  ions_3d__C1_CP_CIS_HIA_HS_MAG_IONS_PEF: For VAR_TYPE = 'data' or 'support_data', if no LABLAXIS, LABL_PTR_i is required.
C1_CP_CIS-HIA_HS_MAG_IONS_PF | IST.LABL_PTRMissing:
  geom_factor__C1_CP_CIS_HIA_HS_MAG_IONS_PF: For VAR_TYPE = 'data' or 'support_data', if no LABLAXIS, LABL_PTR_i is required.
  ions_3d__C1_CP_CIS_HIA_HS_MAG_IONS_PF: For VAR_TYPE = 'data' or 'support_data', if no LABLAXIS, LABL_PTR_i is required.
C1_CP_CIS-HIA_HS_MAG_IONS_PSD | IST.LABL_PTRMissing:
  geom_factor__C1_CP_CIS_HIA_HS_MAG_IONS_PSD: For VAR_TYPE = 'data' or 'support_data', if no LABLAXIS, LABL_PTR_i is required.
  ions_3d__C1_CP_CIS_HIA_HS_MAG_IONS_PSD: For VAR_TYPE = 'data' or 'support_data', if no LABLAXIS, LABL_PTR_i is required.
C1_CP_CIS-HIA_HS_SW_IONS_PEF | IST.LABL_PTRMissing:
  geom_factor__C1_CP_CIS_HIA_HS_SW_IONS_PEF: For VAR_TYPE = 'data' or 'support_data', if no LABLAXIS, LABL_PTR_i is required.
  ions_3d__C1_CP_CIS_HIA_HS_SW_IONS_PEF: For VAR_TYPE = 'data' or 'support_data', if no LABLAXIS, LABL_PTR_i is required.
C1_CP_CIS-HIA_HS_SW_IONS_PF | IST.LABL_PTRMissing:
  geom_factor__C1_CP_CIS_HIA_HS_SW_IONS_PF: For VAR_TYPE = 'data' or 'support_data', if no LABLAXIS, LABL_PTR_i is required.
  ions_3d__C1_CP_CIS_HIA_HS_SW_IONS_PF: For VAR_TYPE = 'data' or 'support_data', if no LABLAXIS, LABL_PTR_i is required.
C1_CP_CIS-HIA_HS_SW_IONS_PSD | IST.LABL_PTRMissing:
  geom_factor__C1_CP_CIS_HIA_HS_SW_IONS_PSD: For VAR_TYPE = 'data' or 'support_data', if no LABLAXIS, LABL_PTR_i is required.
  ions_3d__C1_CP_CIS_HIA_HS_SW_IONS_PSD: For VAR_TYPE = 'data' or 'support_data', if no LABLAXIS, LABL_PTR_i is required.
C1_CP_CIS-HIA_LS_SW_IONS_PEF | IST.LABL_PTRMissing:
  geom_factor__C1_CP_CIS_HIA_LS_SW_IONS_PEF: For VAR_TYPE = 'data' or 'support_data', if no LABLAXIS, LABL_PTR_i is required.
  ions_3d__C1_CP_CIS_HIA_LS_SW_IONS_PEF: For VAR_TYPE = 'data' or 'support_data', if no LABLAXIS, LABL_PTR_i is required.
C1_CP_CIS-HIA_LS_SW_IONS_PF | IST.LABL_PTRMissing:
  geom_factor__C1_CP_CIS_HIA_LS_SW_IONS_PF: For VAR_TYPE = 'data' or 'support_data', if no LABLAXIS, LABL_PTR_i is required.
  ions_3d__C1_CP_CIS_HIA_LS_SW_IONS_PF: For VAR_TYPE = 'data' or 'support_data', if no LABLAXIS, LABL_PTR_i is required.
C1_CP_CIS-HIA_LS_SW_IONS_PSD | IST.LABL_PTRMissing:
  geom_factor__C1_CP_CIS_HIA_LS_SW_IONS_PSD: For VAR_TYPE = 'data' or 'support_data', if no LABLAXIS, LABL_PTR_i is required.
  ions_3d__C1_CP_CIS_HIA_LS_SW_IONS_PSD: For VAR_TYPE = 'data' or 'support_data', if no LABLAXIS, LABL_PTR_i is required.
C1_CP_FGM_SPIN | IST.LABL_PTRMissing:
  B_vec_xyz_gse__C1_CP_FGM_SPIN_REPRESENTATION_1: For VAR_TYPE = 'data' or 'support_data', if no LABLAXIS, LABL_PTR_i is required.
  B_vec_xyz_gse__C1_CP_FGM_SPIN_LABEL_1: For VAR_TYPE = 'data' or 'support_data', if no LABLAXIS, LABL_PTR_i is required.
  sc_pos_xyz_gse__C1_CP_FGM_SPIN_REPRESENTATION_1: For VAR_TYPE = 'data' or 'support_data', if no LABLAXIS, LABL_PTR_i is required.
  sc_pos_xyz_gse__C1_CP_FGM_SPIN_LABEL_1: For VAR_TYPE = 'data' or 'support_data', if no LABLAXIS, LABL_PTR_i is required.
C1_CP_RAP_ISPCT_HE | IST.LABL_PTRMissing:
  Time_half_interval__C1_CP_RAP_ISPCT_He: For VAR_TYPE = 'data' or 'support_data', if no LABLAXIS, LABL_PTR_i is required.
C2_CP_FGM_SPIN | IST.LABL_PTRMissing:
  B_vec_xyz_gse__C2_CP_FGM_SPIN_REPRESENTATION_1: For VAR_TYPE = 'data' or 'support_data', if no LABLAXIS, LABL_PTR_i is required.
  B_vec_xyz_gse__C2_CP_FGM_SPIN_LABEL_1: For VAR_TYPE = 'data' or 'support_data', if no LABLAXIS, LABL_PTR_i is required.
  sc_pos_xyz_gse__C2_CP_FGM_SPIN_REPRESENTATION_1: For VAR_TYPE = 'data' or 'support_data', if no LABLAXIS, LABL_PTR_i is required.
  sc_pos_xyz_gse__C2_CP_FGM_SPIN_LABEL_1: For VAR_TYPE = 'data' or 'support_data', if no LABLAXIS, LABL_PTR_i is required.
C2_CP_RAP_ISPCT_HE | IST.LABL_PTRMissing:
  Time_half_interval__C2_CP_RAP_ISPCT_He: For VAR_TYPE = 'data' or 'support_data', if no LABLAXIS, LABL_PTR_i is required.
C3_CP_CIS-CODIF_HS_H1_PEF | IST.LABL_PTRMissing:
  geom_factor__C3_CP_CIS_CODIF_HS_H1_PEF: For VAR_TYPE = 'data' or 'support_data', if no LABLAXIS, LABL_PTR_i is required.
  ions_3d__C3_CP_CIS_CODIF_HS_H1_PEF: For VAR_TYPE = 'data' or 'support_data', if no LABLAXIS, LABL_PTR_i is required.
C3_CP_CIS-CODIF_HS_H1_PF | IST.LABL_PTRMissing:
  geom_factor__C3_CP_CIS_CODIF_HS_H1_PF: For VAR_TYPE = 'data' or 'support_data', if no LABLAXIS, LABL_PTR_i is required.
  ions_3d__C3_CP_CIS_CODIF_HS_H1_PF: For VAR_TYPE = 'data' or 'support_data', if no LABLAXIS, LABL_PTR_i is required.
C3_CP_CIS-CODIF_HS_H1_PSD | IST.LABL_PTRMissing:
  geom_factor__C3_CP_CIS_CODIF_HS_H1_PSD: For VAR_TYPE = 'data' or 'support_data', if no LABLAXIS, LABL_PTR_i is required.
  ions_3d__C3_CP_CIS_CODIF_HS_H1_PSD: For VAR_TYPE = 'data' or 'support_data', if no LABLAXIS, LABL_PTR_i is required.
C3_CP_CIS-CODIF_HS_HE1_PF | IST.LABL_PTRMissing:
  geom_factor__C3_CP_CIS_CODIF_HS_He1_PF: For VAR_TYPE = 'data' or 'support_data', if no LABLAXIS, LABL_PTR_i is required.
  ions_3d__C3_CP_CIS_CODIF_HS_He1_PF: For VAR_TYPE = 'data' or 'support_data', if no LABLAXIS, LABL_PTR_i is required.
C3_CP_CIS-CODIF_HS_HE1_PSD | IST.LABL_PTRMissing:
  geom_factor__C3_CP_CIS_CODIF_HS_He1_PSD: For VAR_TYPE = 'data' or 'support_data', if no LABLAXIS, LABL_PTR_i is required.
  ions_3d__C3_CP_CIS_CODIF_HS_He1_PSD: For VAR_TYPE = 'data' or 'support_data', if no LABLAXIS, LABL_PTR_i is required.
C3_CP_CIS-CODIF_HS_O1_PEF | IST.LABL_PTRMissing:
  geom_factor__C3_CP_CIS_CODIF_HS_O1_PEF: For VAR_TYPE = 'data' or 'support_data', if no LABLAXIS, LABL_PTR_i is required.
  ions_3d__C3_CP_CIS_CODIF_HS_O1_PEF: For VAR_TYPE = 'data' or 'support_data', if no LABLAXIS, LABL_PTR_i is required.
C3_CP_CIS-CODIF_HS_O1_PF | IST.LABL_PTRMissing:
  geom_factor__C3_CP_CIS_CODIF_HS_O1_PF: For VAR_TYPE = 'data' or 'support_data', if no LABLAXIS, LABL_PTR_i is required.
  ions_3d__C3_CP_CIS_CODIF_HS_O1_PF: For VAR_TYPE = 'data' or 'support_data', if no LABLAXIS, LABL_PTR_i is required.
C3_CP_CIS-CODIF_HS_O1_PSD | IST.LABL_PTRMissing:
  geom_factor__C3_CP_CIS_CODIF_HS_O1_PSD: For VAR_TYPE = 'data' or 'support_data', if no LABLAXIS, LABL_PTR_i is required.
  ions_3d__C3_CP_CIS_CODIF_HS_O1_PSD: For VAR_TYPE = 'data' or 'support_data', if no LABLAXIS, LABL_PTR_i is required.
C3_CP_CIS-HIA_HS_MAG_IONS_PEF | IST.LABL_PTRMissing:
  geom_factor__C3_CP_CIS_HIA_HS_MAG_IONS_PEF: For VAR_TYPE = 'data' or 'support_data', if no LABLAXIS, LABL_PTR_i is required.
  ions_3d__C3_CP_CIS_HIA_HS_MAG_IONS_PEF: For VAR_TYPE = 'data' or 'support_data', if no LABLAXIS, LABL_PTR_i is required.
C3_CP_CIS-HIA_HS_MAG_IONS_PF | IST.LABL_PTRMissing:
  geom_factor__C3_CP_CIS_HIA_HS_MAG_IONS_PF: For VAR_TYPE = 'data' or 'support_data', if no LABLAXIS, LABL_PTR_i is required.
  ions_3d__C3_CP_CIS_HIA_HS_MAG_IONS_PF: For VAR_TYPE = 'data' or 'support_data', if no LABLAXIS, LABL_PTR_i is required.
C3_CP_CIS-HIA_HS_MAG_IONS_PSD | IST.LABL_PTRMissing:
  geom_factor__C3_CP_CIS_HIA_HS_MAG_IONS_PSD: For VAR_TYPE = 'data' or 'support_data', if no LABLAXIS, LABL_PTR_i is required.
  ions_3d__C3_CP_CIS_HIA_HS_MAG_IONS_PSD: For VAR_TYPE = 'data' or 'support_data', if no LABLAXIS, LABL_PTR_i is required.
C3_CP_CIS-HIA_HS_SW_IONS_PEF | IST.LABL_PTRMissing:
  geom_factor__C3_CP_CIS_HIA_HS_SW_IONS_PEF: For VAR_TYPE = 'data' or 'support_data', if no LABLAXIS, LABL_PTR_i is required.
  ions_3d__C3_CP_CIS_HIA_HS_SW_IONS_PEF: For VAR_TYPE = 'data' or 'support_data', if no LABLAXIS, LABL_PTR_i is required.
C3_CP_CIS-HIA_HS_SW_IONS_PF | IST.LABL_PTRMissing:
  geom_factor__C3_CP_CIS_HIA_HS_SW_IONS_PF: For VAR_TYPE = 'data' or 'support_data', if no LABLAXIS, LABL_PTR_i is required.
  ions_3d__C3_CP_CIS_HIA_HS_SW_IONS_PF: For VAR_TYPE = 'data' or 'support_data', if no LABLAXIS, LABL_PTR_i is required.
C3_CP_CIS-HIA_HS_SW_IONS_PSD | IST.LABL_PTRMissing:
  geom_factor__C3_CP_CIS_HIA_HS_SW_IONS_PSD: For VAR_TYPE = 'data' or 'support_data', if no LABLAXIS, LABL_PTR_i is required.
  ions_3d__C3_CP_CIS_HIA_HS_SW_IONS_PSD: For VAR_TYPE = 'data' or 'support_data', if no LABLAXIS, LABL_PTR_i is required.
C3_CP_CIS-HIA_LS_SW_IONS_PEF | IST.LABL_PTRMissing:
  geom_factor__C3_CP_CIS_HIA_LS_SW_IONS_PEF: For VAR_TYPE = 'data' or 'support_data', if no LABLAXIS, LABL_PTR_i is required.
  ions_3d__C3_CP_CIS_HIA_LS_SW_IONS_PEF: For VAR_TYPE = 'data' or 'support_data', if no LABLAXIS, LABL_PTR_i is required.
C3_CP_CIS-HIA_LS_SW_IONS_PF | IST.LABL_PTRMissing:
  geom_factor__C3_CP_CIS_HIA_LS_SW_IONS_PF: For VAR_TYPE = 'data' or 'support_data', if no LABLAXIS, LABL_PTR_i is required.
  ions_3d__C3_CP_CIS_HIA_LS_SW_IONS_PF: For VAR_TYPE = 'data' or 'support_data', if no LABLAXIS, LABL_PTR_i is required.
C3_CP_CIS-HIA_LS_SW_IONS_PSD | IST.LABL_PTRMissing:
  geom_factor__C3_CP_CIS_HIA_LS_SW_IONS_PSD: For VAR_TYPE = 'data' or 'support_data', if no LABLAXIS, LABL_PTR_i is required.
  ions_3d__C3_CP_CIS_HIA_LS_SW_IONS_PSD: For VAR_TYPE = 'data' or 'support_data', if no LABLAXIS, LABL_PTR_i is required.
C3_CP_FGM_SPIN | IST.LABL_PTRMissing:
  B_vec_xyz_gse__C3_CP_FGM_SPIN_REPRESENTATION_1: For VAR_TYPE = 'data' or 'support_data', if no LABLAXIS, LABL_PTR_i is required.
  B_vec_xyz_gse__C3_CP_FGM_SPIN_LABEL_1: For VAR_TYPE = 'data' or 'support_data', if no LABLAXIS, LABL_PTR_i is required.
  sc_pos_xyz_gse__C3_CP_FGM_SPIN_REPRESENTATION_1: For VAR_TYPE = 'data' or 'support_data', if no LABLAXIS, LABL_PTR_i is required.
  sc_pos_xyz_gse__C3_CP_FGM_SPIN_LABEL_1: For VAR_TYPE = 'data' or 'support_data', if no LABLAXIS, LABL_PTR_i is required.
C3_CP_RAP_ISPCT_HE | IST.LABL_PTRMissing:
  Time_half_interval__C3_CP_RAP_ISPCT_He: For VAR_TYPE = 'data' or 'support_data', if no LABLAXIS, LABL_PTR_i is required.
C4_CP_CIS-CODIF_HS_H1_PEF | IST.LABL_PTRMissing:
  geom_factor__C4_CP_CIS_CODIF_HS_H1_PEF: For VAR_TYPE = 'data' or 'support_data', if no LABLAXIS, LABL_PTR_i is required.
  ions_3d__C4_CP_CIS_CODIF_HS_H1_PEF: For VAR_TYPE = 'data' or 'support_data', if no LABLAXIS, LABL_PTR_i is required.
C4_CP_CIS-CODIF_HS_H1_PF | IST.LABL_PTRMissing:
  geom_factor__C4_CP_CIS_CODIF_HS_H1_PF: For VAR_TYPE = 'data' or 'support_data', if no LABLAXIS, LABL_PTR_i is required.
  ions_3d__C4_CP_CIS_CODIF_HS_H1_PF: For VAR_TYPE = 'data' or 'support_data', if no LABLAXIS, LABL_PTR_i is required.
C4_CP_CIS-CODIF_HS_H1_PSD | IST.LABL_PTRMissing:
  geom_factor__C4_CP_CIS_CODIF_HS_H1_PSD: For VAR_TYPE = 'data' or 'support_data', if no LABLAXIS, LABL_PTR_i is required.
  ions_3d__C4_CP_CIS_CODIF_HS_H1_PSD: For VAR_TYPE = 'data' or 'support_data', if no LABLAXIS, LABL_PTR_i is required.
C4_CP_CIS-CODIF_HS_HE1_PF | IST.LABL_PTRMissing:
  geom_factor__C4_CP_CIS_CODIF_HS_He1_PF: For VAR_TYPE = 'data' or 'support_data', if no LABLAXIS, LABL_PTR_i is required.
  ions_3d__C4_CP_CIS_CODIF_HS_He1_PF: For VAR_TYPE = 'data' or 'support_data', if no LABLAXIS, LABL_PTR_i is required.
C4_CP_CIS-CODIF_HS_HE1_PSD | IST.LABL_PTRMissing:
  geom_factor__C4_CP_CIS_CODIF_HS_He1_PSD: For VAR_TYPE = 'data' or 'support_data', if no LABLAXIS, LABL_PTR_i is required.
  ions_3d__C4_CP_CIS_CODIF_HS_He1_PSD: For VAR_TYPE = 'data' or 'support_data', if no LABLAXIS, LABL_PTR_i is required.
C4_CP_CIS-CODIF_HS_O1_PEF | IST.LABL_PTRMissing:
  geom_factor__C4_CP_CIS_CODIF_HS_O1_PEF: For VAR_TYPE = 'data' or 'support_data', if no LABLAXIS, LABL_PTR_i is required.
  ions_3d__C4_CP_CIS_CODIF_HS_O1_PEF: For VAR_TYPE = 'data' or 'support_data', if no LABLAXIS, LABL_PTR_i is required.
C4_CP_CIS-CODIF_HS_O1_PF | IST.LABL_PTRMissing:
  geom_factor__C4_CP_CIS_CODIF_HS_O1_PF: For VAR_TYPE = 'data' or 'support_data', if no LABLAXIS, LABL_PTR_i is required.
  ions_3d__C4_CP_CIS_CODIF_HS_O1_PF: For VAR_TYPE = 'data' or 'support_data', if no LABLAXIS, LABL_PTR_i is required.
C4_CP_CIS-CODIF_HS_O1_PSD | IST.LABL_PTRMissing:
  geom_factor__C4_CP_CIS_CODIF_HS_O1_PSD: For VAR_TYPE = 'data' or 'support_data', if no LABLAXIS, LABL_PTR_i is required.
  ions_3d__C4_CP_CIS_CODIF_HS_O1_PSD: For VAR_TYPE = 'data' or 'support_data', if no LABLAXIS, LABL_PTR_i is required.
C4_CP_CIS-CODIF_LS_H1_PEF | IST.LABL_PTRMissing:
  geom_factor__C4_CP_CIS_CODIF_LS_H1_PEF: For VAR_TYPE = 'data' or 'support_data', if no LABLAXIS, LABL_PTR_i is required.
  ions_3d__C4_CP_CIS_CODIF_LS_H1_PEF: For VAR_TYPE = 'data' or 'support_data', if no LABLAXIS, LABL_PTR_i is required.
C4_CP_CIS-CODIF_LS_H1_PF | IST.LABL_PTRMissing:
  geom_factor__C4_CP_CIS_CODIF_LS_H1_PF: For VAR_TYPE = 'data' or 'support_data', if no LABLAXIS, LABL_PTR_i is required.
  ions_3d__C4_CP_CIS_CODIF_LS_H1_PF: For VAR_TYPE = 'data' or 'support_data', if no LABLAXIS, LABL_PTR_i is required.
C4_CP_CIS-CODIF_LS_H1_PSD | IST.LABL_PTRMissing:
  geom_factor__C4_CP_CIS_CODIF_LS_H1_PSD: For VAR_TYPE = 'data' or 'support_data', if no LABLAXIS, LABL_PTR_i is required.
  ions_3d__C4_CP_CIS_CODIF_LS_H1_PSD: For VAR_TYPE = 'data' or 'support_data', if no LABLAXIS, LABL_PTR_i is required.
C4_CP_CIS-CODIF_LS_HE1_PEF | IST.LABL_PTRMissing:
  geom_factor__C4_CP_CIS_CODIF_LS_He1_PEF: For VAR_TYPE = 'data' or 'support_data', if no LABLAXIS, LABL_PTR_i is required.
  ions_3d__C4_CP_CIS_CODIF_LS_He1_PEF: For VAR_TYPE = 'data' or 'support_data', if no LABLAXIS, LABL_PTR_i is required.
C4_CP_CIS-CODIF_LS_HE1_PF | IST.LABL_PTRMissing:
  geom_factor__C4_CP_CIS_CODIF_LS_He1_PF: For VAR_TYPE = 'data' or 'support_data', if no LABLAXIS, LABL_PTR_i is required.
  ions_3d__C4_CP_CIS_CODIF_LS_He1_PF: For VAR_TYPE = 'data' or 'support_data', if no LABLAXIS, LABL_PTR_i is required.
C4_CP_CIS-CODIF_LS_O1_PEF | IST.LABL_PTRMissing:
  geom_factor__C4_CP_CIS_CODIF_LS_O1_PEF: For VAR_TYPE = 'data' or 'support_data', if no LABLAXIS, LABL_PTR_i is required.
  ions_3d__C4_CP_CIS_CODIF_LS_O1_PEF: For VAR_TYPE = 'data' or 'support_data', if no LABLAXIS, LABL_PTR_i is required.
C4_CP_CIS-CODIF_LS_O1_PF | IST.LABL_PTRMissing:
  geom_factor__C4_CP_CIS_CODIF_LS_O1_PF: For VAR_TYPE = 'data' or 'support_data', if no LABLAXIS, LABL_PTR_i is required.
  ions_3d__C4_CP_CIS_CODIF_LS_O1_PF: For VAR_TYPE = 'data' or 'support_data', if no LABLAXIS, LABL_PTR_i is required.
C4_CP_CIS-CODIF_LS_O1_PSD | IST.LABL_PTRMissing:
  geom_factor__C4_CP_CIS_CODIF_LS_O1_PSD: For VAR_TYPE = 'data' or 'support_data', if no LABLAXIS, LABL_PTR_i is required.
  ions_3d__C4_CP_CIS_CODIF_LS_O1_PSD: For VAR_TYPE = 'data' or 'support_data', if no LABLAXIS, LABL_PTR_i is required.
C4_CP_FGM_SPIN | IST.LABL_PTRMissing:
  B_vec_xyz_gse__C4_CP_FGM_SPIN_REPRESENTATION_1: For VAR_TYPE = 'data' or 'support_data', if no LABLAXIS, LABL_PTR_i is required.
  B_vec_xyz_gse__C4_CP_FGM_SPIN_LABEL_1: For VAR_TYPE = 'data' or 'support_data', if no LABLAXIS, LABL_PTR_i is required.
  sc_pos_xyz_gse__C4_CP_FGM_SPIN_REPRESENTATION_1: For VAR_TYPE = 'data' or 'support_data', if no LABLAXIS, LABL_PTR_i is required.
  sc_pos_xyz_gse__C4_CP_FGM_SPIN_LABEL_1: For VAR_TYPE = 'data' or 'support_data', if no LABLAXIS, LABL_PTR_i is required.
C4_CP_RAP_ISPCT_HE | IST.LABL_PTRMissing:
  Time_half_interval__C4_CP_RAP_ISPCT_He: For VAR_TYPE = 'data' or 'support_data', if no LABLAXIS, LABL_PTR_i is required.
CASSINI_MAG_1MIN_MAGNETIC_FIELD | IST.LABL_PTRMissing:
  Epoch: For VAR_TYPE = 'data' or 'support_data', if no LABLAXIS, LABL_PTR_i is required.
CNOFS_VEFI_BFIELD_1SEC | IST.LABL_PTRMissing:
  year: For VAR_TYPE = 'data' or 'support_data', if no LABLAXIS, LABL_PTR_i is required.
  dayofyear: For VAR_TYPE = 'data' or 'support_data', if no LABLAXIS, LABL_PTR_i is required.
CNOFS_VEFI_EFIELD_1SEC | IST.LABL_PTRMissing:
  year: For VAR_TYPE = 'data' or 'support_data', if no LABLAXIS, LABL_PTR_i is required.
  dayofyear: For VAR_TYPE = 'data' or 'support_data', if no LABLAXIS, LABL_PTR_i is required.
CN_K0_MPA | IST.LABL_PTRMissing:
  station_name: For VAR_TYPE = 'data' or 'support_data', if no LABLAXIS, LABL_PTR_i is required.
CSSWE_REPTILE_6SEC-COUNTS-L1 | IST.LABL_PTRMissing:
  Epoch: For VAR_TYPE = 'data' or 'support_data', if no LABLAXIS, LABL_PTR_i is required.
CSSWE_REPTILE_6SEC-FLUX-L2 | IST.LABL_PTRMissing:
  Epoch: For VAR_TYPE = 'data' or 'support_data', if no LABLAXIS, LABL_PTR_i is required.
DE1_1MIN_RIMS | IST.LABL_PTRMissing:
  Epoch: For VAR_TYPE = 'data' or 'support_data', if no LABLAXIS, LABL_PTR_i is required.
DE1_62MS_MAGA-GMS | IST.LABL_PTRMissing:
  Epoch: For VAR_TYPE = 'data' or 'support_data', if no LABLAXIS, LABL_PTR_i is required.
DE1_6SEC_MAGAGMS | IST.LABL_PTRMissing:
  Epoch: For VAR_TYPE = 'data' or 'support_data', if no LABLAXIS, LABL_PTR_i is required.
DE1_PWI_OR-AT | IST.LABL_PTRMissing:
  GEI_rotation: For VAR_TYPE = 'data' or 'support_data', if no LABLAXIS, LABL_PTR_i is required.
DE2_62MS_VEFIMAGB | IST.LABL_PTRMissing:
  vtimeEpoch: For VAR_TYPE = 'data' or 'support_data', if no LABLAXIS, LABL_PTR_i is required.
  mtimeEpoch: For VAR_TYPE = 'data' or 'support_data', if no LABLAXIS, LABL_PTR_i is required.
DE2_AC500MS_VEFI | IST.LABL_PTRMissing:
  Epoch: For VAR_TYPE = 'data' or 'support_data', if no LABLAXIS, LABL_PTR_i is required.
DE2_DCA500MS_VEFI | IST.LABL_PTRMissing:
  Epoch: For VAR_TYPE = 'data' or 'support_data', if no LABLAXIS, LABL_PTR_i is required.
DE2_DUCT16MS_RPA | IST.LABL_PTRMissing:
  Epoch: For VAR_TYPE = 'data' or 'support_data', if no LABLAXIS, LABL_PTR_i is required.
  Epoch_wb1: For VAR_TYPE = 'data' or 'support_data', if no LABLAXIS, LABL_PTR_i is required.
  Epoch_wb2: For VAR_TYPE = 'data' or 'support_data', if no LABLAXIS, LABL_PTR_i is required.
  Epoch_wb3: For VAR_TYPE = 'data' or 'support_data', if no LABLAXIS, LABL_PTR_i is required.
  Epoch_wb4: For VAR_TYPE = 'data' or 'support_data', if no LABLAXIS, LABL_PTR_i is required.
  Epoch_wb5: For VAR_TYPE = 'data' or 'support_data', if no LABLAXIS, LABL_PTR_i is required.
  Epoch_wb6: For VAR_TYPE = 'data' or 'support_data', if no LABLAXIS, LABL_PTR_i is required.
  Epoch_den: For VAR_TYPE = 'data' or 'support_data', if no LABLAXIS, LABL_PTR_i is required.
DE2_ION2S_RPA | IST.LABL_PTRMissing:
  Epoch: For VAR_TYPE = 'data' or 'support_data', if no LABLAXIS, LABL_PTR_i is required.
DE2_NEUTRAL1S_NACS | IST.LABL_PTRMissing:
  Epoch: For VAR_TYPE = 'data' or 'support_data', if no LABLAXIS, LABL_PTR_i is required.
DE2_NEUTRAL8S_FPI | IST.LABL_PTRMissing:
  Epoch: For VAR_TYPE = 'data' or 'support_data', if no LABLAXIS, LABL_PTR_i is required.
DE2_PLASMA500MS_LANG | IST.LABL_PTRMissing:
  Epoch: For VAR_TYPE = 'data' or 'support_data', if no LABLAXIS, LABL_PTR_i is required.
DE2_UA16S_ALL | IST.LABL_PTRMissing:
  Epoch: For VAR_TYPE = 'data' or 'support_data', if no LABLAXIS, LABL_PTR_i is required.
DE2_VION250MS_IDM | IST.LABL_PTRMissing:
  Epoch: For VAR_TYPE = 'data' or 'support_data', if no LABLAXIS, LABL_PTR_i is required.
  Epoch_velZ: For VAR_TYPE = 'data' or 'support_data', if no LABLAXIS, LABL_PTR_i is required.
  Epoch_velY: For VAR_TYPE = 'data' or 'support_data', if no LABLAXIS, LABL_PTR_i is required.
DE2_WIND2S_WATS | IST.LABL_PTRMissing:
  Epoch: For VAR_TYPE = 'data' or 'support_data', if no LABLAXIS, LABL_PTR_i is required.
DE_UV_SAI | IST.LABL_PTRMissing:
  imhdr_field: For VAR_TYPE = 'data' or 'support_data', if no LABLAXIS, LABL_PTR_i is required.
  shdr_field: For VAR_TYPE = 'data' or 'support_data', if no LABLAXIS, LABL_PTR_i is required.
DE_VS_EICS | IST.LABL_PTRMissing:
  Epoch: For VAR_TYPE = 'data' or 'support_data', if no LABLAXIS, LABL_PTR_i is required.
DN_K0_GBAY | IST.LABL_PTRMissing:
  Epoch: For VAR_TYPE = 'data' or 'support_data', if no LABLAXIS, LABL_PTR_i is required.
  index: For VAR_TYPE = 'data' or 'support_data', if no LABLAXIS, LABL_PTR_i is required.
DN_K0_HANK | IST.LABL_PTRMissing:
  Epoch: For VAR_TYPE = 'data' or 'support_data', if no LABLAXIS, LABL_PTR_i is required.
  index: For VAR_TYPE = 'data' or 'support_data', if no LABLAXIS, LABL_PTR_i is required.
DN_K0_ICEW | IST.LABL_PTRMissing:
  Epoch: For VAR_TYPE = 'data' or 'support_data', if no LABLAXIS, LABL_PTR_i is required.
  index: For VAR_TYPE = 'data' or 'support_data', if no LABLAXIS, LABL_PTR_i is required.
DN_K0_KAPU | IST.LABL_PTRMissing:
  Epoch: For VAR_TYPE = 'data' or 'support_data', if no LABLAXIS, LABL_PTR_i is required.
  index: For VAR_TYPE = 'data' or 'support_data', if no LABLAXIS, LABL_PTR_i is required.
DN_K0_PACE | IST.LABL_PTRMissing:
  Epoch: For VAR_TYPE = 'data' or 'support_data', if no LABLAXIS, LABL_PTR_i is required.
  index: For VAR_TYPE = 'data' or 'support_data', if no LABLAXIS, LABL_PTR_i is required.
DN_K0_PYKK | IST.LABL_PTRMissing:
  Epoch: For VAR_TYPE = 'data' or 'support_data', if no LABLAXIS, LABL_PTR_i is required.
  index: For VAR_TYPE = 'data' or 'support_data', if no LABLAXIS, LABL_PTR_i is required.
DN_K0_SASK | IST.LABL_PTRMissing:
  Epoch: For VAR_TYPE = 'data' or 'support_data', if no LABLAXIS, LABL_PTR_i is required.
  index: For VAR_TYPE = 'data' or 'support_data', if no LABLAXIS, LABL_PTR_i is required.
DN_MAGN-L2-HIRES_G08 | IST.LABL_PTRMissing:
  b_ib_sensor: For VAR_TYPE = 'data' or 'support_data', if no LABLAXIS, LABL_PTR_i is required.
  b_ib_epn: For VAR_TYPE = 'data' or 'support_data', if no LABLAXIS, LABL_PTR_i is required.
  b_ib_eci: For VAR_TYPE = 'data' or 'support_data', if no LABLAXIS, LABL_PTR_i is required.
  b_ib_gse: For VAR_TYPE = 'data' or 'support_data', if no LABLAXIS, LABL_PTR_i is required.
  b_ib_gsm: For VAR_TYPE = 'data' or 'support_data', if no LABLAXIS, LABL_PTR_i is required.
  b_ib_vdh: For VAR_TYPE = 'data' or 'support_data', if no LABLAXIS, LABL_PTR_i is required.
  b_ib_brf: For VAR_TYPE = 'data' or 'support_data', if no LABLAXIS, LABL_PTR_i is required.
  b_ib_quality: For VAR_TYPE = 'data' or 'support_data', if no LABLAXIS, LABL_PTR_i is required.
  time_ib: For VAR_TYPE = 'data' or 'support_data', if no LABLAXIS, LABL_PTR_i is required.
  b_ob_sensor: For VAR_TYPE = 'data' or 'support_data', if no LABLAXIS, LABL_PTR_i is required.
  b_ob_epn: For VAR_TYPE = 'data' or 'support_data', if no LABLAXIS, LABL_PTR_i is required.
  b_ob_eci: For VAR_TYPE = 'data' or 'support_data', if no LABLAXIS, LABL_PTR_i is required.
  b_ob_gse: For VAR_TYPE = 'data' or 'support_data', if no LABLAXIS, LABL_PTR_i is required.
  b_ob_gsm: For VAR_TYPE = 'data' or 'support_data', if no LABLAXIS, LABL_PTR_i is required.
  b_ob_vdh: For VAR_TYPE = 'data' or 'support_data', if no LABLAXIS, LABL_PTR_i is required.
  b_ob_brf: For VAR_TYPE = 'data' or 'support_data', if no LABLAXIS, LABL_PTR_i is required.
  b_ob_quality: For VAR_TYPE = 'data' or 'support_data', if no LABLAXIS, LABL_PTR_i is required.
  time_ob: For VAR_TYPE = 'data' or 'support_data', if no LABLAXIS, LABL_PTR_i is required.
  time_orbit: For VAR_TYPE = 'data' or 'support_data', if no LABLAXIS, LABL_PTR_i is required.
DN_MAGN-L2-HIRES_G09 | IST.LABL_PTRMissing:
  b_ib_sensor: For VAR_TYPE = 'data' or 'support_data', if no LABLAXIS, LABL_PTR_i is required.
  b_ib_epn: For VAR_TYPE = 'data' or 'support_data', if no LABLAXIS, LABL_PTR_i is required.
  b_ib_eci: For VAR_TYPE = 'data' or 'support_data', if no LABLAXIS, LABL_PTR_i is required.
  b_ib_gse: For VAR_TYPE = 'data' or 'support_data', if no LABLAXIS, LABL_PTR_i is required.
  b_ib_gsm: For VAR_TYPE = 'data' or 'support_data', if no LABLAXIS, LABL_PTR_i is required.
  b_ib_vdh: For VAR_TYPE = 'data' or 'support_data', if no LABLAXIS, LABL_PTR_i is required.
  b_ib_brf: For VAR_TYPE = 'data' or 'support_data', if no LABLAXIS, LABL_PTR_i is required.
  b_ib_quality: For VAR_TYPE = 'data' or 'support_data', if no LABLAXIS, LABL_PTR_i is required.
  time_ib: For VAR_TYPE = 'data' or 'support_data', if no LABLAXIS, LABL_PTR_i is required.
  b_ob_sensor: For VAR_TYPE = 'data' or 'support_data', if no LABLAXIS, LABL_PTR_i is required.
  b_ob_epn: For VAR_TYPE = 'data' or 'support_data', if no LABLAXIS, LABL_PTR_i is required.
  b_ob_eci: For VAR_TYPE = 'data' or 'support_data', if no LABLAXIS, LABL_PTR_i is required.
  b_ob_gse: For VAR_TYPE = 'data' or 'support_data', if no LABLAXIS, LABL_PTR_i is required.
  b_ob_gsm: For VAR_TYPE = 'data' or 'support_data', if no LABLAXIS, LABL_PTR_i is required.
  b_ob_vdh: For VAR_TYPE = 'data' or 'support_data', if no LABLAXIS, LABL_PTR_i is required.
  b_ob_brf: For VAR_TYPE = 'data' or 'support_data', if no LABLAXIS, LABL_PTR_i is required.
  b_ob_quality: For VAR_TYPE = 'data' or 'support_data', if no LABLAXIS, LABL_PTR_i is required.
  time_ob: For VAR_TYPE = 'data' or 'support_data', if no LABLAXIS, LABL_PTR_i is required.
  time_orbit: For VAR_TYPE = 'data' or 'support_data', if no LABLAXIS, LABL_PTR_i is required.
DN_MAGN-L2-HIRES_G10 | IST.LABL_PTRMissing:
  b_ib_sensor: For VAR_TYPE = 'data' or 'support_data', if no LABLAXIS, LABL_PTR_i is required.
  b_ib_epn: For VAR_TYPE = 'data' or 'support_data', if no LABLAXIS, LABL_PTR_i is required.
  b_ib_eci: For VAR_TYPE = 'data' or 'support_data', if no LABLAXIS, LABL_PTR_i is required.
  b_ib_gse: For VAR_TYPE = 'data' or 'support_data', if no LABLAXIS, LABL_PTR_i is required.
  b_ib_gsm: For VAR_TYPE = 'data' or 'support_data', if no LABLAXIS, LABL_PTR_i is required.
  b_ib_vdh: For VAR_TYPE = 'data' or 'support_data', if no LABLAXIS, LABL_PTR_i is required.
  b_ib_brf: For VAR_TYPE = 'data' or 'support_data', if no LABLAXIS, LABL_PTR_i is required.
  b_ib_quality: For VAR_TYPE = 'data' or 'support_data', if no LABLAXIS, LABL_PTR_i is required.
  time_ib: For VAR_TYPE = 'data' or 'support_data', if no LABLAXIS, LABL_PTR_i is required.
  b_ob_sensor: For VAR_TYPE = 'data' or 'support_data', if no LABLAXIS, LABL_PTR_i is required.
  b_ob_epn: For VAR_TYPE = 'data' or 'support_data', if no LABLAXIS, LABL_PTR_i is required.
  b_ob_eci: For VAR_TYPE = 'data' or 'support_data', if no LABLAXIS, LABL_PTR_i is required.
  b_ob_gse: For VAR_TYPE = 'data' or 'support_data', if no LABLAXIS, LABL_PTR_i is required.
  b_ob_gsm: For VAR_TYPE = 'data' or 'support_data', if no LABLAXIS, LABL_PTR_i is required.
  b_ob_vdh: For VAR_TYPE = 'data' or 'support_data', if no LABLAXIS, LABL_PTR_i is required.
  b_ob_brf: For VAR_TYPE = 'data' or 'support_data', if no LABLAXIS, LABL_PTR_i is required.
  b_ob_quality: For VAR_TYPE = 'data' or 'support_data', if no LABLAXIS, LABL_PTR_i is required.
  time_ob: For VAR_TYPE = 'data' or 'support_data', if no LABLAXIS, LABL_PTR_i is required.
  time_orbit: For VAR_TYPE = 'data' or 'support_data', if no LABLAXIS, LABL_PTR_i is required.
DN_MAGN-L2-HIRES_G11 | IST.LABL_PTRMissing:
  b_ib_sensor: For VAR_TYPE = 'data' or 'support_data', if no LABLAXIS, LABL_PTR_i is required.
  b_ib_epn: For VAR_TYPE = 'data' or 'support_data', if no LABLAXIS, LABL_PTR_i is required.
  b_ib_eci: For VAR_TYPE = 'data' or 'support_data', if no LABLAXIS, LABL_PTR_i is required.
  b_ib_gse: For VAR_TYPE = 'data' or 'support_data', if no LABLAXIS, LABL_PTR_i is required.
  b_ib_gsm: For VAR_TYPE = 'data' or 'support_data', if no LABLAXIS, LABL_PTR_i is required.
  b_ib_vdh: For VAR_TYPE = 'data' or 'support_data', if no LABLAXIS, LABL_PTR_i is required.
  b_ib_brf: For VAR_TYPE = 'data' or 'support_data', if no LABLAXIS, LABL_PTR_i is required.
  b_ib_quality: For VAR_TYPE = 'data' or 'support_data', if no LABLAXIS, LABL_PTR_i is required.
  time_ib: For VAR_TYPE = 'data' or 'support_data', if no LABLAXIS, LABL_PTR_i is required.
  b_ob_sensor: For VAR_TYPE = 'data' or 'support_data', if no LABLAXIS, LABL_PTR_i is required.
  b_ob_epn: For VAR_TYPE = 'data' or 'support_data', if no LABLAXIS, LABL_PTR_i is required.
  b_ob_eci: For VAR_TYPE = 'data' or 'support_data', if no LABLAXIS, LABL_PTR_i is required.
  b_ob_gse: For VAR_TYPE = 'data' or 'support_data', if no LABLAXIS, LABL_PTR_i is required.
  b_ob_gsm: For VAR_TYPE = 'data' or 'support_data', if no LABLAXIS, LABL_PTR_i is required.
  b_ob_vdh: For VAR_TYPE = 'data' or 'support_data', if no LABLAXIS, LABL_PTR_i is required.
  b_ob_brf: For VAR_TYPE = 'data' or 'support_data', if no LABLAXIS, LABL_PTR_i is required.
  b_ob_quality: For VAR_TYPE = 'data' or 'support_data', if no LABLAXIS, LABL_PTR_i is required.
  time_ob: For VAR_TYPE = 'data' or 'support_data', if no LABLAXIS, LABL_PTR_i is required.
  time_orbit: For VAR_TYPE = 'data' or 'support_data', if no LABLAXIS, LABL_PTR_i is required.
DN_MAGN-L2-HIRES_G12 | IST.LABL_PTRMissing:
  b_ib_sensor: For VAR_TYPE = 'data' or 'support_data', if no LABLAXIS, LABL_PTR_i is required.
  b_ib_epn: For VAR_TYPE = 'data' or 'support_data', if no LABLAXIS, LABL_PTR_i is required.
  b_ib_eci: For VAR_TYPE = 'data' or 'support_data', if no LABLAXIS, LABL_PTR_i is required.
  b_ib_gse: For VAR_TYPE = 'data' or 'support_data', if no LABLAXIS, LABL_PTR_i is required.
  b_ib_gsm: For VAR_TYPE = 'data' or 'support_data', if no LABLAXIS, LABL_PTR_i is required.
  b_ib_vdh: For VAR_TYPE = 'data' or 'support_data', if no LABLAXIS, LABL_PTR_i is required.
  b_ib_brf: For VAR_TYPE = 'data' or 'support_data', if no LABLAXIS, LABL_PTR_i is required.
  b_ib_quality: For VAR_TYPE = 'data' or 'support_data', if no LABLAXIS, LABL_PTR_i is required.
  time_ib: For VAR_TYPE = 'data' or 'support_data', if no LABLAXIS, LABL_PTR_i is required.
  b_ob_sensor: For VAR_TYPE = 'data' or 'support_data', if no LABLAXIS, LABL_PTR_i is required.
  b_ob_epn: For VAR_TYPE = 'data' or 'support_data', if no LABLAXIS, LABL_PTR_i is required.
  b_ob_eci: For VAR_TYPE = 'data' or 'support_data', if no LABLAXIS, LABL_PTR_i is required.
  b_ob_gse: For VAR_TYPE = 'data' or 'support_data', if no LABLAXIS, LABL_PTR_i is required.
  b_ob_gsm: For VAR_TYPE = 'data' or 'support_data', if no LABLAXIS, LABL_PTR_i is required.
  b_ob_vdh: For VAR_TYPE = 'data' or 'support_data', if no LABLAXIS, LABL_PTR_i is required.
  b_ob_brf: For VAR_TYPE = 'data' or 'support_data', if no LABLAXIS, LABL_PTR_i is required.
  b_ob_quality: For VAR_TYPE = 'data' or 'support_data', if no LABLAXIS, LABL_PTR_i is required.
  time_ob: For VAR_TYPE = 'data' or 'support_data', if no LABLAXIS, LABL_PTR_i is required.
  time_orbit: For VAR_TYPE = 'data' or 'support_data', if no LABLAXIS, LABL_PTR_i is required.
DN_MAGN-L2-HIRES_G13 | IST.LABL_PTRMissing:
  b_ib_sensor: For VAR_TYPE = 'data' or 'support_data', if no LABLAXIS, LABL_PTR_i is required.
  b_ib_epn: For VAR_TYPE = 'data' or 'support_data', if no LABLAXIS, LABL_PTR_i is required.
  b_ib_eci: For VAR_TYPE = 'data' or 'support_data', if no LABLAXIS, LABL_PTR_i is required.
  b_ib_gse: For VAR_TYPE = 'data' or 'support_data', if no LABLAXIS, LABL_PTR_i is required.
  b_ib_gsm: For VAR_TYPE = 'data' or 'support_data', if no LABLAXIS, LABL_PTR_i is required.
  b_ib_vdh: For VAR_TYPE = 'data' or 'support_data', if no LABLAXIS, LABL_PTR_i is required.
  b_ib_brf: For VAR_TYPE = 'data' or 'support_data', if no LABLAXIS, LABL_PTR_i is required.
  b_ib_quality: For VAR_TYPE = 'data' or 'support_data', if no LABLAXIS, LABL_PTR_i is required.
  time_ib: For VAR_TYPE = 'data' or 'support_data', if no LABLAXIS, LABL_PTR_i is required.
  b_ob_sensor: For VAR_TYPE = 'data' or 'support_data', if no LABLAXIS, LABL_PTR_i is required.
  b_ob_epn: For VAR_TYPE = 'data' or 'support_data', if no LABLAXIS, LABL_PTR_i is required.
  b_ob_eci: For VAR_TYPE = 'data' or 'support_data', if no LABLAXIS, LABL_PTR_i is required.
  b_ob_gse: For VAR_TYPE = 'data' or 'support_data', if no LABLAXIS, LABL_PTR_i is required.
  b_ob_gsm: For VAR_TYPE = 'data' or 'support_data', if no LABLAXIS, LABL_PTR_i is required.
  b_ob_vdh: For VAR_TYPE = 'data' or 'support_data', if no LABLAXIS, LABL_PTR_i is required.
  b_ob_brf: For VAR_TYPE = 'data' or 'support_data', if no LABLAXIS, LABL_PTR_i is required.
  b_ob_quality: For VAR_TYPE = 'data' or 'support_data', if no LABLAXIS, LABL_PTR_i is required.
  time_ob: For VAR_TYPE = 'data' or 'support_data', if no LABLAXIS, LABL_PTR_i is required.
  time_orbit: For VAR_TYPE = 'data' or 'support_data', if no LABLAXIS, LABL_PTR_i is required.
DN_MAGN-L2-HIRES_G14 | IST.LABL_PTRMissing:
  b_ib_sensor: For VAR_TYPE = 'data' or 'support_data', if no LABLAXIS, LABL_PTR_i is required.
  b_ib_epn: For VAR_TYPE = 'data' or 'support_data', if no LABLAXIS, LABL_PTR_i is required.
  b_ib_eci: For VAR_TYPE = 'data' or 'support_data', if no LABLAXIS, LABL_PTR_i is required.
  b_ib_gse: For VAR_TYPE = 'data' or 'support_data', if no LABLAXIS, LABL_PTR_i is required.
  b_ib_gsm: For VAR_TYPE = 'data' or 'support_data', if no LABLAXIS, LABL_PTR_i is required.
  b_ib_vdh: For VAR_TYPE = 'data' or 'support_data', if no LABLAXIS, LABL_PTR_i is required.
  b_ib_brf: For VAR_TYPE = 'data' or 'support_data', if no LABLAXIS, LABL_PTR_i is required.
  b_ib_quality: For VAR_TYPE = 'data' or 'support_data', if no LABLAXIS, LABL_PTR_i is required.
  time_ib: For VAR_TYPE = 'data' or 'support_data', if no LABLAXIS, LABL_PTR_i is required.
  b_ob_sensor: For VAR_TYPE = 'data' or 'support_data', if no LABLAXIS, LABL_PTR_i is required.
  b_ob_epn: For VAR_TYPE = 'data' or 'support_data', if no LABLAXIS, LABL_PTR_i is required.
  b_ob_eci: For VAR_TYPE = 'data' or 'support_data', if no LABLAXIS, LABL_PTR_i is required.
  b_ob_gse: For VAR_TYPE = 'data' or 'support_data', if no LABLAXIS, LABL_PTR_i is required.
  b_ob_gsm: For VAR_TYPE = 'data' or 'support_data', if no LABLAXIS, LABL_PTR_i is required.
  b_ob_vdh: For VAR_TYPE = 'data' or 'support_data', if no LABLAXIS, LABL_PTR_i is required.
  b_ob_brf: For VAR_TYPE = 'data' or 'support_data', if no LABLAXIS, LABL_PTR_i is required.
  b_ob_quality: For VAR_TYPE = 'data' or 'support_data', if no LABLAXIS, LABL_PTR_i is required.
  time_ob: For VAR_TYPE = 'data' or 'support_data', if no LABLAXIS, LABL_PTR_i is required.
  time_orbit: For VAR_TYPE = 'data' or 'support_data', if no LABLAXIS, LABL_PTR_i is required.
DN_MAGN-L2-HIRES_G15 | IST.LABL_PTRMissing:
  b_ib_sensor: For VAR_TYPE = 'data' or 'support_data', if no LABLAXIS, LABL_PTR_i is required.
  b_ib_epn: For VAR_TYPE = 'data' or 'support_data', if no LABLAXIS, LABL_PTR_i is required.
  b_ib_eci: For VAR_TYPE = 'data' or 'support_data', if no LABLAXIS, LABL_PTR_i is required.
  b_ib_gse: For VAR_TYPE = 'data' or 'support_data', if no LABLAXIS, LABL_PTR_i is required.
  b_ib_gsm: For VAR_TYPE = 'data' or 'support_data', if no LABLAXIS, LABL_PTR_i is required.
  b_ib_vdh: For VAR_TYPE = 'data' or 'support_data', if no LABLAXIS, LABL_PTR_i is required.
  b_ib_brf: For VAR_TYPE = 'data' or 'support_data', if no LABLAXIS, LABL_PTR_i is required.
  b_ib_quality: For VAR_TYPE = 'data' or 'support_data', if no LABLAXIS, LABL_PTR_i is required.
  time_ib: For VAR_TYPE = 'data' or 'support_data', if no LABLAXIS, LABL_PTR_i is required.
  b_ob_sensor: For VAR_TYPE = 'data' or 'support_data', if no LABLAXIS, LABL_PTR_i is required.
  b_ob_epn: For VAR_TYPE = 'data' or 'support_data', if no LABLAXIS, LABL_PTR_i is required.
  b_ob_eci: For VAR_TYPE = 'data' or 'support_data', if no LABLAXIS, LABL_PTR_i is required.
  b_ob_gse: For VAR_TYPE = 'data' or 'support_data', if no LABLAXIS, LABL_PTR_i is required.
  b_ob_gsm: For VAR_TYPE = 'data' or 'support_data', if no LABLAXIS, LABL_PTR_i is required.
  b_ob_vdh: For VAR_TYPE = 'data' or 'support_data', if no LABLAXIS, LABL_PTR_i is required.
  b_ob_brf: For VAR_TYPE = 'data' or 'support_data', if no LABLAXIS, LABL_PTR_i is required.
  b_ob_quality: For VAR_TYPE = 'data' or 'support_data', if no LABLAXIS, LABL_PTR_i is required.
  time_ob: For VAR_TYPE = 'data' or 'support_data', if no LABLAXIS, LABL_PTR_i is required.
  time_orbit: For VAR_TYPE = 'data' or 'support_data', if no LABLAXIS, LABL_PTR_i is required.
DN_MAGN-L2-HIRES_G16 | IST.LABL_PTRMissing:
  b_ib_sensor: For VAR_TYPE = 'data' or 'support_data', if no LABLAXIS, LABL_PTR_i is required.
  b_ib_epn: For VAR_TYPE = 'data' or 'support_data', if no LABLAXIS, LABL_PTR_i is required.
  b_ib_eci: For VAR_TYPE = 'data' or 'support_data', if no LABLAXIS, LABL_PTR_i is required.
  b_ib_gse: For VAR_TYPE = 'data' or 'support_data', if no LABLAXIS, LABL_PTR_i is required.
  b_ib_gsm: For VAR_TYPE = 'data' or 'support_data', if no LABLAXIS, LABL_PTR_i is required.
  b_ib_vdh: For VAR_TYPE = 'data' or 'support_data', if no LABLAXIS, LABL_PTR_i is required.
  b_ib_brf: For VAR_TYPE = 'data' or 'support_data', if no LABLAXIS, LABL_PTR_i is required.
  b_ib_quality: For VAR_TYPE = 'data' or 'support_data', if no LABLAXIS, LABL_PTR_i is required.
  time_ib: For VAR_TYPE = 'data' or 'support_data', if no LABLAXIS, LABL_PTR_i is required.
  b_ob_sensor: For VAR_TYPE = 'data' or 'support_data', if no LABLAXIS, LABL_PTR_i is required.
  b_ob_epn: For VAR_TYPE = 'data' or 'support_data', if no LABLAXIS, LABL_PTR_i is required.
  b_ob_eci: For VAR_TYPE = 'data' or 'support_data', if no LABLAXIS, LABL_PTR_i is required.
  b_ob_gse: For VAR_TYPE = 'data' or 'support_data', if no LABLAXIS, LABL_PTR_i is required.
  b_ob_gsm: For VAR_TYPE = 'data' or 'support_data', if no LABLAXIS, LABL_PTR_i is required.
  b_ob_vdh: For VAR_TYPE = 'data' or 'support_data', if no LABLAXIS, LABL_PTR_i is required.
  b_ob_brf: For VAR_TYPE = 'data' or 'support_data', if no LABLAXIS, LABL_PTR_i is required.
  b_ob_quality: For VAR_TYPE = 'data' or 'support_data', if no LABLAXIS, LABL_PTR_i is required.
  time_ob: For VAR_TYPE = 'data' or 'support_data', if no LABLAXIS, LABL_PTR_i is required.
  time_orbit: For VAR_TYPE = 'data' or 'support_data', if no LABLAXIS, LABL_PTR_i is required.
DN_MAGN-L2-HIRES_G17 | IST.LABL_PTRMissing:
  b_ib_sensor: For VAR_TYPE = 'data' or 'support_data', if no LABLAXIS, LABL_PTR_i is required.
  b_ib_epn: For VAR_TYPE = 'data' or 'support_data', if no LABLAXIS, LABL_PTR_i is required.
  b_ib_eci: For VAR_TYPE = 'data' or 'support_data', if no LABLAXIS, LABL_PTR_i is required.
  b_ib_gse: For VAR_TYPE = 'data' or 'support_data', if no LABLAXIS, LABL_PTR_i is required.
  b_ib_gsm: For VAR_TYPE = 'data' or 'support_data', if no LABLAXIS, LABL_PTR_i is required.
  b_ib_vdh: For VAR_TYPE = 'data' or 'support_data', if no LABLAXIS, LABL_PTR_i is required.
  b_ib_brf: For VAR_TYPE = 'data' or 'support_data', if no LABLAXIS, LABL_PTR_i is required.
  b_ib_quality: For VAR_TYPE = 'data' or 'support_data', if no LABLAXIS, LABL_PTR_i is required.
  time_ib: For VAR_TYPE = 'data' or 'support_data', if no LABLAXIS, LABL_PTR_i is required.
  b_ob_sensor: For VAR_TYPE = 'data' or 'support_data', if no LABLAXIS, LABL_PTR_i is required.
  b_ob_epn: For VAR_TYPE = 'data' or 'support_data', if no LABLAXIS, LABL_PTR_i is required.
  b_ob_eci: For VAR_TYPE = 'data' or 'support_data', if no LABLAXIS, LABL_PTR_i is required.
  b_ob_gse: For VAR_TYPE = 'data' or 'support_data', if no LABLAXIS, LABL_PTR_i is required.
  b_ob_gsm: For VAR_TYPE = 'data' or 'support_data', if no LABLAXIS, LABL_PTR_i is required.
  b_ob_vdh: For VAR_TYPE = 'data' or 'support_data', if no LABLAXIS, LABL_PTR_i is required.
  b_ob_brf: For VAR_TYPE = 'data' or 'support_data', if no LABLAXIS, LABL_PTR_i is required.
  b_ob_quality: For VAR_TYPE = 'data' or 'support_data', if no LABLAXIS, LABL_PTR_i is required.
  time_ob: For VAR_TYPE = 'data' or 'support_data', if no LABLAXIS, LABL_PTR_i is required.
  time_orbit: For VAR_TYPE = 'data' or 'support_data', if no LABLAXIS, LABL_PTR_i is required.
DN_MAGN-L2-HIRES_G18 | IST.LABL_PTRMissing:
  b_total: For VAR_TYPE = 'data' or 'support_data', if no LABLAXIS, LABL_PTR_i is required.
  time: For VAR_TYPE = 'data' or 'support_data', if no LABLAXIS, LABL_PTR_i is required.
  b_ib_sensor: For VAR_TYPE = 'data' or 'support_data', if no LABLAXIS, LABL_PTR_i is required.
  b_ib_epn: For VAR_TYPE = 'data' or 'support_data', if no LABLAXIS, LABL_PTR_i is required.
  b_ib_eci: For VAR_TYPE = 'data' or 'support_data', if no LABLAXIS, LABL_PTR_i is required.
  b_ib_gse: For VAR_TYPE = 'data' or 'support_data', if no LABLAXIS, LABL_PTR_i is required.
  b_ib_gsm: For VAR_TYPE = 'data' or 'support_data', if no LABLAXIS, LABL_PTR_i is required.
  b_ib_vdh: For VAR_TYPE = 'data' or 'support_data', if no LABLAXIS, LABL_PTR_i is required.
  b_ib_acrf: For VAR_TYPE = 'data' or 'support_data', if no LABLAXIS, LABL_PTR_i is required.
  b_ib_brf: For VAR_TYPE = 'data' or 'support_data', if no LABLAXIS, LABL_PTR_i is required.
  b_ib_quality: For VAR_TYPE = 'data' or 'support_data', if no LABLAXIS, LABL_PTR_i is required.
  time_ib: For VAR_TYPE = 'data' or 'support_data', if no LABLAXIS, LABL_PTR_i is required.
  b_ob_sensor: For VAR_TYPE = 'data' or 'support_data', if no LABLAXIS, LABL_PTR_i is required.
  b_ob_epn: For VAR_TYPE = 'data' or 'support_data', if no LABLAXIS, LABL_PTR_i is required.
  b_ob_eci: For VAR_TYPE = 'data' or 'support_data', if no LABLAXIS, LABL_PTR_i is required.
  b_ob_gse: For VAR_TYPE = 'data' or 'support_data', if no LABLAXIS, LABL_PTR_i is required.
  b_ob_gsm: For VAR_TYPE = 'data' or 'support_data', if no LABLAXIS, LABL_PTR_i is required.
  b_ob_vdh: For VAR_TYPE = 'data' or 'support_data', if no LABLAXIS, LABL_PTR_i is required.
  b_ob_acrf: For VAR_TYPE = 'data' or 'support_data', if no LABLAXIS, LABL_PTR_i is required.
  b_ob_brf: For VAR_TYPE = 'data' or 'support_data', if no LABLAXIS, LABL_PTR_i is required.
  b_ob_quality: For VAR_TYPE = 'data' or 'support_data', if no LABLAXIS, LABL_PTR_i is required.
  time_ob: For VAR_TYPE = 'data' or 'support_data', if no LABLAXIS, LABL_PTR_i is required.
  time_orbit: For VAR_TYPE = 'data' or 'support_data', if no LABLAXIS, LABL_PTR_i is required.
ELA_L1_EPDEF | IST.LABL_PTRMissing:
  ela_pef_time: For VAR_TYPE = 'data' or 'support_data', if no LABLAXIS, LABL_PTR_i is required.
ELA_L1_EPDIF | IST.LABL_PTRMissing:
  ela_pif_time: For VAR_TYPE = 'data' or 'support_data', if no LABLAXIS, LABL_PTR_i is required.
ELA_L1_STATE_DEFN | IST.LABL_PTRMissing:
  ela_state_time: For VAR_TYPE = 'data' or 'support_data', if no LABLAXIS, LABL_PTR_i is required.
  ela_att_time: For VAR_TYPE = 'data' or 'support_data', if no LABLAXIS, LABL_PTR_i is required.
ELA_L1_STATE_PRED | IST.LABL_PTRMissing:
  ela_state_time: For VAR_TYPE = 'data' or 'support_data', if no LABLAXIS, LABL_PTR_i is required.
  ela_att_time: For VAR_TYPE = 'data' or 'support_data', if no LABLAXIS, LABL_PTR_i is required.
ELB_L1_EPDEF | IST.LABL_PTRMissing:
  elb_pef_time: For VAR_TYPE = 'data' or 'support_data', if no LABLAXIS, LABL_PTR_i is required.
ELB_L1_EPDIF | IST.LABL_PTRMissing:
  elb_pif_time: For VAR_TYPE = 'data' or 'support_data', if no LABLAXIS, LABL_PTR_i is required.
ELB_L1_STATE_DEFN | IST.LABL_PTRMissing:
  elb_state_time: For VAR_TYPE = 'data' or 'support_data', if no LABLAXIS, LABL_PTR_i is required.
  elb_att_time: For VAR_TYPE = 'data' or 'support_data', if no LABLAXIS, LABL_PTR_i is required.
ELB_L1_STATE_PRED | IST.LABL_PTRMissing:
  elb_state_time: For VAR_TYPE = 'data' or 'support_data', if no LABLAXIS, LABL_PTR_i is required.
  elb_att_time: For VAR_TYPE = 'data' or 'support_data', if no LABLAXIS, LABL_PTR_i is required.
ERG_PWE_OFA_L2_SPEC | IST.LABL_PTRMissing:
  cmp_e132: For VAR_TYPE = 'data' or 'support_data', if no LABLAXIS, LABL_PTR_i is required.
  ch_e132: For VAR_TYPE = 'data' or 'support_data', if no LABLAXIS, LABL_PTR_i is required.
  obs_cal_e132: For VAR_TYPE = 'data' or 'support_data', if no LABLAXIS, LABL_PTR_i is required.
  main_amp_gain_e132: For VAR_TYPE = 'data' or 'support_data', if no LABLAXIS, LABL_PTR_i is required.
  lpf_e132: For VAR_TYPE = 'data' or 'support_data', if no LABLAXIS, LABL_PTR_i is required.
  sampling_rate_e132: For VAR_TYPE = 'data' or 'support_data', if no LABLAXIS, LABL_PTR_i is required.
  wpt_ac_gain_e132: For VAR_TYPE = 'data' or 'support_data', if no LABLAXIS, LABL_PTR_i is required.
  cal_table_id_e132: For VAR_TYPE = 'data' or 'support_data', if no LABLAXIS, LABL_PTR_i is required.
  cmp_b132: For VAR_TYPE = 'data' or 'support_data', if no LABLAXIS, LABL_PTR_i is required.
  ch_b132: For VAR_TYPE = 'data' or 'support_data', if no LABLAXIS, LABL_PTR_i is required.
  obs_cal_b132: For VAR_TYPE = 'data' or 'support_data', if no LABLAXIS, LABL_PTR_i is required.
  main_amp_gain_b132: For VAR_TYPE = 'data' or 'support_data', if no LABLAXIS, LABL_PTR_i is required.
  lpf_b132: For VAR_TYPE = 'data' or 'support_data', if no LABLAXIS, LABL_PTR_i is required.
  sampling_rate_b132: For VAR_TYPE = 'data' or 'support_data', if no LABLAXIS, LABL_PTR_i is required.
  mscpa_gain_b132: For VAR_TYPE = 'data' or 'support_data', if no LABLAXIS, LABL_PTR_i is required.
  cal_table_id_b132: For VAR_TYPE = 'data' or 'support_data', if no LABLAXIS, LABL_PTR_i is required.
FA_ESA_L2_IEB | IST.LABL_PTRMissing:
  data_audio: For VAR_TYPE = 'data' or 'support_data', if no LABLAXIS, LABL_PTR_i is required.
FM_K0_KILP | IST.LABL_PTRMissing:
  Geo_Latitude: For VAR_TYPE = 'data' or 'support_data', if no LABLAXIS, LABL_PTR_i is required.
GE_1MIN_MAG_PLASMA_SW_ONLY | IST.LABL_PTRMissing:
  Epoch: For VAR_TYPE = 'data' or 'support_data', if no LABLAXIS, LABL_PTR_i is required.
GE_EDA12SEC_LEP | IST.LABL_PTRMissing:
  Sensor: For VAR_TYPE = 'data' or 'support_data', if no LABLAXIS, LABL_PTR_i is required.
GE_EDB12SEC_LEP | IST.LABL_PTRMissing:
  Sensor: For VAR_TYPE = 'data' or 'support_data', if no LABLAXIS, LABL_PTR_i is required.
GOES13_EPEAD-SCIENCE-ELECTRONS-E13EW_1MIN | IST.LABL_PTRMissing:
  time_tag: For VAR_TYPE = 'data' or 'support_data', if no LABLAXIS, LABL_PTR_i is required.
GOES14_EPEAD-SCIENCE-ELECTRONS-E13EW_1MIN | IST.LABL_PTRMissing:
  time_tag: For VAR_TYPE = 'data' or 'support_data', if no LABLAXIS, LABL_PTR_i is required.
GOES15_EPEAD-SCIENCE-ELECTRONS-E13EW_1MIN | IST.LABL_PTRMissing:
  time_tag: For VAR_TYPE = 'data' or 'support_data', if no LABLAXIS, LABL_PTR_i is required.
GOLD_L2_NMAX | IST.LABL_PTRMissing:
  dqi: For VAR_TYPE = 'data' or 'support_data', if no LABLAXIS, LABL_PTR_i is required.
  channel: For VAR_TYPE = 'data' or 'support_data', if no LABLAXIS, LABL_PTR_i is required.
GOLD_L2_O2DEN | IST.LABL_PTRMissing:
  dqi: For VAR_TYPE = 'data' or 'support_data', if no LABLAXIS, LABL_PTR_i is required.
GOLD_L2_TDISK | IST.LABL_PTRMissing:
  mask_wavelength: For VAR_TYPE = 'data' or 'support_data', if no LABLAXIS, LABL_PTR_i is required.
  vibrational_populations: For VAR_TYPE = 'data' or 'support_data', if no LABLAXIS, LABL_PTR_i is required.
GPS_RF_LANL-VTEC-1HR | IST.LABL_PTRMissing:
  lat: For VAR_TYPE = 'data' or 'support_data', if no LABLAXIS, LABL_PTR_i is required.
  lon: For VAR_TYPE = 'data' or 'support_data', if no LABLAXIS, LABL_PTR_i is required.
  time: For VAR_TYPE = 'data' or 'support_data', if no LABLAXIS, LABL_PTR_i is required.
GPS_ROTI15MIN_JPL | IST.LABL_PTRMissing:
  Epoch: For VAR_TYPE = 'data' or 'support_data', if no LABLAXIS, LABL_PTR_i is required.
GPS_TEC15MIN_IGS | IST.LABL_PTRMissing:
  Epoch: For VAR_TYPE = 'data' or 'support_data', if no LABLAXIS, LABL_PTR_i is required.
GPS_TEC1HR_IGS | IST.LABL_PTRMissing:
  Epoch: For VAR_TYPE = 'data' or 'support_data', if no LABLAXIS, LABL_PTR_i is required.
GPS_TEC2HR_IGS | IST.LABL_PTRMissing:
  Epoch: For VAR_TYPE = 'data' or 'support_data', if no LABLAXIS, LABL_PTR_i is required.
HEL1_6SEC_NESSMAG | IST.LABL_PTRMissing:
  Epoch: For VAR_TYPE = 'data' or 'support_data', if no LABLAXIS, LABL_PTR_i is required.
  spacecraft: For VAR_TYPE = 'data' or 'support_data', if no LABLAXIS, LABL_PTR_i is required.
HEL2_6SEC_NESSMAG | IST.LABL_PTRMissing:
  Epoch: For VAR_TYPE = 'data' or 'support_data', if no LABLAXIS, LABL_PTR_i is required.
  spacecraft: For VAR_TYPE = 'data' or 'support_data', if no LABLAXIS, LABL_PTR_i is required.
HELIOS1_40SEC_MAG-PLASMA | IST.LABL_PTRMissing:
  Epoch: For VAR_TYPE = 'data' or 'support_data', if no LABLAXIS, LABL_PTR_i is required.
HELIOS1_COHO1HR_MERGED_MAG_PLASMA | IST.LABL_PTRMissing:
  Epoch: For VAR_TYPE = 'data' or 'support_data', if no LABLAXIS, LABL_PTR_i is required.
  RotationNumber: For VAR_TYPE = 'data' or 'support_data', if no LABLAXIS, LABL_PTR_i is required.
HELIOS1_E6_1HOUR_PARTICLE_FLUX | IST.LABL_PTRMissing:
  Epoch: For VAR_TYPE = 'data' or 'support_data', if no LABLAXIS, LABL_PTR_i is required.
HELIOS1_E6_KUNOW_1HOUR_PARTICLE-FLUX | IST.LABL_PTRMissing:
  Epoch: For VAR_TYPE = 'data' or 'support_data', if no LABLAXIS, LABL_PTR_i is required.
HELIOS2_40SEC_MAG-PLASMA | IST.LABL_PTRMissing:
  Epoch: For VAR_TYPE = 'data' or 'support_data', if no LABLAXIS, LABL_PTR_i is required.
HELIOS2_COHO1HR_MERGED_MAG_PLASMA | IST.LABL_PTRMissing:
  Epoch: For VAR_TYPE = 'data' or 'support_data', if no LABLAXIS, LABL_PTR_i is required.
  RotationNumber: For VAR_TYPE = 'data' or 'support_data', if no LABLAXIS, LABL_PTR_i is required.
HELIOS2_E6_1HOUR_PARTICLE_FLUX | IST.LABL_PTRMissing:
  Epoch: For VAR_TYPE = 'data' or 'support_data', if no LABLAXIS, LABL_PTR_i is required.
HELIOS2_E6_KUNOW_1HOUR_PARTICLE-FLUX | IST.LABL_PTRMissing:
  Epoch: For VAR_TYPE = 'data' or 'support_data', if no LABLAXIS, LABL_PTR_i is required.
HK_H0_MAG | IST.LABL_PTRMissing:
  Epoch: For VAR_TYPE = 'data' or 'support_data', if no LABLAXIS, LABL_PTR_i is required.
I8_OR_SSC | IST.LABL_PTRMissing:
  cartesian: For VAR_TYPE = 'data' or 'support_data', if no LABLAXIS, LABL_PTR_i is required.
ICON_L2-4_FUV_DAY | IST.LABL_PTRMissing:
  Epoch: For VAR_TYPE = 'data' or 'support_data', if no LABLAXIS, LABL_PTR_i is required.
  ICON_L24_1356_Emission: For VAR_TYPE = 'data' or 'support_data', if no LABLAXIS, LABL_PTR_i is required.
  ICON_L24_Ap: For VAR_TYPE = 'data' or 'support_data', if no LABLAXIS, LABL_PTR_i is required.
  ICON_L24_Disk_LOS_Zen_Angle: For VAR_TYPE = 'data' or 'support_data', if no LABLAXIS, LABL_PTR_i is required.
  ICON_L24_Disk_Latitude: For VAR_TYPE = 'data' or 'support_data', if no LABLAXIS, LABL_PTR_i is required.
  ICON_L24_Disk_Longitude: For VAR_TYPE = 'data' or 'support_data', if no LABLAXIS, LABL_PTR_i is required.
  ICON_L24_Disk_Magnetic_Latitude: For VAR_TYPE = 'data' or 'support_data', if no LABLAXIS, LABL_PTR_i is required.
  ICON_L24_Disk_Magnetic_Longitude: For VAR_TYPE = 'data' or 'support_data', if no LABLAXIS, LABL_PTR_i is required.
  ICON_L24_Disk_ON2: For VAR_TYPE = 'data' or 'support_data', if no LABLAXIS, LABL_PTR_i is required.
  ICON_L24_Disk_Retrieval_Flags: For VAR_TYPE = 'data' or 'support_data', if no LABLAXIS, LABL_PTR_i is required.
  ICON_L24_Disk_SZA: For VAR_TYPE = 'data' or 'support_data', if no LABLAXIS, LABL_PTR_i is required.
  ICON_L24_Disk_Sigma_ON2: For VAR_TYPE = 'data' or 'support_data', if no LABLAXIS, LABL_PTR_i is required.
  ICON_L24_F107: For VAR_TYPE = 'data' or 'support_data', if no LABLAXIS, LABL_PTR_i is required.
  ICON_L24_LBH_Emission: For VAR_TYPE = 'data' or 'support_data', if no LABLAXIS, LABL_PTR_i is required.
  ICON_L24_Limb_Retrieval_Flags: For VAR_TYPE = 'data' or 'support_data', if no LABLAXIS, LABL_PTR_i is required.
  ICON_L24_Local_Solar_Time_Disk: For VAR_TYPE = 'data' or 'support_data', if no LABLAXIS, LABL_PTR_i is required.
  ICON_L24_Observatory_Altitude: For VAR_TYPE = 'data' or 'support_data', if no LABLAXIS, LABL_PTR_i is required.
  ICON_L24_Observatory_Latitude: For VAR_TYPE = 'data' or 'support_data', if no LABLAXIS, LABL_PTR_i is required.
  ICON_L24_Observatory_Longitude: For VAR_TYPE = 'data' or 'support_data', if no LABLAXIS, LABL_PTR_i is required.
  ICON_L24_UTC_Time: For VAR_TYPE = 'data' or 'support_data', if no LABLAXIS, LABL_PTR_i is required.
  ICON_L24_Whole_Day_Retrieval_Flag: For VAR_TYPE = 'data' or 'support_data', if no LABLAXIS, LABL_PTR_i is required.
ICON_L2-4_FUV_DAY-LIMB | IST.LABL_PTRMissing:
  Epoch: For VAR_TYPE = 'data' or 'support_data', if no LABLAXIS, LABL_PTR_i is required.
  ICON_L24_Altitude: For VAR_TYPE = 'data' or 'support_data', if no LABLAXIS, LABL_PTR_i is required.
  ICON_L24_Ap: For VAR_TYPE = 'data' or 'support_data', if no LABLAXIS, LABL_PTR_i is required.
  ICON_L24_Column_O_N2: For VAR_TYPE = 'data' or 'support_data', if no LABLAXIS, LABL_PTR_i is required.
  ICON_L24_F107: For VAR_TYPE = 'data' or 'support_data', if no LABLAXIS, LABL_PTR_i is required.
  ICON_L24_Latitude: For VAR_TYPE = 'data' or 'support_data', if no LABLAXIS, LABL_PTR_i is required.
  ICON_L24_Limb_Retrieval_Flags: For VAR_TYPE = 'data' or 'support_data', if no LABLAXIS, LABL_PTR_i is required.
  ICON_L24_Local_Solar_Time: For VAR_TYPE = 'data' or 'support_data', if no LABLAXIS, LABL_PTR_i is required.
  ICON_L24_Longitude: For VAR_TYPE = 'data' or 'support_data', if no LABLAXIS, LABL_PTR_i is required.
  ICON_L24_N2: For VAR_TYPE = 'data' or 'support_data', if no LABLAXIS, LABL_PTR_i is required.
  ICON_L24_O: For VAR_TYPE = 'data' or 'support_data', if no LABLAXIS, LABL_PTR_i is required.
  ICON_L24_O2: For VAR_TYPE = 'data' or 'support_data', if no LABLAXIS, LABL_PTR_i is required.
  ICON_L24_Observatory_Altitude: For VAR_TYPE = 'data' or 'support_data', if no LABLAXIS, LABL_PTR_i is required.
  ICON_L24_Observatory_Latitude: For VAR_TYPE = 'data' or 'support_data', if no LABLAXIS, LABL_PTR_i is required.
  ICON_L24_Observatory_Longitude: For VAR_TYPE = 'data' or 'support_data', if no LABLAXIS, LABL_PTR_i is required.
  ICON_L24_Sigma_N2: For VAR_TYPE = 'data' or 'support_data', if no LABLAXIS, LABL_PTR_i is required.
  ICON_L24_Sigma_O: For VAR_TYPE = 'data' or 'support_data', if no LABLAXIS, LABL_PTR_i is required.
  ICON_L24_Sigma_O2: For VAR_TYPE = 'data' or 'support_data', if no LABLAXIS, LABL_PTR_i is required.
  ICON_L24_Sigma_O_N2: For VAR_TYPE = 'data' or 'support_data', if no LABLAXIS, LABL_PTR_i is required.
  ICON_L24_Sigma_Temperature: For VAR_TYPE = 'data' or 'support_data', if no LABLAXIS, LABL_PTR_i is required.
  ICON_L24_Solar_Zenith_Angle: For VAR_TYPE = 'data' or 'support_data', if no LABLAXIS, LABL_PTR_i is required.
  ICON_L24_Temperature: For VAR_TYPE = 'data' or 'support_data', if no LABLAXIS, LABL_PTR_i is required.
  ICON_L24_UTC_Time: For VAR_TYPE = 'data' or 'support_data', if no LABLAXIS, LABL_PTR_i is required.
  ICON_L24_Whole_Day_Retrieval_Flag: For VAR_TYPE = 'data' or 'support_data', if no LABLAXIS, LABL_PTR_i is required.
ICON_L2-6_EUV | IST.LABL_PTRMissing:
  Epoch: For VAR_TYPE = 'data' or 'support_data', if no LABLAXIS, LABL_PTR_i is required.
  ICON_L26_Altitude: For VAR_TYPE = 'data' or 'support_data', if no LABLAXIS, LABL_PTR_i is required.
  ICON_L26_Ap: For VAR_TYPE = 'data' or 'support_data', if no LABLAXIS, LABL_PTR_i is required.
  ICON_L26_Earth_Radius: For VAR_TYPE = 'data' or 'support_data', if no LABLAXIS, LABL_PTR_i is required.
  ICON_L26_F107: For VAR_TYPE = 'data' or 'support_data', if no LABLAXIS, LABL_PTR_i is required.
  ICON_L26_F107a: For VAR_TYPE = 'data' or 'support_data', if no LABLAXIS, LABL_PTR_i is required.
  ICON_L26_Flag_Details: For VAR_TYPE = 'data' or 'support_data', if no LABLAXIS, LABL_PTR_i is required.
  ICON_L26_HmF2: For VAR_TYPE = 'data' or 'support_data', if no LABLAXIS, LABL_PTR_i is required.
  ICON_L26_Latitude: For VAR_TYPE = 'data' or 'support_data', if no LABLAXIS, LABL_PTR_i is required.
  ICON_L26_Local_Solar_Time: For VAR_TYPE = 'data' or 'support_data', if no LABLAXIS, LABL_PTR_i is required.
  ICON_L26_Longitude: For VAR_TYPE = 'data' or 'support_data', if no LABLAXIS, LABL_PTR_i is required.
  ICON_L26_Magnetic_Latitude: For VAR_TYPE = 'data' or 'support_data', if no LABLAXIS, LABL_PTR_i is required.
  ICON_L26_Magnetic_Longitude: For VAR_TYPE = 'data' or 'support_data', if no LABLAXIS, LABL_PTR_i is required.
  ICON_L26_NmF2: For VAR_TYPE = 'data' or 'support_data', if no LABLAXIS, LABL_PTR_i is required.
  ICON_L26_Observatory_Altitude: For VAR_TYPE = 'data' or 'support_data', if no LABLAXIS, LABL_PTR_i is required.
  ICON_L26_Observatory_ECEF: For VAR_TYPE = 'data' or 'support_data', if no LABLAXIS, LABL_PTR_i is required.
  ICON_L26_Observatory_Latitude: For VAR_TYPE = 'data' or 'support_data', if no LABLAXIS, LABL_PTR_i is required.
  ICON_L26_Observatory_Longitude: For VAR_TYPE = 'data' or 'support_data', if no LABLAXIS, LABL_PTR_i is required.
  ICON_L26_Orbit_Number: For VAR_TYPE = 'data' or 'support_data', if no LABLAXIS, LABL_PTR_i is required.
  ICON_L26_Sigma_HmF2: For VAR_TYPE = 'data' or 'support_data', if no LABLAXIS, LABL_PTR_i is required.
  ICON_L26_Sigma_NmF2: For VAR_TYPE = 'data' or 'support_data', if no LABLAXIS, LABL_PTR_i is required.
  ICON_L26_Solar_Zenith_Angle: For VAR_TYPE = 'data' or 'support_data', if no LABLAXIS, LABL_PTR_i is required.
  ICON_L26_UTC_Time: For VAR_TYPE = 'data' or 'support_data', if no LABLAXIS, LABL_PTR_i is required.
  ICON_L26_UT_Seconds: For VAR_TYPE = 'data' or 'support_data', if no LABLAXIS, LABL_PTR_i is required.
  ICON_L26_Year_DOY: For VAR_TYPE = 'data' or 'support_data', if no LABLAXIS, LABL_PTR_i is required.
IM_K0_HENA | IST.LABL_PTRMissing:
  Epoch: For VAR_TYPE = 'data' or 'support_data', if no LABLAXIS, LABL_PTR_i is required.
IM_K0_LENA | IST.LABL_PTRMissing:
  Epoch: For VAR_TYPE = 'data' or 'support_data', if no LABLAXIS, LABL_PTR_i is required.
IM_K0_MENA | IST.LABL_PTRMissing:
  Epoch: For VAR_TYPE = 'data' or 'support_data', if no LABLAXIS, LABL_PTR_i is required.
ISEE-3_MAGPLASMA_2MIN_MAGNETIC_FIELD_PLASMA | IST.LABL_PTRMissing:
  Epoch: For VAR_TYPE = 'data' or 'support_data', if no LABLAXIS, LABL_PTR_i is required.
ISEE-3_MAG_1MIN_MAGNETIC_FIELD | IST.LABL_PTRMissing:
  Epoch: For VAR_TYPE = 'data' or 'support_data', if no LABLAXIS, LABL_PTR_i is required.
ISEE1_4SEC_MFI | IST.LABL_PTRMissing:
  Epoch: For VAR_TYPE = 'data' or 'support_data', if no LABLAXIS, LABL_PTR_i is required.
ISEE1_60SEC_MFI | IST.LABL_PTRMissing:
  Epoch: For VAR_TYPE = 'data' or 'support_data', if no LABLAXIS, LABL_PTR_i is required.
ISEE1_H0_FE | IST.LABL_PTRMissing:
  Tensor_index: For VAR_TYPE = 'data' or 'support_data', if no LABLAXIS, LABL_PTR_i is required.
  FP_index: For VAR_TYPE = 'data' or 'support_data', if no LABLAXIS, LABL_PTR_i is required.
  Spin_sector: For VAR_TYPE = 'data' or 'support_data', if no LABLAXIS, LABL_PTR_i is required.
ISEE2_4SEC_MFI | IST.LABL_PTRMissing:
  Epoch: For VAR_TYPE = 'data' or 'support_data', if no LABLAXIS, LABL_PTR_i is required.
ISEE2_60SEC_MFI | IST.LABL_PTRMissing:
  Epoch: For VAR_TYPE = 'data' or 'support_data', if no LABLAXIS, LABL_PTR_i is required.
IT_H0_MFI | IST.LABL_PTRMissing:
  Epoch: For VAR_TYPE = 'data' or 'support_data', if no LABLAXIS, LABL_PTR_i is required.
L7_H0_MPA | IST.LABL_PTRMissing:
  temp_hip: For VAR_TYPE = 'data' or 'support_data', if no LABLAXIS, LABL_PTR_i is required.
  thetaphi_hip: For VAR_TYPE = 'data' or 'support_data', if no LABLAXIS, LABL_PTR_i is required.
  thetaphi_e: For VAR_TYPE = 'data' or 'support_data', if no LABLAXIS, LABL_PTR_i is required.
L9_H0_MPA | IST.LABL_PTRMissing:
  temp_hip: For VAR_TYPE = 'data' or 'support_data', if no LABLAXIS, LABL_PTR_i is required.
  thetaphi_hip: For VAR_TYPE = 'data' or 'support_data', if no LABLAXIS, LABL_PTR_i is required.
  temp_e: For VAR_TYPE = 'data' or 'support_data', if no LABLAXIS, LABL_PTR_i is required.
  thetaphi_e: For VAR_TYPE = 'data' or 'support_data', if no LABLAXIS, LABL_PTR_i is required.
METOP1_POES-SEM2_FLUXES-2SEC | IST.LABL_PTRMissing:
  time: For VAR_TYPE = 'data' or 'support_data', if no LABLAXIS, LABL_PTR_i is required.
  year: For VAR_TYPE = 'data' or 'support_data', if no LABLAXIS, LABL_PTR_i is required.
  day: For VAR_TYPE = 'data' or 'support_data', if no LABLAXIS, LABL_PTR_i is required.
  msec: For VAR_TYPE = 'data' or 'support_data', if no LABLAXIS, LABL_PTR_i is required.
METOP2_POES-SEM2_FLUXES-2SEC | IST.LABL_PTRMissing:
  time: For VAR_TYPE = 'data' or 'support_data', if no LABLAXIS, LABL_PTR_i is required.
  year: For VAR_TYPE = 'data' or 'support_data', if no LABLAXIS, LABL_PTR_i is required.
  day: For VAR_TYPE = 'data' or 'support_data', if no LABLAXIS, LABL_PTR_i is required.
  msec: For VAR_TYPE = 'data' or 'support_data', if no LABLAXIS, LABL_PTR_i is required.
METOP3_POES-SEM2_FLUXES-2SEC | IST.LABL_PTRMissing:
  time: For VAR_TYPE = 'data' or 'support_data', if no LABLAXIS, LABL_PTR_i is required.
  year: For VAR_TYPE = 'data' or 'support_data', if no LABLAXIS, LABL_PTR_i is required.
  day: For VAR_TYPE = 'data' or 'support_data', if no LABLAXIS, LABL_PTR_i is required.
  msec: For VAR_TYPE = 'data' or 'support_data', if no LABLAXIS, LABL_PTR_i is required.
MGS_MAG_HIGH | IST.LABL_PTRMissing:
  time: For VAR_TYPE = 'data' or 'support_data', if no LABLAXIS, LABL_PTR_i is required.
MGS_MAG_LOW | IST.LABL_PTRMissing:
  time: For VAR_TYPE = 'data' or 'support_data', if no LABLAXIS, LABL_PTR_i is required.
MMS1_DSP_FAST_L2_BPSD | IST.LABL_PTRMissing:
  mms1_dsp_seqcnt_bpsd: For VAR_TYPE = 'data' or 'support_data', if no LABLAXIS, LABL_PTR_i is required.
MMS1_DSP_FAST_L2_EPSD | IST.LABL_PTRMissing:
  mms1_dsp_seqcnt_lfe: For VAR_TYPE = 'data' or 'support_data', if no LABLAXIS, LABL_PTR_i is required.
MMS1_DSP_SLOW_L2_BPSD | IST.LABL_PTRMissing:
  mms1_dsp_seqcnt_bpsd: For VAR_TYPE = 'data' or 'support_data', if no LABLAXIS, LABL_PTR_i is required.
MMS1_DSP_SLOW_L2_EPSD | IST.LABL_PTRMissing:
  mms1_dsp_seqcnt_lfe: For VAR_TYPE = 'data' or 'support_data', if no LABLAXIS, LABL_PTR_i is required.
MMS1_EDI_BRST_L2_AMB | IST.LABL_PTRMissing:
  mms1_edi_gdu_0_brst_l2: For VAR_TYPE = 'data' or 'support_data', if no LABLAXIS, LABL_PTR_i is required.
  mms1_edi_gdu_180_brst_l2: For VAR_TYPE = 'data' or 'support_data', if no LABLAXIS, LABL_PTR_i is required.
MMS1_EDI_BRST_L2_AMB-PM2 | IST.LABL_PTRMissing:
  mms1_edi_flip_0_180_brst_l2: For VAR_TYPE = 'data' or 'support_data', if no LABLAXIS, LABL_PTR_i is required.
  mms1_edi_gdu_0_brst_l2: For VAR_TYPE = 'data' or 'support_data', if no LABLAXIS, LABL_PTR_i is required.
  mms1_edi_gdu_180_brst_l2: For VAR_TYPE = 'data' or 'support_data', if no LABLAXIS, LABL_PTR_i is required.
  mms1_edi_traj1_gsm_0_brst_l2: For VAR_TYPE = 'data' or 'support_data', if no LABLAXIS, LABL_PTR_i is required.
  mms1_edi_traj1_gsm_180_brst_l2: For VAR_TYPE = 'data' or 'support_data', if no LABLAXIS, LABL_PTR_i is required.
MMS1_EDI_SRVY_L2_AMB | IST.LABL_PTRMissing:
  mms1_edi_gdu_0_srvy_l2: For VAR_TYPE = 'data' or 'support_data', if no LABLAXIS, LABL_PTR_i is required.
  mms1_edi_gdu_180_srvy_l2: For VAR_TYPE = 'data' or 'support_data', if no LABLAXIS, LABL_PTR_i is required.
MMS1_EDI_SRVY_L2_AMB-PM2 | IST.LABL_PTRMissing:
  mms1_edi_gdu_0_srvy_l2: For VAR_TYPE = 'data' or 'support_data', if no LABLAXIS, LABL_PTR_i is required.
  mms1_edi_gdu_180_srvy_l2: For VAR_TYPE = 'data' or 'support_data', if no LABLAXIS, LABL_PTR_i is required.
  mms1_edi_flip_0_180_srvy_l2: For VAR_TYPE = 'data' or 'support_data', if no LABLAXIS, LABL_PTR_i is required.
MMS1_EDP_BRST_L2_DCE | IST.LABL_PTRMissing:
  mms1_edp_epoch_brst_l2: For VAR_TYPE = 'data' or 'support_data', if no LABLAXIS, LABL_PTR_i is required.
  mms1_edp_bitmask_brst_l2: For VAR_TYPE = 'data' or 'support_data', if no LABLAXIS, LABL_PTR_i is required.
  mms1_edp_deltap_brst_l2: For VAR_TYPE = 'data' or 'support_data', if no LABLAXIS, LABL_PTR_i is required.
MMS1_EDP_BRST_L2_SCPOT | IST.LABL_PTRMissing:
  mms1_edp_epoch_brst_l2: For VAR_TYPE = 'data' or 'support_data', if no LABLAXIS, LABL_PTR_i is required.
  mms1_edp_deltap_brst_l2: For VAR_TYPE = 'data' or 'support_data', if no LABLAXIS, LABL_PTR_i is required.
MMS1_EDP_FAST_L2_DCE | IST.LABL_PTRMissing:
  mms1_edp_epoch_fast_l2: For VAR_TYPE = 'data' or 'support_data', if no LABLAXIS, LABL_PTR_i is required.
  mms1_edp_bitmask_fast_l2: For VAR_TYPE = 'data' or 'support_data', if no LABLAXIS, LABL_PTR_i is required.
  mms1_edp_deltap_fast_l2: For VAR_TYPE = 'data' or 'support_data', if no LABLAXIS, LABL_PTR_i is required.
MMS1_EDP_FAST_L2_SCPOT | IST.LABL_PTRMissing:
  mms1_edp_epoch_fast_l2: For VAR_TYPE = 'data' or 'support_data', if no LABLAXIS, LABL_PTR_i is required.
  mms1_edp_deltap_fast_l2: For VAR_TYPE = 'data' or 'support_data', if no LABLAXIS, LABL_PTR_i is required.
MMS1_EDP_SLOW_L2_DCE | IST.LABL_PTRMissing:
  mms1_edp_epoch_slow_l2: For VAR_TYPE = 'data' or 'support_data', if no LABLAXIS, LABL_PTR_i is required.
  mms1_edp_bitmask_slow_l2: For VAR_TYPE = 'data' or 'support_data', if no LABLAXIS, LABL_PTR_i is required.
  mms1_edp_deltap_slow_l2: For VAR_TYPE = 'data' or 'support_data', if no LABLAXIS, LABL_PTR_i is required.
MMS1_EDP_SLOW_L2_SCPOT | IST.LABL_PTRMissing:
  mms1_edp_epoch_slow_l2: For VAR_TYPE = 'data' or 'support_data', if no LABLAXIS, LABL_PTR_i is required.
  mms1_edp_deltap_slow_l2: For VAR_TYPE = 'data' or 'support_data', if no LABLAXIS, LABL_PTR_i is required.
MMS1_EDP_SRVY_L2_HFESP | IST.LABL_PTRMissing:
  Epoch: For VAR_TYPE = 'data' or 'support_data', if no LABLAXIS, LABL_PTR_i is required.
MMS1_FPI_BRST_L2_DES-DIST | IST.LABL_PTRMissing:
  Epoch_plus_var: For VAR_TYPE = 'data' or 'support_data', if no LABLAXIS, LABL_PTR_i is required.
  Epoch_minus_var: For VAR_TYPE = 'data' or 'support_data', if no LABLAXIS, LABL_PTR_i is required.
MMS1_FPI_BRST_L2_DES-MOMS | IST.LABL_PTRMissing:
  Epoch_plus_var: For VAR_TYPE = 'data' or 'support_data', if no LABLAXIS, LABL_PTR_i is required.
  Epoch_minus_var: For VAR_TYPE = 'data' or 'support_data', if no LABLAXIS, LABL_PTR_i is required.
MMS1_FPI_BRST_L2_DES-PARTMOMS | IST.LABL_PTRMissing:
  Epoch_plus_var: For VAR_TYPE = 'data' or 'support_data', if no LABLAXIS, LABL_PTR_i is required.
  Epoch_minus_var: For VAR_TYPE = 'data' or 'support_data', if no LABLAXIS, LABL_PTR_i is required.
MMS1_FPI_BRST_L2_DIS-DIST | IST.LABL_PTRMissing:
  Epoch_plus_var: For VAR_TYPE = 'data' or 'support_data', if no LABLAXIS, LABL_PTR_i is required.
  Epoch_minus_var: For VAR_TYPE = 'data' or 'support_data', if no LABLAXIS, LABL_PTR_i is required.
MMS1_FPI_BRST_L2_DIS-MOMS | IST.LABL_PTRMissing:
  Epoch_plus_var: For VAR_TYPE = 'data' or 'support_data', if no LABLAXIS, LABL_PTR_i is required.
  Epoch_minus_var: For VAR_TYPE = 'data' or 'support_data', if no LABLAXIS, LABL_PTR_i is required.
MMS1_FPI_BRST_L2_DIS-PARTMOMS | IST.LABL_PTRMissing:
  Epoch_plus_var: For VAR_TYPE = 'data' or 'support_data', if no LABLAXIS, LABL_PTR_i is required.
  Epoch_minus_var: For VAR_TYPE = 'data' or 'support_data', if no LABLAXIS, LABL_PTR_i is required.
MMS1_FPI_FAST_L2_DES-DIST | IST.LABL_PTRMissing:
  Epoch_plus_var: For VAR_TYPE = 'data' or 'support_data', if no LABLAXIS, LABL_PTR_i is required.
  Epoch_minus_var: For VAR_TYPE = 'data' or 'support_data', if no LABLAXIS, LABL_PTR_i is required.
MMS1_FPI_FAST_L2_DES-MOMS | IST.LABL_PTRMissing:
  Epoch_plus_var: For VAR_TYPE = 'data' or 'support_data', if no LABLAXIS, LABL_PTR_i is required.
  Epoch_minus_var: For VAR_TYPE = 'data' or 'support_data', if no LABLAXIS, LABL_PTR_i is required.
MMS1_FPI_FAST_L2_DES-PARTMOMS | IST.LABL_PTRMissing:
  Epoch_plus_var: For VAR_TYPE = 'data' or 'support_data', if no LABLAXIS, LABL_PTR_i is required.
  Epoch_minus_var: For VAR_TYPE = 'data' or 'support_data', if no LABLAXIS, LABL_PTR_i is required.
MMS1_FPI_FAST_L2_DIS-DIST | IST.LABL_PTRMissing:
  Epoch_plus_var: For VAR_TYPE = 'data' or 'support_data', if no LABLAXIS, LABL_PTR_i is required.
  Epoch_minus_var: For VAR_TYPE = 'data' or 'support_data', if no LABLAXIS, LABL_PTR_i is required.
MMS1_FPI_FAST_L2_DIS-MOMS | IST.LABL_PTRMissing:
  Epoch_plus_var: For VAR_TYPE = 'data' or 'support_data', if no LABLAXIS, LABL_PTR_i is required.
  Epoch_minus_var: For VAR_TYPE = 'data' or 'support_data', if no LABLAXIS, LABL_PTR_i is required.
MMS1_FPI_FAST_L2_DIS-PARTMOMS | IST.LABL_PTRMissing:
  Epoch_plus_var: For VAR_TYPE = 'data' or 'support_data', if no LABLAXIS, LABL_PTR_i is required.
  Epoch_minus_var: For VAR_TYPE = 'data' or 'support_data', if no LABLAXIS, LABL_PTR_i is required.
MMS1_HPCA_BRST_L2_ION | IST.LABL_PTRMissing:
  Epoch: For VAR_TYPE = 'data' or 'support_data', if no LABLAXIS, LABL_PTR_i is required.
  Epoch_MINUS: For VAR_TYPE = 'data' or 'support_data', if no LABLAXIS, LABL_PTR_i is required.
  Epoch_PLUS: For VAR_TYPE = 'data' or 'support_data', if no LABLAXIS, LABL_PTR_i is required.
  mms1_hpca_science_mode: For VAR_TYPE = 'data' or 'support_data', if no LABLAXIS, LABL_PTR_i is required.
  Epoch_Angles: For VAR_TYPE = 'data' or 'support_data', if no LABLAXIS, LABL_PTR_i is required.
  Epoch_MINUS_Angles: For VAR_TYPE = 'data' or 'support_data', if no LABLAXIS, LABL_PTR_i is required.
  Epoch_PLUS_Angles: For VAR_TYPE = 'data' or 'support_data', if no LABLAXIS, LABL_PTR_i is required.
MMS1_HPCA_BRST_L2_MOMENTS | IST.LABL_PTRMissing:
  Epoch: For VAR_TYPE = 'data' or 'support_data', if no LABLAXIS, LABL_PTR_i is required.
  Epoch_MINUS: For VAR_TYPE = 'data' or 'support_data', if no LABLAXIS, LABL_PTR_i is required.
  Epoch_PLUS: For VAR_TYPE = 'data' or 'support_data', if no LABLAXIS, LABL_PTR_i is required.
  mms1_hpca_ion_energy: For VAR_TYPE = 'data' or 'support_data', if no LABLAXIS, LABL_PTR_i is required.
  mms1_hpca_sweep_table_number: For VAR_TYPE = 'data' or 'support_data', if no LABLAXIS, LABL_PTR_i is required.
  mms1_hpca_science_mode: For VAR_TYPE = 'data' or 'support_data', if no LABLAXIS, LABL_PTR_i is required.
  index1: For VAR_TYPE = 'data' or 'support_data', if no LABLAXIS, LABL_PTR_i is required.
  index2: For VAR_TYPE = 'data' or 'support_data', if no LABLAXIS, LABL_PTR_i is required.
MMS1_HPCA_SRVY_L2_ION | IST.LABL_PTRMissing:
  Epoch: For VAR_TYPE = 'data' or 'support_data', if no LABLAXIS, LABL_PTR_i is required.
  Epoch_MINUS: For VAR_TYPE = 'data' or 'support_data', if no LABLAXIS, LABL_PTR_i is required.
  Epoch_PLUS: For VAR_TYPE = 'data' or 'support_data', if no LABLAXIS, LABL_PTR_i is required.
  mms1_hpca_science_mode: For VAR_TYPE = 'data' or 'support_data', if no LABLAXIS, LABL_PTR_i is required.
  Epoch_Angles: For VAR_TYPE = 'data' or 'support_data', if no LABLAXIS, LABL_PTR_i is required.
  Epoch_MINUS_Angles: For VAR_TYPE = 'data' or 'support_data', if no LABLAXIS, LABL_PTR_i is required.
  Epoch_PLUS_Angles: For VAR_TYPE = 'data' or 'support_data', if no LABLAXIS, LABL_PTR_i is required.
MMS1_HPCA_SRVY_L2_MOMENTS | IST.LABL_PTRMissing:
  Epoch: For VAR_TYPE = 'data' or 'support_data', if no LABLAXIS, LABL_PTR_i is required.
  Epoch_MINUS: For VAR_TYPE = 'data' or 'support_data', if no LABLAXIS, LABL_PTR_i is required.
  Epoch_PLUS: For VAR_TYPE = 'data' or 'support_data', if no LABLAXIS, LABL_PTR_i is required.
  mms1_hpca_ion_energy: For VAR_TYPE = 'data' or 'support_data', if no LABLAXIS, LABL_PTR_i is required.
  mms1_hpca_sweep_table_number: For VAR_TYPE = 'data' or 'support_data', if no LABLAXIS, LABL_PTR_i is required.
  mms1_hpca_science_mode: For VAR_TYPE = 'data' or 'support_data', if no LABLAXIS, LABL_PTR_i is required.
  index1: For VAR_TYPE = 'data' or 'support_data', if no LABLAXIS, LABL_PTR_i is required.
  index2: For VAR_TYPE = 'data' or 'support_data', if no LABLAXIS, LABL_PTR_i is required.
MMS1_HPCA_SRVY_L2_TOF-COUNTS | IST.LABL_PTRMissing:
  Epoch: For VAR_TYPE = 'data' or 'support_data', if no LABLAXIS, LABL_PTR_i is required.
  Epoch_MINUS: For VAR_TYPE = 'data' or 'support_data', if no LABLAXIS, LABL_PTR_i is required.
  Epoch_PLUS: For VAR_TYPE = 'data' or 'support_data', if no LABLAXIS, LABL_PTR_i is required.
MMS1_MEC_BRST_L2_EPHT89D | IST.LABL_PTRMissing:
  Epoch: For VAR_TYPE = 'data' or 'support_data', if no LABLAXIS, LABL_PTR_i is required.
  mms1_mec_int_model: For VAR_TYPE = 'data' or 'support_data', if no LABLAXIS, LABL_PTR_i is required.
  mms1_mec_ext_model: For VAR_TYPE = 'data' or 'support_data', if no LABLAXIS, LABL_PTR_i is required.
MMS1_MEC_BRST_L2_EPHT89Q | IST.LABL_PTRMissing:
  Epoch: For VAR_TYPE = 'data' or 'support_data', if no LABLAXIS, LABL_PTR_i is required.
  mms1_mec_int_model: For VAR_TYPE = 'data' or 'support_data', if no LABLAXIS, LABL_PTR_i is required.
  mms1_mec_ext_model: For VAR_TYPE = 'data' or 'support_data', if no LABLAXIS, LABL_PTR_i is required.
MMS1_MEC_BRST_L2_EPHTS04D | IST.LABL_PTRMissing:
  Epoch: For VAR_TYPE = 'data' or 'support_data', if no LABLAXIS, LABL_PTR_i is required.
  mms1_mec_int_model: For VAR_TYPE = 'data' or 'support_data', if no LABLAXIS, LABL_PTR_i is required.
  mms1_mec_ext_model: For VAR_TYPE = 'data' or 'support_data', if no LABLAXIS, LABL_PTR_i is required.
MMS1_MEC_SRVY_L2_EPHT89D | IST.LABL_PTRMissing:
  Epoch: For VAR_TYPE = 'data' or 'support_data', if no LABLAXIS, LABL_PTR_i is required.
  mms1_mec_int_model: For VAR_TYPE = 'data' or 'support_data', if no LABLAXIS, LABL_PTR_i is required.
  mms1_mec_ext_model: For VAR_TYPE = 'data' or 'support_data', if no LABLAXIS, LABL_PTR_i is required.
MMS1_MEC_SRVY_L2_EPHT89Q | IST.LABL_PTRMissing:
  Epoch: For VAR_TYPE = 'data' or 'support_data', if no LABLAXIS, LABL_PTR_i is required.
  mms1_mec_int_model: For VAR_TYPE = 'data' or 'support_data', if no LABLAXIS, LABL_PTR_i is required.
  mms1_mec_ext_model: For VAR_TYPE = 'data' or 'support_data', if no LABLAXIS, LABL_PTR_i is required.
MMS1_MEC_SRVY_L2_EPHTS04D | IST.LABL_PTRMissing:
  Epoch: For VAR_TYPE = 'data' or 'support_data', if no LABLAXIS, LABL_PTR_i is required.
  mms1_mec_int_model: For VAR_TYPE = 'data' or 'support_data', if no LABLAXIS, LABL_PTR_i is required.
  mms1_mec_ext_model: For VAR_TYPE = 'data' or 'support_data', if no LABLAXIS, LABL_PTR_i is required.
MMS1_SCM_BRST_L2_SCB | IST.LABL_PTRMissing:
  Epoch_delta: For VAR_TYPE = 'data' or 'support_data', if no LABLAXIS, LABL_PTR_i is required.
MMS1_SCM_BRST_L2_SCHB | IST.LABL_PTRMissing:
  Epoch_delta: For VAR_TYPE = 'data' or 'support_data', if no LABLAXIS, LABL_PTR_i is required.
MMS1_SCM_SRVY_L2_SCSRVY | IST.LABL_PTRMissing:
  Epoch_delta: For VAR_TYPE = 'data' or 'support_data', if no LABLAXIS, LABL_PTR_i is required.
MMS2_DSP_FAST_L2_BPSD | IST.LABL_PTRMissing:
  mms2_dsp_seqcnt_bpsd: For VAR_TYPE = 'data' or 'support_data', if no LABLAXIS, LABL_PTR_i is required.
MMS2_DSP_FAST_L2_EPSD | IST.LABL_PTRMissing:
  mms2_dsp_seqcnt_lfe: For VAR_TYPE = 'data' or 'support_data', if no LABLAXIS, LABL_PTR_i is required.
MMS2_DSP_SLOW_L2_BPSD | IST.LABL_PTRMissing:
  mms2_dsp_seqcnt_bpsd: For VAR_TYPE = 'data' or 'support_data', if no LABLAXIS, LABL_PTR_i is required.
MMS2_DSP_SLOW_L2_EPSD | IST.LABL_PTRMissing:
  mms2_dsp_seqcnt_lfe: For VAR_TYPE = 'data' or 'support_data', if no LABLAXIS, LABL_PTR_i is required.
MMS2_EDI_BRST_L2_AMB | IST.LABL_PTRMissing:
  mms2_edi_gdu_0_brst_l2: For VAR_TYPE = 'data' or 'support_data', if no LABLAXIS, LABL_PTR_i is required.
  mms2_edi_gdu_180_brst_l2: For VAR_TYPE = 'data' or 'support_data', if no LABLAXIS, LABL_PTR_i is required.
MMS2_EDI_BRST_L2_AMB-PM2 | IST.LABL_PTRMissing:
  mms2_edi_gdu_0_brst_l2: For VAR_TYPE = 'data' or 'support_data', if no LABLAXIS, LABL_PTR_i is required.
  mms2_edi_gdu_180_brst_l2: For VAR_TYPE = 'data' or 'support_data', if no LABLAXIS, LABL_PTR_i is required.
  mms2_edi_traj1_gsm_0_brst_l2: For VAR_TYPE = 'data' or 'support_data', if no LABLAXIS, LABL_PTR_i is required.
  mms2_edi_traj1_gsm_180_brst_l2: For VAR_TYPE = 'data' or 'support_data', if no LABLAXIS, LABL_PTR_i is required.
  mms2_edi_flip_0_180_brst_l2: For VAR_TYPE = 'data' or 'support_data', if no LABLAXIS, LABL_PTR_i is required.
MMS2_EDI_SRVY_L2_AMB | IST.LABL_PTRMissing:
  mms2_edi_gdu_0_srvy_l2: For VAR_TYPE = 'data' or 'support_data', if no LABLAXIS, LABL_PTR_i is required.
  mms2_edi_gdu_180_srvy_l2: For VAR_TYPE = 'data' or 'support_data', if no LABLAXIS, LABL_PTR_i is required.
MMS2_EDI_SRVY_L2_AMB-PM2 | IST.LABL_PTRMissing:
  mms2_edi_gdu_0_srvy_l2: For VAR_TYPE = 'data' or 'support_data', if no LABLAXIS, LABL_PTR_i is required.
  mms2_edi_gdu_180_srvy_l2: For VAR_TYPE = 'data' or 'support_data', if no LABLAXIS, LABL_PTR_i is required.
  mms2_edi_flip_0_180_srvy_l2: For VAR_TYPE = 'data' or 'support_data', if no LABLAXIS, LABL_PTR_i is required.
MMS2_EDP_BRST_L2_DCE | IST.LABL_PTRMissing:
  mms2_edp_epoch_brst_l2: For VAR_TYPE = 'data' or 'support_data', if no LABLAXIS, LABL_PTR_i is required.
  mms2_edp_bitmask_brst_l2: For VAR_TYPE = 'data' or 'support_data', if no LABLAXIS, LABL_PTR_i is required.
  mms2_edp_deltap_brst_l2: For VAR_TYPE = 'data' or 'support_data', if no LABLAXIS, LABL_PTR_i is required.
MMS2_EDP_BRST_L2_SCPOT | IST.LABL_PTRMissing:
  mms2_edp_epoch_brst_l2: For VAR_TYPE = 'data' or 'support_data', if no LABLAXIS, LABL_PTR_i is required.
  mms2_edp_deltap_brst_l2: For VAR_TYPE = 'data' or 'support_data', if no LABLAXIS, LABL_PTR_i is required.
MMS2_EDP_FAST_L2_DCE | IST.LABL_PTRMissing:
  mms2_edp_epoch_fast_l2: For VAR_TYPE = 'data' or 'support_data', if no LABLAXIS, LABL_PTR_i is required.
  mms2_edp_bitmask_fast_l2: For VAR_TYPE = 'data' or 'support_data', if no LABLAXIS, LABL_PTR_i is required.
  mms2_edp_deltap_fast_l2: For VAR_TYPE = 'data' or 'support_data', if no LABLAXIS, LABL_PTR_i is required.
MMS2_EDP_FAST_L2_SCPOT | IST.LABL_PTRMissing:
  mms2_edp_epoch_fast_l2: For VAR_TYPE = 'data' or 'support_data', if no LABLAXIS, LABL_PTR_i is required.
  mms2_edp_deltap_fast_l2: For VAR_TYPE = 'data' or 'support_data', if no LABLAXIS, LABL_PTR_i is required.
MMS2_EDP_SLOW_L2_DCE | IST.LABL_PTRMissing:
  mms2_edp_epoch_slow_l2: For VAR_TYPE = 'data' or 'support_data', if no LABLAXIS, LABL_PTR_i is required.
  mms2_edp_bitmask_slow_l2: For VAR_TYPE = 'data' or 'support_data', if no LABLAXIS, LABL_PTR_i is required.
  mms2_edp_deltap_slow_l2: For VAR_TYPE = 'data' or 'support_data', if no LABLAXIS, LABL_PTR_i is required.
MMS2_EDP_SLOW_L2_SCPOT | IST.LABL_PTRMissing:
  mms2_edp_epoch_slow_l2: For VAR_TYPE = 'data' or 'support_data', if no LABLAXIS, LABL_PTR_i is required.
  mms2_edp_deltap_slow_l2: For VAR_TYPE = 'data' or 'support_data', if no LABLAXIS, LABL_PTR_i is required.
MMS2_EDP_SRVY_L2_HFESP | IST.LABL_PTRMissing:
  Epoch: For VAR_TYPE = 'data' or 'support_data', if no LABLAXIS, LABL_PTR_i is required.
MMS2_FPI_BRST_L2_DES-DIST | IST.LABL_PTRMissing:
  Epoch_plus_var: For VAR_TYPE = 'data' or 'support_data', if no LABLAXIS, LABL_PTR_i is required.
  Epoch_minus_var: For VAR_TYPE = 'data' or 'support_data', if no LABLAXIS, LABL_PTR_i is required.
MMS2_FPI_BRST_L2_DES-MOMS | IST.LABL_PTRMissing:
  Epoch_plus_var: For VAR_TYPE = 'data' or 'support_data', if no LABLAXIS, LABL_PTR_i is required.
  Epoch_minus_var: For VAR_TYPE = 'data' or 'support_data', if no LABLAXIS, LABL_PTR_i is required.
MMS2_FPI_BRST_L2_DES-PARTMOMS | IST.LABL_PTRMissing:
  Epoch_plus_var: For VAR_TYPE = 'data' or 'support_data', if no LABLAXIS, LABL_PTR_i is required.
  Epoch_minus_var: For VAR_TYPE = 'data' or 'support_data', if no LABLAXIS, LABL_PTR_i is required.
MMS2_FPI_BRST_L2_DIS-DIST | IST.LABL_PTRMissing:
  Epoch_plus_var: For VAR_TYPE = 'data' or 'support_data', if no LABLAXIS, LABL_PTR_i is required.
  Epoch_minus_var: For VAR_TYPE = 'data' or 'support_data', if no LABLAXIS, LABL_PTR_i is required.
MMS2_FPI_BRST_L2_DIS-MOMS | IST.LABL_PTRMissing:
  Epoch_plus_var: For VAR_TYPE = 'data' or 'support_data', if no LABLAXIS, LABL_PTR_i is required.
  Epoch_minus_var: For VAR_TYPE = 'data' or 'support_data', if no LABLAXIS, LABL_PTR_i is required.
MMS2_FPI_BRST_L2_DIS-PARTMOMS | IST.LABL_PTRMissing:
  Epoch_plus_var: For VAR_TYPE = 'data' or 'support_data', if no LABLAXIS, LABL_PTR_i is required.
  Epoch_minus_var: For VAR_TYPE = 'data' or 'support_data', if no LABLAXIS, LABL_PTR_i is required.
MMS2_FPI_FAST_L2_DES-DIST | IST.LABL_PTRMissing:
  Epoch_plus_var: For VAR_TYPE = 'data' or 'support_data', if no LABLAXIS, LABL_PTR_i is required.
  Epoch_minus_var: For VAR_TYPE = 'data' or 'support_data', if no LABLAXIS, LABL_PTR_i is required.
MMS2_FPI_FAST_L2_DES-MOMS | IST.LABL_PTRMissing:
  Epoch_plus_var: For VAR_TYPE = 'data' or 'support_data', if no LABLAXIS, LABL_PTR_i is required.
  Epoch_minus_var: For VAR_TYPE = 'data' or 'support_data', if no LABLAXIS, LABL_PTR_i is required.
MMS2_FPI_FAST_L2_DES-PARTMOMS | IST.LABL_PTRMissing:
  Epoch_plus_var: For VAR_TYPE = 'data' or 'support_data', if no LABLAXIS, LABL_PTR_i is required.
  Epoch_minus_var: For VAR_TYPE = 'data' or 'support_data', if no LABLAXIS, LABL_PTR_i is required.
MMS2_FPI_FAST_L2_DIS-DIST | IST.LABL_PTRMissing:
  Epoch_plus_var: For VAR_TYPE = 'data' or 'support_data', if no LABLAXIS, LABL_PTR_i is required.
  Epoch_minus_var: For VAR_TYPE = 'data' or 'support_data', if no LABLAXIS, LABL_PTR_i is required.
MMS2_FPI_FAST_L2_DIS-MOMS | IST.LABL_PTRMissing:
  Epoch_plus_var: For VAR_TYPE = 'data' or 'support_data', if no LABLAXIS, LABL_PTR_i is required.
  Epoch_minus_var: For VAR_TYPE = 'data' or 'support_data', if no LABLAXIS, LABL_PTR_i is required.
MMS2_FPI_FAST_L2_DIS-PARTMOMS | IST.LABL_PTRMissing:
  Epoch_plus_var: For VAR_TYPE = 'data' or 'support_data', if no LABLAXIS, LABL_PTR_i is required.
  Epoch_minus_var: For VAR_TYPE = 'data' or 'support_data', if no LABLAXIS, LABL_PTR_i is required.
MMS2_HPCA_BRST_L2_ION | IST.LABL_PTRMissing:
  Epoch: For VAR_TYPE = 'data' or 'support_data', if no LABLAXIS, LABL_PTR_i is required.
  Epoch_MINUS: For VAR_TYPE = 'data' or 'support_data', if no LABLAXIS, LABL_PTR_i is required.
  Epoch_PLUS: For VAR_TYPE = 'data' or 'support_data', if no LABLAXIS, LABL_PTR_i is required.
  mms2_hpca_science_mode: For VAR_TYPE = 'data' or 'support_data', if no LABLAXIS, LABL_PTR_i is required.
  Epoch_Angles: For VAR_TYPE = 'data' or 'support_data', if no LABLAXIS, LABL_PTR_i is required.
  Epoch_MINUS_Angles: For VAR_TYPE = 'data' or 'support_data', if no LABLAXIS, LABL_PTR_i is required.
  Epoch_PLUS_Angles: For VAR_TYPE = 'data' or 'support_data', if no LABLAXIS, LABL_PTR_i is required.
MMS2_HPCA_BRST_L2_MOMENTS | IST.LABL_PTRMissing:
  Epoch: For VAR_TYPE = 'data' or 'support_data', if no LABLAXIS, LABL_PTR_i is required.
  Epoch_MINUS: For VAR_TYPE = 'data' or 'support_data', if no LABLAXIS, LABL_PTR_i is required.
  Epoch_PLUS: For VAR_TYPE = 'data' or 'support_data', if no LABLAXIS, LABL_PTR_i is required.
  mms2_hpca_ion_energy: For VAR_TYPE = 'data' or 'support_data', if no LABLAXIS, LABL_PTR_i is required.
  mms2_hpca_sweep_table_number: For VAR_TYPE = 'data' or 'support_data', if no LABLAXIS, LABL_PTR_i is required.
  mms2_hpca_science_mode: For VAR_TYPE = 'data' or 'support_data', if no LABLAXIS, LABL_PTR_i is required.
  index1: For VAR_TYPE = 'data' or 'support_data', if no LABLAXIS, LABL_PTR_i is required.
  index2: For VAR_TYPE = 'data' or 'support_data', if no LABLAXIS, LABL_PTR_i is required.
MMS2_HPCA_SRVY_L2_ION | IST.LABL_PTRMissing:
  Epoch: For VAR_TYPE = 'data' or 'support_data', if no LABLAXIS, LABL_PTR_i is required.
  Epoch_MINUS: For VAR_TYPE = 'data' or 'support_data', if no LABLAXIS, LABL_PTR_i is required.
  Epoch_PLUS: For VAR_TYPE = 'data' or 'support_data', if no LABLAXIS, LABL_PTR_i is required.
  mms2_hpca_science_mode: For VAR_TYPE = 'data' or 'support_data', if no LABLAXIS, LABL_PTR_i is required.
  Epoch_Angles: For VAR_TYPE = 'data' or 'support_data', if no LABLAXIS, LABL_PTR_i is required.
  Epoch_MINUS_Angles: For VAR_TYPE = 'data' or 'support_data', if no LABLAXIS, LABL_PTR_i is required.
  Epoch_PLUS_Angles: For VAR_TYPE = 'data' or 'support_data', if no LABLAXIS, LABL_PTR_i is required.
MMS2_HPCA_SRVY_L2_MOMENTS | IST.LABL_PTRMissing:
  Epoch: For VAR_TYPE = 'data' or 'support_data', if no LABLAXIS, LABL_PTR_i is required.
  Epoch_MINUS: For VAR_TYPE = 'data' or 'support_data', if no LABLAXIS, LABL_PTR_i is required.
  Epoch_PLUS: For VAR_TYPE = 'data' or 'support_data', if no LABLAXIS, LABL_PTR_i is required.
  mms2_hpca_ion_energy: For VAR_TYPE = 'data' or 'support_data', if no LABLAXIS, LABL_PTR_i is required.
  mms2_hpca_sweep_table_number: For VAR_TYPE = 'data' or 'support_data', if no LABLAXIS, LABL_PTR_i is required.
  mms2_hpca_science_mode: For VAR_TYPE = 'data' or 'support_data', if no LABLAXIS, LABL_PTR_i is required.
  index1: For VAR_TYPE = 'data' or 'support_data', if no LABLAXIS, LABL_PTR_i is required.
  index2: For VAR_TYPE = 'data' or 'support_data', if no LABLAXIS, LABL_PTR_i is required.
MMS2_HPCA_SRVY_L2_TOF-COUNTS | IST.LABL_PTRMissing:
  Epoch: For VAR_TYPE = 'data' or 'support_data', if no LABLAXIS, LABL_PTR_i is required.
  Epoch_MINUS: For VAR_TYPE = 'data' or 'support_data', if no LABLAXIS, LABL_PTR_i is required.
  Epoch_PLUS: For VAR_TYPE = 'data' or 'support_data', if no LABLAXIS, LABL_PTR_i is required.
MMS2_MEC_BRST_L2_EPHT89D | IST.LABL_PTRMissing:
  Epoch: For VAR_TYPE = 'data' or 'support_data', if no LABLAXIS, LABL_PTR_i is required.
  mms2_mec_int_model: For VAR_TYPE = 'data' or 'support_data', if no LABLAXIS, LABL_PTR_i is required.
  mms2_mec_ext_model: For VAR_TYPE = 'data' or 'support_data', if no LABLAXIS, LABL_PTR_i is required.
MMS2_MEC_BRST_L2_EPHT89Q | IST.LABL_PTRMissing:
  Epoch: For VAR_TYPE = 'data' or 'support_data', if no LABLAXIS, LABL_PTR_i is required.
  mms2_mec_int_model: For VAR_TYPE = 'data' or 'support_data', if no LABLAXIS, LABL_PTR_i is required.
  mms2_mec_ext_model: For VAR_TYPE = 'data' or 'support_data', if no LABLAXIS, LABL_PTR_i is required.
MMS2_MEC_BRST_L2_EPHTS04D | IST.LABL_PTRMissing:
  Epoch: For VAR_TYPE = 'data' or 'support_data', if no LABLAXIS, LABL_PTR_i is required.
  mms2_mec_int_model: For VAR_TYPE = 'data' or 'support_data', if no LABLAXIS, LABL_PTR_i is required.
  mms2_mec_ext_model: For VAR_TYPE = 'data' or 'support_data', if no LABLAXIS, LABL_PTR_i is required.
MMS2_MEC_SRVY_L2_EPHT89D | IST.LABL_PTRMissing:
  Epoch: For VAR_TYPE = 'data' or 'support_data', if no LABLAXIS, LABL_PTR_i is required.
  mms2_mec_int_model: For VAR_TYPE = 'data' or 'support_data', if no LABLAXIS, LABL_PTR_i is required.
  mms2_mec_ext_model: For VAR_TYPE = 'data' or 'support_data', if no LABLAXIS, LABL_PTR_i is required.
MMS2_MEC_SRVY_L2_EPHT89Q | IST.LABL_PTRMissing:
  Epoch: For VAR_TYPE = 'data' or 'support_data', if no LABLAXIS, LABL_PTR_i is required.
  mms2_mec_int_model: For VAR_TYPE = 'data' or 'support_data', if no LABLAXIS, LABL_PTR_i is required.
  mms2_mec_ext_model: For VAR_TYPE = 'data' or 'support_data', if no LABLAXIS, LABL_PTR_i is required.
MMS2_MEC_SRVY_L2_EPHTS04D | IST.LABL_PTRMissing:
  Epoch: For VAR_TYPE = 'data' or 'support_data', if no LABLAXIS, LABL_PTR_i is required.
  mms2_mec_int_model: For VAR_TYPE = 'data' or 'support_data', if no LABLAXIS, LABL_PTR_i is required.
  mms2_mec_ext_model: For VAR_TYPE = 'data' or 'support_data', if no LABLAXIS, LABL_PTR_i is required.
MMS2_SCM_BRST_L2_SCB | IST.LABL_PTRMissing:
  Epoch_delta: For VAR_TYPE = 'data' or 'support_data', if no LABLAXIS, LABL_PTR_i is required.
MMS2_SCM_BRST_L2_SCHB | IST.LABL_PTRMissing:
  Epoch_delta: For VAR_TYPE = 'data' or 'support_data', if no LABLAXIS, LABL_PTR_i is required.
MMS2_SCM_SRVY_L2_SCSRVY | IST.LABL_PTRMissing:
  Epoch_delta: For VAR_TYPE = 'data' or 'support_data', if no LABLAXIS, LABL_PTR_i is required.
MMS3_DSP_FAST_L2_BPSD | IST.LABL_PTRMissing:
  mms3_dsp_seqcnt_bpsd: For VAR_TYPE = 'data' or 'support_data', if no LABLAXIS, LABL_PTR_i is required.
MMS3_DSP_FAST_L2_EPSD | IST.LABL_PTRMissing:
  mms3_dsp_seqcnt_lfe: For VAR_TYPE = 'data' or 'support_data', if no LABLAXIS, LABL_PTR_i is required.
MMS3_DSP_SLOW_L2_BPSD | IST.LABL_PTRMissing:
  mms3_dsp_seqcnt_bpsd: For VAR_TYPE = 'data' or 'support_data', if no LABLAXIS, LABL_PTR_i is required.
MMS3_DSP_SLOW_L2_EPSD | IST.LABL_PTRMissing:
  mms3_dsp_seqcnt_lfe: For VAR_TYPE = 'data' or 'support_data', if no LABLAXIS, LABL_PTR_i is required.
MMS3_EDI_BRST_L2_AMB | IST.LABL_PTRMissing:
  mms3_edi_gdu_0_brst_l2: For VAR_TYPE = 'data' or 'support_data', if no LABLAXIS, LABL_PTR_i is required.
  mms3_edi_gdu_180_brst_l2: For VAR_TYPE = 'data' or 'support_data', if no LABLAXIS, LABL_PTR_i is required.
MMS3_EDI_BRST_L2_AMB-PM2 | IST.LABL_PTRMissing:
  mms3_edi_gdu_0_brst_l2: For VAR_TYPE = 'data' or 'support_data', if no LABLAXIS, LABL_PTR_i is required.
  mms3_edi_gdu_180_brst_l2: For VAR_TYPE = 'data' or 'support_data', if no LABLAXIS, LABL_PTR_i is required.
  mms3_edi_traj1_gsm_0_brst_l2: For VAR_TYPE = 'data' or 'support_data', if no LABLAXIS, LABL_PTR_i is required.
  mms3_edi_traj1_gsm_180_brst_l2: For VAR_TYPE = 'data' or 'support_data', if no LABLAXIS, LABL_PTR_i is required.
  mms3_edi_flip_0_180_brst_l2: For VAR_TYPE = 'data' or 'support_data', if no LABLAXIS, LABL_PTR_i is required.
MMS3_EDI_SRVY_L2_AMB | IST.LABL_PTRMissing:
  mms3_edi_gdu_0_srvy_l2: For VAR_TYPE = 'data' or 'support_data', if no LABLAXIS, LABL_PTR_i is required.
  mms3_edi_gdu_180_srvy_l2: For VAR_TYPE = 'data' or 'support_data', if no LABLAXIS, LABL_PTR_i is required.
MMS3_EDI_SRVY_L2_AMB-PM2 | IST.LABL_PTRMissing:
  mms3_edi_gdu_0_srvy_l2: For VAR_TYPE = 'data' or 'support_data', if no LABLAXIS, LABL_PTR_i is required.
  mms3_edi_gdu_180_srvy_l2: For VAR_TYPE = 'data' or 'support_data', if no LABLAXIS, LABL_PTR_i is required.
  mms3_edi_flip_0_180_srvy_l2: For VAR_TYPE = 'data' or 'support_data', if no LABLAXIS, LABL_PTR_i is required.
MMS3_EDP_BRST_L2_DCE | IST.LABL_PTRMissing:
  mms3_edp_epoch_brst_l2: For VAR_TYPE = 'data' or 'support_data', if no LABLAXIS, LABL_PTR_i is required.
  mms3_edp_bitmask_brst_l2: For VAR_TYPE = 'data' or 'support_data', if no LABLAXIS, LABL_PTR_i is required.
  mms3_edp_deltap_brst_l2: For VAR_TYPE = 'data' or 'support_data', if no LABLAXIS, LABL_PTR_i is required.
MMS3_EDP_BRST_L2_SCPOT | IST.LABL_PTRMissing:
  mms3_edp_epoch_brst_l2: For VAR_TYPE = 'data' or 'support_data', if no LABLAXIS, LABL_PTR_i is required.
  mms3_edp_deltap_brst_l2: For VAR_TYPE = 'data' or 'support_data', if no LABLAXIS, LABL_PTR_i is required.
MMS3_EDP_FAST_L2_DCE | IST.LABL_PTRMissing:
  mms3_edp_epoch_fast_l2: For VAR_TYPE = 'data' or 'support_data', if no LABLAXIS, LABL_PTR_i is required.
  mms3_edp_bitmask_fast_l2: For VAR_TYPE = 'data' or 'support_data', if no LABLAXIS, LABL_PTR_i is required.
  mms3_edp_deltap_fast_l2: For VAR_TYPE = 'data' or 'support_data', if no LABLAXIS, LABL_PTR_i is required.
MMS3_EDP_FAST_L2_SCPOT | IST.LABL_PTRMissing:
  mms3_edp_epoch_fast_l2: For VAR_TYPE = 'data' or 'support_data', if no LABLAXIS, LABL_PTR_i is required.
  mms3_edp_deltap_fast_l2: For VAR_TYPE = 'data' or 'support_data', if no LABLAXIS, LABL_PTR_i is required.
MMS3_EDP_SLOW_L2_DCE | IST.LABL_PTRMissing:
  mms3_edp_epoch_slow_l2: For VAR_TYPE = 'data' or 'support_data', if no LABLAXIS, LABL_PTR_i is required.
  mms3_edp_bitmask_slow_l2: For VAR_TYPE = 'data' or 'support_data', if no LABLAXIS, LABL_PTR_i is required.
  mms3_edp_deltap_slow_l2: For VAR_TYPE = 'data' or 'support_data', if no LABLAXIS, LABL_PTR_i is required.
MMS3_EDP_SLOW_L2_SCPOT | IST.LABL_PTRMissing:
  mms3_edp_epoch_slow_l2: For VAR_TYPE = 'data' or 'support_data', if no LABLAXIS, LABL_PTR_i is required.
  mms3_edp_deltap_slow_l2: For VAR_TYPE = 'data' or 'support_data', if no LABLAXIS, LABL_PTR_i is required.
MMS3_EDP_SRVY_L2_HFESP | IST.LABL_PTRMissing:
  Epoch: For VAR_TYPE = 'data' or 'support_data', if no LABLAXIS, LABL_PTR_i is required.
MMS3_FPI_BRST_L2_DES-DIST | IST.LABL_PTRMissing:
  Epoch_plus_var: For VAR_TYPE = 'data' or 'support_data', if no LABLAXIS, LABL_PTR_i is required.
  Epoch_minus_var: For VAR_TYPE = 'data' or 'support_data', if no LABLAXIS, LABL_PTR_i is required.
MMS3_FPI_BRST_L2_DES-MOMS | IST.LABL_PTRMissing:
  Epoch_plus_var: For VAR_TYPE = 'data' or 'support_data', if no LABLAXIS, LABL_PTR_i is required.
  Epoch_minus_var: For VAR_TYPE = 'data' or 'support_data', if no LABLAXIS, LABL_PTR_i is required.
MMS3_FPI_BRST_L2_DES-PARTMOMS | IST.LABL_PTRMissing:
  Epoch_plus_var: For VAR_TYPE = 'data' or 'support_data', if no LABLAXIS, LABL_PTR_i is required.
  Epoch_minus_var: For VAR_TYPE = 'data' or 'support_data', if no LABLAXIS, LABL_PTR_i is required.
MMS3_FPI_BRST_L2_DIS-DIST | IST.LABL_PTRMissing:
  Epoch_plus_var: For VAR_TYPE = 'data' or 'support_data', if no LABLAXIS, LABL_PTR_i is required.
  Epoch_minus_var: For VAR_TYPE = 'data' or 'support_data', if no LABLAXIS, LABL_PTR_i is required.
MMS3_FPI_BRST_L2_DIS-MOMS | IST.LABL_PTRMissing:
  Epoch_plus_var: For VAR_TYPE = 'data' or 'support_data', if no LABLAXIS, LABL_PTR_i is required.
  Epoch_minus_var: For VAR_TYPE = 'data' or 'support_data', if no LABLAXIS, LABL_PTR_i is required.
MMS3_FPI_BRST_L2_DIS-PARTMOMS | IST.LABL_PTRMissing:
  Epoch_plus_var: For VAR_TYPE = 'data' or 'support_data', if no LABLAXIS, LABL_PTR_i is required.
  Epoch_minus_var: For VAR_TYPE = 'data' or 'support_data', if no LABLAXIS, LABL_PTR_i is required.
MMS3_FPI_FAST_L2_DES-DIST | IST.LABL_PTRMissing:
  Epoch_plus_var: For VAR_TYPE = 'data' or 'support_data', if no LABLAXIS, LABL_PTR_i is required.
  Epoch_minus_var: For VAR_TYPE = 'data' or 'support_data', if no LABLAXIS, LABL_PTR_i is required.
MMS3_FPI_FAST_L2_DES-MOMS | IST.LABL_PTRMissing:
  Epoch_plus_var: For VAR_TYPE = 'data' or 'support_data', if no LABLAXIS, LABL_PTR_i is required.
  Epoch_minus_var: For VAR_TYPE = 'data' or 'support_data', if no LABLAXIS, LABL_PTR_i is required.
MMS3_FPI_FAST_L2_DES-PARTMOMS | IST.LABL_PTRMissing:
  Epoch_plus_var: For VAR_TYPE = 'data' or 'support_data', if no LABLAXIS, LABL_PTR_i is required.
  Epoch_minus_var: For VAR_TYPE = 'data' or 'support_data', if no LABLAXIS, LABL_PTR_i is required.
MMS3_FPI_FAST_L2_DIS-DIST | IST.LABL_PTRMissing:
  Epoch_plus_var: For VAR_TYPE = 'data' or 'support_data', if no LABLAXIS, LABL_PTR_i is required.
  Epoch_minus_var: For VAR_TYPE = 'data' or 'support_data', if no LABLAXIS, LABL_PTR_i is required.
MMS3_FPI_FAST_L2_DIS-MOMS | IST.LABL_PTRMissing:
  Epoch_plus_var: For VAR_TYPE = 'data' or 'support_data', if no LABLAXIS, LABL_PTR_i is required.
  Epoch_minus_var: For VAR_TYPE = 'data' or 'support_data', if no LABLAXIS, LABL_PTR_i is required.
MMS3_FPI_FAST_L2_DIS-PARTMOMS | IST.LABL_PTRMissing:
  Epoch_plus_var: For VAR_TYPE = 'data' or 'support_data', if no LABLAXIS, LABL_PTR_i is required.
  Epoch_minus_var: For VAR_TYPE = 'data' or 'support_data', if no LABLAXIS, LABL_PTR_i is required.
MMS3_HPCA_BRST_L2_ION | IST.LABL_PTRMissing:
  Epoch: For VAR_TYPE = 'data' or 'support_data', if no LABLAXIS, LABL_PTR_i is required.
  Epoch_MINUS: For VAR_TYPE = 'data' or 'support_data', if no LABLAXIS, LABL_PTR_i is required.
  Epoch_PLUS: For VAR_TYPE = 'data' or 'support_data', if no LABLAXIS, LABL_PTR_i is required.
  mms3_hpca_science_mode: For VAR_TYPE = 'data' or 'support_data', if no LABLAXIS, LABL_PTR_i is required.
  Epoch_Angles: For VAR_TYPE = 'data' or 'support_data', if no LABLAXIS, LABL_PTR_i is required.
  Epoch_MINUS_Angles: For VAR_TYPE = 'data' or 'support_data', if no LABLAXIS, LABL_PTR_i is required.
  Epoch_PLUS_Angles: For VAR_TYPE = 'data' or 'support_data', if no LABLAXIS, LABL_PTR_i is required.
MMS3_HPCA_BRST_L2_MOMENTS | IST.LABL_PTRMissing:
  Epoch: For VAR_TYPE = 'data' or 'support_data', if no LABLAXIS, LABL_PTR_i is required.
  Epoch_MINUS: For VAR_TYPE = 'data' or 'support_data', if no LABLAXIS, LABL_PTR_i is required.
  Epoch_PLUS: For VAR_TYPE = 'data' or 'support_data', if no LABLAXIS, LABL_PTR_i is required.
  mms3_hpca_ion_energy: For VAR_TYPE = 'data' or 'support_data', if no LABLAXIS, LABL_PTR_i is required.
  mms3_hpca_sweep_table_number: For VAR_TYPE = 'data' or 'support_data', if no LABLAXIS, LABL_PTR_i is required.
  mms3_hpca_science_mode: For VAR_TYPE = 'data' or 'support_data', if no LABLAXIS, LABL_PTR_i is required.
  index1: For VAR_TYPE = 'data' or 'support_data', if no LABLAXIS, LABL_PTR_i is required.
  index2: For VAR_TYPE = 'data' or 'support_data', if no LABLAXIS, LABL_PTR_i is required.
MMS3_HPCA_SRVY_L2_ION | IST.LABL_PTRMissing:
  Epoch: For VAR_TYPE = 'data' or 'support_data', if no LABLAXIS, LABL_PTR_i is required.
  Epoch_MINUS: For VAR_TYPE = 'data' or 'support_data', if no LABLAXIS, LABL_PTR_i is required.
  Epoch_PLUS: For VAR_TYPE = 'data' or 'support_data', if no LABLAXIS, LABL_PTR_i is required.
  mms3_hpca_science_mode: For VAR_TYPE = 'data' or 'support_data', if no LABLAXIS, LABL_PTR_i is required.
  Epoch_Angles: For VAR_TYPE = 'data' or 'support_data', if no LABLAXIS, LABL_PTR_i is required.
  Epoch_MINUS_Angles: For VAR_TYPE = 'data' or 'support_data', if no LABLAXIS, LABL_PTR_i is required.
  Epoch_PLUS_Angles: For VAR_TYPE = 'data' or 'support_data', if no LABLAXIS, LABL_PTR_i is required.
MMS3_HPCA_SRVY_L2_MOMENTS | IST.LABL_PTRMissing:
  Epoch: For VAR_TYPE = 'data' or 'support_data', if no LABLAXIS, LABL_PTR_i is required.
  Epoch_MINUS: For VAR_TYPE = 'data' or 'support_data', if no LABLAXIS, LABL_PTR_i is required.
  Epoch_PLUS: For VAR_TYPE = 'data' or 'support_data', if no LABLAXIS, LABL_PTR_i is required.
  mms3_hpca_ion_energy: For VAR_TYPE = 'data' or 'support_data', if no LABLAXIS, LABL_PTR_i is required.
  mms3_hpca_sweep_table_number: For VAR_TYPE = 'data' or 'support_data', if no LABLAXIS, LABL_PTR_i is required.
  mms3_hpca_science_mode: For VAR_TYPE = 'data' or 'support_data', if no LABLAXIS, LABL_PTR_i is required.
  index1: For VAR_TYPE = 'data' or 'support_data', if no LABLAXIS, LABL_PTR_i is required.
  index2: For VAR_TYPE = 'data' or 'support_data', if no LABLAXIS, LABL_PTR_i is required.
MMS3_HPCA_SRVY_L2_TOF-COUNTS | IST.LABL_PTRMissing:
  Epoch: For VAR_TYPE = 'data' or 'support_data', if no LABLAXIS, LABL_PTR_i is required.
  Epoch_MINUS: For VAR_TYPE = 'data' or 'support_data', if no LABLAXIS, LABL_PTR_i is required.
  Epoch_PLUS: For VAR_TYPE = 'data' or 'support_data', if no LABLAXIS, LABL_PTR_i is required.
MMS3_MEC_BRST_L2_EPHT89D | IST.LABL_PTRMissing:
  Epoch: For VAR_TYPE = 'data' or 'support_data', if no LABLAXIS, LABL_PTR_i is required.
  mms3_mec_int_model: For VAR_TYPE = 'data' or 'support_data', if no LABLAXIS, LABL_PTR_i is required.
  mms3_mec_ext_model: For VAR_TYPE = 'data' or 'support_data', if no LABLAXIS, LABL_PTR_i is required.
MMS3_MEC_BRST_L2_EPHT89Q | IST.LABL_PTRMissing:
  Epoch: For VAR_TYPE = 'data' or 'support_data', if no LABLAXIS, LABL_PTR_i is required.
  mms3_mec_int_model: For VAR_TYPE = 'data' or 'support_data', if no LABLAXIS, LABL_PTR_i is required.
  mms3_mec_ext_model: For VAR_TYPE = 'data' or 'support_data', if no LABLAXIS, LABL_PTR_i is required.
MMS3_MEC_BRST_L2_EPHTS04D | IST.LABL_PTRMissing:
  Epoch: For VAR_TYPE = 'data' or 'support_data', if no LABLAXIS, LABL_PTR_i is required.
  mms3_mec_int_model: For VAR_TYPE = 'data' or 'support_data', if no LABLAXIS, LABL_PTR_i is required.
  mms3_mec_ext_model: For VAR_TYPE = 'data' or 'support_data', if no LABLAXIS, LABL_PTR_i is required.
MMS3_MEC_SRVY_L2_EPHT89D | IST.LABL_PTRMissing:
  Epoch: For VAR_TYPE = 'data' or 'support_data', if no LABLAXIS, LABL_PTR_i is required.
  mms3_mec_int_model: For VAR_TYPE = 'data' or 'support_data', if no LABLAXIS, LABL_PTR_i is required.
  mms3_mec_ext_model: For VAR_TYPE = 'data' or 'support_data', if no LABLAXIS, LABL_PTR_i is required.
MMS3_MEC_SRVY_L2_EPHT89Q | IST.LABL_PTRMissing:
  Epoch: For VAR_TYPE = 'data' or 'support_data', if no LABLAXIS, LABL_PTR_i is required.
  mms3_mec_int_model: For VAR_TYPE = 'data' or 'support_data', if no LABLAXIS, LABL_PTR_i is required.
  mms3_mec_ext_model: For VAR_TYPE = 'data' or 'support_data', if no LABLAXIS, LABL_PTR_i is required.
MMS3_MEC_SRVY_L2_EPHTS04D | IST.LABL_PTRMissing:
  Epoch: For VAR_TYPE = 'data' or 'support_data', if no LABLAXIS, LABL_PTR_i is required.
  mms3_mec_int_model: For VAR_TYPE = 'data' or 'support_data', if no LABLAXIS, LABL_PTR_i is required.
  mms3_mec_ext_model: For VAR_TYPE = 'data' or 'support_data', if no LABLAXIS, LABL_PTR_i is required.
MMS3_SCM_BRST_L2_SCB | IST.LABL_PTRMissing:
  Epoch_delta: For VAR_TYPE = 'data' or 'support_data', if no LABLAXIS, LABL_PTR_i is required.
MMS3_SCM_BRST_L2_SCHB | IST.LABL_PTRMissing:
  Epoch_delta: For VAR_TYPE = 'data' or 'support_data', if no LABLAXIS, LABL_PTR_i is required.
MMS3_SCM_SRVY_L2_SCSRVY | IST.LABL_PTRMissing:
  Epoch_delta: For VAR_TYPE = 'data' or 'support_data', if no LABLAXIS, LABL_PTR_i is required.
MMS4_DSP_FAST_L2_BPSD | IST.LABL_PTRMissing:
  mms4_dsp_seqcnt_bpsd: For VAR_TYPE = 'data' or 'support_data', if no LABLAXIS, LABL_PTR_i is required.
MMS4_DSP_FAST_L2_EPSD | IST.LABL_PTRMissing:
  mms4_dsp_seqcnt_lfe: For VAR_TYPE = 'data' or 'support_data', if no LABLAXIS, LABL_PTR_i is required.
MMS4_DSP_SLOW_L2_BPSD | IST.LABL_PTRMissing:
  mms4_dsp_seqcnt_bpsd: For VAR_TYPE = 'data' or 'support_data', if no LABLAXIS, LABL_PTR_i is required.
MMS4_DSP_SLOW_L2_EPSD | IST.LABL_PTRMissing:
  mms4_dsp_seqcnt_lfe: For VAR_TYPE = 'data' or 'support_data', if no LABLAXIS, LABL_PTR_i is required.
MMS4_EDI_BRST_L2_AMB | IST.LABL_PTRMissing:
  mms4_edi_gdu_0_brst_l2: For VAR_TYPE = 'data' or 'support_data', if no LABLAXIS, LABL_PTR_i is required.
  mms4_edi_gdu_180_brst_l2: For VAR_TYPE = 'data' or 'support_data', if no LABLAXIS, LABL_PTR_i is required.
MMS4_EDI_BRST_L2_AMB-PM2 | IST.LABL_PTRMissing:
  mms4_edi_gdu_0_brst_l2: For VAR_TYPE = 'data' or 'support_data', if no LABLAXIS, LABL_PTR_i is required.
  mms4_edi_gdu_180_brst_l2: For VAR_TYPE = 'data' or 'support_data', if no LABLAXIS, LABL_PTR_i is required.
  mms4_edi_traj1_gsm_0_brst_l2: For VAR_TYPE = 'data' or 'support_data', if no LABLAXIS, LABL_PTR_i is required.
  mms4_edi_traj1_gsm_180_brst_l2: For VAR_TYPE = 'data' or 'support_data', if no LABLAXIS, LABL_PTR_i is required.
  mms4_edi_flip_0_180_brst_l2: For VAR_TYPE = 'data' or 'support_data', if no LABLAXIS, LABL_PTR_i is required.
MMS4_EDI_SRVY_L2_AMB | IST.LABL_PTRMissing:
  mms4_edi_gdu_0_srvy_l2: For VAR_TYPE = 'data' or 'support_data', if no LABLAXIS, LABL_PTR_i is required.
  mms4_edi_gdu_180_srvy_l2: For VAR_TYPE = 'data' or 'support_data', if no LABLAXIS, LABL_PTR_i is required.
MMS4_EDI_SRVY_L2_AMB-PM2 | IST.LABL_PTRMissing:
  mms4_edi_gdu_0_srvy_l2: For VAR_TYPE = 'data' or 'support_data', if no LABLAXIS, LABL_PTR_i is required.
  mms4_edi_gdu_180_srvy_l2: For VAR_TYPE = 'data' or 'support_data', if no LABLAXIS, LABL_PTR_i is required.
  mms4_edi_flip_0_180_srvy_l2: For VAR_TYPE = 'data' or 'support_data', if no LABLAXIS, LABL_PTR_i is required.
MMS4_EDP_BRST_L2_DCE | IST.LABL_PTRMissing:
  mms4_edp_epoch_brst_l2: For VAR_TYPE = 'data' or 'support_data', if no LABLAXIS, LABL_PTR_i is required.
  mms4_edp_bitmask_brst_l2: For VAR_TYPE = 'data' or 'support_data', if no LABLAXIS, LABL_PTR_i is required.
  mms4_edp_deltap_brst_l2: For VAR_TYPE = 'data' or 'support_data', if no LABLAXIS, LABL_PTR_i is required.
MMS4_EDP_BRST_L2_SCPOT | IST.LABL_PTRMissing:
  mms4_edp_epoch_brst_l2: For VAR_TYPE = 'data' or 'support_data', if no LABLAXIS, LABL_PTR_i is required.
  mms4_edp_deltap_brst_l2: For VAR_TYPE = 'data' or 'support_data', if no LABLAXIS, LABL_PTR_i is required.
MMS4_EDP_FAST_L2_DCE | IST.LABL_PTRMissing:
  mms4_edp_epoch_fast_l2: For VAR_TYPE = 'data' or 'support_data', if no LABLAXIS, LABL_PTR_i is required.
  mms4_edp_bitmask_fast_l2: For VAR_TYPE = 'data' or 'support_data', if no LABLAXIS, LABL_PTR_i is required.
  mms4_edp_deltap_fast_l2: For VAR_TYPE = 'data' or 'support_data', if no LABLAXIS, LABL_PTR_i is required.
MMS4_EDP_FAST_L2_SCPOT | IST.LABL_PTRMissing:
  mms4_edp_epoch_fast_l2: For VAR_TYPE = 'data' or 'support_data', if no LABLAXIS, LABL_PTR_i is required.
  mms4_edp_deltap_fast_l2: For VAR_TYPE = 'data' or 'support_data', if no LABLAXIS, LABL_PTR_i is required.
MMS4_EDP_SLOW_L2_DCE | IST.LABL_PTRMissing:
  mms4_edp_epoch_slow_l2: For VAR_TYPE = 'data' or 'support_data', if no LABLAXIS, LABL_PTR_i is required.
  mms4_edp_bitmask_slow_l2: For VAR_TYPE = 'data' or 'support_data', if no LABLAXIS, LABL_PTR_i is required.
MMS4_EDP_SLOW_L2_SCPOT | IST.LABL_PTRMissing:
  mms4_edp_epoch_slow_l2: For VAR_TYPE = 'data' or 'support_data', if no LABLAXIS, LABL_PTR_i is required.
  mms4_edp_deltap_slow_l2: For VAR_TYPE = 'data' or 'support_data', if no LABLAXIS, LABL_PTR_i is required.
MMS4_EDP_SRVY_L2_HFESP | IST.LABL_PTRMissing:
  Epoch: For VAR_TYPE = 'data' or 'support_data', if no LABLAXIS, LABL_PTR_i is required.
MMS4_FPI_BRST_L2_DES-DIST | IST.LABL_PTRMissing:
  Epoch_plus_var: For VAR_TYPE = 'data' or 'support_data', if no LABLAXIS, LABL_PTR_i is required.
  Epoch_minus_var: For VAR_TYPE = 'data' or 'support_data', if no LABLAXIS, LABL_PTR_i is required.
MMS4_FPI_BRST_L2_DES-MOMS | IST.LABL_PTRMissing:
  Epoch_plus_var: For VAR_TYPE = 'data' or 'support_data', if no LABLAXIS, LABL_PTR_i is required.
  Epoch_minus_var: For VAR_TYPE = 'data' or 'support_data', if no LABLAXIS, LABL_PTR_i is required.
MMS4_FPI_BRST_L2_DES-PARTMOMS | IST.LABL_PTRMissing:
  Epoch_plus_var: For VAR_TYPE = 'data' or 'support_data', if no LABLAXIS, LABL_PTR_i is required.
  Epoch_minus_var: For VAR_TYPE = 'data' or 'support_data', if no LABLAXIS, LABL_PTR_i is required.
MMS4_FPI_BRST_L2_DIS-DIST | IST.LABL_PTRMissing:
  Epoch_plus_var: For VAR_TYPE = 'data' or 'support_data', if no LABLAXIS, LABL_PTR_i is required.
  Epoch_minus_var: For VAR_TYPE = 'data' or 'support_data', if no LABLAXIS, LABL_PTR_i is required.
MMS4_FPI_BRST_L2_DIS-MOMS | IST.LABL_PTRMissing:
  Epoch_plus_var: For VAR_TYPE = 'data' or 'support_data', if no LABLAXIS, LABL_PTR_i is required.
  Epoch_minus_var: For VAR_TYPE = 'data' or 'support_data', if no LABLAXIS, LABL_PTR_i is required.
MMS4_FPI_BRST_L2_DIS-PARTMOMS | IST.LABL_PTRMissing:
  Epoch_plus_var: For VAR_TYPE = 'data' or 'support_data', if no LABLAXIS, LABL_PTR_i is required.
  Epoch_minus_var: For VAR_TYPE = 'data' or 'support_data', if no LABLAXIS, LABL_PTR_i is required.
MMS4_FPI_FAST_L2_DES-DIST | IST.LABL_PTRMissing:
  Epoch_plus_var: For VAR_TYPE = 'data' or 'support_data', if no LABLAXIS, LABL_PTR_i is required.
  Epoch_minus_var: For VAR_TYPE = 'data' or 'support_data', if no LABLAXIS, LABL_PTR_i is required.
MMS4_FPI_FAST_L2_DES-MOMS | IST.LABL_PTRMissing:
  Epoch_plus_var: For VAR_TYPE = 'data' or 'support_data', if no LABLAXIS, LABL_PTR_i is required.
  Epoch_minus_var: For VAR_TYPE = 'data' or 'support_data', if no LABLAXIS, LABL_PTR_i is required.
MMS4_FPI_FAST_L2_DES-PARTMOMS | IST.LABL_PTRMissing:
  Epoch_plus_var: For VAR_TYPE = 'data' or 'support_data', if no LABLAXIS, LABL_PTR_i is required.
  Epoch_minus_var: For VAR_TYPE = 'data' or 'support_data', if no LABLAXIS, LABL_PTR_i is required.
MMS4_FPI_FAST_L2_DIS-DIST | IST.LABL_PTRMissing:
  Epoch_plus_var: For VAR_TYPE = 'data' or 'support_data', if no LABLAXIS, LABL_PTR_i is required.
  Epoch_minus_var: For VAR_TYPE = 'data' or 'support_data', if no LABLAXIS, LABL_PTR_i is required.
MMS4_FPI_FAST_L2_DIS-MOMS | IST.LABL_PTRMissing:
  Epoch_plus_var: For VAR_TYPE = 'data' or 'support_data', if no LABLAXIS, LABL_PTR_i is required.
  Epoch_minus_var: For VAR_TYPE = 'data' or 'support_data', if no LABLAXIS, LABL_PTR_i is required.
MMS4_FPI_FAST_L2_DIS-PARTMOMS | IST.LABL_PTRMissing:
  Epoch_plus_var: For VAR_TYPE = 'data' or 'support_data', if no LABLAXIS, LABL_PTR_i is required.
  Epoch_minus_var: For VAR_TYPE = 'data' or 'support_data', if no LABLAXIS, LABL_PTR_i is required.
MMS4_HPCA_BRST_L2_ION | IST.LABL_PTRMissing:
  Epoch: For VAR_TYPE = 'data' or 'support_data', if no LABLAXIS, LABL_PTR_i is required.
  Epoch_MINUS: For VAR_TYPE = 'data' or 'support_data', if no LABLAXIS, LABL_PTR_i is required.
  Epoch_PLUS: For VAR_TYPE = 'data' or 'support_data', if no LABLAXIS, LABL_PTR_i is required.
  mms4_hpca_science_mode: For VAR_TYPE = 'data' or 'support_data', if no LABLAXIS, LABL_PTR_i is required.
  Epoch_Angles: For VAR_TYPE = 'data' or 'support_data', if no LABLAXIS, LABL_PTR_i is required.
  Epoch_MINUS_Angles: For VAR_TYPE = 'data' or 'support_data', if no LABLAXIS, LABL_PTR_i is required.
  Epoch_PLUS_Angles: For VAR_TYPE = 'data' or 'support_data', if no LABLAXIS, LABL_PTR_i is required.
MMS4_HPCA_BRST_L2_MOMENTS | IST.LABL_PTRMissing:
  Epoch: For VAR_TYPE = 'data' or 'support_data', if no LABLAXIS, LABL_PTR_i is required.
  Epoch_MINUS: For VAR_TYPE = 'data' or 'support_data', if no LABLAXIS, LABL_PTR_i is required.
  Epoch_PLUS: For VAR_TYPE = 'data' or 'support_data', if no LABLAXIS, LABL_PTR_i is required.
  mms4_hpca_ion_energy: For VAR_TYPE = 'data' or 'support_data', if no LABLAXIS, LABL_PTR_i is required.
  mms4_hpca_sweep_table_number: For VAR_TYPE = 'data' or 'support_data', if no LABLAXIS, LABL_PTR_i is required.
  mms4_hpca_science_mode: For VAR_TYPE = 'data' or 'support_data', if no LABLAXIS, LABL_PTR_i is required.
  index1: For VAR_TYPE = 'data' or 'support_data', if no LABLAXIS, LABL_PTR_i is required.
  index2: For VAR_TYPE = 'data' or 'support_data', if no LABLAXIS, LABL_PTR_i is required.
MMS4_HPCA_SRVY_L2_ION | IST.LABL_PTRMissing:
  Epoch: For VAR_TYPE = 'data' or 'support_data', if no LABLAXIS, LABL_PTR_i is required.
  Epoch_MINUS: For VAR_TYPE = 'data' or 'support_data', if no LABLAXIS, LABL_PTR_i is required.
  Epoch_PLUS: For VAR_TYPE = 'data' or 'support_data', if no LABLAXIS, LABL_PTR_i is required.
  mms4_hpca_science_mode: For VAR_TYPE = 'data' or 'support_data', if no LABLAXIS, LABL_PTR_i is required.
  Epoch_Angles: For VAR_TYPE = 'data' or 'support_data', if no LABLAXIS, LABL_PTR_i is required.
  Epoch_MINUS_Angles: For VAR_TYPE = 'data' or 'support_data', if no LABLAXIS, LABL_PTR_i is required.
  Epoch_PLUS_Angles: For VAR_TYPE = 'data' or 'support_data', if no LABLAXIS, LABL_PTR_i is required.
MMS4_HPCA_SRVY_L2_MOMENTS | IST.LABL_PTRMissing:
  Epoch: For VAR_TYPE = 'data' or 'support_data', if no LABLAXIS, LABL_PTR_i is required.
  Epoch_MINUS: For VAR_TYPE = 'data' or 'support_data', if no LABLAXIS, LABL_PTR_i is required.
  Epoch_PLUS: For VAR_TYPE = 'data' or 'support_data', if no LABLAXIS, LABL_PTR_i is required.
  mms4_hpca_ion_energy: For VAR_TYPE = 'data' or 'support_data', if no LABLAXIS, LABL_PTR_i is required.
  mms4_hpca_sweep_table_number: For VAR_TYPE = 'data' or 'support_data', if no LABLAXIS, LABL_PTR_i is required.
  mms4_hpca_science_mode: For VAR_TYPE = 'data' or 'support_data', if no LABLAXIS, LABL_PTR_i is required.
  index1: For VAR_TYPE = 'data' or 'support_data', if no LABLAXIS, LABL_PTR_i is required.
  index2: For VAR_TYPE = 'data' or 'support_data', if no LABLAXIS, LABL_PTR_i is required.
MMS4_HPCA_SRVY_L2_TOF-COUNTS | IST.LABL_PTRMissing:
  Epoch: For VAR_TYPE = 'data' or 'support_data', if no LABLAXIS, LABL_PTR_i is required.
  Epoch_MINUS: For VAR_TYPE = 'data' or 'support_data', if no LABLAXIS, LABL_PTR_i is required.
  Epoch_PLUS: For VAR_TYPE = 'data' or 'support_data', if no LABLAXIS, LABL_PTR_i is required.
MMS4_MEC_BRST_L2_EPHT89D | IST.LABL_PTRMissing:
  Epoch: For VAR_TYPE = 'data' or 'support_data', if no LABLAXIS, LABL_PTR_i is required.
  mms4_mec_int_model: For VAR_TYPE = 'data' or 'support_data', if no LABLAXIS, LABL_PTR_i is required.
  mms4_mec_ext_model: For VAR_TYPE = 'data' or 'support_data', if no LABLAXIS, LABL_PTR_i is required.
MMS4_MEC_BRST_L2_EPHT89Q | IST.LABL_PTRMissing:
  Epoch: For VAR_TYPE = 'data' or 'support_data', if no LABLAXIS, LABL_PTR_i is required.
  mms4_mec_int_model: For VAR_TYPE = 'data' or 'support_data', if no LABLAXIS, LABL_PTR_i is required.
  mms4_mec_ext_model: For VAR_TYPE = 'data' or 'support_data', if no LABLAXIS, LABL_PTR_i is required.
MMS4_MEC_BRST_L2_EPHTS04D | IST.LABL_PTRMissing:
  Epoch: For VAR_TYPE = 'data' or 'support_data', if no LABLAXIS, LABL_PTR_i is required.
  mms4_mec_int_model: For VAR_TYPE = 'data' or 'support_data', if no LABLAXIS, LABL_PTR_i is required.
  mms4_mec_ext_model: For VAR_TYPE = 'data' or 'support_data', if no LABLAXIS, LABL_PTR_i is required.
MMS4_MEC_SRVY_L2_EPHT89D | IST.LABL_PTRMissing:
  Epoch: For VAR_TYPE = 'data' or 'support_data', if no LABLAXIS, LABL_PTR_i is required.
  mms4_mec_int_model: For VAR_TYPE = 'data' or 'support_data', if no LABLAXIS, LABL_PTR_i is required.
  mms4_mec_ext_model: For VAR_TYPE = 'data' or 'support_data', if no LABLAXIS, LABL_PTR_i is required.
MMS4_MEC_SRVY_L2_EPHT89Q | IST.LABL_PTRMissing:
  Epoch: For VAR_TYPE = 'data' or 'support_data', if no LABLAXIS, LABL_PTR_i is required.
  mms4_mec_int_model: For VAR_TYPE = 'data' or 'support_data', if no LABLAXIS, LABL_PTR_i is required.
  mms4_mec_ext_model: For VAR_TYPE = 'data' or 'support_data', if no LABLAXIS, LABL_PTR_i is required.
MMS4_MEC_SRVY_L2_EPHTS04D | IST.LABL_PTRMissing:
  Epoch: For VAR_TYPE = 'data' or 'support_data', if no LABLAXIS, LABL_PTR_i is required.
  mms4_mec_int_model: For VAR_TYPE = 'data' or 'support_data', if no LABLAXIS, LABL_PTR_i is required.
  mms4_mec_ext_model: For VAR_TYPE = 'data' or 'support_data', if no LABLAXIS, LABL_PTR_i is required.
MMS4_SCM_BRST_L2_SCB | IST.LABL_PTRMissing:
  Epoch_delta: For VAR_TYPE = 'data' or 'support_data', if no LABLAXIS, LABL_PTR_i is required.
MMS4_SCM_BRST_L2_SCHB | IST.LABL_PTRMissing:
  Epoch_delta: For VAR_TYPE = 'data' or 'support_data', if no LABLAXIS, LABL_PTR_i is required.
MMS4_SCM_SRVY_L2_SCSRVY | IST.LABL_PTRMissing:
  Epoch_delta: For VAR_TYPE = 'data' or 'support_data', if no LABLAXIS, LABL_PTR_i is required.
NEW_HORIZONS_SWAP_PICKUP-IONS | IST.LABL_PTRMissing:
  Epoch: For VAR_TYPE = 'data' or 'support_data', if no LABLAXIS, LABL_PTR_i is required.
  Epoch_MINUS: For VAR_TYPE = 'data' or 'support_data', if no LABLAXIS, LABL_PTR_i is required.
  Epoch_PLUS: For VAR_TYPE = 'data' or 'support_data', if no LABLAXIS, LABL_PTR_i is required.
  START_TIME: For VAR_TYPE = 'data' or 'support_data', if no LABLAXIS, LABL_PTR_i is required.
  STOP_TIME: For VAR_TYPE = 'data' or 'support_data', if no LABLAXIS, LABL_PTR_i is required.
NEW_HORIZONS_SWAP_PICKUP-IONS-HISTOGRAM | IST.LABL_PTRMissing:
  Epoch: For VAR_TYPE = 'data' or 'support_data', if no LABLAXIS, LABL_PTR_i is required.
  Epoch_MINUS: For VAR_TYPE = 'data' or 'support_data', if no LABLAXIS, LABL_PTR_i is required.
  Epoch_PLUS: For VAR_TYPE = 'data' or 'support_data', if no LABLAXIS, LABL_PTR_i is required.
  nh_swap_energy_bins: For VAR_TYPE = 'data' or 'support_data', if no LABLAXIS, LABL_PTR_i is required.
NEW_HORIZONS_SWAP_SOLAR-WIND | IST.LABL_PTRMissing:
  Epoch: For VAR_TYPE = 'data' or 'support_data', if no LABLAXIS, LABL_PTR_i is required.
  Epoch_MINUS: For VAR_TYPE = 'data' or 'support_data', if no LABLAXIS, LABL_PTR_i is required.
  Epoch_PLUS: For VAR_TYPE = 'data' or 'support_data', if no LABLAXIS, LABL_PTR_i is required.
  st_utc: For VAR_TYPE = 'data' or 'support_data', if no LABLAXIS, LABL_PTR_i is required.
  sp_utc: For VAR_TYPE = 'data' or 'support_data', if no LABLAXIS, LABL_PTR_i is required.
NOAA15_POES-SEM2_FLUXES-2SEC | IST.LABL_PTRMissing:
  time: For VAR_TYPE = 'data' or 'support_data', if no LABLAXIS, LABL_PTR_i is required.
  year: For VAR_TYPE = 'data' or 'support_data', if no LABLAXIS, LABL_PTR_i is required.
  day: For VAR_TYPE = 'data' or 'support_data', if no LABLAXIS, LABL_PTR_i is required.
  msec: For VAR_TYPE = 'data' or 'support_data', if no LABLAXIS, LABL_PTR_i is required.
NOAA16_POES-SEM2_FLUXES-2SEC | IST.LABL_PTRMissing:
  time: For VAR_TYPE = 'data' or 'support_data', if no LABLAXIS, LABL_PTR_i is required.
  year: For VAR_TYPE = 'data' or 'support_data', if no LABLAXIS, LABL_PTR_i is required.
  day: For VAR_TYPE = 'data' or 'support_data', if no LABLAXIS, LABL_PTR_i is required.
  msec: For VAR_TYPE = 'data' or 'support_data', if no LABLAXIS, LABL_PTR_i is required.
NOAA18_POES-SEM2_FLUXES-2SEC | IST.LABL_PTRMissing:
  time: For VAR_TYPE = 'data' or 'support_data', if no LABLAXIS, LABL_PTR_i is required.
  year: For VAR_TYPE = 'data' or 'support_data', if no LABLAXIS, LABL_PTR_i is required.
  day: For VAR_TYPE = 'data' or 'support_data', if no LABLAXIS, LABL_PTR_i is required.
  msec: For VAR_TYPE = 'data' or 'support_data', if no LABLAXIS, LABL_PTR_i is required.
NOAA19_POES-SEM2_FLUXES-2SEC | IST.LABL_PTRMissing:
  time: For VAR_TYPE = 'data' or 'support_data', if no LABLAXIS, LABL_PTR_i is required.
  year: For VAR_TYPE = 'data' or 'support_data', if no LABLAXIS, LABL_PTR_i is required.
  day: For VAR_TYPE = 'data' or 'support_data', if no LABLAXIS, LABL_PTR_i is required.
  msec: For VAR_TYPE = 'data' or 'support_data', if no LABLAXIS, LABL_PTR_i is required.
OMNI2_H0_MRG1HR | IST.LABL_PTRMissing:
  Epoch_1800: For VAR_TYPE = 'data' or 'support_data', if no LABLAXIS, LABL_PTR_i is required.
OMNI_COHO1HR_MERGED_MAG_PLASMA | IST.LABL_PTRMissing:
  Epoch: For VAR_TYPE = 'data' or 'support_data', if no LABLAXIS, LABL_PTR_i is required.
OMNI_HRO2_1MIN | IST.LABL_PTRMissing:
  Epoch: For VAR_TYPE = 'data' or 'support_data', if no LABLAXIS, LABL_PTR_i is required.
OMNI_HRO2_5MIN | IST.LABL_PTRMissing:
  Epoch: For VAR_TYPE = 'data' or 'support_data', if no LABLAXIS, LABL_PTR_i is required.
OMNI_HRO_1MIN | IST.LABL_PTRMissing:
  Epoch: For VAR_TYPE = 'data' or 'support_data', if no LABLAXIS, LABL_PTR_i is required.
OMNI_HRO_5MIN | IST.LABL_PTRMissing:
  Epoch: For VAR_TYPE = 'data' or 'support_data', if no LABLAXIS, LABL_PTR_i is required.
PIONEER10_COHO1HR_MERGED_MAG_PLASMA | IST.LABL_PTRMissing:
  Epoch: For VAR_TYPE = 'data' or 'support_data', if no LABLAXIS, LABL_PTR_i is required.
PIONEER10_MAG_1MIN_MAGNETIC_FIELD | IST.LABL_PTRMissing:
  Epoch: For VAR_TYPE = 'data' or 'support_data', if no LABLAXIS, LABL_PTR_i is required.
  Epoch_light_time: For VAR_TYPE = 'data' or 'support_data', if no LABLAXIS, LABL_PTR_i is required.
PIONEER11_COHO1HR_MERGED_MAG_PLASMA | IST.LABL_PTRMissing:
  Epoch: For VAR_TYPE = 'data' or 'support_data', if no LABLAXIS, LABL_PTR_i is required.
PIONEERVENUS_COHO1HR_MERGED_MAG_PLASMA | IST.LABL_PTRMissing:
  Epoch: For VAR_TYPE = 'data' or 'support_data', if no LABLAXIS, LABL_PTR_i is required.
PIONEERVENUS_MERGED_SOLAR-WIND_10M | IST.LABL_PTRMissing:
  Epoch: For VAR_TYPE = 'data' or 'support_data', if no LABLAXIS, LABL_PTR_i is required.
PO_H0_CAM | IST.LABL_PTRMissing:
  Epoch: For VAR_TYPE = 'data' or 'support_data', if no LABLAXIS, LABL_PTR_i is required.
PO_H0_PWI | IST.LABL_PTRMissing:
  Time_PB5: For VAR_TYPE = 'data' or 'support_data', if no LABLAXIS, LABL_PTR_i is required.
PO_H2_PWI | IST.LABL_PTRMissing:
  Delta_T: For VAR_TYPE = 'data' or 'support_data', if no LABLAXIS, LABL_PTR_i is required.
PO_H7_PWI | IST.LABL_PTRMissing:
  Delta_T: For VAR_TYPE = 'data' or 'support_data', if no LABLAXIS, LABL_PTR_i is required.
  FilterMode: For VAR_TYPE = 'data' or 'support_data', if no LABLAXIS, LABL_PTR_i is required.
  FFT_size: For VAR_TYPE = 'data' or 'support_data', if no LABLAXIS, LABL_PTR_i is required.
  NUM_FFT: For VAR_TYPE = 'data' or 'support_data', if no LABLAXIS, LABL_PTR_i is required.
  NUM_SNAP: For VAR_TYPE = 'data' or 'support_data', if no LABLAXIS, LABL_PTR_i is required.
PO_H8_PWI | IST.LABL_PTRMissing:
  FilterMode: For VAR_TYPE = 'data' or 'support_data', if no LABLAXIS, LABL_PTR_i is required.
  FFT_size: For VAR_TYPE = 'data' or 'support_data', if no LABLAXIS, LABL_PTR_i is required.
  NUM_SNAP: For VAR_TYPE = 'data' or 'support_data', if no LABLAXIS, LABL_PTR_i is required.
  HFWR1_Flag: For VAR_TYPE = 'data' or 'support_data', if no LABLAXIS, LABL_PTR_i is required.
  HFWR2_Flag: For VAR_TYPE = 'data' or 'support_data', if no LABLAXIS, LABL_PTR_i is required.
  HFWR3_Flag: For VAR_TYPE = 'data' or 'support_data', if no LABLAXIS, LABL_PTR_i is required.
  HFWR4_Flag: For VAR_TYPE = 'data' or 'support_data', if no LABLAXIS, LABL_PTR_i is required.
  HFWR5_Flag: For VAR_TYPE = 'data' or 'support_data', if no LABLAXIS, LABL_PTR_i is required.
  HFWR6_Flag: For VAR_TYPE = 'data' or 'support_data', if no LABLAXIS, LABL_PTR_i is required.
PO_H9_PWI | IST.LABL_PTRMissing:
  Num_Snap: For VAR_TYPE = 'data' or 'support_data', if no LABLAXIS, LABL_PTR_i is required.
  FFT_size: For VAR_TYPE = 'data' or 'support_data', if no LABLAXIS, LABL_PTR_i is required.
PO_K0_VIS | IST.LABL_PTRMissing:
  header_block#: For VAR_TYPE = 'data' or 'support_data', if no LABLAXIS, LABL_PTR_i is required.
  hdr_fieldname: For VAR_TYPE = 'data' or 'support_data', if no LABLAXIS, LABL_PTR_i is required.
PO_K1_VIS | IST.LABL_PTRMissing:
  header_image#: For VAR_TYPE = 'data' or 'support_data', if no LABLAXIS, LABL_PTR_i is required.
  header_block#: For VAR_TYPE = 'data' or 'support_data', if no LABLAXIS, LABL_PTR_i is required.
  hdr_fieldname: For VAR_TYPE = 'data' or 'support_data', if no LABLAXIS, LABL_PTR_i is required.
PO_VIS_EARTH-CAMERA-CALIBRATED | IST.LABL_PTRMissing:
  ALTLS: For VAR_TYPE = 'data' or 'support_data', if no LABLAXIS, LABL_PTR_i is required.
  header_block: For VAR_TYPE = 'data' or 'support_data', if no LABLAXIS, LABL_PTR_i is required.
  hdr_fieldname: For VAR_TYPE = 'data' or 'support_data', if no LABLAXIS, LABL_PTR_i is required.
PO_VIS_VISIBLE-IMAGER-CALIBRATED | IST.LABL_PTRMissing:
  ALTLS: For VAR_TYPE = 'data' or 'support_data', if no LABLAXIS, LABL_PTR_i is required.
  header_block: For VAR_TYPE = 'data' or 'support_data', if no LABLAXIS, LABL_PTR_i is required.
  hdr_fieldname: For VAR_TYPE = 'data' or 'support_data', if no LABLAXIS, LABL_PTR_i is required.
PSP_FLD_L2_DFB_AC_BPF_DV12HG | IST.LABL_PTRMissing:
  psp_fld_l2_dfb_ac_bpf_dV12hg_saturation_flags: For VAR_TYPE = 'data' or 'support_data', if no LABLAXIS, LABL_PTR_i is required.
PSP_FLD_L2_DFB_AC_BPF_DV34HG | IST.LABL_PTRMissing:
  psp_fld_l2_dfb_ac_bpf_dV34hg_saturation_flags: For VAR_TYPE = 'data' or 'support_data', if no LABLAXIS, LABL_PTR_i is required.
PSP_FLD_L2_DFB_AC_BPF_SCMULFHG | IST.LABL_PTRMissing:
  psp_fld_l2_dfb_ac_bpf_SCMulfhg_saturation_flags: For VAR_TYPE = 'data' or 'support_data', if no LABLAXIS, LABL_PTR_i is required.
PSP_FLD_L2_DFB_AC_BPF_SCMUMFHG | IST.LABL_PTRMissing:
  psp_fld_l2_dfb_ac_bpf_SCMumfhg_saturation_flags: For VAR_TYPE = 'data' or 'support_data', if no LABLAXIS, LABL_PTR_i is required.
PSP_FLD_L2_DFB_AC_SPEC_DV12HG | IST.LABL_PTRMissing:
  psp_fld_l2_dfb_ac_spec_dV12hg_saturation_flags: For VAR_TYPE = 'data' or 'support_data', if no LABLAXIS, LABL_PTR_i is required.
PSP_FLD_L2_DFB_AC_SPEC_DV34HG | IST.LABL_PTRMissing:
  psp_fld_l2_dfb_ac_spec_dV34hg_saturation_flags: For VAR_TYPE = 'data' or 'support_data', if no LABLAXIS, LABL_PTR_i is required.
PSP_FLD_L2_DFB_AC_SPEC_SCMDLFHG | IST.LABL_PTRMissing:
  psp_fld_l2_dfb_ac_spec_SCMdlfhg_saturation_flags: For VAR_TYPE = 'data' or 'support_data', if no LABLAXIS, LABL_PTR_i is required.
PSP_FLD_L2_DFB_AC_SPEC_SCMELFHG | IST.LABL_PTRMissing:
  psp_fld_l2_dfb_ac_spec_SCMelfhg_saturation_flags: For VAR_TYPE = 'data' or 'support_data', if no LABLAXIS, LABL_PTR_i is required.
PSP_FLD_L2_DFB_AC_SPEC_SCMFLFHG | IST.LABL_PTRMissing:
  psp_fld_l2_dfb_ac_spec_SCMflfhg_saturation_flags: For VAR_TYPE = 'data' or 'support_data', if no LABLAXIS, LABL_PTR_i is required.
PSP_FLD_L2_DFB_AC_SPEC_SCMMF | IST.LABL_PTRMissing:
  psp_fld_l2_dfb_ac_spec_SCMmf_saturation_flags: For VAR_TYPE = 'data' or 'support_data', if no LABLAXIS, LABL_PTR_i is required.
PSP_FLD_L2_DFB_AC_SPEC_SCMULFLG | IST.LABL_PTRMissing:
  psp_fld_l2_dfb_ac_spec_SCMulflg_saturation_flags: For VAR_TYPE = 'data' or 'support_data', if no LABLAXIS, LABL_PTR_i is required.
PSP_FLD_L2_DFB_AC_SPEC_SCMVLFHG | IST.LABL_PTRMissing:
  psp_fld_l2_dfb_ac_spec_SCMvlfhg_saturation_flags: For VAR_TYPE = 'data' or 'support_data', if no LABLAXIS, LABL_PTR_i is required.
PSP_FLD_L2_DFB_AC_SPEC_V5HG | IST.LABL_PTRMissing:
  psp_fld_l2_dfb_ac_spec_V5hg_saturation_flags: For VAR_TYPE = 'data' or 'support_data', if no LABLAXIS, LABL_PTR_i is required.
PSP_FLD_L2_DFB_AC_XSPEC_DV12HG_DV34HG | IST.LABL_PTRMissing:
  psp_fld_l2_dfb_ac_xspec_power_ch1_dV12hg_saturation_flags: For VAR_TYPE = 'data' or 'support_data', if no LABLAXIS, LABL_PTR_i is required.
  psp_fld_l2_dfb_ac_xspec_power_ch2_dV34hg_saturation_flags: For VAR_TYPE = 'data' or 'support_data', if no LABLAXIS, LABL_PTR_i is required.
  psp_fld_l2_dfb_ac_xspec_coh_dV12hg_dV34hg_saturation_flags: For VAR_TYPE = 'data' or 'support_data', if no LABLAXIS, LABL_PTR_i is required.
  psp_fld_l2_dfb_ac_xspec_phase_dV12hg_dV34hg_saturation_flags: For VAR_TYPE = 'data' or 'support_data', if no LABLAXIS, LABL_PTR_i is required.
  psp_fld_l2_dfb_ac_xspec_crossterm_Real_dV12hg_dV34hg_saturation_flags: For VAR_TYPE = 'data' or 'support_data', if no LABLAXIS, LABL_PTR_i is required.
  psp_fld_l2_dfb_ac_xspec_crossterm_Imag_dV12hg_dV34hg_saturation_flags: For VAR_TYPE = 'data' or 'support_data', if no LABLAXIS, LABL_PTR_i is required.
PSP_FLD_L2_DFB_AC_XSPEC_SCMDLFHG_SCMELFHG | IST.LABL_PTRMissing:
  psp_fld_l2_dfb_ac_xspec_power_ch1_SCMdlfhg_saturation_flags: For VAR_TYPE = 'data' or 'support_data', if no LABLAXIS, LABL_PTR_i is required.
  psp_fld_l2_dfb_ac_xspec_power_ch2_SCMelfhg_saturation_flags: For VAR_TYPE = 'data' or 'support_data', if no LABLAXIS, LABL_PTR_i is required.
  psp_fld_l2_dfb_ac_xspec_coh_SCMdlfhg_SCMelfhg_saturation_flags: For VAR_TYPE = 'data' or 'support_data', if no LABLAXIS, LABL_PTR_i is required.
  psp_fld_l2_dfb_ac_xspec_phase_SCMdlfhg_SCMelfhg_saturation_flags: For VAR_TYPE = 'data' or 'support_data', if no LABLAXIS, LABL_PTR_i is required.
  psp_fld_l2_dfb_ac_xspec_crossterm_Real_SCMdlfhg_SCMelfhg_saturation_flags: For VAR_TYPE = 'data' or 'support_data', if no LABLAXIS, LABL_PTR_i is required.
  psp_fld_l2_dfb_ac_xspec_crossterm_Imag_SCMdlfhg_SCMelfhg_saturation_flags: For VAR_TYPE = 'data' or 'support_data', if no LABLAXIS, LABL_PTR_i is required.
PSP_FLD_L2_DFB_AC_XSPEC_SCMDLFHG_SCMFLFHG | IST.LABL_PTRMissing:
  psp_fld_l2_dfb_ac_xspec_power_ch1_SCMdlfhg_saturation_flags: For VAR_TYPE = 'data' or 'support_data', if no LABLAXIS, LABL_PTR_i is required.
  psp_fld_l2_dfb_ac_xspec_power_ch2_SCMflfhg_saturation_flags: For VAR_TYPE = 'data' or 'support_data', if no LABLAXIS, LABL_PTR_i is required.
  psp_fld_l2_dfb_ac_xspec_coh_SCMdlfhg_SCMflfhg_saturation_flags: For VAR_TYPE = 'data' or 'support_data', if no LABLAXIS, LABL_PTR_i is required.
  psp_fld_l2_dfb_ac_xspec_phase_SCMdlfhg_SCMflfhg_saturation_flags: For VAR_TYPE = 'data' or 'support_data', if no LABLAXIS, LABL_PTR_i is required.
  psp_fld_l2_dfb_ac_xspec_crossterm_Real_SCMdlfhg_SCMflfhg_saturation_flags: For VAR_TYPE = 'data' or 'support_data', if no LABLAXIS, LABL_PTR_i is required.
  psp_fld_l2_dfb_ac_xspec_crossterm_Imag_SCMdlfhg_SCMflfhg_saturation_flags: For VAR_TYPE = 'data' or 'support_data', if no LABLAXIS, LABL_PTR_i is required.
PSP_FLD_L2_DFB_AC_XSPEC_SCMELFHG_SCMFLFHG | IST.LABL_PTRMissing:
  psp_fld_l2_dfb_ac_xspec_power_ch1_SCMelfhg_saturation_flags: For VAR_TYPE = 'data' or 'support_data', if no LABLAXIS, LABL_PTR_i is required.
  psp_fld_l2_dfb_ac_xspec_power_ch2_SCMflfhg_saturation_flags: For VAR_TYPE = 'data' or 'support_data', if no LABLAXIS, LABL_PTR_i is required.
  psp_fld_l2_dfb_ac_xspec_coh_SCMelfhg_SCMflfhg_saturation_flags: For VAR_TYPE = 'data' or 'support_data', if no LABLAXIS, LABL_PTR_i is required.
  psp_fld_l2_dfb_ac_xspec_phase_SCMelfhg_SCMflfhg_saturation_flags: For VAR_TYPE = 'data' or 'support_data', if no LABLAXIS, LABL_PTR_i is required.
  psp_fld_l2_dfb_ac_xspec_crossterm_Real_SCMelfhg_SCMflfhg_saturation_flags: For VAR_TYPE = 'data' or 'support_data', if no LABLAXIS, LABL_PTR_i is required.
  psp_fld_l2_dfb_ac_xspec_crossterm_Imag_SCMelfhg_SCMflfhg_saturation_flags: For VAR_TYPE = 'data' or 'support_data', if no LABLAXIS, LABL_PTR_i is required.
PSP_FLD_L2_DFB_DBM_DVAC | IST.LABL_PTRMissing:
  psp_fld_l2_dfb_dbm_dvac_sample_rate: For VAR_TYPE = 'data' or 'support_data', if no LABLAXIS, LABL_PTR_i is required.
PSP_FLD_L2_DFB_DBM_DVDC | IST.LABL_PTRMissing:
  psp_fld_l2_dfb_dbm_dvdc_sample_rate: For VAR_TYPE = 'data' or 'support_data', if no LABLAXIS, LABL_PTR_i is required.
PSP_FLD_L2_DFB_DBM_SCM | IST.LABL_PTRMissing:
  psp_fld_l2_dfb_dbm_scmlg_sample_rate: For VAR_TYPE = 'data' or 'support_data', if no LABLAXIS, LABL_PTR_i is required.
  psp_fld_l2_dfb_dbm_scmhg_sample_rate: For VAR_TYPE = 'data' or 'support_data', if no LABLAXIS, LABL_PTR_i is required.
PSP_FLD_L2_DFB_DBM_VAC | IST.LABL_PTRMissing:
  psp_fld_l2_dfb_dbm_vac_sample_rate: For VAR_TYPE = 'data' or 'support_data', if no LABLAXIS, LABL_PTR_i is required.
PSP_FLD_L2_DFB_DBM_VDC | IST.LABL_PTRMissing:
  psp_fld_l2_dfb_dbm_vdc_sample_rate: For VAR_TYPE = 'data' or 'support_data', if no LABLAXIS, LABL_PTR_i is required.
PSP_FLD_L2_DFB_DC_BPF_DV12HG | IST.LABL_PTRMissing:
  psp_fld_l2_dfb_dc_bpf_dV12hg_saturation_flags: For VAR_TYPE = 'data' or 'support_data', if no LABLAXIS, LABL_PTR_i is required.
PSP_FLD_L2_DFB_DC_BPF_DV34HG | IST.LABL_PTRMissing:
  psp_fld_l2_dfb_dc_bpf_dV34hg_saturation_flags: For VAR_TYPE = 'data' or 'support_data', if no LABLAXIS, LABL_PTR_i is required.
PSP_FLD_L2_DFB_DC_BPF_SCMULFHG | IST.LABL_PTRMissing:
  psp_fld_l2_dfb_dc_bpf_SCMulfhg_saturation_flags: For VAR_TYPE = 'data' or 'support_data', if no LABLAXIS, LABL_PTR_i is required.
PSP_FLD_L2_DFB_DC_BPF_SCMVLFHG | IST.LABL_PTRMissing:
  psp_fld_l2_dfb_dc_bpf_SCMvlfhg_saturation_flags: For VAR_TYPE = 'data' or 'support_data', if no LABLAXIS, LABL_PTR_i is required.
PSP_FLD_L2_DFB_DC_SPEC_DV12HG | IST.LABL_PTRMissing:
  psp_fld_l2_dfb_dc_spec_dV12hg_saturation_flags: For VAR_TYPE = 'data' or 'support_data', if no LABLAXIS, LABL_PTR_i is required.
PSP_FLD_L2_DFB_DC_SPEC_SCMDLFHG | IST.LABL_PTRMissing:
  psp_fld_l2_dfb_dc_spec_SCMdlfhg_saturation_flags: For VAR_TYPE = 'data' or 'support_data', if no LABLAXIS, LABL_PTR_i is required.
PSP_FLD_L2_DFB_DC_SPEC_SCMELFHG | IST.LABL_PTRMissing:
  psp_fld_l2_dfb_dc_spec_SCMelfhg_saturation_flags: For VAR_TYPE = 'data' or 'support_data', if no LABLAXIS, LABL_PTR_i is required.
PSP_FLD_L2_DFB_DC_SPEC_SCMFLFHG | IST.LABL_PTRMissing:
  psp_fld_l2_dfb_dc_spec_SCMflfhg_saturation_flags: For VAR_TYPE = 'data' or 'support_data', if no LABLAXIS, LABL_PTR_i is required.
PSP_FLD_L2_DFB_DC_SPEC_SCMULFHG | IST.LABL_PTRMissing:
  psp_fld_l2_dfb_dc_spec_SCMulfhg_saturation_flags: For VAR_TYPE = 'data' or 'support_data', if no LABLAXIS, LABL_PTR_i is required.
PSP_FLD_L2_DFB_DC_SPEC_SCMVLFHG | IST.LABL_PTRMissing:
  psp_fld_l2_dfb_dc_spec_SCMvlfhg_saturation_flags: For VAR_TYPE = 'data' or 'support_data', if no LABLAXIS, LABL_PTR_i is required.
PSP_FLD_L2_DFB_DC_SPEC_SCMWLFHG | IST.LABL_PTRMissing:
  psp_fld_l2_dfb_dc_spec_SCMwlfhg_saturation_flags: For VAR_TYPE = 'data' or 'support_data', if no LABLAXIS, LABL_PTR_i is required.
PSP_FLD_L2_DFB_DC_XSPEC_SCMDLFHG_SCMELFHG | IST.LABL_PTRMissing:
  psp_fld_l2_dfb_dc_xspec_power_ch1_SCMdlfhg_saturation_flags: For VAR_TYPE = 'data' or 'support_data', if no LABLAXIS, LABL_PTR_i is required.
  psp_fld_l2_dfb_dc_xspec_power_ch2_SCMelfhg_saturation_flags: For VAR_TYPE = 'data' or 'support_data', if no LABLAXIS, LABL_PTR_i is required.
  psp_fld_l2_dfb_dc_xspec_coh_SCMdlfhg_SCMelfhg_saturation_flags: For VAR_TYPE = 'data' or 'support_data', if no LABLAXIS, LABL_PTR_i is required.
  psp_fld_l2_dfb_dc_xspec_phase_SCMdlfhg_SCMelfhg_saturation_flags: For VAR_TYPE = 'data' or 'support_data', if no LABLAXIS, LABL_PTR_i is required.
  psp_fld_l2_dfb_dc_xspec_crossterm_Real_SCMdlfhg_SCMelfhg_saturation_flags: For VAR_TYPE = 'data' or 'support_data', if no LABLAXIS, LABL_PTR_i is required.
  psp_fld_l2_dfb_dc_xspec_crossterm_Imag_SCMdlfhg_SCMelfhg_saturation_flags: For VAR_TYPE = 'data' or 'support_data', if no LABLAXIS, LABL_PTR_i is required.
PSP_FLD_L2_DFB_DC_XSPEC_SCMDLFHG_SCMFLFHG | IST.LABL_PTRMissing:
  psp_fld_l2_dfb_dc_xspec_power_ch1_SCMdlfhg_saturation_flags: For VAR_TYPE = 'data' or 'support_data', if no LABLAXIS, LABL_PTR_i is required.
  psp_fld_l2_dfb_dc_xspec_power_ch2_SCMflfhg_saturation_flags: For VAR_TYPE = 'data' or 'support_data', if no LABLAXIS, LABL_PTR_i is required.
  psp_fld_l2_dfb_dc_xspec_coh_SCMdlfhg_SCMflfhg_saturation_flags: For VAR_TYPE = 'data' or 'support_data', if no LABLAXIS, LABL_PTR_i is required.
  psp_fld_l2_dfb_dc_xspec_phase_SCMdlfhg_SCMflfhg_saturation_flags: For VAR_TYPE = 'data' or 'support_data', if no LABLAXIS, LABL_PTR_i is required.
  psp_fld_l2_dfb_dc_xspec_crossterm_Real_SCMdlfhg_SCMflfhg_saturation_flags: For VAR_TYPE = 'data' or 'support_data', if no LABLAXIS, LABL_PTR_i is required.
  psp_fld_l2_dfb_dc_xspec_crossterm_Imag_SCMdlfhg_SCMflfhg_saturation_flags: For VAR_TYPE = 'data' or 'support_data', if no LABLAXIS, LABL_PTR_i is required.
PSP_FLD_L2_DFB_DC_XSPEC_SCMELFHG_SCMFLFHG | IST.LABL_PTRMissing:
  psp_fld_l2_dfb_dc_xspec_power_ch1_SCMelfhg_saturation_flags: For VAR_TYPE = 'data' or 'support_data', if no LABLAXIS, LABL_PTR_i is required.
  psp_fld_l2_dfb_dc_xspec_power_ch2_SCMflfhg_saturation_flags: For VAR_TYPE = 'data' or 'support_data', if no LABLAXIS, LABL_PTR_i is required.
  psp_fld_l2_dfb_dc_xspec_coh_SCMelfhg_SCMflfhg_saturation_flags: For VAR_TYPE = 'data' or 'support_data', if no LABLAXIS, LABL_PTR_i is required.
  psp_fld_l2_dfb_dc_xspec_phase_SCMelfhg_SCMflfhg_saturation_flags: For VAR_TYPE = 'data' or 'support_data', if no LABLAXIS, LABL_PTR_i is required.
  psp_fld_l2_dfb_dc_xspec_crossterm_Real_SCMelfhg_SCMflfhg_saturation_flags: For VAR_TYPE = 'data' or 'support_data', if no LABLAXIS, LABL_PTR_i is required.
  psp_fld_l2_dfb_dc_xspec_crossterm_Imag_SCMelfhg_SCMflfhg_saturation_flags: For VAR_TYPE = 'data' or 'support_data', if no LABLAXIS, LABL_PTR_i is required.
PSP_FLD_L2_DFB_DC_XSPEC_SCMVLFHG_SCMWLFHG | IST.LABL_PTRMissing:
  psp_fld_l2_dfb_dc_xspec_power_ch1_SCMvlfhg_saturation_flags: For VAR_TYPE = 'data' or 'support_data', if no LABLAXIS, LABL_PTR_i is required.
  psp_fld_l2_dfb_dc_xspec_power_ch2_SCMwlfhg_saturation_flags: For VAR_TYPE = 'data' or 'support_data', if no LABLAXIS, LABL_PTR_i is required.
  psp_fld_l2_dfb_dc_xspec_coh_SCMvlfhg_SCMwlfhg_saturation_flags: For VAR_TYPE = 'data' or 'support_data', if no LABLAXIS, LABL_PTR_i is required.
  psp_fld_l2_dfb_dc_xspec_phase_SCMvlfhg_SCMwlfhg_saturation_flags: For VAR_TYPE = 'data' or 'support_data', if no LABLAXIS, LABL_PTR_i is required.
  psp_fld_l2_dfb_dc_xspec_crossterm_Real_SCMvlfhg_SCMwlfhg_saturation_flags: For VAR_TYPE = 'data' or 'support_data', if no LABLAXIS, LABL_PTR_i is required.
  psp_fld_l2_dfb_dc_xspec_crossterm_Imag_SCMvlfhg_SCMwlfhg_saturation_flags: For VAR_TYPE = 'data' or 'support_data', if no LABLAXIS, LABL_PTR_i is required.
PSP_FLD_L2_DFB_WF_VDC | IST.LABL_PTRMissing:
  psp_fld_l2_dfb_wf_V1dc_sample_rate: For VAR_TYPE = 'data' or 'support_data', if no LABLAXIS, LABL_PTR_i is required.
  psp_fld_l2_dfb_wf_V2dc_sample_rate: For VAR_TYPE = 'data' or 'support_data', if no LABLAXIS, LABL_PTR_i is required.
  psp_fld_l2_dfb_wf_V3dc_sample_rate: For VAR_TYPE = 'data' or 'support_data', if no LABLAXIS, LABL_PTR_i is required.
  psp_fld_l2_dfb_wf_V4dc_sample_rate: For VAR_TYPE = 'data' or 'support_data', if no LABLAXIS, LABL_PTR_i is required.
  psp_fld_l2_dfb_wf_V5dc_sample_rate: For VAR_TYPE = 'data' or 'support_data', if no LABLAXIS, LABL_PTR_i is required.
PSP_FLD_L3_DUST | IST.LABL_PTRMissing:
  psp_fld_l3_dust_V2_rate_epoch: For VAR_TYPE = 'data' or 'support_data', if no LABLAXIS, LABL_PTR_i is required.
  psp_fld_l3_dust_V2_event_epoch: For VAR_TYPE = 'data' or 'support_data', if no LABLAXIS, LABL_PTR_i is required.
  psp_fld_l3_dust_ej2000_pointing_epoch: For VAR_TYPE = 'data' or 'support_data', if no LABLAXIS, LABL_PTR_i is required.
PSP_FLD_L3_MERGED_SCAM_WF | IST.LABL_PTRMissing:
  psp_fld_l3_merged_scam_mag_sample_rate: For VAR_TYPE = 'data' or 'support_data', if no LABLAXIS, LABL_PTR_i is required.
  psp_fld_l3_merged_scam_mag_range: For VAR_TYPE = 'data' or 'support_data', if no LABLAXIS, LABL_PTR_i is required.
PSP_FLD_L3_SQTN_RFS_V1V2 | IST.LABL_PTRMissing:
  electron_density_delta: For VAR_TYPE = 'data' or 'support_data', if no LABLAXIS, LABL_PTR_i is required.
RBSP-A_HFR-SPECTRA-BURST_EMFISIS-L2 | IST.LABL_PTRMissing:
  MET: For VAR_TYPE = 'data' or 'support_data', if no LABLAXIS, LABL_PTR_i is required.
RBSP-A_HFR-SPECTRA-MERGED_EMFISIS-L2 | IST.LABL_PTRMissing:
  MET: For VAR_TYPE = 'data' or 'support_data', if no LABLAXIS, LABL_PTR_i is required.
RBSP-A_HFR-SPECTRA_EMFISIS-L2 | IST.LABL_PTRMissing:
  MET: For VAR_TYPE = 'data' or 'support_data', if no LABLAXIS, LABL_PTR_i is required.
RBSP-A_HFR-WAVEFORM_EMFISIS-L2 | IST.LABL_PTRMissing:
  HFRsamples_spec: For VAR_TYPE = 'data' or 'support_data', if no LABLAXIS, LABL_PTR_i is required.
  HFRsamples_times: For VAR_TYPE = 'data' or 'support_data', if no LABLAXIS, LABL_PTR_i is required.
  fftSize: For VAR_TYPE = 'data' or 'support_data', if no LABLAXIS, LABL_PTR_i is required.
  MET: For VAR_TYPE = 'data' or 'support_data', if no LABLAXIS, LABL_PTR_i is required.
RBSP-A_WFR-SPECTRAL-MATRIX-DIAGONAL-MERGED_EMFISIS-L2 | IST.LABL_PTRMissing:
  MET: For VAR_TYPE = 'data' or 'support_data', if no LABLAXIS, LABL_PTR_i is required.
RBSP-A_WFR-SPECTRAL-MATRIX-DIAGONAL_EMFISIS-L2 | IST.LABL_PTRMissing:
  MET: For VAR_TYPE = 'data' or 'support_data', if no LABLAXIS, LABL_PTR_i is required.
RBSP-A_WFR-SPECTRAL-MATRIX_EMFISIS-L2 | IST.LABL_PTRMissing:
  MET: For VAR_TYPE = 'data' or 'support_data', if no LABLAXIS, LABL_PTR_i is required.
RBSP-A_WFR-WAVEFORM-CONTINUOUS-BURST_EMFISIS-L2 | IST.LABL_PTRMissing:
  BuSamples: For VAR_TYPE = 'data' or 'support_data', if no LABLAXIS, LABL_PTR_i is required.
  BvSamples: For VAR_TYPE = 'data' or 'support_data', if no LABLAXIS, LABL_PTR_i is required.
  BwSamples: For VAR_TYPE = 'data' or 'support_data', if no LABLAXIS, LABL_PTR_i is required.
  EuSamples: For VAR_TYPE = 'data' or 'support_data', if no LABLAXIS, LABL_PTR_i is required.
  EvSamples: For VAR_TYPE = 'data' or 'support_data', if no LABLAXIS, LABL_PTR_i is required.
  EwSamples: For VAR_TYPE = 'data' or 'support_data', if no LABLAXIS, LABL_PTR_i is required.
  fftSize: For VAR_TYPE = 'data' or 'support_data', if no LABLAXIS, LABL_PTR_i is required.
  MET: For VAR_TYPE = 'data' or 'support_data', if no LABLAXIS, LABL_PTR_i is required.
  chorusQF: For VAR_TYPE = 'data' or 'support_data', if no LABLAXIS, LABL_PTR_i is required.
RBSP-A_WFR-WAVEFORM_EMFISIS-L2 | IST.LABL_PTRMissing:
  BuSamples: For VAR_TYPE = 'data' or 'support_data', if no LABLAXIS, LABL_PTR_i is required.
  BvSamples: For VAR_TYPE = 'data' or 'support_data', if no LABLAXIS, LABL_PTR_i is required.
  BwSamples: For VAR_TYPE = 'data' or 'support_data', if no LABLAXIS, LABL_PTR_i is required.
  EuSamples: For VAR_TYPE = 'data' or 'support_data', if no LABLAXIS, LABL_PTR_i is required.
  EvSamples: For VAR_TYPE = 'data' or 'support_data', if no LABLAXIS, LABL_PTR_i is required.
  EwSamples: For VAR_TYPE = 'data' or 'support_data', if no LABLAXIS, LABL_PTR_i is required.
  fftSize: For VAR_TYPE = 'data' or 'support_data', if no LABLAXIS, LABL_PTR_i is required.
  MET: For VAR_TYPE = 'data' or 'support_data', if no LABLAXIS, LABL_PTR_i is required.
  chorusQF: For VAR_TYPE = 'data' or 'support_data', if no LABLAXIS, LABL_PTR_i is required.
RBSP-A_WNA-SURVEY_EMFISIS-L4 | IST.LABL_PTRMissing:
  WFR_frequencies: For VAR_TYPE = 'data' or 'support_data', if no LABLAXIS, LABL_PTR_i is required.
  WFR_frequencies_vary: For VAR_TYPE = 'data' or 'support_data', if no LABLAXIS, LABL_PTR_i is required.
RBSP-B_HFR-SPECTRA-BURST_EMFISIS-L2 | IST.LABL_PTRMissing:
  MET: For VAR_TYPE = 'data' or 'support_data', if no LABLAXIS, LABL_PTR_i is required.
RBSP-B_HFR-SPECTRA-MERGED_EMFISIS-L2 | IST.LABL_PTRMissing:
  MET: For VAR_TYPE = 'data' or 'support_data', if no LABLAXIS, LABL_PTR_i is required.
RBSP-B_HFR-SPECTRA_EMFISIS-L2 | IST.LABL_PTRMissing:
  MET: For VAR_TYPE = 'data' or 'support_data', if no LABLAXIS, LABL_PTR_i is required.
RBSP-B_HFR-WAVEFORM_EMFISIS-L2 | IST.LABL_PTRMissing:
  HFRsamples_spec: For VAR_TYPE = 'data' or 'support_data', if no LABLAXIS, LABL_PTR_i is required.
  HFRsamples_times: For VAR_TYPE = 'data' or 'support_data', if no LABLAXIS, LABL_PTR_i is required.
  fftSize: For VAR_TYPE = 'data' or 'support_data', if no LABLAXIS, LABL_PTR_i is required.
  MET: For VAR_TYPE = 'data' or 'support_data', if no LABLAXIS, LABL_PTR_i is required.
RBSP-B_WFR-SPECTRAL-MATRIX-DIAGONAL-MERGED_EMFISIS-L2 | IST.LABL_PTRMissing:
  MET: For VAR_TYPE = 'data' or 'support_data', if no LABLAXIS, LABL_PTR_i is required.
RBSP-B_WFR-SPECTRAL-MATRIX-DIAGONAL_EMFISIS-L2 | IST.LABL_PTRMissing:
  MET: For VAR_TYPE = 'data' or 'support_data', if no LABLAXIS, LABL_PTR_i is required.
RBSP-B_WFR-SPECTRAL-MATRIX_EMFISIS-L2 | IST.LABL_PTRMissing:
  MET: For VAR_TYPE = 'data' or 'support_data', if no LABLAXIS, LABL_PTR_i is required.
RBSP-B_WFR-WAVEFORM-CONTINUOUS-BURST_EMFISIS-L2 | IST.LABL_PTRMissing:
  BuSamples: For VAR_TYPE = 'data' or 'support_data', if no LABLAXIS, LABL_PTR_i is required.
  BvSamples: For VAR_TYPE = 'data' or 'support_data', if no LABLAXIS, LABL_PTR_i is required.
  BwSamples: For VAR_TYPE = 'data' or 'support_data', if no LABLAXIS, LABL_PTR_i is required.
  EuSamples: For VAR_TYPE = 'data' or 'support_data', if no LABLAXIS, LABL_PTR_i is required.
  EvSamples: For VAR_TYPE = 'data' or 'support_data', if no LABLAXIS, LABL_PTR_i is required.
  EwSamples: For VAR_TYPE = 'data' or 'support_data', if no LABLAXIS, LABL_PTR_i is required.
  fftSize: For VAR_TYPE = 'data' or 'support_data', if no LABLAXIS, LABL_PTR_i is required.
  MET: For VAR_TYPE = 'data' or 'support_data', if no LABLAXIS, LABL_PTR_i is required.
  chorusQF: For VAR_TYPE = 'data' or 'support_data', if no LABLAXIS, LABL_PTR_i is required.
RBSP-B_WFR-WAVEFORM_EMFISIS-L2 | IST.LABL_PTRMissing:
  BuSamples: For VAR_TYPE = 'data' or 'support_data', if no LABLAXIS, LABL_PTR_i is required.
  BvSamples: For VAR_TYPE = 'data' or 'support_data', if no LABLAXIS, LABL_PTR_i is required.
  BwSamples: For VAR_TYPE = 'data' or 'support_data', if no LABLAXIS, LABL_PTR_i is required.
  EuSamples: For VAR_TYPE = 'data' or 'support_data', if no LABLAXIS, LABL_PTR_i is required.
  EvSamples: For VAR_TYPE = 'data' or 'support_data', if no LABLAXIS, LABL_PTR_i is required.
  EwSamples: For VAR_TYPE = 'data' or 'support_data', if no LABLAXIS, LABL_PTR_i is required.
  fftSize: For VAR_TYPE = 'data' or 'support_data', if no LABLAXIS, LABL_PTR_i is required.
  MET: For VAR_TYPE = 'data' or 'support_data', if no LABLAXIS, LABL_PTR_i is required.
  chorusQF: For VAR_TYPE = 'data' or 'support_data', if no LABLAXIS, LABL_PTR_i is required.
RBSP-B_WNA-SURVEY_EMFISIS-L4 | IST.LABL_PTRMissing:
  WFR_frequencies: For VAR_TYPE = 'data' or 'support_data', if no LABLAXIS, LABL_PTR_i is required.
  WFR_frequencies_vary: For VAR_TYPE = 'data' or 'support_data', if no LABLAXIS, LABL_PTR_i is required.
RBSPA_EFW-L2_E-HIRES-UVW | IST.LABL_PTRMissing:
  epoch: For VAR_TYPE = 'data' or 'support_data', if no LABLAXIS, LABL_PTR_i is required.
  epoch_qual: For VAR_TYPE = 'data' or 'support_data', if no LABLAXIS, LABL_PTR_i is required.
RBSPA_EFW-L2_E-SPINFIT-MGSE | IST.LABL_PTRMissing:
  epoch: For VAR_TYPE = 'data' or 'support_data', if no LABLAXIS, LABL_PTR_i is required.
  epoch_qual: For VAR_TYPE = 'data' or 'support_data', if no LABLAXIS, LABL_PTR_i is required.
  epoch_v: For VAR_TYPE = 'data' or 'support_data', if no LABLAXIS, LABL_PTR_i is required.
  epoch_e: For VAR_TYPE = 'data' or 'support_data', if no LABLAXIS, LABL_PTR_i is required.
RBSPA_EFW-L2_ESVY_DESPUN | IST.LABL_PTRMissing:
  epoch: For VAR_TYPE = 'data' or 'support_data', if no LABLAXIS, LABL_PTR_i is required.
  epoch_e: For VAR_TYPE = 'data' or 'support_data', if no LABLAXIS, LABL_PTR_i is required.
  epoch_v: For VAR_TYPE = 'data' or 'support_data', if no LABLAXIS, LABL_PTR_i is required.
  epoch_qual: For VAR_TYPE = 'data' or 'support_data', if no LABLAXIS, LABL_PTR_i is required.
  epoch_hsk: For VAR_TYPE = 'data' or 'support_data', if no LABLAXIS, LABL_PTR_i is required.
RBSPA_EFW-L2_VSVY-HIRES | IST.LABL_PTRMissing:
  epoch: For VAR_TYPE = 'data' or 'support_data', if no LABLAXIS, LABL_PTR_i is required.
  epoch_v: For VAR_TYPE = 'data' or 'support_data', if no LABLAXIS, LABL_PTR_i is required.
RBSPA_EFW-L3 | IST.LABL_PTRMissing:
  epoch: For VAR_TYPE = 'data' or 'support_data', if no LABLAXIS, LABL_PTR_i is required.
RBSPA_REL03_ECT-MAGEIS-L2 | IST.LABL_PTRMissing:
  Epoch: For VAR_TYPE = 'data' or 'support_data', if no LABLAXIS, LABL_PTR_i is required.
  Epoch_prot: For VAR_TYPE = 'data' or 'support_data', if no LABLAXIS, LABL_PTR_i is required.
RBSPA_REL03_ECT-REPT-SCI-L2 | IST.LABL_PTRMissing:
  Epoch: For VAR_TYPE = 'data' or 'support_data', if no LABLAXIS, LABL_PTR_i is required.
RBSPA_REL03_ECT-REPT-SCI-L3 | IST.LABL_PTRMissing:
  Epoch: For VAR_TYPE = 'data' or 'support_data', if no LABLAXIS, LABL_PTR_i is required.
  Epoch_prot: For VAR_TYPE = 'data' or 'support_data', if no LABLAXIS, LABL_PTR_i is required.
  FEDU_Alpha_DELTA: For VAR_TYPE = 'data' or 'support_data', if no LABLAXIS, LABL_PTR_i is required.
  FEDU_PA_LABL: For VAR_TYPE = 'data' or 'support_data', if no LABLAXIS, LABL_PTR_i is required.
  FEDU_PA_0TO180_LABL: For VAR_TYPE = 'data' or 'support_data', if no LABLAXIS, LABL_PTR_i is required.
  FEDU_PA_180TO360_LABL: For VAR_TYPE = 'data' or 'support_data', if no LABLAXIS, LABL_PTR_i is required.
  FPDU_PA_LABL: For VAR_TYPE = 'data' or 'support_data', if no LABLAXIS, LABL_PTR_i is required.
  FPDU_PA_0TO180_LABL: For VAR_TYPE = 'data' or 'support_data', if no LABLAXIS, LABL_PTR_i is required.
  FPDU_PA_180TO360_LABL: For VAR_TYPE = 'data' or 'support_data', if no LABLAXIS, LABL_PTR_i is required.
  FPDU_180to360: For VAR_TYPE = 'data' or 'support_data', if no LABLAXIS, LABL_PTR_i is required.
RBSPA_REL04_ECT-HOPE-MOM-L3 | IST.LABL_PTRMissing:
  Epoch_Ion: For VAR_TYPE = 'data' or 'support_data', if no LABLAXIS, LABL_PTR_i is required.
  Epoch_Ele: For VAR_TYPE = 'data' or 'support_data', if no LABLAXIS, LABL_PTR_i is required.
RBSPA_REL04_ECT-HOPE-PA-L3 | IST.LABL_PTRMissing:
  Epoch_Ele: For VAR_TYPE = 'data' or 'support_data', if no LABLAXIS, LABL_PTR_i is required.
  Epoch_Ion: For VAR_TYPE = 'data' or 'support_data', if no LABLAXIS, LABL_PTR_i is required.
RBSPA_REL04_ECT-HOPE-SCI-L2 | IST.LABL_PTRMissing:
  Epoch: For VAR_TYPE = 'data' or 'support_data', if no LABLAXIS, LABL_PTR_i is required.
  Acquisition_Period: For VAR_TYPE = 'data' or 'support_data', if no LABLAXIS, LABL_PTR_i is required.
  Plan: For VAR_TYPE = 'data' or 'support_data', if no LABLAXIS, LABL_PTR_i is required.
  Plan_Step: For VAR_TYPE = 'data' or 'support_data', if no LABLAXIS, LABL_PTR_i is required.
  ESA_Polarity: For VAR_TYPE = 'data' or 'support_data', if no LABLAXIS, LABL_PTR_i is required.
  ESA_Sweep: For VAR_TYPE = 'data' or 'support_data', if no LABLAXIS, LABL_PTR_i is required.
RBSPA_REL04_ECT-HOPE-SCI-L2SA | IST.LABL_PTRMissing:
  Epoch: For VAR_TYPE = 'data' or 'support_data', if no LABLAXIS, LABL_PTR_i is required.
  Acquisition_Period: For VAR_TYPE = 'data' or 'support_data', if no LABLAXIS, LABL_PTR_i is required.
  Plan: For VAR_TYPE = 'data' or 'support_data', if no LABLAXIS, LABL_PTR_i is required.
  Plan_Step: For VAR_TYPE = 'data' or 'support_data', if no LABLAXIS, LABL_PTR_i is required.
  ESA_Polarity: For VAR_TYPE = 'data' or 'support_data', if no LABLAXIS, LABL_PTR_i is required.
  ESA_Sweep: For VAR_TYPE = 'data' or 'support_data', if no LABLAXIS, LABL_PTR_i is required.
RBSPA_REL04_ECT-MAGEIS-L3 | IST.LABL_PTRMissing:
  Epoch: For VAR_TYPE = 'data' or 'support_data', if no LABLAXIS, LABL_PTR_i is required.
  FEDU_ENERGY_LABL: For VAR_TYPE = 'data' or 'support_data', if no LABLAXIS, LABL_PTR_i is required.
  FEDU_PA_LABL: For VAR_TYPE = 'data' or 'support_data', if no LABLAXIS, LABL_PTR_i is required.
  FPDU_Epoch: For VAR_TYPE = 'data' or 'support_data', if no LABLAXIS, LABL_PTR_i is required.
  FPDU_ENERGY_LABL: For VAR_TYPE = 'data' or 'support_data', if no LABLAXIS, LABL_PTR_i is required.
  FPDU_PA_LABL: For VAR_TYPE = 'data' or 'support_data', if no LABLAXIS, LABL_PTR_i is required.
  FPDU_pix1_ENERGY_LABL: For VAR_TYPE = 'data' or 'support_data', if no LABLAXIS, LABL_PTR_i is required.
  FPDU_pix2_ENERGY_LABL: For VAR_TYPE = 'data' or 'support_data', if no LABLAXIS, LABL_PTR_i is required.
  Position: For VAR_TYPE = 'data' or 'support_data', if no LABLAXIS, LABL_PTR_i is required.
  Position_TT: For VAR_TYPE = 'data' or 'support_data', if no LABLAXIS, LABL_PTR_i is required.
RBSPB_EFW-L2_E-HIRES-UVW | IST.LABL_PTRMissing:
  epoch: For VAR_TYPE = 'data' or 'support_data', if no LABLAXIS, LABL_PTR_i is required.
  epoch_qual: For VAR_TYPE = 'data' or 'support_data', if no LABLAXIS, LABL_PTR_i is required.
RBSPB_EFW-L2_E-SPINFIT-MGSE | IST.LABL_PTRMissing:
  epoch: For VAR_TYPE = 'data' or 'support_data', if no LABLAXIS, LABL_PTR_i is required.
  epoch_qual: For VAR_TYPE = 'data' or 'support_data', if no LABLAXIS, LABL_PTR_i is required.
  epoch_v: For VAR_TYPE = 'data' or 'support_data', if no LABLAXIS, LABL_PTR_i is required.
  epoch_e: For VAR_TYPE = 'data' or 'support_data', if no LABLAXIS, LABL_PTR_i is required.
RBSPB_EFW-L2_ESVY_DESPUN | IST.LABL_PTRMissing:
  epoch: For VAR_TYPE = 'data' or 'support_data', if no LABLAXIS, LABL_PTR_i is required.
  epoch_e: For VAR_TYPE = 'data' or 'support_data', if no LABLAXIS, LABL_PTR_i is required.
  epoch_v: For VAR_TYPE = 'data' or 'support_data', if no LABLAXIS, LABL_PTR_i is required.
  epoch_qual: For VAR_TYPE = 'data' or 'support_data', if no LABLAXIS, LABL_PTR_i is required.
  epoch_hsk: For VAR_TYPE = 'data' or 'support_data', if no LABLAXIS, LABL_PTR_i is required.
RBSPB_EFW-L2_VSVY-HIRES | IST.LABL_PTRMissing:
  epoch: For VAR_TYPE = 'data' or 'support_data', if no LABLAXIS, LABL_PTR_i is required.
  epoch_v: For VAR_TYPE = 'data' or 'support_data', if no LABLAXIS, LABL_PTR_i is required.
RBSPB_EFW-L3 | IST.LABL_PTRMissing:
  epoch: For VAR_TYPE = 'data' or 'support_data', if no LABLAXIS, LABL_PTR_i is required.
RBSPB_REL03_ECT-MAGEIS-L2 | IST.LABL_PTRMissing:
  Epoch: For VAR_TYPE = 'data' or 'support_data', if no LABLAXIS, LABL_PTR_i is required.
  Epoch_prot: For VAR_TYPE = 'data' or 'support_data', if no LABLAXIS, LABL_PTR_i is required.
RBSPB_REL03_ECT-REPT-SCI-L2 | IST.LABL_PTRMissing:
  Epoch: For VAR_TYPE = 'data' or 'support_data', if no LABLAXIS, LABL_PTR_i is required.
RBSPB_REL03_ECT-REPT-SCI-L3 | IST.LABL_PTRMissing:
  Epoch: For VAR_TYPE = 'data' or 'support_data', if no LABLAXIS, LABL_PTR_i is required.
  Epoch_prot: For VAR_TYPE = 'data' or 'support_data', if no LABLAXIS, LABL_PTR_i is required.
  FEDU_Alpha_DELTA: For VAR_TYPE = 'data' or 'support_data', if no LABLAXIS, LABL_PTR_i is required.
  FEDU_PA_LABL: For VAR_TYPE = 'data' or 'support_data', if no LABLAXIS, LABL_PTR_i is required.
  FEDU_PA_0TO180_LABL: For VAR_TYPE = 'data' or 'support_data', if no LABLAXIS, LABL_PTR_i is required.
  FEDU_PA_180TO360_LABL: For VAR_TYPE = 'data' or 'support_data', if no LABLAXIS, LABL_PTR_i is required.
  FPDU_PA_LABL: For VAR_TYPE = 'data' or 'support_data', if no LABLAXIS, LABL_PTR_i is required.
  FPDU_PA_0TO180_LABL: For VAR_TYPE = 'data' or 'support_data', if no LABLAXIS, LABL_PTR_i is required.
  FPDU_PA_180TO360_LABL: For VAR_TYPE = 'data' or 'support_data', if no LABLAXIS, LABL_PTR_i is required.
  FPDU_180to360: For VAR_TYPE = 'data' or 'support_data', if no LABLAXIS, LABL_PTR_i is required.
RBSPB_REL04_ECT-HOPE-MOM-L3 | IST.LABL_PTRMissing:
  Epoch_Ion: For VAR_TYPE = 'data' or 'support_data', if no LABLAXIS, LABL_PTR_i is required.
  Epoch_Ele: For VAR_TYPE = 'data' or 'support_data', if no LABLAXIS, LABL_PTR_i is required.
RBSPB_REL04_ECT-HOPE-PA-L3 | IST.LABL_PTRMissing:
  Epoch_Ele: For VAR_TYPE = 'data' or 'support_data', if no LABLAXIS, LABL_PTR_i is required.
  Epoch_Ion: For VAR_TYPE = 'data' or 'support_data', if no LABLAXIS, LABL_PTR_i is required.
RBSPB_REL04_ECT-HOPE-SCI-L2 | IST.LABL_PTRMissing:
  Epoch: For VAR_TYPE = 'data' or 'support_data', if no LABLAXIS, LABL_PTR_i is required.
  Acquisition_Period: For VAR_TYPE = 'data' or 'support_data', if no LABLAXIS, LABL_PTR_i is required.
  Plan: For VAR_TYPE = 'data' or 'support_data', if no LABLAXIS, LABL_PTR_i is required.
  Plan_Step: For VAR_TYPE = 'data' or 'support_data', if no LABLAXIS, LABL_PTR_i is required.
  ESA_Polarity: For VAR_TYPE = 'data' or 'support_data', if no LABLAXIS, LABL_PTR_i is required.
  ESA_Sweep: For VAR_TYPE = 'data' or 'support_data', if no LABLAXIS, LABL_PTR_i is required.
RBSPB_REL04_ECT-HOPE-SCI-L2SA | IST.LABL_PTRMissing:
  Epoch: For VAR_TYPE = 'data' or 'support_data', if no LABLAXIS, LABL_PTR_i is required.
  Acquisition_Period: For VAR_TYPE = 'data' or 'support_data', if no LABLAXIS, LABL_PTR_i is required.
  Plan: For VAR_TYPE = 'data' or 'support_data', if no LABLAXIS, LABL_PTR_i is required.
  Plan_Step: For VAR_TYPE = 'data' or 'support_data', if no LABLAXIS, LABL_PTR_i is required.
  ESA_Polarity: For VAR_TYPE = 'data' or 'support_data', if no LABLAXIS, LABL_PTR_i is required.
  ESA_Sweep: For VAR_TYPE = 'data' or 'support_data', if no LABLAXIS, LABL_PTR_i is required.
RBSPB_REL04_ECT-MAGEIS-L3 | IST.LABL_PTRMissing:
  Epoch: For VAR_TYPE = 'data' or 'support_data', if no LABLAXIS, LABL_PTR_i is required.
  FEDU_ENERGY_LABL: For VAR_TYPE = 'data' or 'support_data', if no LABLAXIS, LABL_PTR_i is required.
  FEDU_PA_LABL: For VAR_TYPE = 'data' or 'support_data', if no LABLAXIS, LABL_PTR_i is required.
  FPDU_Epoch: For VAR_TYPE = 'data' or 'support_data', if no LABLAXIS, LABL_PTR_i is required.
  FPDU_ENERGY_LABL: For VAR_TYPE = 'data' or 'support_data', if no LABLAXIS, LABL_PTR_i is required.
  FPDU_PA_LABL: For VAR_TYPE = 'data' or 'support_data', if no LABLAXIS, LABL_PTR_i is required.
  FPDU_pix1_ENERGY_LABL: For VAR_TYPE = 'data' or 'support_data', if no LABLAXIS, LABL_PTR_i is required.
  FPDU_pix2_ENERGY_LABL: For VAR_TYPE = 'data' or 'support_data', if no LABLAXIS, LABL_PTR_i is required.
  Position: For VAR_TYPE = 'data' or 'support_data', if no LABLAXIS, LABL_PTR_i is required.
  Position_TT: For VAR_TYPE = 'data' or 'support_data', if no LABLAXIS, LABL_PTR_i is required.
RBSP_ECT-REPT-SCI-L3-SELESNICK-MODEL | IST.LABL_PTRMissing:
  Epoch: For VAR_TYPE = 'data' or 'support_data', if no LABLAXIS, LABL_PTR_i is required.
  Ne_index: For VAR_TYPE = 'data' or 'support_data', if no LABLAXIS, LABL_PTR_i is required.
  Na_index: For VAR_TYPE = 'data' or 'support_data', if no LABLAXIS, LABL_PTR_i is required.
  NL_index: For VAR_TYPE = 'data' or 'support_data', if no LABLAXIS, LABL_PTR_i is required.
SOHO_ERNE_HEAVY-ION-1HR | IST.LABL_PTRMissing:
  second_1958: For VAR_TYPE = 'data' or 'support_data', if no LABLAXIS, LABL_PTR_i is required.
SOHO_ERNE_HEAVY-ION-5MIN | IST.LABL_PTRMissing:
  second_1958: For VAR_TYPE = 'data' or 'support_data', if no LABLAXIS, LABL_PTR_i is required.
SOLO_L2_EPD-STEP-MAIN | IST.LABL_PTRMissing:
  Electron_01_Flux_Mult: For VAR_TYPE = 'data' or 'support_data', if no LABLAXIS, LABL_PTR_i is required.
  Electron_02_Flux_Mult: For VAR_TYPE = 'data' or 'support_data', if no LABLAXIS, LABL_PTR_i is required.
  Electron_03_Flux_Mult: For VAR_TYPE = 'data' or 'support_data', if no LABLAXIS, LABL_PTR_i is required.
  Electron_04_Flux_Mult: For VAR_TYPE = 'data' or 'support_data', if no LABLAXIS, LABL_PTR_i is required.
  Electron_05_Flux_Mult: For VAR_TYPE = 'data' or 'support_data', if no LABLAXIS, LABL_PTR_i is required.
  Electron_06_Flux_Mult: For VAR_TYPE = 'data' or 'support_data', if no LABLAXIS, LABL_PTR_i is required.
  Electron_07_Flux_Mult: For VAR_TYPE = 'data' or 'support_data', if no LABLAXIS, LABL_PTR_i is required.
  Electron_08_Flux_Mult: For VAR_TYPE = 'data' or 'support_data', if no LABLAXIS, LABL_PTR_i is required.
  Electron_09_Flux_Mult: For VAR_TYPE = 'data' or 'support_data', if no LABLAXIS, LABL_PTR_i is required.
  Electron_10_Flux_Mult: For VAR_TYPE = 'data' or 'support_data', if no LABLAXIS, LABL_PTR_i is required.
  Electron_11_Flux_Mult: For VAR_TYPE = 'data' or 'support_data', if no LABLAXIS, LABL_PTR_i is required.
  Electron_12_Flux_Mult: For VAR_TYPE = 'data' or 'support_data', if no LABLAXIS, LABL_PTR_i is required.
  Electron_13_Flux_Mult: For VAR_TYPE = 'data' or 'support_data', if no LABLAXIS, LABL_PTR_i is required.
  Electron_14_Flux_Mult: For VAR_TYPE = 'data' or 'support_data', if no LABLAXIS, LABL_PTR_i is required.
  Electron_15_Flux_Mult: For VAR_TYPE = 'data' or 'support_data', if no LABLAXIS, LABL_PTR_i is required.
  Electron_Avg_Flux_Mult: For VAR_TYPE = 'data' or 'support_data', if no LABLAXIS, LABL_PTR_i is required.
SOLO_L2_MAG-RTN-BURST | IST.LABL_PTRMissing:
  REP1_B_RTN: For VAR_TYPE = 'data' or 'support_data', if no LABLAXIS, LABL_PTR_i is required.
SOLO_L2_MAG-RTN-LL | IST.LABL_PTRMissing:
  REP1_B_RTN: For VAR_TYPE = 'data' or 'support_data', if no LABLAXIS, LABL_PTR_i is required.
SOLO_L2_MAG-RTN-LL-1-MINUTE | IST.LABL_PTRMissing:
  REP1_B_RTN: For VAR_TYPE = 'data' or 'support_data', if no LABLAXIS, LABL_PTR_i is required.
SOLO_L2_MAG-RTN-NORMAL | IST.LABL_PTRMissing:
  REP1_B_RTN: For VAR_TYPE = 'data' or 'support_data', if no LABLAXIS, LABL_PTR_i is required.
SOLO_L2_MAG-RTN-NORMAL-1-MINUTE | IST.LABL_PTRMissing:
  REP1_B_RTN: For VAR_TYPE = 'data' or 'support_data', if no LABLAXIS, LABL_PTR_i is required.
SOLO_L2_MAG-VSO-BURST | IST.LABL_PTRMissing:
  REP1_B_VSO: For VAR_TYPE = 'data' or 'support_data', if no LABLAXIS, LABL_PTR_i is required.
SOLO_L2_MAG-VSO-NORMAL | IST.LABL_PTRMissing:
  REP1_B_VSO: For VAR_TYPE = 'data' or 'support_data', if no LABLAXIS, LABL_PTR_i is required.
SOLO_L2_MAG-VSO-NORMAL-1-MINUTE | IST.LABL_PTRMissing:
  REP1_B_VSO: For VAR_TYPE = 'data' or 'support_data', if no LABLAXIS, LABL_PTR_i is required.
SOLO_L2_RPW-TDS-SURV-HIST1D | IST.LABL_PTRMissing:
  HIST1D_COUNTS: For VAR_TYPE = 'data' or 'support_data', if no LABLAXIS, LABL_PTR_i is required.
SOLO_L2_SWA-EAS-PAD-DEF | IST.LABL_PTRMissing:
  SWA_EAS_ELEVATION_delta_upper: For VAR_TYPE = 'data' or 'support_data', if no LABLAXIS, LABL_PTR_i is required.
  SWA_EAS_ELEVATION_delta_lower: For VAR_TYPE = 'data' or 'support_data', if no LABLAXIS, LABL_PTR_i is required.
  SWA_EAS_AZIMUTH_delta_upper: For VAR_TYPE = 'data' or 'support_data', if no LABLAXIS, LABL_PTR_i is required.
  SWA_EAS_AZIMUTH_delta_lower: For VAR_TYPE = 'data' or 'support_data', if no LABLAXIS, LABL_PTR_i is required.
  SWA_EAS_ENERGY_delta_upper: For VAR_TYPE = 'data' or 'support_data', if no LABLAXIS, LABL_PTR_i is required.
  SWA_EAS_ENERGY_delta_lower: For VAR_TYPE = 'data' or 'support_data', if no LABLAXIS, LABL_PTR_i is required.
  EAS_TO_SRF: For VAR_TYPE = 'data' or 'support_data', if no LABLAXIS, LABL_PTR_i is required.
SOLO_L2_SWA-EAS-PAD-DNF | IST.LABL_PTRMissing:
  SWA_EAS_ELEVATION_delta_upper: For VAR_TYPE = 'data' or 'support_data', if no LABLAXIS, LABL_PTR_i is required.
  SWA_EAS_ELEVATION_delta_lower: For VAR_TYPE = 'data' or 'support_data', if no LABLAXIS, LABL_PTR_i is required.
  SWA_EAS_AZIMUTH_delta_upper: For VAR_TYPE = 'data' or 'support_data', if no LABLAXIS, LABL_PTR_i is required.
  SWA_EAS_AZIMUTH_delta_lower: For VAR_TYPE = 'data' or 'support_data', if no LABLAXIS, LABL_PTR_i is required.
  SWA_EAS_ENERGY_delta_upper: For VAR_TYPE = 'data' or 'support_data', if no LABLAXIS, LABL_PTR_i is required.
  SWA_EAS_ENERGY_delta_lower: For VAR_TYPE = 'data' or 'support_data', if no LABLAXIS, LABL_PTR_i is required.
  EAS_TO_SRF: For VAR_TYPE = 'data' or 'support_data', if no LABLAXIS, LABL_PTR_i is required.
SOLO_L2_SWA-EAS-PAD-PSD | IST.LABL_PTRMissing:
  SWA_EAS_ELEVATION_delta_upper: For VAR_TYPE = 'data' or 'support_data', if no LABLAXIS, LABL_PTR_i is required.
  SWA_EAS_ELEVATION_delta_lower: For VAR_TYPE = 'data' or 'support_data', if no LABLAXIS, LABL_PTR_i is required.
  SWA_EAS_AZIMUTH_delta_upper: For VAR_TYPE = 'data' or 'support_data', if no LABLAXIS, LABL_PTR_i is required.
  SWA_EAS_AZIMUTH_delta_lower: For VAR_TYPE = 'data' or 'support_data', if no LABLAXIS, LABL_PTR_i is required.
  SWA_EAS_ENERGY_delta_upper: For VAR_TYPE = 'data' or 'support_data', if no LABLAXIS, LABL_PTR_i is required.
  SWA_EAS_ENERGY_delta_lower: For VAR_TYPE = 'data' or 'support_data', if no LABLAXIS, LABL_PTR_i is required.
  EAS_TO_SRF: For VAR_TYPE = 'data' or 'support_data', if no LABLAXIS, LABL_PTR_i is required.
SOLO_L2_SWA-EAS1-NM3D-DEF | IST.LABL_PTRMissing:
  EAS1_TO_RTN: For VAR_TYPE = 'data' or 'support_data', if no LABLAXIS, LABL_PTR_i is required.
SOLO_L2_SWA-EAS1-NM3D-DNF | IST.LABL_PTRMissing:
  EAS1_TO_RTN: For VAR_TYPE = 'data' or 'support_data', if no LABLAXIS, LABL_PTR_i is required.
SOLO_L2_SWA-EAS1-NM3D-PSD | IST.LABL_PTRMissing:
  EAS1_TO_RTN: For VAR_TYPE = 'data' or 'support_data', if no LABLAXIS, LABL_PTR_i is required.
SOLO_L2_SWA-EAS1-SS-DEF | IST.LABL_PTRMissing:
  SWA_EAS_ELEVATION_delta_upper: For VAR_TYPE = 'data' or 'support_data', if no LABLAXIS, LABL_PTR_i is required.
  SWA_EAS_ELEVATION_delta_lower: For VAR_TYPE = 'data' or 'support_data', if no LABLAXIS, LABL_PTR_i is required.
  SWA_EAS_AZIMUTH_delta_upper: For VAR_TYPE = 'data' or 'support_data', if no LABLAXIS, LABL_PTR_i is required.
  SWA_EAS_AZIMUTH_delta_lower: For VAR_TYPE = 'data' or 'support_data', if no LABLAXIS, LABL_PTR_i is required.
  EAS1_TO_SRF: For VAR_TYPE = 'data' or 'support_data', if no LABLAXIS, LABL_PTR_i is required.
  EAS1_TO_RTN: For VAR_TYPE = 'data' or 'support_data', if no LABLAXIS, LABL_PTR_i is required.
SOLO_L2_SWA-EAS1-SS-DNF | IST.LABL_PTRMissing:
  SWA_EAS_ELEVATION_delta_upper: For VAR_TYPE = 'data' or 'support_data', if no LABLAXIS, LABL_PTR_i is required.
  SWA_EAS_ELEVATION_delta_lower: For VAR_TYPE = 'data' or 'support_data', if no LABLAXIS, LABL_PTR_i is required.
  SWA_EAS_AZIMUTH_delta_upper: For VAR_TYPE = 'data' or 'support_data', if no LABLAXIS, LABL_PTR_i is required.
  SWA_EAS_AZIMUTH_delta_lower: For VAR_TYPE = 'data' or 'support_data', if no LABLAXIS, LABL_PTR_i is required.
  EAS1_TO_SRF: For VAR_TYPE = 'data' or 'support_data', if no LABLAXIS, LABL_PTR_i is required.
  EAS1_TO_RTN: For VAR_TYPE = 'data' or 'support_data', if no LABLAXIS, LABL_PTR_i is required.
SOLO_L2_SWA-EAS1-SS-PSD | IST.LABL_PTRMissing:
  SWA_EAS_ELEVATION_delta_upper: For VAR_TYPE = 'data' or 'support_data', if no LABLAXIS, LABL_PTR_i is required.
  SWA_EAS_ELEVATION_delta_lower: For VAR_TYPE = 'data' or 'support_data', if no LABLAXIS, LABL_PTR_i is required.
  SWA_EAS_AZIMUTH_delta_upper: For VAR_TYPE = 'data' or 'support_data', if no LABLAXIS, LABL_PTR_i is required.
  SWA_EAS_AZIMUTH_delta_lower: For VAR_TYPE = 'data' or 'support_data', if no LABLAXIS, LABL_PTR_i is required.
  EAS1_TO_SRF: For VAR_TYPE = 'data' or 'support_data', if no LABLAXIS, LABL_PTR_i is required.
  EAS1_TO_RTN: For VAR_TYPE = 'data' or 'support_data', if no LABLAXIS, LABL_PTR_i is required.
SOLO_L2_SWA-EAS2-NM3D-DEF | IST.LABL_PTRMissing:
  EAS2_TO_RTN: For VAR_TYPE = 'data' or 'support_data', if no LABLAXIS, LABL_PTR_i is required.
SOLO_L2_SWA-EAS2-NM3D-DNF | IST.LABL_PTRMissing:
  EAS2_TO_RTN: For VAR_TYPE = 'data' or 'support_data', if no LABLAXIS, LABL_PTR_i is required.
SOLO_L2_SWA-EAS2-NM3D-PSD | IST.LABL_PTRMissing:
  EAS2_TO_RTN: For VAR_TYPE = 'data' or 'support_data', if no LABLAXIS, LABL_PTR_i is required.
SOLO_L2_SWA-EAS2-SS-DEF | IST.LABL_PTRMissing:
  SWA_EAS_ELEVATION_delta_upper: For VAR_TYPE = 'data' or 'support_data', if no LABLAXIS, LABL_PTR_i is required.
  SWA_EAS_ELEVATION_delta_lower: For VAR_TYPE = 'data' or 'support_data', if no LABLAXIS, LABL_PTR_i is required.
  SWA_EAS_AZIMUTH_delta_upper: For VAR_TYPE = 'data' or 'support_data', if no LABLAXIS, LABL_PTR_i is required.
  SWA_EAS_AZIMUTH_delta_lower: For VAR_TYPE = 'data' or 'support_data', if no LABLAXIS, LABL_PTR_i is required.
  EAS2_TO_SRF: For VAR_TYPE = 'data' or 'support_data', if no LABLAXIS, LABL_PTR_i is required.
  EAS2_TO_RTN: For VAR_TYPE = 'data' or 'support_data', if no LABLAXIS, LABL_PTR_i is required.
SOLO_L2_SWA-EAS2-SS-DNF | IST.LABL_PTRMissing:
  SWA_EAS_ELEVATION_delta_upper: For VAR_TYPE = 'data' or 'support_data', if no LABLAXIS, LABL_PTR_i is required.
  SWA_EAS_ELEVATION_delta_lower: For VAR_TYPE = 'data' or 'support_data', if no LABLAXIS, LABL_PTR_i is required.
  SWA_EAS_AZIMUTH_delta_upper: For VAR_TYPE = 'data' or 'support_data', if no LABLAXIS, LABL_PTR_i is required.
  SWA_EAS_AZIMUTH_delta_lower: For VAR_TYPE = 'data' or 'support_data', if no LABLAXIS, LABL_PTR_i is required.
  EAS2_TO_SRF: For VAR_TYPE = 'data' or 'support_data', if no LABLAXIS, LABL_PTR_i is required.
  EAS2_TO_RTN: For VAR_TYPE = 'data' or 'support_data', if no LABLAXIS, LABL_PTR_i is required.
SOLO_L2_SWA-EAS2-SS-PSD | IST.LABL_PTRMissing:
  SWA_EAS_ELEVATION_delta_upper: For VAR_TYPE = 'data' or 'support_data', if no LABLAXIS, LABL_PTR_i is required.
  SWA_EAS_ELEVATION_delta_lower: For VAR_TYPE = 'data' or 'support_data', if no LABLAXIS, LABL_PTR_i is required.
  SWA_EAS_AZIMUTH_delta_upper: For VAR_TYPE = 'data' or 'support_data', if no LABLAXIS, LABL_PTR_i is required.
  SWA_EAS_AZIMUTH_delta_lower: For VAR_TYPE = 'data' or 'support_data', if no LABLAXIS, LABL_PTR_i is required.
  EAS2_TO_SRF: For VAR_TYPE = 'data' or 'support_data', if no LABLAXIS, LABL_PTR_i is required.
  EAS2_TO_RTN: For VAR_TYPE = 'data' or 'support_data', if no LABLAXIS, LABL_PTR_i is required.
SOLO_L2_SWA-PAS-VDF | IST.LABL_PTRMissing:
  Elevation_correction: For VAR_TYPE = 'data' or 'support_data', if no LABLAXIS, LABL_PTR_i is required.
  Full_elevation: For VAR_TYPE = 'data' or 'support_data', if no LABLAXIS, LABL_PTR_i is required.
  Full_azimuth: For VAR_TYPE = 'data' or 'support_data', if no LABLAXIS, LABL_PTR_i is required.
SOLO_L3_SWA-EAS-NMPAD-PSD | IST.LABL_PTRMissing:
  SWA_EAS_PA_DELTA_UPPER: For VAR_TYPE = 'data' or 'support_data', if no LABLAXIS, LABL_PTR_i is required.
  SWA_EAS_PA_DELTA_LOWER: For VAR_TYPE = 'data' or 'support_data', if no LABLAXIS, LABL_PTR_i is required.
SOLO_LL02_EPD-EPT-ASUN-RATES | IST.LABL_PTRMissing:
  Ele_Bins_Width: For VAR_TYPE = 'data' or 'support_data', if no LABLAXIS, LABL_PTR_i is required.
  Prot_Bins_Width: For VAR_TYPE = 'data' or 'support_data', if no LABLAXIS, LABL_PTR_i is required.
  Alpha_Bins_Width: For VAR_TYPE = 'data' or 'support_data', if no LABLAXIS, LABL_PTR_i is required.
  Prot_HR_Bins_Width: For VAR_TYPE = 'data' or 'support_data', if no LABLAXIS, LABL_PTR_i is required.
SOLO_LL02_EPD-EPT-NORTH-RATES | IST.LABL_PTRMissing:
  Ele_Bins_Width: For VAR_TYPE = 'data' or 'support_data', if no LABLAXIS, LABL_PTR_i is required.
  Prot_Bins_Width: For VAR_TYPE = 'data' or 'support_data', if no LABLAXIS, LABL_PTR_i is required.
  Alpha_Bins_Width: For VAR_TYPE = 'data' or 'support_data', if no LABLAXIS, LABL_PTR_i is required.
  Prot_HR_Bins_Width: For VAR_TYPE = 'data' or 'support_data', if no LABLAXIS, LABL_PTR_i is required.
SOLO_LL02_EPD-EPT-SOUTH-RATES | IST.LABL_PTRMissing:
  Ele_Bins_Width: For VAR_TYPE = 'data' or 'support_data', if no LABLAXIS, LABL_PTR_i is required.
  Prot_Bins_Width: For VAR_TYPE = 'data' or 'support_data', if no LABLAXIS, LABL_PTR_i is required.
  Alpha_Bins_Width: For VAR_TYPE = 'data' or 'support_data', if no LABLAXIS, LABL_PTR_i is required.
  Prot_HR_Bins_Width: For VAR_TYPE = 'data' or 'support_data', if no LABLAXIS, LABL_PTR_i is required.
SOLO_LL02_EPD-EPT-SUN-RATES | IST.LABL_PTRMissing:
  Ele_Bins_Width: For VAR_TYPE = 'data' or 'support_data', if no LABLAXIS, LABL_PTR_i is required.
  Prot_Bins_Width: For VAR_TYPE = 'data' or 'support_data', if no LABLAXIS, LABL_PTR_i is required.
  Alpha_Bins_Width: For VAR_TYPE = 'data' or 'support_data', if no LABLAXIS, LABL_PTR_i is required.
  Prot_HR_Bins_Width: For VAR_TYPE = 'data' or 'support_data', if no LABLAXIS, LABL_PTR_i is required.
SOLO_LL02_EPD-HET-ASUN-RATES | IST.LABL_PTRMissing:
  Ele_Bins_Width: For VAR_TYPE = 'data' or 'support_data', if no LABLAXIS, LABL_PTR_i is required.
  H_Bins_Width: For VAR_TYPE = 'data' or 'support_data', if no LABLAXIS, LABL_PTR_i is required.
  He3_Bins_Width: For VAR_TYPE = 'data' or 'support_data', if no LABLAXIS, LABL_PTR_i is required.
  He4_Bins_Width: For VAR_TYPE = 'data' or 'support_data', if no LABLAXIS, LABL_PTR_i is required.
  C_Bins_Width: For VAR_TYPE = 'data' or 'support_data', if no LABLAXIS, LABL_PTR_i is required.
  N_Bins_Width: For VAR_TYPE = 'data' or 'support_data', if no LABLAXIS, LABL_PTR_i is required.
  O_Bins_Width: For VAR_TYPE = 'data' or 'support_data', if no LABLAXIS, LABL_PTR_i is required.
  Fe_Bins_Width: For VAR_TYPE = 'data' or 'support_data', if no LABLAXIS, LABL_PTR_i is required.
SOLO_LL02_EPD-HET-NORTH-RATES | IST.LABL_PTRMissing:
  Ele_Bins_Width: For VAR_TYPE = 'data' or 'support_data', if no LABLAXIS, LABL_PTR_i is required.
  H_Bins_Width: For VAR_TYPE = 'data' or 'support_data', if no LABLAXIS, LABL_PTR_i is required.
  He3_Bins_Width: For VAR_TYPE = 'data' or 'support_data', if no LABLAXIS, LABL_PTR_i is required.
  He4_Bins_Width: For VAR_TYPE = 'data' or 'support_data', if no LABLAXIS, LABL_PTR_i is required.
  C_Bins_Width: For VAR_TYPE = 'data' or 'support_data', if no LABLAXIS, LABL_PTR_i is required.
  N_Bins_Width: For VAR_TYPE = 'data' or 'support_data', if no LABLAXIS, LABL_PTR_i is required.
  O_Bins_Width: For VAR_TYPE = 'data' or 'support_data', if no LABLAXIS, LABL_PTR_i is required.
  Fe_Bins_Width: For VAR_TYPE = 'data' or 'support_data', if no LABLAXIS, LABL_PTR_i is required.
SOLO_LL02_EPD-HET-SOUTH-RATES | IST.LABL_PTRMissing:
  Ele_Bins_Width: For VAR_TYPE = 'data' or 'support_data', if no LABLAXIS, LABL_PTR_i is required.
  H_Bins_Width: For VAR_TYPE = 'data' or 'support_data', if no LABLAXIS, LABL_PTR_i is required.
  He3_Bins_Width: For VAR_TYPE = 'data' or 'support_data', if no LABLAXIS, LABL_PTR_i is required.
  He4_Bins_Width: For VAR_TYPE = 'data' or 'support_data', if no LABLAXIS, LABL_PTR_i is required.
  C_Bins_Width: For VAR_TYPE = 'data' or 'support_data', if no LABLAXIS, LABL_PTR_i is required.
  N_Bins_Width: For VAR_TYPE = 'data' or 'support_data', if no LABLAXIS, LABL_PTR_i is required.
  O_Bins_Width: For VAR_TYPE = 'data' or 'support_data', if no LABLAXIS, LABL_PTR_i is required.
  Fe_Bins_Width: For VAR_TYPE = 'data' or 'support_data', if no LABLAXIS, LABL_PTR_i is required.
SOLO_LL02_EPD-HET-SUN-RATES | IST.LABL_PTRMissing:
  Ele_Bins_Width: For VAR_TYPE = 'data' or 'support_data', if no LABLAXIS, LABL_PTR_i is required.
  H_Bins_Width: For VAR_TYPE = 'data' or 'support_data', if no LABLAXIS, LABL_PTR_i is required.
  He3_Bins_Width: For VAR_TYPE = 'data' or 'support_data', if no LABLAXIS, LABL_PTR_i is required.
  He4_Bins_Width: For VAR_TYPE = 'data' or 'support_data', if no LABLAXIS, LABL_PTR_i is required.
  C_Bins_Width: For VAR_TYPE = 'data' or 'support_data', if no LABLAXIS, LABL_PTR_i is required.
  N_Bins_Width: For VAR_TYPE = 'data' or 'support_data', if no LABLAXIS, LABL_PTR_i is required.
  O_Bins_Width: For VAR_TYPE = 'data' or 'support_data', if no LABLAXIS, LABL_PTR_i is required.
  Fe_Bins_Width: For VAR_TYPE = 'data' or 'support_data', if no LABLAXIS, LABL_PTR_i is required.
SOLO_LL02_EPD-SIS-A-RATES | IST.LABL_PTRMissing:
  Bins_Width: For VAR_TYPE = 'data' or 'support_data', if no LABLAXIS, LABL_PTR_i is required.
SOLO_LL02_EPD-SIS-B-RATES | IST.LABL_PTRMissing:
  Bins_Width: For VAR_TYPE = 'data' or 'support_data', if no LABLAXIS, LABL_PTR_i is required.
SOLO_LL02_EPD-STEP-RATES | IST.LABL_PTRMissing:
  Integral_Bins_Width: For VAR_TYPE = 'data' or 'support_data', if no LABLAXIS, LABL_PTR_i is required.
  Ion_Bins_Width: For VAR_TYPE = 'data' or 'support_data', if no LABLAXIS, LABL_PTR_i is required.
SOLO_LL02_MAG | IST.LABL_PTRMissing:
  REP1_B_RTN: For VAR_TYPE = 'data' or 'support_data', if no LABLAXIS, LABL_PTR_i is required.
SOLO_LL02_SWA-EAS-SS | IST.LABL_PTRMissing:
  EAS1_ROT_MATRIX: For VAR_TYPE = 'data' or 'support_data', if no LABLAXIS, LABL_PTR_i is required.
  EAS2_ROT_MATRIX: For VAR_TYPE = 'data' or 'support_data', if no LABLAXIS, LABL_PTR_i is required.
SOLO_LL02_SWA-HIS-RAT | IST.LABL_PTRMissing:
  SWA_HIS_SPECIES1: For VAR_TYPE = 'data' or 'support_data', if no LABLAXIS, LABL_PTR_i is required.
  SWA_HIS_SPECIES2: For VAR_TYPE = 'data' or 'support_data', if no LABLAXIS, LABL_PTR_i is required.
  SWA_HIS_RATIO1_SPECIES: For VAR_TYPE = 'data' or 'support_data', if no LABLAXIS, LABL_PTR_i is required.
  SWA_HIS_RATIO2_SPECIES: For VAR_TYPE = 'data' or 'support_data', if no LABLAXIS, LABL_PTR_i is required.
  QUALITY_BITMASK: For VAR_TYPE = 'data' or 'support_data', if no LABLAXIS, LABL_PTR_i is required.
  SWA_HIS_DIFF_FLUX1_ERROR: For VAR_TYPE = 'data' or 'support_data', if no LABLAXIS, LABL_PTR_i is required.
  SWA_HIS_N1_ERROR: For VAR_TYPE = 'data' or 'support_data', if no LABLAXIS, LABL_PTR_i is required.
  SWA_HIS_DIFF_FLUX2_ERROR: For VAR_TYPE = 'data' or 'support_data', if no LABLAXIS, LABL_PTR_i is required.
  SWA_HIS_N2_ERROR: For VAR_TYPE = 'data' or 'support_data', if no LABLAXIS, LABL_PTR_i is required.
SOLO_LL02_SWA-PAS-MOM | IST.LABL_PTRMissing:
  PAS_ROT_MATRIX: For VAR_TYPE = 'data' or 'support_data', if no LABLAXIS, LABL_PTR_i is required.
  REP_PAS_VEL: For VAR_TYPE = 'data' or 'support_data', if no LABLAXIS, LABL_PTR_i is required.
  REP_PAS_PRES_1: For VAR_TYPE = 'data' or 'support_data', if no LABLAXIS, LABL_PTR_i is required.
  REP_PAS_PRES_2: For VAR_TYPE = 'data' or 'support_data', if no LABLAXIS, LABL_PTR_i is required.
STA_L1_MAGB_SC | IST.LABL_PTRMissing:
  FILTER_VALUE: For VAR_TYPE = 'data' or 'support_data', if no LABLAXIS, LABL_PTR_i is required.
  FILTER_VALUE_EXPOSED: For VAR_TYPE = 'data' or 'support_data', if no LABLAXIS, LABL_PTR_i is required.
STA_L1_SEPT | IST.LABL_PTRMissing:
  Version: For VAR_TYPE = 'data' or 'support_data', if no LABLAXIS, LABL_PTR_i is required.
  Interrupts_NS: For VAR_TYPE = 'data' or 'support_data', if no LABLAXIS, LABL_PTR_i is required.
  Interrupts_E: For VAR_TYPE = 'data' or 'support_data', if no LABLAXIS, LABL_PTR_i is required.
  State_NS: For VAR_TYPE = 'data' or 'support_data', if no LABLAXIS, LABL_PTR_i is required.
  State_E: For VAR_TYPE = 'data' or 'support_data', if no LABLAXIS, LABL_PTR_i is required.
  Status_NS: For VAR_TYPE = 'data' or 'support_data', if no LABLAXIS, LABL_PTR_i is required.
  Status_E: For VAR_TYPE = 'data' or 'support_data', if no LABLAXIS, LABL_PTR_i is required.
STA_L1_STE | IST.LABL_PTRMissing:
  Epoch: For VAR_TYPE = 'data' or 'support_data', if no LABLAXIS, LABL_PTR_i is required.
  STE_Energy_vals: For VAR_TYPE = 'data' or 'support_data', if no LABLAXIS, LABL_PTR_i is required.
  STE_Detector_vals: For VAR_TYPE = 'data' or 'support_data', if no LABLAXIS, LABL_PTR_i is required.
STA_L1_SWEA_DISB | IST.LABL_PTRMissing:
  Energy_spectrogram: For VAR_TYPE = 'data' or 'support_data', if no LABLAXIS, LABL_PTR_i is required.
  Angle_spectrogram: For VAR_TYPE = 'data' or 'support_data', if no LABLAXIS, LABL_PTR_i is required.
  V0: For VAR_TYPE = 'data' or 'support_data', if no LABLAXIS, LABL_PTR_i is required.
STA_L1_SWEA_DIST | IST.LABL_PTRMissing:
  Energy_spectrogram: For VAR_TYPE = 'data' or 'support_data', if no LABLAXIS, LABL_PTR_i is required.
  Angle_spectrogram: For VAR_TYPE = 'data' or 'support_data', if no LABLAXIS, LABL_PTR_i is required.
  V0: For VAR_TYPE = 'data' or 'support_data', if no LABLAXIS, LABL_PTR_i is required.
STA_L2_MAGPLASMA_1M | IST.LABL_PTRMissing:
  FILTER_VALUE: For VAR_TYPE = 'data' or 'support_data', if no LABLAXIS, LABL_PTR_i is required.
STA_L3_PLA_HE2PL_F_VSW_01HR | IST.LABL_PTRMissing:
  V_Vsw_mean: For VAR_TYPE = 'data' or 'support_data', if no LABLAXIS, LABL_PTR_i is required.
STA_L3_PLA_HEPLUS_F_VSW_01HR | IST.LABL_PTRMissing:
  V_Vsw_mean: For VAR_TYPE = 'data' or 'support_data', if no LABLAXIS, LABL_PTR_i is required.
STA_L3_PLA_HEPLUS_F_VSW_10MIN | IST.LABL_PTRMissing:
  V_Vsw_mean: For VAR_TYPE = 'data' or 'support_data', if no LABLAXIS, LABL_PTR_i is required.
STA_L3_PLA_HEPLUS_F_VSW_24HR | IST.LABL_PTRMissing:
  V_Vsw_mean: For VAR_TYPE = 'data' or 'support_data', if no LABLAXIS, LABL_PTR_i is required.
STB_L1_SEPT | IST.LABL_PTRMissing:
  Version: For VAR_TYPE = 'data' or 'support_data', if no LABLAXIS, LABL_PTR_i is required.
  Interrupts_NS: For VAR_TYPE = 'data' or 'support_data', if no LABLAXIS, LABL_PTR_i is required.
  Interrupts_E: For VAR_TYPE = 'data' or 'support_data', if no LABLAXIS, LABL_PTR_i is required.
  State_NS: For VAR_TYPE = 'data' or 'support_data', if no LABLAXIS, LABL_PTR_i is required.
  State_E: For VAR_TYPE = 'data' or 'support_data', if no LABLAXIS, LABL_PTR_i is required.
  Status_NS: For VAR_TYPE = 'data' or 'support_data', if no LABLAXIS, LABL_PTR_i is required.
  Status_E: For VAR_TYPE = 'data' or 'support_data', if no LABLAXIS, LABL_PTR_i is required.
STB_L1_STE | IST.LABL_PTRMissing:
  Epoch: For VAR_TYPE = 'data' or 'support_data', if no LABLAXIS, LABL_PTR_i is required.
  STE_spectra_f: For VAR_TYPE = 'data' or 'support_data', if no LABLAXIS, LABL_PTR_i is required.
  STE_Energy_vals: For VAR_TYPE = 'data' or 'support_data', if no LABLAXIS, LABL_PTR_i is required.
  STE_Detector_vals: For VAR_TYPE = 'data' or 'support_data', if no LABLAXIS, LABL_PTR_i is required.
STB_L1_SWEA_DISB | IST.LABL_PTRMissing:
  Energy_spectrogram: For VAR_TYPE = 'data' or 'support_data', if no LABLAXIS, LABL_PTR_i is required.
  Angle_spectrogram: For VAR_TYPE = 'data' or 'support_data', if no LABLAXIS, LABL_PTR_i is required.
  V0: For VAR_TYPE = 'data' or 'support_data', if no LABLAXIS, LABL_PTR_i is required.
STB_L1_SWEA_DIST | IST.LABL_PTRMissing:
  Energy_spectrogram: For VAR_TYPE = 'data' or 'support_data', if no LABLAXIS, LABL_PTR_i is required.
  Angle_spectrogram: For VAR_TYPE = 'data' or 'support_data', if no LABLAXIS, LABL_PTR_i is required.
  V0: For VAR_TYPE = 'data' or 'support_data', if no LABLAXIS, LABL_PTR_i is required.
STB_L2_MAGPLASMA_1M | IST.LABL_PTRMissing:
  FILTER_VALUE: For VAR_TYPE = 'data' or 'support_data', if no LABLAXIS, LABL_PTR_i is required.
SX_K0_30F | IST.LABL_PTRMissing:
  dir_cos: For VAR_TYPE = 'data' or 'support_data', if no LABLAXIS, LABL_PTR_i is required.
  zGT2_Channels: For VAR_TYPE = 'data' or 'support_data', if no LABLAXIS, LABL_PTR_i is required.
  He_Channels: For VAR_TYPE = 'data' or 'support_data', if no LABLAXIS, LABL_PTR_i is required.
  Proton_Channels: For VAR_TYPE = 'data' or 'support_data', if no LABLAXIS, LABL_PTR_i is required.
  Ele_Channels: For VAR_TYPE = 'data' or 'support_data', if no LABLAXIS, LABL_PTR_i is required.
  label_geogrpos: For VAR_TYPE = 'data' or 'support_data', if no LABLAXIS, LABL_PTR_i is required.
  label_gei: For VAR_TYPE = 'data' or 'support_data', if no LABLAXIS, LABL_PTR_i is required.
  label_body: For VAR_TYPE = 'data' or 'support_data', if no LABLAXIS, LABL_PTR_i is required.
  label_vgei: For VAR_TYPE = 'data' or 'support_data', if no LABLAXIS, LABL_PTR_i is required.
  label_dircos: For VAR_TYPE = 'data' or 'support_data', if no LABLAXIS, LABL_PTR_i is required.
  label_ecd: For VAR_TYPE = 'data' or 'support_data', if no LABLAXIS, LABL_PTR_i is required.
  label_bgei: For VAR_TYPE = 'data' or 'support_data', if no LABLAXIS, LABL_PTR_i is required.
  label_bgeogr: For VAR_TYPE = 'data' or 'support_data', if no LABLAXIS, LABL_PTR_i is required.
  label_dipole: For VAR_TYPE = 'data' or 'support_data', if no LABLAXIS, LABL_PTR_i is required.
  label_displace: For VAR_TYPE = 'data' or 'support_data', if no LABLAXIS, LABL_PTR_i is required.
  label_mirror: For VAR_TYPE = 'data' or 'support_data', if no LABLAXIS, LABL_PTR_i is required.
  label_4element: For VAR_TYPE = 'data' or 'support_data', if no LABLAXIS, LABL_PTR_i is required.
  unit_kdd: For VAR_TYPE = 'data' or 'support_data', if no LABLAXIS, LABL_PTR_i is required.
  unit_Gkdd: For VAR_TYPE = 'data' or 'support_data', if no LABLAXIS, LABL_PTR_i is required.
  label_LICAflg: For VAR_TYPE = 'data' or 'support_data', if no LABLAXIS, LABL_PTR_i is required.
  label_HILTflg: For VAR_TYPE = 'data' or 'support_data', if no LABLAXIS, LABL_PTR_i is required.
  label_MASTflg: For VAR_TYPE = 'data' or 'support_data', if no LABLAXIS, LABL_PTR_i is required.
SX_K0_POF | IST.LABL_PTRMissing:
  zGT2_DIF_FLX: For VAR_TYPE = 'data' or 'support_data', if no LABLAXIS, LABL_PTR_i is required.
  zGT2_Channels: For VAR_TYPE = 'data' or 'support_data', if no LABLAXIS, LABL_PTR_i is required.
  Proton_Channels: For VAR_TYPE = 'data' or 'support_data', if no LABLAXIS, LABL_PTR_i is required.
  Ele_Channels: For VAR_TYPE = 'data' or 'support_data', if no LABLAXIS, LABL_PTR_i is required.
  label_LICAflg: For VAR_TYPE = 'data' or 'support_data', if no LABLAXIS, LABL_PTR_i is required.
  label_HILTflg: For VAR_TYPE = 'data' or 'support_data', if no LABLAXIS, LABL_PTR_i is required.
  label_PETflg: For VAR_TYPE = 'data' or 'support_data', if no LABLAXIS, LABL_PTR_i is required.
THA_L2_ESA | IST.LABL_PTRMissing:
  tha_peif_delta_time: For VAR_TYPE = 'data' or 'support_data', if no LABLAXIS, LABL_PTR_i is required.
  tha_peef_delta_time: For VAR_TYPE = 'data' or 'support_data', if no LABLAXIS, LABL_PTR_i is required.
  tha_peir_delta_time: For VAR_TYPE = 'data' or 'support_data', if no LABLAXIS, LABL_PTR_i is required.
  tha_peer_delta_time: For VAR_TYPE = 'data' or 'support_data', if no LABLAXIS, LABL_PTR_i is required.
  tha_peib_delta_time: For VAR_TYPE = 'data' or 'support_data', if no LABLAXIS, LABL_PTR_i is required.
  tha_peeb_delta_time: For VAR_TYPE = 'data' or 'support_data', if no LABLAXIS, LABL_PTR_i is required.
THA_L2_FBK | IST.LABL_PTRMissing:
  tha_fbk_fcenter: For VAR_TYPE = 'data' or 'support_data', if no LABLAXIS, LABL_PTR_i is required.
  tha_fbk_fband: For VAR_TYPE = 'data' or 'support_data', if no LABLAXIS, LABL_PTR_i is required.
THA_L2_GMOM | IST.LABL_PTRMissing:
  tha_ptiff_delta_time: For VAR_TYPE = 'data' or 'support_data', if no LABLAXIS, LABL_PTR_i is required.
  tha_pteff_delta_time: For VAR_TYPE = 'data' or 'support_data', if no LABLAXIS, LABL_PTR_i is required.
  tha_ptirf_delta_time: For VAR_TYPE = 'data' or 'support_data', if no LABLAXIS, LABL_PTR_i is required.
  tha_pterf_delta_time: For VAR_TYPE = 'data' or 'support_data', if no LABLAXIS, LABL_PTR_i is required.
  tha_ptibb_delta_time: For VAR_TYPE = 'data' or 'support_data', if no LABLAXIS, LABL_PTR_i is required.
  tha_ptebb_delta_time: For VAR_TYPE = 'data' or 'support_data', if no LABLAXIS, LABL_PTR_i is required.
THA_L2_SST | IST.LABL_PTRMissing:
  tha_psif_delta_time: For VAR_TYPE = 'data' or 'support_data', if no LABLAXIS, LABL_PTR_i is required.
  tha_psef_delta_time: For VAR_TYPE = 'data' or 'support_data', if no LABLAXIS, LABL_PTR_i is required.
  tha_psib_delta_time: For VAR_TYPE = 'data' or 'support_data', if no LABLAXIS, LABL_PTR_i is required.
  tha_pseb_delta_time: For VAR_TYPE = 'data' or 'support_data', if no LABLAXIS, LABL_PTR_i is required.
THB_L2_ESA | IST.LABL_PTRMissing:
  thb_peif_delta_time: For VAR_TYPE = 'data' or 'support_data', if no LABLAXIS, LABL_PTR_i is required.
  thb_peef_delta_time: For VAR_TYPE = 'data' or 'support_data', if no LABLAXIS, LABL_PTR_i is required.
  thb_peir_delta_time: For VAR_TYPE = 'data' or 'support_data', if no LABLAXIS, LABL_PTR_i is required.
  thb_peer_delta_time: For VAR_TYPE = 'data' or 'support_data', if no LABLAXIS, LABL_PTR_i is required.
  thb_peib_delta_time: For VAR_TYPE = 'data' or 'support_data', if no LABLAXIS, LABL_PTR_i is required.
  thb_peeb_delta_time: For VAR_TYPE = 'data' or 'support_data', if no LABLAXIS, LABL_PTR_i is required.
THB_L2_FBK | IST.LABL_PTRMissing:
  thb_fbk_fcenter: For VAR_TYPE = 'data' or 'support_data', if no LABLAXIS, LABL_PTR_i is required.
  thb_fbk_fband: For VAR_TYPE = 'data' or 'support_data', if no LABLAXIS, LABL_PTR_i is required.
THB_L2_GMOM | IST.LABL_PTRMissing:
  thb_ptiff_delta_time: For VAR_TYPE = 'data' or 'support_data', if no LABLAXIS, LABL_PTR_i is required.
  thb_pteff_delta_time: For VAR_TYPE = 'data' or 'support_data', if no LABLAXIS, LABL_PTR_i is required.
  thb_ptirf_delta_time: For VAR_TYPE = 'data' or 'support_data', if no LABLAXIS, LABL_PTR_i is required.
  thb_pterf_delta_time: For VAR_TYPE = 'data' or 'support_data', if no LABLAXIS, LABL_PTR_i is required.
  thb_ptibb_delta_time: For VAR_TYPE = 'data' or 'support_data', if no LABLAXIS, LABL_PTR_i is required.
  thb_ptebb_delta_time: For VAR_TYPE = 'data' or 'support_data', if no LABLAXIS, LABL_PTR_i is required.
THB_L2_MERGED | IST.LABL_PTRMissing:
  Epoch: For VAR_TYPE = 'data' or 'support_data', if no LABLAXIS, LABL_PTR_i is required.
THB_L2_SST | IST.LABL_PTRMissing:
  thb_psif_delta_time: For VAR_TYPE = 'data' or 'support_data', if no LABLAXIS, LABL_PTR_i is required.
  thb_psef_delta_time: For VAR_TYPE = 'data' or 'support_data', if no LABLAXIS, LABL_PTR_i is required.
  thb_psib_delta_time: For VAR_TYPE = 'data' or 'support_data', if no LABLAXIS, LABL_PTR_i is required.
  thb_pseb_delta_time: For VAR_TYPE = 'data' or 'support_data', if no LABLAXIS, LABL_PTR_i is required.
THC_L2_ESA | IST.LABL_PTRMissing:
  thc_peif_delta_time: For VAR_TYPE = 'data' or 'support_data', if no LABLAXIS, LABL_PTR_i is required.
  thc_peef_delta_time: For VAR_TYPE = 'data' or 'support_data', if no LABLAXIS, LABL_PTR_i is required.
  thc_peir_delta_time: For VAR_TYPE = 'data' or 'support_data', if no LABLAXIS, LABL_PTR_i is required.
  thc_peer_delta_time: For VAR_TYPE = 'data' or 'support_data', if no LABLAXIS, LABL_PTR_i is required.
  thc_peib_delta_time: For VAR_TYPE = 'data' or 'support_data', if no LABLAXIS, LABL_PTR_i is required.
  thc_peeb_delta_time: For VAR_TYPE = 'data' or 'support_data', if no LABLAXIS, LABL_PTR_i is required.
THC_L2_FBK | IST.LABL_PTRMissing:
  thc_fbk_fcenter: For VAR_TYPE = 'data' or 'support_data', if no LABLAXIS, LABL_PTR_i is required.
  thc_fbk_fband: For VAR_TYPE = 'data' or 'support_data', if no LABLAXIS, LABL_PTR_i is required.
THC_L2_GMOM | IST.LABL_PTRMissing:
  thc_ptiff_delta_time: For VAR_TYPE = 'data' or 'support_data', if no LABLAXIS, LABL_PTR_i is required.
  thc_pteff_delta_time: For VAR_TYPE = 'data' or 'support_data', if no LABLAXIS, LABL_PTR_i is required.
  thc_ptirf_delta_time: For VAR_TYPE = 'data' or 'support_data', if no LABLAXIS, LABL_PTR_i is required.
  thc_pterf_delta_time: For VAR_TYPE = 'data' or 'support_data', if no LABLAXIS, LABL_PTR_i is required.
  thc_ptibb_delta_time: For VAR_TYPE = 'data' or 'support_data', if no LABLAXIS, LABL_PTR_i is required.
  thc_ptebb_delta_time: For VAR_TYPE = 'data' or 'support_data', if no LABLAXIS, LABL_PTR_i is required.
THC_L2_MERGED | IST.LABL_PTRMissing:
  Epoch: For VAR_TYPE = 'data' or 'support_data', if no LABLAXIS, LABL_PTR_i is required.
THC_L2_SST | IST.LABL_PTRMissing:
  thc_psif_delta_time: For VAR_TYPE = 'data' or 'support_data', if no LABLAXIS, LABL_PTR_i is required.
  thc_psef_delta_time: For VAR_TYPE = 'data' or 'support_data', if no LABLAXIS, LABL_PTR_i is required.
  thc_psib_delta_time: For VAR_TYPE = 'data' or 'support_data', if no LABLAXIS, LABL_PTR_i is required.
  thc_pseb_delta_time: For VAR_TYPE = 'data' or 'support_data', if no LABLAXIS, LABL_PTR_i is required.
THD_L2_ESA | IST.LABL_PTRMissing:
  thd_peif_delta_time: For VAR_TYPE = 'data' or 'support_data', if no LABLAXIS, LABL_PTR_i is required.
  thd_peef_delta_time: For VAR_TYPE = 'data' or 'support_data', if no LABLAXIS, LABL_PTR_i is required.
  thd_peir_delta_time: For VAR_TYPE = 'data' or 'support_data', if no LABLAXIS, LABL_PTR_i is required.
  thd_peer_delta_time: For VAR_TYPE = 'data' or 'support_data', if no LABLAXIS, LABL_PTR_i is required.
  thd_peib_delta_time: For VAR_TYPE = 'data' or 'support_data', if no LABLAXIS, LABL_PTR_i is required.
  thd_peeb_delta_time: For VAR_TYPE = 'data' or 'support_data', if no LABLAXIS, LABL_PTR_i is required.
THD_L2_FBK | IST.LABL_PTRMissing:
  thd_fbk_fcenter: For VAR_TYPE = 'data' or 'support_data', if no LABLAXIS, LABL_PTR_i is required.
  thd_fbk_fband: For VAR_TYPE = 'data' or 'support_data', if no LABLAXIS, LABL_PTR_i is required.
THD_L2_GMOM | IST.LABL_PTRMissing:
  thd_ptiff_delta_time: For VAR_TYPE = 'data' or 'support_data', if no LABLAXIS, LABL_PTR_i is required.
  thd_pteff_delta_time: For VAR_TYPE = 'data' or 'support_data', if no LABLAXIS, LABL_PTR_i is required.
  thd_ptirf_delta_time: For VAR_TYPE = 'data' or 'support_data', if no LABLAXIS, LABL_PTR_i is required.
  thd_pterf_delta_time: For VAR_TYPE = 'data' or 'support_data', if no LABLAXIS, LABL_PTR_i is required.
  thd_ptibb_delta_time: For VAR_TYPE = 'data' or 'support_data', if no LABLAXIS, LABL_PTR_i is required.
  thd_ptebb_delta_time: For VAR_TYPE = 'data' or 'support_data', if no LABLAXIS, LABL_PTR_i is required.
THD_L2_SST | IST.LABL_PTRMissing:
  thd_psif_delta_time: For VAR_TYPE = 'data' or 'support_data', if no LABLAXIS, LABL_PTR_i is required.
  thd_psef_delta_time: For VAR_TYPE = 'data' or 'support_data', if no LABLAXIS, LABL_PTR_i is required.
  thd_psib_delta_time: For VAR_TYPE = 'data' or 'support_data', if no LABLAXIS, LABL_PTR_i is required.
  thd_pseb_delta_time: For VAR_TYPE = 'data' or 'support_data', if no LABLAXIS, LABL_PTR_i is required.
THE_L2_ESA | IST.LABL_PTRMissing:
  the_peif_delta_time: For VAR_TYPE = 'data' or 'support_data', if no LABLAXIS, LABL_PTR_i is required.
  the_peef_delta_time: For VAR_TYPE = 'data' or 'support_data', if no LABLAXIS, LABL_PTR_i is required.
  the_peir_delta_time: For VAR_TYPE = 'data' or 'support_data', if no LABLAXIS, LABL_PTR_i is required.
  the_peer_delta_time: For VAR_TYPE = 'data' or 'support_data', if no LABLAXIS, LABL_PTR_i is required.
  the_peib_delta_time: For VAR_TYPE = 'data' or 'support_data', if no LABLAXIS, LABL_PTR_i is required.
  the_peeb_delta_time: For VAR_TYPE = 'data' or 'support_data', if no LABLAXIS, LABL_PTR_i is required.
THE_L2_FBK | IST.LABL_PTRMissing:
  the_fbk_fcenter: For VAR_TYPE = 'data' or 'support_data', if no LABLAXIS, LABL_PTR_i is required.
  the_fbk_fband: For VAR_TYPE = 'data' or 'support_data', if no LABLAXIS, LABL_PTR_i is required.
THE_L2_GMOM | IST.LABL_PTRMissing:
  the_ptiff_delta_time: For VAR_TYPE = 'data' or 'support_data', if no LABLAXIS, LABL_PTR_i is required.
  the_pteff_delta_time: For VAR_TYPE = 'data' or 'support_data', if no LABLAXIS, LABL_PTR_i is required.
  the_ptirf_delta_time: For VAR_TYPE = 'data' or 'support_data', if no LABLAXIS, LABL_PTR_i is required.
  the_pterf_delta_time: For VAR_TYPE = 'data' or 'support_data', if no LABLAXIS, LABL_PTR_i is required.
  the_ptibb_delta_time: For VAR_TYPE = 'data' or 'support_data', if no LABLAXIS, LABL_PTR_i is required.
  the_ptebb_delta_time: For VAR_TYPE = 'data' or 'support_data', if no LABLAXIS, LABL_PTR_i is required.
THE_L2_SST | IST.LABL_PTRMissing:
  the_psif_delta_time: For VAR_TYPE = 'data' or 'support_data', if no LABLAXIS, LABL_PTR_i is required.
  the_psef_delta_time: For VAR_TYPE = 'data' or 'support_data', if no LABLAXIS, LABL_PTR_i is required.
  the_psib_delta_time: For VAR_TYPE = 'data' or 'support_data', if no LABLAXIS, LABL_PTR_i is required.
  the_pseb_delta_time: For VAR_TYPE = 'data' or 'support_data', if no LABLAXIS, LABL_PTR_i is required.
THG_L1_ASK | IST.LABL_PTRMissing:
  thg_ask_stations: For VAR_TYPE = 'data' or 'support_data', if no LABLAXIS, LABL_PTR_i is required.
TIMED_L1BV20_SABER | IST.LABL_PTRMissing:
  Epoch: For VAR_TYPE = 'data' or 'support_data', if no LABLAXIS, LABL_PTR_i is required.
TIMED_L2A_SABER | IST.LABL_PTRMissing:
  Epoch: For VAR_TYPE = 'data' or 'support_data', if no LABLAXIS, LABL_PTR_i is required.
TIMED_WINDVECTORSNCAR_TIDI | IST.LABL_PTRMissing:
  Epochcold_ascend: For VAR_TYPE = 'data' or 'support_data', if no LABLAXIS, LABL_PTR_i is required.
  Windplot_cold_asc_080: For VAR_TYPE = 'data' or 'support_data', if no LABLAXIS, LABL_PTR_i is required.
  Windplot_warm_asc_080: For VAR_TYPE = 'data' or 'support_data', if no LABLAXIS, LABL_PTR_i is required.
  Windplot_cold_des_080: For VAR_TYPE = 'data' or 'support_data', if no LABLAXIS, LABL_PTR_i is required.
  Windplot_warm_desc_080: For VAR_TYPE = 'data' or 'support_data', if no LABLAXIS, LABL_PTR_i is required.
  Windplot_cold_asc_transv_080: For VAR_TYPE = 'data' or 'support_data', if no LABLAXIS, LABL_PTR_i is required.
  Windplot_warm_asc_transv_080: For VAR_TYPE = 'data' or 'support_data', if no LABLAXIS, LABL_PTR_i is required.
  Windplot_cold_des_transv_080: For VAR_TYPE = 'data' or 'support_data', if no LABLAXIS, LABL_PTR_i is required.
  Windplot_warm_desc_transv_080: For VAR_TYPE = 'data' or 'support_data', if no LABLAXIS, LABL_PTR_i is required.
  Windplot_cold_asc_mov_080: For VAR_TYPE = 'data' or 'support_data', if no LABLAXIS, LABL_PTR_i is required.
  Windplot_warm_asc_mov_080: For VAR_TYPE = 'data' or 'support_data', if no LABLAXIS, LABL_PTR_i is required.
  Windplot_cold_des_mov_080: For VAR_TYPE = 'data' or 'support_data', if no LABLAXIS, LABL_PTR_i is required.
  Windplot_warm_desc_mov_080: For VAR_TYPE = 'data' or 'support_data', if no LABLAXIS, LABL_PTR_i is required.
  Windplot_cold_asc_transv_mov_080: For VAR_TYPE = 'data' or 'support_data', if no LABLAXIS, LABL_PTR_i is required.
  Windplot_warm_asc_transv_mov_080: For VAR_TYPE = 'data' or 'support_data', if no LABLAXIS, LABL_PTR_i is required.
  Windplot_cold_des_transv_mov_080: For VAR_TYPE = 'data' or 'support_data', if no LABLAXIS, LABL_PTR_i is required.
  Windplot_warm_desc_transv_mov_080: For VAR_TYPE = 'data' or 'support_data', if no LABLAXIS, LABL_PTR_i is required.
  Windplot_cold_asc_090: For VAR_TYPE = 'data' or 'support_data', if no LABLAXIS, LABL_PTR_i is required.
  Windplot_warm_asc_090: For VAR_TYPE = 'data' or 'support_data', if no LABLAXIS, LABL_PTR_i is required.
  Windplot_cold_desc_090: For VAR_TYPE = 'data' or 'support_data', if no LABLAXIS, LABL_PTR_i is required.
  Windplot_warm_desc_090: For VAR_TYPE = 'data' or 'support_data', if no LABLAXIS, LABL_PTR_i is required.
  Windplot_cold_asc_transv_090: For VAR_TYPE = 'data' or 'support_data', if no LABLAXIS, LABL_PTR_i is required.
  Windplot_warm_asc_transv_090: For VAR_TYPE = 'data' or 'support_data', if no LABLAXIS, LABL_PTR_i is required.
  Windplot_cold_desc_transv_090: For VAR_TYPE = 'data' or 'support_data', if no LABLAXIS, LABL_PTR_i is required.
  Windplot_warm_desc_transv_090: For VAR_TYPE = 'data' or 'support_data', if no LABLAXIS, LABL_PTR_i is required.
  Windplot_cold_asc_mov_090: For VAR_TYPE = 'data' or 'support_data', if no LABLAXIS, LABL_PTR_i is required.
  Windplot_warm_asc_mov_090: For VAR_TYPE = 'data' or 'support_data', if no LABLAXIS, LABL_PTR_i is required.
  Windplot_cold_desc_mov_090: For VAR_TYPE = 'data' or 'support_data', if no LABLAXIS, LABL_PTR_i is required.
  Windplot_warm_desc_mov_090: For VAR_TYPE = 'data' or 'support_data', if no LABLAXIS, LABL_PTR_i is required.
  Windplot_cold_asc_transv_mov_090: For VAR_TYPE = 'data' or 'support_data', if no LABLAXIS, LABL_PTR_i is required.
  Windplot_warm_asc_transv_mov_090: For VAR_TYPE = 'data' or 'support_data', if no LABLAXIS, LABL_PTR_i is required.
  Windplot_cold_desc_transv_mov_090: For VAR_TYPE = 'data' or 'support_data', if no LABLAXIS, LABL_PTR_i is required.
  Windplot_warm_desc_transv_mov_090: For VAR_TYPE = 'data' or 'support_data', if no LABLAXIS, LABL_PTR_i is required.
  Windplot_cold_asc_100: For VAR_TYPE = 'data' or 'support_data', if no LABLAXIS, LABL_PTR_i is required.
  Windplot_warm_asc_100: For VAR_TYPE = 'data' or 'support_data', if no LABLAXIS, LABL_PTR_i is required.
  Windplot_cold_desc_100: For VAR_TYPE = 'data' or 'support_data', if no LABLAXIS, LABL_PTR_i is required.
  Windplot_warm_desc_100: For VAR_TYPE = 'data' or 'support_data', if no LABLAXIS, LABL_PTR_i is required.
  Windplot_cold_asc_transv_100: For VAR_TYPE = 'data' or 'support_data', if no LABLAXIS, LABL_PTR_i is required.
  Windplot_warm_asc_transv_100: For VAR_TYPE = 'data' or 'support_data', if no LABLAXIS, LABL_PTR_i is required.
  Windplot_cold_desc_transv_100: For VAR_TYPE = 'data' or 'support_data', if no LABLAXIS, LABL_PTR_i is required.
  Windplot_warm_desc_transv_100: For VAR_TYPE = 'data' or 'support_data', if no LABLAXIS, LABL_PTR_i is required.
  Windplot_cold_asc_mov_100: For VAR_TYPE = 'data' or 'support_data', if no LABLAXIS, LABL_PTR_i is required.
  Windplot_warm_asc_mov_100: For VAR_TYPE = 'data' or 'support_data', if no LABLAXIS, LABL_PTR_i is required.
  Windplot_cold_desc_mov_100: For VAR_TYPE = 'data' or 'support_data', if no LABLAXIS, LABL_PTR_i is required.
  Windplot_warm_desc_mov_100: For VAR_TYPE = 'data' or 'support_data', if no LABLAXIS, LABL_PTR_i is required.
  Windplot_cold_asc_transv_mov_100: For VAR_TYPE = 'data' or 'support_data', if no LABLAXIS, LABL_PTR_i is required.
  Windplot_warm_asc_transv_mov_100: For VAR_TYPE = 'data' or 'support_data', if no LABLAXIS, LABL_PTR_i is required.
  Windplot_cold_desc_transv_mov_100: For VAR_TYPE = 'data' or 'support_data', if no LABLAXIS, LABL_PTR_i is required.
  Windplot_warm_desc_transv_mov_100: For VAR_TYPE = 'data' or 'support_data', if no LABLAXIS, LABL_PTR_i is required.
  Epochcold_descend: For VAR_TYPE = 'data' or 'support_data', if no LABLAXIS, LABL_PTR_i is required.
  Epochwarm_ascend: For VAR_TYPE = 'data' or 'support_data', if no LABLAXIS, LABL_PTR_i is required.
  Epochwarm_descend: For VAR_TYPE = 'data' or 'support_data', if no LABLAXIS, LABL_PTR_i is required.
  Epochcold: For VAR_TYPE = 'data' or 'support_data', if no LABLAXIS, LABL_PTR_i is required.
  Epochwarm: For VAR_TYPE = 'data' or 'support_data', if no LABLAXIS, LABL_PTR_i is required.
  Epoch: For VAR_TYPE = 'data' or 'support_data', if no LABLAXIS, LABL_PTR_i is required.
UY_ALPHA-DISTRIBUTIONS_SWOOPS | IST.LABL_PTRMissing:
  Matrix: For VAR_TYPE = 'data' or 'support_data', if no LABLAXIS, LABL_PTR_i is required.
  v_par_index: For VAR_TYPE = 'data' or 'support_data', if no LABLAXIS, LABL_PTR_i is required.
  v_per_index: For VAR_TYPE = 'data' or 'support_data', if no LABLAXIS, LABL_PTR_i is required.
UY_M0_HET | IST.LABL_PTRMissing:
  Electrons: For VAR_TYPE = 'data' or 'support_data', if no LABLAXIS, LABL_PTR_i is required.
UY_M0_PFRA | IST.LABL_PTRMissing:
  Intensity: For VAR_TYPE = 'data' or 'support_data', if no LABLAXIS, LABL_PTR_i is required.
UY_M0_PFRP | IST.LABL_PTRMissing:
  Intensity: For VAR_TYPE = 'data' or 'support_data', if no LABLAXIS, LABL_PTR_i is required.
UY_M0_R144 | IST.LABL_PTRMissing:
  Intensity: For VAR_TYPE = 'data' or 'support_data', if no LABLAXIS, LABL_PTR_i is required.
UY_M0_RARA | IST.LABL_PTRMissing:
  Intensity: For VAR_TYPE = 'data' or 'support_data', if no LABLAXIS, LABL_PTR_i is required.
UY_M0_RARP | IST.LABL_PTRMissing:
  Intensity: For VAR_TYPE = 'data' or 'support_data', if no LABLAXIS, LABL_PTR_i is required.
UY_M0_WFBA | IST.LABL_PTRMissing:
  Intensity: For VAR_TYPE = 'data' or 'support_data', if no LABLAXIS, LABL_PTR_i is required.
UY_M0_WFBP | IST.LABL_PTRMissing:
  Intensity: For VAR_TYPE = 'data' or 'support_data', if no LABLAXIS, LABL_PTR_i is required.
UY_M0_WFEA | IST.LABL_PTRMissing:
  Intensity: For VAR_TYPE = 'data' or 'support_data', if no LABLAXIS, LABL_PTR_i is required.
UY_M0_WFEP | IST.LABL_PTRMissing:
  Intensity: For VAR_TYPE = 'data' or 'support_data', if no LABLAXIS, LABL_PTR_i is required.
UY_PROTON-DISTRIBUTIONS_SWOOPS | IST.LABL_PTRMissing:
  Matrix: For VAR_TYPE = 'data' or 'support_data', if no LABLAXIS, LABL_PTR_i is required.
  v_par_index: For VAR_TYPE = 'data' or 'support_data', if no LABLAXIS, LABL_PTR_i is required.
  v_per_index: For VAR_TYPE = 'data' or 'support_data', if no LABLAXIS, LABL_PTR_i is required.
VG1_PWS_WF | IST.LABL_PTRMissing:
  Waveform: For VAR_TYPE = 'data' or 'support_data', if no LABLAXIS, LABL_PTR_i is required.
  Waveform_time: For VAR_TYPE = 'data' or 'support_data', if no LABLAXIS, LABL_PTR_i is required.
VG2_PWS_WF | IST.LABL_PTRMissing:
  Waveform: For VAR_TYPE = 'data' or 'support_data', if no LABLAXIS, LABL_PTR_i is required.
  Waveform_time: For VAR_TYPE = 'data' or 'support_data', if no LABLAXIS, LABL_PTR_i is required.
VOYAGER1_10S_MAG | IST.LABL_PTRMissing:
  dataID: For VAR_TYPE = 'data' or 'support_data', if no LABLAXIS, LABL_PTR_i is required.
  telemetryFormat: For VAR_TYPE = 'data' or 'support_data', if no LABLAXIS, LABL_PTR_i is required.
  SCid: For VAR_TYPE = 'data' or 'support_data', if no LABLAXIS, LABL_PTR_i is required.
  timeType: For VAR_TYPE = 'data' or 'support_data', if no LABLAXIS, LABL_PTR_i is required.
  dataConfidence: For VAR_TYPE = 'data' or 'support_data', if no LABLAXIS, LABL_PTR_i is required.
  recTypeHead: For VAR_TYPE = 'data' or 'support_data', if no LABLAXIS, LABL_PTR_i is required.
  telFmtHead: For VAR_TYPE = 'data' or 'support_data', if no LABLAXIS, LABL_PTR_i is required.
  scIDHead: For VAR_TYPE = 'data' or 'support_data', if no LABLAXIS, LABL_PTR_i is required.
  runMonthHead: For VAR_TYPE = 'data' or 'support_data', if no LABLAXIS, LABL_PTR_i is required.
  runTypeHead: For VAR_TYPE = 'data' or 'support_data', if no LABLAXIS, LABL_PTR_i is required.
  coordHead: For VAR_TYPE = 'data' or 'support_data', if no LABLAXIS, LABL_PTR_i is required.
  zeroNameHead: For VAR_TYPE = 'data' or 'support_data', if no LABLAXIS, LABL_PTR_i is required.
  sensNameHead: For VAR_TYPE = 'data' or 'support_data', if no LABLAXIS, LABL_PTR_i is required.
  recTypeTrail: For VAR_TYPE = 'data' or 'support_data', if no LABLAXIS, LABL_PTR_i is required.
  telFmtTrail: For VAR_TYPE = 'data' or 'support_data', if no LABLAXIS, LABL_PTR_i is required.
  scIDTrail: For VAR_TYPE = 'data' or 'support_data', if no LABLAXIS, LABL_PTR_i is required.
  runMonthTrail: For VAR_TYPE = 'data' or 'support_data', if no LABLAXIS, LABL_PTR_i is required.
  runTypeTrail: For VAR_TYPE = 'data' or 'support_data', if no LABLAXIS, LABL_PTR_i is required.
  coordTrail: For VAR_TYPE = 'data' or 'support_data', if no LABLAXIS, LABL_PTR_i is required.
  zeroNameTrail: For VAR_TYPE = 'data' or 'support_data', if no LABLAXIS, LABL_PTR_i is required.
  sensNameTrail: For VAR_TYPE = 'data' or 'support_data', if no LABLAXIS, LABL_PTR_i is required.
VOYAGER1_2S_MAG | IST.LABL_PTRMissing:
  dataID: For VAR_TYPE = 'data' or 'support_data', if no LABLAXIS, LABL_PTR_i is required.
  telemetryFormat: For VAR_TYPE = 'data' or 'support_data', if no LABLAXIS, LABL_PTR_i is required.
  SCid: For VAR_TYPE = 'data' or 'support_data', if no LABLAXIS, LABL_PTR_i is required.
  timeType: For VAR_TYPE = 'data' or 'support_data', if no LABLAXIS, LABL_PTR_i is required.
  dataConfidence: For VAR_TYPE = 'data' or 'support_data', if no LABLAXIS, LABL_PTR_i is required.
  recTypeHead: For VAR_TYPE = 'data' or 'support_data', if no LABLAXIS, LABL_PTR_i is required.
  telFmtHead: For VAR_TYPE = 'data' or 'support_data', if no LABLAXIS, LABL_PTR_i is required.
  scIDHead: For VAR_TYPE = 'data' or 'support_data', if no LABLAXIS, LABL_PTR_i is required.
  runMonthHead: For VAR_TYPE = 'data' or 'support_data', if no LABLAXIS, LABL_PTR_i is required.
  runTypeHead: For VAR_TYPE = 'data' or 'support_data', if no LABLAXIS, LABL_PTR_i is required.
  coordHead: For VAR_TYPE = 'data' or 'support_data', if no LABLAXIS, LABL_PTR_i is required.
  zeroNameHead: For VAR_TYPE = 'data' or 'support_data', if no LABLAXIS, LABL_PTR_i is required.
  sensNameHead: For VAR_TYPE = 'data' or 'support_data', if no LABLAXIS, LABL_PTR_i is required.
  recTypeTrail: For VAR_TYPE = 'data' or 'support_data', if no LABLAXIS, LABL_PTR_i is required.
  telFmtTrail: For VAR_TYPE = 'data' or 'support_data', if no LABLAXIS, LABL_PTR_i is required.
  scIDTrail: For VAR_TYPE = 'data' or 'support_data', if no LABLAXIS, LABL_PTR_i is required.
  runMonthTrail: For VAR_TYPE = 'data' or 'support_data', if no LABLAXIS, LABL_PTR_i is required.
  runTypeTrail: For VAR_TYPE = 'data' or 'support_data', if no LABLAXIS, LABL_PTR_i is required.
  coordTrail: For VAR_TYPE = 'data' or 'support_data', if no LABLAXIS, LABL_PTR_i is required.
  zeroNameTrail: For VAR_TYPE = 'data' or 'support_data', if no LABLAXIS, LABL_PTR_i is required.
  sensNameTrail: For VAR_TYPE = 'data' or 'support_data', if no LABLAXIS, LABL_PTR_i is required.
VOYAGER1_48S_MAG | IST.LABL_PTRMissing:
  dataID: For VAR_TYPE = 'data' or 'support_data', if no LABLAXIS, LABL_PTR_i is required.
  telemetryFormat: For VAR_TYPE = 'data' or 'support_data', if no LABLAXIS, LABL_PTR_i is required.
  SCid: For VAR_TYPE = 'data' or 'support_data', if no LABLAXIS, LABL_PTR_i is required.
  timeType: For VAR_TYPE = 'data' or 'support_data', if no LABLAXIS, LABL_PTR_i is required.
  dataConfidence: For VAR_TYPE = 'data' or 'support_data', if no LABLAXIS, LABL_PTR_i is required.
  recTypeHead: For VAR_TYPE = 'data' or 'support_data', if no LABLAXIS, LABL_PTR_i is required.
  telFmtHead: For VAR_TYPE = 'data' or 'support_data', if no LABLAXIS, LABL_PTR_i is required.
  scIDHead: For VAR_TYPE = 'data' or 'support_data', if no LABLAXIS, LABL_PTR_i is required.
  runMonthHead: For VAR_TYPE = 'data' or 'support_data', if no LABLAXIS, LABL_PTR_i is required.
  runTypeHead: For VAR_TYPE = 'data' or 'support_data', if no LABLAXIS, LABL_PTR_i is required.
  coordHead: For VAR_TYPE = 'data' or 'support_data', if no LABLAXIS, LABL_PTR_i is required.
  zeroNameHead: For VAR_TYPE = 'data' or 'support_data', if no LABLAXIS, LABL_PTR_i is required.
  sensNameHead: For VAR_TYPE = 'data' or 'support_data', if no LABLAXIS, LABL_PTR_i is required.
  recTypeTrail: For VAR_TYPE = 'data' or 'support_data', if no LABLAXIS, LABL_PTR_i is required.
  telFmtTrail: For VAR_TYPE = 'data' or 'support_data', if no LABLAXIS, LABL_PTR_i is required.
  scIDTrail: For VAR_TYPE = 'data' or 'support_data', if no LABLAXIS, LABL_PTR_i is required.
  runMonthTrail: For VAR_TYPE = 'data' or 'support_data', if no LABLAXIS, LABL_PTR_i is required.
  runTypeTrail: For VAR_TYPE = 'data' or 'support_data', if no LABLAXIS, LABL_PTR_i is required.
  coordTrail: For VAR_TYPE = 'data' or 'support_data', if no LABLAXIS, LABL_PTR_i is required.
  zeroNameTrail: For VAR_TYPE = 'data' or 'support_data', if no LABLAXIS, LABL_PTR_i is required.
  sensNameTrail: For VAR_TYPE = 'data' or 'support_data', if no LABLAXIS, LABL_PTR_i is required.
VOYAGER1_CRS_DAILY_FLUX | IST.LABL_PTRMissing:
  Epoch: For VAR_TYPE = 'data' or 'support_data', if no LABLAXIS, LABL_PTR_i is required.
VOYAGER1_PLS_HIRES_PLASMA_DATA | IST.LABL_PTRMissing:
  Epoch: For VAR_TYPE = 'data' or 'support_data', if no LABLAXIS, LABL_PTR_i is required.
VOYAGER2_10S_MAG | IST.LABL_PTRMissing:
  dataID: For VAR_TYPE = 'data' or 'support_data', if no LABLAXIS, LABL_PTR_i is required.
  telemetryFormat: For VAR_TYPE = 'data' or 'support_data', if no LABLAXIS, LABL_PTR_i is required.
  SCid: For VAR_TYPE = 'data' or 'support_data', if no LABLAXIS, LABL_PTR_i is required.
  timeType: For VAR_TYPE = 'data' or 'support_data', if no LABLAXIS, LABL_PTR_i is required.
  dataConfidence: For VAR_TYPE = 'data' or 'support_data', if no LABLAXIS, LABL_PTR_i is required.
  recTypeHead: For VAR_TYPE = 'data' or 'support_data', if no LABLAXIS, LABL_PTR_i is required.
  telFmtHead: For VAR_TYPE = 'data' or 'support_data', if no LABLAXIS, LABL_PTR_i is required.
  scIDHead: For VAR_TYPE = 'data' or 'support_data', if no LABLAXIS, LABL_PTR_i is required.
  runMonthHead: For VAR_TYPE = 'data' or 'support_data', if no LABLAXIS, LABL_PTR_i is required.
  runTypeHead: For VAR_TYPE = 'data' or 'support_data', if no LABLAXIS, LABL_PTR_i is required.
  coordHead: For VAR_TYPE = 'data' or 'support_data', if no LABLAXIS, LABL_PTR_i is required.
  zeroNameHead: For VAR_TYPE = 'data' or 'support_data', if no LABLAXIS, LABL_PTR_i is required.
  sensNameHead: For VAR_TYPE = 'data' or 'support_data', if no LABLAXIS, LABL_PTR_i is required.
  recTypeTrail: For VAR_TYPE = 'data' or 'support_data', if no LABLAXIS, LABL_PTR_i is required.
  telFmtTrail: For VAR_TYPE = 'data' or 'support_data', if no LABLAXIS, LABL_PTR_i is required.
  scIDTrail: For VAR_TYPE = 'data' or 'support_data', if no LABLAXIS, LABL_PTR_i is required.
  runMonthTrail: For VAR_TYPE = 'data' or 'support_data', if no LABLAXIS, LABL_PTR_i is required.
  runTypeTrail: For VAR_TYPE = 'data' or 'support_data', if no LABLAXIS, LABL_PTR_i is required.
  coordTrail: For VAR_TYPE = 'data' or 'support_data', if no LABLAXIS, LABL_PTR_i is required.
  zeroNameTrail: For VAR_TYPE = 'data' or 'support_data', if no LABLAXIS, LABL_PTR_i is required.
  sensNameTrail: For VAR_TYPE = 'data' or 'support_data', if no LABLAXIS, LABL_PTR_i is required.
VOYAGER2_2S_MAG | IST.LABL_PTRMissing:
  dataID: For VAR_TYPE = 'data' or 'support_data', if no LABLAXIS, LABL_PTR_i is required.
  telemetryFormat: For VAR_TYPE = 'data' or 'support_data', if no LABLAXIS, LABL_PTR_i is required.
  SCid: For VAR_TYPE = 'data' or 'support_data', if no LABLAXIS, LABL_PTR_i is required.
  timeType: For VAR_TYPE = 'data' or 'support_data', if no LABLAXIS, LABL_PTR_i is required.
  dataConfidence: For VAR_TYPE = 'data' or 'support_data', if no LABLAXIS, LABL_PTR_i is required.
  recTypeHead: For VAR_TYPE = 'data' or 'support_data', if no LABLAXIS, LABL_PTR_i is required.
  telFmtHead: For VAR_TYPE = 'data' or 'support_data', if no LABLAXIS, LABL_PTR_i is required.
  scIDHead: For VAR_TYPE = 'data' or 'support_data', if no LABLAXIS, LABL_PTR_i is required.
  runMonthHead: For VAR_TYPE = 'data' or 'support_data', if no LABLAXIS, LABL_PTR_i is required.
  runTypeHead: For VAR_TYPE = 'data' or 'support_data', if no LABLAXIS, LABL_PTR_i is required.
  coordHead: For VAR_TYPE = 'data' or 'support_data', if no LABLAXIS, LABL_PTR_i is required.
  zeroNameHead: For VAR_TYPE = 'data' or 'support_data', if no LABLAXIS, LABL_PTR_i is required.
  sensNameHead: For VAR_TYPE = 'data' or 'support_data', if no LABLAXIS, LABL_PTR_i is required.
  recTypeTrail: For VAR_TYPE = 'data' or 'support_data', if no LABLAXIS, LABL_PTR_i is required.
  telFmtTrail: For VAR_TYPE = 'data' or 'support_data', if no LABLAXIS, LABL_PTR_i is required.
  scIDTrail: For VAR_TYPE = 'data' or 'support_data', if no LABLAXIS, LABL_PTR_i is required.
  runMonthTrail: For VAR_TYPE = 'data' or 'support_data', if no LABLAXIS, LABL_PTR_i is required.
  runTypeTrail: For VAR_TYPE = 'data' or 'support_data', if no LABLAXIS, LABL_PTR_i is required.
  coordTrail: For VAR_TYPE = 'data' or 'support_data', if no LABLAXIS, LABL_PTR_i is required.
  zeroNameTrail: For VAR_TYPE = 'data' or 'support_data', if no LABLAXIS, LABL_PTR_i is required.
  sensNameTrail: For VAR_TYPE = 'data' or 'support_data', if no LABLAXIS, LABL_PTR_i is required.
VOYAGER2_48S_MAG | IST.LABL_PTRMissing:
  dataID: For VAR_TYPE = 'data' or 'support_data', if no LABLAXIS, LABL_PTR_i is required.
  telemetryFormat: For VAR_TYPE = 'data' or 'support_data', if no LABLAXIS, LABL_PTR_i is required.
  SCid: For VAR_TYPE = 'data' or 'support_data', if no LABLAXIS, LABL_PTR_i is required.
  timeType: For VAR_TYPE = 'data' or 'support_data', if no LABLAXIS, LABL_PTR_i is required.
  dataConfidence: For VAR_TYPE = 'data' or 'support_data', if no LABLAXIS, LABL_PTR_i is required.
  recTypeHead: For VAR_TYPE = 'data' or 'support_data', if no LABLAXIS, LABL_PTR_i is required.
  telFmtHead: For VAR_TYPE = 'data' or 'support_data', if no LABLAXIS, LABL_PTR_i is required.
  scIDHead: For VAR_TYPE = 'data' or 'support_data', if no LABLAXIS, LABL_PTR_i is required.
  runMonthHead: For VAR_TYPE = 'data' or 'support_data', if no LABLAXIS, LABL_PTR_i is required.
  runTypeHead: For VAR_TYPE = 'data' or 'support_data', if no LABLAXIS, LABL_PTR_i is required.
  coordHead: For VAR_TYPE = 'data' or 'support_data', if no LABLAXIS, LABL_PTR_i is required.
  zeroNameHead: For VAR_TYPE = 'data' or 'support_data', if no LABLAXIS, LABL_PTR_i is required.
  sensNameHead: For VAR_TYPE = 'data' or 'support_data', if no LABLAXIS, LABL_PTR_i is required.
  recTypeTrail: For VAR_TYPE = 'data' or 'support_data', if no LABLAXIS, LABL_PTR_i is required.
  telFmtTrail: For VAR_TYPE = 'data' or 'support_data', if no LABLAXIS, LABL_PTR_i is required.
  scIDTrail: For VAR_TYPE = 'data' or 'support_data', if no LABLAXIS, LABL_PTR_i is required.
  runMonthTrail: For VAR_TYPE = 'data' or 'support_data', if no LABLAXIS, LABL_PTR_i is required.
  runTypeTrail: For VAR_TYPE = 'data' or 'support_data', if no LABLAXIS, LABL_PTR_i is required.
  coordTrail: For VAR_TYPE = 'data' or 'support_data', if no LABLAXIS, LABL_PTR_i is required.
  zeroNameTrail: For VAR_TYPE = 'data' or 'support_data', if no LABLAXIS, LABL_PTR_i is required.
  sensNameTrail: For VAR_TYPE = 'data' or 'support_data', if no LABLAXIS, LABL_PTR_i is required.
VOYAGER2_PLS_HIRES_PLASMA_DATA | IST.LABL_PTRMissing:
  Epoch: For VAR_TYPE = 'data' or 'support_data', if no LABLAXIS, LABL_PTR_i is required.
VOYAGER2_PLS_HIRES_PLASMA_DATA_HSH | IST.LABL_PTRMissing:
  Epoch: For VAR_TYPE = 'data' or 'support_data', if no LABLAXIS, LABL_PTR_i is required.
WI_EPACT_STEP-DIFFERENTIAL-ION-FLUX-1HR | IST.LABL_PTRMissing:
  H_index: For VAR_TYPE = 'data' or 'support_data', if no LABLAXIS, LABL_PTR_i is required.
  He_index: For VAR_TYPE = 'data' or 'support_data', if no LABLAXIS, LABL_PTR_i is required.
  CNO_index: For VAR_TYPE = 'data' or 'support_data', if no LABLAXIS, LABL_PTR_i is required.
  NeS_index: For VAR_TYPE = 'data' or 'support_data', if no LABLAXIS, LABL_PTR_i is required.
  Fe_index: For VAR_TYPE = 'data' or 'support_data', if no LABLAXIS, LABL_PTR_i is required.
  TELESCOPE_index: For VAR_TYPE = 'data' or 'support_data', if no LABLAXIS, LABL_PTR_i is required.
WI_EPACT_STEP-DIRECTIONAL-DIFF-CNO-FLUX-10MIN | IST.LABL_PTRMissing:
  CNO_index: For VAR_TYPE = 'data' or 'support_data', if no LABLAXIS, LABL_PTR_i is required.
  TELESCOPE_index: For VAR_TYPE = 'data' or 'support_data', if no LABLAXIS, LABL_PTR_i is required.
WI_EPACT_STEP-DIRECTIONAL-DIFF-FE-FLUX-10MIN | IST.LABL_PTRMissing:
  FE_index: For VAR_TYPE = 'data' or 'support_data', if no LABLAXIS, LABL_PTR_i is required.
  TELESCOPE_index: For VAR_TYPE = 'data' or 'support_data', if no LABLAXIS, LABL_PTR_i is required.
WI_EPACT_STEP-DIRECTIONAL-DIFF-H-FLUX-10MIN | IST.LABL_PTRMissing:
  H_index: For VAR_TYPE = 'data' or 'support_data', if no LABLAXIS, LABL_PTR_i is required.
  TELESCOPE_index: For VAR_TYPE = 'data' or 'support_data', if no LABLAXIS, LABL_PTR_i is required.
WI_EPACT_STEP-DIRECTIONAL-DIFF-HE-FLUX-10MIN | IST.LABL_PTRMissing:
  TELESCOPE_index: For VAR_TYPE = 'data' or 'support_data', if no LABLAXIS, LABL_PTR_i is required.
WI_H3_SWE | IST.LABL_PTRMissing:
  Epoch: For VAR_TYPE = 'data' or 'support_data', if no LABLAXIS, LABL_PTR_i is required.
WI_H4_SWE | IST.LABL_PTRMissing:
  Epoch: For VAR_TYPE = 'data' or 'support_data', if no LABLAXIS, LABL_PTR_i is required.
WI_H5_SWE | IST.LABL_PTRMissing:
  Epoch: For VAR_TYPE = 'data' or 'support_data', if no LABLAXIS, LABL_PTR_i is required.
WI_L2-1HOUR-SEP_EPACT-LEMT | IST.LABL_PTRMissing:
  ecenter_He: For VAR_TYPE = 'data' or 'support_data', if no LABLAXIS, LABL_PTR_i is required.
  ecenter_C: For VAR_TYPE = 'data' or 'support_data', if no LABLAXIS, LABL_PTR_i is required.
  ecenter_O: For VAR_TYPE = 'data' or 'support_data', if no LABLAXIS, LABL_PTR_i is required.
  ecenter_Ne: For VAR_TYPE = 'data' or 'support_data', if no LABLAXIS, LABL_PTR_i is required.
  ecenter_Si: For VAR_TYPE = 'data' or 'support_data', if no LABLAXIS, LABL_PTR_i is required.
  ecenter_Fe: For VAR_TYPE = 'data' or 'support_data', if no LABLAXIS, LABL_PTR_i is required.
WI_L2-30MIN_SMS-STICS-AFM-MAGNETOSPHERE | IST.LABL_PTRMissing:
  TELESCOPE_index: For VAR_TYPE = 'data' or 'support_data', if no LABLAXIS, LABL_PTR_i is required.
WI_L2-30MIN_SMS-STICS-AFM-SOLARWIND | IST.LABL_PTRMissing:
  TELESCOPE_index: For VAR_TYPE = 'data' or 'support_data', if no LABLAXIS, LABL_PTR_i is required.
WI_L2-3MIN_SMS-STICS-VDF-MAGNETOSPHERE | IST.LABL_PTRMissing:
  TELESCOPE_index: For VAR_TYPE = 'data' or 'support_data', if no LABLAXIS, LABL_PTR_i is required.
  STEP_index: For VAR_TYPE = 'data' or 'support_data', if no LABLAXIS, LABL_PTR_i is required.
WI_L2-3MIN_SMS-STICS-VDF-SOLARWIND | IST.LABL_PTRMissing:
  TELESCOPE_index: For VAR_TYPE = 'data' or 'support_data', if no LABLAXIS, LABL_PTR_i is required.
  STEP_index: For VAR_TYPE = 'data' or 'support_data', if no LABLAXIS, LABL_PTR_i is required.
WI_L2-5MIN-SEP_EPACT-LEMT | IST.LABL_PTRMissing:
  ecenter_He: For VAR_TYPE = 'data' or 'support_data', if no LABLAXIS, LABL_PTR_i is required.
  ecenter_C: For VAR_TYPE = 'data' or 'support_data', if no LABLAXIS, LABL_PTR_i is required.
  ecenter_O: For VAR_TYPE = 'data' or 'support_data', if no LABLAXIS, LABL_PTR_i is required.
  ecenter_Ne: For VAR_TYPE = 'data' or 'support_data', if no LABLAXIS, LABL_PTR_i is required.
  ecenter_Si: For VAR_TYPE = 'data' or 'support_data', if no LABLAXIS, LABL_PTR_i is required.
  ecenter_Fe: For VAR_TYPE = 'data' or 'support_data', if no LABLAXIS, LABL_PTR_i is required.
WI_L3-DUSTIMPACT_WAVES | IST.LABL_PTRMissing:
  TDS_Event_Number: For VAR_TYPE = 'data' or 'support_data', if no LABLAXIS, LABL_PTR_i is required.
  TDS_Event_Duration: For VAR_TYPE = 'data' or 'support_data', if no LABLAXIS, LABL_PTR_i is required.
WI_M0_SWE | IST.LABL_PTRMissing:
  Epoch: For VAR_TYPE = 'data' or 'support_data', if no LABLAXIS, LABL_PTR_i is required.
WI_M2_SWE | IST.LABL_PTRMissing:
  Epoch: For VAR_TYPE = 'data' or 'support_data', if no LABLAXIS, LABL_PTR_i is required.
WI_STRAHL0_SWE | IST.LABL_PTRMissing:
  Epoch: For VAR_TYPE = 'data' or 'support_data', if no LABLAXIS, LABL_PTR_i is required.