A1_K0_MPA | ISTP.DISPLAY_TYPE.Unknown:
  sc_pos_syngci: sc_pos_syngci DISPLAY_TYPE = 'TIME_SERIES' is not in list of known display types. Will attempt to infer using DISPLAY_TYPE.strip().lower().
A2_K0_MPA | ISTP.DISPLAY_TYPE.Unknown:
  sc_pos_syngci: sc_pos_syngci DISPLAY_TYPE = 'TIME_SERIES' is not in list of known display types. Will attempt to infer using DISPLAY_TYPE.strip().lower().
AC_OR_SSC | ISTP.DISPLAY_TYPE.Unknown:
  cartesian: cartesian DISPLAY_TYPE = 'TIME_SERIES' is not in list of known display types. Will attempt to infer using DISPLAY_TYPE.strip().lower().
  xyz_lbl: xyz_lbl DISPLAY_TYPE = 'TIME_SERIES' is not in list of known display types. Will attempt to infer using DISPLAY_TYPE.strip().lower().
ALOUETTE2_AV_LIM | ISTP.DISPLAY_TYPE.Unknown:
  freq_mark: freq_mark DISPLAY_TYPE = 'xyplot' is not in list of known display types. Will attempt to infer using DISPLAY_TYPE.strip().lower().
ALOUETTE2_AV_QUI | ISTP.DISPLAY_TYPE.Unknown:
  freq_mark: freq_mark DISPLAY_TYPE = 'xyplot' is not in list of known display types. Will attempt to infer using DISPLAY_TYPE.strip().lower().
ALOUETTE2_AV_SNT | ISTP.DISPLAY_TYPE.Unknown:
  freq_mark: freq_mark DISPLAY_TYPE = 'xyplot' is not in list of known display types. Will attempt to infer using DISPLAY_TYPE.strip().lower().
ALOUETTE2_AV_SOL | ISTP.DISPLAY_TYPE.Unknown:
  freq_mark: freq_mark DISPLAY_TYPE = 'xyplot' is not in list of known display types. Will attempt to infer using DISPLAY_TYPE.strip().lower().
ALOUETTE2_AV_ULA | ISTP.DISPLAY_TYPE.Unknown:
  freq_mark: freq_mark DISPLAY_TYPE = 'xyplot' is not in list of known display types. Will attempt to infer using DISPLAY_TYPE.strip().lower().
ALOUETTE2_AV_WNK | ISTP.DISPLAY_TYPE.Unknown:
  freq_mark: freq_mark DISPLAY_TYPE = 'xyplot' is not in list of known display types. Will attempt to infer using DISPLAY_TYPE.strip().lower().
C1_CP_CIS-CODIF_HS_H1_PEF | ISTP.DISPLAY_TYPE.Unknown:
  ions_3d__C1_CP_CIS_CODIF_HS_H1_PEF: ions_3d__C1_CP_CIS_CODIF_HS_H1_PEF DISPLAY_TYPE = 'no_plot' is not in list of known display types. Will attempt to infer using DISPLAY_TYPE.strip().lower().
C1_CP_CIS-CODIF_HS_H1_PF | ISTP.DISPLAY_TYPE.Unknown:
  ions_3d__C1_CP_CIS_CODIF_HS_H1_PF: ions_3d__C1_CP_CIS_CODIF_HS_H1_PF DISPLAY_TYPE = 'no_plot' is not in list of known display types. Will attempt to infer using DISPLAY_TYPE.strip().lower().
C1_CP_CIS-CODIF_HS_H1_PSD | ISTP.DISPLAY_TYPE.Unknown:
  ions_3d__C1_CP_CIS_CODIF_HS_H1_PSD: ions_3d__C1_CP_CIS_CODIF_HS_H1_PSD DISPLAY_TYPE = 'no_plot' is not in list of known display types. Will attempt to infer using DISPLAY_TYPE.strip().lower().
C1_CP_CIS-CODIF_HS_HE1_PF | ISTP.DISPLAY_TYPE.Unknown:
  ions_3d__C1_CP_CIS_CODIF_HS_He1_PF: ions_3d__C1_CP_CIS_CODIF_HS_He1_PF DISPLAY_TYPE = 'no_plot' is not in list of known display types. Will attempt to infer using DISPLAY_TYPE.strip().lower().
C1_CP_CIS-CODIF_HS_HE1_PSD | ISTP.DISPLAY_TYPE.Unknown:
  ions_3d__C1_CP_CIS_CODIF_HS_He1_PSD: ions_3d__C1_CP_CIS_CODIF_HS_He1_PSD DISPLAY_TYPE = 'no_plot' is not in list of known display types. Will attempt to infer using DISPLAY_TYPE.strip().lower().
C1_CP_CIS-CODIF_HS_O1_PEF | ISTP.DISPLAY_TYPE.Unknown:
  ions_3d__C1_CP_CIS_CODIF_HS_O1_PEF: ions_3d__C1_CP_CIS_CODIF_HS_O1_PEF DISPLAY_TYPE = 'no_plot' is not in list of known display types. Will attempt to infer using DISPLAY_TYPE.strip().lower().
C1_CP_CIS-CODIF_HS_O1_PF | ISTP.DISPLAY_TYPE.Unknown:
  ions_3d__C1_CP_CIS_CODIF_HS_O1_PF: ions_3d__C1_CP_CIS_CODIF_HS_O1_PF DISPLAY_TYPE = 'no_plot' is not in list of known display types. Will attempt to infer using DISPLAY_TYPE.strip().lower().
C1_CP_CIS-CODIF_HS_O1_PSD | ISTP.DISPLAY_TYPE.Unknown:
  ions_3d__C1_CP_CIS_CODIF_HS_O1_PSD: ions_3d__C1_CP_CIS_CODIF_HS_O1_PSD DISPLAY_TYPE = 'no_plot' is not in list of known display types. Will attempt to infer using DISPLAY_TYPE.strip().lower().
C1_CP_CIS-HIA_HS_MAG_IONS_PEF | ISTP.DISPLAY_TYPE.Unknown:
  ions_3d__C1_CP_CIS_HIA_HS_MAG_IONS_PEF: ions_3d__C1_CP_CIS_HIA_HS_MAG_IONS_PEF DISPLAY_TYPE = 'no_plot' is not in list of known display types. Will attempt to infer using DISPLAY_TYPE.strip().lower().
C1_CP_CIS-HIA_HS_MAG_IONS_PF | ISTP.DISPLAY_TYPE.Unknown:
  ions_3d__C1_CP_CIS_HIA_HS_MAG_IONS_PF: ions_3d__C1_CP_CIS_HIA_HS_MAG_IONS_PF DISPLAY_TYPE = 'no_plot' is not in list of known display types. Will attempt to infer using DISPLAY_TYPE.strip().lower().
C1_CP_CIS-HIA_HS_MAG_IONS_PSD | ISTP.DISPLAY_TYPE.Unknown:
  ions_3d__C1_CP_CIS_HIA_HS_MAG_IONS_PSD: ions_3d__C1_CP_CIS_HIA_HS_MAG_IONS_PSD DISPLAY_TYPE = 'no_plot' is not in list of known display types. Will attempt to infer using DISPLAY_TYPE.strip().lower().
C1_CP_CIS-HIA_HS_SW_IONS_PEF | ISTP.DISPLAY_TYPE.Unknown:
  ions_3d__C1_CP_CIS_HIA_HS_SW_IONS_PEF: ions_3d__C1_CP_CIS_HIA_HS_SW_IONS_PEF DISPLAY_TYPE = 'no_plot' is not in list of known display types. Will attempt to infer using DISPLAY_TYPE.strip().lower().
C1_CP_CIS-HIA_HS_SW_IONS_PF | ISTP.DISPLAY_TYPE.Unknown:
  ions_3d__C1_CP_CIS_HIA_HS_SW_IONS_PF: ions_3d__C1_CP_CIS_HIA_HS_SW_IONS_PF DISPLAY_TYPE = 'no_plot' is not in list of known display types. Will attempt to infer using DISPLAY_TYPE.strip().lower().
C1_CP_CIS-HIA_HS_SW_IONS_PSD | ISTP.DISPLAY_TYPE.Unknown:
  ions_3d__C1_CP_CIS_HIA_HS_SW_IONS_PSD: ions_3d__C1_CP_CIS_HIA_HS_SW_IONS_PSD DISPLAY_TYPE = 'no_plot' is not in list of known display types. Will attempt to infer using DISPLAY_TYPE.strip().lower().
C1_CP_CIS-HIA_LS_SW_IONS_PEF | ISTP.DISPLAY_TYPE.Unknown:
  ions_3d__C1_CP_CIS_HIA_LS_SW_IONS_PEF: ions_3d__C1_CP_CIS_HIA_LS_SW_IONS_PEF DISPLAY_TYPE = 'no_plot' is not in list of known display types. Will attempt to infer using DISPLAY_TYPE.strip().lower().
C1_CP_CIS-HIA_LS_SW_IONS_PF | ISTP.DISPLAY_TYPE.Unknown:
  ions_3d__C1_CP_CIS_HIA_LS_SW_IONS_PF: ions_3d__C1_CP_CIS_HIA_LS_SW_IONS_PF DISPLAY_TYPE = 'no_plot' is not in list of known display types. Will attempt to infer using DISPLAY_TYPE.strip().lower().
C1_CP_CIS-HIA_LS_SW_IONS_PSD | ISTP.DISPLAY_TYPE.Unknown:
  ions_3d__C1_CP_CIS_HIA_LS_SW_IONS_PSD: ions_3d__C1_CP_CIS_HIA_LS_SW_IONS_PSD DISPLAY_TYPE = 'no_plot' is not in list of known display types. Will attempt to infer using DISPLAY_TYPE.strip().lower().
C1_CP_RAP_E3DD | ISTP.DISPLAY_TYPE.Unknown:
  Electron_Dif_flux_3D__C1_CP_RAP_E3DD: Electron_Dif_flux_3D__C1_CP_RAP_E3DD DISPLAY_TYPE = 'Spectrogram' is not in list of known display types. Will attempt to infer using DISPLAY_TYPE.strip().lower().
  Electron_Dif_flux_3D_SD__C1_CP_RAP_E3DD: Electron_Dif_flux_3D_SD__C1_CP_RAP_E3DD DISPLAY_TYPE = 'no_plot' is not in list of known display types. Will attempt to infer using DISPLAY_TYPE.strip().lower().
C1_CP_RAP_ESPCT6 | ISTP.DISPLAY_TYPE.Unknown:
  Electron_Dif_flux__C1_CP_RAP_ESPCT6: Electron_Dif_flux__C1_CP_RAP_ESPCT6 DISPLAY_TYPE = 'Spectrogram' is not in list of known display types. Will attempt to infer using DISPLAY_TYPE.strip().lower().
  Electron_Dif_flux_SD__C1_CP_RAP_ESPCT6: Electron_Dif_flux_SD__C1_CP_RAP_ESPCT6 DISPLAY_TYPE = 'no_plot' is not in list of known display types. Will attempt to infer using DISPLAY_TYPE.strip().lower().
C1_CP_RAP_HSPCT | ISTP.DISPLAY_TYPE.Unknown:
  Proton_Dif_flux__C1_CP_RAP_HSPCT: Proton_Dif_flux__C1_CP_RAP_HSPCT DISPLAY_TYPE = 'Spectrogram' is not in list of known display types. Will attempt to infer using DISPLAY_TYPE.strip().lower().
  Proton_Dif_flux_SD__C1_CP_RAP_HSPCT: Proton_Dif_flux_SD__C1_CP_RAP_HSPCT DISPLAY_TYPE = 'no_plot' is not in list of known display types. Will attempt to infer using DISPLAY_TYPE.strip().lower().
C1_CP_RAP_I3DM_CNO | ISTP.DISPLAY_TYPE.Unknown:
  CNO_Dif_flux_3DM__C1_CP_RAP_I3DM_CNO: CNO_Dif_flux_3DM__C1_CP_RAP_I3DM_CNO DISPLAY_TYPE = 'Spectrogram' is not in list of known display types. Will attempt to infer using DISPLAY_TYPE.strip().lower().
  CNO_Dif_flux_3DM_SD__C1_CP_RAP_I3DM_CNO: CNO_Dif_flux_3DM_SD__C1_CP_RAP_I3DM_CNO DISPLAY_TYPE = 'no_plot' is not in list of known display types. Will attempt to infer using DISPLAY_TYPE.strip().lower().
C1_CP_RAP_I3DM_H | ISTP.DISPLAY_TYPE.Unknown:
  Proton_Dif_flux_3DM__C1_CP_RAP_I3DM_H: Proton_Dif_flux_3DM__C1_CP_RAP_I3DM_H DISPLAY_TYPE = 'Spectrogram' is not in list of known display types. Will attempt to infer using DISPLAY_TYPE.strip().lower().
  Proton_Dif_flux_3DM_SD__C1_CP_RAP_I3DM_H: Proton_Dif_flux_3DM_SD__C1_CP_RAP_I3DM_H DISPLAY_TYPE = 'no_plot' is not in list of known display types. Will attempt to infer using DISPLAY_TYPE.strip().lower().
C1_CP_RAP_I3DM_HE | ISTP.DISPLAY_TYPE.Unknown:
  Helium_Dif_flux_3DM__C1_CP_RAP_I3DM_He: Helium_Dif_flux_3DM__C1_CP_RAP_I3DM_He DISPLAY_TYPE = 'Spectrogram' is not in list of known display types. Will attempt to infer using DISPLAY_TYPE.strip().lower().
  Helium_Dif_flux_3DM_SD__C1_CP_RAP_I3DM_He: Helium_Dif_flux_3DM_SD__C1_CP_RAP_I3DM_He DISPLAY_TYPE = 'no_plot' is not in list of known display types. Will attempt to infer using DISPLAY_TYPE.strip().lower().
C1_CP_RAP_ISPCT_CNO | ISTP.DISPLAY_TYPE.Unknown:
  CNO_Dif_flux__C1_CP_RAP_ISPCT_CNO: CNO_Dif_flux__C1_CP_RAP_ISPCT_CNO DISPLAY_TYPE = 'Spectrogram' is not in list of known display types. Will attempt to infer using DISPLAY_TYPE.strip().lower().
  CNO_Dif_flux_SD__C1_CP_RAP_ISPCT_CNO: CNO_Dif_flux_SD__C1_CP_RAP_ISPCT_CNO DISPLAY_TYPE = 'no_plot' is not in list of known display types. Will attempt to infer using DISPLAY_TYPE.strip().lower().
C1_CP_RAP_ISPCT_HE | ISTP.DISPLAY_TYPE.Unknown:
  Helium_Dif_flux__C1_CP_RAP_ISPCT_He: Helium_Dif_flux__C1_CP_RAP_ISPCT_He DISPLAY_TYPE = 'Spectrogram' is not in list of known display types. Will attempt to infer using DISPLAY_TYPE.strip().lower().
  Helium_Dif_flux_SD__C1_CP_RAP_ISPCT_He: Helium_Dif_flux_SD__C1_CP_RAP_ISPCT_He DISPLAY_TYPE = 'no_plot' is not in list of known display types. Will attempt to infer using DISPLAY_TYPE.strip().lower().
C1_CP_RAP_L3DD | ISTP.DISPLAY_TYPE.Unknown:
  Electron_L_Dif_flux_3D__C1_CP_RAP_L3DD: Electron_L_Dif_flux_3D__C1_CP_RAP_L3DD DISPLAY_TYPE = 'Spectrogram' is not in list of known display types. Will attempt to infer using DISPLAY_TYPE.strip().lower().
  Electron_L_Dif_flux_3D_SD__C1_CP_RAP_L3DD: Electron_L_Dif_flux_3D_SD__C1_CP_RAP_L3DD DISPLAY_TYPE = 'no_plot' is not in list of known display types. Will attempt to infer using DISPLAY_TYPE.strip().lower().
C1_CP_RAP_PAD_CNO | ISTP.DISPLAY_TYPE.Unknown:
  PAD_CNO_Dif_flux__C1_CP_RAP_PAD_CNO: PAD_CNO_Dif_flux__C1_CP_RAP_PAD_CNO DISPLAY_TYPE = 'Spectrogram' is not in list of known display types. Will attempt to infer using DISPLAY_TYPE.strip().lower().
  PAD_CNO_Dif_flux_SD__C1_CP_RAP_PAD_CNO: PAD_CNO_Dif_flux_SD__C1_CP_RAP_PAD_CNO DISPLAY_TYPE = 'no_plot' is not in list of known display types. Will attempt to infer using DISPLAY_TYPE.strip().lower().
C1_CP_RAP_PAD_E3DD | ISTP.DISPLAY_TYPE.Unknown:
  PAD_Electron_Dif_flux__C1_CP_RAP_PAD_E3DD: PAD_Electron_Dif_flux__C1_CP_RAP_PAD_E3DD DISPLAY_TYPE = 'Spectrogram' is not in list of known display types. Will attempt to infer using DISPLAY_TYPE.strip().lower().
  PAD_Electron_Dif_flux_SD__C1_CP_RAP_PAD_E3DD: PAD_Electron_Dif_flux_SD__C1_CP_RAP_PAD_E3DD DISPLAY_TYPE = 'no_plot' is not in list of known display types. Will attempt to infer using DISPLAY_TYPE.strip().lower().
C1_CP_RAP_PAD_H | ISTP.DISPLAY_TYPE.Unknown:
  PAD_Proton_Dif_flux__C1_CP_RAP_PAD_H: PAD_Proton_Dif_flux__C1_CP_RAP_PAD_H DISPLAY_TYPE = 'Spectrogram' is not in list of known display types. Will attempt to infer using DISPLAY_TYPE.strip().lower().
  PAD_Proton_Dif_flux_SD__C1_CP_RAP_PAD_H: PAD_Proton_Dif_flux_SD__C1_CP_RAP_PAD_H DISPLAY_TYPE = 'no_plot' is not in list of known display types. Will attempt to infer using DISPLAY_TYPE.strip().lower().
C1_CP_RAP_PAD_HE | ISTP.DISPLAY_TYPE.Unknown:
  PAD_He_Dif_flux__C1_CP_RAP_PAD_He: PAD_He_Dif_flux__C1_CP_RAP_PAD_He DISPLAY_TYPE = 'Spectrogram' is not in list of known display types. Will attempt to infer using DISPLAY_TYPE.strip().lower().
  PAD_He_Dif_flux_SD__C1_CP_RAP_PAD_He: PAD_He_Dif_flux_SD__C1_CP_RAP_PAD_He DISPLAY_TYPE = 'no_plot' is not in list of known display types. Will attempt to infer using DISPLAY_TYPE.strip().lower().
C1_CP_RAP_PAD_L3DD | ISTP.DISPLAY_TYPE.Unknown:
  PAD_Electron_L_Dif_flux__C1_CP_RAP_PAD_L3DD: PAD_Electron_L_Dif_flux__C1_CP_RAP_PAD_L3DD DISPLAY_TYPE = 'Spectrogram' is not in list of known display types. Will attempt to infer using DISPLAY_TYPE.strip().lower().
  PAD_Electron_L_Dif_flux_SD__C1_CP_RAP_PAD_L3DD: PAD_Electron_L_Dif_flux_SD__C1_CP_RAP_PAD_L3DD DISPLAY_TYPE = 'no_plot' is not in list of known display types. Will attempt to infer using DISPLAY_TYPE.strip().lower().
C1_CP_STA_SM | ISTP.DISPLAY_TYPE.Unknown:
  BB_xyz_xyz_sr2__C1_CP_STA_SM: BB_xyz_xyz_sr2__C1_CP_STA_SM DISPLAY_TYPE = 'no_plot' is not in list of known display types. Will attempt to infer using DISPLAY_TYPE.strip().lower().
  EE_xy_xy_sr2__C1_CP_STA_SM: EE_xy_xy_sr2__C1_CP_STA_SM DISPLAY_TYPE = 'no_plot' is not in list of known display types. Will attempt to infer using DISPLAY_TYPE.strip().lower().
  BE_xyz_xy_sr2__C1_CP_STA_SM: BE_xyz_xy_sr2__C1_CP_STA_SM DISPLAY_TYPE = 'no_plot' is not in list of known display types. Will attempt to infer using DISPLAY_TYPE.strip().lower().
C1_PP_ASP | ISTP.DISPLAY_TYPE.Unknown:
  Status__C1_PP_ASP: Status__C1_PP_ASP DISPLAY_TYPE = 'time_series ' is not in list of known display types. Will attempt to infer using DISPLAY_TYPE.strip().lower().
C1_PP_CIS | ISTP.DISPLAY_TYPE.Unknown:
  Status__C1_PP_CIS: Status__C1_PP_CIS DISPLAY_TYPE = 'time_series ' is not in list of known display types. Will attempt to infer using DISPLAY_TYPE.strip().lower().
C1_PP_EDI | ISTP.DISPLAY_TYPE.Unknown:
  Status__C1_PP_EDI: Status__C1_PP_EDI DISPLAY_TYPE = 'time_series ' is not in list of known display types. Will attempt to infer using DISPLAY_TYPE.strip().lower().
C1_PP_EFW | ISTP.DISPLAY_TYPE.Unknown:
  Status__C1_PP_EFW: Status__C1_PP_EFW DISPLAY_TYPE = 'time_series ' is not in list of known display types. Will attempt to infer using DISPLAY_TYPE.strip().lower().
  State_wec__C1_PP_EFW: State_wec__C1_PP_EFW DISPLAY_TYPE = 'time_series ' is not in list of known display types. Will attempt to infer using DISPLAY_TYPE.strip().lower().
C1_PP_STA | ISTP.DISPLAY_TYPE.Unknown:
  Status__C1_PP_STA: Status__C1_PP_STA DISPLAY_TYPE = 'time_series ' is not in list of known display types. Will attempt to infer using DISPLAY_TYPE.strip().lower().
  State_wec__C1_PP_STA: State_wec__C1_PP_STA DISPLAY_TYPE = 'time_series ' is not in list of known display types. Will attempt to infer using DISPLAY_TYPE.strip().lower().
C1_PP_WHI | ISTP.DISPLAY_TYPE.Unknown:
  Status__C1_PP_WHI: Status__C1_PP_WHI DISPLAY_TYPE = 'time_series ' is not in list of known display types. Will attempt to infer using DISPLAY_TYPE.strip().lower().
  State_wec__C1_PP_WHI: State_wec__C1_PP_WHI DISPLAY_TYPE = 'time_series ' is not in list of known display types. Will attempt to infer using DISPLAY_TYPE.strip().lower().
C2_CP_RAP_E3DD | ISTP.DISPLAY_TYPE.Unknown:
  Electron_Dif_flux_3D__C2_CP_RAP_E3DD: Electron_Dif_flux_3D__C2_CP_RAP_E3DD DISPLAY_TYPE = 'Spectrogram' is not in list of known display types. Will attempt to infer using DISPLAY_TYPE.strip().lower().
  Electron_Dif_flux_3D_SD__C2_CP_RAP_E3DD: Electron_Dif_flux_3D_SD__C2_CP_RAP_E3DD DISPLAY_TYPE = 'no_plot' is not in list of known display types. Will attempt to infer using DISPLAY_TYPE.strip().lower().
C2_CP_RAP_ESPCT6 | ISTP.DISPLAY_TYPE.Unknown:
  Electron_Dif_flux__C2_CP_RAP_ESPCT6: Electron_Dif_flux__C2_CP_RAP_ESPCT6 DISPLAY_TYPE = 'Spectrogram' is not in list of known display types. Will attempt to infer using DISPLAY_TYPE.strip().lower().
  Electron_Dif_flux_SD__C2_CP_RAP_ESPCT6: Electron_Dif_flux_SD__C2_CP_RAP_ESPCT6 DISPLAY_TYPE = 'no_plot' is not in list of known display types. Will attempt to infer using DISPLAY_TYPE.strip().lower().
C2_CP_RAP_HSPCT | ISTP.DISPLAY_TYPE.Unknown:
  Proton_Dif_flux__C2_CP_RAP_HSPCT: Proton_Dif_flux__C2_CP_RAP_HSPCT DISPLAY_TYPE = 'Spectrogram' is not in list of known display types. Will attempt to infer using DISPLAY_TYPE.strip().lower().
  Proton_Dif_flux_SD__C2_CP_RAP_HSPCT: Proton_Dif_flux_SD__C2_CP_RAP_HSPCT DISPLAY_TYPE = 'no_plot' is not in list of known display types. Will attempt to infer using DISPLAY_TYPE.strip().lower().
C2_CP_RAP_I3DM_CNO | ISTP.DISPLAY_TYPE.Unknown:
  CNO_Dif_flux_3DM__C2_CP_RAP_I3DM_CNO: CNO_Dif_flux_3DM__C2_CP_RAP_I3DM_CNO DISPLAY_TYPE = 'Spectrogram' is not in list of known display types. Will attempt to infer using DISPLAY_TYPE.strip().lower().
  CNO_Dif_flux_3DM_SD__C2_CP_RAP_I3DM_CNO: CNO_Dif_flux_3DM_SD__C2_CP_RAP_I3DM_CNO DISPLAY_TYPE = 'no_plot' is not in list of known display types. Will attempt to infer using DISPLAY_TYPE.strip().lower().
C2_CP_RAP_I3DM_H | ISTP.DISPLAY_TYPE.Unknown:
  Proton_Dif_flux_3DM__C2_CP_RAP_I3DM_H: Proton_Dif_flux_3DM__C2_CP_RAP_I3DM_H DISPLAY_TYPE = 'Spectrogram' is not in list of known display types. Will attempt to infer using DISPLAY_TYPE.strip().lower().
  Proton_Dif_flux_3DM_SD__C2_CP_RAP_I3DM_H: Proton_Dif_flux_3DM_SD__C2_CP_RAP_I3DM_H DISPLAY_TYPE = 'no_plot' is not in list of known display types. Will attempt to infer using DISPLAY_TYPE.strip().lower().
C2_CP_RAP_I3DM_HE | ISTP.DISPLAY_TYPE.Unknown:
  Helium_Dif_flux_3DM__C2_CP_RAP_I3DM_He: Helium_Dif_flux_3DM__C2_CP_RAP_I3DM_He DISPLAY_TYPE = 'Spectrogram' is not in list of known display types. Will attempt to infer using DISPLAY_TYPE.strip().lower().
  Helium_Dif_flux_3DM_SD__C2_CP_RAP_I3DM_He: Helium_Dif_flux_3DM_SD__C2_CP_RAP_I3DM_He DISPLAY_TYPE = 'no_plot' is not in list of known display types. Will attempt to infer using DISPLAY_TYPE.strip().lower().
C2_CP_RAP_ISPCT_CNO | ISTP.DISPLAY_TYPE.Unknown:
  CNO_Dif_flux__C2_CP_RAP_ISPCT_CNO: CNO_Dif_flux__C2_CP_RAP_ISPCT_CNO DISPLAY_TYPE = 'Spectrogram' is not in list of known display types. Will attempt to infer using DISPLAY_TYPE.strip().lower().
  CNO_Dif_flux_SD__C2_CP_RAP_ISPCT_CNO: CNO_Dif_flux_SD__C2_CP_RAP_ISPCT_CNO DISPLAY_TYPE = 'no_plot' is not in list of known display types. Will attempt to infer using DISPLAY_TYPE.strip().lower().
C2_CP_RAP_ISPCT_HE | ISTP.DISPLAY_TYPE.Unknown:
  Helium_Dif_flux__C2_CP_RAP_ISPCT_He: Helium_Dif_flux__C2_CP_RAP_ISPCT_He DISPLAY_TYPE = 'Spectrogram' is not in list of known display types. Will attempt to infer using DISPLAY_TYPE.strip().lower().
  Helium_Dif_flux_SD__C2_CP_RAP_ISPCT_He: Helium_Dif_flux_SD__C2_CP_RAP_ISPCT_He DISPLAY_TYPE = 'no_plot' is not in list of known display types. Will attempt to infer using DISPLAY_TYPE.strip().lower().
C2_CP_RAP_L3DD | ISTP.DISPLAY_TYPE.Unknown:
  Electron_L_Dif_flux_3D__C2_CP_RAP_L3DD: Electron_L_Dif_flux_3D__C2_CP_RAP_L3DD DISPLAY_TYPE = 'Spectrogram' is not in list of known display types. Will attempt to infer using DISPLAY_TYPE.strip().lower().
  Electron_L_Dif_flux_3D_SD__C2_CP_RAP_L3DD: Electron_L_Dif_flux_3D_SD__C2_CP_RAP_L3DD DISPLAY_TYPE = 'no_plot' is not in list of known display types. Will attempt to infer using DISPLAY_TYPE.strip().lower().
C2_CP_RAP_PAD_E3DD | ISTP.DISPLAY_TYPE.Unknown:
  PAD_Electron_Dif_flux__C2_CP_RAP_PAD_E3DD: PAD_Electron_Dif_flux__C2_CP_RAP_PAD_E3DD DISPLAY_TYPE = 'Spectrogram' is not in list of known display types. Will attempt to infer using DISPLAY_TYPE.strip().lower().
  PAD_Electron_Dif_flux_SD__C2_CP_RAP_PAD_E3DD: PAD_Electron_Dif_flux_SD__C2_CP_RAP_PAD_E3DD DISPLAY_TYPE = 'no_plot' is not in list of known display types. Will attempt to infer using DISPLAY_TYPE.strip().lower().
C2_CP_RAP_PAD_H | ISTP.DISPLAY_TYPE.Unknown:
  PAD_Proton_Dif_flux__C2_CP_RAP_PAD_H: PAD_Proton_Dif_flux__C2_CP_RAP_PAD_H DISPLAY_TYPE = 'Spectrogram' is not in list of known display types. Will attempt to infer using DISPLAY_TYPE.strip().lower().
  PAD_Proton_Dif_flux_SD__C2_CP_RAP_PAD_H: PAD_Proton_Dif_flux_SD__C2_CP_RAP_PAD_H DISPLAY_TYPE = 'no_plot' is not in list of known display types. Will attempt to infer using DISPLAY_TYPE.strip().lower().
C2_CP_RAP_PAD_HE | ISTP.DISPLAY_TYPE.Unknown:
  PAD_He_Dif_flux__C2_CP_RAP_PAD_He: PAD_He_Dif_flux__C2_CP_RAP_PAD_He DISPLAY_TYPE = 'Spectrogram' is not in list of known display types. Will attempt to infer using DISPLAY_TYPE.strip().lower().
  PAD_He_Dif_flux_SD__C2_CP_RAP_PAD_He: PAD_He_Dif_flux_SD__C2_CP_RAP_PAD_He DISPLAY_TYPE = 'no_plot' is not in list of known display types. Will attempt to infer using DISPLAY_TYPE.strip().lower().
C2_CP_RAP_PAD_L3DD | ISTP.DISPLAY_TYPE.Unknown:
  PAD_Electron_L_Dif_flux__C2_CP_RAP_PAD_L3DD: PAD_Electron_L_Dif_flux__C2_CP_RAP_PAD_L3DD DISPLAY_TYPE = 'Spectrogram' is not in list of known display types. Will attempt to infer using DISPLAY_TYPE.strip().lower().
  PAD_Electron_L_Dif_flux_SD__C2_CP_RAP_PAD_L3DD: PAD_Electron_L_Dif_flux_SD__C2_CP_RAP_PAD_L3DD DISPLAY_TYPE = 'no_plot' is not in list of known display types. Will attempt to infer using DISPLAY_TYPE.strip().lower().
C2_CP_STA_SM | ISTP.DISPLAY_TYPE.Unknown:
  BB_xyz_xyz_sr2__C2_CP_STA_SM: BB_xyz_xyz_sr2__C2_CP_STA_SM DISPLAY_TYPE = 'no_plot' is not in list of known display types. Will attempt to infer using DISPLAY_TYPE.strip().lower().
  EE_xy_xy_sr2__C2_CP_STA_SM: EE_xy_xy_sr2__C2_CP_STA_SM DISPLAY_TYPE = 'no_plot' is not in list of known display types. Will attempt to infer using DISPLAY_TYPE.strip().lower().
  BE_xyz_xy_sr2__C2_CP_STA_SM: BE_xyz_xy_sr2__C2_CP_STA_SM DISPLAY_TYPE = 'no_plot' is not in list of known display types. Will attempt to infer using DISPLAY_TYPE.strip().lower().
C2_PP_ASP | ISTP.DISPLAY_TYPE.Unknown:
  Status__C2_PP_ASP: Status__C2_PP_ASP DISPLAY_TYPE = 'time_series ' is not in list of known display types. Will attempt to infer using DISPLAY_TYPE.strip().lower().
C2_PP_EDI | ISTP.DISPLAY_TYPE.Unknown:
  Status__C2_PP_EDI: Status__C2_PP_EDI DISPLAY_TYPE = 'time_series ' is not in list of known display types. Will attempt to infer using DISPLAY_TYPE.strip().lower().
C2_PP_EFW | ISTP.DISPLAY_TYPE.Unknown:
  Status__C2_PP_EFW: Status__C2_PP_EFW DISPLAY_TYPE = 'time_series ' is not in list of known display types. Will attempt to infer using DISPLAY_TYPE.strip().lower().
  State_wec__C2_PP_EFW: State_wec__C2_PP_EFW DISPLAY_TYPE = 'time_series ' is not in list of known display types. Will attempt to infer using DISPLAY_TYPE.strip().lower().
C2_PP_STA | ISTP.DISPLAY_TYPE.Unknown:
  Status__C2_PP_STA: Status__C2_PP_STA DISPLAY_TYPE = 'time_series ' is not in list of known display types. Will attempt to infer using DISPLAY_TYPE.strip().lower().
  State_wec__C2_PP_STA: State_wec__C2_PP_STA DISPLAY_TYPE = 'time_series ' is not in list of known display types. Will attempt to infer using DISPLAY_TYPE.strip().lower().
C2_PP_WHI | ISTP.DISPLAY_TYPE.Unknown:
  Status__C2_PP_WHI: Status__C2_PP_WHI DISPLAY_TYPE = 'time_series ' is not in list of known display types. Will attempt to infer using DISPLAY_TYPE.strip().lower().
  State_wec__C2_PP_WHI: State_wec__C2_PP_WHI DISPLAY_TYPE = 'time_series ' is not in list of known display types. Will attempt to infer using DISPLAY_TYPE.strip().lower().
C3_CP_CIS-CODIF_HS_H1_PEF | ISTP.DISPLAY_TYPE.Unknown:
  ions_3d__C3_CP_CIS_CODIF_HS_H1_PEF: ions_3d__C3_CP_CIS_CODIF_HS_H1_PEF DISPLAY_TYPE = 'no_plot' is not in list of known display types. Will attempt to infer using DISPLAY_TYPE.strip().lower().
C3_CP_CIS-CODIF_HS_H1_PF | ISTP.DISPLAY_TYPE.Unknown:
  ions_3d__C3_CP_CIS_CODIF_HS_H1_PF: ions_3d__C3_CP_CIS_CODIF_HS_H1_PF DISPLAY_TYPE = 'no_plot' is not in list of known display types. Will attempt to infer using DISPLAY_TYPE.strip().lower().
C3_CP_CIS-CODIF_HS_H1_PSD | ISTP.DISPLAY_TYPE.Unknown:
  ions_3d__C3_CP_CIS_CODIF_HS_H1_PSD: ions_3d__C3_CP_CIS_CODIF_HS_H1_PSD DISPLAY_TYPE = 'no_plot' is not in list of known display types. Will attempt to infer using DISPLAY_TYPE.strip().lower().
C3_CP_CIS-CODIF_HS_HE1_PF | ISTP.DISPLAY_TYPE.Unknown:
  ions_3d__C3_CP_CIS_CODIF_HS_He1_PF: ions_3d__C3_CP_CIS_CODIF_HS_He1_PF DISPLAY_TYPE = 'no_plot' is not in list of known display types. Will attempt to infer using DISPLAY_TYPE.strip().lower().
C3_CP_CIS-CODIF_HS_HE1_PSD | ISTP.DISPLAY_TYPE.Unknown:
  ions_3d__C3_CP_CIS_CODIF_HS_He1_PSD: ions_3d__C3_CP_CIS_CODIF_HS_He1_PSD DISPLAY_TYPE = 'no_plot' is not in list of known display types. Will attempt to infer using DISPLAY_TYPE.strip().lower().
C3_CP_CIS-CODIF_HS_O1_PEF | ISTP.DISPLAY_TYPE.Unknown:
  ions_3d__C3_CP_CIS_CODIF_HS_O1_PEF: ions_3d__C3_CP_CIS_CODIF_HS_O1_PEF DISPLAY_TYPE = 'no_plot' is not in list of known display types. Will attempt to infer using DISPLAY_TYPE.strip().lower().
C3_CP_CIS-CODIF_HS_O1_PF | ISTP.DISPLAY_TYPE.Unknown:
  ions_3d__C3_CP_CIS_CODIF_HS_O1_PF: ions_3d__C3_CP_CIS_CODIF_HS_O1_PF DISPLAY_TYPE = 'no_plot' is not in list of known display types. Will attempt to infer using DISPLAY_TYPE.strip().lower().
C3_CP_CIS-CODIF_HS_O1_PSD | ISTP.DISPLAY_TYPE.Unknown:
  ions_3d__C3_CP_CIS_CODIF_HS_O1_PSD: ions_3d__C3_CP_CIS_CODIF_HS_O1_PSD DISPLAY_TYPE = 'no_plot' is not in list of known display types. Will attempt to infer using DISPLAY_TYPE.strip().lower().
C3_CP_CIS-HIA_HS_MAG_IONS_PEF | ISTP.DISPLAY_TYPE.Unknown:
  ions_3d__C3_CP_CIS_HIA_HS_MAG_IONS_PEF: ions_3d__C3_CP_CIS_HIA_HS_MAG_IONS_PEF DISPLAY_TYPE = 'no_plot' is not in list of known display types. Will attempt to infer using DISPLAY_TYPE.strip().lower().
C3_CP_CIS-HIA_HS_MAG_IONS_PF | ISTP.DISPLAY_TYPE.Unknown:
  ions_3d__C3_CP_CIS_HIA_HS_MAG_IONS_PF: ions_3d__C3_CP_CIS_HIA_HS_MAG_IONS_PF DISPLAY_TYPE = 'no_plot' is not in list of known display types. Will attempt to infer using DISPLAY_TYPE.strip().lower().
C3_CP_CIS-HIA_HS_MAG_IONS_PSD | ISTP.DISPLAY_TYPE.Unknown:
  ions_3d__C3_CP_CIS_HIA_HS_MAG_IONS_PSD: ions_3d__C3_CP_CIS_HIA_HS_MAG_IONS_PSD DISPLAY_TYPE = 'no_plot' is not in list of known display types. Will attempt to infer using DISPLAY_TYPE.strip().lower().
C3_CP_CIS-HIA_HS_SW_IONS_PEF | ISTP.DISPLAY_TYPE.Unknown:
  ions_3d__C3_CP_CIS_HIA_HS_SW_IONS_PEF: ions_3d__C3_CP_CIS_HIA_HS_SW_IONS_PEF DISPLAY_TYPE = 'no_plot' is not in list of known display types. Will attempt to infer using DISPLAY_TYPE.strip().lower().
C3_CP_CIS-HIA_HS_SW_IONS_PF | ISTP.DISPLAY_TYPE.Unknown:
  ions_3d__C3_CP_CIS_HIA_HS_SW_IONS_PF: ions_3d__C3_CP_CIS_HIA_HS_SW_IONS_PF DISPLAY_TYPE = 'no_plot' is not in list of known display types. Will attempt to infer using DISPLAY_TYPE.strip().lower().
C3_CP_CIS-HIA_HS_SW_IONS_PSD | ISTP.DISPLAY_TYPE.Unknown:
  ions_3d__C3_CP_CIS_HIA_HS_SW_IONS_PSD: ions_3d__C3_CP_CIS_HIA_HS_SW_IONS_PSD DISPLAY_TYPE = 'no_plot' is not in list of known display types. Will attempt to infer using DISPLAY_TYPE.strip().lower().
C3_CP_CIS-HIA_LS_SW_IONS_PEF | ISTP.DISPLAY_TYPE.Unknown:
  ions_3d__C3_CP_CIS_HIA_LS_SW_IONS_PEF: ions_3d__C3_CP_CIS_HIA_LS_SW_IONS_PEF DISPLAY_TYPE = 'no_plot' is not in list of known display types. Will attempt to infer using DISPLAY_TYPE.strip().lower().
C3_CP_CIS-HIA_LS_SW_IONS_PF | ISTP.DISPLAY_TYPE.Unknown:
  ions_3d__C3_CP_CIS_HIA_LS_SW_IONS_PF: ions_3d__C3_CP_CIS_HIA_LS_SW_IONS_PF DISPLAY_TYPE = 'no_plot' is not in list of known display types. Will attempt to infer using DISPLAY_TYPE.strip().lower().
C3_CP_CIS-HIA_LS_SW_IONS_PSD | ISTP.DISPLAY_TYPE.Unknown:
  ions_3d__C3_CP_CIS_HIA_LS_SW_IONS_PSD: ions_3d__C3_CP_CIS_HIA_LS_SW_IONS_PSD DISPLAY_TYPE = 'no_plot' is not in list of known display types. Will attempt to infer using DISPLAY_TYPE.strip().lower().
C3_CP_RAP_E3DD | ISTP.DISPLAY_TYPE.Unknown:
  Electron_Dif_flux_3D__C3_CP_RAP_E3DD: Electron_Dif_flux_3D__C3_CP_RAP_E3DD DISPLAY_TYPE = 'Spectrogram' is not in list of known display types. Will attempt to infer using DISPLAY_TYPE.strip().lower().
  Electron_Dif_flux_3D_SD__C3_CP_RAP_E3DD: Electron_Dif_flux_3D_SD__C3_CP_RAP_E3DD DISPLAY_TYPE = 'no_plot' is not in list of known display types. Will attempt to infer using DISPLAY_TYPE.strip().lower().
C3_CP_RAP_ESPCT6 | ISTP.DISPLAY_TYPE.Unknown:
  Electron_Dif_flux__C3_CP_RAP_ESPCT6: Electron_Dif_flux__C3_CP_RAP_ESPCT6 DISPLAY_TYPE = 'Spectrogram' is not in list of known display types. Will attempt to infer using DISPLAY_TYPE.strip().lower().
  Electron_Dif_flux_SD__C3_CP_RAP_ESPCT6: Electron_Dif_flux_SD__C3_CP_RAP_ESPCT6 DISPLAY_TYPE = 'no_plot' is not in list of known display types. Will attempt to infer using DISPLAY_TYPE.strip().lower().
C3_CP_RAP_HSPCT | ISTP.DISPLAY_TYPE.Unknown:
  Proton_Dif_flux__C3_CP_RAP_HSPCT: Proton_Dif_flux__C3_CP_RAP_HSPCT DISPLAY_TYPE = 'Spectrogram' is not in list of known display types. Will attempt to infer using DISPLAY_TYPE.strip().lower().
  Proton_Dif_flux_SD__C3_CP_RAP_HSPCT: Proton_Dif_flux_SD__C3_CP_RAP_HSPCT DISPLAY_TYPE = 'no_plot' is not in list of known display types. Will attempt to infer using DISPLAY_TYPE.strip().lower().
C3_CP_RAP_I3DM_CNO | ISTP.DISPLAY_TYPE.Unknown:
  CNO_Dif_flux_3DM__C3_CP_RAP_I3DM_CNO: CNO_Dif_flux_3DM__C3_CP_RAP_I3DM_CNO DISPLAY_TYPE = 'Spectrogram' is not in list of known display types. Will attempt to infer using DISPLAY_TYPE.strip().lower().
  CNO_Dif_flux_3DM_SD__C3_CP_RAP_I3DM_CNO: CNO_Dif_flux_3DM_SD__C3_CP_RAP_I3DM_CNO DISPLAY_TYPE = 'no_plot' is not in list of known display types. Will attempt to infer using DISPLAY_TYPE.strip().lower().
C3_CP_RAP_I3DM_H | ISTP.DISPLAY_TYPE.Unknown:
  Proton_Dif_flux_3DM__C3_CP_RAP_I3DM_H: Proton_Dif_flux_3DM__C3_CP_RAP_I3DM_H DISPLAY_TYPE = 'Spectrogram' is not in list of known display types. Will attempt to infer using DISPLAY_TYPE.strip().lower().
  Proton_Dif_flux_3DM_SD__C3_CP_RAP_I3DM_H: Proton_Dif_flux_3DM_SD__C3_CP_RAP_I3DM_H DISPLAY_TYPE = 'no_plot' is not in list of known display types. Will attempt to infer using DISPLAY_TYPE.strip().lower().
C3_CP_RAP_I3DM_HE | ISTP.DISPLAY_TYPE.Unknown:
  Helium_Dif_flux_3DM__C3_CP_RAP_I3DM_He: Helium_Dif_flux_3DM__C3_CP_RAP_I3DM_He DISPLAY_TYPE = 'Spectrogram' is not in list of known display types. Will attempt to infer using DISPLAY_TYPE.strip().lower().
  Helium_Dif_flux_3DM_SD__C3_CP_RAP_I3DM_He: Helium_Dif_flux_3DM_SD__C3_CP_RAP_I3DM_He DISPLAY_TYPE = 'no_plot' is not in list of known display types. Will attempt to infer using DISPLAY_TYPE.strip().lower().
C3_CP_RAP_ISPCT_CNO | ISTP.DISPLAY_TYPE.Unknown:
  CNO_Dif_flux__C3_CP_RAP_ISPCT_CNO: CNO_Dif_flux__C3_CP_RAP_ISPCT_CNO DISPLAY_TYPE = 'Spectrogram' is not in list of known display types. Will attempt to infer using DISPLAY_TYPE.strip().lower().
  CNO_Dif_flux_SD__C3_CP_RAP_ISPCT_CNO: CNO_Dif_flux_SD__C3_CP_RAP_ISPCT_CNO DISPLAY_TYPE = 'no_plot' is not in list of known display types. Will attempt to infer using DISPLAY_TYPE.strip().lower().
C3_CP_RAP_ISPCT_HE | ISTP.DISPLAY_TYPE.Unknown:
  Helium_Dif_flux__C3_CP_RAP_ISPCT_He: Helium_Dif_flux__C3_CP_RAP_ISPCT_He DISPLAY_TYPE = 'Spectrogram' is not in list of known display types. Will attempt to infer using DISPLAY_TYPE.strip().lower().
  Helium_Dif_flux_SD__C3_CP_RAP_ISPCT_He: Helium_Dif_flux_SD__C3_CP_RAP_ISPCT_He DISPLAY_TYPE = 'no_plot' is not in list of known display types. Will attempt to infer using DISPLAY_TYPE.strip().lower().
C3_CP_RAP_L3DD | ISTP.DISPLAY_TYPE.Unknown:
  Electron_L_Dif_flux_3D__C3_CP_RAP_L3DD: Electron_L_Dif_flux_3D__C3_CP_RAP_L3DD DISPLAY_TYPE = 'Spectrogram' is not in list of known display types. Will attempt to infer using DISPLAY_TYPE.strip().lower().
  Electron_L_Dif_flux_3D_SD__C3_CP_RAP_L3DD: Electron_L_Dif_flux_3D_SD__C3_CP_RAP_L3DD DISPLAY_TYPE = 'no_plot' is not in list of known display types. Will attempt to infer using DISPLAY_TYPE.strip().lower().
C3_CP_RAP_PAD_CNO | ISTP.DISPLAY_TYPE.Unknown:
  PAD_CNO_Dif_flux__C3_CP_RAP_PAD_CNO: PAD_CNO_Dif_flux__C3_CP_RAP_PAD_CNO DISPLAY_TYPE = 'Spectrogram' is not in list of known display types. Will attempt to infer using DISPLAY_TYPE.strip().lower().
  PAD_CNO_Dif_flux_SD__C3_CP_RAP_PAD_CNO: PAD_CNO_Dif_flux_SD__C3_CP_RAP_PAD_CNO DISPLAY_TYPE = 'no_plot' is not in list of known display types. Will attempt to infer using DISPLAY_TYPE.strip().lower().
C3_CP_RAP_PAD_E3DD | ISTP.DISPLAY_TYPE.Unknown:
  PAD_Electron_Dif_flux__C3_CP_RAP_PAD_E3DD: PAD_Electron_Dif_flux__C3_CP_RAP_PAD_E3DD DISPLAY_TYPE = 'Spectrogram' is not in list of known display types. Will attempt to infer using DISPLAY_TYPE.strip().lower().
  PAD_Electron_Dif_flux_SD__C3_CP_RAP_PAD_E3DD: PAD_Electron_Dif_flux_SD__C3_CP_RAP_PAD_E3DD DISPLAY_TYPE = 'no_plot' is not in list of known display types. Will attempt to infer using DISPLAY_TYPE.strip().lower().
C3_CP_RAP_PAD_H | ISTP.DISPLAY_TYPE.Unknown:
  PAD_Proton_Dif_flux__C3_CP_RAP_PAD_H: PAD_Proton_Dif_flux__C3_CP_RAP_PAD_H DISPLAY_TYPE = 'Spectrogram' is not in list of known display types. Will attempt to infer using DISPLAY_TYPE.strip().lower().
  PAD_Proton_Dif_flux_SD__C3_CP_RAP_PAD_H: PAD_Proton_Dif_flux_SD__C3_CP_RAP_PAD_H DISPLAY_TYPE = 'no_plot' is not in list of known display types. Will attempt to infer using DISPLAY_TYPE.strip().lower().
C3_CP_RAP_PAD_HE | ISTP.DISPLAY_TYPE.Unknown:
  PAD_He_Dif_flux__C3_CP_RAP_PAD_He: PAD_He_Dif_flux__C3_CP_RAP_PAD_He DISPLAY_TYPE = 'Spectrogram' is not in list of known display types. Will attempt to infer using DISPLAY_TYPE.strip().lower().
  PAD_He_Dif_flux_SD__C3_CP_RAP_PAD_He: PAD_He_Dif_flux_SD__C3_CP_RAP_PAD_He DISPLAY_TYPE = 'no_plot' is not in list of known display types. Will attempt to infer using DISPLAY_TYPE.strip().lower().
C3_CP_RAP_PAD_L3DD | ISTP.DISPLAY_TYPE.Unknown:
  PAD_Electron_L_Dif_flux__C3_CP_RAP_PAD_L3DD: PAD_Electron_L_Dif_flux__C3_CP_RAP_PAD_L3DD DISPLAY_TYPE = 'Spectrogram' is not in list of known display types. Will attempt to infer using DISPLAY_TYPE.strip().lower().
  PAD_Electron_L_Dif_flux_SD__C3_CP_RAP_PAD_L3DD: PAD_Electron_L_Dif_flux_SD__C3_CP_RAP_PAD_L3DD DISPLAY_TYPE = 'no_plot' is not in list of known display types. Will attempt to infer using DISPLAY_TYPE.strip().lower().
C3_CP_STA_SM | ISTP.DISPLAY_TYPE.Unknown:
  BB_xyz_xyz_sr2__C3_CP_STA_SM: BB_xyz_xyz_sr2__C3_CP_STA_SM DISPLAY_TYPE = 'no_plot' is not in list of known display types. Will attempt to infer using DISPLAY_TYPE.strip().lower().
  EE_xy_xy_sr2__C3_CP_STA_SM: EE_xy_xy_sr2__C3_CP_STA_SM DISPLAY_TYPE = 'no_plot' is not in list of known display types. Will attempt to infer using DISPLAY_TYPE.strip().lower().
  BE_xyz_xy_sr2__C3_CP_STA_SM: BE_xyz_xy_sr2__C3_CP_STA_SM DISPLAY_TYPE = 'no_plot' is not in list of known display types. Will attempt to infer using DISPLAY_TYPE.strip().lower().
C3_PP_CIS | ISTP.DISPLAY_TYPE.Unknown:
  Status__C3_PP_CIS: Status__C3_PP_CIS DISPLAY_TYPE = 'time_series ' is not in list of known display types. Will attempt to infer using DISPLAY_TYPE.strip().lower().
C3_PP_EDI | ISTP.DISPLAY_TYPE.Unknown:
  Status__C3_PP_EDI: Status__C3_PP_EDI DISPLAY_TYPE = 'time_series ' is not in list of known display types. Will attempt to infer using DISPLAY_TYPE.strip().lower().
C3_PP_EFW | ISTP.DISPLAY_TYPE.Unknown:
  Status__C3_PP_EFW: Status__C3_PP_EFW DISPLAY_TYPE = 'time_series ' is not in list of known display types. Will attempt to infer using DISPLAY_TYPE.strip().lower().
  State_wec__C3_PP_EFW: State_wec__C3_PP_EFW DISPLAY_TYPE = 'time_series ' is not in list of known display types. Will attempt to infer using DISPLAY_TYPE.strip().lower().
C3_PP_STA | ISTP.DISPLAY_TYPE.Unknown:
  Status__C3_PP_STA: Status__C3_PP_STA DISPLAY_TYPE = 'time_series ' is not in list of known display types. Will attempt to infer using DISPLAY_TYPE.strip().lower().
  State_wec__C3_PP_STA: State_wec__C3_PP_STA DISPLAY_TYPE = 'time_series ' is not in list of known display types. Will attempt to infer using DISPLAY_TYPE.strip().lower().
C3_PP_WHI | ISTP.DISPLAY_TYPE.Unknown:
  Status__C3_PP_WHI: Status__C3_PP_WHI DISPLAY_TYPE = 'time_series ' is not in list of known display types. Will attempt to infer using DISPLAY_TYPE.strip().lower().
  State_wec__C3_PP_WHI: State_wec__C3_PP_WHI DISPLAY_TYPE = 'time_series ' is not in list of known display types. Will attempt to infer using DISPLAY_TYPE.strip().lower().
C4_CP_CIS-CODIF_HS_H1_PEF | ISTP.DISPLAY_TYPE.Unknown:
  ions_3d__C4_CP_CIS_CODIF_HS_H1_PEF: ions_3d__C4_CP_CIS_CODIF_HS_H1_PEF DISPLAY_TYPE = 'no_plot' is not in list of known display types. Will attempt to infer using DISPLAY_TYPE.strip().lower().
C4_CP_CIS-CODIF_HS_H1_PF | ISTP.DISPLAY_TYPE.Unknown:
  ions_3d__C4_CP_CIS_CODIF_HS_H1_PF: ions_3d__C4_CP_CIS_CODIF_HS_H1_PF DISPLAY_TYPE = 'no_plot' is not in list of known display types. Will attempt to infer using DISPLAY_TYPE.strip().lower().
C4_CP_CIS-CODIF_HS_H1_PSD | ISTP.DISPLAY_TYPE.Unknown:
  ions_3d__C4_CP_CIS_CODIF_HS_H1_PSD: ions_3d__C4_CP_CIS_CODIF_HS_H1_PSD DISPLAY_TYPE = 'no_plot' is not in list of known display types. Will attempt to infer using DISPLAY_TYPE.strip().lower().
C4_CP_CIS-CODIF_HS_HE1_PF | ISTP.DISPLAY_TYPE.Unknown:
  ions_3d__C4_CP_CIS_CODIF_HS_He1_PF: ions_3d__C4_CP_CIS_CODIF_HS_He1_PF DISPLAY_TYPE = 'no_plot' is not in list of known display types. Will attempt to infer using DISPLAY_TYPE.strip().lower().
C4_CP_CIS-CODIF_HS_HE1_PSD | ISTP.DISPLAY_TYPE.Unknown:
  ions_3d__C4_CP_CIS_CODIF_HS_He1_PSD: ions_3d__C4_CP_CIS_CODIF_HS_He1_PSD DISPLAY_TYPE = 'no_plot' is not in list of known display types. Will attempt to infer using DISPLAY_TYPE.strip().lower().
C4_CP_CIS-CODIF_HS_O1_PEF | ISTP.DISPLAY_TYPE.Unknown:
  ions_3d__C4_CP_CIS_CODIF_HS_O1_PEF: ions_3d__C4_CP_CIS_CODIF_HS_O1_PEF DISPLAY_TYPE = 'no_plot' is not in list of known display types. Will attempt to infer using DISPLAY_TYPE.strip().lower().
C4_CP_CIS-CODIF_HS_O1_PF | ISTP.DISPLAY_TYPE.Unknown:
  ions_3d__C4_CP_CIS_CODIF_HS_O1_PF: ions_3d__C4_CP_CIS_CODIF_HS_O1_PF DISPLAY_TYPE = 'no_plot' is not in list of known display types. Will attempt to infer using DISPLAY_TYPE.strip().lower().
C4_CP_CIS-CODIF_HS_O1_PSD | ISTP.DISPLAY_TYPE.Unknown:
  ions_3d__C4_CP_CIS_CODIF_HS_O1_PSD: ions_3d__C4_CP_CIS_CODIF_HS_O1_PSD DISPLAY_TYPE = 'no_plot' is not in list of known display types. Will attempt to infer using DISPLAY_TYPE.strip().lower().
C4_CP_CIS-CODIF_LS_H1_PEF | ISTP.DISPLAY_TYPE.Unknown:
  ions_3d__C4_CP_CIS_CODIF_LS_H1_PEF: ions_3d__C4_CP_CIS_CODIF_LS_H1_PEF DISPLAY_TYPE = 'no_plot' is not in list of known display types. Will attempt to infer using DISPLAY_TYPE.strip().lower().
C4_CP_CIS-CODIF_LS_H1_PF | ISTP.DISPLAY_TYPE.Unknown:
  ions_3d__C4_CP_CIS_CODIF_LS_H1_PF: ions_3d__C4_CP_CIS_CODIF_LS_H1_PF DISPLAY_TYPE = 'no_plot' is not in list of known display types. Will attempt to infer using DISPLAY_TYPE.strip().lower().
C4_CP_CIS-CODIF_LS_H1_PSD | ISTP.DISPLAY_TYPE.Unknown:
  ions_3d__C4_CP_CIS_CODIF_LS_H1_PSD: ions_3d__C4_CP_CIS_CODIF_LS_H1_PSD DISPLAY_TYPE = 'no_plot' is not in list of known display types. Will attempt to infer using DISPLAY_TYPE.strip().lower().
C4_CP_CIS-CODIF_LS_HE1_PEF | ISTP.DISPLAY_TYPE.Unknown:
  ions_3d__C4_CP_CIS_CODIF_LS_He1_PEF: ions_3d__C4_CP_CIS_CODIF_LS_He1_PEF DISPLAY_TYPE = 'no_plot' is not in list of known display types. Will attempt to infer using DISPLAY_TYPE.strip().lower().
C4_CP_CIS-CODIF_LS_HE1_PF | ISTP.DISPLAY_TYPE.Unknown:
  ions_3d__C4_CP_CIS_CODIF_LS_He1_PF: ions_3d__C4_CP_CIS_CODIF_LS_He1_PF DISPLAY_TYPE = 'no_plot' is not in list of known display types. Will attempt to infer using DISPLAY_TYPE.strip().lower().
C4_CP_CIS-CODIF_LS_O1_PEF | ISTP.DISPLAY_TYPE.Unknown:
  ions_3d__C4_CP_CIS_CODIF_LS_O1_PEF: ions_3d__C4_CP_CIS_CODIF_LS_O1_PEF DISPLAY_TYPE = 'no_plot' is not in list of known display types. Will attempt to infer using DISPLAY_TYPE.strip().lower().
C4_CP_CIS-CODIF_LS_O1_PF | ISTP.DISPLAY_TYPE.Unknown:
  ions_3d__C4_CP_CIS_CODIF_LS_O1_PF: ions_3d__C4_CP_CIS_CODIF_LS_O1_PF DISPLAY_TYPE = 'no_plot' is not in list of known display types. Will attempt to infer using DISPLAY_TYPE.strip().lower().
C4_CP_CIS-CODIF_LS_O1_PSD | ISTP.DISPLAY_TYPE.Unknown:
  ions_3d__C4_CP_CIS_CODIF_LS_O1_PSD: ions_3d__C4_CP_CIS_CODIF_LS_O1_PSD DISPLAY_TYPE = 'no_plot' is not in list of known display types. Will attempt to infer using DISPLAY_TYPE.strip().lower().
C4_CP_RAP_E3DD | ISTP.DISPLAY_TYPE.Unknown:
  Electron_Dif_flux_3D__C4_CP_RAP_E3DD: Electron_Dif_flux_3D__C4_CP_RAP_E3DD DISPLAY_TYPE = 'Spectrogram' is not in list of known display types. Will attempt to infer using DISPLAY_TYPE.strip().lower().
  Electron_Dif_flux_3D_SD__C4_CP_RAP_E3DD: Electron_Dif_flux_3D_SD__C4_CP_RAP_E3DD DISPLAY_TYPE = 'no_plot' is not in list of known display types. Will attempt to infer using DISPLAY_TYPE.strip().lower().
C4_CP_RAP_ESPCT6 | ISTP.DISPLAY_TYPE.Unknown:
  Electron_Dif_flux__C4_CP_RAP_ESPCT6: Electron_Dif_flux__C4_CP_RAP_ESPCT6 DISPLAY_TYPE = 'Spectrogram' is not in list of known display types. Will attempt to infer using DISPLAY_TYPE.strip().lower().
  Electron_Dif_flux_SD__C4_CP_RAP_ESPCT6: Electron_Dif_flux_SD__C4_CP_RAP_ESPCT6 DISPLAY_TYPE = 'no_plot' is not in list of known display types. Will attempt to infer using DISPLAY_TYPE.strip().lower().
C4_CP_RAP_HSPCT | ISTP.DISPLAY_TYPE.Unknown:
  Proton_Dif_flux__C4_CP_RAP_HSPCT: Proton_Dif_flux__C4_CP_RAP_HSPCT DISPLAY_TYPE = 'Spectrogram' is not in list of known display types. Will attempt to infer using DISPLAY_TYPE.strip().lower().
  Proton_Dif_flux_SD__C4_CP_RAP_HSPCT: Proton_Dif_flux_SD__C4_CP_RAP_HSPCT DISPLAY_TYPE = 'no_plot' is not in list of known display types. Will attempt to infer using DISPLAY_TYPE.strip().lower().
C4_CP_RAP_I3DM_CNO | ISTP.DISPLAY_TYPE.Unknown:
  CNO_Dif_flux_3DM__C4_CP_RAP_I3DM_CNO: CNO_Dif_flux_3DM__C4_CP_RAP_I3DM_CNO DISPLAY_TYPE = 'Spectrogram' is not in list of known display types. Will attempt to infer using DISPLAY_TYPE.strip().lower().
  CNO_Dif_flux_3DM_SD__C4_CP_RAP_I3DM_CNO: CNO_Dif_flux_3DM_SD__C4_CP_RAP_I3DM_CNO DISPLAY_TYPE = 'no_plot' is not in list of known display types. Will attempt to infer using DISPLAY_TYPE.strip().lower().
C4_CP_RAP_I3DM_H | ISTP.DISPLAY_TYPE.Unknown:
  Proton_Dif_flux_3DM__C4_CP_RAP_I3DM_H: Proton_Dif_flux_3DM__C4_CP_RAP_I3DM_H DISPLAY_TYPE = 'Spectrogram' is not in list of known display types. Will attempt to infer using DISPLAY_TYPE.strip().lower().
  Proton_Dif_flux_3DM_SD__C4_CP_RAP_I3DM_H: Proton_Dif_flux_3DM_SD__C4_CP_RAP_I3DM_H DISPLAY_TYPE = 'no_plot' is not in list of known display types. Will attempt to infer using DISPLAY_TYPE.strip().lower().
C4_CP_RAP_I3DM_HE | ISTP.DISPLAY_TYPE.Unknown:
  Helium_Dif_flux_3DM__C4_CP_RAP_I3DM_He: Helium_Dif_flux_3DM__C4_CP_RAP_I3DM_He DISPLAY_TYPE = 'Spectrogram' is not in list of known display types. Will attempt to infer using DISPLAY_TYPE.strip().lower().
  Helium_Dif_flux_3DM_SD__C4_CP_RAP_I3DM_He: Helium_Dif_flux_3DM_SD__C4_CP_RAP_I3DM_He DISPLAY_TYPE = 'no_plot' is not in list of known display types. Will attempt to infer using DISPLAY_TYPE.strip().lower().
C4_CP_RAP_ISPCT_CNO | ISTP.DISPLAY_TYPE.Unknown:
  CNO_Dif_flux__C4_CP_RAP_ISPCT_CNO: CNO_Dif_flux__C4_CP_RAP_ISPCT_CNO DISPLAY_TYPE = 'Spectrogram' is not in list of known display types. Will attempt to infer using DISPLAY_TYPE.strip().lower().
  CNO_Dif_flux_SD__C4_CP_RAP_ISPCT_CNO: CNO_Dif_flux_SD__C4_CP_RAP_ISPCT_CNO DISPLAY_TYPE = 'no_plot' is not in list of known display types. Will attempt to infer using DISPLAY_TYPE.strip().lower().
C4_CP_RAP_ISPCT_HE | ISTP.DISPLAY_TYPE.Unknown:
  Helium_Dif_flux__C4_CP_RAP_ISPCT_He: Helium_Dif_flux__C4_CP_RAP_ISPCT_He DISPLAY_TYPE = 'Spectrogram' is not in list of known display types. Will attempt to infer using DISPLAY_TYPE.strip().lower().
  Helium_Dif_flux_SD__C4_CP_RAP_ISPCT_He: Helium_Dif_flux_SD__C4_CP_RAP_ISPCT_He DISPLAY_TYPE = 'no_plot' is not in list of known display types. Will attempt to infer using DISPLAY_TYPE.strip().lower().
C4_CP_RAP_L3DD | ISTP.DISPLAY_TYPE.Unknown:
  Electron_L_Dif_flux_3D__C4_CP_RAP_L3DD: Electron_L_Dif_flux_3D__C4_CP_RAP_L3DD DISPLAY_TYPE = 'Spectrogram' is not in list of known display types. Will attempt to infer using DISPLAY_TYPE.strip().lower().
  Electron_L_Dif_flux_3D_SD__C4_CP_RAP_L3DD: Electron_L_Dif_flux_3D_SD__C4_CP_RAP_L3DD DISPLAY_TYPE = 'no_plot' is not in list of known display types. Will attempt to infer using DISPLAY_TYPE.strip().lower().
C4_CP_RAP_PAD_CNO | ISTP.DISPLAY_TYPE.Unknown:
  PAD_CNO_Dif_flux__C4_CP_RAP_PAD_CNO: PAD_CNO_Dif_flux__C4_CP_RAP_PAD_CNO DISPLAY_TYPE = 'Spectrogram' is not in list of known display types. Will attempt to infer using DISPLAY_TYPE.strip().lower().
  PAD_CNO_Dif_flux_SD__C4_CP_RAP_PAD_CNO: PAD_CNO_Dif_flux_SD__C4_CP_RAP_PAD_CNO DISPLAY_TYPE = 'no_plot' is not in list of known display types. Will attempt to infer using DISPLAY_TYPE.strip().lower().
C4_CP_RAP_PAD_E3DD | ISTP.DISPLAY_TYPE.Unknown:
  PAD_Electron_Dif_flux__C4_CP_RAP_PAD_E3DD: PAD_Electron_Dif_flux__C4_CP_RAP_PAD_E3DD DISPLAY_TYPE = 'Spectrogram' is not in list of known display types. Will attempt to infer using DISPLAY_TYPE.strip().lower().
  PAD_Electron_Dif_flux_SD__C4_CP_RAP_PAD_E3DD: PAD_Electron_Dif_flux_SD__C4_CP_RAP_PAD_E3DD DISPLAY_TYPE = 'no_plot' is not in list of known display types. Will attempt to infer using DISPLAY_TYPE.strip().lower().
C4_CP_RAP_PAD_H | ISTP.DISPLAY_TYPE.Unknown:
  PAD_Proton_Dif_flux__C4_CP_RAP_PAD_H: PAD_Proton_Dif_flux__C4_CP_RAP_PAD_H DISPLAY_TYPE = 'Spectrogram' is not in list of known display types. Will attempt to infer using DISPLAY_TYPE.strip().lower().
  PAD_Proton_Dif_flux_SD__C4_CP_RAP_PAD_H: PAD_Proton_Dif_flux_SD__C4_CP_RAP_PAD_H DISPLAY_TYPE = 'no_plot' is not in list of known display types. Will attempt to infer using DISPLAY_TYPE.strip().lower().
C4_CP_RAP_PAD_HE | ISTP.DISPLAY_TYPE.Unknown:
  PAD_He_Dif_flux__C4_CP_RAP_PAD_He: PAD_He_Dif_flux__C4_CP_RAP_PAD_He DISPLAY_TYPE = 'Spectrogram' is not in list of known display types. Will attempt to infer using DISPLAY_TYPE.strip().lower().
  PAD_He_Dif_flux_SD__C4_CP_RAP_PAD_He: PAD_He_Dif_flux_SD__C4_CP_RAP_PAD_He DISPLAY_TYPE = 'no_plot' is not in list of known display types. Will attempt to infer using DISPLAY_TYPE.strip().lower().
C4_CP_RAP_PAD_L3DD | ISTP.DISPLAY_TYPE.Unknown:
  PAD_Electron_L_Dif_flux__C4_CP_RAP_PAD_L3DD: PAD_Electron_L_Dif_flux__C4_CP_RAP_PAD_L3DD DISPLAY_TYPE = 'Spectrogram' is not in list of known display types. Will attempt to infer using DISPLAY_TYPE.strip().lower().
  PAD_Electron_L_Dif_flux_SD__C4_CP_RAP_PAD_L3DD: PAD_Electron_L_Dif_flux_SD__C4_CP_RAP_PAD_L3DD DISPLAY_TYPE = 'no_plot' is not in list of known display types. Will attempt to infer using DISPLAY_TYPE.strip().lower().
C4_CP_STA_SM | ISTP.DISPLAY_TYPE.Unknown:
  BB_xyz_xyz_sr2__C4_CP_STA_SM: BB_xyz_xyz_sr2__C4_CP_STA_SM DISPLAY_TYPE = 'no_plot' is not in list of known display types. Will attempt to infer using DISPLAY_TYPE.strip().lower().
  EE_xy_xy_sr2__C4_CP_STA_SM: EE_xy_xy_sr2__C4_CP_STA_SM DISPLAY_TYPE = 'no_plot' is not in list of known display types. Will attempt to infer using DISPLAY_TYPE.strip().lower().
  BE_xyz_xy_sr2__C4_CP_STA_SM: BE_xyz_xy_sr2__C4_CP_STA_SM DISPLAY_TYPE = 'no_plot' is not in list of known display types. Will attempt to infer using DISPLAY_TYPE.strip().lower().
C4_PP_ASP | ISTP.DISPLAY_TYPE.Unknown:
  Status__C4_PP_ASP: Status__C4_PP_ASP DISPLAY_TYPE = 'time_series ' is not in list of known display types. Will attempt to infer using DISPLAY_TYPE.strip().lower().
C4_PP_CIS | ISTP.DISPLAY_TYPE.Unknown:
  Status__C4_PP_CIS: Status__C4_PP_CIS DISPLAY_TYPE = 'time_series ' is not in list of known display types. Will attempt to infer using DISPLAY_TYPE.strip().lower().
C4_PP_EDI | ISTP.DISPLAY_TYPE.Unknown:
  Status__C4_PP_EDI: Status__C4_PP_EDI DISPLAY_TYPE = 'time_series ' is not in list of known display types. Will attempt to infer using DISPLAY_TYPE.strip().lower().
C4_PP_EFW | ISTP.DISPLAY_TYPE.Unknown:
  Status__C4_PP_EFW: Status__C4_PP_EFW DISPLAY_TYPE = 'time_series ' is not in list of known display types. Will attempt to infer using DISPLAY_TYPE.strip().lower().
  State_wec__C4_PP_EFW: State_wec__C4_PP_EFW DISPLAY_TYPE = 'time_series ' is not in list of known display types. Will attempt to infer using DISPLAY_TYPE.strip().lower().
C4_PP_STA | ISTP.DISPLAY_TYPE.Unknown:
  Status__C4_PP_STA: Status__C4_PP_STA DISPLAY_TYPE = 'time_series ' is not in list of known display types. Will attempt to infer using DISPLAY_TYPE.strip().lower().
  State_wec__C4_PP_STA: State_wec__C4_PP_STA DISPLAY_TYPE = 'time_series ' is not in list of known display types. Will attempt to infer using DISPLAY_TYPE.strip().lower().
C4_PP_WHI | ISTP.DISPLAY_TYPE.Unknown:
  Status__C4_PP_WHI: Status__C4_PP_WHI DISPLAY_TYPE = 'time_series ' is not in list of known display types. Will attempt to infer using DISPLAY_TYPE.strip().lower().
  State_wec__C4_PP_WHI: State_wec__C4_PP_WHI DISPLAY_TYPE = 'time_series ' is not in list of known display types. Will attempt to infer using DISPLAY_TYPE.strip().lower().
CL_SP_AUX | ISTP.DISPLAY_TYPE.Unknown:
  sc_status__CL_SP_AUX: sc_status__CL_SP_AUX DISPLAY_TYPE = 'time_series ' is not in list of known display types. Will attempt to infer using DISPLAY_TYPE.strip().lower().
CN_K0_MARI | ISTP.DISPLAY_TYPE.Unknown:
  Sites: Sites DISPLAY_TYPE = 'site_map' is not in list of known display types. Will attempt to infer using DISPLAY_TYPE.strip().lower().
DE1_1MIN_RIMS | ISTP.DISPLAY_TYPE.Unknown:
  re: re DISPLAY_TYPE = 'time_series ' is not in list of known display types. Will attempt to infer using DISPLAY_TYPE.strip().lower().
  smlong_sc: smlong_sc DISPLAY_TYPE = 'time_series ' is not in list of known display types. Will attempt to infer using DISPLAY_TYPE.strip().lower().
  smlat_sc: smlat_sc DISPLAY_TYPE = 'time_series ' is not in list of known display types. Will attempt to infer using DISPLAY_TYPE.strip().lower().
  smlat_sun: smlat_sun DISPLAY_TYPE = 'time_series ' is not in list of known display types. Will attempt to infer using DISPLAY_TYPE.strip().lower().
  calc_mlt: calc_mlt DISPLAY_TYPE = 'time_series ' is not in list of known display types. Will attempt to infer using DISPLAY_TYPE.strip().lower().
  shell_l: shell_l DISPLAY_TYPE = 'time_series ' is not in list of known display types. Will attempt to infer using DISPLAY_TYPE.strip().lower().
  f10_7: f10_7 DISPLAY_TYPE = 'time_series ' is not in list of known display types. Will attempt to infer using DISPLAY_TYPE.strip().lower().
  flag_gen: flag_gen DISPLAY_TYPE = 'time_series ' is not in list of known display types. Will attempt to infer using DISPLAY_TYPE.strip().lower().
  avg_pot: avg_pot DISPLAY_TYPE = 'time_series ' is not in list of known display types. Will attempt to infer using DISPLAY_TYPE.strip().lower().
  pot_flag: pot_flag DISPLAY_TYPE = 'time_series ' is not in list of known display types. Will attempt to infer using DISPLAY_TYPE.strip().lower().
  avg_pot_LO: avg_pot_LO DISPLAY_TYPE = 'time_series ' is not in list of known display types. Will attempt to infer using DISPLAY_TYPE.strip().lower().
  pot_flag_LO: pot_flag_LO DISPLAY_TYPE = 'time_series ' is not in list of known display types. Will attempt to infer using DISPLAY_TYPE.strip().lower().
  avg_pot_HI: avg_pot_HI DISPLAY_TYPE = 'time_series ' is not in list of known display types. Will attempt to infer using DISPLAY_TYPE.strip().lower().
  pot_flag_HI: pot_flag_HI DISPLAY_TYPE = 'time_series ' is not in list of known display types. Will attempt to infer using DISPLAY_TYPE.strip().lower().
DE1_62MS_MAGA-GMS | ISTP.DISPLAY_TYPE.Unknown:
  mr: mr DISPLAY_TYPE = 'time_series ' is not in list of known display types. Will attempt to infer using DISPLAY_TYPE.strip().lower().
  mth: mth DISPLAY_TYPE = 'time_series ' is not in list of known display types. Will attempt to infer using DISPLAY_TYPE.strip().lower().
  ilat: ilat DISPLAY_TYPE = 'time_series ' is not in list of known display types. Will attempt to infer using DISPLAY_TYPE.strip().lower().
  alt: alt DISPLAY_TYPE = 'time_series ' is not in list of known display types. Will attempt to infer using DISPLAY_TYPE.strip().lower().
DE1_6SEC_MAGAGMS | ISTP.DISPLAY_TYPE.Unknown:
  bthGMS: bthGMS DISPLAY_TYPE = 'time_series ' is not in list of known display types. Will attempt to infer using DISPLAY_TYPE.strip().lower().
  ilat: ilat DISPLAY_TYPE = 'time_series ' is not in list of known display types. Will attempt to infer using DISPLAY_TYPE.strip().lower().
DE1_PWI_LFC-SPECTRA | ISTP.DISPLAY_TYPE.Unknown:
  Ex_Spectra: Ex_Spectra DISPLAY_TYPE = 'no_plot' is not in list of known display types. Will attempt to infer using DISPLAY_TYPE.strip().lower().
  Ez_Spectra: Ez_Spectra DISPLAY_TYPE = 'no_plot' is not in list of known display types. Will attempt to infer using DISPLAY_TYPE.strip().lower().
  Es_Spectra: Es_Spectra DISPLAY_TYPE = 'no_plot' is not in list of known display types. Will attempt to infer using DISPLAY_TYPE.strip().lower().
  H_Spectra: H_Spectra DISPLAY_TYPE = 'no_plot' is not in list of known display types. Will attempt to infer using DISPLAY_TYPE.strip().lower().
DE1_PWI_SFC-SPECTRA | ISTP.DISPLAY_TYPE.Unknown:
  Ex_Spectra: Ex_Spectra DISPLAY_TYPE = 'no_plot' is not in list of known display types. Will attempt to infer using DISPLAY_TYPE.strip().lower().
  Ez_Spectra: Ez_Spectra DISPLAY_TYPE = 'no_plot' is not in list of known display types. Will attempt to infer using DISPLAY_TYPE.strip().lower().
  Es_Spectra: Es_Spectra DISPLAY_TYPE = 'no_plot' is not in list of known display types. Will attempt to infer using DISPLAY_TYPE.strip().lower().
  B_Spectra: B_Spectra DISPLAY_TYPE = 'no_plot' is not in list of known display types. Will attempt to infer using DISPLAY_TYPE.strip().lower().
  SubSweepTime: SubSweepTime DISPLAY_TYPE = 'no_plot' is not in list of known display types. Will attempt to infer using DISPLAY_TYPE.strip().lower().
DE2_62MS_VEFIMAGB | ISTP.DISPLAY_TYPE.Unknown:
  vtime: vtime DISPLAY_TYPE = 'time_series ' is not in list of known display types. Will attempt to infer using DISPLAY_TYPE.strip().lower().
  mtime: mtime DISPLAY_TYPE = 'time_series ' is not in list of known display types. Will attempt to infer using DISPLAY_TYPE.strip().lower().
  ex: ex DISPLAY_TYPE = 'time_series ' is not in list of known display types. Will attempt to infer using DISPLAY_TYPE.strip().lower().
  ey: ey DISPLAY_TYPE = 'time_series ' is not in list of known display types. Will attempt to infer using DISPLAY_TYPE.strip().lower().
  bx: bx DISPLAY_TYPE = 'time_series ' is not in list of known display types. Will attempt to infer using DISPLAY_TYPE.strip().lower().
  by: by DISPLAY_TYPE = 'time_series ' is not in list of known display types. Will attempt to infer using DISPLAY_TYPE.strip().lower().
  bz: bz DISPLAY_TYPE = 'time_series ' is not in list of known display types. Will attempt to infer using DISPLAY_TYPE.strip().lower().
  bxm: bxm DISPLAY_TYPE = 'time_series ' is not in list of known display types. Will attempt to infer using DISPLAY_TYPE.strip().lower().
  bym: bym DISPLAY_TYPE = 'time_series ' is not in list of known display types. Will attempt to infer using DISPLAY_TYPE.strip().lower().
  bzm: bzm DISPLAY_TYPE = 'time_series ' is not in list of known display types. Will attempt to infer using DISPLAY_TYPE.strip().lower().
  glat: glat DISPLAY_TYPE = 'time_series ' is not in list of known display types. Will attempt to infer using DISPLAY_TYPE.strip().lower().
  glon: glon DISPLAY_TYPE = 'time_series ' is not in list of known display types. Will attempt to infer using DISPLAY_TYPE.strip().lower().
  ilat: ilat DISPLAY_TYPE = 'time_series ' is not in list of known display types. Will attempt to infer using DISPLAY_TYPE.strip().lower().
  mlt: mlt DISPLAY_TYPE = 'time_series ' is not in list of known display types. Will attempt to infer using DISPLAY_TYPE.strip().lower().
  alt: alt DISPLAY_TYPE = 'time_series ' is not in list of known display types. Will attempt to infer using DISPLAY_TYPE.strip().lower().
DE2_AC500MS_VEFI | ISTP.DISPLAY_TYPE.Unknown:
  orbitNumber: orbitNumber DISPLAY_TYPE = 'time_series ' is not in list of known display types. Will attempt to infer using DISPLAY_TYPE.strip().lower().
  spectAconnection: spectAconnection DISPLAY_TYPE = 'time_series ' is not in list of known display types. Will attempt to infer using DISPLAY_TYPE.strip().lower().
  spectBconnection: spectBconnection DISPLAY_TYPE = 'time_series ' is not in list of known display types. Will attempt to infer using DISPLAY_TYPE.strip().lower().
  spectCconnection: spectCconnection DISPLAY_TYPE = 'time_series ' is not in list of known display types. Will attempt to infer using DISPLAY_TYPE.strip().lower().
  spectAgain: spectAgain DISPLAY_TYPE = 'time_series ' is not in list of known display types. Will attempt to infer using DISPLAY_TYPE.strip().lower().
  spectBgain: spectBgain DISPLAY_TYPE = 'time_series ' is not in list of known display types. Will attempt to infer using DISPLAY_TYPE.strip().lower().
  spectCgain: spectCgain DISPLAY_TYPE = 'time_series ' is not in list of known display types. Will attempt to infer using DISPLAY_TYPE.strip().lower().
  glat: glat DISPLAY_TYPE = 'time_series ' is not in list of known display types. Will attempt to infer using DISPLAY_TYPE.strip().lower().
  glon: glon DISPLAY_TYPE = 'time_series ' is not in list of known display types. Will attempt to infer using DISPLAY_TYPE.strip().lower().
  ilat: ilat DISPLAY_TYPE = 'time_series ' is not in list of known display types. Will attempt to infer using DISPLAY_TYPE.strip().lower().
  mlt: mlt DISPLAY_TYPE = 'time_series ' is not in list of known display types. Will attempt to infer using DISPLAY_TYPE.strip().lower().
  alt: alt DISPLAY_TYPE = 'time_series ' is not in list of known display types. Will attempt to infer using DISPLAY_TYPE.strip().lower().
DE2_DCA500MS_VEFI | ISTP.DISPLAY_TYPE.Unknown:
  orbitNumber: orbitNumber DISPLAY_TYPE = 'time_series ' is not in list of known display types. Will attempt to infer using DISPLAY_TYPE.strip().lower().
  ecx: ecx DISPLAY_TYPE = 'time_series ' is not in list of known display types. Will attempt to infer using DISPLAY_TYPE.strip().lower().
  ecy: ecy DISPLAY_TYPE = 'time_series ' is not in list of known display types. Will attempt to infer using DISPLAY_TYPE.strip().lower().
  ecz: ecz DISPLAY_TYPE = 'time_series ' is not in list of known display types. Will attempt to infer using DISPLAY_TYPE.strip().lower().
  ex: ex DISPLAY_TYPE = 'time_series ' is not in list of known display types. Will attempt to infer using DISPLAY_TYPE.strip().lower().
  ey: ey DISPLAY_TYPE = 'time_series ' is not in list of known display types. Will attempt to infer using DISPLAY_TYPE.strip().lower().
  potentialX: potentialX DISPLAY_TYPE = 'time_series ' is not in list of known display types. Will attempt to infer using DISPLAY_TYPE.strip().lower().
  ex_nonadj: ex_nonadj DISPLAY_TYPE = 'time_series ' is not in list of known display types. Will attempt to infer using DISPLAY_TYPE.strip().lower().
  ey_nonadj: ey_nonadj DISPLAY_TYPE = 'time_series ' is not in list of known display types. Will attempt to infer using DISPLAY_TYPE.strip().lower().
  potentialX_nonadj: potentialX_nonadj DISPLAY_TYPE = 'time_series ' is not in list of known display types. Will attempt to infer using DISPLAY_TYPE.strip().lower().
  alt: alt DISPLAY_TYPE = 'time_series ' is not in list of known display types. Will attempt to infer using DISPLAY_TYPE.strip().lower().
  glat: glat DISPLAY_TYPE = 'time_series ' is not in list of known display types. Will attempt to infer using DISPLAY_TYPE.strip().lower().
  glon: glon DISPLAY_TYPE = 'time_series ' is not in list of known display types. Will attempt to infer using DISPLAY_TYPE.strip().lower().
  mlt: mlt DISPLAY_TYPE = 'time_series ' is not in list of known display types. Will attempt to infer using DISPLAY_TYPE.strip().lower().
  ilat: ilat DISPLAY_TYPE = 'time_series ' is not in list of known display types. Will attempt to infer using DISPLAY_TYPE.strip().lower().
DE2_DUCT16MS_RPA | ISTP.DISPLAY_TYPE.Unknown:
  ionDensity: ionDensity DISPLAY_TYPE = 'time_series ' is not in list of known display types. Will attempt to infer using DISPLAY_TYPE.strip().lower().
  numDensity: numDensity DISPLAY_TYPE = 'time_series ' is not in list of known display types. Will attempt to infer using DISPLAY_TYPE.strip().lower().
  wb1: wb1 DISPLAY_TYPE = 'time_series ' is not in list of known display types. Will attempt to infer using DISPLAY_TYPE.strip().lower().
  wb2: wb2 DISPLAY_TYPE = 'time_series ' is not in list of known display types. Will attempt to infer using DISPLAY_TYPE.strip().lower().
  wb3: wb3 DISPLAY_TYPE = 'time_series ' is not in list of known display types. Will attempt to infer using DISPLAY_TYPE.strip().lower().
  wb4: wb4 DISPLAY_TYPE = 'time_series ' is not in list of known display types. Will attempt to infer using DISPLAY_TYPE.strip().lower().
  wb5: wb5 DISPLAY_TYPE = 'time_series ' is not in list of known display types. Will attempt to infer using DISPLAY_TYPE.strip().lower().
  wb6: wb6 DISPLAY_TYPE = 'time_series ' is not in list of known display types. Will attempt to infer using DISPLAY_TYPE.strip().lower().
  glat: glat DISPLAY_TYPE = 'time_series ' is not in list of known display types. Will attempt to infer using DISPLAY_TYPE.strip().lower().
  glon: glon DISPLAY_TYPE = 'time_series ' is not in list of known display types. Will attempt to infer using DISPLAY_TYPE.strip().lower().
  ilat: ilat DISPLAY_TYPE = 'time_series ' is not in list of known display types. Will attempt to infer using DISPLAY_TYPE.strip().lower().
  mlt: mlt DISPLAY_TYPE = 'time_series ' is not in list of known display types. Will attempt to infer using DISPLAY_TYPE.strip().lower().
  alt: alt DISPLAY_TYPE = 'time_series ' is not in list of known display types. Will attempt to infer using DISPLAY_TYPE.strip().lower().
DE2_ION2S_RPA | ISTP.DISPLAY_TYPE.Unknown:
  x: x DISPLAY_TYPE = 'time_series ' is not in list of known display types. Will attempt to infer using DISPLAY_TYPE.strip().lower().
  y: y DISPLAY_TYPE = 'time_series ' is not in list of known display types. Will attempt to infer using DISPLAY_TYPE.strip().lower().
  z: z DISPLAY_TYPE = 'time_series ' is not in list of known display types. Will attempt to infer using DISPLAY_TYPE.strip().lower().
  ionTemperature: ionTemperature DISPLAY_TYPE = 'time_series ' is not in list of known display types. Will attempt to infer using DISPLAY_TYPE.strip().lower().
  ionDensity: ionDensity DISPLAY_TYPE = 'time_series ' is not in list of known display types. Will attempt to infer using DISPLAY_TYPE.strip().lower().
  O: O DISPLAY_TYPE = 'time_series ' is not in list of known display types. Will attempt to infer using DISPLAY_TYPE.strip().lower().
  H: H DISPLAY_TYPE = 'time_series ' is not in list of known display types. Will attempt to infer using DISPLAY_TYPE.strip().lower().
  He: He DISPLAY_TYPE = 'time_series ' is not in list of known display types. Will attempt to infer using DISPLAY_TYPE.strip().lower().
  molecularIons: molecularIons DISPLAY_TYPE = 'time_series ' is not in list of known display types. Will attempt to infer using DISPLAY_TYPE.strip().lower().
  highMass: highMass DISPLAY_TYPE = 'time_series ' is not in list of known display types. Will attempt to infer using DISPLAY_TYPE.strip().lower().
  sigma: sigma DISPLAY_TYPE = 'time_series ' is not in list of known display types. Will attempt to infer using DISPLAY_TYPE.strip().lower().
  scPotential: scPotential DISPLAY_TYPE = 'time_series ' is not in list of known display types. Will attempt to infer using DISPLAY_TYPE.strip().lower().
  dataQuality: dataQuality DISPLAY_TYPE = 'time_series ' is not in list of known display types. Will attempt to infer using DISPLAY_TYPE.strip().lower().
  sweepType: sweepType DISPLAY_TYPE = 'time_series ' is not in list of known display types. Will attempt to infer using DISPLAY_TYPE.strip().lower().
  glat: glat DISPLAY_TYPE = 'time_series ' is not in list of known display types. Will attempt to infer using DISPLAY_TYPE.strip().lower().
  glon: glon DISPLAY_TYPE = 'time_series ' is not in list of known display types. Will attempt to infer using DISPLAY_TYPE.strip().lower().
  ilat: ilat DISPLAY_TYPE = 'time_series ' is not in list of known display types. Will attempt to infer using DISPLAY_TYPE.strip().lower().
  mlt: mlt DISPLAY_TYPE = 'time_series ' is not in list of known display types. Will attempt to infer using DISPLAY_TYPE.strip().lower().
  alt: alt DISPLAY_TYPE = 'time_series ' is not in list of known display types. Will attempt to infer using DISPLAY_TYPE.strip().lower().
DE2_NEUTRAL1S_NACS | ISTP.DISPLAY_TYPE.Unknown:
  O_density: O_density DISPLAY_TYPE = 'time_series ' is not in list of known display types. Will attempt to infer using DISPLAY_TYPE.strip().lower().
  O_density_error_rate: O_density_error_rate DISPLAY_TYPE = 'time_series ' is not in list of known display types. Will attempt to infer using DISPLAY_TYPE.strip().lower().
  N2_density: N2_density DISPLAY_TYPE = 'time_series ' is not in list of known display types. Will attempt to infer using DISPLAY_TYPE.strip().lower().
  N2_density_error_rate: N2_density_error_rate DISPLAY_TYPE = 'time_series ' is not in list of known display types. Will attempt to infer using DISPLAY_TYPE.strip().lower().
  He_density: He_density DISPLAY_TYPE = 'time_series ' is not in list of known display types. Will attempt to infer using DISPLAY_TYPE.strip().lower().
  He_density_error_rate: He_density_error_rate DISPLAY_TYPE = 'time_series ' is not in list of known display types. Will attempt to infer using DISPLAY_TYPE.strip().lower().
  N_density: N_density DISPLAY_TYPE = 'time_series ' is not in list of known display types. Will attempt to infer using DISPLAY_TYPE.strip().lower().
  N_density_error_rate: N_density_error_rate DISPLAY_TYPE = 'time_series ' is not in list of known display types. Will attempt to infer using DISPLAY_TYPE.strip().lower().
  Ar_density: Ar_density DISPLAY_TYPE = 'time_series ' is not in list of known display types. Will attempt to infer using DISPLAY_TYPE.strip().lower().
  Ar_density_error_rate: Ar_density_error_rate DISPLAY_TYPE = 'time_series ' is not in list of known display types. Will attempt to infer using DISPLAY_TYPE.strip().lower().
  OrbitNumber: OrbitNumber DISPLAY_TYPE = 'time_series ' is not in list of known display types. Will attempt to infer using DISPLAY_TYPE.strip().lower().
  alt: alt DISPLAY_TYPE = 'time_series ' is not in list of known display types. Will attempt to infer using DISPLAY_TYPE.strip().lower().
  glat: glat DISPLAY_TYPE = 'time_series ' is not in list of known display types. Will attempt to infer using DISPLAY_TYPE.strip().lower().
  glon: glon DISPLAY_TYPE = 'time_series ' is not in list of known display types. Will attempt to infer using DISPLAY_TYPE.strip().lower().
  lst: lst DISPLAY_TYPE = 'time_series ' is not in list of known display types. Will attempt to infer using DISPLAY_TYPE.strip().lower().
  lmt: lmt DISPLAY_TYPE = 'time_series ' is not in list of known display types. Will attempt to infer using DISPLAY_TYPE.strip().lower().
  L: L DISPLAY_TYPE = 'time_series ' is not in list of known display types. Will attempt to infer using DISPLAY_TYPE.strip().lower().
  ilat: ilat DISPLAY_TYPE = 'time_series ' is not in list of known display types. Will attempt to infer using DISPLAY_TYPE.strip().lower().
  sza: sza DISPLAY_TYPE = 'time_series ' is not in list of known display types. Will attempt to infer using DISPLAY_TYPE.strip().lower().
DE2_NEUTRAL8S_FPI | ISTP.DISPLAY_TYPE.Unknown:
  seq1: seq1 DISPLAY_TYPE = 'time_series ' is not in list of known display types. Will attempt to infer using DISPLAY_TYPE.strip().lower().
  yyddd: yyddd DISPLAY_TYPE = 'time_series ' is not in list of known display types. Will attempt to infer using DISPLAY_TYPE.strip().lower().
  UT: UT DISPLAY_TYPE = 'time_series ' is not in list of known display types. Will attempt to infer using DISPLAY_TYPE.strip().lower().
  mlat: mlat DISPLAY_TYPE = 'time_series ' is not in list of known display types. Will attempt to infer using DISPLAY_TYPE.strip().lower().
  MLT: MLT DISPLAY_TYPE = 'time_series ' is not in list of known display types. Will attempt to infer using DISPLAY_TYPE.strip().lower().
  OrbitNumber: OrbitNumber DISPLAY_TYPE = 'time_series ' is not in list of known display types. Will attempt to infer using DISPLAY_TYPE.strip().lower().
  alt: alt DISPLAY_TYPE = 'time_series ' is not in list of known display types. Will attempt to infer using DISPLAY_TYPE.strip().lower().
  glat: glat DISPLAY_TYPE = 'time_series ' is not in list of known display types. Will attempt to infer using DISPLAY_TYPE.strip().lower().
  glon: glon DISPLAY_TYPE = 'time_series ' is not in list of known display types. Will attempt to infer using DISPLAY_TYPE.strip().lower().
  locst: locst DISPLAY_TYPE = 'time_series ' is not in list of known display types. Will attempt to infer using DISPLAY_TYPE.strip().lower().
  ilat: ilat DISPLAY_TYPE = 'time_series ' is not in list of known display types. Will attempt to infer using DISPLAY_TYPE.strip().lower().
  locmt: locmt DISPLAY_TYPE = 'time_series ' is not in list of known display types. Will attempt to infer using DISPLAY_TYPE.strip().lower().
  sza: sza DISPLAY_TYPE = 'time_series ' is not in list of known display types. Will attempt to infer using DISPLAY_TYPE.strip().lower().
  cgmlat: cgmlat DISPLAY_TYPE = 'time_series ' is not in list of known display types. Will attempt to infer using DISPLAY_TYPE.strip().lower().
  cgmlon: cgmlon DISPLAY_TYPE = 'time_series ' is not in list of known display types. Will attempt to infer using DISPLAY_TYPE.strip().lower().
  cgmlt: cgmlt DISPLAY_TYPE = 'time_series ' is not in list of known display types. Will attempt to infer using DISPLAY_TYPE.strip().lower().
  seq2: seq2 DISPLAY_TYPE = 'time_series ' is not in list of known display types. Will attempt to infer using DISPLAY_TYPE.strip().lower().
  mer: mer DISPLAY_TYPE = 'time_series ' is not in list of known display types. Will attempt to infer using DISPLAY_TYPE.strip().lower().
  merror: merror DISPLAY_TYPE = 'time_series ' is not in list of known display types. Will attempt to infer using DISPLAY_TYPE.strip().lower().
  TnF: TnF DISPLAY_TYPE = 'time_series ' is not in list of known display types. Will attempt to infer using DISPLAY_TYPE.strip().lower().
  TnFerr: TnFerr DISPLAY_TYPE = 'time_series ' is not in list of known display types. Will attempt to infer using DISPLAY_TYPE.strip().lower().
  v6300: v6300 DISPLAY_TYPE = 'time_series ' is not in list of known display types. Will attempt to infer using DISPLAY_TYPE.strip().lower().
  v6300err: v6300err DISPLAY_TYPE = 'time_series ' is not in list of known display types. Will attempt to infer using DISPLAY_TYPE.strip().lower().
  seq3: seq3 DISPLAY_TYPE = 'time_series ' is not in list of known display types. Will attempt to infer using DISPLAY_TYPE.strip().lower().
  zon: zon DISPLAY_TYPE = 'time_series ' is not in list of known display types. Will attempt to infer using DISPLAY_TYPE.strip().lower().
  TnW: TnW DISPLAY_TYPE = 'time_series ' is not in list of known display types. Will attempt to infer using DISPLAY_TYPE.strip().lower().
  ver: ver DISPLAY_TYPE = 'time_series ' is not in list of known display types. Will attempt to infer using DISPLAY_TYPE.strip().lower().
DE2_PLASMA500MS_LANG | ISTP.DISPLAY_TYPE.Unknown:
  OrbitNumber: OrbitNumber DISPLAY_TYPE = 'time_series ' is not in list of known display types. Will attempt to infer using DISPLAY_TYPE.strip().lower().
  electronTemp: electronTemp DISPLAY_TYPE = 'time_series ' is not in list of known display types. Will attempt to infer using DISPLAY_TYPE.strip().lower().
  plasmaDensity: plasmaDensity DISPLAY_TYPE = 'time_series ' is not in list of known display types. Will attempt to infer using DISPLAY_TYPE.strip().lower().
  satPotential: satPotential DISPLAY_TYPE = 'time_series ' is not in list of known display types. Will attempt to infer using DISPLAY_TYPE.strip().lower().
  alt: alt DISPLAY_TYPE = 'time_series ' is not in list of known display types. Will attempt to infer using DISPLAY_TYPE.strip().lower().
  glat: glat DISPLAY_TYPE = 'time_series ' is not in list of known display types. Will attempt to infer using DISPLAY_TYPE.strip().lower().
  glon: glon DISPLAY_TYPE = 'time_series ' is not in list of known display types. Will attempt to infer using DISPLAY_TYPE.strip().lower().
  lst: lst DISPLAY_TYPE = 'time_series ' is not in list of known display types. Will attempt to infer using DISPLAY_TYPE.strip().lower().
  lmt: lmt DISPLAY_TYPE = 'time_series ' is not in list of known display types. Will attempt to infer using DISPLAY_TYPE.strip().lower().
  L: L DISPLAY_TYPE = 'time_series ' is not in list of known display types. Will attempt to infer using DISPLAY_TYPE.strip().lower().
  ilat: ilat DISPLAY_TYPE = 'time_series ' is not in list of known display types. Will attempt to infer using DISPLAY_TYPE.strip().lower().
  sza: sza DISPLAY_TYPE = 'time_series ' is not in list of known display types. Will attempt to infer using DISPLAY_TYPE.strip().lower().
DE2_UA16S_ALL | ISTP.DISPLAY_TYPE.Unknown:
  OrbitNumber: OrbitNumber DISPLAY_TYPE = 'time_series ' is not in list of known display types. Will attempt to infer using DISPLAY_TYPE.strip().lower().
  NACS_N2density: NACS_N2density DISPLAY_TYPE = 'time_series ' is not in list of known display types. Will attempt to infer using DISPLAY_TYPE.strip().lower().
  NACS_Odensity: NACS_Odensity DISPLAY_TYPE = 'time_series ' is not in list of known display types. Will attempt to infer using DISPLAY_TYPE.strip().lower().
  NACS_HEdensity: NACS_HEdensity DISPLAY_TYPE = 'time_series ' is not in list of known display types. Will attempt to infer using DISPLAY_TYPE.strip().lower().
  NACS_ARdensity: NACS_ARdensity DISPLAY_TYPE = 'time_series ' is not in list of known display types. Will attempt to infer using DISPLAY_TYPE.strip().lower().
  NACS_Ndensity: NACS_Ndensity DISPLAY_TYPE = 'time_series ' is not in list of known display types. Will attempt to infer using DISPLAY_TYPE.strip().lower().
  WATS_TNneutralTemperature: WATS_TNneutralTemperature DISPLAY_TYPE = 'time_series ' is not in list of known display types. Will attempt to infer using DISPLAY_TYPE.strip().lower().
  WATS_NVEneutralWind: WATS_NVEneutralWind DISPLAY_TYPE = 'time_series ' is not in list of known display types. Will attempt to infer using DISPLAY_TYPE.strip().lower().
  WATS_NVUneutralWind: WATS_NVUneutralWind DISPLAY_TYPE = 'time_series ' is not in list of known display types. Will attempt to infer using DISPLAY_TYPE.strip().lower().
  LANG_NPplasmaDensity: LANG_NPplasmaDensity DISPLAY_TYPE = 'time_series ' is not in list of known display types. Will attempt to infer using DISPLAY_TYPE.strip().lower().
  LANG_TEelectronTemp: LANG_TEelectronTemp DISPLAY_TYPE = 'time_series ' is not in list of known display types. Will attempt to infer using DISPLAY_TYPE.strip().lower().
  FPI_FWAVwavelength: FPI_FWAVwavelength DISPLAY_TYPE = 'time_series ' is not in list of known display types. Will attempt to infer using DISPLAY_TYPE.strip().lower().
  FPI_FALTtangentAlt: FPI_FALTtangentAlt DISPLAY_TYPE = 'time_series ' is not in list of known display types. Will attempt to infer using DISPLAY_TYPE.strip().lower().
  FPI_FVNneutralwind: FPI_FVNneutralwind DISPLAY_TYPE = 'time_series ' is not in list of known display types. Will attempt to infer using DISPLAY_TYPE.strip().lower().
  FPI_FTEMneutralTemp: FPI_FTEMneutralTemp DISPLAY_TYPE = 'time_series ' is not in list of known display types. Will attempt to infer using DISPLAY_TYPE.strip().lower().
  FPI_RAYintensity: FPI_RAYintensity DISPLAY_TYPE = 'time_series ' is not in list of known display types. Will attempt to infer using DISPLAY_TYPE.strip().lower().
  RPA_TIionTemp: RPA_TIionTemp DISPLAY_TYPE = 'time_series ' is not in list of known display types. Will attempt to infer using DISPLAY_TYPE.strip().lower().
  RPA_NIionDensity: RPA_NIionDensity DISPLAY_TYPE = 'time_series ' is not in list of known display types. Will attempt to infer using DISPLAY_TYPE.strip().lower().
  RPA_IVEionDrift: RPA_IVEionDrift DISPLAY_TYPE = 'time_series ' is not in list of known display types. Will attempt to infer using DISPLAY_TYPE.strip().lower().
  RPA_IVNionDrift: RPA_IVNionDrift DISPLAY_TYPE = 'time_series ' is not in list of known display types. Will attempt to infer using DISPLAY_TYPE.strip().lower().
  RPA_IVUionDrift: RPA_IVUionDrift DISPLAY_TYPE = 'time_series ' is not in list of known display types. Will attempt to infer using DISPLAY_TYPE.strip().lower().
  alt: alt DISPLAY_TYPE = 'time_series ' is not in list of known display types. Will attempt to infer using DISPLAY_TYPE.strip().lower().
  glat: glat DISPLAY_TYPE = 'time_series ' is not in list of known display types. Will attempt to infer using DISPLAY_TYPE.strip().lower().
  glon: glon DISPLAY_TYPE = 'time_series ' is not in list of known display types. Will attempt to infer using DISPLAY_TYPE.strip().lower().
  lst: lst DISPLAY_TYPE = 'time_series ' is not in list of known display types. Will attempt to infer using DISPLAY_TYPE.strip().lower().
  lmt: lmt DISPLAY_TYPE = 'time_series ' is not in list of known display types. Will attempt to infer using DISPLAY_TYPE.strip().lower().
  L: L DISPLAY_TYPE = 'time_series ' is not in list of known display types. Will attempt to infer using DISPLAY_TYPE.strip().lower().
  ilat: ilat DISPLAY_TYPE = 'time_series ' is not in list of known display types. Will attempt to infer using DISPLAY_TYPE.strip().lower().
  sza: sza DISPLAY_TYPE = 'time_series ' is not in list of known display types. Will attempt to infer using DISPLAY_TYPE.strip().lower().
DE2_VION250MS_IDM | ISTP.DISPLAY_TYPE.Unknown:
  numVelocity: numVelocity DISPLAY_TYPE = 'time_series ' is not in list of known display types. Will attempt to infer using DISPLAY_TYPE.strip().lower().
  scVelocity: scVelocity DISPLAY_TYPE = 'time_series ' is not in list of known display types. Will attempt to infer using DISPLAY_TYPE.strip().lower().
  ionVelocityZ: ionVelocityZ DISPLAY_TYPE = 'time_series ' is not in list of known display types. Will attempt to infer using DISPLAY_TYPE.strip().lower().
  dataQualityZ: dataQualityZ DISPLAY_TYPE = 'time_series ' is not in list of known display types. Will attempt to infer using DISPLAY_TYPE.strip().lower().
  velDirectionZ: velDirectionZ DISPLAY_TYPE = 'time_series ' is not in list of known display types. Will attempt to infer using DISPLAY_TYPE.strip().lower().
  ionVelocityY: ionVelocityY DISPLAY_TYPE = 'time_series ' is not in list of known display types. Will attempt to infer using DISPLAY_TYPE.strip().lower().
  dataQualityY: dataQualityY DISPLAY_TYPE = 'time_series ' is not in list of known display types. Will attempt to infer using DISPLAY_TYPE.strip().lower().
  velDirectionY: velDirectionY DISPLAY_TYPE = 'time_series ' is not in list of known display types. Will attempt to infer using DISPLAY_TYPE.strip().lower().
  glat: glat DISPLAY_TYPE = 'time_series ' is not in list of known display types. Will attempt to infer using DISPLAY_TYPE.strip().lower().
  glon: glon DISPLAY_TYPE = 'time_series ' is not in list of known display types. Will attempt to infer using DISPLAY_TYPE.strip().lower().
  ilat: ilat DISPLAY_TYPE = 'time_series ' is not in list of known display types. Will attempt to infer using DISPLAY_TYPE.strip().lower().
  mlt: mlt DISPLAY_TYPE = 'time_series ' is not in list of known display types. Will attempt to infer using DISPLAY_TYPE.strip().lower().
  alt: alt DISPLAY_TYPE = 'time_series ' is not in list of known display types. Will attempt to infer using DISPLAY_TYPE.strip().lower().
DE2_WIND2S_WATS | ISTP.DISPLAY_TYPE.Unknown:
  Mode: Mode DISPLAY_TYPE = 'time_series ' is not in list of known display types. Will attempt to infer using DISPLAY_TYPE.strip().lower().
  Slot: Slot DISPLAY_TYPE = 'time_series ' is not in list of known display types. Will attempt to infer using DISPLAY_TYPE.strip().lower().
  Outin: Outin DISPLAY_TYPE = 'time_series ' is not in list of known display types. Will attempt to infer using DISPLAY_TYPE.strip().lower().
  Mass: Mass DISPLAY_TYPE = 'time_series ' is not in list of known display types. Will attempt to infer using DISPLAY_TYPE.strip().lower().
  V_sc: V_sc DISPLAY_TYPE = 'time_series ' is not in list of known display types. Will attempt to infer using DISPLAY_TYPE.strip().lower().
  C1: C1 DISPLAY_TYPE = 'time_series ' is not in list of known display types. Will attempt to infer using DISPLAY_TYPE.strip().lower().
  C2: C2 DISPLAY_TYPE = 'time_series ' is not in list of known display types. Will attempt to infer using DISPLAY_TYPE.strip().lower().
  T1: T1 DISPLAY_TYPE = 'time_series ' is not in list of known display types. Will attempt to infer using DISPLAY_TYPE.strip().lower().
  T2: T2 DISPLAY_TYPE = 'time_series ' is not in list of known display types. Will attempt to infer using DISPLAY_TYPE.strip().lower().
  V_geo: V_geo DISPLAY_TYPE = 'time_series ' is not in list of known display types. Will attempt to infer using DISPLAY_TYPE.strip().lower().
  V_geo_corr: V_geo_corr DISPLAY_TYPE = 'time_series ' is not in list of known display types. Will attempt to infer using DISPLAY_TYPE.strip().lower().
  OrbitNumber: OrbitNumber DISPLAY_TYPE = 'time_series ' is not in list of known display types. Will attempt to infer using DISPLAY_TYPE.strip().lower().
  alt: alt DISPLAY_TYPE = 'time_series ' is not in list of known display types. Will attempt to infer using DISPLAY_TYPE.strip().lower().
  glat: glat DISPLAY_TYPE = 'time_series ' is not in list of known display types. Will attempt to infer using DISPLAY_TYPE.strip().lower().
  glon: glon DISPLAY_TYPE = 'time_series ' is not in list of known display types. Will attempt to infer using DISPLAY_TYPE.strip().lower().
  lst: lst DISPLAY_TYPE = 'time_series ' is not in list of known display types. Will attempt to infer using DISPLAY_TYPE.strip().lower().
  lmt: lmt DISPLAY_TYPE = 'time_series ' is not in list of known display types. Will attempt to infer using DISPLAY_TYPE.strip().lower().
  sza: sza DISPLAY_TYPE = 'time_series ' is not in list of known display types. Will attempt to infer using DISPLAY_TYPE.strip().lower().
  L: L DISPLAY_TYPE = 'time_series ' is not in list of known display types. Will attempt to infer using DISPLAY_TYPE.strip().lower().
  ilat: ilat DISPLAY_TYPE = 'time_series ' is not in list of known display types. Will attempt to infer using DISPLAY_TYPE.strip().lower().
DE_VS_EICS | ISTP.DISPLAY_TYPE.Unknown:
  INTERPOLATED_BACKGROUND: INTERPOLATED_BACKGROUND DISPLAY_TYPE = 'time_series ' is not in list of known display types. Will attempt to infer using DISPLAY_TYPE.strip().lower().
  STANDARD_DEVIATION_OF_INTERPOLATED_BACKGROUND: STANDARD_DEVIATION_OF_INTERPOLATED_BACKGROUND DISPLAY_TYPE = 'time_series ' is not in list of known display types. Will attempt to infer using DISPLAY_TYPE.strip().lower().
  Mode_error_flag: Mode_error_flag DISPLAY_TYPE = 'no_plot' is not in list of known display types. Will attempt to infer using DISPLAY_TYPE.strip().lower().
DMSP-F16_SSIES-3_THERMAL-PLASMA | ISTP.DISPLAY_TYPE.Unknown:
  mlat_tt: mlat_tt DISPLAY_TYPE = 'time_text' is not in list of known display types. Will attempt to infer using DISPLAY_TYPE.strip().lower().
  mlt_tt: mlt_tt DISPLAY_TYPE = 'time_text' is not in list of known display types. Will attempt to infer using DISPLAY_TYPE.strip().lower().
  glat_tt: glat_tt DISPLAY_TYPE = 'time_text' is not in list of known display types. Will attempt to infer using DISPLAY_TYPE.strip().lower().
  glon_tt: glon_tt DISPLAY_TYPE = 'time_text' is not in list of known display types. Will attempt to infer using DISPLAY_TYPE.strip().lower().
  sza_tt: sza_tt DISPLAY_TYPE = 'time_text' is not in list of known display types. Will attempt to infer using DISPLAY_TYPE.strip().lower().
  alt_tt: alt_tt DISPLAY_TYPE = 'time_text' is not in list of known display types. Will attempt to infer using DISPLAY_TYPE.strip().lower().
DMSP-F17_SSIES-3_THERMAL-PLASMA | ISTP.DISPLAY_TYPE.Unknown:
  mlat_tt: mlat_tt DISPLAY_TYPE = 'time_text' is not in list of known display types. Will attempt to infer using DISPLAY_TYPE.strip().lower().
  mlt_tt: mlt_tt DISPLAY_TYPE = 'time_text' is not in list of known display types. Will attempt to infer using DISPLAY_TYPE.strip().lower().
  glat_tt: glat_tt DISPLAY_TYPE = 'time_text' is not in list of known display types. Will attempt to infer using DISPLAY_TYPE.strip().lower().
  glon_tt: glon_tt DISPLAY_TYPE = 'time_text' is not in list of known display types. Will attempt to infer using DISPLAY_TYPE.strip().lower().
  sza_tt: sza_tt DISPLAY_TYPE = 'time_text' is not in list of known display types. Will attempt to infer using DISPLAY_TYPE.strip().lower().
  alt_tt: alt_tt DISPLAY_TYPE = 'time_text' is not in list of known display types. Will attempt to infer using DISPLAY_TYPE.strip().lower().
DMSP-F18_SSIES-3_THERMAL-PLASMA | ISTP.DISPLAY_TYPE.Unknown:
  mlat_tt: mlat_tt DISPLAY_TYPE = 'time_text' is not in list of known display types. Will attempt to infer using DISPLAY_TYPE.strip().lower().
  mlt_tt: mlt_tt DISPLAY_TYPE = 'time_text' is not in list of known display types. Will attempt to infer using DISPLAY_TYPE.strip().lower().
  glat_tt: glat_tt DISPLAY_TYPE = 'time_text' is not in list of known display types. Will attempt to infer using DISPLAY_TYPE.strip().lower().
  glon_tt: glon_tt DISPLAY_TYPE = 'time_text' is not in list of known display types. Will attempt to infer using DISPLAY_TYPE.strip().lower().
  sza_tt: sza_tt DISPLAY_TYPE = 'time_text' is not in list of known display types. Will attempt to infer using DISPLAY_TYPE.strip().lower().
  alt_tt: alt_tt DISPLAY_TYPE = 'time_text' is not in list of known display types. Will attempt to infer using DISPLAY_TYPE.strip().lower().
ENDURANCE_EPHEMERIS_DEF | ISTP.DISPLAY_TYPE.Unknown:
  DCM: DCM DISPLAY_TYPE = 'no_plot' is not in list of known display types. Will attempt to infer using DISPLAY_TYPE.strip().lower().
ERG_MEPI_L2_3DFLUX | ISTP.DISPLAY_TYPE.Unknown:
  FPDU: FPDU DISPLAY_TYPE = 'no_plot' is not in list of known display types. Will attempt to infer using DISPLAY_TYPE.strip().lower().
  FPEDU: FPEDU DISPLAY_TYPE = 'no_plot' is not in list of known display types. Will attempt to infer using DISPLAY_TYPE.strip().lower().
  count_raw_P: count_raw_P DISPLAY_TYPE = 'no_plot' is not in list of known display types. Will attempt to infer using DISPLAY_TYPE.strip().lower().
  FHE2DU: FHE2DU DISPLAY_TYPE = 'no_plot' is not in list of known display types. Will attempt to infer using DISPLAY_TYPE.strip().lower().
  FHE2EDU: FHE2EDU DISPLAY_TYPE = 'no_plot' is not in list of known display types. Will attempt to infer using DISPLAY_TYPE.strip().lower().
  count_raw_HE2: count_raw_HE2 DISPLAY_TYPE = 'no_plot' is not in list of known display types. Will attempt to infer using DISPLAY_TYPE.strip().lower().
  FHEDU: FHEDU DISPLAY_TYPE = 'no_plot' is not in list of known display types. Will attempt to infer using DISPLAY_TYPE.strip().lower().
  FHEEDU: FHEEDU DISPLAY_TYPE = 'no_plot' is not in list of known display types. Will attempt to infer using DISPLAY_TYPE.strip().lower().
  count_raw_HE: count_raw_HE DISPLAY_TYPE = 'no_plot' is not in list of known display types. Will attempt to infer using DISPLAY_TYPE.strip().lower().
  FOPPDU: FOPPDU DISPLAY_TYPE = 'no_plot' is not in list of known display types. Will attempt to infer using DISPLAY_TYPE.strip().lower().
  FOPPEDU: FOPPEDU DISPLAY_TYPE = 'no_plot' is not in list of known display types. Will attempt to infer using DISPLAY_TYPE.strip().lower().
  count_raw_OPP: count_raw_OPP DISPLAY_TYPE = 'no_plot' is not in list of known display types. Will attempt to infer using DISPLAY_TYPE.strip().lower().
  FODU: FODU DISPLAY_TYPE = 'no_plot' is not in list of known display types. Will attempt to infer using DISPLAY_TYPE.strip().lower().
  FOEDU: FOEDU DISPLAY_TYPE = 'no_plot' is not in list of known display types. Will attempt to infer using DISPLAY_TYPE.strip().lower().
  count_raw_O: count_raw_O DISPLAY_TYPE = 'no_plot' is not in list of known display types. Will attempt to infer using DISPLAY_TYPE.strip().lower().
  FO2PDU: FO2PDU DISPLAY_TYPE = 'no_plot' is not in list of known display types. Will attempt to infer using DISPLAY_TYPE.strip().lower().
  FO2PEDU: FO2PEDU DISPLAY_TYPE = 'no_plot' is not in list of known display types. Will attempt to infer using DISPLAY_TYPE.strip().lower().
  count_raw_O2P: count_raw_O2P DISPLAY_TYPE = 'no_plot' is not in list of known display types. Will attempt to infer using DISPLAY_TYPE.strip().lower().
ERG_PWE_HFA_L2_SPEC_HIGH | ISTP.DISPLAY_TYPE.Unknown:
  spectra_eu: spectra_eu DISPLAY_TYPE = 'Spectrogram' is not in list of known display types. Will attempt to infer using DISPLAY_TYPE.strip().lower().
  spectra_ev: spectra_ev DISPLAY_TYPE = 'Spectrogram' is not in list of known display types. Will attempt to infer using DISPLAY_TYPE.strip().lower().
  spectra_bgamma: spectra_bgamma DISPLAY_TYPE = 'Spectrogram' is not in list of known display types. Will attempt to infer using DISPLAY_TYPE.strip().lower().
  spectra_esum: spectra_esum DISPLAY_TYPE = 'Spectrogram' is not in list of known display types. Will attempt to infer using DISPLAY_TYPE.strip().lower().
  spectra_er: spectra_er DISPLAY_TYPE = 'Spectrogram' is not in list of known display types. Will attempt to infer using DISPLAY_TYPE.strip().lower().
  spectra_el: spectra_el DISPLAY_TYPE = 'Spectrogram' is not in list of known display types. Will attempt to infer using DISPLAY_TYPE.strip().lower().
  spectra_e_mix: spectra_e_mix DISPLAY_TYPE = 'Spectrogram' is not in list of known display types. Will attempt to infer using DISPLAY_TYPE.strip().lower().
  spectra_e_ar: spectra_e_ar DISPLAY_TYPE = 'Spectrogram' is not in list of known display types. Will attempt to infer using DISPLAY_TYPE.strip().lower().
  spectra_eu_ev: spectra_eu_ev DISPLAY_TYPE = 'Spectrogram' is not in list of known display types. Will attempt to infer using DISPLAY_TYPE.strip().lower().
  spectra_eu_ev_d1: spectra_eu_ev_d1 DISPLAY_TYPE = 'Spectrogram' is not in list of known display types. Will attempt to infer using DISPLAY_TYPE.strip().lower().
  spectra_eu_ev_d2: spectra_eu_ev_d2 DISPLAY_TYPE = 'Spectrogram' is not in list of known display types. Will attempt to infer using DISPLAY_TYPE.strip().lower().
  spectra_eu_bg: spectra_eu_bg DISPLAY_TYPE = 'Spectrogram' is not in list of known display types. Will attempt to infer using DISPLAY_TYPE.strip().lower().
  spectra_eu_bg_d1: spectra_eu_bg_d1 DISPLAY_TYPE = 'Spectrogram' is not in list of known display types. Will attempt to infer using DISPLAY_TYPE.strip().lower().
  spectra_eu_bg_d2: spectra_eu_bg_d2 DISPLAY_TYPE = 'Spectrogram' is not in list of known display types. Will attempt to infer using DISPLAY_TYPE.strip().lower().
  spectra_ev_bg: spectra_ev_bg DISPLAY_TYPE = 'Spectrogram' is not in list of known display types. Will attempt to infer using DISPLAY_TYPE.strip().lower().
  spectra_ev_bg_d1: spectra_ev_bg_d1 DISPLAY_TYPE = 'Spectrogram' is not in list of known display types. Will attempt to infer using DISPLAY_TYPE.strip().lower().
  spectra_ev_bg_d2: spectra_ev_bg_d2 DISPLAY_TYPE = 'Spectrogram' is not in list of known display types. Will attempt to infer using DISPLAY_TYPE.strip().lower().
ERG_PWE_HFA_L2_SPEC_LOW | ISTP.DISPLAY_TYPE.Unknown:
  spectra_eu: spectra_eu DISPLAY_TYPE = 'Spectrogram' is not in list of known display types. Will attempt to infer using DISPLAY_TYPE.strip().lower().
  spectra_ev: spectra_ev DISPLAY_TYPE = 'Spectrogram' is not in list of known display types. Will attempt to infer using DISPLAY_TYPE.strip().lower().
  spectra_bgamma: spectra_bgamma DISPLAY_TYPE = 'Spectrogram' is not in list of known display types. Will attempt to infer using DISPLAY_TYPE.strip().lower().
  spectra_esum: spectra_esum DISPLAY_TYPE = 'Spectrogram' is not in list of known display types. Will attempt to infer using DISPLAY_TYPE.strip().lower().
  spectra_er: spectra_er DISPLAY_TYPE = 'Spectrogram' is not in list of known display types. Will attempt to infer using DISPLAY_TYPE.strip().lower().
  spectra_el: spectra_el DISPLAY_TYPE = 'Spectrogram' is not in list of known display types. Will attempt to infer using DISPLAY_TYPE.strip().lower().
  spectra_e_mix: spectra_e_mix DISPLAY_TYPE = 'Spectrogram' is not in list of known display types. Will attempt to infer using DISPLAY_TYPE.strip().lower().
  spectra_e_ar: spectra_e_ar DISPLAY_TYPE = 'Spectrogram' is not in list of known display types. Will attempt to infer using DISPLAY_TYPE.strip().lower().
  spectra_eu_ev: spectra_eu_ev DISPLAY_TYPE = 'Spectrogram' is not in list of known display types. Will attempt to infer using DISPLAY_TYPE.strip().lower().
  spectra_eu_ev_d1: spectra_eu_ev_d1 DISPLAY_TYPE = 'Spectrogram' is not in list of known display types. Will attempt to infer using DISPLAY_TYPE.strip().lower().
  spectra_eu_ev_d2: spectra_eu_ev_d2 DISPLAY_TYPE = 'Spectrogram' is not in list of known display types. Will attempt to infer using DISPLAY_TYPE.strip().lower().
  spectra_eu_bg: spectra_eu_bg DISPLAY_TYPE = 'Spectrogram' is not in list of known display types. Will attempt to infer using DISPLAY_TYPE.strip().lower().
  spectra_eu_bg_d1: spectra_eu_bg_d1 DISPLAY_TYPE = 'Spectrogram' is not in list of known display types. Will attempt to infer using DISPLAY_TYPE.strip().lower().
  spectra_eu_bg_d2: spectra_eu_bg_d2 DISPLAY_TYPE = 'Spectrogram' is not in list of known display types. Will attempt to infer using DISPLAY_TYPE.strip().lower().
  spectra_ev_bg: spectra_ev_bg DISPLAY_TYPE = 'Spectrogram' is not in list of known display types. Will attempt to infer using DISPLAY_TYPE.strip().lower().
  spectra_ev_bg_d1: spectra_ev_bg_d1 DISPLAY_TYPE = 'Spectrogram' is not in list of known display types. Will attempt to infer using DISPLAY_TYPE.strip().lower().
  spectra_ev_bg_d2: spectra_ev_bg_d2 DISPLAY_TYPE = 'Spectrogram' is not in list of known display types. Will attempt to infer using DISPLAY_TYPE.strip().lower().
ERG_PWE_HFA_L2_SPEC_MONIT | ISTP.DISPLAY_TYPE.Unknown:
  spectra_eu: spectra_eu DISPLAY_TYPE = 'Spectrogram' is not in list of known display types. Will attempt to infer using DISPLAY_TYPE.strip().lower().
  spectra_ev: spectra_ev DISPLAY_TYPE = 'Spectrogram' is not in list of known display types. Will attempt to infer using DISPLAY_TYPE.strip().lower().
  spectra_bgamma: spectra_bgamma DISPLAY_TYPE = 'Spectrogram' is not in list of known display types. Will attempt to infer using DISPLAY_TYPE.strip().lower().
  spectra_esum: spectra_esum DISPLAY_TYPE = 'Spectrogram' is not in list of known display types. Will attempt to infer using DISPLAY_TYPE.strip().lower().
  spectra_er: spectra_er DISPLAY_TYPE = 'Spectrogram' is not in list of known display types. Will attempt to infer using DISPLAY_TYPE.strip().lower().
  spectra_el: spectra_el DISPLAY_TYPE = 'Spectrogram' is not in list of known display types. Will attempt to infer using DISPLAY_TYPE.strip().lower().
  spectra_e_mix: spectra_e_mix DISPLAY_TYPE = 'Spectrogram' is not in list of known display types. Will attempt to infer using DISPLAY_TYPE.strip().lower().
  spectra_e_ar: spectra_e_ar DISPLAY_TYPE = 'Spectrogram' is not in list of known display types. Will attempt to infer using DISPLAY_TYPE.strip().lower().
  spectra_eu_ev: spectra_eu_ev DISPLAY_TYPE = 'Spectrogram' is not in list of known display types. Will attempt to infer using DISPLAY_TYPE.strip().lower().
  spectra_eu_ev_d1: spectra_eu_ev_d1 DISPLAY_TYPE = 'Spectrogram' is not in list of known display types. Will attempt to infer using DISPLAY_TYPE.strip().lower().
  spectra_eu_ev_d2: spectra_eu_ev_d2 DISPLAY_TYPE = 'Spectrogram' is not in list of known display types. Will attempt to infer using DISPLAY_TYPE.strip().lower().
  spectra_eu_bg: spectra_eu_bg DISPLAY_TYPE = 'Spectrogram' is not in list of known display types. Will attempt to infer using DISPLAY_TYPE.strip().lower().
  spectra_eu_bg_d1: spectra_eu_bg_d1 DISPLAY_TYPE = 'Spectrogram' is not in list of known display types. Will attempt to infer using DISPLAY_TYPE.strip().lower().
  spectra_eu_bg_d2: spectra_eu_bg_d2 DISPLAY_TYPE = 'Spectrogram' is not in list of known display types. Will attempt to infer using DISPLAY_TYPE.strip().lower().
  spectra_ev_bg: spectra_ev_bg DISPLAY_TYPE = 'Spectrogram' is not in list of known display types. Will attempt to infer using DISPLAY_TYPE.strip().lower().
  spectra_ev_bg_d1: spectra_ev_bg_d1 DISPLAY_TYPE = 'Spectrogram' is not in list of known display types. Will attempt to infer using DISPLAY_TYPE.strip().lower().
  spectra_ev_bg_d2: spectra_ev_bg_d2 DISPLAY_TYPE = 'Spectrogram' is not in list of known display types. Will attempt to infer using DISPLAY_TYPE.strip().lower().
FAST_OR_SSC | ISTP.DISPLAY_TYPE.Unknown:
  RADIUS: RADIUS DISPLAY_TYPE = 'TIME_SERIES' is not in list of known display types. Will attempt to infer using DISPLAY_TYPE.strip().lower().
  GSE_LAT: GSE_LAT DISPLAY_TYPE = 'TIME_SERIES' is not in list of known display types. Will attempt to infer using DISPLAY_TYPE.strip().lower().
  GSE_LON: GSE_LON DISPLAY_TYPE = 'TIME_SERIES' is not in list of known display types. Will attempt to infer using DISPLAY_TYPE.strip().lower().
  GSE_LCT_T: GSE_LCT_T DISPLAY_TYPE = 'TIME_SERIES' is not in list of known display types. Will attempt to infer using DISPLAY_TYPE.strip().lower().
  GSM_LAT: GSM_LAT DISPLAY_TYPE = 'TIME_SERIES' is not in list of known display types. Will attempt to infer using DISPLAY_TYPE.strip().lower().
  GSM_LON: GSM_LON DISPLAY_TYPE = 'TIME_SERIES' is not in list of known display types. Will attempt to infer using DISPLAY_TYPE.strip().lower().
  SM_LAT: SM_LAT DISPLAY_TYPE = 'TIME_SERIES' is not in list of known display types. Will attempt to infer using DISPLAY_TYPE.strip().lower().
  SM_LON: SM_LON DISPLAY_TYPE = 'TIME_SERIES' is not in list of known display types. Will attempt to infer using DISPLAY_TYPE.strip().lower().
  SM_LCT_T: SM_LCT_T DISPLAY_TYPE = 'TIME_SERIES' is not in list of known display types. Will attempt to infer using DISPLAY_TYPE.strip().lower().
  XYZ_GEO: XYZ_GEO DISPLAY_TYPE = 'TIME_SERIES' is not in list of known display types. Will attempt to infer using DISPLAY_TYPE.strip().lower().
  GEO_LAT: GEO_LAT DISPLAY_TYPE = 'TIME_SERIES' is not in list of known display types. Will attempt to infer using DISPLAY_TYPE.strip().lower().
  GEO_LON: GEO_LON DISPLAY_TYPE = 'TIME_SERIES' is not in list of known display types. Will attempt to infer using DISPLAY_TYPE.strip().lower().
  GEO_LCT_T: GEO_LCT_T DISPLAY_TYPE = 'TIME_SERIES' is not in list of known display types. Will attempt to infer using DISPLAY_TYPE.strip().lower().
  NorthBtrace_GEO_LAT: NorthBtrace_GEO_LAT DISPLAY_TYPE = 'TIME_SERIES' is not in list of known display types. Will attempt to infer using DISPLAY_TYPE.strip().lower().
  NorthBtrace_GEO_LON: NorthBtrace_GEO_LON DISPLAY_TYPE = 'TIME_SERIES' is not in list of known display types. Will attempt to infer using DISPLAY_TYPE.strip().lower().
  NorthBtrace_GEO_ARCLEN: NorthBtrace_GEO_ARCLEN DISPLAY_TYPE = 'TIME_SERIES' is not in list of known display types. Will attempt to infer using DISPLAY_TYPE.strip().lower().
  SouthBtrace_GEO_LAT: SouthBtrace_GEO_LAT DISPLAY_TYPE = 'TIME_SERIES' is not in list of known display types. Will attempt to infer using DISPLAY_TYPE.strip().lower().
  SouthBtrace_GEO_LON: SouthBtrace_GEO_LON DISPLAY_TYPE = 'TIME_SERIES' is not in list of known display types. Will attempt to infer using DISPLAY_TYPE.strip().lower().
  SouthBtrace_GEO_ARCLEN: SouthBtrace_GEO_ARCLEN DISPLAY_TYPE = 'TIME_SERIES' is not in list of known display types. Will attempt to infer using DISPLAY_TYPE.strip().lower().
  GM_LAT: GM_LAT DISPLAY_TYPE = 'TIME_SERIES' is not in list of known display types. Will attempt to infer using DISPLAY_TYPE.strip().lower().
  GM_LON: GM_LON DISPLAY_TYPE = 'TIME_SERIES' is not in list of known display types. Will attempt to infer using DISPLAY_TYPE.strip().lower().
  NorthBtrace_GM_LAT: NorthBtrace_GM_LAT DISPLAY_TYPE = 'TIME_SERIES' is not in list of known display types. Will attempt to infer using DISPLAY_TYPE.strip().lower().
  NorthBtrace_GM_LON: NorthBtrace_GM_LON DISPLAY_TYPE = 'TIME_SERIES' is not in list of known display types. Will attempt to infer using DISPLAY_TYPE.strip().lower().
  NorthBtrace_GM_ARCLEN: NorthBtrace_GM_ARCLEN DISPLAY_TYPE = 'TIME_SERIES' is not in list of known display types. Will attempt to infer using DISPLAY_TYPE.strip().lower().
  SouthBtrace_GM_LAT: SouthBtrace_GM_LAT DISPLAY_TYPE = 'TIME_SERIES' is not in list of known display types. Will attempt to infer using DISPLAY_TYPE.strip().lower().
  SouthBtrace_GM_LON: SouthBtrace_GM_LON DISPLAY_TYPE = 'TIME_SERIES' is not in list of known display types. Will attempt to infer using DISPLAY_TYPE.strip().lower().
  SouthBtrace_GM_ARCLEN: SouthBtrace_GM_ARCLEN DISPLAY_TYPE = 'TIME_SERIES' is not in list of known display types. Will attempt to infer using DISPLAY_TYPE.strip().lower().
  MAG_STRTH: MAG_STRTH DISPLAY_TYPE = 'TIME_SERIES' is not in list of known display types. Will attempt to infer using DISPLAY_TYPE.strip().lower().
  DNEUTS: DNEUTS DISPLAY_TYPE = 'TIME_SERIES' is not in list of known display types. Will attempt to infer using DISPLAY_TYPE.strip().lower().
  BOW_SHOCK: BOW_SHOCK DISPLAY_TYPE = 'TIME_SERIES' is not in list of known display types. Will attempt to infer using DISPLAY_TYPE.strip().lower().
  MAG_PAUSE: MAG_PAUSE DISPLAY_TYPE = 'TIME_SERIES' is not in list of known display types. Will attempt to infer using DISPLAY_TYPE.strip().lower().
  L_VALUE: L_VALUE DISPLAY_TYPE = 'TIME_SERIES' is not in list of known display types. Will attempt to infer using DISPLAY_TYPE.strip().lower().
  INVAR_LAT: INVAR_LAT DISPLAY_TYPE = 'TIME_SERIES' is not in list of known display types. Will attempt to infer using DISPLAY_TYPE.strip().lower().
  MAG_Y: MAG_Y DISPLAY_TYPE = 'TIME_SERIES' is not in list of known display types. Will attempt to infer using DISPLAY_TYPE.strip().lower().
  MAG_Z: MAG_Z DISPLAY_TYPE = 'TIME_SERIES' is not in list of known display types. Will attempt to infer using DISPLAY_TYPE.strip().lower().
  cartesian: cartesian DISPLAY_TYPE = 'TIME_SERIES' is not in list of known display types. Will attempt to infer using DISPLAY_TYPE.strip().lower().
  xyz_lbl: xyz_lbl DISPLAY_TYPE = 'TIME_SERIES' is not in list of known display types. Will attempt to infer using DISPLAY_TYPE.strip().lower().
FAST_TEAMS_PA_L2 | ISTP.DISPLAY_TYPE.Unknown:
  proton_error: proton_error DISPLAY_TYPE = 'no_plot' is not in list of known display types. Will attempt to infer using DISPLAY_TYPE.strip().lower().
  oxygen_error: oxygen_error DISPLAY_TYPE = 'no_plot' is not in list of known display types. Will attempt to infer using DISPLAY_TYPE.strip().lower().
  helium_error: helium_error DISPLAY_TYPE = 'no_plot' is not in list of known display types. Will attempt to infer using DISPLAY_TYPE.strip().lower().
FA_ESA_L2_IEB | ISTP.DISPLAY_TYPE.Unknown:
  data_audio: data_audio DISPLAY_TYPE = 'audify' is not in list of known display types. Will attempt to infer using DISPLAY_TYPE.strip().lower().
FA_K0_ACF | ISTP.DISPLAY_TYPE.Unknown:
  fa_spin_raV: fa_spin_raV DISPLAY_TYPE = 'time_text' is not in list of known display types. Will attempt to infer using DISPLAY_TYPE.strip().lower().
  fa_spin_decV: fa_spin_decV DISPLAY_TYPE = 'time_text' is not in list of known display types. Will attempt to infer using DISPLAY_TYPE.strip().lower().
  rV: rV DISPLAY_TYPE = 'time_text' is not in list of known display types. Will attempt to infer using DISPLAY_TYPE.strip().lower().
  vV: vV DISPLAY_TYPE = 'time_text' is not in list of known display types. Will attempt to infer using DISPLAY_TYPE.strip().lower().
  altV: altV DISPLAY_TYPE = 'time_text' is not in list of known display types. Will attempt to infer using DISPLAY_TYPE.strip().lower().
  flatV: flatV DISPLAY_TYPE = 'time_text' is not in list of known display types. Will attempt to infer using DISPLAY_TYPE.strip().lower().
  flngV: flngV DISPLAY_TYPE = 'time_text' is not in list of known display types. Will attempt to infer using DISPLAY_TYPE.strip().lower().
  mltV: mltV DISPLAY_TYPE = 'time_text' is not in list of known display types. Will attempt to infer using DISPLAY_TYPE.strip().lower().
  ilatV: ilatV DISPLAY_TYPE = 'time_text' is not in list of known display types. Will attempt to infer using DISPLAY_TYPE.strip().lower().
FA_K0_TMS | ISTP.DISPLAY_TYPE.Unknown:
  fa_spin_raV: fa_spin_raV DISPLAY_TYPE = 'time_text' is not in list of known display types. Will attempt to infer using DISPLAY_TYPE.strip().lower().
  fa_spin_decV: fa_spin_decV DISPLAY_TYPE = 'time_text' is not in list of known display types. Will attempt to infer using DISPLAY_TYPE.strip().lower().
  rV: rV DISPLAY_TYPE = 'time_text' is not in list of known display types. Will attempt to infer using DISPLAY_TYPE.strip().lower().
  vV: vV DISPLAY_TYPE = 'time_text' is not in list of known display types. Will attempt to infer using DISPLAY_TYPE.strip().lower().
  altV: altV DISPLAY_TYPE = 'time_text' is not in list of known display types. Will attempt to infer using DISPLAY_TYPE.strip().lower().
  flatV: flatV DISPLAY_TYPE = 'time_text' is not in list of known display types. Will attempt to infer using DISPLAY_TYPE.strip().lower().
  flngV: flngV DISPLAY_TYPE = 'time_text' is not in list of known display types. Will attempt to infer using DISPLAY_TYPE.strip().lower().
  mltV: mltV DISPLAY_TYPE = 'time_text' is not in list of known display types. Will attempt to infer using DISPLAY_TYPE.strip().lower().
  ilatV: ilatV DISPLAY_TYPE = 'time_text' is not in list of known display types. Will attempt to infer using DISPLAY_TYPE.strip().lower().
FORMOSAT5_AIP_IDN | ISTP.DISPLAY_TYPE.Unknown:
  uTIME: uTIME DISPLAY_TYPE = 'no_plot' is not in list of known display types. Will attempt to infer using DISPLAY_TYPE.strip().lower().
GE_K0_EPI | ISTP.DISPLAY_TYPE.Unknown:
  Epoch: Epoch DISPLAY_TYPE = 'time_series ' is not in list of known display types. Will attempt to infer using DISPLAY_TYPE.strip().lower().
  unit_time: unit_time DISPLAY_TYPE = 'label ' is not in list of known display types. Will attempt to infer using DISPLAY_TYPE.strip().lower().
  format_time: format_time DISPLAY_TYPE = 'label ' is not in list of known display types. Will attempt to infer using DISPLAY_TYPE.strip().lower().
  Qual_Flag: Qual_Flag DISPLAY_TYPE = 'time_series ' is not in list of known display types. Will attempt to infer using DISPLAY_TYPE.strip().lower().
  PostGap_Flag: PostGap_Flag DISPLAY_TYPE = 'time_series ' is not in list of known display types. Will attempt to infer using DISPLAY_TYPE.strip().lower().
  Mode_Flag: Mode_Flag DISPLAY_TYPE = 'time_series ' is not in list of known display types. Will attempt to infer using DISPLAY_TYPE.strip().lower().
  IDiffI_I_Uncert: IDiffI_I_Uncert DISPLAY_TYPE = 'spectrogram ' is not in list of known display types. Will attempt to infer using DISPLAY_TYPE.strip().lower().
  IDiffI_I_Energy: IDiffI_I_Energy DISPLAY_TYPE = 'time_series ' is not in list of known display types. Will attempt to infer using DISPLAY_TYPE.strip().lower().
  IDiffI_I_Ch: IDiffI_I_Ch DISPLAY_TYPE = 'label ' is not in list of known display types. Will attempt to infer using DISPLAY_TYPE.strip().lower().
  IDiffI_I_Eplus: IDiffI_I_Eplus DISPLAY_TYPE = 'time_series ' is not in list of known display types. Will attempt to infer using DISPLAY_TYPE.strip().lower().
  IDiffI_I_Eminus: IDiffI_I_Eminus DISPLAY_TYPE = 'time_series ' is not in list of known display types. Will attempt to infer using DISPLAY_TYPE.strip().lower().
  PDiffI_S_Energy: PDiffI_S_Energy DISPLAY_TYPE = 'time_series ' is not in list of known display types. Will attempt to infer using DISPLAY_TYPE.strip().lower().
  PDiffI_S_Eplus: PDiffI_S_Eplus DISPLAY_TYPE = 'time_series ' is not in list of known display types. Will attempt to infer using DISPLAY_TYPE.strip().lower().
  PDiffI_S_Eminus: PDiffI_S_Eminus DISPLAY_TYPE = 'time_series ' is not in list of known display types. Will attempt to infer using DISPLAY_TYPE.strip().lower().
  EIntI_I: EIntI_I DISPLAY_TYPE = 'time_series ' is not in list of known display types. Will attempt to infer using DISPLAY_TYPE.strip().lower().
  EIntI_I_errorbars: EIntI_I_errorbars DISPLAY_TYPE = 'time_series ' is not in list of known display types. Will attempt to infer using DISPLAY_TYPE.strip().lower().
  EIntI_I_Uncert: EIntI_I_Uncert DISPLAY_TYPE = 'time_series ' is not in list of known display types. Will attempt to infer using DISPLAY_TYPE.strip().lower().
  EIntI_I_Energy: EIntI_I_Energy DISPLAY_TYPE = 'time_series ' is not in list of known display types. Will attempt to infer using DISPLAY_TYPE.strip().lower().
  HeHRatio_I: HeHRatio_I DISPLAY_TYPE = 'time_series ' is not in list of known display types. Will attempt to infer using DISPLAY_TYPE.strip().lower().
  HeHRatio_I_errorbars: HeHRatio_I_errorbars DISPLAY_TYPE = 'time_series ' is not in list of known display types. Will attempt to infer using DISPLAY_TYPE.strip().lower().
  HeHRatio_I_Uncert: HeHRatio_I_Uncert DISPLAY_TYPE = 'time_series ' is not in list of known display types. Will attempt to infer using DISPLAY_TYPE.strip().lower().
  OHRatio_I: OHRatio_I DISPLAY_TYPE = 'time_series ' is not in list of known display types. Will attempt to infer using DISPLAY_TYPE.strip().lower().
  OHRatio_I_errorbars: OHRatio_I_errorbars DISPLAY_TYPE = 'time_series ' is not in list of known display types. Will attempt to infer using DISPLAY_TYPE.strip().lower().
  OHRatio_I_Uncert: OHRatio_I_Uncert DISPLAY_TYPE = 'time_series ' is not in list of known display types. Will attempt to infer using DISPLAY_TYPE.strip().lower().
  HeHRatio_S: HeHRatio_S DISPLAY_TYPE = 'time_series ' is not in list of known display types. Will attempt to infer using DISPLAY_TYPE.strip().lower().
  HeHRatio_S_errorbars: HeHRatio_S_errorbars DISPLAY_TYPE = 'time_series ' is not in list of known display types. Will attempt to infer using DISPLAY_TYPE.strip().lower().
  HeHRatio_S_Uncert: HeHRatio_S_Uncert DISPLAY_TYPE = 'time_series ' is not in list of known display types. Will attempt to infer using DISPLAY_TYPE.strip().lower().
  OHRatio_S: OHRatio_S DISPLAY_TYPE = 'time_series ' is not in list of known display types. Will attempt to infer using DISPLAY_TYPE.strip().lower().
  OHRatio_S_errorbars: OHRatio_S_errorbars DISPLAY_TYPE = 'time_series ' is not in list of known display types. Will attempt to infer using DISPLAY_TYPE.strip().lower().
  OHRatio_S_Uncert: OHRatio_S_Uncert DISPLAY_TYPE = 'time_series ' is not in list of known display types. Will attempt to infer using DISPLAY_TYPE.strip().lower().
  EAni_I: EAni_I DISPLAY_TYPE = 'time_series ' is not in list of known display types. Will attempt to infer using DISPLAY_TYPE.strip().lower().
  EAni_I_errorbars: EAni_I_errorbars DISPLAY_TYPE = 'time_series ' is not in list of known display types. Will attempt to infer using DISPLAY_TYPE.strip().lower().
  EAni_I_Uncert: EAni_I_Uncert DISPLAY_TYPE = 'time_series ' is not in list of known display types. Will attempt to infer using DISPLAY_TYPE.strip().lower().
  PAni_S: PAni_S DISPLAY_TYPE = 'time_series ' is not in list of known display types. Will attempt to infer using DISPLAY_TYPE.strip().lower().
  PAni_S_errorbars: PAni_S_errorbars DISPLAY_TYPE = 'time_series ' is not in list of known display types. Will attempt to infer using DISPLAY_TYPE.strip().lower().
  PAni_S_Uncert: PAni_S_Uncert DISPLAY_TYPE = 'time_series ' is not in list of known display types. Will attempt to infer using DISPLAY_TYPE.strip().lower().
  PAni67_I: PAni67_I DISPLAY_TYPE = 'time_series ' is not in list of known display types. Will attempt to infer using DISPLAY_TYPE.strip().lower().
  PAni67_I_errorbars: PAni67_I_errorbars DISPLAY_TYPE = 'time_series ' is not in list of known display types. Will attempt to infer using DISPLAY_TYPE.strip().lower().
  PAni67_I_Uncert: PAni67_I_Uncert DISPLAY_TYPE = 'time_series ' is not in list of known display types. Will attempt to infer using DISPLAY_TYPE.strip().lower().
  PAni129_I: PAni129_I DISPLAY_TYPE = 'time_series ' is not in list of known display types. Will attempt to infer using DISPLAY_TYPE.strip().lower().
  PAni129_I_errorbars: PAni129_I_errorbars DISPLAY_TYPE = 'time_series ' is not in list of known display types. Will attempt to infer using DISPLAY_TYPE.strip().lower().
  PAni129_I_Uncert: PAni129_I_Uncert DISPLAY_TYPE = 'time_series ' is not in list of known display types. Will attempt to infer using DISPLAY_TYPE.strip().lower().
GOES10_EPHEMERIS_SSC | ISTP.DISPLAY_TYPE.Unknown:
  GEO_LAT: GEO_LAT DISPLAY_TYPE = 'TIME_SERIES' is not in list of known display types. Will attempt to infer using DISPLAY_TYPE.strip().lower().
  GEO_LON: GEO_LON DISPLAY_TYPE = 'TIME_SERIES' is not in list of known display types. Will attempt to infer using DISPLAY_TYPE.strip().lower().
  GEO_LCT_T: GEO_LCT_T DISPLAY_TYPE = 'TIME_SERIES' is not in list of known display types. Will attempt to infer using DISPLAY_TYPE.strip().lower().
  GM_LAT: GM_LAT DISPLAY_TYPE = 'TIME_SERIES' is not in list of known display types. Will attempt to infer using DISPLAY_TYPE.strip().lower().
  GM_LON: GM_LON DISPLAY_TYPE = 'TIME_SERIES' is not in list of known display types. Will attempt to infer using DISPLAY_TYPE.strip().lower().
  GM_LCT_T: GM_LCT_T DISPLAY_TYPE = 'TIME_SERIES' is not in list of known display types. Will attempt to infer using DISPLAY_TYPE.strip().lower().
  GSE_LAT: GSE_LAT DISPLAY_TYPE = 'TIME_SERIES' is not in list of known display types. Will attempt to infer using DISPLAY_TYPE.strip().lower().
  GSE_LON: GSE_LON DISPLAY_TYPE = 'TIME_SERIES' is not in list of known display types. Will attempt to infer using DISPLAY_TYPE.strip().lower().
  GSE_LCT_T: GSE_LCT_T DISPLAY_TYPE = 'TIME_SERIES' is not in list of known display types. Will attempt to infer using DISPLAY_TYPE.strip().lower().
  GSM_LAT: GSM_LAT DISPLAY_TYPE = 'TIME_SERIES' is not in list of known display types. Will attempt to infer using DISPLAY_TYPE.strip().lower().
  GSM_LON: GSM_LON DISPLAY_TYPE = 'TIME_SERIES' is not in list of known display types. Will attempt to infer using DISPLAY_TYPE.strip().lower().
  SM_LAT: SM_LAT DISPLAY_TYPE = 'TIME_SERIES' is not in list of known display types. Will attempt to infer using DISPLAY_TYPE.strip().lower().
  SM_LON: SM_LON DISPLAY_TYPE = 'TIME_SERIES' is not in list of known display types. Will attempt to infer using DISPLAY_TYPE.strip().lower().
  SM_LCT_T: SM_LCT_T DISPLAY_TYPE = 'TIME_SERIES' is not in list of known display types. Will attempt to infer using DISPLAY_TYPE.strip().lower().
  NorthBtrace_GEO_LAT: NorthBtrace_GEO_LAT DISPLAY_TYPE = 'TIME_SERIES' is not in list of known display types. Will attempt to infer using DISPLAY_TYPE.strip().lower().
  NorthBtrace_GEO_LON: NorthBtrace_GEO_LON DISPLAY_TYPE = 'TIME_SERIES' is not in list of known display types. Will attempt to infer using DISPLAY_TYPE.strip().lower().
  NorthBtrace_GEO_ARCLEN: NorthBtrace_GEO_ARCLEN DISPLAY_TYPE = 'TIME_SERIES' is not in list of known display types. Will attempt to infer using DISPLAY_TYPE.strip().lower().
  SouthBtrace_GEO_LAT: SouthBtrace_GEO_LAT DISPLAY_TYPE = 'TIME_SERIES' is not in list of known display types. Will attempt to infer using DISPLAY_TYPE.strip().lower().
  SouthBtrace_GEO_LON: SouthBtrace_GEO_LON DISPLAY_TYPE = 'TIME_SERIES' is not in list of known display types. Will attempt to infer using DISPLAY_TYPE.strip().lower().
  SouthBtrace_GEO_ARCLEN: SouthBtrace_GEO_ARCLEN DISPLAY_TYPE = 'TIME_SERIES' is not in list of known display types. Will attempt to infer using DISPLAY_TYPE.strip().lower().
  NorthBtrace_GM_LAT: NorthBtrace_GM_LAT DISPLAY_TYPE = 'TIME_SERIES' is not in list of known display types. Will attempt to infer using DISPLAY_TYPE.strip().lower().
  NorthBtrace_GM_LON: NorthBtrace_GM_LON DISPLAY_TYPE = 'TIME_SERIES' is not in list of known display types. Will attempt to infer using DISPLAY_TYPE.strip().lower().
  NorthBtrace_GM_ARCLEN: NorthBtrace_GM_ARCLEN DISPLAY_TYPE = 'TIME_SERIES' is not in list of known display types. Will attempt to infer using DISPLAY_TYPE.strip().lower().
  SouthBtrace_GM_LAT: SouthBtrace_GM_LAT DISPLAY_TYPE = 'TIME_SERIES' is not in list of known display types. Will attempt to infer using DISPLAY_TYPE.strip().lower().
  SouthBtrace_GM_LON: SouthBtrace_GM_LON DISPLAY_TYPE = 'TIME_SERIES' is not in list of known display types. Will attempt to infer using DISPLAY_TYPE.strip().lower().
  SouthBtrace_GM_ARCLEN: SouthBtrace_GM_ARCLEN DISPLAY_TYPE = 'TIME_SERIES' is not in list of known display types. Will attempt to infer using DISPLAY_TYPE.strip().lower().
  RADIUS: RADIUS DISPLAY_TYPE = 'TIME_SERIES' is not in list of known display types. Will attempt to infer using DISPLAY_TYPE.strip().lower().
  DNEUTS: DNEUTS DISPLAY_TYPE = 'TIME_SERIES' is not in list of known display types. Will attempt to infer using DISPLAY_TYPE.strip().lower().
  BOW_SHOCK: BOW_SHOCK DISPLAY_TYPE = 'TIME_SERIES' is not in list of known display types. Will attempt to infer using DISPLAY_TYPE.strip().lower().
  MAG_PAUSE: MAG_PAUSE DISPLAY_TYPE = 'TIME_SERIES' is not in list of known display types. Will attempt to infer using DISPLAY_TYPE.strip().lower().
  L_VALUE: L_VALUE DISPLAY_TYPE = 'TIME_SERIES' is not in list of known display types. Will attempt to infer using DISPLAY_TYPE.strip().lower().
  INVAR_LAT: INVAR_LAT DISPLAY_TYPE = 'TIME_SERIES' is not in list of known display types. Will attempt to infer using DISPLAY_TYPE.strip().lower().
  MAG_STRTH: MAG_STRTH DISPLAY_TYPE = 'TIME_SERIES' is not in list of known display types. Will attempt to infer using DISPLAY_TYPE.strip().lower().
  MAG_X: MAG_X DISPLAY_TYPE = 'TIME_SERIES' is not in list of known display types. Will attempt to infer using DISPLAY_TYPE.strip().lower().
  MAG_Y: MAG_Y DISPLAY_TYPE = 'TIME_SERIES' is not in list of known display types. Will attempt to infer using DISPLAY_TYPE.strip().lower().
  MAG_Z: MAG_Z DISPLAY_TYPE = 'TIME_SERIES' is not in list of known display types. Will attempt to infer using DISPLAY_TYPE.strip().lower().
  XYZ_GEO: XYZ_GEO DISPLAY_TYPE = 'TIME_SERIES' is not in list of known display types. Will attempt to infer using DISPLAY_TYPE.strip().lower().
  cartesian: cartesian DISPLAY_TYPE = 'TIME_SERIES' is not in list of known display types. Will attempt to infer using DISPLAY_TYPE.strip().lower().
  xyz_lbl: xyz_lbl DISPLAY_TYPE = 'TIME_SERIES' is not in list of known display types. Will attempt to infer using DISPLAY_TYPE.strip().lower().
  XYZ_GM: XYZ_GM DISPLAY_TYPE = 'TIME_SERIES' is not in list of known display types. Will attempt to infer using DISPLAY_TYPE.strip().lower().
  XYZ_GSE: XYZ_GSE DISPLAY_TYPE = 'TIME_SERIES' is not in list of known display types. Will attempt to infer using DISPLAY_TYPE.strip().lower().
  XYZ_GSM: XYZ_GSM DISPLAY_TYPE = 'TIME_SERIES' is not in list of known display types. Will attempt to infer using DISPLAY_TYPE.strip().lower().
  XYZ_SM: XYZ_SM DISPLAY_TYPE = 'TIME_SERIES' is not in list of known display types. Will attempt to infer using DISPLAY_TYPE.strip().lower().
GOES11_EPHEMERIS_SSC | ISTP.DISPLAY_TYPE.Unknown:
  GEO_LAT: GEO_LAT DISPLAY_TYPE = 'TIME_SERIES' is not in list of known display types. Will attempt to infer using DISPLAY_TYPE.strip().lower().
  GEO_LON: GEO_LON DISPLAY_TYPE = 'TIME_SERIES' is not in list of known display types. Will attempt to infer using DISPLAY_TYPE.strip().lower().
  GEO_LCT_T: GEO_LCT_T DISPLAY_TYPE = 'TIME_SERIES' is not in list of known display types. Will attempt to infer using DISPLAY_TYPE.strip().lower().
  GM_LAT: GM_LAT DISPLAY_TYPE = 'TIME_SERIES' is not in list of known display types. Will attempt to infer using DISPLAY_TYPE.strip().lower().
  GM_LON: GM_LON DISPLAY_TYPE = 'TIME_SERIES' is not in list of known display types. Will attempt to infer using DISPLAY_TYPE.strip().lower().
  GM_LCT_T: GM_LCT_T DISPLAY_TYPE = 'TIME_SERIES' is not in list of known display types. Will attempt to infer using DISPLAY_TYPE.strip().lower().
  GSE_LAT: GSE_LAT DISPLAY_TYPE = 'TIME_SERIES' is not in list of known display types. Will attempt to infer using DISPLAY_TYPE.strip().lower().
  GSE_LON: GSE_LON DISPLAY_TYPE = 'TIME_SERIES' is not in list of known display types. Will attempt to infer using DISPLAY_TYPE.strip().lower().
  GSE_LCT_T: GSE_LCT_T DISPLAY_TYPE = 'TIME_SERIES' is not in list of known display types. Will attempt to infer using DISPLAY_TYPE.strip().lower().
  GSM_LAT: GSM_LAT DISPLAY_TYPE = 'TIME_SERIES' is not in list of known display types. Will attempt to infer using DISPLAY_TYPE.strip().lower().
  GSM_LON: GSM_LON DISPLAY_TYPE = 'TIME_SERIES' is not in list of known display types. Will attempt to infer using DISPLAY_TYPE.strip().lower().
  SM_LAT: SM_LAT DISPLAY_TYPE = 'TIME_SERIES' is not in list of known display types. Will attempt to infer using DISPLAY_TYPE.strip().lower().
  SM_LON: SM_LON DISPLAY_TYPE = 'TIME_SERIES' is not in list of known display types. Will attempt to infer using DISPLAY_TYPE.strip().lower().
  SM_LCT_T: SM_LCT_T DISPLAY_TYPE = 'TIME_SERIES' is not in list of known display types. Will attempt to infer using DISPLAY_TYPE.strip().lower().
  NorthBtrace_GEO_LAT: NorthBtrace_GEO_LAT DISPLAY_TYPE = 'TIME_SERIES' is not in list of known display types. Will attempt to infer using DISPLAY_TYPE.strip().lower().
  NorthBtrace_GEO_LON: NorthBtrace_GEO_LON DISPLAY_TYPE = 'TIME_SERIES' is not in list of known display types. Will attempt to infer using DISPLAY_TYPE.strip().lower().
  NorthBtrace_GEO_ARCLEN: NorthBtrace_GEO_ARCLEN DISPLAY_TYPE = 'TIME_SERIES' is not in list of known display types. Will attempt to infer using DISPLAY_TYPE.strip().lower().
  SouthBtrace_GEO_LAT: SouthBtrace_GEO_LAT DISPLAY_TYPE = 'TIME_SERIES' is not in list of known display types. Will attempt to infer using DISPLAY_TYPE.strip().lower().
  SouthBtrace_GEO_LON: SouthBtrace_GEO_LON DISPLAY_TYPE = 'TIME_SERIES' is not in list of known display types. Will attempt to infer using DISPLAY_TYPE.strip().lower().
  SouthBtrace_GEO_ARCLEN: SouthBtrace_GEO_ARCLEN DISPLAY_TYPE = 'TIME_SERIES' is not in list of known display types. Will attempt to infer using DISPLAY_TYPE.strip().lower().
  NorthBtrace_GM_LAT: NorthBtrace_GM_LAT DISPLAY_TYPE = 'TIME_SERIES' is not in list of known display types. Will attempt to infer using DISPLAY_TYPE.strip().lower().
  NorthBtrace_GM_LON: NorthBtrace_GM_LON DISPLAY_TYPE = 'TIME_SERIES' is not in list of known display types. Will attempt to infer using DISPLAY_TYPE.strip().lower().
  NorthBtrace_GM_ARCLEN: NorthBtrace_GM_ARCLEN DISPLAY_TYPE = 'TIME_SERIES' is not in list of known display types. Will attempt to infer using DISPLAY_TYPE.strip().lower().
  SouthBtrace_GM_LAT: SouthBtrace_GM_LAT DISPLAY_TYPE = 'TIME_SERIES' is not in list of known display types. Will attempt to infer using DISPLAY_TYPE.strip().lower().
  SouthBtrace_GM_LON: SouthBtrace_GM_LON DISPLAY_TYPE = 'TIME_SERIES' is not in list of known display types. Will attempt to infer using DISPLAY_TYPE.strip().lower().
  SouthBtrace_GM_ARCLEN: SouthBtrace_GM_ARCLEN DISPLAY_TYPE = 'TIME_SERIES' is not in list of known display types. Will attempt to infer using DISPLAY_TYPE.strip().lower().
  RADIUS: RADIUS DISPLAY_TYPE = 'TIME_SERIES' is not in list of known display types. Will attempt to infer using DISPLAY_TYPE.strip().lower().
  DNEUTS: DNEUTS DISPLAY_TYPE = 'TIME_SERIES' is not in list of known display types. Will attempt to infer using DISPLAY_TYPE.strip().lower().
  BOW_SHOCK: BOW_SHOCK DISPLAY_TYPE = 'TIME_SERIES' is not in list of known display types. Will attempt to infer using DISPLAY_TYPE.strip().lower().
  MAG_PAUSE: MAG_PAUSE DISPLAY_TYPE = 'TIME_SERIES' is not in list of known display types. Will attempt to infer using DISPLAY_TYPE.strip().lower().
  L_VALUE: L_VALUE DISPLAY_TYPE = 'TIME_SERIES' is not in list of known display types. Will attempt to infer using DISPLAY_TYPE.strip().lower().
  INVAR_LAT: INVAR_LAT DISPLAY_TYPE = 'TIME_SERIES' is not in list of known display types. Will attempt to infer using DISPLAY_TYPE.strip().lower().
  MAG_STRTH: MAG_STRTH DISPLAY_TYPE = 'TIME_SERIES' is not in list of known display types. Will attempt to infer using DISPLAY_TYPE.strip().lower().
  MAG_X: MAG_X DISPLAY_TYPE = 'TIME_SERIES' is not in list of known display types. Will attempt to infer using DISPLAY_TYPE.strip().lower().
  MAG_Y: MAG_Y DISPLAY_TYPE = 'TIME_SERIES' is not in list of known display types. Will attempt to infer using DISPLAY_TYPE.strip().lower().
  MAG_Z: MAG_Z DISPLAY_TYPE = 'TIME_SERIES' is not in list of known display types. Will attempt to infer using DISPLAY_TYPE.strip().lower().
  XYZ_GEO: XYZ_GEO DISPLAY_TYPE = 'TIME_SERIES' is not in list of known display types. Will attempt to infer using DISPLAY_TYPE.strip().lower().
  cartesian: cartesian DISPLAY_TYPE = 'TIME_SERIES' is not in list of known display types. Will attempt to infer using DISPLAY_TYPE.strip().lower().
  xyz_lbl: xyz_lbl DISPLAY_TYPE = 'TIME_SERIES' is not in list of known display types. Will attempt to infer using DISPLAY_TYPE.strip().lower().
  XYZ_GM: XYZ_GM DISPLAY_TYPE = 'TIME_SERIES' is not in list of known display types. Will attempt to infer using DISPLAY_TYPE.strip().lower().
  XYZ_GSE: XYZ_GSE DISPLAY_TYPE = 'TIME_SERIES' is not in list of known display types. Will attempt to infer using DISPLAY_TYPE.strip().lower().
  XYZ_GSM: XYZ_GSM DISPLAY_TYPE = 'TIME_SERIES' is not in list of known display types. Will attempt to infer using DISPLAY_TYPE.strip().lower().
  XYZ_SM: XYZ_SM DISPLAY_TYPE = 'TIME_SERIES' is not in list of known display types. Will attempt to infer using DISPLAY_TYPE.strip().lower().
GOES12_EPHEMERIS_SSC | ISTP.DISPLAY_TYPE.Unknown:
  GEO_LAT: GEO_LAT DISPLAY_TYPE = 'TIME_SERIES' is not in list of known display types. Will attempt to infer using DISPLAY_TYPE.strip().lower().
  GEO_LON: GEO_LON DISPLAY_TYPE = 'TIME_SERIES' is not in list of known display types. Will attempt to infer using DISPLAY_TYPE.strip().lower().
  GEO_LCT_T: GEO_LCT_T DISPLAY_TYPE = 'TIME_SERIES' is not in list of known display types. Will attempt to infer using DISPLAY_TYPE.strip().lower().
  GM_LAT: GM_LAT DISPLAY_TYPE = 'TIME_SERIES' is not in list of known display types. Will attempt to infer using DISPLAY_TYPE.strip().lower().
  GM_LON: GM_LON DISPLAY_TYPE = 'TIME_SERIES' is not in list of known display types. Will attempt to infer using DISPLAY_TYPE.strip().lower().
  GM_LCT_T: GM_LCT_T DISPLAY_TYPE = 'TIME_SERIES' is not in list of known display types. Will attempt to infer using DISPLAY_TYPE.strip().lower().
  GSE_LAT: GSE_LAT DISPLAY_TYPE = 'TIME_SERIES' is not in list of known display types. Will attempt to infer using DISPLAY_TYPE.strip().lower().
  GSE_LON: GSE_LON DISPLAY_TYPE = 'TIME_SERIES' is not in list of known display types. Will attempt to infer using DISPLAY_TYPE.strip().lower().
  GSE_LCT_T: GSE_LCT_T DISPLAY_TYPE = 'TIME_SERIES' is not in list of known display types. Will attempt to infer using DISPLAY_TYPE.strip().lower().
  GSM_LAT: GSM_LAT DISPLAY_TYPE = 'TIME_SERIES' is not in list of known display types. Will attempt to infer using DISPLAY_TYPE.strip().lower().
  GSM_LON: GSM_LON DISPLAY_TYPE = 'TIME_SERIES' is not in list of known display types. Will attempt to infer using DISPLAY_TYPE.strip().lower().
  SM_LAT: SM_LAT DISPLAY_TYPE = 'TIME_SERIES' is not in list of known display types. Will attempt to infer using DISPLAY_TYPE.strip().lower().
  SM_LON: SM_LON DISPLAY_TYPE = 'TIME_SERIES' is not in list of known display types. Will attempt to infer using DISPLAY_TYPE.strip().lower().
  SM_LCT_T: SM_LCT_T DISPLAY_TYPE = 'TIME_SERIES' is not in list of known display types. Will attempt to infer using DISPLAY_TYPE.strip().lower().
  NorthBtrace_GEO_LAT: NorthBtrace_GEO_LAT DISPLAY_TYPE = 'TIME_SERIES' is not in list of known display types. Will attempt to infer using DISPLAY_TYPE.strip().lower().
  NorthBtrace_GEO_LON: NorthBtrace_GEO_LON DISPLAY_TYPE = 'TIME_SERIES' is not in list of known display types. Will attempt to infer using DISPLAY_TYPE.strip().lower().
  NorthBtrace_GEO_ARCLEN: NorthBtrace_GEO_ARCLEN DISPLAY_TYPE = 'TIME_SERIES' is not in list of known display types. Will attempt to infer using DISPLAY_TYPE.strip().lower().
  SouthBtrace_GEO_LAT: SouthBtrace_GEO_LAT DISPLAY_TYPE = 'TIME_SERIES' is not in list of known display types. Will attempt to infer using DISPLAY_TYPE.strip().lower().
  SouthBtrace_GEO_LON: SouthBtrace_GEO_LON DISPLAY_TYPE = 'TIME_SERIES' is not in list of known display types. Will attempt to infer using DISPLAY_TYPE.strip().lower().
  SouthBtrace_GEO_ARCLEN: SouthBtrace_GEO_ARCLEN DISPLAY_TYPE = 'TIME_SERIES' is not in list of known display types. Will attempt to infer using DISPLAY_TYPE.strip().lower().
  NorthBtrace_GM_LAT: NorthBtrace_GM_LAT DISPLAY_TYPE = 'TIME_SERIES' is not in list of known display types. Will attempt to infer using DISPLAY_TYPE.strip().lower().
  NorthBtrace_GM_LON: NorthBtrace_GM_LON DISPLAY_TYPE = 'TIME_SERIES' is not in list of known display types. Will attempt to infer using DISPLAY_TYPE.strip().lower().
  NorthBtrace_GM_ARCLEN: NorthBtrace_GM_ARCLEN DISPLAY_TYPE = 'TIME_SERIES' is not in list of known display types. Will attempt to infer using DISPLAY_TYPE.strip().lower().
  SouthBtrace_GM_LAT: SouthBtrace_GM_LAT DISPLAY_TYPE = 'TIME_SERIES' is not in list of known display types. Will attempt to infer using DISPLAY_TYPE.strip().lower().
  SouthBtrace_GM_LON: SouthBtrace_GM_LON DISPLAY_TYPE = 'TIME_SERIES' is not in list of known display types. Will attempt to infer using DISPLAY_TYPE.strip().lower().
  SouthBtrace_GM_ARCLEN: SouthBtrace_GM_ARCLEN DISPLAY_TYPE = 'TIME_SERIES' is not in list of known display types. Will attempt to infer using DISPLAY_TYPE.strip().lower().
  RADIUS: RADIUS DISPLAY_TYPE = 'TIME_SERIES' is not in list of known display types. Will attempt to infer using DISPLAY_TYPE.strip().lower().
  DNEUTS: DNEUTS DISPLAY_TYPE = 'TIME_SERIES' is not in list of known display types. Will attempt to infer using DISPLAY_TYPE.strip().lower().
  BOW_SHOCK: BOW_SHOCK DISPLAY_TYPE = 'TIME_SERIES' is not in list of known display types. Will attempt to infer using DISPLAY_TYPE.strip().lower().
  MAG_PAUSE: MAG_PAUSE DISPLAY_TYPE = 'TIME_SERIES' is not in list of known display types. Will attempt to infer using DISPLAY_TYPE.strip().lower().
  L_VALUE: L_VALUE DISPLAY_TYPE = 'TIME_SERIES' is not in list of known display types. Will attempt to infer using DISPLAY_TYPE.strip().lower().
  INVAR_LAT: INVAR_LAT DISPLAY_TYPE = 'TIME_SERIES' is not in list of known display types. Will attempt to infer using DISPLAY_TYPE.strip().lower().
  MAG_STRTH: MAG_STRTH DISPLAY_TYPE = 'TIME_SERIES' is not in list of known display types. Will attempt to infer using DISPLAY_TYPE.strip().lower().
  MAG_X: MAG_X DISPLAY_TYPE = 'TIME_SERIES' is not in list of known display types. Will attempt to infer using DISPLAY_TYPE.strip().lower().
  MAG_Y: MAG_Y DISPLAY_TYPE = 'TIME_SERIES' is not in list of known display types. Will attempt to infer using DISPLAY_TYPE.strip().lower().
  MAG_Z: MAG_Z DISPLAY_TYPE = 'TIME_SERIES' is not in list of known display types. Will attempt to infer using DISPLAY_TYPE.strip().lower().
  XYZ_GEO: XYZ_GEO DISPLAY_TYPE = 'TIME_SERIES' is not in list of known display types. Will attempt to infer using DISPLAY_TYPE.strip().lower().
  cartesian: cartesian DISPLAY_TYPE = 'TIME_SERIES' is not in list of known display types. Will attempt to infer using DISPLAY_TYPE.strip().lower().
  xyz_lbl: xyz_lbl DISPLAY_TYPE = 'TIME_SERIES' is not in list of known display types. Will attempt to infer using DISPLAY_TYPE.strip().lower().
  XYZ_GM: XYZ_GM DISPLAY_TYPE = 'TIME_SERIES' is not in list of known display types. Will attempt to infer using DISPLAY_TYPE.strip().lower().
  XYZ_GSE: XYZ_GSE DISPLAY_TYPE = 'TIME_SERIES' is not in list of known display types. Will attempt to infer using DISPLAY_TYPE.strip().lower().
  XYZ_GSM: XYZ_GSM DISPLAY_TYPE = 'TIME_SERIES' is not in list of known display types. Will attempt to infer using DISPLAY_TYPE.strip().lower().
  XYZ_SM: XYZ_SM DISPLAY_TYPE = 'TIME_SERIES' is not in list of known display types. Will attempt to infer using DISPLAY_TYPE.strip().lower().
GOES13_EPHEMERIS_SSC | ISTP.DISPLAY_TYPE.Unknown:
  GEO_LAT: GEO_LAT DISPLAY_TYPE = 'TIME_SERIES' is not in list of known display types. Will attempt to infer using DISPLAY_TYPE.strip().lower().
  GEO_LON: GEO_LON DISPLAY_TYPE = 'TIME_SERIES' is not in list of known display types. Will attempt to infer using DISPLAY_TYPE.strip().lower().
  GEO_LCT_T: GEO_LCT_T DISPLAY_TYPE = 'TIME_SERIES' is not in list of known display types. Will attempt to infer using DISPLAY_TYPE.strip().lower().
  GM_LAT: GM_LAT DISPLAY_TYPE = 'TIME_SERIES' is not in list of known display types. Will attempt to infer using DISPLAY_TYPE.strip().lower().
  GM_LON: GM_LON DISPLAY_TYPE = 'TIME_SERIES' is not in list of known display types. Will attempt to infer using DISPLAY_TYPE.strip().lower().
  GM_LCT_T: GM_LCT_T DISPLAY_TYPE = 'TIME_SERIES' is not in list of known display types. Will attempt to infer using DISPLAY_TYPE.strip().lower().
  GSE_LAT: GSE_LAT DISPLAY_TYPE = 'TIME_SERIES' is not in list of known display types. Will attempt to infer using DISPLAY_TYPE.strip().lower().
  GSE_LON: GSE_LON DISPLAY_TYPE = 'TIME_SERIES' is not in list of known display types. Will attempt to infer using DISPLAY_TYPE.strip().lower().
  GSE_LCT_T: GSE_LCT_T DISPLAY_TYPE = 'TIME_SERIES' is not in list of known display types. Will attempt to infer using DISPLAY_TYPE.strip().lower().
  GSM_LAT: GSM_LAT DISPLAY_TYPE = 'TIME_SERIES' is not in list of known display types. Will attempt to infer using DISPLAY_TYPE.strip().lower().
  GSM_LON: GSM_LON DISPLAY_TYPE = 'TIME_SERIES' is not in list of known display types. Will attempt to infer using DISPLAY_TYPE.strip().lower().
  SM_LAT: SM_LAT DISPLAY_TYPE = 'TIME_SERIES' is not in list of known display types. Will attempt to infer using DISPLAY_TYPE.strip().lower().
  SM_LON: SM_LON DISPLAY_TYPE = 'TIME_SERIES' is not in list of known display types. Will attempt to infer using DISPLAY_TYPE.strip().lower().
  SM_LCT_T: SM_LCT_T DISPLAY_TYPE = 'TIME_SERIES' is not in list of known display types. Will attempt to infer using DISPLAY_TYPE.strip().lower().
  NorthBtrace_GEO_LAT: NorthBtrace_GEO_LAT DISPLAY_TYPE = 'TIME_SERIES' is not in list of known display types. Will attempt to infer using DISPLAY_TYPE.strip().lower().
  NorthBtrace_GEO_LON: NorthBtrace_GEO_LON DISPLAY_TYPE = 'TIME_SERIES' is not in list of known display types. Will attempt to infer using DISPLAY_TYPE.strip().lower().
  NorthBtrace_GEO_ARCLEN: NorthBtrace_GEO_ARCLEN DISPLAY_TYPE = 'TIME_SERIES' is not in list of known display types. Will attempt to infer using DISPLAY_TYPE.strip().lower().
  SouthBtrace_GEO_LAT: SouthBtrace_GEO_LAT DISPLAY_TYPE = 'TIME_SERIES' is not in list of known display types. Will attempt to infer using DISPLAY_TYPE.strip().lower().
  SouthBtrace_GEO_LON: SouthBtrace_GEO_LON DISPLAY_TYPE = 'TIME_SERIES' is not in list of known display types. Will attempt to infer using DISPLAY_TYPE.strip().lower().
  SouthBtrace_GEO_ARCLEN: SouthBtrace_GEO_ARCLEN DISPLAY_TYPE = 'TIME_SERIES' is not in list of known display types. Will attempt to infer using DISPLAY_TYPE.strip().lower().
  NorthBtrace_GM_LAT: NorthBtrace_GM_LAT DISPLAY_TYPE = 'TIME_SERIES' is not in list of known display types. Will attempt to infer using DISPLAY_TYPE.strip().lower().
  NorthBtrace_GM_LON: NorthBtrace_GM_LON DISPLAY_TYPE = 'TIME_SERIES' is not in list of known display types. Will attempt to infer using DISPLAY_TYPE.strip().lower().
  NorthBtrace_GM_ARCLEN: NorthBtrace_GM_ARCLEN DISPLAY_TYPE = 'TIME_SERIES' is not in list of known display types. Will attempt to infer using DISPLAY_TYPE.strip().lower().
  SouthBtrace_GM_LAT: SouthBtrace_GM_LAT DISPLAY_TYPE = 'TIME_SERIES' is not in list of known display types. Will attempt to infer using DISPLAY_TYPE.strip().lower().
  SouthBtrace_GM_LON: SouthBtrace_GM_LON DISPLAY_TYPE = 'TIME_SERIES' is not in list of known display types. Will attempt to infer using DISPLAY_TYPE.strip().lower().
  SouthBtrace_GM_ARCLEN: SouthBtrace_GM_ARCLEN DISPLAY_TYPE = 'TIME_SERIES' is not in list of known display types. Will attempt to infer using DISPLAY_TYPE.strip().lower().
  RADIUS: RADIUS DISPLAY_TYPE = 'TIME_SERIES' is not in list of known display types. Will attempt to infer using DISPLAY_TYPE.strip().lower().
  DNEUTS: DNEUTS DISPLAY_TYPE = 'TIME_SERIES' is not in list of known display types. Will attempt to infer using DISPLAY_TYPE.strip().lower().
  BOW_SHOCK: BOW_SHOCK DISPLAY_TYPE = 'TIME_SERIES' is not in list of known display types. Will attempt to infer using DISPLAY_TYPE.strip().lower().
  MAG_PAUSE: MAG_PAUSE DISPLAY_TYPE = 'TIME_SERIES' is not in list of known display types. Will attempt to infer using DISPLAY_TYPE.strip().lower().
  L_VALUE: L_VALUE DISPLAY_TYPE = 'TIME_SERIES' is not in list of known display types. Will attempt to infer using DISPLAY_TYPE.strip().lower().
  INVAR_LAT: INVAR_LAT DISPLAY_TYPE = 'TIME_SERIES' is not in list of known display types. Will attempt to infer using DISPLAY_TYPE.strip().lower().
  MAG_STRTH: MAG_STRTH DISPLAY_TYPE = 'TIME_SERIES' is not in list of known display types. Will attempt to infer using DISPLAY_TYPE.strip().lower().
  MAG_X: MAG_X DISPLAY_TYPE = 'TIME_SERIES' is not in list of known display types. Will attempt to infer using DISPLAY_TYPE.strip().lower().
  MAG_Y: MAG_Y DISPLAY_TYPE = 'TIME_SERIES' is not in list of known display types. Will attempt to infer using DISPLAY_TYPE.strip().lower().
  MAG_Z: MAG_Z DISPLAY_TYPE = 'TIME_SERIES' is not in list of known display types. Will attempt to infer using DISPLAY_TYPE.strip().lower().
  XYZ_GEO: XYZ_GEO DISPLAY_TYPE = 'TIME_SERIES' is not in list of known display types. Will attempt to infer using DISPLAY_TYPE.strip().lower().
  cartesian: cartesian DISPLAY_TYPE = 'TIME_SERIES' is not in list of known display types. Will attempt to infer using DISPLAY_TYPE.strip().lower().
  xyz_lbl: xyz_lbl DISPLAY_TYPE = 'TIME_SERIES' is not in list of known display types. Will attempt to infer using DISPLAY_TYPE.strip().lower().
  XYZ_GM: XYZ_GM DISPLAY_TYPE = 'TIME_SERIES' is not in list of known display types. Will attempt to infer using DISPLAY_TYPE.strip().lower().
  XYZ_GSE: XYZ_GSE DISPLAY_TYPE = 'TIME_SERIES' is not in list of known display types. Will attempt to infer using DISPLAY_TYPE.strip().lower().
  XYZ_GSM: XYZ_GSM DISPLAY_TYPE = 'TIME_SERIES' is not in list of known display types. Will attempt to infer using DISPLAY_TYPE.strip().lower().
  XYZ_SM: XYZ_SM DISPLAY_TYPE = 'TIME_SERIES' is not in list of known display types. Will attempt to infer using DISPLAY_TYPE.strip().lower().
GOES13_EPS-MAGED_1MIN | ISTP.DISPLAY_TYPE.Unknown:
  qual_flag: qual_flag DISPLAY_TYPE = 'no_plot' is not in list of known display types. Will attempt to infer using DISPLAY_TYPE.strip().lower().
  num_pts: num_pts DISPLAY_TYPE = 'no_plot' is not in list of known display types. Will attempt to infer using DISPLAY_TYPE.strip().lower().
GOES14_EPHEMERIS_SSC | ISTP.DISPLAY_TYPE.Unknown:
  GEO_LAT: GEO_LAT DISPLAY_TYPE = 'TIME_SERIES' is not in list of known display types. Will attempt to infer using DISPLAY_TYPE.strip().lower().
  GEO_LON: GEO_LON DISPLAY_TYPE = 'TIME_SERIES' is not in list of known display types. Will attempt to infer using DISPLAY_TYPE.strip().lower().
  GEO_LCT_T: GEO_LCT_T DISPLAY_TYPE = 'TIME_SERIES' is not in list of known display types. Will attempt to infer using DISPLAY_TYPE.strip().lower().
  GM_LAT: GM_LAT DISPLAY_TYPE = 'TIME_SERIES' is not in list of known display types. Will attempt to infer using DISPLAY_TYPE.strip().lower().
  GM_LON: GM_LON DISPLAY_TYPE = 'TIME_SERIES' is not in list of known display types. Will attempt to infer using DISPLAY_TYPE.strip().lower().
  GM_LCT_T: GM_LCT_T DISPLAY_TYPE = 'TIME_SERIES' is not in list of known display types. Will attempt to infer using DISPLAY_TYPE.strip().lower().
  GSE_LAT: GSE_LAT DISPLAY_TYPE = 'TIME_SERIES' is not in list of known display types. Will attempt to infer using DISPLAY_TYPE.strip().lower().
  GSE_LON: GSE_LON DISPLAY_TYPE = 'TIME_SERIES' is not in list of known display types. Will attempt to infer using DISPLAY_TYPE.strip().lower().
  GSE_LCT_T: GSE_LCT_T DISPLAY_TYPE = 'TIME_SERIES' is not in list of known display types. Will attempt to infer using DISPLAY_TYPE.strip().lower().
  GSM_LAT: GSM_LAT DISPLAY_TYPE = 'TIME_SERIES' is not in list of known display types. Will attempt to infer using DISPLAY_TYPE.strip().lower().
  GSM_LON: GSM_LON DISPLAY_TYPE = 'TIME_SERIES' is not in list of known display types. Will attempt to infer using DISPLAY_TYPE.strip().lower().
  SM_LAT: SM_LAT DISPLAY_TYPE = 'TIME_SERIES' is not in list of known display types. Will attempt to infer using DISPLAY_TYPE.strip().lower().
  SM_LON: SM_LON DISPLAY_TYPE = 'TIME_SERIES' is not in list of known display types. Will attempt to infer using DISPLAY_TYPE.strip().lower().
  SM_LCT_T: SM_LCT_T DISPLAY_TYPE = 'TIME_SERIES' is not in list of known display types. Will attempt to infer using DISPLAY_TYPE.strip().lower().
  NorthBtrace_GEO_LAT: NorthBtrace_GEO_LAT DISPLAY_TYPE = 'TIME_SERIES' is not in list of known display types. Will attempt to infer using DISPLAY_TYPE.strip().lower().
  NorthBtrace_GEO_LON: NorthBtrace_GEO_LON DISPLAY_TYPE = 'TIME_SERIES' is not in list of known display types. Will attempt to infer using DISPLAY_TYPE.strip().lower().
  NorthBtrace_GEO_ARCLEN: NorthBtrace_GEO_ARCLEN DISPLAY_TYPE = 'TIME_SERIES' is not in list of known display types. Will attempt to infer using DISPLAY_TYPE.strip().lower().
  SouthBtrace_GEO_LAT: SouthBtrace_GEO_LAT DISPLAY_TYPE = 'TIME_SERIES' is not in list of known display types. Will attempt to infer using DISPLAY_TYPE.strip().lower().
  SouthBtrace_GEO_LON: SouthBtrace_GEO_LON DISPLAY_TYPE = 'TIME_SERIES' is not in list of known display types. Will attempt to infer using DISPLAY_TYPE.strip().lower().
  SouthBtrace_GEO_ARCLEN: SouthBtrace_GEO_ARCLEN DISPLAY_TYPE = 'TIME_SERIES' is not in list of known display types. Will attempt to infer using DISPLAY_TYPE.strip().lower().
  NorthBtrace_GM_LAT: NorthBtrace_GM_LAT DISPLAY_TYPE = 'TIME_SERIES' is not in list of known display types. Will attempt to infer using DISPLAY_TYPE.strip().lower().
  NorthBtrace_GM_LON: NorthBtrace_GM_LON DISPLAY_TYPE = 'TIME_SERIES' is not in list of known display types. Will attempt to infer using DISPLAY_TYPE.strip().lower().
  NorthBtrace_GM_ARCLEN: NorthBtrace_GM_ARCLEN DISPLAY_TYPE = 'TIME_SERIES' is not in list of known display types. Will attempt to infer using DISPLAY_TYPE.strip().lower().
  SouthBtrace_GM_LAT: SouthBtrace_GM_LAT DISPLAY_TYPE = 'TIME_SERIES' is not in list of known display types. Will attempt to infer using DISPLAY_TYPE.strip().lower().
  SouthBtrace_GM_LON: SouthBtrace_GM_LON DISPLAY_TYPE = 'TIME_SERIES' is not in list of known display types. Will attempt to infer using DISPLAY_TYPE.strip().lower().
  SouthBtrace_GM_ARCLEN: SouthBtrace_GM_ARCLEN DISPLAY_TYPE = 'TIME_SERIES' is not in list of known display types. Will attempt to infer using DISPLAY_TYPE.strip().lower().
  RADIUS: RADIUS DISPLAY_TYPE = 'TIME_SERIES' is not in list of known display types. Will attempt to infer using DISPLAY_TYPE.strip().lower().
  DNEUTS: DNEUTS DISPLAY_TYPE = 'TIME_SERIES' is not in list of known display types. Will attempt to infer using DISPLAY_TYPE.strip().lower().
  BOW_SHOCK: BOW_SHOCK DISPLAY_TYPE = 'TIME_SERIES' is not in list of known display types. Will attempt to infer using DISPLAY_TYPE.strip().lower().
  MAG_PAUSE: MAG_PAUSE DISPLAY_TYPE = 'TIME_SERIES' is not in list of known display types. Will attempt to infer using DISPLAY_TYPE.strip().lower().
  L_VALUE: L_VALUE DISPLAY_TYPE = 'TIME_SERIES' is not in list of known display types. Will attempt to infer using DISPLAY_TYPE.strip().lower().
  INVAR_LAT: INVAR_LAT DISPLAY_TYPE = 'TIME_SERIES' is not in list of known display types. Will attempt to infer using DISPLAY_TYPE.strip().lower().
  MAG_STRTH: MAG_STRTH DISPLAY_TYPE = 'TIME_SERIES' is not in list of known display types. Will attempt to infer using DISPLAY_TYPE.strip().lower().
  MAG_X: MAG_X DISPLAY_TYPE = 'TIME_SERIES' is not in list of known display types. Will attempt to infer using DISPLAY_TYPE.strip().lower().
  MAG_Y: MAG_Y DISPLAY_TYPE = 'TIME_SERIES' is not in list of known display types. Will attempt to infer using DISPLAY_TYPE.strip().lower().
  MAG_Z: MAG_Z DISPLAY_TYPE = 'TIME_SERIES' is not in list of known display types. Will attempt to infer using DISPLAY_TYPE.strip().lower().
  XYZ_GEO: XYZ_GEO DISPLAY_TYPE = 'TIME_SERIES' is not in list of known display types. Will attempt to infer using DISPLAY_TYPE.strip().lower().
  cartesian: cartesian DISPLAY_TYPE = 'TIME_SERIES' is not in list of known display types. Will attempt to infer using DISPLAY_TYPE.strip().lower().
  xyz_lbl: xyz_lbl DISPLAY_TYPE = 'TIME_SERIES' is not in list of known display types. Will attempt to infer using DISPLAY_TYPE.strip().lower().
  XYZ_GM: XYZ_GM DISPLAY_TYPE = 'TIME_SERIES' is not in list of known display types. Will attempt to infer using DISPLAY_TYPE.strip().lower().
  XYZ_GSE: XYZ_GSE DISPLAY_TYPE = 'TIME_SERIES' is not in list of known display types. Will attempt to infer using DISPLAY_TYPE.strip().lower().
  XYZ_GSM: XYZ_GSM DISPLAY_TYPE = 'TIME_SERIES' is not in list of known display types. Will attempt to infer using DISPLAY_TYPE.strip().lower().
  XYZ_SM: XYZ_SM DISPLAY_TYPE = 'TIME_SERIES' is not in list of known display types. Will attempt to infer using DISPLAY_TYPE.strip().lower().
GOES15_EPHEMERIS_SSC | ISTP.DISPLAY_TYPE.Unknown:
  GEO_LAT: GEO_LAT DISPLAY_TYPE = 'TIME_SERIES' is not in list of known display types. Will attempt to infer using DISPLAY_TYPE.strip().lower().
  GEO_LON: GEO_LON DISPLAY_TYPE = 'TIME_SERIES' is not in list of known display types. Will attempt to infer using DISPLAY_TYPE.strip().lower().
  GEO_LCT_T: GEO_LCT_T DISPLAY_TYPE = 'TIME_SERIES' is not in list of known display types. Will attempt to infer using DISPLAY_TYPE.strip().lower().
  GM_LAT: GM_LAT DISPLAY_TYPE = 'TIME_SERIES' is not in list of known display types. Will attempt to infer using DISPLAY_TYPE.strip().lower().
  GM_LON: GM_LON DISPLAY_TYPE = 'TIME_SERIES' is not in list of known display types. Will attempt to infer using DISPLAY_TYPE.strip().lower().
  GM_LCT_T: GM_LCT_T DISPLAY_TYPE = 'TIME_SERIES' is not in list of known display types. Will attempt to infer using DISPLAY_TYPE.strip().lower().
  GSE_LAT: GSE_LAT DISPLAY_TYPE = 'TIME_SERIES' is not in list of known display types. Will attempt to infer using DISPLAY_TYPE.strip().lower().
  GSE_LON: GSE_LON DISPLAY_TYPE = 'TIME_SERIES' is not in list of known display types. Will attempt to infer using DISPLAY_TYPE.strip().lower().
  GSE_LCT_T: GSE_LCT_T DISPLAY_TYPE = 'TIME_SERIES' is not in list of known display types. Will attempt to infer using DISPLAY_TYPE.strip().lower().
  GSM_LAT: GSM_LAT DISPLAY_TYPE = 'TIME_SERIES' is not in list of known display types. Will attempt to infer using DISPLAY_TYPE.strip().lower().
  GSM_LON: GSM_LON DISPLAY_TYPE = 'TIME_SERIES' is not in list of known display types. Will attempt to infer using DISPLAY_TYPE.strip().lower().
  SM_LAT: SM_LAT DISPLAY_TYPE = 'TIME_SERIES' is not in list of known display types. Will attempt to infer using DISPLAY_TYPE.strip().lower().
  SM_LON: SM_LON DISPLAY_TYPE = 'TIME_SERIES' is not in list of known display types. Will attempt to infer using DISPLAY_TYPE.strip().lower().
  SM_LCT_T: SM_LCT_T DISPLAY_TYPE = 'TIME_SERIES' is not in list of known display types. Will attempt to infer using DISPLAY_TYPE.strip().lower().
  NorthBtrace_GEO_LAT: NorthBtrace_GEO_LAT DISPLAY_TYPE = 'TIME_SERIES' is not in list of known display types. Will attempt to infer using DISPLAY_TYPE.strip().lower().
  NorthBtrace_GEO_LON: NorthBtrace_GEO_LON DISPLAY_TYPE = 'TIME_SERIES' is not in list of known display types. Will attempt to infer using DISPLAY_TYPE.strip().lower().
  NorthBtrace_GEO_ARCLEN: NorthBtrace_GEO_ARCLEN DISPLAY_TYPE = 'TIME_SERIES' is not in list of known display types. Will attempt to infer using DISPLAY_TYPE.strip().lower().
  SouthBtrace_GEO_LAT: SouthBtrace_GEO_LAT DISPLAY_TYPE = 'TIME_SERIES' is not in list of known display types. Will attempt to infer using DISPLAY_TYPE.strip().lower().
  SouthBtrace_GEO_LON: SouthBtrace_GEO_LON DISPLAY_TYPE = 'TIME_SERIES' is not in list of known display types. Will attempt to infer using DISPLAY_TYPE.strip().lower().
  SouthBtrace_GEO_ARCLEN: SouthBtrace_GEO_ARCLEN DISPLAY_TYPE = 'TIME_SERIES' is not in list of known display types. Will attempt to infer using DISPLAY_TYPE.strip().lower().
  NorthBtrace_GM_LAT: NorthBtrace_GM_LAT DISPLAY_TYPE = 'TIME_SERIES' is not in list of known display types. Will attempt to infer using DISPLAY_TYPE.strip().lower().
  NorthBtrace_GM_LON: NorthBtrace_GM_LON DISPLAY_TYPE = 'TIME_SERIES' is not in list of known display types. Will attempt to infer using DISPLAY_TYPE.strip().lower().
  NorthBtrace_GM_ARCLEN: NorthBtrace_GM_ARCLEN DISPLAY_TYPE = 'TIME_SERIES' is not in list of known display types. Will attempt to infer using DISPLAY_TYPE.strip().lower().
  SouthBtrace_GM_LAT: SouthBtrace_GM_LAT DISPLAY_TYPE = 'TIME_SERIES' is not in list of known display types. Will attempt to infer using DISPLAY_TYPE.strip().lower().
  SouthBtrace_GM_LON: SouthBtrace_GM_LON DISPLAY_TYPE = 'TIME_SERIES' is not in list of known display types. Will attempt to infer using DISPLAY_TYPE.strip().lower().
  SouthBtrace_GM_ARCLEN: SouthBtrace_GM_ARCLEN DISPLAY_TYPE = 'TIME_SERIES' is not in list of known display types. Will attempt to infer using DISPLAY_TYPE.strip().lower().
  RADIUS: RADIUS DISPLAY_TYPE = 'TIME_SERIES' is not in list of known display types. Will attempt to infer using DISPLAY_TYPE.strip().lower().
  DNEUTS: DNEUTS DISPLAY_TYPE = 'TIME_SERIES' is not in list of known display types. Will attempt to infer using DISPLAY_TYPE.strip().lower().
  BOW_SHOCK: BOW_SHOCK DISPLAY_TYPE = 'TIME_SERIES' is not in list of known display types. Will attempt to infer using DISPLAY_TYPE.strip().lower().
  MAG_PAUSE: MAG_PAUSE DISPLAY_TYPE = 'TIME_SERIES' is not in list of known display types. Will attempt to infer using DISPLAY_TYPE.strip().lower().
  L_VALUE: L_VALUE DISPLAY_TYPE = 'TIME_SERIES' is not in list of known display types. Will attempt to infer using DISPLAY_TYPE.strip().lower().
  INVAR_LAT: INVAR_LAT DISPLAY_TYPE = 'TIME_SERIES' is not in list of known display types. Will attempt to infer using DISPLAY_TYPE.strip().lower().
  MAG_STRTH: MAG_STRTH DISPLAY_TYPE = 'TIME_SERIES' is not in list of known display types. Will attempt to infer using DISPLAY_TYPE.strip().lower().
  MAG_X: MAG_X DISPLAY_TYPE = 'TIME_SERIES' is not in list of known display types. Will attempt to infer using DISPLAY_TYPE.strip().lower().
  MAG_Y: MAG_Y DISPLAY_TYPE = 'TIME_SERIES' is not in list of known display types. Will attempt to infer using DISPLAY_TYPE.strip().lower().
  MAG_Z: MAG_Z DISPLAY_TYPE = 'TIME_SERIES' is not in list of known display types. Will attempt to infer using DISPLAY_TYPE.strip().lower().
  XYZ_GEO: XYZ_GEO DISPLAY_TYPE = 'TIME_SERIES' is not in list of known display types. Will attempt to infer using DISPLAY_TYPE.strip().lower().
  cartesian: cartesian DISPLAY_TYPE = 'TIME_SERIES' is not in list of known display types. Will attempt to infer using DISPLAY_TYPE.strip().lower().
  xyz_lbl: xyz_lbl DISPLAY_TYPE = 'TIME_SERIES' is not in list of known display types. Will attempt to infer using DISPLAY_TYPE.strip().lower().
  XYZ_GM: XYZ_GM DISPLAY_TYPE = 'TIME_SERIES' is not in list of known display types. Will attempt to infer using DISPLAY_TYPE.strip().lower().
  XYZ_GSE: XYZ_GSE DISPLAY_TYPE = 'TIME_SERIES' is not in list of known display types. Will attempt to infer using DISPLAY_TYPE.strip().lower().
  XYZ_GSM: XYZ_GSM DISPLAY_TYPE = 'TIME_SERIES' is not in list of known display types. Will attempt to infer using DISPLAY_TYPE.strip().lower().
  XYZ_SM: XYZ_SM DISPLAY_TYPE = 'TIME_SERIES' is not in list of known display types. Will attempt to infer using DISPLAY_TYPE.strip().lower().
GOES16_EPHEMERIS_SSC | ISTP.DISPLAY_TYPE.Unknown:
  GEO_LAT: GEO_LAT DISPLAY_TYPE = 'TIME_SERIES' is not in list of known display types. Will attempt to infer using DISPLAY_TYPE.strip().lower().
  GEO_LON: GEO_LON DISPLAY_TYPE = 'TIME_SERIES' is not in list of known display types. Will attempt to infer using DISPLAY_TYPE.strip().lower().
  GEO_LCT_T: GEO_LCT_T DISPLAY_TYPE = 'TIME_SERIES' is not in list of known display types. Will attempt to infer using DISPLAY_TYPE.strip().lower().
  GM_LAT: GM_LAT DISPLAY_TYPE = 'TIME_SERIES' is not in list of known display types. Will attempt to infer using DISPLAY_TYPE.strip().lower().
  GM_LON: GM_LON DISPLAY_TYPE = 'TIME_SERIES' is not in list of known display types. Will attempt to infer using DISPLAY_TYPE.strip().lower().
  GM_LCT_T: GM_LCT_T DISPLAY_TYPE = 'TIME_SERIES' is not in list of known display types. Will attempt to infer using DISPLAY_TYPE.strip().lower().
  GSE_LAT: GSE_LAT DISPLAY_TYPE = 'TIME_SERIES' is not in list of known display types. Will attempt to infer using DISPLAY_TYPE.strip().lower().
  GSE_LON: GSE_LON DISPLAY_TYPE = 'TIME_SERIES' is not in list of known display types. Will attempt to infer using DISPLAY_TYPE.strip().lower().
  GSE_LCT_T: GSE_LCT_T DISPLAY_TYPE = 'TIME_SERIES' is not in list of known display types. Will attempt to infer using DISPLAY_TYPE.strip().lower().
  GSM_LAT: GSM_LAT DISPLAY_TYPE = 'TIME_SERIES' is not in list of known display types. Will attempt to infer using DISPLAY_TYPE.strip().lower().
  GSM_LON: GSM_LON DISPLAY_TYPE = 'TIME_SERIES' is not in list of known display types. Will attempt to infer using DISPLAY_TYPE.strip().lower().
  SM_LAT: SM_LAT DISPLAY_TYPE = 'TIME_SERIES' is not in list of known display types. Will attempt to infer using DISPLAY_TYPE.strip().lower().
  SM_LON: SM_LON DISPLAY_TYPE = 'TIME_SERIES' is not in list of known display types. Will attempt to infer using DISPLAY_TYPE.strip().lower().
  SM_LCT_T: SM_LCT_T DISPLAY_TYPE = 'TIME_SERIES' is not in list of known display types. Will attempt to infer using DISPLAY_TYPE.strip().lower().
  NorthBtrace_GEO_LAT: NorthBtrace_GEO_LAT DISPLAY_TYPE = 'TIME_SERIES' is not in list of known display types. Will attempt to infer using DISPLAY_TYPE.strip().lower().
  NorthBtrace_GEO_LON: NorthBtrace_GEO_LON DISPLAY_TYPE = 'TIME_SERIES' is not in list of known display types. Will attempt to infer using DISPLAY_TYPE.strip().lower().
  NorthBtrace_GEO_ARCLEN: NorthBtrace_GEO_ARCLEN DISPLAY_TYPE = 'TIME_SERIES' is not in list of known display types. Will attempt to infer using DISPLAY_TYPE.strip().lower().
  SouthBtrace_GEO_LAT: SouthBtrace_GEO_LAT DISPLAY_TYPE = 'TIME_SERIES' is not in list of known display types. Will attempt to infer using DISPLAY_TYPE.strip().lower().
  SouthBtrace_GEO_LON: SouthBtrace_GEO_LON DISPLAY_TYPE = 'TIME_SERIES' is not in list of known display types. Will attempt to infer using DISPLAY_TYPE.strip().lower().
  SouthBtrace_GEO_ARCLEN: SouthBtrace_GEO_ARCLEN DISPLAY_TYPE = 'TIME_SERIES' is not in list of known display types. Will attempt to infer using DISPLAY_TYPE.strip().lower().
  NorthBtrace_GM_LAT: NorthBtrace_GM_LAT DISPLAY_TYPE = 'TIME_SERIES' is not in list of known display types. Will attempt to infer using DISPLAY_TYPE.strip().lower().
  NorthBtrace_GM_LON: NorthBtrace_GM_LON DISPLAY_TYPE = 'TIME_SERIES' is not in list of known display types. Will attempt to infer using DISPLAY_TYPE.strip().lower().
  NorthBtrace_GM_ARCLEN: NorthBtrace_GM_ARCLEN DISPLAY_TYPE = 'TIME_SERIES' is not in list of known display types. Will attempt to infer using DISPLAY_TYPE.strip().lower().
  SouthBtrace_GM_LAT: SouthBtrace_GM_LAT DISPLAY_TYPE = 'TIME_SERIES' is not in list of known display types. Will attempt to infer using DISPLAY_TYPE.strip().lower().
  SouthBtrace_GM_LON: SouthBtrace_GM_LON DISPLAY_TYPE = 'TIME_SERIES' is not in list of known display types. Will attempt to infer using DISPLAY_TYPE.strip().lower().
  SouthBtrace_GM_ARCLEN: SouthBtrace_GM_ARCLEN DISPLAY_TYPE = 'TIME_SERIES' is not in list of known display types. Will attempt to infer using DISPLAY_TYPE.strip().lower().
  RADIUS: RADIUS DISPLAY_TYPE = 'TIME_SERIES' is not in list of known display types. Will attempt to infer using DISPLAY_TYPE.strip().lower().
  DNEUTS: DNEUTS DISPLAY_TYPE = 'TIME_SERIES' is not in list of known display types. Will attempt to infer using DISPLAY_TYPE.strip().lower().
  BOW_SHOCK: BOW_SHOCK DISPLAY_TYPE = 'TIME_SERIES' is not in list of known display types. Will attempt to infer using DISPLAY_TYPE.strip().lower().
  MAG_PAUSE: MAG_PAUSE DISPLAY_TYPE = 'TIME_SERIES' is not in list of known display types. Will attempt to infer using DISPLAY_TYPE.strip().lower().
  L_VALUE: L_VALUE DISPLAY_TYPE = 'TIME_SERIES' is not in list of known display types. Will attempt to infer using DISPLAY_TYPE.strip().lower().
  INVAR_LAT: INVAR_LAT DISPLAY_TYPE = 'TIME_SERIES' is not in list of known display types. Will attempt to infer using DISPLAY_TYPE.strip().lower().
  MAG_STRTH: MAG_STRTH DISPLAY_TYPE = 'TIME_SERIES' is not in list of known display types. Will attempt to infer using DISPLAY_TYPE.strip().lower().
  MAG_X: MAG_X DISPLAY_TYPE = 'TIME_SERIES' is not in list of known display types. Will attempt to infer using DISPLAY_TYPE.strip().lower().
  MAG_Y: MAG_Y DISPLAY_TYPE = 'TIME_SERIES' is not in list of known display types. Will attempt to infer using DISPLAY_TYPE.strip().lower().
  MAG_Z: MAG_Z DISPLAY_TYPE = 'TIME_SERIES' is not in list of known display types. Will attempt to infer using DISPLAY_TYPE.strip().lower().
  XYZ_GEO: XYZ_GEO DISPLAY_TYPE = 'TIME_SERIES' is not in list of known display types. Will attempt to infer using DISPLAY_TYPE.strip().lower().
  cartesian: cartesian DISPLAY_TYPE = 'TIME_SERIES' is not in list of known display types. Will attempt to infer using DISPLAY_TYPE.strip().lower().
  xyz_lbl: xyz_lbl DISPLAY_TYPE = 'TIME_SERIES' is not in list of known display types. Will attempt to infer using DISPLAY_TYPE.strip().lower().
  XYZ_GM: XYZ_GM DISPLAY_TYPE = 'TIME_SERIES' is not in list of known display types. Will attempt to infer using DISPLAY_TYPE.strip().lower().
  XYZ_GSE: XYZ_GSE DISPLAY_TYPE = 'TIME_SERIES' is not in list of known display types. Will attempt to infer using DISPLAY_TYPE.strip().lower().
  XYZ_GSM: XYZ_GSM DISPLAY_TYPE = 'TIME_SERIES' is not in list of known display types. Will attempt to infer using DISPLAY_TYPE.strip().lower().
  XYZ_SM: XYZ_SM DISPLAY_TYPE = 'TIME_SERIES' is not in list of known display types. Will attempt to infer using DISPLAY_TYPE.strip().lower().
GOES17_EPHEMERIS_SSC | ISTP.DISPLAY_TYPE.Unknown:
  GEO_LAT: GEO_LAT DISPLAY_TYPE = 'TIME_SERIES' is not in list of known display types. Will attempt to infer using DISPLAY_TYPE.strip().lower().
  GEO_LON: GEO_LON DISPLAY_TYPE = 'TIME_SERIES' is not in list of known display types. Will attempt to infer using DISPLAY_TYPE.strip().lower().
  GEO_LCT_T: GEO_LCT_T DISPLAY_TYPE = 'TIME_SERIES' is not in list of known display types. Will attempt to infer using DISPLAY_TYPE.strip().lower().
  GM_LAT: GM_LAT DISPLAY_TYPE = 'TIME_SERIES' is not in list of known display types. Will attempt to infer using DISPLAY_TYPE.strip().lower().
  GM_LON: GM_LON DISPLAY_TYPE = 'TIME_SERIES' is not in list of known display types. Will attempt to infer using DISPLAY_TYPE.strip().lower().
  GM_LCT_T: GM_LCT_T DISPLAY_TYPE = 'TIME_SERIES' is not in list of known display types. Will attempt to infer using DISPLAY_TYPE.strip().lower().
  GSE_LAT: GSE_LAT DISPLAY_TYPE = 'TIME_SERIES' is not in list of known display types. Will attempt to infer using DISPLAY_TYPE.strip().lower().
  GSE_LON: GSE_LON DISPLAY_TYPE = 'TIME_SERIES' is not in list of known display types. Will attempt to infer using DISPLAY_TYPE.strip().lower().
  GSE_LCT_T: GSE_LCT_T DISPLAY_TYPE = 'TIME_SERIES' is not in list of known display types. Will attempt to infer using DISPLAY_TYPE.strip().lower().
  GSM_LAT: GSM_LAT DISPLAY_TYPE = 'TIME_SERIES' is not in list of known display types. Will attempt to infer using DISPLAY_TYPE.strip().lower().
  GSM_LON: GSM_LON DISPLAY_TYPE = 'TIME_SERIES' is not in list of known display types. Will attempt to infer using DISPLAY_TYPE.strip().lower().
  SM_LAT: SM_LAT DISPLAY_TYPE = 'TIME_SERIES' is not in list of known display types. Will attempt to infer using DISPLAY_TYPE.strip().lower().
  SM_LON: SM_LON DISPLAY_TYPE = 'TIME_SERIES' is not in list of known display types. Will attempt to infer using DISPLAY_TYPE.strip().lower().
  SM_LCT_T: SM_LCT_T DISPLAY_TYPE = 'TIME_SERIES' is not in list of known display types. Will attempt to infer using DISPLAY_TYPE.strip().lower().
  NorthBtrace_GEO_LAT: NorthBtrace_GEO_LAT DISPLAY_TYPE = 'TIME_SERIES' is not in list of known display types. Will attempt to infer using DISPLAY_TYPE.strip().lower().
  NorthBtrace_GEO_LON: NorthBtrace_GEO_LON DISPLAY_TYPE = 'TIME_SERIES' is not in list of known display types. Will attempt to infer using DISPLAY_TYPE.strip().lower().
  NorthBtrace_GEO_ARCLEN: NorthBtrace_GEO_ARCLEN DISPLAY_TYPE = 'TIME_SERIES' is not in list of known display types. Will attempt to infer using DISPLAY_TYPE.strip().lower().
  SouthBtrace_GEO_LAT: SouthBtrace_GEO_LAT DISPLAY_TYPE = 'TIME_SERIES' is not in list of known display types. Will attempt to infer using DISPLAY_TYPE.strip().lower().
  SouthBtrace_GEO_LON: SouthBtrace_GEO_LON DISPLAY_TYPE = 'TIME_SERIES' is not in list of known display types. Will attempt to infer using DISPLAY_TYPE.strip().lower().
  SouthBtrace_GEO_ARCLEN: SouthBtrace_GEO_ARCLEN DISPLAY_TYPE = 'TIME_SERIES' is not in list of known display types. Will attempt to infer using DISPLAY_TYPE.strip().lower().
  NorthBtrace_GM_LAT: NorthBtrace_GM_LAT DISPLAY_TYPE = 'TIME_SERIES' is not in list of known display types. Will attempt to infer using DISPLAY_TYPE.strip().lower().
  NorthBtrace_GM_LON: NorthBtrace_GM_LON DISPLAY_TYPE = 'TIME_SERIES' is not in list of known display types. Will attempt to infer using DISPLAY_TYPE.strip().lower().
  NorthBtrace_GM_ARCLEN: NorthBtrace_GM_ARCLEN DISPLAY_TYPE = 'TIME_SERIES' is not in list of known display types. Will attempt to infer using DISPLAY_TYPE.strip().lower().
  SouthBtrace_GM_LAT: SouthBtrace_GM_LAT DISPLAY_TYPE = 'TIME_SERIES' is not in list of known display types. Will attempt to infer using DISPLAY_TYPE.strip().lower().
  SouthBtrace_GM_LON: SouthBtrace_GM_LON DISPLAY_TYPE = 'TIME_SERIES' is not in list of known display types. Will attempt to infer using DISPLAY_TYPE.strip().lower().
  SouthBtrace_GM_ARCLEN: SouthBtrace_GM_ARCLEN DISPLAY_TYPE = 'TIME_SERIES' is not in list of known display types. Will attempt to infer using DISPLAY_TYPE.strip().lower().
  RADIUS: RADIUS DISPLAY_TYPE = 'TIME_SERIES' is not in list of known display types. Will attempt to infer using DISPLAY_TYPE.strip().lower().
  DNEUTS: DNEUTS DISPLAY_TYPE = 'TIME_SERIES' is not in list of known display types. Will attempt to infer using DISPLAY_TYPE.strip().lower().
  BOW_SHOCK: BOW_SHOCK DISPLAY_TYPE = 'TIME_SERIES' is not in list of known display types. Will attempt to infer using DISPLAY_TYPE.strip().lower().
  MAG_PAUSE: MAG_PAUSE DISPLAY_TYPE = 'TIME_SERIES' is not in list of known display types. Will attempt to infer using DISPLAY_TYPE.strip().lower().
  L_VALUE: L_VALUE DISPLAY_TYPE = 'TIME_SERIES' is not in list of known display types. Will attempt to infer using DISPLAY_TYPE.strip().lower().
  INVAR_LAT: INVAR_LAT DISPLAY_TYPE = 'TIME_SERIES' is not in list of known display types. Will attempt to infer using DISPLAY_TYPE.strip().lower().
  MAG_STRTH: MAG_STRTH DISPLAY_TYPE = 'TIME_SERIES' is not in list of known display types. Will attempt to infer using DISPLAY_TYPE.strip().lower().
  MAG_X: MAG_X DISPLAY_TYPE = 'TIME_SERIES' is not in list of known display types. Will attempt to infer using DISPLAY_TYPE.strip().lower().
  MAG_Y: MAG_Y DISPLAY_TYPE = 'TIME_SERIES' is not in list of known display types. Will attempt to infer using DISPLAY_TYPE.strip().lower().
  MAG_Z: MAG_Z DISPLAY_TYPE = 'TIME_SERIES' is not in list of known display types. Will attempt to infer using DISPLAY_TYPE.strip().lower().
  XYZ_GEO: XYZ_GEO DISPLAY_TYPE = 'TIME_SERIES' is not in list of known display types. Will attempt to infer using DISPLAY_TYPE.strip().lower().
  cartesian: cartesian DISPLAY_TYPE = 'TIME_SERIES' is not in list of known display types. Will attempt to infer using DISPLAY_TYPE.strip().lower().
  xyz_lbl: xyz_lbl DISPLAY_TYPE = 'TIME_SERIES' is not in list of known display types. Will attempt to infer using DISPLAY_TYPE.strip().lower().
  XYZ_GM: XYZ_GM DISPLAY_TYPE = 'TIME_SERIES' is not in list of known display types. Will attempt to infer using DISPLAY_TYPE.strip().lower().
  XYZ_GSE: XYZ_GSE DISPLAY_TYPE = 'TIME_SERIES' is not in list of known display types. Will attempt to infer using DISPLAY_TYPE.strip().lower().
  XYZ_GSM: XYZ_GSM DISPLAY_TYPE = 'TIME_SERIES' is not in list of known display types. Will attempt to infer using DISPLAY_TYPE.strip().lower().
  XYZ_SM: XYZ_SM DISPLAY_TYPE = 'TIME_SERIES' is not in list of known display types. Will attempt to infer using DISPLAY_TYPE.strip().lower().
GOES18_EPHEMERIS_SSC | ISTP.DISPLAY_TYPE.Unknown:
  GEO_LAT: GEO_LAT DISPLAY_TYPE = 'TIME_SERIES' is not in list of known display types. Will attempt to infer using DISPLAY_TYPE.strip().lower().
  GEO_LON: GEO_LON DISPLAY_TYPE = 'TIME_SERIES' is not in list of known display types. Will attempt to infer using DISPLAY_TYPE.strip().lower().
  GEO_LCT_T: GEO_LCT_T DISPLAY_TYPE = 'TIME_SERIES' is not in list of known display types. Will attempt to infer using DISPLAY_TYPE.strip().lower().
  GM_LAT: GM_LAT DISPLAY_TYPE = 'TIME_SERIES' is not in list of known display types. Will attempt to infer using DISPLAY_TYPE.strip().lower().
  GM_LON: GM_LON DISPLAY_TYPE = 'TIME_SERIES' is not in list of known display types. Will attempt to infer using DISPLAY_TYPE.strip().lower().
  GM_LCT_T: GM_LCT_T DISPLAY_TYPE = 'TIME_SERIES' is not in list of known display types. Will attempt to infer using DISPLAY_TYPE.strip().lower().
  GSE_LAT: GSE_LAT DISPLAY_TYPE = 'TIME_SERIES' is not in list of known display types. Will attempt to infer using DISPLAY_TYPE.strip().lower().
  GSE_LON: GSE_LON DISPLAY_TYPE = 'TIME_SERIES' is not in list of known display types. Will attempt to infer using DISPLAY_TYPE.strip().lower().
  GSE_LCT_T: GSE_LCT_T DISPLAY_TYPE = 'TIME_SERIES' is not in list of known display types. Will attempt to infer using DISPLAY_TYPE.strip().lower().
  GSM_LAT: GSM_LAT DISPLAY_TYPE = 'TIME_SERIES' is not in list of known display types. Will attempt to infer using DISPLAY_TYPE.strip().lower().
  GSM_LON: GSM_LON DISPLAY_TYPE = 'TIME_SERIES' is not in list of known display types. Will attempt to infer using DISPLAY_TYPE.strip().lower().
  SM_LAT: SM_LAT DISPLAY_TYPE = 'TIME_SERIES' is not in list of known display types. Will attempt to infer using DISPLAY_TYPE.strip().lower().
  SM_LON: SM_LON DISPLAY_TYPE = 'TIME_SERIES' is not in list of known display types. Will attempt to infer using DISPLAY_TYPE.strip().lower().
  SM_LCT_T: SM_LCT_T DISPLAY_TYPE = 'TIME_SERIES' is not in list of known display types. Will attempt to infer using DISPLAY_TYPE.strip().lower().
  NorthBtrace_GEO_LAT: NorthBtrace_GEO_LAT DISPLAY_TYPE = 'TIME_SERIES' is not in list of known display types. Will attempt to infer using DISPLAY_TYPE.strip().lower().
  NorthBtrace_GEO_LON: NorthBtrace_GEO_LON DISPLAY_TYPE = 'TIME_SERIES' is not in list of known display types. Will attempt to infer using DISPLAY_TYPE.strip().lower().
  NorthBtrace_GEO_ARCLEN: NorthBtrace_GEO_ARCLEN DISPLAY_TYPE = 'TIME_SERIES' is not in list of known display types. Will attempt to infer using DISPLAY_TYPE.strip().lower().
  SouthBtrace_GEO_LAT: SouthBtrace_GEO_LAT DISPLAY_TYPE = 'TIME_SERIES' is not in list of known display types. Will attempt to infer using DISPLAY_TYPE.strip().lower().
  SouthBtrace_GEO_LON: SouthBtrace_GEO_LON DISPLAY_TYPE = 'TIME_SERIES' is not in list of known display types. Will attempt to infer using DISPLAY_TYPE.strip().lower().
  SouthBtrace_GEO_ARCLEN: SouthBtrace_GEO_ARCLEN DISPLAY_TYPE = 'TIME_SERIES' is not in list of known display types. Will attempt to infer using DISPLAY_TYPE.strip().lower().
  NorthBtrace_GM_LAT: NorthBtrace_GM_LAT DISPLAY_TYPE = 'TIME_SERIES' is not in list of known display types. Will attempt to infer using DISPLAY_TYPE.strip().lower().
  NorthBtrace_GM_LON: NorthBtrace_GM_LON DISPLAY_TYPE = 'TIME_SERIES' is not in list of known display types. Will attempt to infer using DISPLAY_TYPE.strip().lower().
  NorthBtrace_GM_ARCLEN: NorthBtrace_GM_ARCLEN DISPLAY_TYPE = 'TIME_SERIES' is not in list of known display types. Will attempt to infer using DISPLAY_TYPE.strip().lower().
  SouthBtrace_GM_LAT: SouthBtrace_GM_LAT DISPLAY_TYPE = 'TIME_SERIES' is not in list of known display types. Will attempt to infer using DISPLAY_TYPE.strip().lower().
  SouthBtrace_GM_LON: SouthBtrace_GM_LON DISPLAY_TYPE = 'TIME_SERIES' is not in list of known display types. Will attempt to infer using DISPLAY_TYPE.strip().lower().
  SouthBtrace_GM_ARCLEN: SouthBtrace_GM_ARCLEN DISPLAY_TYPE = 'TIME_SERIES' is not in list of known display types. Will attempt to infer using DISPLAY_TYPE.strip().lower().
  RADIUS: RADIUS DISPLAY_TYPE = 'TIME_SERIES' is not in list of known display types. Will attempt to infer using DISPLAY_TYPE.strip().lower().
  MAG_STRTH: MAG_STRTH DISPLAY_TYPE = 'TIME_SERIES' is not in list of known display types. Will attempt to infer using DISPLAY_TYPE.strip().lower().
  DNEUTS: DNEUTS DISPLAY_TYPE = 'TIME_SERIES' is not in list of known display types. Will attempt to infer using DISPLAY_TYPE.strip().lower().
  BOW_SHOCK: BOW_SHOCK DISPLAY_TYPE = 'TIME_SERIES' is not in list of known display types. Will attempt to infer using DISPLAY_TYPE.strip().lower().
  MAG_PAUSE: MAG_PAUSE DISPLAY_TYPE = 'TIME_SERIES' is not in list of known display types. Will attempt to infer using DISPLAY_TYPE.strip().lower().
  L_VALUE: L_VALUE DISPLAY_TYPE = 'TIME_SERIES' is not in list of known display types. Will attempt to infer using DISPLAY_TYPE.strip().lower().
  INVAR_LAT: INVAR_LAT DISPLAY_TYPE = 'TIME_SERIES' is not in list of known display types. Will attempt to infer using DISPLAY_TYPE.strip().lower().
  MAG_X: MAG_X DISPLAY_TYPE = 'TIME_SERIES' is not in list of known display types. Will attempt to infer using DISPLAY_TYPE.strip().lower().
  MAG_Y: MAG_Y DISPLAY_TYPE = 'TIME_SERIES' is not in list of known display types. Will attempt to infer using DISPLAY_TYPE.strip().lower().
  MAG_Z: MAG_Z DISPLAY_TYPE = 'TIME_SERIES' is not in list of known display types. Will attempt to infer using DISPLAY_TYPE.strip().lower().
  XYZ_GEO: XYZ_GEO DISPLAY_TYPE = 'TIME_SERIES' is not in list of known display types. Will attempt to infer using DISPLAY_TYPE.strip().lower().
  cartesian: cartesian DISPLAY_TYPE = 'TIME_SERIES' is not in list of known display types. Will attempt to infer using DISPLAY_TYPE.strip().lower().
  xyz_lbl: xyz_lbl DISPLAY_TYPE = 'TIME_SERIES' is not in list of known display types. Will attempt to infer using DISPLAY_TYPE.strip().lower().
  XYZ_GM: XYZ_GM DISPLAY_TYPE = 'TIME_SERIES' is not in list of known display types. Will attempt to infer using DISPLAY_TYPE.strip().lower().
  XYZ_GSE: XYZ_GSE DISPLAY_TYPE = 'TIME_SERIES' is not in list of known display types. Will attempt to infer using DISPLAY_TYPE.strip().lower().
  XYZ_GSM: XYZ_GSM DISPLAY_TYPE = 'TIME_SERIES' is not in list of known display types. Will attempt to infer using DISPLAY_TYPE.strip().lower().
  XYZ_SM: XYZ_SM DISPLAY_TYPE = 'TIME_SERIES' is not in list of known display types. Will attempt to infer using DISPLAY_TYPE.strip().lower().
GOES8_EPHEMERIS_SSC | ISTP.DISPLAY_TYPE.Unknown:
  GEO_LAT: GEO_LAT DISPLAY_TYPE = 'TIME_SERIES' is not in list of known display types. Will attempt to infer using DISPLAY_TYPE.strip().lower().
  GEO_LON: GEO_LON DISPLAY_TYPE = 'TIME_SERIES' is not in list of known display types. Will attempt to infer using DISPLAY_TYPE.strip().lower().
  GEO_LCT_T: GEO_LCT_T DISPLAY_TYPE = 'TIME_SERIES' is not in list of known display types. Will attempt to infer using DISPLAY_TYPE.strip().lower().
  GM_LAT: GM_LAT DISPLAY_TYPE = 'TIME_SERIES' is not in list of known display types. Will attempt to infer using DISPLAY_TYPE.strip().lower().
  GM_LON: GM_LON DISPLAY_TYPE = 'TIME_SERIES' is not in list of known display types. Will attempt to infer using DISPLAY_TYPE.strip().lower().
  GM_LCT_T: GM_LCT_T DISPLAY_TYPE = 'TIME_SERIES' is not in list of known display types. Will attempt to infer using DISPLAY_TYPE.strip().lower().
  GSE_LAT: GSE_LAT DISPLAY_TYPE = 'TIME_SERIES' is not in list of known display types. Will attempt to infer using DISPLAY_TYPE.strip().lower().
  GSE_LON: GSE_LON DISPLAY_TYPE = 'TIME_SERIES' is not in list of known display types. Will attempt to infer using DISPLAY_TYPE.strip().lower().
  GSE_LCT_T: GSE_LCT_T DISPLAY_TYPE = 'TIME_SERIES' is not in list of known display types. Will attempt to infer using DISPLAY_TYPE.strip().lower().
  GSM_LAT: GSM_LAT DISPLAY_TYPE = 'TIME_SERIES' is not in list of known display types. Will attempt to infer using DISPLAY_TYPE.strip().lower().
  GSM_LON: GSM_LON DISPLAY_TYPE = 'TIME_SERIES' is not in list of known display types. Will attempt to infer using DISPLAY_TYPE.strip().lower().
  SM_LAT: SM_LAT DISPLAY_TYPE = 'TIME_SERIES' is not in list of known display types. Will attempt to infer using DISPLAY_TYPE.strip().lower().
  SM_LON: SM_LON DISPLAY_TYPE = 'TIME_SERIES' is not in list of known display types. Will attempt to infer using DISPLAY_TYPE.strip().lower().
  SM_LCT_T: SM_LCT_T DISPLAY_TYPE = 'TIME_SERIES' is not in list of known display types. Will attempt to infer using DISPLAY_TYPE.strip().lower().
  NorthBtrace_GEO_LAT: NorthBtrace_GEO_LAT DISPLAY_TYPE = 'TIME_SERIES' is not in list of known display types. Will attempt to infer using DISPLAY_TYPE.strip().lower().
  NorthBtrace_GEO_LON: NorthBtrace_GEO_LON DISPLAY_TYPE = 'TIME_SERIES' is not in list of known display types. Will attempt to infer using DISPLAY_TYPE.strip().lower().
  NorthBtrace_GEO_ARCLEN: NorthBtrace_GEO_ARCLEN DISPLAY_TYPE = 'TIME_SERIES' is not in list of known display types. Will attempt to infer using DISPLAY_TYPE.strip().lower().
  SouthBtrace_GEO_LAT: SouthBtrace_GEO_LAT DISPLAY_TYPE = 'TIME_SERIES' is not in list of known display types. Will attempt to infer using DISPLAY_TYPE.strip().lower().
  SouthBtrace_GEO_LON: SouthBtrace_GEO_LON DISPLAY_TYPE = 'TIME_SERIES' is not in list of known display types. Will attempt to infer using DISPLAY_TYPE.strip().lower().
  SouthBtrace_GEO_ARCLEN: SouthBtrace_GEO_ARCLEN DISPLAY_TYPE = 'TIME_SERIES' is not in list of known display types. Will attempt to infer using DISPLAY_TYPE.strip().lower().
  NorthBtrace_GM_LAT: NorthBtrace_GM_LAT DISPLAY_TYPE = 'TIME_SERIES' is not in list of known display types. Will attempt to infer using DISPLAY_TYPE.strip().lower().
  NorthBtrace_GM_LON: NorthBtrace_GM_LON DISPLAY_TYPE = 'TIME_SERIES' is not in list of known display types. Will attempt to infer using DISPLAY_TYPE.strip().lower().
  NorthBtrace_GM_ARCLEN: NorthBtrace_GM_ARCLEN DISPLAY_TYPE = 'TIME_SERIES' is not in list of known display types. Will attempt to infer using DISPLAY_TYPE.strip().lower().
  SouthBtrace_GM_LAT: SouthBtrace_GM_LAT DISPLAY_TYPE = 'TIME_SERIES' is not in list of known display types. Will attempt to infer using DISPLAY_TYPE.strip().lower().
  SouthBtrace_GM_LON: SouthBtrace_GM_LON DISPLAY_TYPE = 'TIME_SERIES' is not in list of known display types. Will attempt to infer using DISPLAY_TYPE.strip().lower().
  SouthBtrace_GM_ARCLEN: SouthBtrace_GM_ARCLEN DISPLAY_TYPE = 'TIME_SERIES' is not in list of known display types. Will attempt to infer using DISPLAY_TYPE.strip().lower().
  RADIUS: RADIUS DISPLAY_TYPE = 'TIME_SERIES' is not in list of known display types. Will attempt to infer using DISPLAY_TYPE.strip().lower().
  DNEUTS: DNEUTS DISPLAY_TYPE = 'TIME_SERIES' is not in list of known display types. Will attempt to infer using DISPLAY_TYPE.strip().lower().
  BOW_SHOCK: BOW_SHOCK DISPLAY_TYPE = 'TIME_SERIES' is not in list of known display types. Will attempt to infer using DISPLAY_TYPE.strip().lower().
  MAG_PAUSE: MAG_PAUSE DISPLAY_TYPE = 'TIME_SERIES' is not in list of known display types. Will attempt to infer using DISPLAY_TYPE.strip().lower().
  L_VALUE: L_VALUE DISPLAY_TYPE = 'TIME_SERIES' is not in list of known display types. Will attempt to infer using DISPLAY_TYPE.strip().lower().
  INVAR_LAT: INVAR_LAT DISPLAY_TYPE = 'TIME_SERIES' is not in list of known display types. Will attempt to infer using DISPLAY_TYPE.strip().lower().
  MAG_STRTH: MAG_STRTH DISPLAY_TYPE = 'TIME_SERIES' is not in list of known display types. Will attempt to infer using DISPLAY_TYPE.strip().lower().
  MAG_X: MAG_X DISPLAY_TYPE = 'TIME_SERIES' is not in list of known display types. Will attempt to infer using DISPLAY_TYPE.strip().lower().
  MAG_Y: MAG_Y DISPLAY_TYPE = 'TIME_SERIES' is not in list of known display types. Will attempt to infer using DISPLAY_TYPE.strip().lower().
  MAG_Z: MAG_Z DISPLAY_TYPE = 'TIME_SERIES' is not in list of known display types. Will attempt to infer using DISPLAY_TYPE.strip().lower().
  XYZ_GEO: XYZ_GEO DISPLAY_TYPE = 'TIME_SERIES' is not in list of known display types. Will attempt to infer using DISPLAY_TYPE.strip().lower().
  cartesian: cartesian DISPLAY_TYPE = 'TIME_SERIES' is not in list of known display types. Will attempt to infer using DISPLAY_TYPE.strip().lower().
  xyz_lbl: xyz_lbl DISPLAY_TYPE = 'TIME_SERIES' is not in list of known display types. Will attempt to infer using DISPLAY_TYPE.strip().lower().
  XYZ_GM: XYZ_GM DISPLAY_TYPE = 'TIME_SERIES' is not in list of known display types. Will attempt to infer using DISPLAY_TYPE.strip().lower().
  XYZ_GSE: XYZ_GSE DISPLAY_TYPE = 'TIME_SERIES' is not in list of known display types. Will attempt to infer using DISPLAY_TYPE.strip().lower().
  XYZ_GSM: XYZ_GSM DISPLAY_TYPE = 'TIME_SERIES' is not in list of known display types. Will attempt to infer using DISPLAY_TYPE.strip().lower().
  XYZ_SM: XYZ_SM DISPLAY_TYPE = 'TIME_SERIES' is not in list of known display types. Will attempt to infer using DISPLAY_TYPE.strip().lower().
GOES9_EPHEMERIS_SSC | ISTP.DISPLAY_TYPE.Unknown:
  GEO_LAT: GEO_LAT DISPLAY_TYPE = 'TIME_SERIES' is not in list of known display types. Will attempt to infer using DISPLAY_TYPE.strip().lower().
  GEO_LON: GEO_LON DISPLAY_TYPE = 'TIME_SERIES' is not in list of known display types. Will attempt to infer using DISPLAY_TYPE.strip().lower().
  GEO_LCT_T: GEO_LCT_T DISPLAY_TYPE = 'TIME_SERIES' is not in list of known display types. Will attempt to infer using DISPLAY_TYPE.strip().lower().
  GM_LAT: GM_LAT DISPLAY_TYPE = 'TIME_SERIES' is not in list of known display types. Will attempt to infer using DISPLAY_TYPE.strip().lower().
  GM_LON: GM_LON DISPLAY_TYPE = 'TIME_SERIES' is not in list of known display types. Will attempt to infer using DISPLAY_TYPE.strip().lower().
  GM_LCT_T: GM_LCT_T DISPLAY_TYPE = 'TIME_SERIES' is not in list of known display types. Will attempt to infer using DISPLAY_TYPE.strip().lower().
  GSE_LAT: GSE_LAT DISPLAY_TYPE = 'TIME_SERIES' is not in list of known display types. Will attempt to infer using DISPLAY_TYPE.strip().lower().
  GSE_LON: GSE_LON DISPLAY_TYPE = 'TIME_SERIES' is not in list of known display types. Will attempt to infer using DISPLAY_TYPE.strip().lower().
  GSE_LCT_T: GSE_LCT_T DISPLAY_TYPE = 'TIME_SERIES' is not in list of known display types. Will attempt to infer using DISPLAY_TYPE.strip().lower().
  GSM_LAT: GSM_LAT DISPLAY_TYPE = 'TIME_SERIES' is not in list of known display types. Will attempt to infer using DISPLAY_TYPE.strip().lower().
  GSM_LON: GSM_LON DISPLAY_TYPE = 'TIME_SERIES' is not in list of known display types. Will attempt to infer using DISPLAY_TYPE.strip().lower().
  SM_LAT: SM_LAT DISPLAY_TYPE = 'TIME_SERIES' is not in list of known display types. Will attempt to infer using DISPLAY_TYPE.strip().lower().
  SM_LON: SM_LON DISPLAY_TYPE = 'TIME_SERIES' is not in list of known display types. Will attempt to infer using DISPLAY_TYPE.strip().lower().
  SM_LCT_T: SM_LCT_T DISPLAY_TYPE = 'TIME_SERIES' is not in list of known display types. Will attempt to infer using DISPLAY_TYPE.strip().lower().
  NorthBtrace_GEO_LAT: NorthBtrace_GEO_LAT DISPLAY_TYPE = 'TIME_SERIES' is not in list of known display types. Will attempt to infer using DISPLAY_TYPE.strip().lower().
  NorthBtrace_GEO_LON: NorthBtrace_GEO_LON DISPLAY_TYPE = 'TIME_SERIES' is not in list of known display types. Will attempt to infer using DISPLAY_TYPE.strip().lower().
  NorthBtrace_GEO_ARCLEN: NorthBtrace_GEO_ARCLEN DISPLAY_TYPE = 'TIME_SERIES' is not in list of known display types. Will attempt to infer using DISPLAY_TYPE.strip().lower().
  SouthBtrace_GEO_LAT: SouthBtrace_GEO_LAT DISPLAY_TYPE = 'TIME_SERIES' is not in list of known display types. Will attempt to infer using DISPLAY_TYPE.strip().lower().
  SouthBtrace_GEO_LON: SouthBtrace_GEO_LON DISPLAY_TYPE = 'TIME_SERIES' is not in list of known display types. Will attempt to infer using DISPLAY_TYPE.strip().lower().
  SouthBtrace_GEO_ARCLEN: SouthBtrace_GEO_ARCLEN DISPLAY_TYPE = 'TIME_SERIES' is not in list of known display types. Will attempt to infer using DISPLAY_TYPE.strip().lower().
  NorthBtrace_GM_LAT: NorthBtrace_GM_LAT DISPLAY_TYPE = 'TIME_SERIES' is not in list of known display types. Will attempt to infer using DISPLAY_TYPE.strip().lower().
  NorthBtrace_GM_LON: NorthBtrace_GM_LON DISPLAY_TYPE = 'TIME_SERIES' is not in list of known display types. Will attempt to infer using DISPLAY_TYPE.strip().lower().
  NorthBtrace_GM_ARCLEN: NorthBtrace_GM_ARCLEN DISPLAY_TYPE = 'TIME_SERIES' is not in list of known display types. Will attempt to infer using DISPLAY_TYPE.strip().lower().
  SouthBtrace_GM_LAT: SouthBtrace_GM_LAT DISPLAY_TYPE = 'TIME_SERIES' is not in list of known display types. Will attempt to infer using DISPLAY_TYPE.strip().lower().
  SouthBtrace_GM_LON: SouthBtrace_GM_LON DISPLAY_TYPE = 'TIME_SERIES' is not in list of known display types. Will attempt to infer using DISPLAY_TYPE.strip().lower().
  SouthBtrace_GM_ARCLEN: SouthBtrace_GM_ARCLEN DISPLAY_TYPE = 'TIME_SERIES' is not in list of known display types. Will attempt to infer using DISPLAY_TYPE.strip().lower().
  RADIUS: RADIUS DISPLAY_TYPE = 'TIME_SERIES' is not in list of known display types. Will attempt to infer using DISPLAY_TYPE.strip().lower().
  DNEUTS: DNEUTS DISPLAY_TYPE = 'TIME_SERIES' is not in list of known display types. Will attempt to infer using DISPLAY_TYPE.strip().lower().
  BOW_SHOCK: BOW_SHOCK DISPLAY_TYPE = 'TIME_SERIES' is not in list of known display types. Will attempt to infer using DISPLAY_TYPE.strip().lower().
  MAG_PAUSE: MAG_PAUSE DISPLAY_TYPE = 'TIME_SERIES' is not in list of known display types. Will attempt to infer using DISPLAY_TYPE.strip().lower().
  L_VALUE: L_VALUE DISPLAY_TYPE = 'TIME_SERIES' is not in list of known display types. Will attempt to infer using DISPLAY_TYPE.strip().lower().
  INVAR_LAT: INVAR_LAT DISPLAY_TYPE = 'TIME_SERIES' is not in list of known display types. Will attempt to infer using DISPLAY_TYPE.strip().lower().
  MAG_STRTH: MAG_STRTH DISPLAY_TYPE = 'TIME_SERIES' is not in list of known display types. Will attempt to infer using DISPLAY_TYPE.strip().lower().
  MAG_X: MAG_X DISPLAY_TYPE = 'TIME_SERIES' is not in list of known display types. Will attempt to infer using DISPLAY_TYPE.strip().lower().
  MAG_Y: MAG_Y DISPLAY_TYPE = 'TIME_SERIES' is not in list of known display types. Will attempt to infer using DISPLAY_TYPE.strip().lower().
  MAG_Z: MAG_Z DISPLAY_TYPE = 'TIME_SERIES' is not in list of known display types. Will attempt to infer using DISPLAY_TYPE.strip().lower().
  XYZ_GEO: XYZ_GEO DISPLAY_TYPE = 'TIME_SERIES' is not in list of known display types. Will attempt to infer using DISPLAY_TYPE.strip().lower().
  cartesian: cartesian DISPLAY_TYPE = 'TIME_SERIES' is not in list of known display types. Will attempt to infer using DISPLAY_TYPE.strip().lower().
  xyz_lbl: xyz_lbl DISPLAY_TYPE = 'TIME_SERIES' is not in list of known display types. Will attempt to infer using DISPLAY_TYPE.strip().lower().
  XYZ_GM: XYZ_GM DISPLAY_TYPE = 'TIME_SERIES' is not in list of known display types. Will attempt to infer using DISPLAY_TYPE.strip().lower().
  XYZ_GSE: XYZ_GSE DISPLAY_TYPE = 'TIME_SERIES' is not in list of known display types. Will attempt to infer using DISPLAY_TYPE.strip().lower().
  XYZ_GSM: XYZ_GSM DISPLAY_TYPE = 'TIME_SERIES' is not in list of known display types. Will attempt to infer using DISPLAY_TYPE.strip().lower().
  XYZ_SM: XYZ_SM DISPLAY_TYPE = 'TIME_SERIES' is not in list of known display types. Will attempt to infer using DISPLAY_TYPE.strip().lower().
GOLD_L2_NMAX | ISTP.DISPLAY_TYPE.Unknown:
  channel: channel DISPLAY_TYPE = 'no_plot' is not in list of known display types. Will attempt to infer using DISPLAY_TYPE.strip().lower().
  nmax_unc_mod: nmax_unc_mod DISPLAY_TYPE = 'no_plot' is not in list of known display types. Will attempt to infer using DISPLAY_TYPE.strip().lower().
GOLD_L2_ON2 | ISTP.DISPLAY_TYPE.Unknown:
  on2_dqi: on2_dqi DISPLAY_TYPE = 'no_plot' is not in list of known display types. Will attempt to infer using DISPLAY_TYPE.strip().lower().
GOLD_L2_TDISK | ISTP.DISPLAY_TYPE.Unknown:
  vibrational_populations: vibrational_populations DISPLAY_TYPE = 'no_plot' is not in list of known display types. Will attempt to infer using DISPLAY_TYPE.strip().lower().
I1_AV2_OTT | ISTP.DISPLAY_TYPE.Unknown:
  freq_mark: freq_mark DISPLAY_TYPE = 'xyplot' is not in list of known display types. Will attempt to infer using DISPLAY_TYPE.strip().lower().
I1_AV2_QUI | ISTP.DISPLAY_TYPE.Unknown:
  freq_mark: freq_mark DISPLAY_TYPE = 'xyplot' is not in list of known display types. Will attempt to infer using DISPLAY_TYPE.strip().lower().
I1_AV2_SNT | ISTP.DISPLAY_TYPE.Unknown:
  freq_mark: freq_mark DISPLAY_TYPE = 'xyplot' is not in list of known display types. Will attempt to infer using DISPLAY_TYPE.strip().lower().
I1_AV2_ULA | ISTP.DISPLAY_TYPE.Unknown:
  freq_mark: freq_mark DISPLAY_TYPE = 'xyplot' is not in list of known display types. Will attempt to infer using DISPLAY_TYPE.strip().lower().
I1_AV_KER | ISTP.DISPLAY_TYPE.Unknown:
  freq_mark: freq_mark DISPLAY_TYPE = 'xyplot' is not in list of known display types. Will attempt to infer using DISPLAY_TYPE.strip().lower().
I1_AV_KSH | ISTP.DISPLAY_TYPE.Unknown:
  freq_mark: freq_mark DISPLAY_TYPE = 'xyplot' is not in list of known display types. Will attempt to infer using DISPLAY_TYPE.strip().lower().
I1_AV_KWA | ISTP.DISPLAY_TYPE.Unknown:
  freq_mark: freq_mark DISPLAY_TYPE = 'xyplot' is not in list of known display types. Will attempt to infer using DISPLAY_TYPE.strip().lower().
I1_AV_ODG | ISTP.DISPLAY_TYPE.Unknown:
  freq_mark: freq_mark DISPLAY_TYPE = 'xyplot' is not in list of known display types. Will attempt to infer using DISPLAY_TYPE.strip().lower().
I1_AV_ORR | ISTP.DISPLAY_TYPE.Unknown:
  freq_mark: freq_mark DISPLAY_TYPE = 'xyplot' is not in list of known display types. Will attempt to infer using DISPLAY_TYPE.strip().lower().
I1_AV_OTT | ISTP.DISPLAY_TYPE.Unknown:
  freq_mark: freq_mark DISPLAY_TYPE = 'xyplot' is not in list of known display types. Will attempt to infer using DISPLAY_TYPE.strip().lower().
I1_AV_QUI | ISTP.DISPLAY_TYPE.Unknown:
  freq_mark: freq_mark DISPLAY_TYPE = 'xyplot' is not in list of known display types. Will attempt to infer using DISPLAY_TYPE.strip().lower().
I1_AV_RES | ISTP.DISPLAY_TYPE.Unknown:
  freq_mark: freq_mark DISPLAY_TYPE = 'xyplot' is not in list of known display types. Will attempt to infer using DISPLAY_TYPE.strip().lower().
I1_AV_SNT | ISTP.DISPLAY_TYPE.Unknown:
  freq_mark: freq_mark DISPLAY_TYPE = 'xyplot' is not in list of known display types. Will attempt to infer using DISPLAY_TYPE.strip().lower().
I1_AV_SOD | ISTP.DISPLAY_TYPE.Unknown:
  freq_mark: freq_mark DISPLAY_TYPE = 'xyplot' is not in list of known display types. Will attempt to infer using DISPLAY_TYPE.strip().lower().
I1_AV_TRO | ISTP.DISPLAY_TYPE.Unknown:
  freq_mark: freq_mark DISPLAY_TYPE = 'xyplot' is not in list of known display types. Will attempt to infer using DISPLAY_TYPE.strip().lower().
I1_AV_ULA | ISTP.DISPLAY_TYPE.Unknown:
  freq_mark: freq_mark DISPLAY_TYPE = 'xyplot' is not in list of known display types. Will attempt to infer using DISPLAY_TYPE.strip().lower().
I1_AV_WNK | ISTP.DISPLAY_TYPE.Unknown:
  freq_mark: freq_mark DISPLAY_TYPE = 'xyplot' is not in list of known display types. Will attempt to infer using DISPLAY_TYPE.strip().lower().
I2_AV_ACN | ISTP.DISPLAY_TYPE.Unknown:
  freq_mark: freq_mark DISPLAY_TYPE = 'xyplot' is not in list of known display types. Will attempt to infer using DISPLAY_TYPE.strip().lower().
I2_AV_ADL | ISTP.DISPLAY_TYPE.Unknown:
  freq_mark: freq_mark DISPLAY_TYPE = 'xyplot' is not in list of known display types. Will attempt to infer using DISPLAY_TYPE.strip().lower().
I2_AV_AME | ISTP.DISPLAY_TYPE.Unknown:
  freq_mark: freq_mark DISPLAY_TYPE = 'xyplot' is not in list of known display types. Will attempt to infer using DISPLAY_TYPE.strip().lower().
I2_AV_BRZ | ISTP.DISPLAY_TYPE.Unknown:
  freq_mark: freq_mark DISPLAY_TYPE = 'xyplot' is not in list of known display types. Will attempt to infer using DISPLAY_TYPE.strip().lower().
I2_AV_BUR | ISTP.DISPLAY_TYPE.Unknown:
  freq_mark: freq_mark DISPLAY_TYPE = 'xyplot' is not in list of known display types. Will attempt to infer using DISPLAY_TYPE.strip().lower().
I2_AV_CNA | ISTP.DISPLAY_TYPE.Unknown:
  freq_mark: freq_mark DISPLAY_TYPE = 'xyplot' is not in list of known display types. Will attempt to infer using DISPLAY_TYPE.strip().lower().
I2_AV_KER | ISTP.DISPLAY_TYPE.Unknown:
  freq_mark: freq_mark DISPLAY_TYPE = 'xyplot' is not in list of known display types. Will attempt to infer using DISPLAY_TYPE.strip().lower().
I2_AV_KRU | ISTP.DISPLAY_TYPE.Unknown:
  freq_mark: freq_mark DISPLAY_TYPE = 'xyplot' is not in list of known display types. Will attempt to infer using DISPLAY_TYPE.strip().lower().
I2_AV_KSH | ISTP.DISPLAY_TYPE.Unknown:
  freq_mark: freq_mark DISPLAY_TYPE = 'xyplot' is not in list of known display types. Will attempt to infer using DISPLAY_TYPE.strip().lower().
I2_AV_KWA | ISTP.DISPLAY_TYPE.Unknown:
  freq_mark: freq_mark DISPLAY_TYPE = 'xyplot' is not in list of known display types. Will attempt to infer using DISPLAY_TYPE.strip().lower().
I2_AV_LAU | ISTP.DISPLAY_TYPE.Unknown:
  freq_mark: freq_mark DISPLAY_TYPE = 'xyplot' is not in list of known display types. Will attempt to infer using DISPLAY_TYPE.strip().lower().
I2_AV_ODG | ISTP.DISPLAY_TYPE.Unknown:
  freq_mark: freq_mark DISPLAY_TYPE = 'xyplot' is not in list of known display types. Will attempt to infer using DISPLAY_TYPE.strip().lower().
I2_AV_ORR | ISTP.DISPLAY_TYPE.Unknown:
  freq_mark: freq_mark DISPLAY_TYPE = 'xyplot' is not in list of known display types. Will attempt to infer using DISPLAY_TYPE.strip().lower().
I2_AV_OTT | ISTP.DISPLAY_TYPE.Unknown:
  freq_mark: freq_mark DISPLAY_TYPE = 'xyplot' is not in list of known display types. Will attempt to infer using DISPLAY_TYPE.strip().lower().
I2_AV_QUI | ISTP.DISPLAY_TYPE.Unknown:
  freq_mark: freq_mark DISPLAY_TYPE = 'xyplot' is not in list of known display types. Will attempt to infer using DISPLAY_TYPE.strip().lower().
I2_AV_RES | ISTP.DISPLAY_TYPE.Unknown:
  freq_mark: freq_mark DISPLAY_TYPE = 'xyplot' is not in list of known display types. Will attempt to infer using DISPLAY_TYPE.strip().lower().
I2_AV_SNT | ISTP.DISPLAY_TYPE.Unknown:
  freq_mark: freq_mark DISPLAY_TYPE = 'xyplot' is not in list of known display types. Will attempt to infer using DISPLAY_TYPE.strip().lower().
I2_AV_SOD | ISTP.DISPLAY_TYPE.Unknown:
  freq_mark: freq_mark DISPLAY_TYPE = 'xyplot' is not in list of known display types. Will attempt to infer using DISPLAY_TYPE.strip().lower().
I2_AV_SOL | ISTP.DISPLAY_TYPE.Unknown:
  freq_mark: freq_mark DISPLAY_TYPE = 'xyplot' is not in list of known display types. Will attempt to infer using DISPLAY_TYPE.strip().lower().
I2_AV_SYO | ISTP.DISPLAY_TYPE.Unknown:
  freq_mark: freq_mark DISPLAY_TYPE = 'xyplot' is not in list of known display types. Will attempt to infer using DISPLAY_TYPE.strip().lower().
I2_AV_TRO | ISTP.DISPLAY_TYPE.Unknown:
  freq_mark: freq_mark DISPLAY_TYPE = 'xyplot' is not in list of known display types. Will attempt to infer using DISPLAY_TYPE.strip().lower().
I2_AV_ULA | ISTP.DISPLAY_TYPE.Unknown:
  freq_mark: freq_mark DISPLAY_TYPE = 'xyplot' is not in list of known display types. Will attempt to infer using DISPLAY_TYPE.strip().lower().
I2_AV_WNK | ISTP.DISPLAY_TYPE.Unknown:
  freq_mark: freq_mark DISPLAY_TYPE = 'xyplot' is not in list of known display types. Will attempt to infer using DISPLAY_TYPE.strip().lower().
I8_H0_GME | ISTP.DISPLAY_TYPE.Unknown:
  Epoch: Epoch DISPLAY_TYPE = 'time_series ' is not in list of known display types. Will attempt to infer using DISPLAY_TYPE.strip().lower().
  Epoch_delta_time: Epoch_delta_time DISPLAY_TYPE = 'time_series ' is not in list of known display types. Will attempt to infer using DISPLAY_TYPE.strip().lower().
  Proton_DIntn_Engy: Proton_DIntn_Engy DISPLAY_TYPE = 'time_series ' is not in list of known display types. Will attempt to infer using DISPLAY_TYPE.strip().lower().
  Proton_DIntn_EngyPls: Proton_DIntn_EngyPls DISPLAY_TYPE = 'time_series ' is not in list of known display types. Will attempt to infer using DISPLAY_TYPE.strip().lower().
  Proton_Dintn_EngyMns: Proton_Dintn_EngyMns DISPLAY_TYPE = 'time_series ' is not in list of known display types. Will attempt to infer using DISPLAY_TYPE.strip().lower().
  Alpha_DIntn_Engy: Alpha_DIntn_Engy DISPLAY_TYPE = 'time_series ' is not in list of known display types. Will attempt to infer using DISPLAY_TYPE.strip().lower().
  Alpha_DIntn_EngyPls: Alpha_DIntn_EngyPls DISPLAY_TYPE = 'time_series ' is not in list of known display types. Will attempt to infer using DISPLAY_TYPE.strip().lower().
  Alpha_DIntn_EngyMns: Alpha_DIntn_EngyMns DISPLAY_TYPE = 'time_series ' is not in list of known display types. Will attempt to infer using DISPLAY_TYPE.strip().lower().
I8_OR_SSC | ISTP.DISPLAY_TYPE.Unknown:
  cartesian: cartesian DISPLAY_TYPE = 'TIME_SERIES' is not in list of known display types. Will attempt to infer using DISPLAY_TYPE.strip().lower().
  xyz_lbl: xyz_lbl DISPLAY_TYPE = 'TIME_SERIES' is not in list of known display types. Will attempt to infer using DISPLAY_TYPE.strip().lower().
IBEX_OR_SSC | ISTP.DISPLAY_TYPE.Unknown:
  RADIUS: RADIUS DISPLAY_TYPE = 'TIME_SERIES' is not in list of known display types. Will attempt to infer using DISPLAY_TYPE.strip().lower().
  GSE_LAT: GSE_LAT DISPLAY_TYPE = 'TIME_SERIES' is not in list of known display types. Will attempt to infer using DISPLAY_TYPE.strip().lower().
  GSE_LON: GSE_LON DISPLAY_TYPE = 'TIME_SERIES' is not in list of known display types. Will attempt to infer using DISPLAY_TYPE.strip().lower().
  GSE_LCT_T: GSE_LCT_T DISPLAY_TYPE = 'TIME_SERIES' is not in list of known display types. Will attempt to infer using DISPLAY_TYPE.strip().lower().
  GSM_LAT: GSM_LAT DISPLAY_TYPE = 'TIME_SERIES' is not in list of known display types. Will attempt to infer using DISPLAY_TYPE.strip().lower().
  GSM_LON: GSM_LON DISPLAY_TYPE = 'TIME_SERIES' is not in list of known display types. Will attempt to infer using DISPLAY_TYPE.strip().lower().
  SM_LAT: SM_LAT DISPLAY_TYPE = 'TIME_SERIES' is not in list of known display types. Will attempt to infer using DISPLAY_TYPE.strip().lower().
  SM_LON: SM_LON DISPLAY_TYPE = 'TIME_SERIES' is not in list of known display types. Will attempt to infer using DISPLAY_TYPE.strip().lower().
  SM_LCT_T: SM_LCT_T DISPLAY_TYPE = 'TIME_SERIES' is not in list of known display types. Will attempt to infer using DISPLAY_TYPE.strip().lower().
  XYZ_GEO: XYZ_GEO DISPLAY_TYPE = 'TIME_SERIES' is not in list of known display types. Will attempt to infer using DISPLAY_TYPE.strip().lower().
  GEO_LAT: GEO_LAT DISPLAY_TYPE = 'TIME_SERIES' is not in list of known display types. Will attempt to infer using DISPLAY_TYPE.strip().lower().
  GEO_LON: GEO_LON DISPLAY_TYPE = 'TIME_SERIES' is not in list of known display types. Will attempt to infer using DISPLAY_TYPE.strip().lower().
  GEO_LCT_T: GEO_LCT_T DISPLAY_TYPE = 'TIME_SERIES' is not in list of known display types. Will attempt to infer using DISPLAY_TYPE.strip().lower().
  NorthBtrace_GEO_LAT: NorthBtrace_GEO_LAT DISPLAY_TYPE = 'TIME_SERIES' is not in list of known display types. Will attempt to infer using DISPLAY_TYPE.strip().lower().
  NorthBtrace_GEO_LON: NorthBtrace_GEO_LON DISPLAY_TYPE = 'TIME_SERIES' is not in list of known display types. Will attempt to infer using DISPLAY_TYPE.strip().lower().
  NorthBtrace_GEO_ARCLEN: NorthBtrace_GEO_ARCLEN DISPLAY_TYPE = 'TIME_SERIES' is not in list of known display types. Will attempt to infer using DISPLAY_TYPE.strip().lower().
  SouthBtrace_GEO_LAT: SouthBtrace_GEO_LAT DISPLAY_TYPE = 'TIME_SERIES' is not in list of known display types. Will attempt to infer using DISPLAY_TYPE.strip().lower().
  SouthBtrace_GEO_LON: SouthBtrace_GEO_LON DISPLAY_TYPE = 'TIME_SERIES' is not in list of known display types. Will attempt to infer using DISPLAY_TYPE.strip().lower().
  SouthBtrace_GEO_ARCLEN: SouthBtrace_GEO_ARCLEN DISPLAY_TYPE = 'TIME_SERIES' is not in list of known display types. Will attempt to infer using DISPLAY_TYPE.strip().lower().
  GM_LAT: GM_LAT DISPLAY_TYPE = 'TIME_SERIES' is not in list of known display types. Will attempt to infer using DISPLAY_TYPE.strip().lower().
  GM_LON: GM_LON DISPLAY_TYPE = 'TIME_SERIES' is not in list of known display types. Will attempt to infer using DISPLAY_TYPE.strip().lower().
  NorthBtrace_GM_LAT: NorthBtrace_GM_LAT DISPLAY_TYPE = 'TIME_SERIES' is not in list of known display types. Will attempt to infer using DISPLAY_TYPE.strip().lower().
  NorthBtrace_GM_LON: NorthBtrace_GM_LON DISPLAY_TYPE = 'TIME_SERIES' is not in list of known display types. Will attempt to infer using DISPLAY_TYPE.strip().lower().
  NorthBtrace_GM_ARCLEN: NorthBtrace_GM_ARCLEN DISPLAY_TYPE = 'TIME_SERIES' is not in list of known display types. Will attempt to infer using DISPLAY_TYPE.strip().lower().
  SouthBtrace_GM_LAT: SouthBtrace_GM_LAT DISPLAY_TYPE = 'TIME_SERIES' is not in list of known display types. Will attempt to infer using DISPLAY_TYPE.strip().lower().
  SouthBtrace_GM_LON: SouthBtrace_GM_LON DISPLAY_TYPE = 'TIME_SERIES' is not in list of known display types. Will attempt to infer using DISPLAY_TYPE.strip().lower().
  SouthBtrace_GM_ARCLEN: SouthBtrace_GM_ARCLEN DISPLAY_TYPE = 'TIME_SERIES' is not in list of known display types. Will attempt to infer using DISPLAY_TYPE.strip().lower().
  MAG_STRTH: MAG_STRTH DISPLAY_TYPE = 'TIME_SERIES' is not in list of known display types. Will attempt to infer using DISPLAY_TYPE.strip().lower().
  DNEUTS: DNEUTS DISPLAY_TYPE = 'TIME_SERIES' is not in list of known display types. Will attempt to infer using DISPLAY_TYPE.strip().lower().
  BOW_SHOCK: BOW_SHOCK DISPLAY_TYPE = 'TIME_SERIES' is not in list of known display types. Will attempt to infer using DISPLAY_TYPE.strip().lower().
  MAG_PAUSE: MAG_PAUSE DISPLAY_TYPE = 'TIME_SERIES' is not in list of known display types. Will attempt to infer using DISPLAY_TYPE.strip().lower().
  L_VALUE: L_VALUE DISPLAY_TYPE = 'TIME_SERIES' is not in list of known display types. Will attempt to infer using DISPLAY_TYPE.strip().lower().
  INVAR_LAT: INVAR_LAT DISPLAY_TYPE = 'TIME_SERIES' is not in list of known display types. Will attempt to infer using DISPLAY_TYPE.strip().lower().
  MAG_Y: MAG_Y DISPLAY_TYPE = 'TIME_SERIES' is not in list of known display types. Will attempt to infer using DISPLAY_TYPE.strip().lower().
  MAG_Z: MAG_Z DISPLAY_TYPE = 'TIME_SERIES' is not in list of known display types. Will attempt to infer using DISPLAY_TYPE.strip().lower().
  cartesian: cartesian DISPLAY_TYPE = 'TIME_SERIES' is not in list of known display types. Will attempt to infer using DISPLAY_TYPE.strip().lower().
  xyz_lbl: xyz_lbl DISPLAY_TYPE = 'TIME_SERIES' is not in list of known display types. Will attempt to infer using DISPLAY_TYPE.strip().lower().
ICON_L2-1_MIGHTI-A_LOS-WIND-GREEN | ISTP.DISPLAY_TYPE.Unknown:
  ICON_L21_Attitude_Conjugate_Maneuver: ICON_L21_Attitude_Conjugate_Maneuver DISPLAY_TYPE = 'scalar' is not in list of known display types. Will attempt to infer using DISPLAY_TYPE.strip().lower().
  ICON_L21_Attitude_Zero_Wind_Maneuver: ICON_L21_Attitude_Zero_Wind_Maneuver DISPLAY_TYPE = 'scalar' is not in list of known display types. Will attempt to infer using DISPLAY_TYPE.strip().lower().
  ICON_L21_Bin_Size: ICON_L21_Bin_Size DISPLAY_TYPE = 'scalar' is not in list of known display types. Will attempt to infer using DISPLAY_TYPE.strip().lower().
ICON_L2-1_MIGHTI-A_LOS-WIND-RED | ISTP.DISPLAY_TYPE.Unknown:
  ICON_L21_Attitude_Conjugate_Maneuver: ICON_L21_Attitude_Conjugate_Maneuver DISPLAY_TYPE = 'scalar' is not in list of known display types. Will attempt to infer using DISPLAY_TYPE.strip().lower().
  ICON_L21_Bin_Size: ICON_L21_Bin_Size DISPLAY_TYPE = 'scalar' is not in list of known display types. Will attempt to infer using DISPLAY_TYPE.strip().lower().
ICON_L2-1_MIGHTI-B_LOS-WIND-GREEN | ISTP.DISPLAY_TYPE.Unknown:
  ICON_L21_Attitude_Conjugate_Maneuver: ICON_L21_Attitude_Conjugate_Maneuver DISPLAY_TYPE = 'scalar' is not in list of known display types. Will attempt to infer using DISPLAY_TYPE.strip().lower().
  ICON_L21_Bin_Size: ICON_L21_Bin_Size DISPLAY_TYPE = 'scalar' is not in list of known display types. Will attempt to infer using DISPLAY_TYPE.strip().lower().
ICON_L2-1_MIGHTI-B_LOS-WIND-RED | ISTP.DISPLAY_TYPE.Unknown:
  ICON_L21_Attitude_Conjugate_Maneuver: ICON_L21_Attitude_Conjugate_Maneuver DISPLAY_TYPE = 'scalar' is not in list of known display types. Will attempt to infer using DISPLAY_TYPE.strip().lower().
  ICON_L21_Bin_Size: ICON_L21_Bin_Size DISPLAY_TYPE = 'scalar' is not in list of known display types. Will attempt to infer using DISPLAY_TYPE.strip().lower().
ICON_L2-3_MIGHTI-A_TEMPERATURE | ISTP.DISPLAY_TYPE.Unknown:
  ICON_L23_MIGHTI_A_Temperature: ICON_L23_MIGHTI_A_Temperature DISPLAY_TYPE = 'Spectrogram' is not in list of known display types. Will attempt to infer using DISPLAY_TYPE.strip().lower().
  ICON_L23_MIGHTI_A_Background_Slope: ICON_L23_MIGHTI_A_Background_Slope DISPLAY_TYPE = 'Spectrogram' is not in list of known display types. Will attempt to infer using DISPLAY_TYPE.strip().lower().
  ICON_L23_MIGHTI_A_GPS_Time: ICON_L23_MIGHTI_A_GPS_Time DISPLAY_TYPE = 'Time_Series' is not in list of known display types. Will attempt to infer using DISPLAY_TYPE.strip().lower().
  ICON_L23_MIGHTI_A_GPS_Time_Subseconds: ICON_L23_MIGHTI_A_GPS_Time_Subseconds DISPLAY_TYPE = 'Time_Series' is not in list of known display types. Will attempt to infer using DISPLAY_TYPE.strip().lower().
  ICON_L23_MIGHTI_A_Integration_Time: ICON_L23_MIGHTI_A_Integration_Time DISPLAY_TYPE = 'Time_Series' is not in list of known display types. Will attempt to infer using DISPLAY_TYPE.strip().lower().
  ICON_L23_MIGHTI_A_UTC_Time: ICON_L23_MIGHTI_A_UTC_Time DISPLAY_TYPE = 'Time_Series' is not in list of known display types. Will attempt to infer using DISPLAY_TYPE.strip().lower().
ICON_L2-3_MIGHTI-B_TEMPERATURE | ISTP.DISPLAY_TYPE.Unknown:
  ICON_L23_MIGHTI_B_Temperature: ICON_L23_MIGHTI_B_Temperature DISPLAY_TYPE = 'Spectrogram' is not in list of known display types. Will attempt to infer using DISPLAY_TYPE.strip().lower().
  ICON_L23_MIGHTI_B_Background_Slope: ICON_L23_MIGHTI_B_Background_Slope DISPLAY_TYPE = 'Spectrogram' is not in list of known display types. Will attempt to infer using DISPLAY_TYPE.strip().lower().
  ICON_L23_MIGHTI_B_GPS_Time: ICON_L23_MIGHTI_B_GPS_Time DISPLAY_TYPE = 'Time_Series' is not in list of known display types. Will attempt to infer using DISPLAY_TYPE.strip().lower().
  ICON_L23_MIGHTI_B_GPS_Time_Subseconds: ICON_L23_MIGHTI_B_GPS_Time_Subseconds DISPLAY_TYPE = 'Time_Series' is not in list of known display types. Will attempt to infer using DISPLAY_TYPE.strip().lower().
  ICON_L23_MIGHTI_B_Integration_Time: ICON_L23_MIGHTI_B_Integration_Time DISPLAY_TYPE = 'Time_Series' is not in list of known display types. Will attempt to infer using DISPLAY_TYPE.strip().lower().
  ICON_L23_MIGHTI_B_UTC_Time: ICON_L23_MIGHTI_B_UTC_Time DISPLAY_TYPE = 'Time_Series' is not in list of known display types. Will attempt to infer using DISPLAY_TYPE.strip().lower().
ICON_L2-4_FUV_DAY | ISTP.DISPLAY_TYPE.Unknown:
  ICON_L24_Instrument_Mode_Flag: ICON_L24_Instrument_Mode_Flag DISPLAY_TYPE = 'Time_Series' is not in list of known display types. Will attempt to infer using DISPLAY_TYPE.strip().lower().
  ICON_L24_Level_1_Quality_Flag: ICON_L24_Level_1_Quality_Flag DISPLAY_TYPE = 'Time_Series' is not in list of known display types. Will attempt to infer using DISPLAY_TYPE.strip().lower().
  ICON_L24_Model_Disk_Flags: ICON_L24_Model_Disk_Flags DISPLAY_TYPE = 'time_Series' is not in list of known display types. Will attempt to infer using DISPLAY_TYPE.strip().lower().
  ICON_L24_Whole_Day_Retrieval_Flag: ICON_L24_Whole_Day_Retrieval_Flag DISPLAY_TYPE = 'time_Series' is not in list of known display types. Will attempt to infer using DISPLAY_TYPE.strip().lower().
ICON_L2-4_FUV_DAY-LIMB | ISTP.DISPLAY_TYPE.Unknown:
  ICON_L24_Instrument_Mode_Flag: ICON_L24_Instrument_Mode_Flag DISPLAY_TYPE = 'Time_Series' is not in list of known display types. Will attempt to infer using DISPLAY_TYPE.strip().lower().
  ICON_L24_Level_1_Quality_Flag: ICON_L24_Level_1_Quality_Flag DISPLAY_TYPE = 'Time_Series' is not in list of known display types. Will attempt to infer using DISPLAY_TYPE.strip().lower().
ICON_L2-5_FUV_NIGHT | ISTP.DISPLAY_TYPE.Unknown:
  ICON_L25_Inversion_Method: ICON_L25_Inversion_Method DISPLAY_TYPE = 'scalar' is not in list of known display types. Will attempt to infer using DISPLAY_TYPE.strip().lower().
ICON_L2-6_EUV | ISTP.DISPLAY_TYPE.Unknown:
  Epoch: Epoch DISPLAY_TYPE = 'time_Series' is not in list of known display types. Will attempt to infer using DISPLAY_TYPE.strip().lower().
ICON_L2-7_IVM-A | ISTP.DISPLAY_TYPE.Unknown:
  ICON_L27_Original_Ion_Velocity_Y: ICON_L27_Original_Ion_Velocity_Y DISPLAY_TYPE = 'Time Series' is not in list of known display types. Will attempt to infer using DISPLAY_TYPE.strip().lower().
  ICON_L27_Original_Ion_Velocity_Z: ICON_L27_Original_Ion_Velocity_Z DISPLAY_TYPE = 'Time Series' is not in list of known display types. Will attempt to infer using DISPLAY_TYPE.strip().lower().
  ICON_L27_Ion_Velocity_East: ICON_L27_Ion_Velocity_East DISPLAY_TYPE = 'Time Series' is not in list of known display types. Will attempt to infer using DISPLAY_TYPE.strip().lower().
  ICON_L27_Ion_Velocity_North: ICON_L27_Ion_Velocity_North DISPLAY_TYPE = 'Time Series' is not in list of known display types. Will attempt to infer using DISPLAY_TYPE.strip().lower().
  ICON_L27_Ion_Velocity_Up: ICON_L27_Ion_Velocity_Up DISPLAY_TYPE = 'Time Series' is not in list of known display types. Will attempt to infer using DISPLAY_TYPE.strip().lower().
  ICON_L27_Unit_Vector_X_East: ICON_L27_Unit_Vector_X_East DISPLAY_TYPE = 'Time Series' is not in list of known display types. Will attempt to infer using DISPLAY_TYPE.strip().lower().
  ICON_L27_Unit_Vector_X_North: ICON_L27_Unit_Vector_X_North DISPLAY_TYPE = 'Time Series' is not in list of known display types. Will attempt to infer using DISPLAY_TYPE.strip().lower().
  ICON_L27_Unit_Vector_X_Up: ICON_L27_Unit_Vector_X_Up DISPLAY_TYPE = 'Time Series' is not in list of known display types. Will attempt to infer using DISPLAY_TYPE.strip().lower().
  ICON_L27_Unit_Vector_Y_East: ICON_L27_Unit_Vector_Y_East DISPLAY_TYPE = 'Time Series' is not in list of known display types. Will attempt to infer using DISPLAY_TYPE.strip().lower().
  ICON_L27_Unit_Vector_Y_North: ICON_L27_Unit_Vector_Y_North DISPLAY_TYPE = 'Time Series' is not in list of known display types. Will attempt to infer using DISPLAY_TYPE.strip().lower().
  ICON_L27_Unit_Vector_Y_Up: ICON_L27_Unit_Vector_Y_Up DISPLAY_TYPE = 'Time Series' is not in list of known display types. Will attempt to infer using DISPLAY_TYPE.strip().lower().
  ICON_L27_Unit_Vector_Z_East: ICON_L27_Unit_Vector_Z_East DISPLAY_TYPE = 'Time Series' is not in list of known display types. Will attempt to infer using DISPLAY_TYPE.strip().lower().
  ICON_L27_Unit_Vector_Z_North: ICON_L27_Unit_Vector_Z_North DISPLAY_TYPE = 'Time Series' is not in list of known display types. Will attempt to infer using DISPLAY_TYPE.strip().lower().
  ICON_L27_Unit_Vector_Z_Up: ICON_L27_Unit_Vector_Z_Up DISPLAY_TYPE = 'Time Series' is not in list of known display types. Will attempt to infer using DISPLAY_TYPE.strip().lower().
  ICON_L27_Footpoint_East_Ion_Velocity_South: ICON_L27_Footpoint_East_Ion_Velocity_South DISPLAY_TYPE = 'Time Series' is not in list of known display types. Will attempt to infer using DISPLAY_TYPE.strip().lower().
  ICON_L27_Footpoint_North_Ion_Velocity_South: ICON_L27_Footpoint_North_Ion_Velocity_South DISPLAY_TYPE = 'Time Series' is not in list of known display types. Will attempt to infer using DISPLAY_TYPE.strip().lower().
  ICON_L27_Footpoint_Up_Ion_Velocity_South: ICON_L27_Footpoint_Up_Ion_Velocity_South DISPLAY_TYPE = 'Time Series' is not in list of known display types. Will attempt to infer using DISPLAY_TYPE.strip().lower().
  ICON_L27_Footpoint_East_Ion_Velocity_North: ICON_L27_Footpoint_East_Ion_Velocity_North DISPLAY_TYPE = 'Time Series' is not in list of known display types. Will attempt to infer using DISPLAY_TYPE.strip().lower().
  ICON_L27_Footpoint_North_Ion_Velocity_North: ICON_L27_Footpoint_North_Ion_Velocity_North DISPLAY_TYPE = 'Time Series' is not in list of known display types. Will attempt to infer using DISPLAY_TYPE.strip().lower().
  ICON_L27_Footpoint_Up_Ion_Velocity_North: ICON_L27_Footpoint_Up_Ion_Velocity_North DISPLAY_TYPE = 'Time Series' is not in list of known display types. Will attempt to infer using DISPLAY_TYPE.strip().lower().
IM_OR_PRE | ISTP.DISPLAY_TYPE.Unknown:
  GSM_POSO: GSM_POSO DISPLAY_TYPE = 'ORBIT' is not in list of known display types. Will attempt to infer using DISPLAY_TYPE.strip().lower().
  GSE_POSO: GSE_POSO DISPLAY_TYPE = 'ORBIT' is not in list of known display types. Will attempt to infer using DISPLAY_TYPE.strip().lower().
ISEE1_H0_FE | ISTP.DISPLAY_TYPE.Unknown:
  EIGVAL: EIGVAL DISPLAY_TYPE = ' time_series' is not in list of known display types. Will attempt to infer using DISPLAY_TYPE.strip().lower().
L0_K0_MPA | ISTP.DISPLAY_TYPE.Unknown:
  sc_pos_syngci: sc_pos_syngci DISPLAY_TYPE = 'TIME_SERIES' is not in list of known display types. Will attempt to infer using DISPLAY_TYPE.strip().lower().
  sc_pos_syngeo: sc_pos_syngeo DISPLAY_TYPE = 'TIME_SERIES' is not in list of known display types. Will attempt to infer using DISPLAY_TYPE.strip().lower().
L1_K0_MPA | ISTP.DISPLAY_TYPE.Unknown:
  sc_pos_syngci: sc_pos_syngci DISPLAY_TYPE = 'TIME_SERIES' is not in list of known display types. Will attempt to infer using DISPLAY_TYPE.strip().lower().
  sc_pos_syngeo: sc_pos_syngeo DISPLAY_TYPE = 'TIME_SERIES' is not in list of known display types. Will attempt to infer using DISPLAY_TYPE.strip().lower().
L4_K0_MPA | ISTP.DISPLAY_TYPE.Unknown:
  sc_pos_syngci: sc_pos_syngci DISPLAY_TYPE = 'TIME_SERIES' is not in list of known display types. Will attempt to infer using DISPLAY_TYPE.strip().lower().
  sc_pos_syngeo: sc_pos_syngeo DISPLAY_TYPE = 'TIME_SERIES' is not in list of known display types. Will attempt to infer using DISPLAY_TYPE.strip().lower().
L7_H0_MPA | ISTP.DISPLAY_TYPE.Unknown:
  cartesian: cartesian DISPLAY_TYPE = 'TIME_SERIES' is not in list of known display types. Will attempt to infer using DISPLAY_TYPE.strip().lower().
L7_K0_MPA | ISTP.DISPLAY_TYPE.Unknown:
  sc_pos_syngci: sc_pos_syngci DISPLAY_TYPE = 'TIME_SERIES' is not in list of known display types. Will attempt to infer using DISPLAY_TYPE.strip().lower().
  sc_pos_syngeo: sc_pos_syngeo DISPLAY_TYPE = 'TIME_SERIES' is not in list of known display types. Will attempt to infer using DISPLAY_TYPE.strip().lower().
L9_K0_MPA | ISTP.DISPLAY_TYPE.Unknown:
  sc_pos_syngci: sc_pos_syngci DISPLAY_TYPE = 'TIME_SERIES' is not in list of known display types. Will attempt to infer using DISPLAY_TYPE.strip().lower().
  sc_pos_syngeo: sc_pos_syngeo DISPLAY_TYPE = 'TIME_SERIES' is not in list of known display types. Will attempt to infer using DISPLAY_TYPE.strip().lower().
METOP1_POES-SEM2_FLUXES-2SEC | ISTP.DISPLAY_TYPE.Unknown:
  alt_text: alt_text DISPLAY_TYPE = 'time_text' is not in list of known display types. Will attempt to infer using DISPLAY_TYPE.strip().lower().
  lat_text: lat_text DISPLAY_TYPE = 'time_text' is not in list of known display types. Will attempt to infer using DISPLAY_TYPE.strip().lower().
  lon_text: lon_text DISPLAY_TYPE = 'time_text' is not in list of known display types. Will attempt to infer using DISPLAY_TYPE.strip().lower().
  l_igrf_text: l_igrf_text DISPLAY_TYPE = 'time_text' is not in list of known display types. Will attempt to infer using DISPLAY_TYPE.strip().lower().
  mlt_text: mlt_text DISPLAY_TYPE = 'time_text' is not in list of known display types. Will attempt to infer using DISPLAY_TYPE.strip().lower().
  geod_lat_foot_text: geod_lat_foot_text DISPLAY_TYPE = 'time_text' is not in list of known display types. Will attempt to infer using DISPLAY_TYPE.strip().lower().
  geod_lon_foot_text: geod_lon_foot_text DISPLAY_TYPE = 'time_text' is not in list of known display types. Will attempt to infer using DISPLAY_TYPE.strip().lower().
  aacgm_lat_foot_text: aacgm_lat_foot_text DISPLAY_TYPE = 'time_text' is not in list of known display types. Will attempt to infer using DISPLAY_TYPE.strip().lower().
  aacgm_lon_foot_text: aacgm_lon_foot_text DISPLAY_TYPE = 'time_text' is not in list of known display types. Will attempt to infer using DISPLAY_TYPE.strip().lower().
  mag_lat_foot_text: mag_lat_foot_text DISPLAY_TYPE = 'time_text' is not in list of known display types. Will attempt to infer using DISPLAY_TYPE.strip().lower().
  mag_lon_foot_text: mag_lon_foot_text DISPLAY_TYPE = 'time_text' is not in list of known display types. Will attempt to infer using DISPLAY_TYPE.strip().lower().
  br_sat_text: br_sat_text DISPLAY_TYPE = 'time_text' is not in list of known display types. Will attempt to infer using DISPLAY_TYPE.strip().lower().
  bt_sat_text: bt_sat_text DISPLAY_TYPE = 'time_text' is not in list of known display types. Will attempt to infer using DISPLAY_TYPE.strip().lower().
  bp_sat_text: bp_sat_text DISPLAY_TYPE = 'time_text' is not in list of known display types. Will attempt to infer using DISPLAY_TYPE.strip().lower().
  btot_sat_text: btot_sat_text DISPLAY_TYPE = 'time_text' is not in list of known display types. Will attempt to infer using DISPLAY_TYPE.strip().lower().
  br_foot_text: br_foot_text DISPLAY_TYPE = 'time_text' is not in list of known display types. Will attempt to infer using DISPLAY_TYPE.strip().lower().
  bt_foot_text: bt_foot_text DISPLAY_TYPE = 'time_text' is not in list of known display types. Will attempt to infer using DISPLAY_TYPE.strip().lower().
  bp_foot_text: bp_foot_text DISPLAY_TYPE = 'time_text' is not in list of known display types. Will attempt to infer using DISPLAY_TYPE.strip().lower().
  btot_foot_text: btot_foot_text DISPLAY_TYPE = 'time_text' is not in list of known display types. Will attempt to infer using DISPLAY_TYPE.strip().lower().
  bx_sat_text: bx_sat_text DISPLAY_TYPE = 'time_text' is not in list of known display types. Will attempt to infer using DISPLAY_TYPE.strip().lower().
  by_sat_text: by_sat_text DISPLAY_TYPE = 'time_text' is not in list of known display types. Will attempt to infer using DISPLAY_TYPE.strip().lower().
  bz_sat_text: bz_sat_text DISPLAY_TYPE = 'time_text' is not in list of known display types. Will attempt to infer using DISPLAY_TYPE.strip().lower().
METOP2_POES-SEM2_FLUXES-2SEC | ISTP.DISPLAY_TYPE.Unknown:
  alt_text: alt_text DISPLAY_TYPE = 'time_text' is not in list of known display types. Will attempt to infer using DISPLAY_TYPE.strip().lower().
  lat_text: lat_text DISPLAY_TYPE = 'time_text' is not in list of known display types. Will attempt to infer using DISPLAY_TYPE.strip().lower().
  lon_text: lon_text DISPLAY_TYPE = 'time_text' is not in list of known display types. Will attempt to infer using DISPLAY_TYPE.strip().lower().
  l_igrf_text: l_igrf_text DISPLAY_TYPE = 'time_text' is not in list of known display types. Will attempt to infer using DISPLAY_TYPE.strip().lower().
  mlt_text: mlt_text DISPLAY_TYPE = 'time_text' is not in list of known display types. Will attempt to infer using DISPLAY_TYPE.strip().lower().
  geod_lat_foot_text: geod_lat_foot_text DISPLAY_TYPE = 'time_text' is not in list of known display types. Will attempt to infer using DISPLAY_TYPE.strip().lower().
  geod_lon_foot_text: geod_lon_foot_text DISPLAY_TYPE = 'time_text' is not in list of known display types. Will attempt to infer using DISPLAY_TYPE.strip().lower().
  aacgm_lat_foot_text: aacgm_lat_foot_text DISPLAY_TYPE = 'time_text' is not in list of known display types. Will attempt to infer using DISPLAY_TYPE.strip().lower().
  aacgm_lon_foot_text: aacgm_lon_foot_text DISPLAY_TYPE = 'time_text' is not in list of known display types. Will attempt to infer using DISPLAY_TYPE.strip().lower().
  mag_lat_foot_text: mag_lat_foot_text DISPLAY_TYPE = 'time_text' is not in list of known display types. Will attempt to infer using DISPLAY_TYPE.strip().lower().
  mag_lon_foot_text: mag_lon_foot_text DISPLAY_TYPE = 'time_text' is not in list of known display types. Will attempt to infer using DISPLAY_TYPE.strip().lower().
  br_sat_text: br_sat_text DISPLAY_TYPE = 'time_text' is not in list of known display types. Will attempt to infer using DISPLAY_TYPE.strip().lower().
  bt_sat_text: bt_sat_text DISPLAY_TYPE = 'time_text' is not in list of known display types. Will attempt to infer using DISPLAY_TYPE.strip().lower().
  bp_sat_text: bp_sat_text DISPLAY_TYPE = 'time_text' is not in list of known display types. Will attempt to infer using DISPLAY_TYPE.strip().lower().
  btot_sat_text: btot_sat_text DISPLAY_TYPE = 'time_text' is not in list of known display types. Will attempt to infer using DISPLAY_TYPE.strip().lower().
  br_foot_text: br_foot_text DISPLAY_TYPE = 'time_text' is not in list of known display types. Will attempt to infer using DISPLAY_TYPE.strip().lower().
  bt_foot_text: bt_foot_text DISPLAY_TYPE = 'time_text' is not in list of known display types. Will attempt to infer using DISPLAY_TYPE.strip().lower().
  bp_foot_text: bp_foot_text DISPLAY_TYPE = 'time_text' is not in list of known display types. Will attempt to infer using DISPLAY_TYPE.strip().lower().
  btot_foot_text: btot_foot_text DISPLAY_TYPE = 'time_text' is not in list of known display types. Will attempt to infer using DISPLAY_TYPE.strip().lower().
  bx_sat_text: bx_sat_text DISPLAY_TYPE = 'time_text' is not in list of known display types. Will attempt to infer using DISPLAY_TYPE.strip().lower().
  by_sat_text: by_sat_text DISPLAY_TYPE = 'time_text' is not in list of known display types. Will attempt to infer using DISPLAY_TYPE.strip().lower().
  bz_sat_text: bz_sat_text DISPLAY_TYPE = 'time_text' is not in list of known display types. Will attempt to infer using DISPLAY_TYPE.strip().lower().
METOP3_POES-SEM2_FLUXES-2SEC | ISTP.DISPLAY_TYPE.Unknown:
  alt_text: alt_text DISPLAY_TYPE = 'time_text' is not in list of known display types. Will attempt to infer using DISPLAY_TYPE.strip().lower().
  lat_text: lat_text DISPLAY_TYPE = 'time_text' is not in list of known display types. Will attempt to infer using DISPLAY_TYPE.strip().lower().
  lon_text: lon_text DISPLAY_TYPE = 'time_text' is not in list of known display types. Will attempt to infer using DISPLAY_TYPE.strip().lower().
  l_igrf_text: l_igrf_text DISPLAY_TYPE = 'time_text' is not in list of known display types. Will attempt to infer using DISPLAY_TYPE.strip().lower().
  mlt_text: mlt_text DISPLAY_TYPE = 'time_text' is not in list of known display types. Will attempt to infer using DISPLAY_TYPE.strip().lower().
  geod_lat_foot_text: geod_lat_foot_text DISPLAY_TYPE = 'time_text' is not in list of known display types. Will attempt to infer using DISPLAY_TYPE.strip().lower().
  geod_lon_foot_text: geod_lon_foot_text DISPLAY_TYPE = 'time_text' is not in list of known display types. Will attempt to infer using DISPLAY_TYPE.strip().lower().
  aacgm_lat_foot_text: aacgm_lat_foot_text DISPLAY_TYPE = 'time_text' is not in list of known display types. Will attempt to infer using DISPLAY_TYPE.strip().lower().
  aacgm_lon_foot_text: aacgm_lon_foot_text DISPLAY_TYPE = 'time_text' is not in list of known display types. Will attempt to infer using DISPLAY_TYPE.strip().lower().
  mag_lat_foot_text: mag_lat_foot_text DISPLAY_TYPE = 'time_text' is not in list of known display types. Will attempt to infer using DISPLAY_TYPE.strip().lower().
  mag_lon_foot_text: mag_lon_foot_text DISPLAY_TYPE = 'time_text' is not in list of known display types. Will attempt to infer using DISPLAY_TYPE.strip().lower().
  br_sat_text: br_sat_text DISPLAY_TYPE = 'time_text' is not in list of known display types. Will attempt to infer using DISPLAY_TYPE.strip().lower().
  bt_sat_text: bt_sat_text DISPLAY_TYPE = 'time_text' is not in list of known display types. Will attempt to infer using DISPLAY_TYPE.strip().lower().
  bp_sat_text: bp_sat_text DISPLAY_TYPE = 'time_text' is not in list of known display types. Will attempt to infer using DISPLAY_TYPE.strip().lower().
  btot_sat_text: btot_sat_text DISPLAY_TYPE = 'time_text' is not in list of known display types. Will attempt to infer using DISPLAY_TYPE.strip().lower().
  br_foot_text: br_foot_text DISPLAY_TYPE = 'time_text' is not in list of known display types. Will attempt to infer using DISPLAY_TYPE.strip().lower().
  bt_foot_text: bt_foot_text DISPLAY_TYPE = 'time_text' is not in list of known display types. Will attempt to infer using DISPLAY_TYPE.strip().lower().
  bp_foot_text: bp_foot_text DISPLAY_TYPE = 'time_text' is not in list of known display types. Will attempt to infer using DISPLAY_TYPE.strip().lower().
  btot_foot_text: btot_foot_text DISPLAY_TYPE = 'time_text' is not in list of known display types. Will attempt to infer using DISPLAY_TYPE.strip().lower().
  bx_sat_text: bx_sat_text DISPLAY_TYPE = 'time_text' is not in list of known display types. Will attempt to infer using DISPLAY_TYPE.strip().lower().
  by_sat_text: by_sat_text DISPLAY_TYPE = 'time_text' is not in list of known display types. Will attempt to infer using DISPLAY_TYPE.strip().lower().
  bz_sat_text: bz_sat_text DISPLAY_TYPE = 'time_text' is not in list of known display types. Will attempt to infer using DISPLAY_TYPE.strip().lower().
MMS1_FPI_BRST_L2_DES-DIST | ISTP.DISPLAY_TYPE.Unknown:
  mms1_des_dist_brst: mms1_des_dist_brst DISPLAY_TYPE = 'no_plot' is not in list of known display types. Will attempt to infer using DISPLAY_TYPE.strip().lower().
MMS1_FPI_BRST_L2_DIS-DIST | ISTP.DISPLAY_TYPE.Unknown:
  mms1_dis_dist_brst: mms1_dis_dist_brst DISPLAY_TYPE = 'no_plot' is not in list of known display types. Will attempt to infer using DISPLAY_TYPE.strip().lower().
MMS1_FPI_FAST_L2_DES-DIST | ISTP.DISPLAY_TYPE.Unknown:
  mms1_des_disterr_fast: mms1_des_disterr_fast DISPLAY_TYPE = 'no_plot' is not in list of known display types. Will attempt to infer using DISPLAY_TYPE.strip().lower().
MMS1_FPI_FAST_L2_DIS-DIST | ISTP.DISPLAY_TYPE.Unknown:
  mms1_dis_disterr_fast: mms1_dis_disterr_fast DISPLAY_TYPE = 'no_plor' is not in list of known display types. Will attempt to infer using DISPLAY_TYPE.strip().lower().
MMS1_HPCA_BRST_L2_ION | ISTP.DISPLAY_TYPE.Unknown:
  mms1_hpca_science_mode: mms1_hpca_science_mode DISPLAY_TYPE = 'time_series ' is not in list of known display types. Will attempt to infer using DISPLAY_TYPE.strip().lower().
MMS1_HPCA_SRVY_L2_ION | ISTP.DISPLAY_TYPE.Unknown:
  mms1_hpca_science_mode: mms1_hpca_science_mode DISPLAY_TYPE = 'time_series ' is not in list of known display types. Will attempt to infer using DISPLAY_TYPE.strip().lower().
MMS2_FPI_BRST_L2_DES-DIST | ISTP.DISPLAY_TYPE.Unknown:
  mms2_des_dist_brst: mms2_des_dist_brst DISPLAY_TYPE = 'no_plot' is not in list of known display types. Will attempt to infer using DISPLAY_TYPE.strip().lower().
MMS2_FPI_BRST_L2_DIS-DIST | ISTP.DISPLAY_TYPE.Unknown:
  mms2_dis_dist_brst: mms2_dis_dist_brst DISPLAY_TYPE = 'no_plot' is not in list of known display types. Will attempt to infer using DISPLAY_TYPE.strip().lower().
MMS2_FPI_FAST_L2_DES-DIST | ISTP.DISPLAY_TYPE.Unknown:
  mms2_des_disterr_fast: mms2_des_disterr_fast DISPLAY_TYPE = 'no_plot' is not in list of known display types. Will attempt to infer using DISPLAY_TYPE.strip().lower().
MMS2_FPI_FAST_L2_DIS-DIST | ISTP.DISPLAY_TYPE.Unknown:
  mms2_dis_disterr_fast: mms2_dis_disterr_fast DISPLAY_TYPE = 'no_plor' is not in list of known display types. Will attempt to infer using DISPLAY_TYPE.strip().lower().
MMS2_HPCA_BRST_L2_ION | ISTP.DISPLAY_TYPE.Unknown:
  mms2_hpca_science_mode: mms2_hpca_science_mode DISPLAY_TYPE = 'time_series ' is not in list of known display types. Will attempt to infer using DISPLAY_TYPE.strip().lower().
MMS2_HPCA_SRVY_L2_ION | ISTP.DISPLAY_TYPE.Unknown:
  mms2_hpca_science_mode: mms2_hpca_science_mode DISPLAY_TYPE = 'time_series ' is not in list of known display types. Will attempt to infer using DISPLAY_TYPE.strip().lower().
MMS3_FPI_BRST_L2_DES-DIST | ISTP.DISPLAY_TYPE.Unknown:
  mms3_des_dist_brst: mms3_des_dist_brst DISPLAY_TYPE = 'no_plot' is not in list of known display types. Will attempt to infer using DISPLAY_TYPE.strip().lower().
MMS3_FPI_BRST_L2_DIS-DIST | ISTP.DISPLAY_TYPE.Unknown:
  mms3_dis_dist_brst: mms3_dis_dist_brst DISPLAY_TYPE = 'no_plot' is not in list of known display types. Will attempt to infer using DISPLAY_TYPE.strip().lower().
MMS3_FPI_FAST_L2_DES-DIST | ISTP.DISPLAY_TYPE.Unknown:
  mms3_des_disterr_fast: mms3_des_disterr_fast DISPLAY_TYPE = 'no_plot' is not in list of known display types. Will attempt to infer using DISPLAY_TYPE.strip().lower().
MMS3_FPI_FAST_L2_DIS-DIST | ISTP.DISPLAY_TYPE.Unknown:
  mms3_dis_disterr_fast: mms3_dis_disterr_fast DISPLAY_TYPE = 'no_plor' is not in list of known display types. Will attempt to infer using DISPLAY_TYPE.strip().lower().
MMS3_HPCA_BRST_L2_ION | ISTP.DISPLAY_TYPE.Unknown:
  mms3_hpca_science_mode: mms3_hpca_science_mode DISPLAY_TYPE = 'time_series ' is not in list of known display types. Will attempt to infer using DISPLAY_TYPE.strip().lower().
MMS3_HPCA_SRVY_L2_ION | ISTP.DISPLAY_TYPE.Unknown:
  mms3_hpca_science_mode: mms3_hpca_science_mode DISPLAY_TYPE = 'time_series ' is not in list of known display types. Will attempt to infer using DISPLAY_TYPE.strip().lower().
MMS4_FPI_BRST_L2_DES-DIST | ISTP.DISPLAY_TYPE.Unknown:
  mms4_des_dist_brst: mms4_des_dist_brst DISPLAY_TYPE = 'no_plot' is not in list of known display types. Will attempt to infer using DISPLAY_TYPE.strip().lower().
MMS4_FPI_BRST_L2_DIS-DIST | ISTP.DISPLAY_TYPE.Unknown:
  mms4_dis_dist_brst: mms4_dis_dist_brst DISPLAY_TYPE = 'no_plot' is not in list of known display types. Will attempt to infer using DISPLAY_TYPE.strip().lower().
MMS4_FPI_FAST_L2_DES-DIST | ISTP.DISPLAY_TYPE.Unknown:
  mms4_des_disterr_fast: mms4_des_disterr_fast DISPLAY_TYPE = 'no_plot' is not in list of known display types. Will attempt to infer using DISPLAY_TYPE.strip().lower().
MMS4_FPI_FAST_L2_DIS-DIST | ISTP.DISPLAY_TYPE.Unknown:
  mms4_dis_disterr_fast: mms4_dis_disterr_fast DISPLAY_TYPE = 'no_plor' is not in list of known display types. Will attempt to infer using DISPLAY_TYPE.strip().lower().
MMS4_HPCA_BRST_L2_ION | ISTP.DISPLAY_TYPE.Unknown:
  mms4_hpca_science_mode: mms4_hpca_science_mode DISPLAY_TYPE = 'time_series ' is not in list of known display types. Will attempt to infer using DISPLAY_TYPE.strip().lower().
MMS4_HPCA_SRVY_L2_ION | ISTP.DISPLAY_TYPE.Unknown:
  mms4_hpca_science_mode: mms4_hpca_science_mode DISPLAY_TYPE = 'time_series ' is not in list of known display types. Will attempt to infer using DISPLAY_TYPE.strip().lower().
MSL_RAD_OBS-L1 | ISTP.DISPLAY_TYPE.Unknown:
  BEGIN_UTC: BEGIN_UTC DISPLAY_TYPE = 'time_text' is not in list of known display types. Will attempt to infer using DISPLAY_TYPE.strip().lower().
  END_UTC: END_UTC DISPLAY_TYPE = 'time_text' is not in list of known display types. Will attempt to infer using DISPLAY_TYPE.strip().lower().
  BEGIN_MARS: BEGIN_MARS DISPLAY_TYPE = 'time_text' is not in list of known display types. Will attempt to infer using DISPLAY_TYPE.strip().lower().
  END_MARS: END_MARS DISPLAY_TYPE = 'time_text' is not in list of known display types. Will attempt to infer using DISPLAY_TYPE.strip().lower().
MSL_RAD_OBS-L2 | ISTP.DISPLAY_TYPE.Unknown:
  FLAGGED_DATA: FLAGGED_DATA DISPLAY_TYPE = 'no_plot' is not in list of known display types. Will attempt to infer using DISPLAY_TYPE.strip().lower().
MVN_SWE_L2_ARC3D | ISTP.DISPLAY_TYPE.Unknown:
  counts: counts DISPLAY_TYPE = 'no_plot' is not in list of known display types. Will attempt to infer using DISPLAY_TYPE.strip().lower().
MVN_SWE_L2_SVY3D | ISTP.DISPLAY_TYPE.Unknown:
  counts: counts DISPLAY_TYPE = 'no_plot' is not in list of known display types. Will attempt to infer using DISPLAY_TYPE.strip().lower().
MVN_SWI_L2_COARSEARC3D | ISTP.DISPLAY_TYPE.Unknown:
  counts: counts DISPLAY_TYPE = 'no_plot' is not in list of known display types. Will attempt to infer using DISPLAY_TYPE.strip().lower().
MVN_SWI_L2_COARSESVY3D | ISTP.DISPLAY_TYPE.Unknown:
  counts: counts DISPLAY_TYPE = 'no_plot' is not in list of known display types. Will attempt to infer using DISPLAY_TYPE.strip().lower().
MVN_SWI_L2_FINEARC3D | ISTP.DISPLAY_TYPE.Unknown:
  counts: counts DISPLAY_TYPE = 'no_plot' is not in list of known display types. Will attempt to infer using DISPLAY_TYPE.strip().lower().
MVN_SWI_L2_FINESVY3D | ISTP.DISPLAY_TYPE.Unknown:
  counts: counts DISPLAY_TYPE = 'no_plot' is not in list of known display types. Will attempt to infer using DISPLAY_TYPE.strip().lower().
NEW_HORIZONS_SWAP_PICKUP-IONS | ISTP.DISPLAY_TYPE.Unknown:
  START_TIME: START_TIME DISPLAY_TYPE = 'no_plot' is not in list of known display types. Will attempt to infer using DISPLAY_TYPE.strip().lower().
  STOP_TIME: STOP_TIME DISPLAY_TYPE = 'no_plot' is not in list of known display types. Will attempt to infer using DISPLAY_TYPE.strip().lower().
NEW_HORIZONS_SWAP_PICKUP-IONS-HISTOGRAM | ISTP.DISPLAY_TYPE.Unknown:
  Epoch_MINUS: Epoch_MINUS DISPLAY_TYPE = 'None' is not in list of known display types. Will attempt to infer using DISPLAY_TYPE.strip().lower().
  Epoch_PLUS: Epoch_PLUS DISPLAY_TYPE = 'None' is not in list of known display types. Will attempt to infer using DISPLAY_TYPE.strip().lower().
  nh_swap_energy_bins: nh_swap_energy_bins DISPLAY_TYPE = 'None' is not in list of known display types. Will attempt to infer using DISPLAY_TYPE.strip().lower().
  nh_swap_distance_to_sun: nh_swap_distance_to_sun DISPLAY_TYPE = 'Time_Series' is not in list of known display types. Will attempt to infer using DISPLAY_TYPE.strip().lower().
NEW_HORIZONS_SWAP_SOLAR-WIND | ISTP.DISPLAY_TYPE.Unknown:
  st_utc: st_utc DISPLAY_TYPE = 'no_plot' is not in list of known display types. Will attempt to infer using DISPLAY_TYPE.strip().lower().
  sp_utc: sp_utc DISPLAY_TYPE = 'no_plot' is not in list of known display types. Will attempt to infer using DISPLAY_TYPE.strip().lower().
NOAA15_POES-SEM2_FLUXES-2SEC | ISTP.DISPLAY_TYPE.Unknown:
  alt_text: alt_text DISPLAY_TYPE = 'time_text' is not in list of known display types. Will attempt to infer using DISPLAY_TYPE.strip().lower().
  lat_text: lat_text DISPLAY_TYPE = 'time_text' is not in list of known display types. Will attempt to infer using DISPLAY_TYPE.strip().lower().
  lon_text: lon_text DISPLAY_TYPE = 'time_text' is not in list of known display types. Will attempt to infer using DISPLAY_TYPE.strip().lower().
  l_igrf_text: l_igrf_text DISPLAY_TYPE = 'time_text' is not in list of known display types. Will attempt to infer using DISPLAY_TYPE.strip().lower().
  mlt_text: mlt_text DISPLAY_TYPE = 'time_text' is not in list of known display types. Will attempt to infer using DISPLAY_TYPE.strip().lower().
  geod_lat_foot_text: geod_lat_foot_text DISPLAY_TYPE = 'time_text' is not in list of known display types. Will attempt to infer using DISPLAY_TYPE.strip().lower().
  geod_lon_foot_text: geod_lon_foot_text DISPLAY_TYPE = 'time_text' is not in list of known display types. Will attempt to infer using DISPLAY_TYPE.strip().lower().
  aacgm_lat_foot_text: aacgm_lat_foot_text DISPLAY_TYPE = 'time_text' is not in list of known display types. Will attempt to infer using DISPLAY_TYPE.strip().lower().
  aacgm_lon_foot_text: aacgm_lon_foot_text DISPLAY_TYPE = 'time_text' is not in list of known display types. Will attempt to infer using DISPLAY_TYPE.strip().lower().
  mag_lat_foot_text: mag_lat_foot_text DISPLAY_TYPE = 'time_text' is not in list of known display types. Will attempt to infer using DISPLAY_TYPE.strip().lower().
  mag_lon_foot_text: mag_lon_foot_text DISPLAY_TYPE = 'time_text' is not in list of known display types. Will attempt to infer using DISPLAY_TYPE.strip().lower().
  br_sat_text: br_sat_text DISPLAY_TYPE = 'time_text' is not in list of known display types. Will attempt to infer using DISPLAY_TYPE.strip().lower().
  bt_sat_text: bt_sat_text DISPLAY_TYPE = 'time_text' is not in list of known display types. Will attempt to infer using DISPLAY_TYPE.strip().lower().
  bp_sat_text: bp_sat_text DISPLAY_TYPE = 'time_text' is not in list of known display types. Will attempt to infer using DISPLAY_TYPE.strip().lower().
  btot_sat_text: btot_sat_text DISPLAY_TYPE = 'time_text' is not in list of known display types. Will attempt to infer using DISPLAY_TYPE.strip().lower().
  br_foot_text: br_foot_text DISPLAY_TYPE = 'time_text' is not in list of known display types. Will attempt to infer using DISPLAY_TYPE.strip().lower().
  bt_foot_text: bt_foot_text DISPLAY_TYPE = 'time_text' is not in list of known display types. Will attempt to infer using DISPLAY_TYPE.strip().lower().
  bp_foot_text: bp_foot_text DISPLAY_TYPE = 'time_text' is not in list of known display types. Will attempt to infer using DISPLAY_TYPE.strip().lower().
  btot_foot_text: btot_foot_text DISPLAY_TYPE = 'time_text' is not in list of known display types. Will attempt to infer using DISPLAY_TYPE.strip().lower().
  bx_sat_text: bx_sat_text DISPLAY_TYPE = 'time_text' is not in list of known display types. Will attempt to infer using DISPLAY_TYPE.strip().lower().
  by_sat_text: by_sat_text DISPLAY_TYPE = 'time_text' is not in list of known display types. Will attempt to infer using DISPLAY_TYPE.strip().lower().
  bz_sat_text: bz_sat_text DISPLAY_TYPE = 'time_text' is not in list of known display types. Will attempt to infer using DISPLAY_TYPE.strip().lower().
NOAA16_POES-SEM2_FLUXES-2SEC | ISTP.DISPLAY_TYPE.Unknown:
  alt_text: alt_text DISPLAY_TYPE = 'time_text' is not in list of known display types. Will attempt to infer using DISPLAY_TYPE.strip().lower().
  lat_text: lat_text DISPLAY_TYPE = 'time_text' is not in list of known display types. Will attempt to infer using DISPLAY_TYPE.strip().lower().
  lon_text: lon_text DISPLAY_TYPE = 'time_text' is not in list of known display types. Will attempt to infer using DISPLAY_TYPE.strip().lower().
  l_igrf_text: l_igrf_text DISPLAY_TYPE = 'time_text' is not in list of known display types. Will attempt to infer using DISPLAY_TYPE.strip().lower().
  mlt_text: mlt_text DISPLAY_TYPE = 'time_text' is not in list of known display types. Will attempt to infer using DISPLAY_TYPE.strip().lower().
  geod_lat_foot_text: geod_lat_foot_text DISPLAY_TYPE = 'time_text' is not in list of known display types. Will attempt to infer using DISPLAY_TYPE.strip().lower().
  geod_lon_foot_text: geod_lon_foot_text DISPLAY_TYPE = 'time_text' is not in list of known display types. Will attempt to infer using DISPLAY_TYPE.strip().lower().
  aacgm_lat_foot_text: aacgm_lat_foot_text DISPLAY_TYPE = 'time_text' is not in list of known display types. Will attempt to infer using DISPLAY_TYPE.strip().lower().
  aacgm_lon_foot_text: aacgm_lon_foot_text DISPLAY_TYPE = 'time_text' is not in list of known display types. Will attempt to infer using DISPLAY_TYPE.strip().lower().
  mag_lat_foot_text: mag_lat_foot_text DISPLAY_TYPE = 'time_text' is not in list of known display types. Will attempt to infer using DISPLAY_TYPE.strip().lower().
  mag_lon_foot_text: mag_lon_foot_text DISPLAY_TYPE = 'time_text' is not in list of known display types. Will attempt to infer using DISPLAY_TYPE.strip().lower().
  br_sat_text: br_sat_text DISPLAY_TYPE = 'time_text' is not in list of known display types. Will attempt to infer using DISPLAY_TYPE.strip().lower().
  bt_sat_text: bt_sat_text DISPLAY_TYPE = 'time_text' is not in list of known display types. Will attempt to infer using DISPLAY_TYPE.strip().lower().
  bp_sat_text: bp_sat_text DISPLAY_TYPE = 'time_text' is not in list of known display types. Will attempt to infer using DISPLAY_TYPE.strip().lower().
  btot_sat_text: btot_sat_text DISPLAY_TYPE = 'time_text' is not in list of known display types. Will attempt to infer using DISPLAY_TYPE.strip().lower().
  br_foot_text: br_foot_text DISPLAY_TYPE = 'time_text' is not in list of known display types. Will attempt to infer using DISPLAY_TYPE.strip().lower().
  bt_foot_text: bt_foot_text DISPLAY_TYPE = 'time_text' is not in list of known display types. Will attempt to infer using DISPLAY_TYPE.strip().lower().
  bp_foot_text: bp_foot_text DISPLAY_TYPE = 'time_text' is not in list of known display types. Will attempt to infer using DISPLAY_TYPE.strip().lower().
  btot_foot_text: btot_foot_text DISPLAY_TYPE = 'time_text' is not in list of known display types. Will attempt to infer using DISPLAY_TYPE.strip().lower().
  bx_sat_text: bx_sat_text DISPLAY_TYPE = 'time_text' is not in list of known display types. Will attempt to infer using DISPLAY_TYPE.strip().lower().
  by_sat_text: by_sat_text DISPLAY_TYPE = 'time_text' is not in list of known display types. Will attempt to infer using DISPLAY_TYPE.strip().lower().
  bz_sat_text: bz_sat_text DISPLAY_TYPE = 'time_text' is not in list of known display types. Will attempt to infer using DISPLAY_TYPE.strip().lower().
NOAA18_POES-SEM2_FLUXES-2SEC | ISTP.DISPLAY_TYPE.Unknown:
  alt_text: alt_text DISPLAY_TYPE = 'time_text' is not in list of known display types. Will attempt to infer using DISPLAY_TYPE.strip().lower().
  lat_text: lat_text DISPLAY_TYPE = 'time_text' is not in list of known display types. Will attempt to infer using DISPLAY_TYPE.strip().lower().
  lon_text: lon_text DISPLAY_TYPE = 'time_text' is not in list of known display types. Will attempt to infer using DISPLAY_TYPE.strip().lower().
  l_igrf_text: l_igrf_text DISPLAY_TYPE = 'time_text' is not in list of known display types. Will attempt to infer using DISPLAY_TYPE.strip().lower().
  mlt_text: mlt_text DISPLAY_TYPE = 'time_text' is not in list of known display types. Will attempt to infer using DISPLAY_TYPE.strip().lower().
  geod_lat_foot_text: geod_lat_foot_text DISPLAY_TYPE = 'time_text' is not in list of known display types. Will attempt to infer using DISPLAY_TYPE.strip().lower().
  geod_lon_foot_text: geod_lon_foot_text DISPLAY_TYPE = 'time_text' is not in list of known display types. Will attempt to infer using DISPLAY_TYPE.strip().lower().
  aacgm_lat_foot_text: aacgm_lat_foot_text DISPLAY_TYPE = 'time_text' is not in list of known display types. Will attempt to infer using DISPLAY_TYPE.strip().lower().
  aacgm_lon_foot_text: aacgm_lon_foot_text DISPLAY_TYPE = 'time_text' is not in list of known display types. Will attempt to infer using DISPLAY_TYPE.strip().lower().
  mag_lat_foot_text: mag_lat_foot_text DISPLAY_TYPE = 'time_text' is not in list of known display types. Will attempt to infer using DISPLAY_TYPE.strip().lower().
  mag_lon_foot_text: mag_lon_foot_text DISPLAY_TYPE = 'time_text' is not in list of known display types. Will attempt to infer using DISPLAY_TYPE.strip().lower().
  br_sat_text: br_sat_text DISPLAY_TYPE = 'time_text' is not in list of known display types. Will attempt to infer using DISPLAY_TYPE.strip().lower().
  bt_sat_text: bt_sat_text DISPLAY_TYPE = 'time_text' is not in list of known display types. Will attempt to infer using DISPLAY_TYPE.strip().lower().
  bp_sat_text: bp_sat_text DISPLAY_TYPE = 'time_text' is not in list of known display types. Will attempt to infer using DISPLAY_TYPE.strip().lower().
  btot_sat_text: btot_sat_text DISPLAY_TYPE = 'time_text' is not in list of known display types. Will attempt to infer using DISPLAY_TYPE.strip().lower().
  br_foot_text: br_foot_text DISPLAY_TYPE = 'time_text' is not in list of known display types. Will attempt to infer using DISPLAY_TYPE.strip().lower().
  bt_foot_text: bt_foot_text DISPLAY_TYPE = 'time_text' is not in list of known display types. Will attempt to infer using DISPLAY_TYPE.strip().lower().
  bp_foot_text: bp_foot_text DISPLAY_TYPE = 'time_text' is not in list of known display types. Will attempt to infer using DISPLAY_TYPE.strip().lower().
  btot_foot_text: btot_foot_text DISPLAY_TYPE = 'time_text' is not in list of known display types. Will attempt to infer using DISPLAY_TYPE.strip().lower().
  bx_sat_text: bx_sat_text DISPLAY_TYPE = 'time_text' is not in list of known display types. Will attempt to infer using DISPLAY_TYPE.strip().lower().
  by_sat_text: by_sat_text DISPLAY_TYPE = 'time_text' is not in list of known display types. Will attempt to infer using DISPLAY_TYPE.strip().lower().
  bz_sat_text: bz_sat_text DISPLAY_TYPE = 'time_text' is not in list of known display types. Will attempt to infer using DISPLAY_TYPE.strip().lower().
NOAA19_POES-SEM2_FLUXES-2SEC | ISTP.DISPLAY_TYPE.Unknown:
  alt_text: alt_text DISPLAY_TYPE = 'time_text' is not in list of known display types. Will attempt to infer using DISPLAY_TYPE.strip().lower().
  lat_text: lat_text DISPLAY_TYPE = 'time_text' is not in list of known display types. Will attempt to infer using DISPLAY_TYPE.strip().lower().
  lon_text: lon_text DISPLAY_TYPE = 'time_text' is not in list of known display types. Will attempt to infer using DISPLAY_TYPE.strip().lower().
  l_igrf_text: l_igrf_text DISPLAY_TYPE = 'time_text' is not in list of known display types. Will attempt to infer using DISPLAY_TYPE.strip().lower().
  mlt_text: mlt_text DISPLAY_TYPE = 'time_text' is not in list of known display types. Will attempt to infer using DISPLAY_TYPE.strip().lower().
  geod_lat_foot_text: geod_lat_foot_text DISPLAY_TYPE = 'time_text' is not in list of known display types. Will attempt to infer using DISPLAY_TYPE.strip().lower().
  geod_lon_foot_text: geod_lon_foot_text DISPLAY_TYPE = 'time_text' is not in list of known display types. Will attempt to infer using DISPLAY_TYPE.strip().lower().
  aacgm_lat_foot_text: aacgm_lat_foot_text DISPLAY_TYPE = 'time_text' is not in list of known display types. Will attempt to infer using DISPLAY_TYPE.strip().lower().
  aacgm_lon_foot_text: aacgm_lon_foot_text DISPLAY_TYPE = 'time_text' is not in list of known display types. Will attempt to infer using DISPLAY_TYPE.strip().lower().
  mag_lat_foot_text: mag_lat_foot_text DISPLAY_TYPE = 'time_text' is not in list of known display types. Will attempt to infer using DISPLAY_TYPE.strip().lower().
  mag_lon_foot_text: mag_lon_foot_text DISPLAY_TYPE = 'time_text' is not in list of known display types. Will attempt to infer using DISPLAY_TYPE.strip().lower().
  br_sat_text: br_sat_text DISPLAY_TYPE = 'time_text' is not in list of known display types. Will attempt to infer using DISPLAY_TYPE.strip().lower().
  bt_sat_text: bt_sat_text DISPLAY_TYPE = 'time_text' is not in list of known display types. Will attempt to infer using DISPLAY_TYPE.strip().lower().
  bp_sat_text: bp_sat_text DISPLAY_TYPE = 'time_text' is not in list of known display types. Will attempt to infer using DISPLAY_TYPE.strip().lower().
  btot_sat_text: btot_sat_text DISPLAY_TYPE = 'time_text' is not in list of known display types. Will attempt to infer using DISPLAY_TYPE.strip().lower().
  br_foot_text: br_foot_text DISPLAY_TYPE = 'time_text' is not in list of known display types. Will attempt to infer using DISPLAY_TYPE.strip().lower().
  bt_foot_text: bt_foot_text DISPLAY_TYPE = 'time_text' is not in list of known display types. Will attempt to infer using DISPLAY_TYPE.strip().lower().
  bp_foot_text: bp_foot_text DISPLAY_TYPE = 'time_text' is not in list of known display types. Will attempt to infer using DISPLAY_TYPE.strip().lower().
  btot_foot_text: btot_foot_text DISPLAY_TYPE = 'time_text' is not in list of known display types. Will attempt to infer using DISPLAY_TYPE.strip().lower().
  bx_sat_text: bx_sat_text DISPLAY_TYPE = 'time_text' is not in list of known display types. Will attempt to infer using DISPLAY_TYPE.strip().lower().
  by_sat_text: by_sat_text DISPLAY_TYPE = 'time_text' is not in list of known display types. Will attempt to infer using DISPLAY_TYPE.strip().lower().
  bz_sat_text: bz_sat_text DISPLAY_TYPE = 'time_text' is not in list of known display types. Will attempt to infer using DISPLAY_TYPE.strip().lower().
PMC-TURBO_L1_BOLIDE_VBC | ISTP.DISPLAY_TYPE.Unknown:
  Altitude: Altitude DISPLAY_TYPE = 'no_plot' is not in list of known display types. Will attempt to infer using DISPLAY_TYPE.strip().lower().
  Time: Time DISPLAY_TYPE = 'no_plot' is not in list of known display types. Will attempt to infer using DISPLAY_TYPE.strip().lower().
PO_EJ_VIS | ISTP.DISPLAY_TYPE.Unknown:
  Image_Counts: Image_Counts DISPLAY_TYPE = 'IMAGE' is not in list of known display types. Will attempt to infer using DISPLAY_TYPE.strip().lower().
  Image_CountsF: Image_CountsF DISPLAY_TYPE = 'IMAGE' is not in list of known display types. Will attempt to infer using DISPLAY_TYPE.strip().lower().
  Movie_Image: Movie_Image DISPLAY_TYPE = 'MOVIE' is not in list of known display types. Will attempt to infer using DISPLAY_TYPE.strip().lower().
  IImage_Counts: IImage_Counts DISPLAY_TYPE = 'IMAGE' is not in list of known display types. Will attempt to infer using DISPLAY_TYPE.strip().lower().
  IImage_CountsF: IImage_CountsF DISPLAY_TYPE = 'IMAGE' is not in list of known display types. Will attempt to infer using DISPLAY_TYPE.strip().lower().
  Movie_IImage: Movie_IImage DISPLAY_TYPE = 'MOVIE' is not in list of known display types. Will attempt to infer using DISPLAY_TYPE.strip().lower().
PO_H4_PWI | ISTP.DISPLAY_TYPE.Unknown:
  HFWR_Ex2K: HFWR_Ex2K DISPLAY_TYPE = 'time series' is not in list of known display types. Will attempt to infer using DISPLAY_TYPE.strip().lower().
  HFWR_Ey2K: HFWR_Ey2K DISPLAY_TYPE = 'time series' is not in list of known display types. Will attempt to infer using DISPLAY_TYPE.strip().lower().
  HFWR_Ez2K: HFWR_Ez2K DISPLAY_TYPE = 'time series' is not in list of known display types. Will attempt to infer using DISPLAY_TYPE.strip().lower().
  HFWR_Bx2K: HFWR_Bx2K DISPLAY_TYPE = 'time series' is not in list of known display types. Will attempt to infer using DISPLAY_TYPE.strip().lower().
  HFWR_By2K: HFWR_By2K DISPLAY_TYPE = 'time series' is not in list of known display types. Will attempt to infer using DISPLAY_TYPE.strip().lower().
  HFWR_Bz2K: HFWR_Bz2K DISPLAY_TYPE = 'time series' is not in list of known display types. Will attempt to infer using DISPLAY_TYPE.strip().lower().
PO_H5_PWI | ISTP.DISPLAY_TYPE.Unknown:
  HFWR_Eu16K: HFWR_Eu16K DISPLAY_TYPE = 'time series' is not in list of known display types. Will attempt to infer using DISPLAY_TYPE.strip().lower().
  HFWR_Evp16K: HFWR_Evp16K DISPLAY_TYPE = 'time series' is not in list of known display types. Will attempt to infer using DISPLAY_TYPE.strip().lower().
  HFWR_Evm16K: HFWR_Evm16K DISPLAY_TYPE = 'time series' is not in list of known display types. Will attempt to infer using DISPLAY_TYPE.strip().lower().
  HFWR_Bu16K: HFWR_Bu16K DISPLAY_TYPE = 'time series' is not in list of known display types. Will attempt to infer using DISPLAY_TYPE.strip().lower().
  HFWR_Bv16K: HFWR_Bv16K DISPLAY_TYPE = 'time series' is not in list of known display types. Will attempt to infer using DISPLAY_TYPE.strip().lower().
  HFWR_Bz16K: HFWR_Bz16K DISPLAY_TYPE = 'time series' is not in list of known display types. Will attempt to infer using DISPLAY_TYPE.strip().lower().
PO_H9_PWI | ISTP.DISPLAY_TYPE.Unknown:
  WBR_Ant: WBR_Ant DISPLAY_TYPE = 'time series' is not in list of known display types. Will attempt to infer using DISPLAY_TYPE.strip().lower().
  Data_No: Data_No DISPLAY_TYPE = 'time series' is not in list of known display types. Will attempt to infer using DISPLAY_TYPE.strip().lower().
PO_K0_CAM | ISTP.DISPLAY_TYPE.Unknown:
  QUAL_P: QUAL_P DISPLAY_TYPE = 'time_series ' is not in list of known display types. Will attempt to infer using DISPLAY_TYPE.strip().lower().
  QUAL_Hep: QUAL_Hep DISPLAY_TYPE = 'time_series ' is not in list of known display types. Will attempt to infer using DISPLAY_TYPE.strip().lower().
  QUAL_alpha: QUAL_alpha DISPLAY_TYPE = 'time_series ' is not in list of known display types. Will attempt to infer using DISPLAY_TYPE.strip().lower().
  QUAL_Op: QUAL_Op DISPLAY_TYPE = 'time_series ' is not in list of known display types. Will attempt to infer using DISPLAY_TYPE.strip().lower().
  QUAL_O3pl: QUAL_O3pl DISPLAY_TYPE = 'time_series ' is not in list of known display types. Will attempt to infer using DISPLAY_TYPE.strip().lower().
  QUAL_H_he: QUAL_H_he DISPLAY_TYPE = 'time_series ' is not in list of known display types. Will attempt to infer using DISPLAY_TYPE.strip().lower().
PO_K0_HYD | ISTP.DISPLAY_TYPE.Unknown:
  SC_pos_gsmV: SC_pos_gsmV DISPLAY_TYPE = 'time_text' is not in list of known display types. Will attempt to infer using DISPLAY_TYPE.strip().lower().
PO_K0_MFE | ISTP.DISPLAY_TYPE.Unknown:
  POS_GSEV: POS_GSEV DISPLAY_TYPE = 'time_text' is not in list of known display types. Will attempt to infer using DISPLAY_TYPE.strip().lower().
  POS_GSMV: POS_GSMV DISPLAY_TYPE = 'time_text' is not in list of known display types. Will attempt to infer using DISPLAY_TYPE.strip().lower().
  POS_SMV: POS_SMV DISPLAY_TYPE = 'time_text' is not in list of known display types. Will attempt to infer using DISPLAY_TYPE.strip().lower().
  Rad_DistV: Rad_DistV DISPLAY_TYPE = 'time_text' is not in list of known display types. Will attempt to infer using DISPLAY_TYPE.strip().lower().
  TILTV: TILTV DISPLAY_TYPE = 'time_text' is not in list of known display types. Will attempt to infer using DISPLAY_TYPE.strip().lower().
PO_K0_PIX | ISTP.DISPLAY_TYPE.Unknown:
  XSA_LOW_MV: XSA_LOW_MV DISPLAY_TYPE = 'MOVIE' is not in list of known display types. Will attempt to infer using DISPLAY_TYPE.strip().lower().
PO_K0_PWI | ISTP.DISPLAY_TYPE.Unknown:
  MLATV: MLATV DISPLAY_TYPE = 'time_text' is not in list of known display types. Will attempt to infer using DISPLAY_TYPE.strip().lower().
  EDMLTV: EDMLTV DISPLAY_TYPE = 'time_text' is not in list of known display types. Will attempt to infer using DISPLAY_TYPE.strip().lower().
  L_ShellV: L_ShellV DISPLAY_TYPE = 'time_text' is not in list of known display types. Will attempt to infer using DISPLAY_TYPE.strip().lower().
  GR_DISTV: GR_DISTV DISPLAY_TYPE = 'time_text' is not in list of known display types. Will attempt to infer using DISPLAY_TYPE.strip().lower().
PO_K0_UVI | ISTP.DISPLAY_TYPE.Unknown:
  IMAGE_DATA: IMAGE_DATA DISPLAY_TYPE = 'IMAGE' is not in list of known display types. Will attempt to infer using DISPLAY_TYPE.strip().lower().
  IMAGE_DATA_LF: IMAGE_DATA_LF DISPLAY_TYPE = 'IMAGE' is not in list of known display types. Will attempt to infer using DISPLAY_TYPE.strip().lower().
  GEOD_IMAGE_O: GEOD_IMAGE_O DISPLAY_TYPE = 'MAP_IMAGE' is not in list of known display types. Will attempt to infer using DISPLAY_TYPE.strip().lower().
  GEOD_IMAGE: GEOD_IMAGE DISPLAY_TYPE = 'MAP_IMAGE' is not in list of known display types. Will attempt to infer using DISPLAY_TYPE.strip().lower().
  GEOD_IMAGE_PS: GEOD_IMAGE_PS DISPLAY_TYPE = 'MAP_IMAGE' is not in list of known display types. Will attempt to infer using DISPLAY_TYPE.strip().lower().
  GEOD_IMAGE_M: GEOD_IMAGE_M DISPLAY_TYPE = 'MAP_IMAGE' is not in list of known display types. Will attempt to infer using DISPLAY_TYPE.strip().lower().
  IMAGE_MOVIE: IMAGE_MOVIE DISPLAY_TYPE = 'MOVIE' is not in list of known display types. Will attempt to infer using DISPLAY_TYPE.strip().lower().
  IMAGE_MOVIE_O: IMAGE_MOVIE_O DISPLAY_TYPE = 'MAP_MOVIE' is not in list of known display types. Will attempt to infer using DISPLAY_TYPE.strip().lower().
  IMAGE_MOVIE_PS: IMAGE_MOVIE_PS DISPLAY_TYPE = 'MAP_MOVIE' is not in list of known display types. Will attempt to infer using DISPLAY_TYPE.strip().lower().
  IMAGE_MOVIE_M: IMAGE_MOVIE_M DISPLAY_TYPE = 'MAP_MOVIE' is not in list of known display types. Will attempt to infer using DISPLAY_TYPE.strip().lower().
PO_K0_VIS | ISTP.DISPLAY_TYPE.Unknown:
  Image_Counts: Image_Counts DISPLAY_TYPE = 'IMAGE' is not in list of known display types. Will attempt to infer using DISPLAY_TYPE.strip().lower().
  Image_CountsF: Image_CountsF DISPLAY_TYPE = 'IMAGE' is not in list of known display types. Will attempt to infer using DISPLAY_TYPE.strip().lower().
  Movie_Image: Movie_Image DISPLAY_TYPE = 'MOVIE' is not in list of known display types. Will attempt to infer using DISPLAY_TYPE.strip().lower().
  IImage_Counts: IImage_Counts DISPLAY_TYPE = 'IMAGE' is not in list of known display types. Will attempt to infer using DISPLAY_TYPE.strip().lower().
  IImage_CountsF: IImage_CountsF DISPLAY_TYPE = 'IMAGE' is not in list of known display types. Will attempt to infer using DISPLAY_TYPE.strip().lower().
  Movie_IImage: Movie_IImage DISPLAY_TYPE = 'MOVIE' is not in list of known display types. Will attempt to infer using DISPLAY_TYPE.strip().lower().
PO_K1_VIS | ISTP.DISPLAY_TYPE.Unknown:
  Image_Counts: Image_Counts DISPLAY_TYPE = 'IMAGE' is not in list of known display types. Will attempt to infer using DISPLAY_TYPE.strip().lower().
  Image_CountsF: Image_CountsF DISPLAY_TYPE = 'IMAGE' is not in list of known display types. Will attempt to infer using DISPLAY_TYPE.strip().lower().
  Movie_Image: Movie_Image DISPLAY_TYPE = 'MOVIE' is not in list of known display types. Will attempt to infer using DISPLAY_TYPE.strip().lower().
  IImage_Counts: IImage_Counts DISPLAY_TYPE = 'IMAGE' is not in list of known display types. Will attempt to infer using DISPLAY_TYPE.strip().lower().
  IImage_CountsF: IImage_CountsF DISPLAY_TYPE = 'IMAGE' is not in list of known display types. Will attempt to infer using DISPLAY_TYPE.strip().lower().
  Movie_IImage: Movie_IImage DISPLAY_TYPE = 'MOVIE' is not in list of known display types. Will attempt to infer using DISPLAY_TYPE.strip().lower().
PO_VIS_EARTH-CAMERA-CALIBRATED | ISTP.DISPLAY_TYPE.Unknown:
  Image_Counts_Raw: Image_Counts_Raw DISPLAY_TYPE = 'IMAGE' is not in list of known display types. Will attempt to infer using DISPLAY_TYPE.strip().lower().
  Image_Counts_Clean: Image_Counts_Clean DISPLAY_TYPE = 'IMAGE' is not in list of known display types. Will attempt to infer using DISPLAY_TYPE.strip().lower().
  Movie_Image: Movie_Image DISPLAY_TYPE = 'MOVIE' is not in list of known display types. Will attempt to infer using DISPLAY_TYPE.strip().lower().
  IImage_Counts: IImage_Counts DISPLAY_TYPE = 'IMAGE' is not in list of known display types. Will attempt to infer using DISPLAY_TYPE.strip().lower().
  Movie_Image_kRay: Movie_Image_kRay DISPLAY_TYPE = 'MOVIE' is not in list of known display types. Will attempt to infer using DISPLAY_TYPE.strip().lower().
  Geo_Lat: Geo_Lat DISPLAY_TYPE = 'IMAGE' is not in list of known display types. Will attempt to infer using DISPLAY_TYPE.strip().lower().
  Geo_Lon: Geo_Lon DISPLAY_TYPE = 'IMAGE' is not in list of known display types. Will attempt to infer using DISPLAY_TYPE.strip().lower().
PO_VIS_VISIBLE-IMAGER-CALIBRATED | ISTP.DISPLAY_TYPE.Unknown:
  Image_Counts_Raw: Image_Counts_Raw DISPLAY_TYPE = 'IMAGE' is not in list of known display types. Will attempt to infer using DISPLAY_TYPE.strip().lower().
  Image_Counts_Clean: Image_Counts_Clean DISPLAY_TYPE = 'IMAGE' is not in list of known display types. Will attempt to infer using DISPLAY_TYPE.strip().lower().
  Movie_Image: Movie_Image DISPLAY_TYPE = 'MOVIE' is not in list of known display types. Will attempt to infer using DISPLAY_TYPE.strip().lower().
  IImage_Counts: IImage_Counts DISPLAY_TYPE = 'IMAGE' is not in list of known display types. Will attempt to infer using DISPLAY_TYPE.strip().lower().
  Movie_Image_kRay: Movie_Image_kRay DISPLAY_TYPE = 'MOVIE' is not in list of known display types. Will attempt to infer using DISPLAY_TYPE.strip().lower().
  Geo_Lat: Geo_Lat DISPLAY_TYPE = 'IMAGE' is not in list of known display types. Will attempt to infer using DISPLAY_TYPE.strip().lower().
  Geo_Lon: Geo_Lon DISPLAY_TYPE = 'IMAGE' is not in list of known display types. Will attempt to infer using DISPLAY_TYPE.strip().lower().
PSP_FLD_L2_DFB_DBM_DVAC | ISTP.DISPLAY_TYPE.Unknown:
  psp_fld_l2_dfb_dbm_dvac_time_series_TT2000: psp_fld_l2_dfb_dbm_dvac_time_series_TT2000 DISPLAY_TYPE = 'no_plot' is not in list of known display types. Will attempt to infer using DISPLAY_TYPE.strip().lower().
  psp_fld_l2_dfb_dbm_dvac_time_series_seconds: psp_fld_l2_dfb_dbm_dvac_time_series_seconds DISPLAY_TYPE = 'no_plot' is not in list of known display types. Will attempt to infer using DISPLAY_TYPE.strip().lower().
  psp_fld_l2_dfb_dbm_dvac12: psp_fld_l2_dfb_dbm_dvac12 DISPLAY_TYPE = 'no_plot' is not in list of known display types. Will attempt to infer using DISPLAY_TYPE.strip().lower().
  psp_fld_l2_dfb_dbm_dvac34: psp_fld_l2_dfb_dbm_dvac34 DISPLAY_TYPE = 'no_plot' is not in list of known display types. Will attempt to infer using DISPLAY_TYPE.strip().lower().
  psp_fld_l2_dfb_dbm_dvacz: psp_fld_l2_dfb_dbm_dvacz DISPLAY_TYPE = 'no_plot' is not in list of known display types. Will attempt to infer using DISPLAY_TYPE.strip().lower().
PSP_FLD_L2_DFB_DBM_DVDC | ISTP.DISPLAY_TYPE.Unknown:
  psp_fld_l2_dfb_dbm_dvdc_time_series_TT2000: psp_fld_l2_dfb_dbm_dvdc_time_series_TT2000 DISPLAY_TYPE = 'no_plot' is not in list of known display types. Will attempt to infer using DISPLAY_TYPE.strip().lower().
  psp_fld_l2_dfb_dbm_dvdc_time_series_seconds: psp_fld_l2_dfb_dbm_dvdc_time_series_seconds DISPLAY_TYPE = 'no_plot' is not in list of known display types. Will attempt to infer using DISPLAY_TYPE.strip().lower().
  psp_fld_l2_dfb_dbm_dvdc12: psp_fld_l2_dfb_dbm_dvdc12 DISPLAY_TYPE = 'no_plot' is not in list of known display types. Will attempt to infer using DISPLAY_TYPE.strip().lower().
  psp_fld_l2_dfb_dbm_dvdc34: psp_fld_l2_dfb_dbm_dvdc34 DISPLAY_TYPE = 'no_plot' is not in list of known display types. Will attempt to infer using DISPLAY_TYPE.strip().lower().
  psp_fld_l2_dfb_dbm_dvdcz: psp_fld_l2_dfb_dbm_dvdcz DISPLAY_TYPE = 'no_plot' is not in list of known display types. Will attempt to infer using DISPLAY_TYPE.strip().lower().
PSP_FLD_L2_DFB_DBM_SCM | ISTP.DISPLAY_TYPE.Unknown:
  psp_fld_l2_dfb_dbm_scmlg_time_series_TT2000: psp_fld_l2_dfb_dbm_scmlg_time_series_TT2000 DISPLAY_TYPE = 'no_plot' is not in list of known display types. Will attempt to infer using DISPLAY_TYPE.strip().lower().
  psp_fld_l2_dfb_dbm_scmlg_time_series_seconds: psp_fld_l2_dfb_dbm_scmlg_time_series_seconds DISPLAY_TYPE = 'no_plot' is not in list of known display types. Will attempt to infer using DISPLAY_TYPE.strip().lower().
  psp_fld_l2_dfb_dbm_scmlgu: psp_fld_l2_dfb_dbm_scmlgu DISPLAY_TYPE = 'no_plot' is not in list of known display types. Will attempt to infer using DISPLAY_TYPE.strip().lower().
  psp_fld_l2_dfb_dbm_scmlgv: psp_fld_l2_dfb_dbm_scmlgv DISPLAY_TYPE = 'no_plot' is not in list of known display types. Will attempt to infer using DISPLAY_TYPE.strip().lower().
  psp_fld_l2_dfb_dbm_scmlgw: psp_fld_l2_dfb_dbm_scmlgw DISPLAY_TYPE = 'no_plot' is not in list of known display types. Will attempt to infer using DISPLAY_TYPE.strip().lower().
  psp_fld_l2_dfb_dbm_scmhg_time_series_TT2000: psp_fld_l2_dfb_dbm_scmhg_time_series_TT2000 DISPLAY_TYPE = 'no_plot' is not in list of known display types. Will attempt to infer using DISPLAY_TYPE.strip().lower().
  psp_fld_l2_dfb_dbm_scmhg_time_series_seconds: psp_fld_l2_dfb_dbm_scmhg_time_series_seconds DISPLAY_TYPE = 'no_plot' is not in list of known display types. Will attempt to infer using DISPLAY_TYPE.strip().lower().
  psp_fld_l2_dfb_dbm_scmhgu: psp_fld_l2_dfb_dbm_scmhgu DISPLAY_TYPE = 'no_plot' is not in list of known display types. Will attempt to infer using DISPLAY_TYPE.strip().lower().
  psp_fld_l2_dfb_dbm_scmhgv: psp_fld_l2_dfb_dbm_scmhgv DISPLAY_TYPE = 'no_plot' is not in list of known display types. Will attempt to infer using DISPLAY_TYPE.strip().lower().
  psp_fld_l2_dfb_dbm_scmhgw: psp_fld_l2_dfb_dbm_scmhgw DISPLAY_TYPE = 'no_plot' is not in list of known display types. Will attempt to infer using DISPLAY_TYPE.strip().lower().
PSP_FLD_L2_DFB_DBM_VAC | ISTP.DISPLAY_TYPE.Unknown:
  psp_fld_l2_dfb_dbm_vac_time_series_TT2000: psp_fld_l2_dfb_dbm_vac_time_series_TT2000 DISPLAY_TYPE = 'no_plot' is not in list of known display types. Will attempt to infer using DISPLAY_TYPE.strip().lower().
  psp_fld_l2_dfb_dbm_vac_time_series_seconds: psp_fld_l2_dfb_dbm_vac_time_series_seconds DISPLAY_TYPE = 'no_plot' is not in list of known display types. Will attempt to infer using DISPLAY_TYPE.strip().lower().
  psp_fld_l2_dfb_dbm_vac1: psp_fld_l2_dfb_dbm_vac1 DISPLAY_TYPE = 'no_plot' is not in list of known display types. Will attempt to infer using DISPLAY_TYPE.strip().lower().
  psp_fld_l2_dfb_dbm_vac2: psp_fld_l2_dfb_dbm_vac2 DISPLAY_TYPE = 'no_plot' is not in list of known display types. Will attempt to infer using DISPLAY_TYPE.strip().lower().
  psp_fld_l2_dfb_dbm_vac3: psp_fld_l2_dfb_dbm_vac3 DISPLAY_TYPE = 'no_plot' is not in list of known display types. Will attempt to infer using DISPLAY_TYPE.strip().lower().
  psp_fld_l2_dfb_dbm_vac4: psp_fld_l2_dfb_dbm_vac4 DISPLAY_TYPE = 'no_plot' is not in list of known display types. Will attempt to infer using DISPLAY_TYPE.strip().lower().
  psp_fld_l2_dfb_dbm_vac5: psp_fld_l2_dfb_dbm_vac5 DISPLAY_TYPE = 'no_plot' is not in list of known display types. Will attempt to infer using DISPLAY_TYPE.strip().lower().
PSP_FLD_L2_DFB_DBM_VDC | ISTP.DISPLAY_TYPE.Unknown:
  psp_fld_l2_dfb_dbm_vdc_time_series_TT2000: psp_fld_l2_dfb_dbm_vdc_time_series_TT2000 DISPLAY_TYPE = 'no_plot' is not in list of known display types. Will attempt to infer using DISPLAY_TYPE.strip().lower().
  psp_fld_l2_dfb_dbm_vdc_time_series_seconds: psp_fld_l2_dfb_dbm_vdc_time_series_seconds DISPLAY_TYPE = 'no_plot' is not in list of known display types. Will attempt to infer using DISPLAY_TYPE.strip().lower().
  psp_fld_l2_dfb_dbm_vdc1: psp_fld_l2_dfb_dbm_vdc1 DISPLAY_TYPE = 'no_plot' is not in list of known display types. Will attempt to infer using DISPLAY_TYPE.strip().lower().
  psp_fld_l2_dfb_dbm_vdc2: psp_fld_l2_dfb_dbm_vdc2 DISPLAY_TYPE = 'no_plot' is not in list of known display types. Will attempt to infer using DISPLAY_TYPE.strip().lower().
  psp_fld_l2_dfb_dbm_vdc3: psp_fld_l2_dfb_dbm_vdc3 DISPLAY_TYPE = 'no_plot' is not in list of known display types. Will attempt to infer using DISPLAY_TYPE.strip().lower().
  psp_fld_l2_dfb_dbm_vdc4: psp_fld_l2_dfb_dbm_vdc4 DISPLAY_TYPE = 'no_plot' is not in list of known display types. Will attempt to infer using DISPLAY_TYPE.strip().lower().
  psp_fld_l2_dfb_dbm_vdc5: psp_fld_l2_dfb_dbm_vdc5 DISPLAY_TYPE = 'no_plot' is not in list of known display types. Will attempt to infer using DISPLAY_TYPE.strip().lower().
PSP_FLD_L2_TDS_WF | ISTP.DISPLAY_TYPE.Unknown:
  PSP_FLD_L2_TDS_WF_Burst_Time_Series_V2_Engineering_mV: PSP_FLD_L2_TDS_WF_Burst_Time_Series_V2_Engineering_mV DISPLAY_TYPE = 'no_plot' is not in list of known display types. Will attempt to infer using DISPLAY_TYPE.strip().lower().
  PSP_FLD_L2_TDS_WF_Burst_Time_Series_V3_Engineering_mV: PSP_FLD_L2_TDS_WF_Burst_Time_Series_V3_Engineering_mV DISPLAY_TYPE = 'no_plot' is not in list of known display types. Will attempt to infer using DISPLAY_TYPE.strip().lower().
  PSP_FLD_L2_TDS_WF_Burst_Time_Series_V4_Engineering_mV: PSP_FLD_L2_TDS_WF_Burst_Time_Series_V4_Engineering_mV DISPLAY_TYPE = 'no_plot' is not in list of known display types. Will attempt to infer using DISPLAY_TYPE.strip().lower().
  PSP_FLD_L2_TDS_WF_Burst_Time_Series_V5_Engineering_mV: PSP_FLD_L2_TDS_WF_Burst_Time_Series_V5_Engineering_mV DISPLAY_TYPE = 'no_plot' is not in list of known display types. Will attempt to infer using DISPLAY_TYPE.strip().lower().
  PSP_FLD_L2_TDS_WF_Burst_Time_Series_V1V2_Engineering_mV: PSP_FLD_L2_TDS_WF_Burst_Time_Series_V1V2_Engineering_mV DISPLAY_TYPE = 'no_plot' is not in list of known display types. Will attempt to infer using DISPLAY_TYPE.strip().lower().
  PSP_FLD_L2_TDS_WF_Burst_Time_Series_V3V4_Engineering_mV: PSP_FLD_L2_TDS_WF_Burst_Time_Series_V3V4_Engineering_mV DISPLAY_TYPE = 'no_plot' is not in list of known display types. Will attempt to infer using DISPLAY_TYPE.strip().lower().
  PSP_FLD_L2_TDS_WF_Burst_Time_Series_V1234_Engineering_mV: PSP_FLD_L2_TDS_WF_Burst_Time_Series_V1234_Engineering_mV DISPLAY_TYPE = 'no_plot' is not in list of known display types. Will attempt to infer using DISPLAY_TYPE.strip().lower().
  PSP_FLD_L2_TDS_WF_Burst_Time_Series_SCM4_Engineering_nT: PSP_FLD_L2_TDS_WF_Burst_Time_Series_SCM4_Engineering_nT DISPLAY_TYPE = 'no_plot' is not in list of known display types. Will attempt to infer using DISPLAY_TYPE.strip().lower().
  PSP_FLD_L2_TDS_WF_Burst_Time_Series_SCM5_Engineering_nT: PSP_FLD_L2_TDS_WF_Burst_Time_Series_SCM5_Engineering_nT DISPLAY_TYPE = 'no_plot' is not in list of known display types. Will attempt to infer using DISPLAY_TYPE.strip().lower().
  PSP_FLD_L2_TDS_WF_Burst_Time_Series_SCM4LG_Engineering_nT: PSP_FLD_L2_TDS_WF_Burst_Time_Series_SCM4LG_Engineering_nT DISPLAY_TYPE = 'no_plot' is not in list of known display types. Will attempt to infer using DISPLAY_TYPE.strip().lower().
  PSP_FLD_L2_TDS_WF_Burst_Time_Series_SCM4_Engineering_mV: PSP_FLD_L2_TDS_WF_Burst_Time_Series_SCM4_Engineering_mV DISPLAY_TYPE = 'no_plot' is not in list of known display types. Will attempt to infer using DISPLAY_TYPE.strip().lower().
  PSP_FLD_L2_TDS_WF_Burst_Time_Series_SCM5_Engineering_mV: PSP_FLD_L2_TDS_WF_Burst_Time_Series_SCM5_Engineering_mV DISPLAY_TYPE = 'no_plot' is not in list of known display types. Will attempt to infer using DISPLAY_TYPE.strip().lower().
  PSP_FLD_L2_TDS_WF_Burst_Time_Series_SCM4LG_Engineering_mV: PSP_FLD_L2_TDS_WF_Burst_Time_Series_SCM4LG_Engineering_mV DISPLAY_TYPE = 'no_plot' is not in list of known display types. Will attempt to infer using DISPLAY_TYPE.strip().lower().
  PSP_FLD_L2_TDS_WF_Burst_Time_Series_V1LG_Engineering_mV: PSP_FLD_L2_TDS_WF_Burst_Time_Series_V1LG_Engineering_mV DISPLAY_TYPE = 'no_plot' is not in list of known display types. Will attempt to infer using DISPLAY_TYPE.strip().lower().
  PSP_FLD_L2_TDS_WF_Burst_Time_Series_V2LG_Engineering_mV: PSP_FLD_L2_TDS_WF_Burst_Time_Series_V2LG_Engineering_mV DISPLAY_TYPE = 'no_plot' is not in list of known display types. Will attempt to infer using DISPLAY_TYPE.strip().lower().
  PSP_FLD_L2_TDS_WF_Burst_Time_Series_V3LG_Engineering_mV: PSP_FLD_L2_TDS_WF_Burst_Time_Series_V3LG_Engineering_mV DISPLAY_TYPE = 'no_plot' is not in list of known display types. Will attempt to infer using DISPLAY_TYPE.strip().lower().
  PSP_FLD_L2_TDS_WF_Burst_Time_Series_V4LG_Engineering_mV: PSP_FLD_L2_TDS_WF_Burst_Time_Series_V4LG_Engineering_mV DISPLAY_TYPE = 'no_plot' is not in list of known display types. Will attempt to infer using DISPLAY_TYPE.strip().lower().
  PSP_FLD_L2_TDS_WF_Burst_Time_Series_V5LG_Engineering_mV: PSP_FLD_L2_TDS_WF_Burst_Time_Series_V5LG_Engineering_mV DISPLAY_TYPE = 'no_plot' is not in list of known display types. Will attempt to infer using DISPLAY_TYPE.strip().lower().
  PSP_FLD_L2_TDS_WF_Burst_Time_Series_V1_Physical_mV: PSP_FLD_L2_TDS_WF_Burst_Time_Series_V1_Physical_mV DISPLAY_TYPE = 'no_plot' is not in list of known display types. Will attempt to infer using DISPLAY_TYPE.strip().lower().
  PSP_FLD_L2_TDS_WF_Burst_Time_Series_V2_Physical_mV: PSP_FLD_L2_TDS_WF_Burst_Time_Series_V2_Physical_mV DISPLAY_TYPE = 'no_plot' is not in list of known display types. Will attempt to infer using DISPLAY_TYPE.strip().lower().
  PSP_FLD_L2_TDS_WF_Burst_Time_Series_V3_Physical_mV: PSP_FLD_L2_TDS_WF_Burst_Time_Series_V3_Physical_mV DISPLAY_TYPE = 'no_plot' is not in list of known display types. Will attempt to infer using DISPLAY_TYPE.strip().lower().
  PSP_FLD_L2_TDS_WF_Burst_Time_Series_V4_Physical_mV: PSP_FLD_L2_TDS_WF_Burst_Time_Series_V4_Physical_mV DISPLAY_TYPE = 'no_plot' is not in list of known display types. Will attempt to infer using DISPLAY_TYPE.strip().lower().
  PSP_FLD_L2_TDS_WF_Burst_Time_Series_V5_Physical_mV: PSP_FLD_L2_TDS_WF_Burst_Time_Series_V5_Physical_mV DISPLAY_TYPE = 'no_plot' is not in list of known display types. Will attempt to infer using DISPLAY_TYPE.strip().lower().
  PSP_FLD_L2_TDS_WF_Burst_Time_Series_V1V2_Physical_mV: PSP_FLD_L2_TDS_WF_Burst_Time_Series_V1V2_Physical_mV DISPLAY_TYPE = 'no_plot' is not in list of known display types. Will attempt to infer using DISPLAY_TYPE.strip().lower().
  PSP_FLD_L2_TDS_WF_Burst_Time_Series_V3V4_Physical_mV: PSP_FLD_L2_TDS_WF_Burst_Time_Series_V3V4_Physical_mV DISPLAY_TYPE = 'no_plot' is not in list of known display types. Will attempt to infer using DISPLAY_TYPE.strip().lower().
  PSP_FLD_L2_TDS_WF_Burst_Time_Series_V1234_Physical_mV: PSP_FLD_L2_TDS_WF_Burst_Time_Series_V1234_Physical_mV DISPLAY_TYPE = 'no_plot' is not in list of known display types. Will attempt to infer using DISPLAY_TYPE.strip().lower().
  PSP_FLD_L2_TDS_WF_Burst_Time_Series_SCM4_Physical_nT: PSP_FLD_L2_TDS_WF_Burst_Time_Series_SCM4_Physical_nT DISPLAY_TYPE = 'no_plot' is not in list of known display types. Will attempt to infer using DISPLAY_TYPE.strip().lower().
  PSP_FLD_L2_TDS_WF_Burst_Time_Series_SCM5_Physical_nT: PSP_FLD_L2_TDS_WF_Burst_Time_Series_SCM5_Physical_nT DISPLAY_TYPE = 'no_plot' is not in list of known display types. Will attempt to infer using DISPLAY_TYPE.strip().lower().
  PSP_FLD_L2_TDS_WF_Burst_Time_Series_SCM4LG_Physical_nT: PSP_FLD_L2_TDS_WF_Burst_Time_Series_SCM4LG_Physical_nT DISPLAY_TYPE = 'no_plot' is not in list of known display types. Will attempt to infer using DISPLAY_TYPE.strip().lower().
  PSP_FLD_L2_TDS_WF_Burst_Time_Series_SCM4_Physical_mV: PSP_FLD_L2_TDS_WF_Burst_Time_Series_SCM4_Physical_mV DISPLAY_TYPE = 'no_plot' is not in list of known display types. Will attempt to infer using DISPLAY_TYPE.strip().lower().
  PSP_FLD_L2_TDS_WF_Burst_Time_Series_SCM5_Physical_mV: PSP_FLD_L2_TDS_WF_Burst_Time_Series_SCM5_Physical_mV DISPLAY_TYPE = 'no_plot' is not in list of known display types. Will attempt to infer using DISPLAY_TYPE.strip().lower().
  PSP_FLD_L2_TDS_WF_Burst_Time_Series_SCM4LG_Physical_mV: PSP_FLD_L2_TDS_WF_Burst_Time_Series_SCM4LG_Physical_mV DISPLAY_TYPE = 'no_plot' is not in list of known display types. Will attempt to infer using DISPLAY_TYPE.strip().lower().
  PSP_FLD_L2_TDS_WF_Burst_Time_Series_V1LG_Physical_mV: PSP_FLD_L2_TDS_WF_Burst_Time_Series_V1LG_Physical_mV DISPLAY_TYPE = 'no_plot' is not in list of known display types. Will attempt to infer using DISPLAY_TYPE.strip().lower().
  PSP_FLD_L2_TDS_WF_Burst_Time_Series_V2LG_Physical_mV: PSP_FLD_L2_TDS_WF_Burst_Time_Series_V2LG_Physical_mV DISPLAY_TYPE = 'no_plot' is not in list of known display types. Will attempt to infer using DISPLAY_TYPE.strip().lower().
  PSP_FLD_L2_TDS_WF_Burst_Time_Series_V3LG_Physical_mV: PSP_FLD_L2_TDS_WF_Burst_Time_Series_V3LG_Physical_mV DISPLAY_TYPE = 'no_plot' is not in list of known display types. Will attempt to infer using DISPLAY_TYPE.strip().lower().
  PSP_FLD_L2_TDS_WF_Burst_Time_Series_V4LG_Physical_mV: PSP_FLD_L2_TDS_WF_Burst_Time_Series_V4LG_Physical_mV DISPLAY_TYPE = 'no_plot' is not in list of known display types. Will attempt to infer using DISPLAY_TYPE.strip().lower().
  PSP_FLD_L2_TDS_WF_Burst_Time_Series_V5LG_Physical_mV: PSP_FLD_L2_TDS_WF_Burst_Time_Series_V5LG_Physical_mV DISPLAY_TYPE = 'no_plot' is not in list of known display types. Will attempt to infer using DISPLAY_TYPE.strip().lower().
  PSP_FLD_L2_TDS_WF_Burst_Time_Series_SWEAP_Counts: PSP_FLD_L2_TDS_WF_Burst_Time_Series_SWEAP_Counts DISPLAY_TYPE = 'no_plot' is not in list of known display types. Will attempt to infer using DISPLAY_TYPE.strip().lower().
  PSP_FLD_L2_TDS_WF_Burst_Time_Series_SWEAP_Counts_f: PSP_FLD_L2_TDS_WF_Burst_Time_Series_SWEAP_Counts_f DISPLAY_TYPE = 'no_plot' is not in list of known display types. Will attempt to infer using DISPLAY_TYPE.strip().lower().
  PSP_FLD_L2_TDS_WF_Burst_Quality_Algorithm_Name: PSP_FLD_L2_TDS_WF_Burst_Quality_Algorithm_Name DISPLAY_TYPE = 'no_plot' is not in list of known display types. Will attempt to infer using DISPLAY_TYPE.strip().lower().
  PSP_FLD_L2_TDS_WF_Burst_Type_Name: PSP_FLD_L2_TDS_WF_Burst_Type_Name DISPLAY_TYPE = 'no_plot' is not in list of known display types. Will attempt to infer using DISPLAY_TYPE.strip().lower().
  PSP_FLD_L2_TDS_WF_Burst_Time_Series_Times_TT2000: PSP_FLD_L2_TDS_WF_Burst_Time_Series_Times_TT2000 DISPLAY_TYPE = 'no_plot' is not in list of known display types. Will attempt to infer using DISPLAY_TYPE.strip().lower().
  PSP_FLD_L2_TDS_WF_Burst_Time_Series_Times: PSP_FLD_L2_TDS_WF_Burst_Time_Series_Times DISPLAY_TYPE = 'no_plot' is not in list of known display types. Will attempt to infer using DISPLAY_TYPE.strip().lower().
  PSP_FLD_L2_TDS_WF_Burst_Time_Series_V1_Engineering_mV: PSP_FLD_L2_TDS_WF_Burst_Time_Series_V1_Engineering_mV DISPLAY_TYPE = 'no_plot' is not in list of known display types. Will attempt to infer using DISPLAY_TYPE.strip().lower().
PSP_ISOIS-EPILO_L2-IC | ISTP.DISPLAY_TYPE.Unknown:
  H_Counts_ChanP: H_Counts_ChanP DISPLAY_TYPE = 'no_plot' is not in list of known display types. Will attempt to infer using DISPLAY_TYPE.strip().lower().
  H_CountRate_ChanP: H_CountRate_ChanP DISPLAY_TYPE = 'no_plot' is not in list of known display types. Will attempt to infer using DISPLAY_TYPE.strip().lower().
  H_Flux_ChanP: H_Flux_ChanP DISPLAY_TYPE = 'no_plot' is not in list of known display types. Will attempt to infer using DISPLAY_TYPE.strip().lower().
  H_Counts_ChanR: H_Counts_ChanR DISPLAY_TYPE = 'no_plot' is not in list of known display types. Will attempt to infer using DISPLAY_TYPE.strip().lower().
  H_CountRate_ChanR: H_CountRate_ChanR DISPLAY_TYPE = 'no_plot' is not in list of known display types. Will attempt to infer using DISPLAY_TYPE.strip().lower().
  H_Flux_ChanR: H_Flux_ChanR DISPLAY_TYPE = 'no_plot' is not in list of known display types. Will attempt to infer using DISPLAY_TYPE.strip().lower().
  H_Counts_ChanT: H_Counts_ChanT DISPLAY_TYPE = 'no_plot' is not in list of known display types. Will attempt to infer using DISPLAY_TYPE.strip().lower().
  H_CountRate_ChanT: H_CountRate_ChanT DISPLAY_TYPE = 'no_plot' is not in list of known display types. Will attempt to infer using DISPLAY_TYPE.strip().lower().
  H_Flux_ChanT: H_Flux_ChanT DISPLAY_TYPE = 'no_plot' is not in list of known display types. Will attempt to infer using DISPLAY_TYPE.strip().lower().
  He3_Counts_ChanC: He3_Counts_ChanC DISPLAY_TYPE = 'no_plot' is not in list of known display types. Will attempt to infer using DISPLAY_TYPE.strip().lower().
  He3_CountRate_ChanC: He3_CountRate_ChanC DISPLAY_TYPE = 'no_plot' is not in list of known display types. Will attempt to infer using DISPLAY_TYPE.strip().lower().
  He4_Counts_ChanC: He4_Counts_ChanC DISPLAY_TYPE = 'no_plot' is not in list of known display types. Will attempt to infer using DISPLAY_TYPE.strip().lower().
  He4_CountRate_ChanC: He4_CountRate_ChanC DISPLAY_TYPE = 'no_plot' is not in list of known display types. Will attempt to infer using DISPLAY_TYPE.strip().lower().
  He4_Flux_ChanC: He4_Flux_ChanC DISPLAY_TYPE = 'no_plot' is not in list of known display types. Will attempt to infer using DISPLAY_TYPE.strip().lower().
  Fe_Counts_ChanC: Fe_Counts_ChanC DISPLAY_TYPE = 'no_plot' is not in list of known display types. Will attempt to infer using DISPLAY_TYPE.strip().lower().
  Fe_CountRate_ChanC: Fe_CountRate_ChanC DISPLAY_TYPE = 'no_plot' is not in list of known display types. Will attempt to infer using DISPLAY_TYPE.strip().lower().
  Mg_Counts_ChanD: Mg_Counts_ChanD DISPLAY_TYPE = 'no_plot' is not in list of known display types. Will attempt to infer using DISPLAY_TYPE.strip().lower().
  Mg_CountRate_ChanD: Mg_CountRate_ChanD DISPLAY_TYPE = 'no_plot' is not in list of known display types. Will attempt to infer using DISPLAY_TYPE.strip().lower().
  C_Counts_ChanD: C_Counts_ChanD DISPLAY_TYPE = 'no_plot' is not in list of known display types. Will attempt to infer using DISPLAY_TYPE.strip().lower().
  C_CountRate_ChanD: C_CountRate_ChanD DISPLAY_TYPE = 'no_plot' is not in list of known display types. Will attempt to infer using DISPLAY_TYPE.strip().lower().
  O_Counts_ChanC: O_Counts_ChanC DISPLAY_TYPE = 'no_plot' is not in list of known display types. Will attempt to infer using DISPLAY_TYPE.strip().lower().
  O_CountRate_ChanC: O_CountRate_ChanC DISPLAY_TYPE = 'no_plot' is not in list of known display types. Will attempt to infer using DISPLAY_TYPE.strip().lower().
  Si_Counts_ChanD: Si_Counts_ChanD DISPLAY_TYPE = 'no_plot' is not in list of known display types. Will attempt to infer using DISPLAY_TYPE.strip().lower().
  Si_CountRate_ChanD: Si_CountRate_ChanD DISPLAY_TYPE = 'no_plot' is not in list of known display types. Will attempt to infer using DISPLAY_TYPE.strip().lower().
  N_Counts_ChanD: N_Counts_ChanD DISPLAY_TYPE = 'no_plot' is not in list of known display types. Will attempt to infer using DISPLAY_TYPE.strip().lower().
  N_CountRate_ChanD: N_CountRate_ChanD DISPLAY_TYPE = 'no_plot' is not in list of known display types. Will attempt to infer using DISPLAY_TYPE.strip().lower().
  Ne_Counts_ChanD: Ne_Counts_ChanD DISPLAY_TYPE = 'no_plot' is not in list of known display types. Will attempt to infer using DISPLAY_TYPE.strip().lower().
  Ne_CountRate_ChanD: Ne_CountRate_ChanD DISPLAY_TYPE = 'no_plot' is not in list of known display types. Will attempt to infer using DISPLAY_TYPE.strip().lower().
  HCI_ChanC: HCI_ChanC DISPLAY_TYPE = 'no_plot' is not in list of known display types. Will attempt to infer using DISPLAY_TYPE.strip().lower().
  HCI_ChanD: HCI_ChanD DISPLAY_TYPE = 'no_plot' is not in list of known display types. Will attempt to infer using DISPLAY_TYPE.strip().lower().
  HCI_ChanP: HCI_ChanP DISPLAY_TYPE = 'no_plot' is not in list of known display types. Will attempt to infer using DISPLAY_TYPE.strip().lower().
  HCI_ChanR: HCI_ChanR DISPLAY_TYPE = 'no_plot' is not in list of known display types. Will attempt to infer using DISPLAY_TYPE.strip().lower().
  HCI_ChanT: HCI_ChanT DISPLAY_TYPE = 'no_plot' is not in list of known display types. Will attempt to infer using DISPLAY_TYPE.strip().lower().
  RTN_ChanC: RTN_ChanC DISPLAY_TYPE = 'no_plot' is not in list of known display types. Will attempt to infer using DISPLAY_TYPE.strip().lower().
  RTN_ChanD: RTN_ChanD DISPLAY_TYPE = 'no_plot' is not in list of known display types. Will attempt to infer using DISPLAY_TYPE.strip().lower().
  RTN_ChanP: RTN_ChanP DISPLAY_TYPE = 'no_plot' is not in list of known display types. Will attempt to infer using DISPLAY_TYPE.strip().lower().
  RTN_ChanR: RTN_ChanR DISPLAY_TYPE = 'no_plot' is not in list of known display types. Will attempt to infer using DISPLAY_TYPE.strip().lower().
  RTN_ChanT: RTN_ChanT DISPLAY_TYPE = 'no_plot' is not in list of known display types. Will attempt to infer using DISPLAY_TYPE.strip().lower().
PSP_SWP_SPI_SF00_L2_8DX32EX8A | ISTP.DISPLAY_TYPE.Unknown:
  ENERGY: ENERGY DISPLAY_TYPE = 'no_plot' is not in list of known display types. Will attempt to infer using DISPLAY_TYPE.strip().lower().
  THETA: THETA DISPLAY_TYPE = 'no_plot' is not in list of known display types. Will attempt to infer using DISPLAY_TYPE.strip().lower().
  PHI: PHI DISPLAY_TYPE = 'no_plot' is not in list of known display types. Will attempt to infer using DISPLAY_TYPE.strip().lower().
RBSP-A-RBSPICE_LEV-2_ESRHELT | ISTP.DISPLAY_TYPE.Unknown:
  OrbitNumber_TT: OrbitNumber_TT DISPLAY_TYPE = 'time_text' is not in list of known display types. Will attempt to infer using DISPLAY_TYPE.strip().lower().
  L_TT: L_TT DISPLAY_TYPE = 'time_text' is not in list of known display types. Will attempt to infer using DISPLAY_TYPE.strip().lower().
  Position_SM_TT: Position_SM_TT DISPLAY_TYPE = 'time_text' is not in list of known display types. Will attempt to infer using DISPLAY_TYPE.strip().lower().
RBSP-A-RBSPICE_LEV-2_ESRLEHT | ISTP.DISPLAY_TYPE.Unknown:
  OrbitNumber_TT: OrbitNumber_TT DISPLAY_TYPE = 'time_text' is not in list of known display types. Will attempt to infer using DISPLAY_TYPE.strip().lower().
  L_TT: L_TT DISPLAY_TYPE = 'time_text' is not in list of known display types. Will attempt to infer using DISPLAY_TYPE.strip().lower().
  Position_SM_TT: Position_SM_TT DISPLAY_TYPE = 'time_text' is not in list of known display types. Will attempt to infer using DISPLAY_TYPE.strip().lower().
RBSP-A-RBSPICE_LEV-2_ISRHELT | ISTP.DISPLAY_TYPE.Unknown:
  OrbitNumber_TT: OrbitNumber_TT DISPLAY_TYPE = 'time_text' is not in list of known display types. Will attempt to infer using DISPLAY_TYPE.strip().lower().
  L_TT: L_TT DISPLAY_TYPE = 'time_text' is not in list of known display types. Will attempt to infer using DISPLAY_TYPE.strip().lower().
  Position_SM_TT: Position_SM_TT DISPLAY_TYPE = 'time_text' is not in list of known display types. Will attempt to infer using DISPLAY_TYPE.strip().lower().
RBSP-A-RBSPICE_LEV-2_TOFXEH | ISTP.DISPLAY_TYPE.Unknown:
  OrbitNumber_TT: OrbitNumber_TT DISPLAY_TYPE = 'time_text' is not in list of known display types. Will attempt to infer using DISPLAY_TYPE.strip().lower().
  L_TT: L_TT DISPLAY_TYPE = 'time_text' is not in list of known display types. Will attempt to infer using DISPLAY_TYPE.strip().lower().
  Position_SM_TT: Position_SM_TT DISPLAY_TYPE = 'time_text' is not in list of known display types. Will attempt to infer using DISPLAY_TYPE.strip().lower().
RBSP-A-RBSPICE_LEV-2_TOFXEION | ISTP.DISPLAY_TYPE.Unknown:
  OrbitNumber_TT: OrbitNumber_TT DISPLAY_TYPE = 'time_text' is not in list of known display types. Will attempt to infer using DISPLAY_TYPE.strip().lower().
  L_TT: L_TT DISPLAY_TYPE = 'time_text' is not in list of known display types. Will attempt to infer using DISPLAY_TYPE.strip().lower().
  Position_SM_TT: Position_SM_TT DISPLAY_TYPE = 'time_text' is not in list of known display types. Will attempt to infer using DISPLAY_TYPE.strip().lower().
RBSP-A-RBSPICE_LEV-2_TOFXENONH | ISTP.DISPLAY_TYPE.Unknown:
  OrbitNumber_TT: OrbitNumber_TT DISPLAY_TYPE = 'time_text' is not in list of known display types. Will attempt to infer using DISPLAY_TYPE.strip().lower().
  L_TT: L_TT DISPLAY_TYPE = 'time_text' is not in list of known display types. Will attempt to infer using DISPLAY_TYPE.strip().lower().
  Position_SM_TT: Position_SM_TT DISPLAY_TYPE = 'time_text' is not in list of known display types. Will attempt to infer using DISPLAY_TYPE.strip().lower().
RBSP-A-RBSPICE_LEV-2_TOFXPHHHELT | ISTP.DISPLAY_TYPE.Unknown:
  OrbitNumber_TT: OrbitNumber_TT DISPLAY_TYPE = 'time_text' is not in list of known display types. Will attempt to infer using DISPLAY_TYPE.strip().lower().
  L_TT: L_TT DISPLAY_TYPE = 'time_text' is not in list of known display types. Will attempt to infer using DISPLAY_TYPE.strip().lower().
  Position_SM_TT: Position_SM_TT DISPLAY_TYPE = 'time_text' is not in list of known display types. Will attempt to infer using DISPLAY_TYPE.strip().lower().
RBSP-A-RBSPICE_LEV-2_TOFXPHHLEHT | ISTP.DISPLAY_TYPE.Unknown:
  OrbitNumber_TT: OrbitNumber_TT DISPLAY_TYPE = 'time_text' is not in list of known display types. Will attempt to infer using DISPLAY_TYPE.strip().lower().
  L_TT: L_TT DISPLAY_TYPE = 'time_text' is not in list of known display types. Will attempt to infer using DISPLAY_TYPE.strip().lower().
  Position_SM_TT: Position_SM_TT DISPLAY_TYPE = 'time_text' is not in list of known display types. Will attempt to infer using DISPLAY_TYPE.strip().lower().
RBSP-A-RBSPICE_LEV-3-PAP_ESRHELT | ISTP.DISPLAY_TYPE.Unknown:
  FEDU_Weight: FEDU_Weight DISPLAY_TYPE = 'Spectrogram' is not in list of known display types. Will attempt to infer using DISPLAY_TYPE.strip().lower().
  FEDU_PerpPressure: FEDU_PerpPressure DISPLAY_TYPE = 'Time_Series' is not in list of known display types. Will attempt to infer using DISPLAY_TYPE.strip().lower().
  FEDU_ParaPressure: FEDU_ParaPressure DISPLAY_TYPE = 'Time_Series' is not in list of known display types. Will attempt to infer using DISPLAY_TYPE.strip().lower().
  FEDU_Density: FEDU_Density DISPLAY_TYPE = 'Time_Series' is not in list of known display types. Will attempt to infer using DISPLAY_TYPE.strip().lower().
  FEDU_IntegralFlux: FEDU_IntegralFlux DISPLAY_TYPE = 'Time_Series' is not in list of known display types. Will attempt to infer using DISPLAY_TYPE.strip().lower().
  Position_TT: Position_TT DISPLAY_TYPE = 'time_text' is not in list of known display types. Will attempt to infer using DISPLAY_TYPE.strip().lower().
  Position_SM_TT: Position_SM_TT DISPLAY_TYPE = 'time_text' is not in list of known display types. Will attempt to infer using DISPLAY_TYPE.strip().lower().
  Position_GSM_TT: Position_GSM_TT DISPLAY_TYPE = 'time_text' is not in list of known display types. Will attempt to infer using DISPLAY_TYPE.strip().lower().
  OrbitNumber_TT: OrbitNumber_TT DISPLAY_TYPE = 'time_text' is not in list of known display types. Will attempt to infer using DISPLAY_TYPE.strip().lower().
  L_TT: L_TT DISPLAY_TYPE = 'time_text' is not in list of known display types. Will attempt to infer using DISPLAY_TYPE.strip().lower().
  L_Eq_TT: L_Eq_TT DISPLAY_TYPE = 'time_text' is not in list of known display types. Will attempt to infer using DISPLAY_TYPE.strip().lower().
  L_Star_TT: L_Star_TT DISPLAY_TYPE = 'time_text' is not in list of known display types. Will attempt to infer using DISPLAY_TYPE.strip().lower().
  I_TT: I_TT DISPLAY_TYPE = 'time_text' is not in list of known display types. Will attempt to infer using DISPLAY_TYPE.strip().lower().
  MLT_TT: MLT_TT DISPLAY_TYPE = 'time_text' is not in list of known display types. Will attempt to infer using DISPLAY_TYPE.strip().lower().
RBSP-A-RBSPICE_LEV-3-PAP_ESRLEHT | ISTP.DISPLAY_TYPE.Unknown:
  FEDU_Weight: FEDU_Weight DISPLAY_TYPE = 'Spectrogram' is not in list of known display types. Will attempt to infer using DISPLAY_TYPE.strip().lower().
  FEDU_PerpPressure: FEDU_PerpPressure DISPLAY_TYPE = 'Time_Series' is not in list of known display types. Will attempt to infer using DISPLAY_TYPE.strip().lower().
  FEDU_ParaPressure: FEDU_ParaPressure DISPLAY_TYPE = 'Time_Series' is not in list of known display types. Will attempt to infer using DISPLAY_TYPE.strip().lower().
  FEDU_Density: FEDU_Density DISPLAY_TYPE = 'Time_Series' is not in list of known display types. Will attempt to infer using DISPLAY_TYPE.strip().lower().
  FEDU_IntegralFlux: FEDU_IntegralFlux DISPLAY_TYPE = 'Time_Series' is not in list of known display types. Will attempt to infer using DISPLAY_TYPE.strip().lower().
  Position_TT: Position_TT DISPLAY_TYPE = 'time_text' is not in list of known display types. Will attempt to infer using DISPLAY_TYPE.strip().lower().
  Position_SM_TT: Position_SM_TT DISPLAY_TYPE = 'time_text' is not in list of known display types. Will attempt to infer using DISPLAY_TYPE.strip().lower().
  Position_GSM_TT: Position_GSM_TT DISPLAY_TYPE = 'time_text' is not in list of known display types. Will attempt to infer using DISPLAY_TYPE.strip().lower().
  OrbitNumber_TT: OrbitNumber_TT DISPLAY_TYPE = 'time_text' is not in list of known display types. Will attempt to infer using DISPLAY_TYPE.strip().lower().
  L_TT: L_TT DISPLAY_TYPE = 'time_text' is not in list of known display types. Will attempt to infer using DISPLAY_TYPE.strip().lower().
  L_Eq_TT: L_Eq_TT DISPLAY_TYPE = 'time_text' is not in list of known display types. Will attempt to infer using DISPLAY_TYPE.strip().lower().
  L_Star_TT: L_Star_TT DISPLAY_TYPE = 'time_text' is not in list of known display types. Will attempt to infer using DISPLAY_TYPE.strip().lower().
  I_TT: I_TT DISPLAY_TYPE = 'time_text' is not in list of known display types. Will attempt to infer using DISPLAY_TYPE.strip().lower().
  MLT_TT: MLT_TT DISPLAY_TYPE = 'time_text' is not in list of known display types. Will attempt to infer using DISPLAY_TYPE.strip().lower().
RBSP-A-RBSPICE_LEV-3-PAP_TOFXEH | ISTP.DISPLAY_TYPE.Unknown:
  FPDU_Weight: FPDU_Weight DISPLAY_TYPE = 'Spectrogram' is not in list of known display types. Will attempt to infer using DISPLAY_TYPE.strip().lower().
  FPDU_PerpPressure: FPDU_PerpPressure DISPLAY_TYPE = 'Time_Series' is not in list of known display types. Will attempt to infer using DISPLAY_TYPE.strip().lower().
  FPDU_ParaPressure: FPDU_ParaPressure DISPLAY_TYPE = 'Time_Series' is not in list of known display types. Will attempt to infer using DISPLAY_TYPE.strip().lower().
  FPDU_Density: FPDU_Density DISPLAY_TYPE = 'Time_Series' is not in list of known display types. Will attempt to infer using DISPLAY_TYPE.strip().lower().
  FPDU_IntegralFlux: FPDU_IntegralFlux DISPLAY_TYPE = 'Time_Series' is not in list of known display types. Will attempt to infer using DISPLAY_TYPE.strip().lower().
  Position_TT: Position_TT DISPLAY_TYPE = 'time_text' is not in list of known display types. Will attempt to infer using DISPLAY_TYPE.strip().lower().
  Position_SM_TT: Position_SM_TT DISPLAY_TYPE = 'time_text' is not in list of known display types. Will attempt to infer using DISPLAY_TYPE.strip().lower().
  Position_GSM_TT: Position_GSM_TT DISPLAY_TYPE = 'time_text' is not in list of known display types. Will attempt to infer using DISPLAY_TYPE.strip().lower().
  OrbitNumber_TT: OrbitNumber_TT DISPLAY_TYPE = 'time_text' is not in list of known display types. Will attempt to infer using DISPLAY_TYPE.strip().lower().
  L_TT: L_TT DISPLAY_TYPE = 'time_text' is not in list of known display types. Will attempt to infer using DISPLAY_TYPE.strip().lower().
  L_Eq_TT: L_Eq_TT DISPLAY_TYPE = 'time_text' is not in list of known display types. Will attempt to infer using DISPLAY_TYPE.strip().lower().
  L_Star_TT: L_Star_TT DISPLAY_TYPE = 'time_text' is not in list of known display types. Will attempt to infer using DISPLAY_TYPE.strip().lower().
  I_TT: I_TT DISPLAY_TYPE = 'time_text' is not in list of known display types. Will attempt to infer using DISPLAY_TYPE.strip().lower().
  MLT_TT: MLT_TT DISPLAY_TYPE = 'time_text' is not in list of known display types. Will attempt to infer using DISPLAY_TYPE.strip().lower().
RBSP-A-RBSPICE_LEV-3-PAP_TOFXEHE | ISTP.DISPLAY_TYPE.Unknown:
  FHeDU_Weight: FHeDU_Weight DISPLAY_TYPE = 'Spectrogram' is not in list of known display types. Will attempt to infer using DISPLAY_TYPE.strip().lower().
  FHeDU_PerpPressure: FHeDU_PerpPressure DISPLAY_TYPE = 'Time_Series' is not in list of known display types. Will attempt to infer using DISPLAY_TYPE.strip().lower().
  FHeDU_ParaPressure: FHeDU_ParaPressure DISPLAY_TYPE = 'Time_Series' is not in list of known display types. Will attempt to infer using DISPLAY_TYPE.strip().lower().
  FHeDU_Density: FHeDU_Density DISPLAY_TYPE = 'Time_Series' is not in list of known display types. Will attempt to infer using DISPLAY_TYPE.strip().lower().
  FHeDU_IntegralFlux: FHeDU_IntegralFlux DISPLAY_TYPE = 'Time_Series' is not in list of known display types. Will attempt to infer using DISPLAY_TYPE.strip().lower().
  Position_TT: Position_TT DISPLAY_TYPE = 'time_text' is not in list of known display types. Will attempt to infer using DISPLAY_TYPE.strip().lower().
  Position_SM_TT: Position_SM_TT DISPLAY_TYPE = 'time_text' is not in list of known display types. Will attempt to infer using DISPLAY_TYPE.strip().lower().
  Position_GSM_TT: Position_GSM_TT DISPLAY_TYPE = 'time_text' is not in list of known display types. Will attempt to infer using DISPLAY_TYPE.strip().lower().
  OrbitNumber_TT: OrbitNumber_TT DISPLAY_TYPE = 'time_text' is not in list of known display types. Will attempt to infer using DISPLAY_TYPE.strip().lower().
  L_TT: L_TT DISPLAY_TYPE = 'time_text' is not in list of known display types. Will attempt to infer using DISPLAY_TYPE.strip().lower().
  L_Eq_TT: L_Eq_TT DISPLAY_TYPE = 'time_text' is not in list of known display types. Will attempt to infer using DISPLAY_TYPE.strip().lower().
  L_Star_TT: L_Star_TT DISPLAY_TYPE = 'time_text' is not in list of known display types. Will attempt to infer using DISPLAY_TYPE.strip().lower().
  I_TT: I_TT DISPLAY_TYPE = 'time_text' is not in list of known display types. Will attempt to infer using DISPLAY_TYPE.strip().lower().
  MLT_TT: MLT_TT DISPLAY_TYPE = 'time_text' is not in list of known display types. Will attempt to infer using DISPLAY_TYPE.strip().lower().
RBSP-A-RBSPICE_LEV-3-PAP_TOFXEHE-0 | ISTP.DISPLAY_TYPE.Unknown:
  FHeDU_Weight: FHeDU_Weight DISPLAY_TYPE = 'Spectrogram' is not in list of known display types. Will attempt to infer using DISPLAY_TYPE.strip().lower().
  FHeDU_PerpPressure: FHeDU_PerpPressure DISPLAY_TYPE = 'Time_Series' is not in list of known display types. Will attempt to infer using DISPLAY_TYPE.strip().lower().
  FHeDU_ParaPressure: FHeDU_ParaPressure DISPLAY_TYPE = 'Time_Series' is not in list of known display types. Will attempt to infer using DISPLAY_TYPE.strip().lower().
  FHeDU_Density: FHeDU_Density DISPLAY_TYPE = 'Time_Series' is not in list of known display types. Will attempt to infer using DISPLAY_TYPE.strip().lower().
  FHeDU_IntegralFlux: FHeDU_IntegralFlux DISPLAY_TYPE = 'Time_Series' is not in list of known display types. Will attempt to infer using DISPLAY_TYPE.strip().lower().
  Position_TT: Position_TT DISPLAY_TYPE = 'time_text' is not in list of known display types. Will attempt to infer using DISPLAY_TYPE.strip().lower().
  Position_SM_TT: Position_SM_TT DISPLAY_TYPE = 'time_text' is not in list of known display types. Will attempt to infer using DISPLAY_TYPE.strip().lower().
  Position_GSM_TT: Position_GSM_TT DISPLAY_TYPE = 'time_text' is not in list of known display types. Will attempt to infer using DISPLAY_TYPE.strip().lower().
  OrbitNumber_TT: OrbitNumber_TT DISPLAY_TYPE = 'time_text' is not in list of known display types. Will attempt to infer using DISPLAY_TYPE.strip().lower().
  L_TT: L_TT DISPLAY_TYPE = 'time_text' is not in list of known display types. Will attempt to infer using DISPLAY_TYPE.strip().lower().
  L_Eq_TT: L_Eq_TT DISPLAY_TYPE = 'time_text' is not in list of known display types. Will attempt to infer using DISPLAY_TYPE.strip().lower().
  L_Star_TT: L_Star_TT DISPLAY_TYPE = 'time_text' is not in list of known display types. Will attempt to infer using DISPLAY_TYPE.strip().lower().
  I_TT: I_TT DISPLAY_TYPE = 'time_text' is not in list of known display types. Will attempt to infer using DISPLAY_TYPE.strip().lower().
  MLT_TT: MLT_TT DISPLAY_TYPE = 'time_text' is not in list of known display types. Will attempt to infer using DISPLAY_TYPE.strip().lower().
RBSP-A-RBSPICE_LEV-3-PAP_TOFXEION | ISTP.DISPLAY_TYPE.Unknown:
  FIDU_Weight: FIDU_Weight DISPLAY_TYPE = 'Spectrogram' is not in list of known display types. Will attempt to infer using DISPLAY_TYPE.strip().lower().
  FIDU_PerpPressure: FIDU_PerpPressure DISPLAY_TYPE = 'Time_Series' is not in list of known display types. Will attempt to infer using DISPLAY_TYPE.strip().lower().
  FIDU_ParaPressure: FIDU_ParaPressure DISPLAY_TYPE = 'Time_Series' is not in list of known display types. Will attempt to infer using DISPLAY_TYPE.strip().lower().
  FIDU_Density: FIDU_Density DISPLAY_TYPE = 'Time_Series' is not in list of known display types. Will attempt to infer using DISPLAY_TYPE.strip().lower().
  FIDU_IntegralFlux: FIDU_IntegralFlux DISPLAY_TYPE = 'Time_Series' is not in list of known display types. Will attempt to infer using DISPLAY_TYPE.strip().lower().
  Position_TT: Position_TT DISPLAY_TYPE = 'time_text' is not in list of known display types. Will attempt to infer using DISPLAY_TYPE.strip().lower().
  Position_SM_TT: Position_SM_TT DISPLAY_TYPE = 'time_text' is not in list of known display types. Will attempt to infer using DISPLAY_TYPE.strip().lower().
  Position_GSM_TT: Position_GSM_TT DISPLAY_TYPE = 'time_text' is not in list of known display types. Will attempt to infer using DISPLAY_TYPE.strip().lower().
  OrbitNumber_TT: OrbitNumber_TT DISPLAY_TYPE = 'time_text' is not in list of known display types. Will attempt to infer using DISPLAY_TYPE.strip().lower().
  L_TT: L_TT DISPLAY_TYPE = 'time_text' is not in list of known display types. Will attempt to infer using DISPLAY_TYPE.strip().lower().
  L_Eq_TT: L_Eq_TT DISPLAY_TYPE = 'time_text' is not in list of known display types. Will attempt to infer using DISPLAY_TYPE.strip().lower().
  L_Star_TT: L_Star_TT DISPLAY_TYPE = 'time_text' is not in list of known display types. Will attempt to infer using DISPLAY_TYPE.strip().lower().
  I_TT: I_TT DISPLAY_TYPE = 'time_text' is not in list of known display types. Will attempt to infer using DISPLAY_TYPE.strip().lower().
  MLT_TT: MLT_TT DISPLAY_TYPE = 'time_text' is not in list of known display types. Will attempt to infer using DISPLAY_TYPE.strip().lower().
RBSP-A-RBSPICE_LEV-3-PAP_TOFXEO | ISTP.DISPLAY_TYPE.Unknown:
  FODU_Weight: FODU_Weight DISPLAY_TYPE = 'Spectrogram' is not in list of known display types. Will attempt to infer using DISPLAY_TYPE.strip().lower().
  FODU_PerpPressure: FODU_PerpPressure DISPLAY_TYPE = 'Time_Series' is not in list of known display types. Will attempt to infer using DISPLAY_TYPE.strip().lower().
  FODU_ParaPressure: FODU_ParaPressure DISPLAY_TYPE = 'Time_Series' is not in list of known display types. Will attempt to infer using DISPLAY_TYPE.strip().lower().
  FODU_Density: FODU_Density DISPLAY_TYPE = 'Time_Series' is not in list of known display types. Will attempt to infer using DISPLAY_TYPE.strip().lower().
  FODU_IntegralFlux: FODU_IntegralFlux DISPLAY_TYPE = 'Time_Series' is not in list of known display types. Will attempt to infer using DISPLAY_TYPE.strip().lower().
  Position_TT: Position_TT DISPLAY_TYPE = 'time_text' is not in list of known display types. Will attempt to infer using DISPLAY_TYPE.strip().lower().
  Position_SM_TT: Position_SM_TT DISPLAY_TYPE = 'time_text' is not in list of known display types. Will attempt to infer using DISPLAY_TYPE.strip().lower().
  Position_GSM_TT: Position_GSM_TT DISPLAY_TYPE = 'time_text' is not in list of known display types. Will attempt to infer using DISPLAY_TYPE.strip().lower().
  OrbitNumber_TT: OrbitNumber_TT DISPLAY_TYPE = 'time_text' is not in list of known display types. Will attempt to infer using DISPLAY_TYPE.strip().lower().
  L_TT: L_TT DISPLAY_TYPE = 'time_text' is not in list of known display types. Will attempt to infer using DISPLAY_TYPE.strip().lower().
  L_Eq_TT: L_Eq_TT DISPLAY_TYPE = 'time_text' is not in list of known display types. Will attempt to infer using DISPLAY_TYPE.strip().lower().
  L_Star_TT: L_Star_TT DISPLAY_TYPE = 'time_text' is not in list of known display types. Will attempt to infer using DISPLAY_TYPE.strip().lower().
  I_TT: I_TT DISPLAY_TYPE = 'time_text' is not in list of known display types. Will attempt to infer using DISPLAY_TYPE.strip().lower().
  MLT_TT: MLT_TT DISPLAY_TYPE = 'time_text' is not in list of known display types. Will attempt to infer using DISPLAY_TYPE.strip().lower().
RBSP-A-RBSPICE_LEV-3-PAP_TOFXEO-0 | ISTP.DISPLAY_TYPE.Unknown:
  FODU_Weight: FODU_Weight DISPLAY_TYPE = 'Spectrogram' is not in list of known display types. Will attempt to infer using DISPLAY_TYPE.strip().lower().
  FODU_PerpPressure: FODU_PerpPressure DISPLAY_TYPE = 'Time_Series' is not in list of known display types. Will attempt to infer using DISPLAY_TYPE.strip().lower().
  FODU_ParaPressure: FODU_ParaPressure DISPLAY_TYPE = 'Time_Series' is not in list of known display types. Will attempt to infer using DISPLAY_TYPE.strip().lower().
  FODU_Density: FODU_Density DISPLAY_TYPE = 'Time_Series' is not in list of known display types. Will attempt to infer using DISPLAY_TYPE.strip().lower().
  FODU_IntegralFlux: FODU_IntegralFlux DISPLAY_TYPE = 'Time_Series' is not in list of known display types. Will attempt to infer using DISPLAY_TYPE.strip().lower().
  Position_TT: Position_TT DISPLAY_TYPE = 'time_text' is not in list of known display types. Will attempt to infer using DISPLAY_TYPE.strip().lower().
  Position_SM_TT: Position_SM_TT DISPLAY_TYPE = 'time_text' is not in list of known display types. Will attempt to infer using DISPLAY_TYPE.strip().lower().
  Position_GSM_TT: Position_GSM_TT DISPLAY_TYPE = 'time_text' is not in list of known display types. Will attempt to infer using DISPLAY_TYPE.strip().lower().
  OrbitNumber_TT: OrbitNumber_TT DISPLAY_TYPE = 'time_text' is not in list of known display types. Will attempt to infer using DISPLAY_TYPE.strip().lower().
  L_TT: L_TT DISPLAY_TYPE = 'time_text' is not in list of known display types. Will attempt to infer using DISPLAY_TYPE.strip().lower().
  L_Eq_TT: L_Eq_TT DISPLAY_TYPE = 'time_text' is not in list of known display types. Will attempt to infer using DISPLAY_TYPE.strip().lower().
  L_Star_TT: L_Star_TT DISPLAY_TYPE = 'time_text' is not in list of known display types. Will attempt to infer using DISPLAY_TYPE.strip().lower().
  I_TT: I_TT DISPLAY_TYPE = 'time_text' is not in list of known display types. Will attempt to infer using DISPLAY_TYPE.strip().lower().
  MLT_TT: MLT_TT DISPLAY_TYPE = 'time_text' is not in list of known display types. Will attempt to infer using DISPLAY_TYPE.strip().lower().
RBSP-A-RBSPICE_LEV-3-PAP_TOFXPHHHELT | ISTP.DISPLAY_TYPE.Unknown:
  FPDU_Weight: FPDU_Weight DISPLAY_TYPE = 'Spectrogram' is not in list of known display types. Will attempt to infer using DISPLAY_TYPE.strip().lower().
  FPDU_PerpPressure: FPDU_PerpPressure DISPLAY_TYPE = 'Time_Series' is not in list of known display types. Will attempt to infer using DISPLAY_TYPE.strip().lower().
  FPDU_ParaPressure: FPDU_ParaPressure DISPLAY_TYPE = 'Time_Series' is not in list of known display types. Will attempt to infer using DISPLAY_TYPE.strip().lower().
  FPDU_Density: FPDU_Density DISPLAY_TYPE = 'Time_Series' is not in list of known display types. Will attempt to infer using DISPLAY_TYPE.strip().lower().
  FPDU_IntegralFlux: FPDU_IntegralFlux DISPLAY_TYPE = 'Time_Series' is not in list of known display types. Will attempt to infer using DISPLAY_TYPE.strip().lower().
  Position_TT: Position_TT DISPLAY_TYPE = 'time_text' is not in list of known display types. Will attempt to infer using DISPLAY_TYPE.strip().lower().
  Position_SM_TT: Position_SM_TT DISPLAY_TYPE = 'time_text' is not in list of known display types. Will attempt to infer using DISPLAY_TYPE.strip().lower().
  Position_GSM_TT: Position_GSM_TT DISPLAY_TYPE = 'time_text' is not in list of known display types. Will attempt to infer using DISPLAY_TYPE.strip().lower().
  OrbitNumber_TT: OrbitNumber_TT DISPLAY_TYPE = 'time_text' is not in list of known display types. Will attempt to infer using DISPLAY_TYPE.strip().lower().
  L_TT: L_TT DISPLAY_TYPE = 'time_text' is not in list of known display types. Will attempt to infer using DISPLAY_TYPE.strip().lower().
  L_Eq_TT: L_Eq_TT DISPLAY_TYPE = 'time_text' is not in list of known display types. Will attempt to infer using DISPLAY_TYPE.strip().lower().
  L_Star_TT: L_Star_TT DISPLAY_TYPE = 'time_text' is not in list of known display types. Will attempt to infer using DISPLAY_TYPE.strip().lower().
  I_TT: I_TT DISPLAY_TYPE = 'time_text' is not in list of known display types. Will attempt to infer using DISPLAY_TYPE.strip().lower().
  MLT_TT: MLT_TT DISPLAY_TYPE = 'time_text' is not in list of known display types. Will attempt to infer using DISPLAY_TYPE.strip().lower().
RBSP-A-RBSPICE_LEV-3-PAP_TOFXPHHLEHT | ISTP.DISPLAY_TYPE.Unknown:
  FPDU_Weight: FPDU_Weight DISPLAY_TYPE = 'Spectrogram' is not in list of known display types. Will attempt to infer using DISPLAY_TYPE.strip().lower().
  FPDU_PerpPressure: FPDU_PerpPressure DISPLAY_TYPE = 'Time_Series' is not in list of known display types. Will attempt to infer using DISPLAY_TYPE.strip().lower().
  FPDU_ParaPressure: FPDU_ParaPressure DISPLAY_TYPE = 'Time_Series' is not in list of known display types. Will attempt to infer using DISPLAY_TYPE.strip().lower().
  FPDU_Density: FPDU_Density DISPLAY_TYPE = 'Time_Series' is not in list of known display types. Will attempt to infer using DISPLAY_TYPE.strip().lower().
  FPDU_IntegralFlux: FPDU_IntegralFlux DISPLAY_TYPE = 'Time_Series' is not in list of known display types. Will attempt to infer using DISPLAY_TYPE.strip().lower().
  Position_TT: Position_TT DISPLAY_TYPE = 'time_text' is not in list of known display types. Will attempt to infer using DISPLAY_TYPE.strip().lower().
  Position_SM_TT: Position_SM_TT DISPLAY_TYPE = 'time_text' is not in list of known display types. Will attempt to infer using DISPLAY_TYPE.strip().lower().
  Position_GSM_TT: Position_GSM_TT DISPLAY_TYPE = 'time_text' is not in list of known display types. Will attempt to infer using DISPLAY_TYPE.strip().lower().
  OrbitNumber_TT: OrbitNumber_TT DISPLAY_TYPE = 'time_text' is not in list of known display types. Will attempt to infer using DISPLAY_TYPE.strip().lower().
  L_TT: L_TT DISPLAY_TYPE = 'time_text' is not in list of known display types. Will attempt to infer using DISPLAY_TYPE.strip().lower().
  L_Eq_TT: L_Eq_TT DISPLAY_TYPE = 'time_text' is not in list of known display types. Will attempt to infer using DISPLAY_TYPE.strip().lower().
  L_Star_TT: L_Star_TT DISPLAY_TYPE = 'time_text' is not in list of known display types. Will attempt to infer using DISPLAY_TYPE.strip().lower().
  I_TT: I_TT DISPLAY_TYPE = 'time_text' is not in list of known display types. Will attempt to infer using DISPLAY_TYPE.strip().lower().
  MLT_TT: MLT_TT DISPLAY_TYPE = 'time_text' is not in list of known display types. Will attempt to infer using DISPLAY_TYPE.strip().lower().
RBSP-A-RBSPICE_LEV-3-PAP_TOFXPHOHELT | ISTP.DISPLAY_TYPE.Unknown:
  FODU_Weight: FODU_Weight DISPLAY_TYPE = 'Spectrogram' is not in list of known display types. Will attempt to infer using DISPLAY_TYPE.strip().lower().
  FODU_PerpPressure: FODU_PerpPressure DISPLAY_TYPE = 'Time_Series' is not in list of known display types. Will attempt to infer using DISPLAY_TYPE.strip().lower().
  FODU_ParaPressure: FODU_ParaPressure DISPLAY_TYPE = 'Time_Series' is not in list of known display types. Will attempt to infer using DISPLAY_TYPE.strip().lower().
  FODU_Density: FODU_Density DISPLAY_TYPE = 'Time_Series' is not in list of known display types. Will attempt to infer using DISPLAY_TYPE.strip().lower().
  FODU_IntegralFlux: FODU_IntegralFlux DISPLAY_TYPE = 'Time_Series' is not in list of known display types. Will attempt to infer using DISPLAY_TYPE.strip().lower().
  Position_TT: Position_TT DISPLAY_TYPE = 'time_text' is not in list of known display types. Will attempt to infer using DISPLAY_TYPE.strip().lower().
  Position_SM_TT: Position_SM_TT DISPLAY_TYPE = 'time_text' is not in list of known display types. Will attempt to infer using DISPLAY_TYPE.strip().lower().
  Position_GSM_TT: Position_GSM_TT DISPLAY_TYPE = 'time_text' is not in list of known display types. Will attempt to infer using DISPLAY_TYPE.strip().lower().
  OrbitNumber_TT: OrbitNumber_TT DISPLAY_TYPE = 'time_text' is not in list of known display types. Will attempt to infer using DISPLAY_TYPE.strip().lower().
  L_TT: L_TT DISPLAY_TYPE = 'time_text' is not in list of known display types. Will attempt to infer using DISPLAY_TYPE.strip().lower().
  L_Eq_TT: L_Eq_TT DISPLAY_TYPE = 'time_text' is not in list of known display types. Will attempt to infer using DISPLAY_TYPE.strip().lower().
  L_Star_TT: L_Star_TT DISPLAY_TYPE = 'time_text' is not in list of known display types. Will attempt to infer using DISPLAY_TYPE.strip().lower().
  I_TT: I_TT DISPLAY_TYPE = 'time_text' is not in list of known display types. Will attempt to infer using DISPLAY_TYPE.strip().lower().
  MLT_TT: MLT_TT DISPLAY_TYPE = 'time_text' is not in list of known display types. Will attempt to infer using DISPLAY_TYPE.strip().lower().
RBSP-A-RBSPICE_LEV-3-PAP_TOFXPHOLEHT | ISTP.DISPLAY_TYPE.Unknown:
  FODU_Weight: FODU_Weight DISPLAY_TYPE = 'Spectrogram' is not in list of known display types. Will attempt to infer using DISPLAY_TYPE.strip().lower().
  FODU_PerpPressure: FODU_PerpPressure DISPLAY_TYPE = 'Time_Series' is not in list of known display types. Will attempt to infer using DISPLAY_TYPE.strip().lower().
  FODU_ParaPressure: FODU_ParaPressure DISPLAY_TYPE = 'Time_Series' is not in list of known display types. Will attempt to infer using DISPLAY_TYPE.strip().lower().
  FODU_Density: FODU_Density DISPLAY_TYPE = 'Time_Series' is not in list of known display types. Will attempt to infer using DISPLAY_TYPE.strip().lower().
  FODU_IntegralFlux: FODU_IntegralFlux DISPLAY_TYPE = 'Time_Series' is not in list of known display types. Will attempt to infer using DISPLAY_TYPE.strip().lower().
  Position_TT: Position_TT DISPLAY_TYPE = 'time_text' is not in list of known display types. Will attempt to infer using DISPLAY_TYPE.strip().lower().
  Position_SM_TT: Position_SM_TT DISPLAY_TYPE = 'time_text' is not in list of known display types. Will attempt to infer using DISPLAY_TYPE.strip().lower().
  Position_GSM_TT: Position_GSM_TT DISPLAY_TYPE = 'time_text' is not in list of known display types. Will attempt to infer using DISPLAY_TYPE.strip().lower().
  OrbitNumber_TT: OrbitNumber_TT DISPLAY_TYPE = 'time_text' is not in list of known display types. Will attempt to infer using DISPLAY_TYPE.strip().lower().
  L_TT: L_TT DISPLAY_TYPE = 'time_text' is not in list of known display types. Will attempt to infer using DISPLAY_TYPE.strip().lower().
  L_Eq_TT: L_Eq_TT DISPLAY_TYPE = 'time_text' is not in list of known display types. Will attempt to infer using DISPLAY_TYPE.strip().lower().
  L_Star_TT: L_Star_TT DISPLAY_TYPE = 'time_text' is not in list of known display types. Will attempt to infer using DISPLAY_TYPE.strip().lower().
  I_TT: I_TT DISPLAY_TYPE = 'time_text' is not in list of known display types. Will attempt to infer using DISPLAY_TYPE.strip().lower().
  MLT_TT: MLT_TT DISPLAY_TYPE = 'time_text' is not in list of known display types. Will attempt to infer using DISPLAY_TYPE.strip().lower().
RBSP-A-RBSPICE_LEV-3_ESRHELT | ISTP.DISPLAY_TYPE.Unknown:
  Position_SM_TT: Position_SM_TT DISPLAY_TYPE = 'time_text' is not in list of known display types. Will attempt to infer using DISPLAY_TYPE.strip().lower().
  Position_TT: Position_TT DISPLAY_TYPE = 'time_text' is not in list of known display types. Will attempt to infer using DISPLAY_TYPE.strip().lower().
  Position_GSM_TT: Position_GSM_TT DISPLAY_TYPE = 'time_text' is not in list of known display types. Will attempt to infer using DISPLAY_TYPE.strip().lower().
  OrbitNumber_TT: OrbitNumber_TT DISPLAY_TYPE = 'time_text' is not in list of known display types. Will attempt to infer using DISPLAY_TYPE.strip().lower().
  L_TT: L_TT DISPLAY_TYPE = 'time_text' is not in list of known display types. Will attempt to infer using DISPLAY_TYPE.strip().lower().
  L_Eq_TT: L_Eq_TT DISPLAY_TYPE = 'time_text' is not in list of known display types. Will attempt to infer using DISPLAY_TYPE.strip().lower().
  L_Star_TT: L_Star_TT DISPLAY_TYPE = 'time_text' is not in list of known display types. Will attempt to infer using DISPLAY_TYPE.strip().lower().
  I_TT: I_TT DISPLAY_TYPE = 'time_text' is not in list of known display types. Will attempt to infer using DISPLAY_TYPE.strip().lower().
  K_TT: K_TT DISPLAY_TYPE = 'time_text' is not in list of known display types. Will attempt to infer using DISPLAY_TYPE.strip().lower().
  MLT_TT: MLT_TT DISPLAY_TYPE = 'time_text' is not in list of known display types. Will attempt to infer using DISPLAY_TYPE.strip().lower().
RBSP-A-RBSPICE_LEV-3_ESRLEHT | ISTP.DISPLAY_TYPE.Unknown:
  Position_SM_TT: Position_SM_TT DISPLAY_TYPE = 'time_text' is not in list of known display types. Will attempt to infer using DISPLAY_TYPE.strip().lower().
  Position_TT: Position_TT DISPLAY_TYPE = 'time_text' is not in list of known display types. Will attempt to infer using DISPLAY_TYPE.strip().lower().
  Position_GSM_TT: Position_GSM_TT DISPLAY_TYPE = 'time_text' is not in list of known display types. Will attempt to infer using DISPLAY_TYPE.strip().lower().
  OrbitNumber_TT: OrbitNumber_TT DISPLAY_TYPE = 'time_text' is not in list of known display types. Will attempt to infer using DISPLAY_TYPE.strip().lower().
  L_TT: L_TT DISPLAY_TYPE = 'time_text' is not in list of known display types. Will attempt to infer using DISPLAY_TYPE.strip().lower().
  L_Eq_TT: L_Eq_TT DISPLAY_TYPE = 'time_text' is not in list of known display types. Will attempt to infer using DISPLAY_TYPE.strip().lower().
  L_Star_TT: L_Star_TT DISPLAY_TYPE = 'time_text' is not in list of known display types. Will attempt to infer using DISPLAY_TYPE.strip().lower().
  I_TT: I_TT DISPLAY_TYPE = 'time_text' is not in list of known display types. Will attempt to infer using DISPLAY_TYPE.strip().lower().
  K_TT: K_TT DISPLAY_TYPE = 'time_text' is not in list of known display types. Will attempt to infer using DISPLAY_TYPE.strip().lower().
  MLT_TT: MLT_TT DISPLAY_TYPE = 'time_text' is not in list of known display types. Will attempt to infer using DISPLAY_TYPE.strip().lower().
RBSP-A-RBSPICE_LEV-3_ISRHELT | ISTP.DISPLAY_TYPE.Unknown:
  Position_SM_TT: Position_SM_TT DISPLAY_TYPE = 'time_text' is not in list of known display types. Will attempt to infer using DISPLAY_TYPE.strip().lower().
  Position_TT: Position_TT DISPLAY_TYPE = 'time_text' is not in list of known display types. Will attempt to infer using DISPLAY_TYPE.strip().lower().
  Position_GSM_TT: Position_GSM_TT DISPLAY_TYPE = 'time_text' is not in list of known display types. Will attempt to infer using DISPLAY_TYPE.strip().lower().
  OrbitNumber_TT: OrbitNumber_TT DISPLAY_TYPE = 'time_text' is not in list of known display types. Will attempt to infer using DISPLAY_TYPE.strip().lower().
  L_TT: L_TT DISPLAY_TYPE = 'time_text' is not in list of known display types. Will attempt to infer using DISPLAY_TYPE.strip().lower().
  L_Eq_TT: L_Eq_TT DISPLAY_TYPE = 'time_text' is not in list of known display types. Will attempt to infer using DISPLAY_TYPE.strip().lower().
  L_Star_TT: L_Star_TT DISPLAY_TYPE = 'time_text' is not in list of known display types. Will attempt to infer using DISPLAY_TYPE.strip().lower().
  I_TT: I_TT DISPLAY_TYPE = 'time_text' is not in list of known display types. Will attempt to infer using DISPLAY_TYPE.strip().lower().
  K_TT: K_TT DISPLAY_TYPE = 'time_text' is not in list of known display types. Will attempt to infer using DISPLAY_TYPE.strip().lower().
  MLT_TT: MLT_TT DISPLAY_TYPE = 'time_text' is not in list of known display types. Will attempt to infer using DISPLAY_TYPE.strip().lower().
RBSP-A-RBSPICE_LEV-3_TOFXEH | ISTP.DISPLAY_TYPE.Unknown:
  Position_SM_TT: Position_SM_TT DISPLAY_TYPE = 'time_text' is not in list of known display types. Will attempt to infer using DISPLAY_TYPE.strip().lower().
  Position_TT: Position_TT DISPLAY_TYPE = 'time_text' is not in list of known display types. Will attempt to infer using DISPLAY_TYPE.strip().lower().
  Position_GSM_TT: Position_GSM_TT DISPLAY_TYPE = 'time_text' is not in list of known display types. Will attempt to infer using DISPLAY_TYPE.strip().lower().
  OrbitNumber_TT: OrbitNumber_TT DISPLAY_TYPE = 'time_text' is not in list of known display types. Will attempt to infer using DISPLAY_TYPE.strip().lower().
  L_TT: L_TT DISPLAY_TYPE = 'time_text' is not in list of known display types. Will attempt to infer using DISPLAY_TYPE.strip().lower().
  L_Eq_TT: L_Eq_TT DISPLAY_TYPE = 'time_text' is not in list of known display types. Will attempt to infer using DISPLAY_TYPE.strip().lower().
  L_Star_TT: L_Star_TT DISPLAY_TYPE = 'time_text' is not in list of known display types. Will attempt to infer using DISPLAY_TYPE.strip().lower().
  I_TT: I_TT DISPLAY_TYPE = 'time_text' is not in list of known display types. Will attempt to infer using DISPLAY_TYPE.strip().lower().
  K_TT: K_TT DISPLAY_TYPE = 'time_text' is not in list of known display types. Will attempt to infer using DISPLAY_TYPE.strip().lower().
  MLT_TT: MLT_TT DISPLAY_TYPE = 'time_text' is not in list of known display types. Will attempt to infer using DISPLAY_TYPE.strip().lower().
RBSP-A-RBSPICE_LEV-3_TOFXEION | ISTP.DISPLAY_TYPE.Unknown:
  Position_SM_TT: Position_SM_TT DISPLAY_TYPE = 'time_text' is not in list of known display types. Will attempt to infer using DISPLAY_TYPE.strip().lower().
  Position_TT: Position_TT DISPLAY_TYPE = 'time_text' is not in list of known display types. Will attempt to infer using DISPLAY_TYPE.strip().lower().
  Position_GSM_TT: Position_GSM_TT DISPLAY_TYPE = 'time_text' is not in list of known display types. Will attempt to infer using DISPLAY_TYPE.strip().lower().
  OrbitNumber_TT: OrbitNumber_TT DISPLAY_TYPE = 'time_text' is not in list of known display types. Will attempt to infer using DISPLAY_TYPE.strip().lower().
  L_TT: L_TT DISPLAY_TYPE = 'time_text' is not in list of known display types. Will attempt to infer using DISPLAY_TYPE.strip().lower().
  L_Eq_TT: L_Eq_TT DISPLAY_TYPE = 'time_text' is not in list of known display types. Will attempt to infer using DISPLAY_TYPE.strip().lower().
  L_Star_TT: L_Star_TT DISPLAY_TYPE = 'time_text' is not in list of known display types. Will attempt to infer using DISPLAY_TYPE.strip().lower().
  I_TT: I_TT DISPLAY_TYPE = 'time_text' is not in list of known display types. Will attempt to infer using DISPLAY_TYPE.strip().lower().
  K_TT: K_TT DISPLAY_TYPE = 'time_text' is not in list of known display types. Will attempt to infer using DISPLAY_TYPE.strip().lower().
  MLT_TT: MLT_TT DISPLAY_TYPE = 'time_text' is not in list of known display types. Will attempt to infer using DISPLAY_TYPE.strip().lower().
RBSP-A-RBSPICE_LEV-3_TOFXENONH | ISTP.DISPLAY_TYPE.Unknown:
  Position_SM_TT: Position_SM_TT DISPLAY_TYPE = 'time_text' is not in list of known display types. Will attempt to infer using DISPLAY_TYPE.strip().lower().
  Position_TT: Position_TT DISPLAY_TYPE = 'time_text' is not in list of known display types. Will attempt to infer using DISPLAY_TYPE.strip().lower().
  Position_GSM_TT: Position_GSM_TT DISPLAY_TYPE = 'time_text' is not in list of known display types. Will attempt to infer using DISPLAY_TYPE.strip().lower().
  OrbitNumber_TT: OrbitNumber_TT DISPLAY_TYPE = 'time_text' is not in list of known display types. Will attempt to infer using DISPLAY_TYPE.strip().lower().
  L_TT: L_TT DISPLAY_TYPE = 'time_text' is not in list of known display types. Will attempt to infer using DISPLAY_TYPE.strip().lower().
  L_Eq_TT: L_Eq_TT DISPLAY_TYPE = 'time_text' is not in list of known display types. Will attempt to infer using DISPLAY_TYPE.strip().lower().
  L_Star_TT: L_Star_TT DISPLAY_TYPE = 'time_text' is not in list of known display types. Will attempt to infer using DISPLAY_TYPE.strip().lower().
  I_TT: I_TT DISPLAY_TYPE = 'time_text' is not in list of known display types. Will attempt to infer using DISPLAY_TYPE.strip().lower().
  K_TT: K_TT DISPLAY_TYPE = 'time_text' is not in list of known display types. Will attempt to infer using DISPLAY_TYPE.strip().lower().
  MLT_TT: MLT_TT DISPLAY_TYPE = 'time_text' is not in list of known display types. Will attempt to infer using DISPLAY_TYPE.strip().lower().
RBSP-A-RBSPICE_LEV-3_TOFXPHHHELT | ISTP.DISPLAY_TYPE.Unknown:
  Position_SM_TT: Position_SM_TT DISPLAY_TYPE = 'time_text' is not in list of known display types. Will attempt to infer using DISPLAY_TYPE.strip().lower().
  Position_TT: Position_TT DISPLAY_TYPE = 'time_text' is not in list of known display types. Will attempt to infer using DISPLAY_TYPE.strip().lower().
  Position_GSM_TT: Position_GSM_TT DISPLAY_TYPE = 'time_text' is not in list of known display types. Will attempt to infer using DISPLAY_TYPE.strip().lower().
  OrbitNumber_TT: OrbitNumber_TT DISPLAY_TYPE = 'time_text' is not in list of known display types. Will attempt to infer using DISPLAY_TYPE.strip().lower().
  L_TT: L_TT DISPLAY_TYPE = 'time_text' is not in list of known display types. Will attempt to infer using DISPLAY_TYPE.strip().lower().
  L_Eq_TT: L_Eq_TT DISPLAY_TYPE = 'time_text' is not in list of known display types. Will attempt to infer using DISPLAY_TYPE.strip().lower().
  L_Star_TT: L_Star_TT DISPLAY_TYPE = 'time_text' is not in list of known display types. Will attempt to infer using DISPLAY_TYPE.strip().lower().
  I_TT: I_TT DISPLAY_TYPE = 'time_text' is not in list of known display types. Will attempt to infer using DISPLAY_TYPE.strip().lower().
  K_TT: K_TT DISPLAY_TYPE = 'time_text' is not in list of known display types. Will attempt to infer using DISPLAY_TYPE.strip().lower().
  MLT_TT: MLT_TT DISPLAY_TYPE = 'time_text' is not in list of known display types. Will attempt to infer using DISPLAY_TYPE.strip().lower().
RBSP-A-RBSPICE_LEV-3_TOFXPHHLEHT | ISTP.DISPLAY_TYPE.Unknown:
  Position_SM_TT: Position_SM_TT DISPLAY_TYPE = 'time_text' is not in list of known display types. Will attempt to infer using DISPLAY_TYPE.strip().lower().
  Position_TT: Position_TT DISPLAY_TYPE = 'time_text' is not in list of known display types. Will attempt to infer using DISPLAY_TYPE.strip().lower().
  Position_GSM_TT: Position_GSM_TT DISPLAY_TYPE = 'time_text' is not in list of known display types. Will attempt to infer using DISPLAY_TYPE.strip().lower().
  OrbitNumber_TT: OrbitNumber_TT DISPLAY_TYPE = 'time_text' is not in list of known display types. Will attempt to infer using DISPLAY_TYPE.strip().lower().
  L_TT: L_TT DISPLAY_TYPE = 'time_text' is not in list of known display types. Will attempt to infer using DISPLAY_TYPE.strip().lower().
  L_Eq_TT: L_Eq_TT DISPLAY_TYPE = 'time_text' is not in list of known display types. Will attempt to infer using DISPLAY_TYPE.strip().lower().
  L_Star_TT: L_Star_TT DISPLAY_TYPE = 'time_text' is not in list of known display types. Will attempt to infer using DISPLAY_TYPE.strip().lower().
  I_TT: I_TT DISPLAY_TYPE = 'time_text' is not in list of known display types. Will attempt to infer using DISPLAY_TYPE.strip().lower().
  K_TT: K_TT DISPLAY_TYPE = 'time_text' is not in list of known display types. Will attempt to infer using DISPLAY_TYPE.strip().lower().
  MLT_TT: MLT_TT DISPLAY_TYPE = 'time_text' is not in list of known display types. Will attempt to infer using DISPLAY_TYPE.strip().lower().
RBSP-A_HFR-WAVEFORM_EMFISIS-L2 | ISTP.DISPLAY_TYPE.Unknown:
  HFRsamples_times: HFRsamples_times DISPLAY_TYPE = 'timeseries' is not in list of known display types. Will attempt to infer using DISPLAY_TYPE.strip().lower().
  HFRsamples: HFRsamples DISPLAY_TYPE = 'waveform' is not in list of known display types. Will attempt to infer using DISPLAY_TYPE.strip().lower().
RBSP-A_WFR-SPECTRAL-MATRIX_EMFISIS-L2 | ISTP.DISPLAY_TYPE.Unknown:
  BuBv: BuBv DISPLAY_TYPE = 'no_plot' is not in list of known display types. Will attempt to infer using DISPLAY_TYPE.strip().lower().
  BuBw: BuBw DISPLAY_TYPE = 'no_plot' is not in list of known display types. Will attempt to infer using DISPLAY_TYPE.strip().lower().
  BvBw: BvBw DISPLAY_TYPE = 'no_plot' is not in list of known display types. Will attempt to infer using DISPLAY_TYPE.strip().lower().
  BuEu: BuEu DISPLAY_TYPE = 'no_plot' is not in list of known display types. Will attempt to infer using DISPLAY_TYPE.strip().lower().
  BuEv: BuEv DISPLAY_TYPE = 'no_plot' is not in list of known display types. Will attempt to infer using DISPLAY_TYPE.strip().lower().
  BuEw: BuEw DISPLAY_TYPE = 'no_plot' is not in list of known display types. Will attempt to infer using DISPLAY_TYPE.strip().lower().
  BvEu: BvEu DISPLAY_TYPE = 'no_plot' is not in list of known display types. Will attempt to infer using DISPLAY_TYPE.strip().lower().
  BvEv: BvEv DISPLAY_TYPE = 'no_plot' is not in list of known display types. Will attempt to infer using DISPLAY_TYPE.strip().lower().
  BvEw: BvEw DISPLAY_TYPE = 'no_plot' is not in list of known display types. Will attempt to infer using DISPLAY_TYPE.strip().lower().
  BwEu: BwEu DISPLAY_TYPE = 'no_plot' is not in list of known display types. Will attempt to infer using DISPLAY_TYPE.strip().lower().
  BwEv: BwEv DISPLAY_TYPE = 'no_plot' is not in list of known display types. Will attempt to infer using DISPLAY_TYPE.strip().lower().
  BwEw: BwEw DISPLAY_TYPE = 'no_plot' is not in list of known display types. Will attempt to infer using DISPLAY_TYPE.strip().lower().
  EuEv: EuEv DISPLAY_TYPE = 'no_plot' is not in list of known display types. Will attempt to infer using DISPLAY_TYPE.strip().lower().
  EuEw: EuEw DISPLAY_TYPE = 'no_plot' is not in list of known display types. Will attempt to infer using DISPLAY_TYPE.strip().lower().
  EvEw: EvEw DISPLAY_TYPE = 'no_plot' is not in list of known display types. Will attempt to infer using DISPLAY_TYPE.strip().lower().
RBSP-B-RBSPICE_LEV-2_ESRHELT | ISTP.DISPLAY_TYPE.Unknown:
  OrbitNumber_TT: OrbitNumber_TT DISPLAY_TYPE = 'time_text' is not in list of known display types. Will attempt to infer using DISPLAY_TYPE.strip().lower().
  L_TT: L_TT DISPLAY_TYPE = 'time_text' is not in list of known display types. Will attempt to infer using DISPLAY_TYPE.strip().lower().
  Position_SM_TT: Position_SM_TT DISPLAY_TYPE = 'time_text' is not in list of known display types. Will attempt to infer using DISPLAY_TYPE.strip().lower().
RBSP-B-RBSPICE_LEV-2_ESRLEHT | ISTP.DISPLAY_TYPE.Unknown:
  OrbitNumber_TT: OrbitNumber_TT DISPLAY_TYPE = 'time_text' is not in list of known display types. Will attempt to infer using DISPLAY_TYPE.strip().lower().
  L_TT: L_TT DISPLAY_TYPE = 'time_text' is not in list of known display types. Will attempt to infer using DISPLAY_TYPE.strip().lower().
  Position_SM_TT: Position_SM_TT DISPLAY_TYPE = 'time_text' is not in list of known display types. Will attempt to infer using DISPLAY_TYPE.strip().lower().
RBSP-B-RBSPICE_LEV-2_ISRHELT | ISTP.DISPLAY_TYPE.Unknown:
  OrbitNumber_TT: OrbitNumber_TT DISPLAY_TYPE = 'time_text' is not in list of known display types. Will attempt to infer using DISPLAY_TYPE.strip().lower().
  L_TT: L_TT DISPLAY_TYPE = 'time_text' is not in list of known display types. Will attempt to infer using DISPLAY_TYPE.strip().lower().
  Position_SM_TT: Position_SM_TT DISPLAY_TYPE = 'time_text' is not in list of known display types. Will attempt to infer using DISPLAY_TYPE.strip().lower().
RBSP-B-RBSPICE_LEV-2_TOFXEH | ISTP.DISPLAY_TYPE.Unknown:
  OrbitNumber_TT: OrbitNumber_TT DISPLAY_TYPE = 'time_text' is not in list of known display types. Will attempt to infer using DISPLAY_TYPE.strip().lower().
  L_TT: L_TT DISPLAY_TYPE = 'time_text' is not in list of known display types. Will attempt to infer using DISPLAY_TYPE.strip().lower().
  Position_SM_TT: Position_SM_TT DISPLAY_TYPE = 'time_text' is not in list of known display types. Will attempt to infer using DISPLAY_TYPE.strip().lower().
RBSP-B-RBSPICE_LEV-2_TOFXEION | ISTP.DISPLAY_TYPE.Unknown:
  OrbitNumber_TT: OrbitNumber_TT DISPLAY_TYPE = 'time_text' is not in list of known display types. Will attempt to infer using DISPLAY_TYPE.strip().lower().
  L_TT: L_TT DISPLAY_TYPE = 'time_text' is not in list of known display types. Will attempt to infer using DISPLAY_TYPE.strip().lower().
  Position_SM_TT: Position_SM_TT DISPLAY_TYPE = 'time_text' is not in list of known display types. Will attempt to infer using DISPLAY_TYPE.strip().lower().
RBSP-B-RBSPICE_LEV-2_TOFXENONH | ISTP.DISPLAY_TYPE.Unknown:
  OrbitNumber_TT: OrbitNumber_TT DISPLAY_TYPE = 'time_text' is not in list of known display types. Will attempt to infer using DISPLAY_TYPE.strip().lower().
  L_TT: L_TT DISPLAY_TYPE = 'time_text' is not in list of known display types. Will attempt to infer using DISPLAY_TYPE.strip().lower().
  Position_SM_TT: Position_SM_TT DISPLAY_TYPE = 'time_text' is not in list of known display types. Will attempt to infer using DISPLAY_TYPE.strip().lower().
RBSP-B-RBSPICE_LEV-2_TOFXPHHHELT | ISTP.DISPLAY_TYPE.Unknown:
  OrbitNumber_TT: OrbitNumber_TT DISPLAY_TYPE = 'time_text' is not in list of known display types. Will attempt to infer using DISPLAY_TYPE.strip().lower().
  L_TT: L_TT DISPLAY_TYPE = 'time_text' is not in list of known display types. Will attempt to infer using DISPLAY_TYPE.strip().lower().
  Position_SM_TT: Position_SM_TT DISPLAY_TYPE = 'time_text' is not in list of known display types. Will attempt to infer using DISPLAY_TYPE.strip().lower().
RBSP-B-RBSPICE_LEV-2_TOFXPHHLEHT | ISTP.DISPLAY_TYPE.Unknown:
  OrbitNumber_TT: OrbitNumber_TT DISPLAY_TYPE = 'time_text' is not in list of known display types. Will attempt to infer using DISPLAY_TYPE.strip().lower().
  L_TT: L_TT DISPLAY_TYPE = 'time_text' is not in list of known display types. Will attempt to infer using DISPLAY_TYPE.strip().lower().
  Position_SM_TT: Position_SM_TT DISPLAY_TYPE = 'time_text' is not in list of known display types. Will attempt to infer using DISPLAY_TYPE.strip().lower().
RBSP-B-RBSPICE_LEV-3-PAP_ESRHELT | ISTP.DISPLAY_TYPE.Unknown:
  FEDU_Weight: FEDU_Weight DISPLAY_TYPE = 'Spectrogram' is not in list of known display types. Will attempt to infer using DISPLAY_TYPE.strip().lower().
  FEDU_PerpPressure: FEDU_PerpPressure DISPLAY_TYPE = 'Time_Series' is not in list of known display types. Will attempt to infer using DISPLAY_TYPE.strip().lower().
  FEDU_ParaPressure: FEDU_ParaPressure DISPLAY_TYPE = 'Time_Series' is not in list of known display types. Will attempt to infer using DISPLAY_TYPE.strip().lower().
  FEDU_Density: FEDU_Density DISPLAY_TYPE = 'Time_Series' is not in list of known display types. Will attempt to infer using DISPLAY_TYPE.strip().lower().
  FEDU_IntegralFlux: FEDU_IntegralFlux DISPLAY_TYPE = 'Time_Series' is not in list of known display types. Will attempt to infer using DISPLAY_TYPE.strip().lower().
  Position_TT: Position_TT DISPLAY_TYPE = 'time_text' is not in list of known display types. Will attempt to infer using DISPLAY_TYPE.strip().lower().
  Position_SM_TT: Position_SM_TT DISPLAY_TYPE = 'time_text' is not in list of known display types. Will attempt to infer using DISPLAY_TYPE.strip().lower().
  Position_GSM_TT: Position_GSM_TT DISPLAY_TYPE = 'time_text' is not in list of known display types. Will attempt to infer using DISPLAY_TYPE.strip().lower().
  OrbitNumber_TT: OrbitNumber_TT DISPLAY_TYPE = 'time_text' is not in list of known display types. Will attempt to infer using DISPLAY_TYPE.strip().lower().
  L_TT: L_TT DISPLAY_TYPE = 'time_text' is not in list of known display types. Will attempt to infer using DISPLAY_TYPE.strip().lower().
  L_Eq_TT: L_Eq_TT DISPLAY_TYPE = 'time_text' is not in list of known display types. Will attempt to infer using DISPLAY_TYPE.strip().lower().
  L_Star_TT: L_Star_TT DISPLAY_TYPE = 'time_text' is not in list of known display types. Will attempt to infer using DISPLAY_TYPE.strip().lower().
  I_TT: I_TT DISPLAY_TYPE = 'time_text' is not in list of known display types. Will attempt to infer using DISPLAY_TYPE.strip().lower().
  MLT_TT: MLT_TT DISPLAY_TYPE = 'time_text' is not in list of known display types. Will attempt to infer using DISPLAY_TYPE.strip().lower().
RBSP-B-RBSPICE_LEV-3-PAP_ESRLEHT | ISTP.DISPLAY_TYPE.Unknown:
  FEDU_Weight: FEDU_Weight DISPLAY_TYPE = 'Spectrogram' is not in list of known display types. Will attempt to infer using DISPLAY_TYPE.strip().lower().
  FEDU_PerpPressure: FEDU_PerpPressure DISPLAY_TYPE = 'Time_Series' is not in list of known display types. Will attempt to infer using DISPLAY_TYPE.strip().lower().
  FEDU_ParaPressure: FEDU_ParaPressure DISPLAY_TYPE = 'Time_Series' is not in list of known display types. Will attempt to infer using DISPLAY_TYPE.strip().lower().
  FEDU_Density: FEDU_Density DISPLAY_TYPE = 'Time_Series' is not in list of known display types. Will attempt to infer using DISPLAY_TYPE.strip().lower().
  FEDU_IntegralFlux: FEDU_IntegralFlux DISPLAY_TYPE = 'Time_Series' is not in list of known display types. Will attempt to infer using DISPLAY_TYPE.strip().lower().
  Position_TT: Position_TT DISPLAY_TYPE = 'time_text' is not in list of known display types. Will attempt to infer using DISPLAY_TYPE.strip().lower().
  Position_SM_TT: Position_SM_TT DISPLAY_TYPE = 'time_text' is not in list of known display types. Will attempt to infer using DISPLAY_TYPE.strip().lower().
  Position_GSM_TT: Position_GSM_TT DISPLAY_TYPE = 'time_text' is not in list of known display types. Will attempt to infer using DISPLAY_TYPE.strip().lower().
  OrbitNumber_TT: OrbitNumber_TT DISPLAY_TYPE = 'time_text' is not in list of known display types. Will attempt to infer using DISPLAY_TYPE.strip().lower().
  L_TT: L_TT DISPLAY_TYPE = 'time_text' is not in list of known display types. Will attempt to infer using DISPLAY_TYPE.strip().lower().
  L_Eq_TT: L_Eq_TT DISPLAY_TYPE = 'time_text' is not in list of known display types. Will attempt to infer using DISPLAY_TYPE.strip().lower().
  L_Star_TT: L_Star_TT DISPLAY_TYPE = 'time_text' is not in list of known display types. Will attempt to infer using DISPLAY_TYPE.strip().lower().
  I_TT: I_TT DISPLAY_TYPE = 'time_text' is not in list of known display types. Will attempt to infer using DISPLAY_TYPE.strip().lower().
  MLT_TT: MLT_TT DISPLAY_TYPE = 'time_text' is not in list of known display types. Will attempt to infer using DISPLAY_TYPE.strip().lower().
RBSP-B-RBSPICE_LEV-3-PAP_TOFXEH | ISTP.DISPLAY_TYPE.Unknown:
  FPDU_Weight: FPDU_Weight DISPLAY_TYPE = 'Spectrogram' is not in list of known display types. Will attempt to infer using DISPLAY_TYPE.strip().lower().
  FPDU_PerpPressure: FPDU_PerpPressure DISPLAY_TYPE = 'Time_Series' is not in list of known display types. Will attempt to infer using DISPLAY_TYPE.strip().lower().
  FPDU_ParaPressure: FPDU_ParaPressure DISPLAY_TYPE = 'Time_Series' is not in list of known display types. Will attempt to infer using DISPLAY_TYPE.strip().lower().
  FPDU_Density: FPDU_Density DISPLAY_TYPE = 'Time_Series' is not in list of known display types. Will attempt to infer using DISPLAY_TYPE.strip().lower().
  FPDU_IntegralFlux: FPDU_IntegralFlux DISPLAY_TYPE = 'Time_Series' is not in list of known display types. Will attempt to infer using DISPLAY_TYPE.strip().lower().
  Position_TT: Position_TT DISPLAY_TYPE = 'time_text' is not in list of known display types. Will attempt to infer using DISPLAY_TYPE.strip().lower().
  Position_SM_TT: Position_SM_TT DISPLAY_TYPE = 'time_text' is not in list of known display types. Will attempt to infer using DISPLAY_TYPE.strip().lower().
  Position_GSM_TT: Position_GSM_TT DISPLAY_TYPE = 'time_text' is not in list of known display types. Will attempt to infer using DISPLAY_TYPE.strip().lower().
  OrbitNumber_TT: OrbitNumber_TT DISPLAY_TYPE = 'time_text' is not in list of known display types. Will attempt to infer using DISPLAY_TYPE.strip().lower().
  L_TT: L_TT DISPLAY_TYPE = 'time_text' is not in list of known display types. Will attempt to infer using DISPLAY_TYPE.strip().lower().
  L_Eq_TT: L_Eq_TT DISPLAY_TYPE = 'time_text' is not in list of known display types. Will attempt to infer using DISPLAY_TYPE.strip().lower().
  L_Star_TT: L_Star_TT DISPLAY_TYPE = 'time_text' is not in list of known display types. Will attempt to infer using DISPLAY_TYPE.strip().lower().
  I_TT: I_TT DISPLAY_TYPE = 'time_text' is not in list of known display types. Will attempt to infer using DISPLAY_TYPE.strip().lower().
  MLT_TT: MLT_TT DISPLAY_TYPE = 'time_text' is not in list of known display types. Will attempt to infer using DISPLAY_TYPE.strip().lower().
RBSP-B-RBSPICE_LEV-3-PAP_TOFXEHE | ISTP.DISPLAY_TYPE.Unknown:
  FHeDU_Weight: FHeDU_Weight DISPLAY_TYPE = 'Spectrogram' is not in list of known display types. Will attempt to infer using DISPLAY_TYPE.strip().lower().
  FHeDU_PerpPressure: FHeDU_PerpPressure DISPLAY_TYPE = 'Time_Series' is not in list of known display types. Will attempt to infer using DISPLAY_TYPE.strip().lower().
  FHeDU_ParaPressure: FHeDU_ParaPressure DISPLAY_TYPE = 'Time_Series' is not in list of known display types. Will attempt to infer using DISPLAY_TYPE.strip().lower().
  FHeDU_Density: FHeDU_Density DISPLAY_TYPE = 'Time_Series' is not in list of known display types. Will attempt to infer using DISPLAY_TYPE.strip().lower().
  FHeDU_IntegralFlux: FHeDU_IntegralFlux DISPLAY_TYPE = 'Time_Series' is not in list of known display types. Will attempt to infer using DISPLAY_TYPE.strip().lower().
  Position_TT: Position_TT DISPLAY_TYPE = 'time_text' is not in list of known display types. Will attempt to infer using DISPLAY_TYPE.strip().lower().
  Position_SM_TT: Position_SM_TT DISPLAY_TYPE = 'time_text' is not in list of known display types. Will attempt to infer using DISPLAY_TYPE.strip().lower().
  Position_GSM_TT: Position_GSM_TT DISPLAY_TYPE = 'time_text' is not in list of known display types. Will attempt to infer using DISPLAY_TYPE.strip().lower().
  OrbitNumber_TT: OrbitNumber_TT DISPLAY_TYPE = 'time_text' is not in list of known display types. Will attempt to infer using DISPLAY_TYPE.strip().lower().
  L_TT: L_TT DISPLAY_TYPE = 'time_text' is not in list of known display types. Will attempt to infer using DISPLAY_TYPE.strip().lower().
  L_Eq_TT: L_Eq_TT DISPLAY_TYPE = 'time_text' is not in list of known display types. Will attempt to infer using DISPLAY_TYPE.strip().lower().
  L_Star_TT: L_Star_TT DISPLAY_TYPE = 'time_text' is not in list of known display types. Will attempt to infer using DISPLAY_TYPE.strip().lower().
  I_TT: I_TT DISPLAY_TYPE = 'time_text' is not in list of known display types. Will attempt to infer using DISPLAY_TYPE.strip().lower().
  MLT_TT: MLT_TT DISPLAY_TYPE = 'time_text' is not in list of known display types. Will attempt to infer using DISPLAY_TYPE.strip().lower().
RBSP-B-RBSPICE_LEV-3-PAP_TOFXEHE-0 | ISTP.DISPLAY_TYPE.Unknown:
  FHeDU_Weight: FHeDU_Weight DISPLAY_TYPE = 'Spectrogram' is not in list of known display types. Will attempt to infer using DISPLAY_TYPE.strip().lower().
  FHeDU_PerpPressure: FHeDU_PerpPressure DISPLAY_TYPE = 'Time_Series' is not in list of known display types. Will attempt to infer using DISPLAY_TYPE.strip().lower().
  FHeDU_ParaPressure: FHeDU_ParaPressure DISPLAY_TYPE = 'Time_Series' is not in list of known display types. Will attempt to infer using DISPLAY_TYPE.strip().lower().
  FHeDU_Density: FHeDU_Density DISPLAY_TYPE = 'Time_Series' is not in list of known display types. Will attempt to infer using DISPLAY_TYPE.strip().lower().
  FHeDU_IntegralFlux: FHeDU_IntegralFlux DISPLAY_TYPE = 'Time_Series' is not in list of known display types. Will attempt to infer using DISPLAY_TYPE.strip().lower().
  Position_TT: Position_TT DISPLAY_TYPE = 'time_text' is not in list of known display types. Will attempt to infer using DISPLAY_TYPE.strip().lower().
  Position_SM_TT: Position_SM_TT DISPLAY_TYPE = 'time_text' is not in list of known display types. Will attempt to infer using DISPLAY_TYPE.strip().lower().
  Position_GSM_TT: Position_GSM_TT DISPLAY_TYPE = 'time_text' is not in list of known display types. Will attempt to infer using DISPLAY_TYPE.strip().lower().
  OrbitNumber_TT: OrbitNumber_TT DISPLAY_TYPE = 'time_text' is not in list of known display types. Will attempt to infer using DISPLAY_TYPE.strip().lower().
  L_TT: L_TT DISPLAY_TYPE = 'time_text' is not in list of known display types. Will attempt to infer using DISPLAY_TYPE.strip().lower().
  L_Eq_TT: L_Eq_TT DISPLAY_TYPE = 'time_text' is not in list of known display types. Will attempt to infer using DISPLAY_TYPE.strip().lower().
  L_Star_TT: L_Star_TT DISPLAY_TYPE = 'time_text' is not in list of known display types. Will attempt to infer using DISPLAY_TYPE.strip().lower().
  I_TT: I_TT DISPLAY_TYPE = 'time_text' is not in list of known display types. Will attempt to infer using DISPLAY_TYPE.strip().lower().
  MLT_TT: MLT_TT DISPLAY_TYPE = 'time_text' is not in list of known display types. Will attempt to infer using DISPLAY_TYPE.strip().lower().
RBSP-B-RBSPICE_LEV-3-PAP_TOFXEION | ISTP.DISPLAY_TYPE.Unknown:
  FIDU_Weight: FIDU_Weight DISPLAY_TYPE = 'Spectrogram' is not in list of known display types. Will attempt to infer using DISPLAY_TYPE.strip().lower().
  FIDU_PerpPressure: FIDU_PerpPressure DISPLAY_TYPE = 'Time_Series' is not in list of known display types. Will attempt to infer using DISPLAY_TYPE.strip().lower().
  FIDU_ParaPressure: FIDU_ParaPressure DISPLAY_TYPE = 'Time_Series' is not in list of known display types. Will attempt to infer using DISPLAY_TYPE.strip().lower().
  FIDU_Density: FIDU_Density DISPLAY_TYPE = 'Time_Series' is not in list of known display types. Will attempt to infer using DISPLAY_TYPE.strip().lower().
  FIDU_IntegralFlux: FIDU_IntegralFlux DISPLAY_TYPE = 'Time_Series' is not in list of known display types. Will attempt to infer using DISPLAY_TYPE.strip().lower().
  Position_TT: Position_TT DISPLAY_TYPE = 'time_text' is not in list of known display types. Will attempt to infer using DISPLAY_TYPE.strip().lower().
  Position_SM_TT: Position_SM_TT DISPLAY_TYPE = 'time_text' is not in list of known display types. Will attempt to infer using DISPLAY_TYPE.strip().lower().
  Position_GSM_TT: Position_GSM_TT DISPLAY_TYPE = 'time_text' is not in list of known display types. Will attempt to infer using DISPLAY_TYPE.strip().lower().
  OrbitNumber_TT: OrbitNumber_TT DISPLAY_TYPE = 'time_text' is not in list of known display types. Will attempt to infer using DISPLAY_TYPE.strip().lower().
  L_TT: L_TT DISPLAY_TYPE = 'time_text' is not in list of known display types. Will attempt to infer using DISPLAY_TYPE.strip().lower().
  L_Eq_TT: L_Eq_TT DISPLAY_TYPE = 'time_text' is not in list of known display types. Will attempt to infer using DISPLAY_TYPE.strip().lower().
  L_Star_TT: L_Star_TT DISPLAY_TYPE = 'time_text' is not in list of known display types. Will attempt to infer using DISPLAY_TYPE.strip().lower().
  I_TT: I_TT DISPLAY_TYPE = 'time_text' is not in list of known display types. Will attempt to infer using DISPLAY_TYPE.strip().lower().
  MLT_TT: MLT_TT DISPLAY_TYPE = 'time_text' is not in list of known display types. Will attempt to infer using DISPLAY_TYPE.strip().lower().
RBSP-B-RBSPICE_LEV-3-PAP_TOFXEO | ISTP.DISPLAY_TYPE.Unknown:
  FODU_Weight: FODU_Weight DISPLAY_TYPE = 'Spectrogram' is not in list of known display types. Will attempt to infer using DISPLAY_TYPE.strip().lower().
  FODU_PerpPressure: FODU_PerpPressure DISPLAY_TYPE = 'Time_Series' is not in list of known display types. Will attempt to infer using DISPLAY_TYPE.strip().lower().
  FODU_ParaPressure: FODU_ParaPressure DISPLAY_TYPE = 'Time_Series' is not in list of known display types. Will attempt to infer using DISPLAY_TYPE.strip().lower().
  FODU_Density: FODU_Density DISPLAY_TYPE = 'Time_Series' is not in list of known display types. Will attempt to infer using DISPLAY_TYPE.strip().lower().
  FODU_IntegralFlux: FODU_IntegralFlux DISPLAY_TYPE = 'Time_Series' is not in list of known display types. Will attempt to infer using DISPLAY_TYPE.strip().lower().
  Position_TT: Position_TT DISPLAY_TYPE = 'time_text' is not in list of known display types. Will attempt to infer using DISPLAY_TYPE.strip().lower().
  Position_SM_TT: Position_SM_TT DISPLAY_TYPE = 'time_text' is not in list of known display types. Will attempt to infer using DISPLAY_TYPE.strip().lower().
  Position_GSM_TT: Position_GSM_TT DISPLAY_TYPE = 'time_text' is not in list of known display types. Will attempt to infer using DISPLAY_TYPE.strip().lower().
  OrbitNumber_TT: OrbitNumber_TT DISPLAY_TYPE = 'time_text' is not in list of known display types. Will attempt to infer using DISPLAY_TYPE.strip().lower().
  L_TT: L_TT DISPLAY_TYPE = 'time_text' is not in list of known display types. Will attempt to infer using DISPLAY_TYPE.strip().lower().
  L_Eq_TT: L_Eq_TT DISPLAY_TYPE = 'time_text' is not in list of known display types. Will attempt to infer using DISPLAY_TYPE.strip().lower().
  L_Star_TT: L_Star_TT DISPLAY_TYPE = 'time_text' is not in list of known display types. Will attempt to infer using DISPLAY_TYPE.strip().lower().
  I_TT: I_TT DISPLAY_TYPE = 'time_text' is not in list of known display types. Will attempt to infer using DISPLAY_TYPE.strip().lower().
  MLT_TT: MLT_TT DISPLAY_TYPE = 'time_text' is not in list of known display types. Will attempt to infer using DISPLAY_TYPE.strip().lower().
RBSP-B-RBSPICE_LEV-3-PAP_TOFXEO-0 | ISTP.DISPLAY_TYPE.Unknown:
  FODU_Weight: FODU_Weight DISPLAY_TYPE = 'Spectrogram' is not in list of known display types. Will attempt to infer using DISPLAY_TYPE.strip().lower().
  FODU_PerpPressure: FODU_PerpPressure DISPLAY_TYPE = 'Time_Series' is not in list of known display types. Will attempt to infer using DISPLAY_TYPE.strip().lower().
  FODU_ParaPressure: FODU_ParaPressure DISPLAY_TYPE = 'Time_Series' is not in list of known display types. Will attempt to infer using DISPLAY_TYPE.strip().lower().
  FODU_Density: FODU_Density DISPLAY_TYPE = 'Time_Series' is not in list of known display types. Will attempt to infer using DISPLAY_TYPE.strip().lower().
  FODU_IntegralFlux: FODU_IntegralFlux DISPLAY_TYPE = 'Time_Series' is not in list of known display types. Will attempt to infer using DISPLAY_TYPE.strip().lower().
  Position_TT: Position_TT DISPLAY_TYPE = 'time_text' is not in list of known display types. Will attempt to infer using DISPLAY_TYPE.strip().lower().
  Position_SM_TT: Position_SM_TT DISPLAY_TYPE = 'time_text' is not in list of known display types. Will attempt to infer using DISPLAY_TYPE.strip().lower().
  Position_GSM_TT: Position_GSM_TT DISPLAY_TYPE = 'time_text' is not in list of known display types. Will attempt to infer using DISPLAY_TYPE.strip().lower().
  OrbitNumber_TT: OrbitNumber_TT DISPLAY_TYPE = 'time_text' is not in list of known display types. Will attempt to infer using DISPLAY_TYPE.strip().lower().
  L_TT: L_TT DISPLAY_TYPE = 'time_text' is not in list of known display types. Will attempt to infer using DISPLAY_TYPE.strip().lower().
  L_Eq_TT: L_Eq_TT DISPLAY_TYPE = 'time_text' is not in list of known display types. Will attempt to infer using DISPLAY_TYPE.strip().lower().
  L_Star_TT: L_Star_TT DISPLAY_TYPE = 'time_text' is not in list of known display types. Will attempt to infer using DISPLAY_TYPE.strip().lower().
  I_TT: I_TT DISPLAY_TYPE = 'time_text' is not in list of known display types. Will attempt to infer using DISPLAY_TYPE.strip().lower().
  MLT_TT: MLT_TT DISPLAY_TYPE = 'time_text' is not in list of known display types. Will attempt to infer using DISPLAY_TYPE.strip().lower().
RBSP-B-RBSPICE_LEV-3-PAP_TOFXPHHHELT | ISTP.DISPLAY_TYPE.Unknown:
  FPDU_Weight: FPDU_Weight DISPLAY_TYPE = 'Spectrogram' is not in list of known display types. Will attempt to infer using DISPLAY_TYPE.strip().lower().
  FPDU_PerpPressure: FPDU_PerpPressure DISPLAY_TYPE = 'Time_Series' is not in list of known display types. Will attempt to infer using DISPLAY_TYPE.strip().lower().
  FPDU_ParaPressure: FPDU_ParaPressure DISPLAY_TYPE = 'Time_Series' is not in list of known display types. Will attempt to infer using DISPLAY_TYPE.strip().lower().
  FPDU_Density: FPDU_Density DISPLAY_TYPE = 'Time_Series' is not in list of known display types. Will attempt to infer using DISPLAY_TYPE.strip().lower().
  FPDU_IntegralFlux: FPDU_IntegralFlux DISPLAY_TYPE = 'Time_Series' is not in list of known display types. Will attempt to infer using DISPLAY_TYPE.strip().lower().
  Position_TT: Position_TT DISPLAY_TYPE = 'time_text' is not in list of known display types. Will attempt to infer using DISPLAY_TYPE.strip().lower().
  Position_SM_TT: Position_SM_TT DISPLAY_TYPE = 'time_text' is not in list of known display types. Will attempt to infer using DISPLAY_TYPE.strip().lower().
  Position_GSM_TT: Position_GSM_TT DISPLAY_TYPE = 'time_text' is not in list of known display types. Will attempt to infer using DISPLAY_TYPE.strip().lower().
  OrbitNumber_TT: OrbitNumber_TT DISPLAY_TYPE = 'time_text' is not in list of known display types. Will attempt to infer using DISPLAY_TYPE.strip().lower().
  L_TT: L_TT DISPLAY_TYPE = 'time_text' is not in list of known display types. Will attempt to infer using DISPLAY_TYPE.strip().lower().
  L_Eq_TT: L_Eq_TT DISPLAY_TYPE = 'time_text' is not in list of known display types. Will attempt to infer using DISPLAY_TYPE.strip().lower().
  L_Star_TT: L_Star_TT DISPLAY_TYPE = 'time_text' is not in list of known display types. Will attempt to infer using DISPLAY_TYPE.strip().lower().
  I_TT: I_TT DISPLAY_TYPE = 'time_text' is not in list of known display types. Will attempt to infer using DISPLAY_TYPE.strip().lower().
  MLT_TT: MLT_TT DISPLAY_TYPE = 'time_text' is not in list of known display types. Will attempt to infer using DISPLAY_TYPE.strip().lower().
RBSP-B-RBSPICE_LEV-3-PAP_TOFXPHHLEHT | ISTP.DISPLAY_TYPE.Unknown:
  FPDU_Weight: FPDU_Weight DISPLAY_TYPE = 'Spectrogram' is not in list of known display types. Will attempt to infer using DISPLAY_TYPE.strip().lower().
  FPDU_PerpPressure: FPDU_PerpPressure DISPLAY_TYPE = 'Time_Series' is not in list of known display types. Will attempt to infer using DISPLAY_TYPE.strip().lower().
  FPDU_ParaPressure: FPDU_ParaPressure DISPLAY_TYPE = 'Time_Series' is not in list of known display types. Will attempt to infer using DISPLAY_TYPE.strip().lower().
  FPDU_Density: FPDU_Density DISPLAY_TYPE = 'Time_Series' is not in list of known display types. Will attempt to infer using DISPLAY_TYPE.strip().lower().
  FPDU_IntegralFlux: FPDU_IntegralFlux DISPLAY_TYPE = 'Time_Series' is not in list of known display types. Will attempt to infer using DISPLAY_TYPE.strip().lower().
  Position_TT: Position_TT DISPLAY_TYPE = 'time_text' is not in list of known display types. Will attempt to infer using DISPLAY_TYPE.strip().lower().
  Position_SM_TT: Position_SM_TT DISPLAY_TYPE = 'time_text' is not in list of known display types. Will attempt to infer using DISPLAY_TYPE.strip().lower().
  Position_GSM_TT: Position_GSM_TT DISPLAY_TYPE = 'time_text' is not in list of known display types. Will attempt to infer using DISPLAY_TYPE.strip().lower().
  OrbitNumber_TT: OrbitNumber_TT DISPLAY_TYPE = 'time_text' is not in list of known display types. Will attempt to infer using DISPLAY_TYPE.strip().lower().
  L_TT: L_TT DISPLAY_TYPE = 'time_text' is not in list of known display types. Will attempt to infer using DISPLAY_TYPE.strip().lower().
  L_Eq_TT: L_Eq_TT DISPLAY_TYPE = 'time_text' is not in list of known display types. Will attempt to infer using DISPLAY_TYPE.strip().lower().
  L_Star_TT: L_Star_TT DISPLAY_TYPE = 'time_text' is not in list of known display types. Will attempt to infer using DISPLAY_TYPE.strip().lower().
  I_TT: I_TT DISPLAY_TYPE = 'time_text' is not in list of known display types. Will attempt to infer using DISPLAY_TYPE.strip().lower().
  MLT_TT: MLT_TT DISPLAY_TYPE = 'time_text' is not in list of known display types. Will attempt to infer using DISPLAY_TYPE.strip().lower().
RBSP-B-RBSPICE_LEV-3-PAP_TOFXPHOHELT | ISTP.DISPLAY_TYPE.Unknown:
  FODU_Weight: FODU_Weight DISPLAY_TYPE = 'Spectrogram' is not in list of known display types. Will attempt to infer using DISPLAY_TYPE.strip().lower().
  FODU_PerpPressure: FODU_PerpPressure DISPLAY_TYPE = 'Time_Series' is not in list of known display types. Will attempt to infer using DISPLAY_TYPE.strip().lower().
  FODU_ParaPressure: FODU_ParaPressure DISPLAY_TYPE = 'Time_Series' is not in list of known display types. Will attempt to infer using DISPLAY_TYPE.strip().lower().
  FODU_Density: FODU_Density DISPLAY_TYPE = 'Time_Series' is not in list of known display types. Will attempt to infer using DISPLAY_TYPE.strip().lower().
  FODU_IntegralFlux: FODU_IntegralFlux DISPLAY_TYPE = 'Time_Series' is not in list of known display types. Will attempt to infer using DISPLAY_TYPE.strip().lower().
  Position_TT: Position_TT DISPLAY_TYPE = 'time_text' is not in list of known display types. Will attempt to infer using DISPLAY_TYPE.strip().lower().
  Position_SM_TT: Position_SM_TT DISPLAY_TYPE = 'time_text' is not in list of known display types. Will attempt to infer using DISPLAY_TYPE.strip().lower().
  Position_GSM_TT: Position_GSM_TT DISPLAY_TYPE = 'time_text' is not in list of known display types. Will attempt to infer using DISPLAY_TYPE.strip().lower().
  OrbitNumber_TT: OrbitNumber_TT DISPLAY_TYPE = 'time_text' is not in list of known display types. Will attempt to infer using DISPLAY_TYPE.strip().lower().
  L_TT: L_TT DISPLAY_TYPE = 'time_text' is not in list of known display types. Will attempt to infer using DISPLAY_TYPE.strip().lower().
  L_Eq_TT: L_Eq_TT DISPLAY_TYPE = 'time_text' is not in list of known display types. Will attempt to infer using DISPLAY_TYPE.strip().lower().
  L_Star_TT: L_Star_TT DISPLAY_TYPE = 'time_text' is not in list of known display types. Will attempt to infer using DISPLAY_TYPE.strip().lower().
  I_TT: I_TT DISPLAY_TYPE = 'time_text' is not in list of known display types. Will attempt to infer using DISPLAY_TYPE.strip().lower().
  MLT_TT: MLT_TT DISPLAY_TYPE = 'time_text' is not in list of known display types. Will attempt to infer using DISPLAY_TYPE.strip().lower().
RBSP-B-RBSPICE_LEV-3-PAP_TOFXPHOLEHT | ISTP.DISPLAY_TYPE.Unknown:
  FODU_Weight: FODU_Weight DISPLAY_TYPE = 'Spectrogram' is not in list of known display types. Will attempt to infer using DISPLAY_TYPE.strip().lower().
  FODU_PerpPressure: FODU_PerpPressure DISPLAY_TYPE = 'Time_Series' is not in list of known display types. Will attempt to infer using DISPLAY_TYPE.strip().lower().
  FODU_ParaPressure: FODU_ParaPressure DISPLAY_TYPE = 'Time_Series' is not in list of known display types. Will attempt to infer using DISPLAY_TYPE.strip().lower().
  FODU_Density: FODU_Density DISPLAY_TYPE = 'Time_Series' is not in list of known display types. Will attempt to infer using DISPLAY_TYPE.strip().lower().
  FODU_IntegralFlux: FODU_IntegralFlux DISPLAY_TYPE = 'Time_Series' is not in list of known display types. Will attempt to infer using DISPLAY_TYPE.strip().lower().
  Position_TT: Position_TT DISPLAY_TYPE = 'time_text' is not in list of known display types. Will attempt to infer using DISPLAY_TYPE.strip().lower().
  Position_SM_TT: Position_SM_TT DISPLAY_TYPE = 'time_text' is not in list of known display types. Will attempt to infer using DISPLAY_TYPE.strip().lower().
  Position_GSM_TT: Position_GSM_TT DISPLAY_TYPE = 'time_text' is not in list of known display types. Will attempt to infer using DISPLAY_TYPE.strip().lower().
  OrbitNumber_TT: OrbitNumber_TT DISPLAY_TYPE = 'time_text' is not in list of known display types. Will attempt to infer using DISPLAY_TYPE.strip().lower().
  L_TT: L_TT DISPLAY_TYPE = 'time_text' is not in list of known display types. Will attempt to infer using DISPLAY_TYPE.strip().lower().
  L_Eq_TT: L_Eq_TT DISPLAY_TYPE = 'time_text' is not in list of known display types. Will attempt to infer using DISPLAY_TYPE.strip().lower().
  L_Star_TT: L_Star_TT DISPLAY_TYPE = 'time_text' is not in list of known display types. Will attempt to infer using DISPLAY_TYPE.strip().lower().
  I_TT: I_TT DISPLAY_TYPE = 'time_text' is not in list of known display types. Will attempt to infer using DISPLAY_TYPE.strip().lower().
  MLT_TT: MLT_TT DISPLAY_TYPE = 'time_text' is not in list of known display types. Will attempt to infer using DISPLAY_TYPE.strip().lower().
RBSP-B-RBSPICE_LEV-3_ESRHELT | ISTP.DISPLAY_TYPE.Unknown:
  Position_SM_TT: Position_SM_TT DISPLAY_TYPE = 'time_text' is not in list of known display types. Will attempt to infer using DISPLAY_TYPE.strip().lower().
  Position_TT: Position_TT DISPLAY_TYPE = 'time_text' is not in list of known display types. Will attempt to infer using DISPLAY_TYPE.strip().lower().
  Position_GSM_TT: Position_GSM_TT DISPLAY_TYPE = 'time_text' is not in list of known display types. Will attempt to infer using DISPLAY_TYPE.strip().lower().
  OrbitNumber_TT: OrbitNumber_TT DISPLAY_TYPE = 'time_text' is not in list of known display types. Will attempt to infer using DISPLAY_TYPE.strip().lower().
  L_TT: L_TT DISPLAY_TYPE = 'time_text' is not in list of known display types. Will attempt to infer using DISPLAY_TYPE.strip().lower().
  L_Eq_TT: L_Eq_TT DISPLAY_TYPE = 'time_text' is not in list of known display types. Will attempt to infer using DISPLAY_TYPE.strip().lower().
  L_Star_TT: L_Star_TT DISPLAY_TYPE = 'time_text' is not in list of known display types. Will attempt to infer using DISPLAY_TYPE.strip().lower().
  I_TT: I_TT DISPLAY_TYPE = 'time_text' is not in list of known display types. Will attempt to infer using DISPLAY_TYPE.strip().lower().
  K_TT: K_TT DISPLAY_TYPE = 'time_text' is not in list of known display types. Will attempt to infer using DISPLAY_TYPE.strip().lower().
  MLT_TT: MLT_TT DISPLAY_TYPE = 'time_text' is not in list of known display types. Will attempt to infer using DISPLAY_TYPE.strip().lower().
RBSP-B-RBSPICE_LEV-3_ESRLEHT | ISTP.DISPLAY_TYPE.Unknown:
  Position_SM_TT: Position_SM_TT DISPLAY_TYPE = 'time_text' is not in list of known display types. Will attempt to infer using DISPLAY_TYPE.strip().lower().
  Position_TT: Position_TT DISPLAY_TYPE = 'time_text' is not in list of known display types. Will attempt to infer using DISPLAY_TYPE.strip().lower().
  Position_GSM_TT: Position_GSM_TT DISPLAY_TYPE = 'time_text' is not in list of known display types. Will attempt to infer using DISPLAY_TYPE.strip().lower().
  OrbitNumber_TT: OrbitNumber_TT DISPLAY_TYPE = 'time_text' is not in list of known display types. Will attempt to infer using DISPLAY_TYPE.strip().lower().
  L_TT: L_TT DISPLAY_TYPE = 'time_text' is not in list of known display types. Will attempt to infer using DISPLAY_TYPE.strip().lower().
  L_Eq_TT: L_Eq_TT DISPLAY_TYPE = 'time_text' is not in list of known display types. Will attempt to infer using DISPLAY_TYPE.strip().lower().
  L_Star_TT: L_Star_TT DISPLAY_TYPE = 'time_text' is not in list of known display types. Will attempt to infer using DISPLAY_TYPE.strip().lower().
  I_TT: I_TT DISPLAY_TYPE = 'time_text' is not in list of known display types. Will attempt to infer using DISPLAY_TYPE.strip().lower().
  K_TT: K_TT DISPLAY_TYPE = 'time_text' is not in list of known display types. Will attempt to infer using DISPLAY_TYPE.strip().lower().
  MLT_TT: MLT_TT DISPLAY_TYPE = 'time_text' is not in list of known display types. Will attempt to infer using DISPLAY_TYPE.strip().lower().
RBSP-B-RBSPICE_LEV-3_ISRHELT | ISTP.DISPLAY_TYPE.Unknown:
  Position_SM_TT: Position_SM_TT DISPLAY_TYPE = 'time_text' is not in list of known display types. Will attempt to infer using DISPLAY_TYPE.strip().lower().
  Position_TT: Position_TT DISPLAY_TYPE = 'time_text' is not in list of known display types. Will attempt to infer using DISPLAY_TYPE.strip().lower().
  Position_GSM_TT: Position_GSM_TT DISPLAY_TYPE = 'time_text' is not in list of known display types. Will attempt to infer using DISPLAY_TYPE.strip().lower().
  OrbitNumber_TT: OrbitNumber_TT DISPLAY_TYPE = 'time_text' is not in list of known display types. Will attempt to infer using DISPLAY_TYPE.strip().lower().
  L_TT: L_TT DISPLAY_TYPE = 'time_text' is not in list of known display types. Will attempt to infer using DISPLAY_TYPE.strip().lower().
  L_Eq_TT: L_Eq_TT DISPLAY_TYPE = 'time_text' is not in list of known display types. Will attempt to infer using DISPLAY_TYPE.strip().lower().
  L_Star_TT: L_Star_TT DISPLAY_TYPE = 'time_text' is not in list of known display types. Will attempt to infer using DISPLAY_TYPE.strip().lower().
  I_TT: I_TT DISPLAY_TYPE = 'time_text' is not in list of known display types. Will attempt to infer using DISPLAY_TYPE.strip().lower().
  K_TT: K_TT DISPLAY_TYPE = 'time_text' is not in list of known display types. Will attempt to infer using DISPLAY_TYPE.strip().lower().
  MLT_TT: MLT_TT DISPLAY_TYPE = 'time_text' is not in list of known display types. Will attempt to infer using DISPLAY_TYPE.strip().lower().
RBSP-B-RBSPICE_LEV-3_TOFXEH | ISTP.DISPLAY_TYPE.Unknown:
  Position_SM_TT: Position_SM_TT DISPLAY_TYPE = 'time_text' is not in list of known display types. Will attempt to infer using DISPLAY_TYPE.strip().lower().
  Position_TT: Position_TT DISPLAY_TYPE = 'time_text' is not in list of known display types. Will attempt to infer using DISPLAY_TYPE.strip().lower().
  Position_GSM_TT: Position_GSM_TT DISPLAY_TYPE = 'time_text' is not in list of known display types. Will attempt to infer using DISPLAY_TYPE.strip().lower().
  OrbitNumber_TT: OrbitNumber_TT DISPLAY_TYPE = 'time_text' is not in list of known display types. Will attempt to infer using DISPLAY_TYPE.strip().lower().
  L_TT: L_TT DISPLAY_TYPE = 'time_text' is not in list of known display types. Will attempt to infer using DISPLAY_TYPE.strip().lower().
  L_Eq_TT: L_Eq_TT DISPLAY_TYPE = 'time_text' is not in list of known display types. Will attempt to infer using DISPLAY_TYPE.strip().lower().
  L_Star_TT: L_Star_TT DISPLAY_TYPE = 'time_text' is not in list of known display types. Will attempt to infer using DISPLAY_TYPE.strip().lower().
  I_TT: I_TT DISPLAY_TYPE = 'time_text' is not in list of known display types. Will attempt to infer using DISPLAY_TYPE.strip().lower().
  K_TT: K_TT DISPLAY_TYPE = 'time_text' is not in list of known display types. Will attempt to infer using DISPLAY_TYPE.strip().lower().
  MLT_TT: MLT_TT DISPLAY_TYPE = 'time_text' is not in list of known display types. Will attempt to infer using DISPLAY_TYPE.strip().lower().
RBSP-B-RBSPICE_LEV-3_TOFXEION | ISTP.DISPLAY_TYPE.Unknown:
  Position_SM_TT: Position_SM_TT DISPLAY_TYPE = 'time_text' is not in list of known display types. Will attempt to infer using DISPLAY_TYPE.strip().lower().
  Position_TT: Position_TT DISPLAY_TYPE = 'time_text' is not in list of known display types. Will attempt to infer using DISPLAY_TYPE.strip().lower().
  Position_GSM_TT: Position_GSM_TT DISPLAY_TYPE = 'time_text' is not in list of known display types. Will attempt to infer using DISPLAY_TYPE.strip().lower().
  OrbitNumber_TT: OrbitNumber_TT DISPLAY_TYPE = 'time_text' is not in list of known display types. Will attempt to infer using DISPLAY_TYPE.strip().lower().
  L_TT: L_TT DISPLAY_TYPE = 'time_text' is not in list of known display types. Will attempt to infer using DISPLAY_TYPE.strip().lower().
  L_Eq_TT: L_Eq_TT DISPLAY_TYPE = 'time_text' is not in list of known display types. Will attempt to infer using DISPLAY_TYPE.strip().lower().
  L_Star_TT: L_Star_TT DISPLAY_TYPE = 'time_text' is not in list of known display types. Will attempt to infer using DISPLAY_TYPE.strip().lower().
  I_TT: I_TT DISPLAY_TYPE = 'time_text' is not in list of known display types. Will attempt to infer using DISPLAY_TYPE.strip().lower().
  K_TT: K_TT DISPLAY_TYPE = 'time_text' is not in list of known display types. Will attempt to infer using DISPLAY_TYPE.strip().lower().
  MLT_TT: MLT_TT DISPLAY_TYPE = 'time_text' is not in list of known display types. Will attempt to infer using DISPLAY_TYPE.strip().lower().
RBSP-B-RBSPICE_LEV-3_TOFXENONH | ISTP.DISPLAY_TYPE.Unknown:
  Position_SM_TT: Position_SM_TT DISPLAY_TYPE = 'time_text' is not in list of known display types. Will attempt to infer using DISPLAY_TYPE.strip().lower().
  Position_TT: Position_TT DISPLAY_TYPE = 'time_text' is not in list of known display types. Will attempt to infer using DISPLAY_TYPE.strip().lower().
  Position_GSM_TT: Position_GSM_TT DISPLAY_TYPE = 'time_text' is not in list of known display types. Will attempt to infer using DISPLAY_TYPE.strip().lower().
  OrbitNumber_TT: OrbitNumber_TT DISPLAY_TYPE = 'time_text' is not in list of known display types. Will attempt to infer using DISPLAY_TYPE.strip().lower().
  L_TT: L_TT DISPLAY_TYPE = 'time_text' is not in list of known display types. Will attempt to infer using DISPLAY_TYPE.strip().lower().
  L_Eq_TT: L_Eq_TT DISPLAY_TYPE = 'time_text' is not in list of known display types. Will attempt to infer using DISPLAY_TYPE.strip().lower().
  L_Star_TT: L_Star_TT DISPLAY_TYPE = 'time_text' is not in list of known display types. Will attempt to infer using DISPLAY_TYPE.strip().lower().
  I_TT: I_TT DISPLAY_TYPE = 'time_text' is not in list of known display types. Will attempt to infer using DISPLAY_TYPE.strip().lower().
  K_TT: K_TT DISPLAY_TYPE = 'time_text' is not in list of known display types. Will attempt to infer using DISPLAY_TYPE.strip().lower().
  MLT_TT: MLT_TT DISPLAY_TYPE = 'time_text' is not in list of known display types. Will attempt to infer using DISPLAY_TYPE.strip().lower().
RBSP-B-RBSPICE_LEV-3_TOFXPHHHELT | ISTP.DISPLAY_TYPE.Unknown:
  Position_SM_TT: Position_SM_TT DISPLAY_TYPE = 'time_text' is not in list of known display types. Will attempt to infer using DISPLAY_TYPE.strip().lower().
  Position_TT: Position_TT DISPLAY_TYPE = 'time_text' is not in list of known display types. Will attempt to infer using DISPLAY_TYPE.strip().lower().
  Position_GSM_TT: Position_GSM_TT DISPLAY_TYPE = 'time_text' is not in list of known display types. Will attempt to infer using DISPLAY_TYPE.strip().lower().
  OrbitNumber_TT: OrbitNumber_TT DISPLAY_TYPE = 'time_text' is not in list of known display types. Will attempt to infer using DISPLAY_TYPE.strip().lower().
  L_TT: L_TT DISPLAY_TYPE = 'time_text' is not in list of known display types. Will attempt to infer using DISPLAY_TYPE.strip().lower().
  L_Eq_TT: L_Eq_TT DISPLAY_TYPE = 'time_text' is not in list of known display types. Will attempt to infer using DISPLAY_TYPE.strip().lower().
  L_Star_TT: L_Star_TT DISPLAY_TYPE = 'time_text' is not in list of known display types. Will attempt to infer using DISPLAY_TYPE.strip().lower().
  I_TT: I_TT DISPLAY_TYPE = 'time_text' is not in list of known display types. Will attempt to infer using DISPLAY_TYPE.strip().lower().
  K_TT: K_TT DISPLAY_TYPE = 'time_text' is not in list of known display types. Will attempt to infer using DISPLAY_TYPE.strip().lower().
  MLT_TT: MLT_TT DISPLAY_TYPE = 'time_text' is not in list of known display types. Will attempt to infer using DISPLAY_TYPE.strip().lower().
RBSP-B-RBSPICE_LEV-3_TOFXPHHLEHT | ISTP.DISPLAY_TYPE.Unknown:
  Position_SM_TT: Position_SM_TT DISPLAY_TYPE = 'time_text' is not in list of known display types. Will attempt to infer using DISPLAY_TYPE.strip().lower().
  Position_TT: Position_TT DISPLAY_TYPE = 'time_text' is not in list of known display types. Will attempt to infer using DISPLAY_TYPE.strip().lower().
  Position_GSM_TT: Position_GSM_TT DISPLAY_TYPE = 'time_text' is not in list of known display types. Will attempt to infer using DISPLAY_TYPE.strip().lower().
  OrbitNumber_TT: OrbitNumber_TT DISPLAY_TYPE = 'time_text' is not in list of known display types. Will attempt to infer using DISPLAY_TYPE.strip().lower().
  L_TT: L_TT DISPLAY_TYPE = 'time_text' is not in list of known display types. Will attempt to infer using DISPLAY_TYPE.strip().lower().
  L_Eq_TT: L_Eq_TT DISPLAY_TYPE = 'time_text' is not in list of known display types. Will attempt to infer using DISPLAY_TYPE.strip().lower().
  L_Star_TT: L_Star_TT DISPLAY_TYPE = 'time_text' is not in list of known display types. Will attempt to infer using DISPLAY_TYPE.strip().lower().
  I_TT: I_TT DISPLAY_TYPE = 'time_text' is not in list of known display types. Will attempt to infer using DISPLAY_TYPE.strip().lower().
  K_TT: K_TT DISPLAY_TYPE = 'time_text' is not in list of known display types. Will attempt to infer using DISPLAY_TYPE.strip().lower().
  MLT_TT: MLT_TT DISPLAY_TYPE = 'time_text' is not in list of known display types. Will attempt to infer using DISPLAY_TYPE.strip().lower().
RBSP-B_HFR-WAVEFORM_EMFISIS-L2 | ISTP.DISPLAY_TYPE.Unknown:
  HFRsamples_times: HFRsamples_times DISPLAY_TYPE = 'timeseries' is not in list of known display types. Will attempt to infer using DISPLAY_TYPE.strip().lower().
  HFRsamples: HFRsamples DISPLAY_TYPE = 'waveform' is not in list of known display types. Will attempt to infer using DISPLAY_TYPE.strip().lower().
RBSP-B_WFR-SPECTRAL-MATRIX_EMFISIS-L2 | ISTP.DISPLAY_TYPE.Unknown:
  BuBv: BuBv DISPLAY_TYPE = 'no_plot' is not in list of known display types. Will attempt to infer using DISPLAY_TYPE.strip().lower().
  BuBw: BuBw DISPLAY_TYPE = 'no_plot' is not in list of known display types. Will attempt to infer using DISPLAY_TYPE.strip().lower().
  BvBw: BvBw DISPLAY_TYPE = 'no_plot' is not in list of known display types. Will attempt to infer using DISPLAY_TYPE.strip().lower().
  BuEu: BuEu DISPLAY_TYPE = 'no_plot' is not in list of known display types. Will attempt to infer using DISPLAY_TYPE.strip().lower().
  BuEv: BuEv DISPLAY_TYPE = 'no_plot' is not in list of known display types. Will attempt to infer using DISPLAY_TYPE.strip().lower().
  BuEw: BuEw DISPLAY_TYPE = 'no_plot' is not in list of known display types. Will attempt to infer using DISPLAY_TYPE.strip().lower().
  BvEu: BvEu DISPLAY_TYPE = 'no_plot' is not in list of known display types. Will attempt to infer using DISPLAY_TYPE.strip().lower().
  BvEv: BvEv DISPLAY_TYPE = 'no_plot' is not in list of known display types. Will attempt to infer using DISPLAY_TYPE.strip().lower().
  BvEw: BvEw DISPLAY_TYPE = 'no_plot' is not in list of known display types. Will attempt to infer using DISPLAY_TYPE.strip().lower().
  BwEu: BwEu DISPLAY_TYPE = 'no_plot' is not in list of known display types. Will attempt to infer using DISPLAY_TYPE.strip().lower().
  BwEv: BwEv DISPLAY_TYPE = 'no_plot' is not in list of known display types. Will attempt to infer using DISPLAY_TYPE.strip().lower().
  BwEw: BwEw DISPLAY_TYPE = 'no_plot' is not in list of known display types. Will attempt to infer using DISPLAY_TYPE.strip().lower().
  EuEv: EuEv DISPLAY_TYPE = 'no_plot' is not in list of known display types. Will attempt to infer using DISPLAY_TYPE.strip().lower().
  EuEw: EuEw DISPLAY_TYPE = 'no_plot' is not in list of known display types. Will attempt to infer using DISPLAY_TYPE.strip().lower().
  EvEw: EvEw DISPLAY_TYPE = 'no_plot' is not in list of known display types. Will attempt to infer using DISPLAY_TYPE.strip().lower().
RBSPA_REL03_ECT-MAGEIS-L2 | ISTP.DISPLAY_TYPE.Unknown:
  Position_TT: Position_TT DISPLAY_TYPE = 'time_text' is not in list of known display types. Will attempt to infer using DISPLAY_TYPE.strip().lower().
  B_Calc_TT: B_Calc_TT DISPLAY_TYPE = 'time_text' is not in list of known display types. Will attempt to infer using DISPLAY_TYPE.strip().lower().
  B_Eq_TT: B_Eq_TT DISPLAY_TYPE = 'time_text' is not in list of known display types. Will attempt to infer using DISPLAY_TYPE.strip().lower().
  L_TT: L_TT DISPLAY_TYPE = 'time_text' is not in list of known display types. Will attempt to infer using DISPLAY_TYPE.strip().lower().
  L_star_TT: L_star_TT DISPLAY_TYPE = 'time_text' is not in list of known display types. Will attempt to infer using DISPLAY_TYPE.strip().lower().
  I_TT: I_TT DISPLAY_TYPE = 'time_text' is not in list of known display types. Will attempt to infer using DISPLAY_TYPE.strip().lower().
  MLT_TT: MLT_TT DISPLAY_TYPE = 'time_text' is not in list of known display types. Will attempt to infer using DISPLAY_TYPE.strip().lower().
RBSPA_REL03_ECT-REPT-SCI-L2 | ISTP.DISPLAY_TYPE.Unknown:
  Position_TT: Position_TT DISPLAY_TYPE = 'time_text' is not in list of known display types. Will attempt to infer using DISPLAY_TYPE.strip().lower().
  B_Calc_TT: B_Calc_TT DISPLAY_TYPE = 'time_text' is not in list of known display types. Will attempt to infer using DISPLAY_TYPE.strip().lower().
  B_Eq_TT: B_Eq_TT DISPLAY_TYPE = 'time_text' is not in list of known display types. Will attempt to infer using DISPLAY_TYPE.strip().lower().
  L_TT: L_TT DISPLAY_TYPE = 'time_text' is not in list of known display types. Will attempt to infer using DISPLAY_TYPE.strip().lower().
  L_star_TT: L_star_TT DISPLAY_TYPE = 'time_text' is not in list of known display types. Will attempt to infer using DISPLAY_TYPE.strip().lower().
  I_TT: I_TT DISPLAY_TYPE = 'time_text' is not in list of known display types. Will attempt to infer using DISPLAY_TYPE.strip().lower().
  MLT_TT: MLT_TT DISPLAY_TYPE = 'time_text' is not in list of known display types. Will attempt to infer using DISPLAY_TYPE.strip().lower().
RBSPA_REL03_ECT-REPT-SCI-L3 | ISTP.DISPLAY_TYPE.Unknown:
  FEDU_Unbinned_0to180: FEDU_Unbinned_0to180 DISPLAY_TYPE = 'nnSpectrogram' is not in list of known display types. Will attempt to infer using DISPLAY_TYPE.strip().lower().
  FEDU_Unbinned_0to360: FEDU_Unbinned_0to360 DISPLAY_TYPE = 'nnSpectrogram' is not in list of known display types. Will attempt to infer using DISPLAY_TYPE.strip().lower().
  FPDU_Unbinned_0to180: FPDU_Unbinned_0to180 DISPLAY_TYPE = 'nnSpectrogram' is not in list of known display types. Will attempt to infer using DISPLAY_TYPE.strip().lower().
  FPDU_Unbinned_0to360: FPDU_Unbinned_0to360 DISPLAY_TYPE = 'nnSpectrogram' is not in list of known display types. Will attempt to infer using DISPLAY_TYPE.strip().lower().
  FPDU_Unbinned_LightMask_0to360: FPDU_Unbinned_LightMask_0to360 DISPLAY_TYPE = 'nnSpectrogram' is not in list of known display types. Will attempt to infer using DISPLAY_TYPE.strip().lower().
  L_star_TT: L_star_TT DISPLAY_TYPE = 'time_text' is not in list of known display types. Will attempt to infer using DISPLAY_TYPE.strip().lower().
  L_TT: L_TT DISPLAY_TYPE = 'time_text' is not in list of known display types. Will attempt to infer using DISPLAY_TYPE.strip().lower().
  I_TT: I_TT DISPLAY_TYPE = 'time_text' is not in list of known display types. Will attempt to infer using DISPLAY_TYPE.strip().lower().
  B_Calc_TT: B_Calc_TT DISPLAY_TYPE = 'time_text' is not in list of known display types. Will attempt to infer using DISPLAY_TYPE.strip().lower().
  B_Eq_TT: B_Eq_TT DISPLAY_TYPE = 'time_text' is not in list of known display types. Will attempt to infer using DISPLAY_TYPE.strip().lower().
  MLT_TT: MLT_TT DISPLAY_TYPE = 'time_text' is not in list of known display types. Will attempt to infer using DISPLAY_TYPE.strip().lower().
  MLAT_TT: MLAT_TT DISPLAY_TYPE = 'time_text' is not in list of known display types. Will attempt to infer using DISPLAY_TYPE.strip().lower().
  Position_TT: Position_TT DISPLAY_TYPE = 'time_text' is not in list of known display types. Will attempt to infer using DISPLAY_TYPE.strip().lower().
RBSPA_REL04_ECT-HOPE-MOM-L3 | ISTP.DISPLAY_TYPE.Unknown:
  Position_TT: Position_TT DISPLAY_TYPE = 'time_text' is not in list of known display types. Will attempt to infer using DISPLAY_TYPE.strip().lower().
  L_star_TT: L_star_TT DISPLAY_TYPE = 'time_text' is not in list of known display types. Will attempt to infer using DISPLAY_TYPE.strip().lower().
  L_TT: L_TT DISPLAY_TYPE = 'time_text' is not in list of known display types. Will attempt to infer using DISPLAY_TYPE.strip().lower().
  B_Eq_TT: B_Eq_TT DISPLAY_TYPE = 'time_text' is not in list of known display types. Will attempt to infer using DISPLAY_TYPE.strip().lower().
  I_TT: I_TT DISPLAY_TYPE = 'time_text' is not in list of known display types. Will attempt to infer using DISPLAY_TYPE.strip().lower().
  MLT_TT: MLT_TT DISPLAY_TYPE = 'time_text' is not in list of known display types. Will attempt to infer using DISPLAY_TYPE.strip().lower().
RBSPA_REL04_ECT-HOPE-PA-L3 | ISTP.DISPLAY_TYPE.Unknown:
  Position_Ele_TT: Position_Ele_TT DISPLAY_TYPE = 'time_text' is not in list of known display types. Will attempt to infer using DISPLAY_TYPE.strip().lower().
  B_Calc_Ele_TT: B_Calc_Ele_TT DISPLAY_TYPE = 'time_text' is not in list of known display types. Will attempt to infer using DISPLAY_TYPE.strip().lower().
  B_Eq_Ele_TT: B_Eq_Ele_TT DISPLAY_TYPE = 'time_text' is not in list of known display types. Will attempt to infer using DISPLAY_TYPE.strip().lower().
  L_Ele_TT: L_Ele_TT DISPLAY_TYPE = 'time_text' is not in list of known display types. Will attempt to infer using DISPLAY_TYPE.strip().lower().
  L_star_Ele_TT: L_star_Ele_TT DISPLAY_TYPE = 'time_text' is not in list of known display types. Will attempt to infer using DISPLAY_TYPE.strip().lower().
  I_Ele_TT: I_Ele_TT DISPLAY_TYPE = 'time_text' is not in list of known display types. Will attempt to infer using DISPLAY_TYPE.strip().lower().
  MLT_Ele_TT: MLT_Ele_TT DISPLAY_TYPE = 'time_text' is not in list of known display types. Will attempt to infer using DISPLAY_TYPE.strip().lower().
  Position_Ion_TT: Position_Ion_TT DISPLAY_TYPE = 'time_text' is not in list of known display types. Will attempt to infer using DISPLAY_TYPE.strip().lower().
  B_Calc_Ion_TT: B_Calc_Ion_TT DISPLAY_TYPE = 'time_text' is not in list of known display types. Will attempt to infer using DISPLAY_TYPE.strip().lower().
  B_Eq_Ion_TT: B_Eq_Ion_TT DISPLAY_TYPE = 'time_text' is not in list of known display types. Will attempt to infer using DISPLAY_TYPE.strip().lower().
  L_Ion_TT: L_Ion_TT DISPLAY_TYPE = 'time_text' is not in list of known display types. Will attempt to infer using DISPLAY_TYPE.strip().lower().
  L_star_Ion_TT: L_star_Ion_TT DISPLAY_TYPE = 'time_text' is not in list of known display types. Will attempt to infer using DISPLAY_TYPE.strip().lower().
  I_Ion_TT: I_Ion_TT DISPLAY_TYPE = 'time_text' is not in list of known display types. Will attempt to infer using DISPLAY_TYPE.strip().lower().
  MLT_Ion_TT: MLT_Ion_TT DISPLAY_TYPE = 'time_text' is not in list of known display types. Will attempt to infer using DISPLAY_TYPE.strip().lower().
RBSPA_REL04_ECT-HOPE-SCI-L2 | ISTP.DISPLAY_TYPE.Unknown:
  Position_Ion_TT: Position_Ion_TT DISPLAY_TYPE = 'time_text' is not in list of known display types. Will attempt to infer using DISPLAY_TYPE.strip().lower().
  B_Calc_Ion_TT: B_Calc_Ion_TT DISPLAY_TYPE = 'time_text' is not in list of known display types. Will attempt to infer using DISPLAY_TYPE.strip().lower().
  B_Eq_Ion_TT: B_Eq_Ion_TT DISPLAY_TYPE = 'time_text' is not in list of known display types. Will attempt to infer using DISPLAY_TYPE.strip().lower().
  L_Ion_TT: L_Ion_TT DISPLAY_TYPE = 'time_text' is not in list of known display types. Will attempt to infer using DISPLAY_TYPE.strip().lower().
  L_star_Ion_TT: L_star_Ion_TT DISPLAY_TYPE = 'time_text' is not in list of known display types. Will attempt to infer using DISPLAY_TYPE.strip().lower().
  I_Ion_TT: I_Ion_TT DISPLAY_TYPE = 'time_text' is not in list of known display types. Will attempt to infer using DISPLAY_TYPE.strip().lower().
  MLT_Ion_TT: MLT_Ion_TT DISPLAY_TYPE = 'time_text' is not in list of known display types. Will attempt to infer using DISPLAY_TYPE.strip().lower().
  Position_Ele_TT: Position_Ele_TT DISPLAY_TYPE = 'time_text' is not in list of known display types. Will attempt to infer using DISPLAY_TYPE.strip().lower().
  B_Calc_Ele_TT: B_Calc_Ele_TT DISPLAY_TYPE = 'time_text' is not in list of known display types. Will attempt to infer using DISPLAY_TYPE.strip().lower().
  B_Eq_Ele_TT: B_Eq_Ele_TT DISPLAY_TYPE = 'time_text' is not in list of known display types. Will attempt to infer using DISPLAY_TYPE.strip().lower().
  L_Ele_TT: L_Ele_TT DISPLAY_TYPE = 'time_text' is not in list of known display types. Will attempt to infer using DISPLAY_TYPE.strip().lower().
  L_star_Ele_TT: L_star_Ele_TT DISPLAY_TYPE = 'time_text' is not in list of known display types. Will attempt to infer using DISPLAY_TYPE.strip().lower().
  I_Ele_TT: I_Ele_TT DISPLAY_TYPE = 'time_text' is not in list of known display types. Will attempt to infer using DISPLAY_TYPE.strip().lower().
  MLT_Ele_TT: MLT_Ele_TT DISPLAY_TYPE = 'time_text' is not in list of known display types. Will attempt to infer using DISPLAY_TYPE.strip().lower().
RBSPA_REL04_ECT-HOPE-SCI-L2SA | ISTP.DISPLAY_TYPE.Unknown:
  Position_Ion_TT: Position_Ion_TT DISPLAY_TYPE = 'time_text' is not in list of known display types. Will attempt to infer using DISPLAY_TYPE.strip().lower().
  B_Calc_Ion_TT: B_Calc_Ion_TT DISPLAY_TYPE = 'time_text' is not in list of known display types. Will attempt to infer using DISPLAY_TYPE.strip().lower().
  B_Eq_Ion_TT: B_Eq_Ion_TT DISPLAY_TYPE = 'time_text' is not in list of known display types. Will attempt to infer using DISPLAY_TYPE.strip().lower().
  L_Ion_TT: L_Ion_TT DISPLAY_TYPE = 'time_text' is not in list of known display types. Will attempt to infer using DISPLAY_TYPE.strip().lower().
  L_star_Ion_TT: L_star_Ion_TT DISPLAY_TYPE = 'time_text' is not in list of known display types. Will attempt to infer using DISPLAY_TYPE.strip().lower().
  I_Ion_TT: I_Ion_TT DISPLAY_TYPE = 'time_text' is not in list of known display types. Will attempt to infer using DISPLAY_TYPE.strip().lower().
  MLT_Ion_TT: MLT_Ion_TT DISPLAY_TYPE = 'time_text' is not in list of known display types. Will attempt to infer using DISPLAY_TYPE.strip().lower().
  Position_Ele_TT: Position_Ele_TT DISPLAY_TYPE = 'time_text' is not in list of known display types. Will attempt to infer using DISPLAY_TYPE.strip().lower().
  B_Calc_Ele_TT: B_Calc_Ele_TT DISPLAY_TYPE = 'time_text' is not in list of known display types. Will attempt to infer using DISPLAY_TYPE.strip().lower().
  B_Eq_Ele_TT: B_Eq_Ele_TT DISPLAY_TYPE = 'time_text' is not in list of known display types. Will attempt to infer using DISPLAY_TYPE.strip().lower().
  L_Ele_TT: L_Ele_TT DISPLAY_TYPE = 'time_text' is not in list of known display types. Will attempt to infer using DISPLAY_TYPE.strip().lower().
  L_star_Ele_TT: L_star_Ele_TT DISPLAY_TYPE = 'time_text' is not in list of known display types. Will attempt to infer using DISPLAY_TYPE.strip().lower().
  I_Ele_TT: I_Ele_TT DISPLAY_TYPE = 'time_text' is not in list of known display types. Will attempt to infer using DISPLAY_TYPE.strip().lower().
  MLT_Ele_TT: MLT_Ele_TT DISPLAY_TYPE = 'time_text' is not in list of known display types. Will attempt to infer using DISPLAY_TYPE.strip().lower().
RBSPA_REL04_ECT-MAGEIS-L3 | ISTP.DISPLAY_TYPE.Unknown:
  L_star: L_star DISPLAY_TYPE = 'Series' is not in list of known display types. Will attempt to infer using DISPLAY_TYPE.strip().lower().
  L: L DISPLAY_TYPE = 'Series' is not in list of known display types. Will attempt to infer using DISPLAY_TYPE.strip().lower().
  I: I DISPLAY_TYPE = 'Series' is not in list of known display types. Will attempt to infer using DISPLAY_TYPE.strip().lower().
  B_Calc: B_Calc DISPLAY_TYPE = 'Series' is not in list of known display types. Will attempt to infer using DISPLAY_TYPE.strip().lower().
  B_Eq: B_Eq DISPLAY_TYPE = 'Series' is not in list of known display types. Will attempt to infer using DISPLAY_TYPE.strip().lower().
  MLT: MLT DISPLAY_TYPE = 'Series' is not in list of known display types. Will attempt to infer using DISPLAY_TYPE.strip().lower().
  MLAT: MLAT DISPLAY_TYPE = 'Series' is not in list of known display types. Will attempt to infer using DISPLAY_TYPE.strip().lower().
  Position: Position DISPLAY_TYPE = 'series' is not in list of known display types. Will attempt to infer using DISPLAY_TYPE.strip().lower().
  LstarVsAlpha: LstarVsAlpha DISPLAY_TYPE = 'Series' is not in list of known display types. Will attempt to infer using DISPLAY_TYPE.strip().lower().
  LstarVsAlpha_Alpha: LstarVsAlpha_Alpha DISPLAY_TYPE = 'Series' is not in list of known display types. Will attempt to infer using DISPLAY_TYPE.strip().lower().
  L_star_TT: L_star_TT DISPLAY_TYPE = 'time_text' is not in list of known display types. Will attempt to infer using DISPLAY_TYPE.strip().lower().
  L_TT: L_TT DISPLAY_TYPE = 'time_text' is not in list of known display types. Will attempt to infer using DISPLAY_TYPE.strip().lower().
  I_TT: I_TT DISPLAY_TYPE = 'time_text' is not in list of known display types. Will attempt to infer using DISPLAY_TYPE.strip().lower().
  B_Calc_TT: B_Calc_TT DISPLAY_TYPE = 'time_text' is not in list of known display types. Will attempt to infer using DISPLAY_TYPE.strip().lower().
  B_Eq_TT: B_Eq_TT DISPLAY_TYPE = 'time_text' is not in list of known display types. Will attempt to infer using DISPLAY_TYPE.strip().lower().
  MLT_TT: MLT_TT DISPLAY_TYPE = 'time_text' is not in list of known display types. Will attempt to infer using DISPLAY_TYPE.strip().lower().
  MLAT_TT: MLAT_TT DISPLAY_TYPE = 'time_text' is not in list of known display types. Will attempt to infer using DISPLAY_TYPE.strip().lower().
  Position_TT: Position_TT DISPLAY_TYPE = 'time_text' is not in list of known display types. Will attempt to infer using DISPLAY_TYPE.strip().lower().
RBSPB_REL03_ECT-MAGEIS-L2 | ISTP.DISPLAY_TYPE.Unknown:
  Position_TT: Position_TT DISPLAY_TYPE = 'time_text' is not in list of known display types. Will attempt to infer using DISPLAY_TYPE.strip().lower().
  B_Calc_TT: B_Calc_TT DISPLAY_TYPE = 'time_text' is not in list of known display types. Will attempt to infer using DISPLAY_TYPE.strip().lower().
  B_Eq_TT: B_Eq_TT DISPLAY_TYPE = 'time_text' is not in list of known display types. Will attempt to infer using DISPLAY_TYPE.strip().lower().
  L_TT: L_TT DISPLAY_TYPE = 'time_text' is not in list of known display types. Will attempt to infer using DISPLAY_TYPE.strip().lower().
  L_star_TT: L_star_TT DISPLAY_TYPE = 'time_text' is not in list of known display types. Will attempt to infer using DISPLAY_TYPE.strip().lower().
  I_TT: I_TT DISPLAY_TYPE = 'time_text' is not in list of known display types. Will attempt to infer using DISPLAY_TYPE.strip().lower().
  MLT_TT: MLT_TT DISPLAY_TYPE = 'time_text' is not in list of known display types. Will attempt to infer using DISPLAY_TYPE.strip().lower().
RBSPB_REL03_ECT-REPT-SCI-L2 | ISTP.DISPLAY_TYPE.Unknown:
  Position_TT: Position_TT DISPLAY_TYPE = 'time_text' is not in list of known display types. Will attempt to infer using DISPLAY_TYPE.strip().lower().
  B_Calc_TT: B_Calc_TT DISPLAY_TYPE = 'time_text' is not in list of known display types. Will attempt to infer using DISPLAY_TYPE.strip().lower().
  B_Eq_TT: B_Eq_TT DISPLAY_TYPE = 'time_text' is not in list of known display types. Will attempt to infer using DISPLAY_TYPE.strip().lower().
  L_TT: L_TT DISPLAY_TYPE = 'time_text' is not in list of known display types. Will attempt to infer using DISPLAY_TYPE.strip().lower().
  L_star_TT: L_star_TT DISPLAY_TYPE = 'time_text' is not in list of known display types. Will attempt to infer using DISPLAY_TYPE.strip().lower().
  I_TT: I_TT DISPLAY_TYPE = 'time_text' is not in list of known display types. Will attempt to infer using DISPLAY_TYPE.strip().lower().
  MLT_TT: MLT_TT DISPLAY_TYPE = 'time_text' is not in list of known display types. Will attempt to infer using DISPLAY_TYPE.strip().lower().
RBSPB_REL03_ECT-REPT-SCI-L3 | ISTP.DISPLAY_TYPE.Unknown:
  FEDU_Unbinned_0to180: FEDU_Unbinned_0to180 DISPLAY_TYPE = 'nnSpectrogram' is not in list of known display types. Will attempt to infer using DISPLAY_TYPE.strip().lower().
  FEDU_Unbinned_0to360: FEDU_Unbinned_0to360 DISPLAY_TYPE = 'nnSpectrogram' is not in list of known display types. Will attempt to infer using DISPLAY_TYPE.strip().lower().
  FPDU_Unbinned_0to180: FPDU_Unbinned_0to180 DISPLAY_TYPE = 'nnSpectrogram' is not in list of known display types. Will attempt to infer using DISPLAY_TYPE.strip().lower().
  FPDU_Unbinned_0to360: FPDU_Unbinned_0to360 DISPLAY_TYPE = 'nnSpectrogram' is not in list of known display types. Will attempt to infer using DISPLAY_TYPE.strip().lower().
  FPDU_Unbinned_LightMask_0to360: FPDU_Unbinned_LightMask_0to360 DISPLAY_TYPE = 'nnSpectrogram' is not in list of known display types. Will attempt to infer using DISPLAY_TYPE.strip().lower().
  L_star_TT: L_star_TT DISPLAY_TYPE = 'time_text' is not in list of known display types. Will attempt to infer using DISPLAY_TYPE.strip().lower().
  L_TT: L_TT DISPLAY_TYPE = 'time_text' is not in list of known display types. Will attempt to infer using DISPLAY_TYPE.strip().lower().
  I_TT: I_TT DISPLAY_TYPE = 'time_text' is not in list of known display types. Will attempt to infer using DISPLAY_TYPE.strip().lower().
  B_Calc_TT: B_Calc_TT DISPLAY_TYPE = 'time_text' is not in list of known display types. Will attempt to infer using DISPLAY_TYPE.strip().lower().
  B_Eq_TT: B_Eq_TT DISPLAY_TYPE = 'time_text' is not in list of known display types. Will attempt to infer using DISPLAY_TYPE.strip().lower().
  MLT_TT: MLT_TT DISPLAY_TYPE = 'time_text' is not in list of known display types. Will attempt to infer using DISPLAY_TYPE.strip().lower().
  MLAT_TT: MLAT_TT DISPLAY_TYPE = 'time_text' is not in list of known display types. Will attempt to infer using DISPLAY_TYPE.strip().lower().
  Position_TT: Position_TT DISPLAY_TYPE = 'time_text' is not in list of known display types. Will attempt to infer using DISPLAY_TYPE.strip().lower().
RBSPB_REL04_ECT-HOPE-MOM-L3 | ISTP.DISPLAY_TYPE.Unknown:
  Position_TT: Position_TT DISPLAY_TYPE = 'time_text' is not in list of known display types. Will attempt to infer using DISPLAY_TYPE.strip().lower().
  L_star_TT: L_star_TT DISPLAY_TYPE = 'time_text' is not in list of known display types. Will attempt to infer using DISPLAY_TYPE.strip().lower().
  L_TT: L_TT DISPLAY_TYPE = 'time_text' is not in list of known display types. Will attempt to infer using DISPLAY_TYPE.strip().lower().
  B_Eq_TT: B_Eq_TT DISPLAY_TYPE = 'time_text' is not in list of known display types. Will attempt to infer using DISPLAY_TYPE.strip().lower().
  I_TT: I_TT DISPLAY_TYPE = 'time_text' is not in list of known display types. Will attempt to infer using DISPLAY_TYPE.strip().lower().
  MLT_TT: MLT_TT DISPLAY_TYPE = 'time_text' is not in list of known display types. Will attempt to infer using DISPLAY_TYPE.strip().lower().
RBSPB_REL04_ECT-HOPE-PA-L3 | ISTP.DISPLAY_TYPE.Unknown:
  Position_Ele_TT: Position_Ele_TT DISPLAY_TYPE = 'time_text' is not in list of known display types. Will attempt to infer using DISPLAY_TYPE.strip().lower().
  B_Calc_Ele_TT: B_Calc_Ele_TT DISPLAY_TYPE = 'time_text' is not in list of known display types. Will attempt to infer using DISPLAY_TYPE.strip().lower().
  B_Eq_Ele_TT: B_Eq_Ele_TT DISPLAY_TYPE = 'time_text' is not in list of known display types. Will attempt to infer using DISPLAY_TYPE.strip().lower().
  L_Ele_TT: L_Ele_TT DISPLAY_TYPE = 'time_text' is not in list of known display types. Will attempt to infer using DISPLAY_TYPE.strip().lower().
  L_star_Ele_TT: L_star_Ele_TT DISPLAY_TYPE = 'time_text' is not in list of known display types. Will attempt to infer using DISPLAY_TYPE.strip().lower().
  I_Ele_TT: I_Ele_TT DISPLAY_TYPE = 'time_text' is not in list of known display types. Will attempt to infer using DISPLAY_TYPE.strip().lower().
  MLT_Ele_TT: MLT_Ele_TT DISPLAY_TYPE = 'time_text' is not in list of known display types. Will attempt to infer using DISPLAY_TYPE.strip().lower().
  Position_Ion_TT: Position_Ion_TT DISPLAY_TYPE = 'time_text' is not in list of known display types. Will attempt to infer using DISPLAY_TYPE.strip().lower().
  B_Calc_Ion_TT: B_Calc_Ion_TT DISPLAY_TYPE = 'time_text' is not in list of known display types. Will attempt to infer using DISPLAY_TYPE.strip().lower().
  B_Eq_Ion_TT: B_Eq_Ion_TT DISPLAY_TYPE = 'time_text' is not in list of known display types. Will attempt to infer using DISPLAY_TYPE.strip().lower().
  L_Ion_TT: L_Ion_TT DISPLAY_TYPE = 'time_text' is not in list of known display types. Will attempt to infer using DISPLAY_TYPE.strip().lower().
  L_star_Ion_TT: L_star_Ion_TT DISPLAY_TYPE = 'time_text' is not in list of known display types. Will attempt to infer using DISPLAY_TYPE.strip().lower().
  I_Ion_TT: I_Ion_TT DISPLAY_TYPE = 'time_text' is not in list of known display types. Will attempt to infer using DISPLAY_TYPE.strip().lower().
  MLT_Ion_TT: MLT_Ion_TT DISPLAY_TYPE = 'time_text' is not in list of known display types. Will attempt to infer using DISPLAY_TYPE.strip().lower().
RBSPB_REL04_ECT-HOPE-SCI-L2 | ISTP.DISPLAY_TYPE.Unknown:
  Position_Ion_TT: Position_Ion_TT DISPLAY_TYPE = 'time_text' is not in list of known display types. Will attempt to infer using DISPLAY_TYPE.strip().lower().
  B_Calc_Ion_TT: B_Calc_Ion_TT DISPLAY_TYPE = 'time_text' is not in list of known display types. Will attempt to infer using DISPLAY_TYPE.strip().lower().
  B_Eq_Ion_TT: B_Eq_Ion_TT DISPLAY_TYPE = 'time_text' is not in list of known display types. Will attempt to infer using DISPLAY_TYPE.strip().lower().
  L_Ion_TT: L_Ion_TT DISPLAY_TYPE = 'time_text' is not in list of known display types. Will attempt to infer using DISPLAY_TYPE.strip().lower().
  L_star_Ion_TT: L_star_Ion_TT DISPLAY_TYPE = 'time_text' is not in list of known display types. Will attempt to infer using DISPLAY_TYPE.strip().lower().
  I_Ion_TT: I_Ion_TT DISPLAY_TYPE = 'time_text' is not in list of known display types. Will attempt to infer using DISPLAY_TYPE.strip().lower().
  MLT_Ion_TT: MLT_Ion_TT DISPLAY_TYPE = 'time_text' is not in list of known display types. Will attempt to infer using DISPLAY_TYPE.strip().lower().
  Position_Ele_TT: Position_Ele_TT DISPLAY_TYPE = 'time_text' is not in list of known display types. Will attempt to infer using DISPLAY_TYPE.strip().lower().
  B_Calc_Ele_TT: B_Calc_Ele_TT DISPLAY_TYPE = 'time_text' is not in list of known display types. Will attempt to infer using DISPLAY_TYPE.strip().lower().
  B_Eq_Ele_TT: B_Eq_Ele_TT DISPLAY_TYPE = 'time_text' is not in list of known display types. Will attempt to infer using DISPLAY_TYPE.strip().lower().
  L_Ele_TT: L_Ele_TT DISPLAY_TYPE = 'time_text' is not in list of known display types. Will attempt to infer using DISPLAY_TYPE.strip().lower().
  L_star_Ele_TT: L_star_Ele_TT DISPLAY_TYPE = 'time_text' is not in list of known display types. Will attempt to infer using DISPLAY_TYPE.strip().lower().
  I_Ele_TT: I_Ele_TT DISPLAY_TYPE = 'time_text' is not in list of known display types. Will attempt to infer using DISPLAY_TYPE.strip().lower().
  MLT_Ele_TT: MLT_Ele_TT DISPLAY_TYPE = 'time_text' is not in list of known display types. Will attempt to infer using DISPLAY_TYPE.strip().lower().
RBSPB_REL04_ECT-HOPE-SCI-L2SA | ISTP.DISPLAY_TYPE.Unknown:
  Position_Ion_TT: Position_Ion_TT DISPLAY_TYPE = 'time_text' is not in list of known display types. Will attempt to infer using DISPLAY_TYPE.strip().lower().
  B_Calc_Ion_TT: B_Calc_Ion_TT DISPLAY_TYPE = 'time_text' is not in list of known display types. Will attempt to infer using DISPLAY_TYPE.strip().lower().
  B_Eq_Ion_TT: B_Eq_Ion_TT DISPLAY_TYPE = 'time_text' is not in list of known display types. Will attempt to infer using DISPLAY_TYPE.strip().lower().
  L_Ion_TT: L_Ion_TT DISPLAY_TYPE = 'time_text' is not in list of known display types. Will attempt to infer using DISPLAY_TYPE.strip().lower().
  L_star_Ion_TT: L_star_Ion_TT DISPLAY_TYPE = 'time_text' is not in list of known display types. Will attempt to infer using DISPLAY_TYPE.strip().lower().
  I_Ion_TT: I_Ion_TT DISPLAY_TYPE = 'time_text' is not in list of known display types. Will attempt to infer using DISPLAY_TYPE.strip().lower().
  MLT_Ion_TT: MLT_Ion_TT DISPLAY_TYPE = 'time_text' is not in list of known display types. Will attempt to infer using DISPLAY_TYPE.strip().lower().
  Position_Ele_TT: Position_Ele_TT DISPLAY_TYPE = 'time_text' is not in list of known display types. Will attempt to infer using DISPLAY_TYPE.strip().lower().
  B_Calc_Ele_TT: B_Calc_Ele_TT DISPLAY_TYPE = 'time_text' is not in list of known display types. Will attempt to infer using DISPLAY_TYPE.strip().lower().
  B_Eq_Ele_TT: B_Eq_Ele_TT DISPLAY_TYPE = 'time_text' is not in list of known display types. Will attempt to infer using DISPLAY_TYPE.strip().lower().
  L_Ele_TT: L_Ele_TT DISPLAY_TYPE = 'time_text' is not in list of known display types. Will attempt to infer using DISPLAY_TYPE.strip().lower().
  L_star_Ele_TT: L_star_Ele_TT DISPLAY_TYPE = 'time_text' is not in list of known display types. Will attempt to infer using DISPLAY_TYPE.strip().lower().
  I_Ele_TT: I_Ele_TT DISPLAY_TYPE = 'time_text' is not in list of known display types. Will attempt to infer using DISPLAY_TYPE.strip().lower().
  MLT_Ele_TT: MLT_Ele_TT DISPLAY_TYPE = 'time_text' is not in list of known display types. Will attempt to infer using DISPLAY_TYPE.strip().lower().
RBSPB_REL04_ECT-MAGEIS-L3 | ISTP.DISPLAY_TYPE.Unknown:
  L_star: L_star DISPLAY_TYPE = 'Series' is not in list of known display types. Will attempt to infer using DISPLAY_TYPE.strip().lower().
  L: L DISPLAY_TYPE = 'Series' is not in list of known display types. Will attempt to infer using DISPLAY_TYPE.strip().lower().
  I: I DISPLAY_TYPE = 'Series' is not in list of known display types. Will attempt to infer using DISPLAY_TYPE.strip().lower().
  B_Calc: B_Calc DISPLAY_TYPE = 'Series' is not in list of known display types. Will attempt to infer using DISPLAY_TYPE.strip().lower().
  B_Eq: B_Eq DISPLAY_TYPE = 'Series' is not in list of known display types. Will attempt to infer using DISPLAY_TYPE.strip().lower().
  MLT: MLT DISPLAY_TYPE = 'Series' is not in list of known display types. Will attempt to infer using DISPLAY_TYPE.strip().lower().
  MLAT: MLAT DISPLAY_TYPE = 'Series' is not in list of known display types. Will attempt to infer using DISPLAY_TYPE.strip().lower().
  Position: Position DISPLAY_TYPE = 'series' is not in list of known display types. Will attempt to infer using DISPLAY_TYPE.strip().lower().
  LstarVsAlpha: LstarVsAlpha DISPLAY_TYPE = 'Series' is not in list of known display types. Will attempt to infer using DISPLAY_TYPE.strip().lower().
  LstarVsAlpha_Alpha: LstarVsAlpha_Alpha DISPLAY_TYPE = 'Series' is not in list of known display types. Will attempt to infer using DISPLAY_TYPE.strip().lower().
  L_star_TT: L_star_TT DISPLAY_TYPE = 'time_text' is not in list of known display types. Will attempt to infer using DISPLAY_TYPE.strip().lower().
  L_TT: L_TT DISPLAY_TYPE = 'time_text' is not in list of known display types. Will attempt to infer using DISPLAY_TYPE.strip().lower().
  I_TT: I_TT DISPLAY_TYPE = 'time_text' is not in list of known display types. Will attempt to infer using DISPLAY_TYPE.strip().lower().
  B_Calc_TT: B_Calc_TT DISPLAY_TYPE = 'time_text' is not in list of known display types. Will attempt to infer using DISPLAY_TYPE.strip().lower().
  B_Eq_TT: B_Eq_TT DISPLAY_TYPE = 'time_text' is not in list of known display types. Will attempt to infer using DISPLAY_TYPE.strip().lower().
  MLT_TT: MLT_TT DISPLAY_TYPE = 'time_text' is not in list of known display types. Will attempt to infer using DISPLAY_TYPE.strip().lower().
  MLAT_TT: MLAT_TT DISPLAY_TYPE = 'time_text' is not in list of known display types. Will attempt to infer using DISPLAY_TYPE.strip().lower().
  Position_TT: Position_TT DISPLAY_TYPE = 'time_text' is not in list of known display types. Will attempt to infer using DISPLAY_TYPE.strip().lower().
RBSP_ECT-REPT-SCI-L3-SELESNICK-MODEL | ISTP.DISPLAY_TYPE.Unknown:
  intensities: intensities DISPLAY_TYPE = 'no_plot' is not in list of known display types. Will attempt to infer using DISPLAY_TYPE.strip().lower().
  uncertainties: uncertainties DISPLAY_TYPE = 'no_plot' is not in list of known display types. Will attempt to infer using DISPLAY_TYPE.strip().lower().
SOLO_L2_RPW-LFR-SURV-ASM | ISTP.DISPLAY_TYPE.Unknown:
  ASM_RE_F0: ASM_RE_F0 DISPLAY_TYPE = 'no_plot' is not in list of known display types. Will attempt to infer using DISPLAY_TYPE.strip().lower().
  ASM_IM_F0: ASM_IM_F0 DISPLAY_TYPE = 'no_plot' is not in list of known display types. Will attempt to infer using DISPLAY_TYPE.strip().lower().
  ASM_RE_F1: ASM_RE_F1 DISPLAY_TYPE = 'no_plot' is not in list of known display types. Will attempt to infer using DISPLAY_TYPE.strip().lower().
  ASM_IM_F1: ASM_IM_F1 DISPLAY_TYPE = 'no_plot' is not in list of known display types. Will attempt to infer using DISPLAY_TYPE.strip().lower().
  ASM_RE_F2: ASM_RE_F2 DISPLAY_TYPE = 'no_plot' is not in list of known display types. Will attempt to infer using DISPLAY_TYPE.strip().lower().
  ASM_IM_F2: ASM_IM_F2 DISPLAY_TYPE = 'no_plot' is not in list of known display types. Will attempt to infer using DISPLAY_TYPE.strip().lower().
  ASM_RE_F0_SRF: ASM_RE_F0_SRF DISPLAY_TYPE = 'no_plot' is not in list of known display types. Will attempt to infer using DISPLAY_TYPE.strip().lower().
  ASM_IM_F0_SRF: ASM_IM_F0_SRF DISPLAY_TYPE = 'no_plot' is not in list of known display types. Will attempt to infer using DISPLAY_TYPE.strip().lower().
  ASM_RE_F1_SRF: ASM_RE_F1_SRF DISPLAY_TYPE = 'no_plot' is not in list of known display types. Will attempt to infer using DISPLAY_TYPE.strip().lower().
  ASM_IM_F1_SRF: ASM_IM_F1_SRF DISPLAY_TYPE = 'no_plot' is not in list of known display types. Will attempt to infer using DISPLAY_TYPE.strip().lower().
  ASM_RE_F2_SRF: ASM_RE_F2_SRF DISPLAY_TYPE = 'no_plot' is not in list of known display types. Will attempt to infer using DISPLAY_TYPE.strip().lower().
  ASM_IM_F2_SRF: ASM_IM_F2_SRF DISPLAY_TYPE = 'no_plot' is not in list of known display types. Will attempt to infer using DISPLAY_TYPE.strip().lower().
SOLO_L2_RPW-LFR-SURV-BP2 | ISTP.DISPLAY_TYPE.Unknown:
  BP2_RE_N_F0: BP2_RE_N_F0 DISPLAY_TYPE = 'no_plot' is not in list of known display types. Will attempt to infer using DISPLAY_TYPE.strip().lower().
  BP2_RE_N_F1: BP2_RE_N_F1 DISPLAY_TYPE = 'no_plot' is not in list of known display types. Will attempt to infer using DISPLAY_TYPE.strip().lower().
  BP2_RE_N_F2: BP2_RE_N_F2 DISPLAY_TYPE = 'no_plot' is not in list of known display types. Will attempt to infer using DISPLAY_TYPE.strip().lower().
  BP2_IM_N_F0: BP2_IM_N_F0 DISPLAY_TYPE = 'no_plot' is not in list of known display types. Will attempt to infer using DISPLAY_TYPE.strip().lower().
  BP2_IM_N_F1: BP2_IM_N_F1 DISPLAY_TYPE = 'no_plot' is not in list of known display types. Will attempt to infer using DISPLAY_TYPE.strip().lower().
  BP2_IM_N_F2: BP2_IM_N_F2 DISPLAY_TYPE = 'no_plot' is not in list of known display types. Will attempt to infer using DISPLAY_TYPE.strip().lower().
  BP2_RE_B_F0: BP2_RE_B_F0 DISPLAY_TYPE = 'no_plot' is not in list of known display types. Will attempt to infer using DISPLAY_TYPE.strip().lower().
  BP2_RE_B_F1: BP2_RE_B_F1 DISPLAY_TYPE = 'no_plot' is not in list of known display types. Will attempt to infer using DISPLAY_TYPE.strip().lower().
  BP2_IM_B_F0: BP2_IM_B_F0 DISPLAY_TYPE = 'no_plot' is not in list of known display types. Will attempt to infer using DISPLAY_TYPE.strip().lower().
  BP2_IM_B_F1: BP2_IM_B_F1 DISPLAY_TYPE = 'no_plot' is not in list of known display types. Will attempt to infer using DISPLAY_TYPE.strip().lower().
  BP2_RE_N_F0_SRF: BP2_RE_N_F0_SRF DISPLAY_TYPE = 'no_plot' is not in list of known display types. Will attempt to infer using DISPLAY_TYPE.strip().lower().
  BP2_RE_N_F1_SRF: BP2_RE_N_F1_SRF DISPLAY_TYPE = 'no_plot' is not in list of known display types. Will attempt to infer using DISPLAY_TYPE.strip().lower().
  BP2_RE_N_F2_SRF: BP2_RE_N_F2_SRF DISPLAY_TYPE = 'no_plot' is not in list of known display types. Will attempt to infer using DISPLAY_TYPE.strip().lower().
  BP2_IM_N_F0_SRF: BP2_IM_N_F0_SRF DISPLAY_TYPE = 'no_plot' is not in list of known display types. Will attempt to infer using DISPLAY_TYPE.strip().lower().
  BP2_IM_N_F1_SRF: BP2_IM_N_F1_SRF DISPLAY_TYPE = 'no_plot' is not in list of known display types. Will attempt to infer using DISPLAY_TYPE.strip().lower().
  BP2_IM_N_F2_SRF: BP2_IM_N_F2_SRF DISPLAY_TYPE = 'no_plot' is not in list of known display types. Will attempt to infer using DISPLAY_TYPE.strip().lower().
  BP2_RE_B_F0_SRF: BP2_RE_B_F0_SRF DISPLAY_TYPE = 'no_plot' is not in list of known display types. Will attempt to infer using DISPLAY_TYPE.strip().lower().
  BP2_RE_B_F1_SRF: BP2_RE_B_F1_SRF DISPLAY_TYPE = 'no_plot' is not in list of known display types. Will attempt to infer using DISPLAY_TYPE.strip().lower().
  BP2_IM_B_F0_SRF: BP2_IM_B_F0_SRF DISPLAY_TYPE = 'no_plot' is not in list of known display types. Will attempt to infer using DISPLAY_TYPE.strip().lower().
  BP2_IM_B_F1_SRF: BP2_IM_B_F1_SRF DISPLAY_TYPE = 'no_plot' is not in list of known display types. Will attempt to infer using DISPLAY_TYPE.strip().lower().
SOLO_L2_SWA-EAS-PAD-DEF | ISTP.DISPLAY_TYPE.Unknown:
  SWA_EAS_BM_Data: SWA_EAS_BM_Data DISPLAY_TYPE = 'Spectrogram' is not in list of known display types. Will attempt to infer using DISPLAY_TYPE.strip().lower().
SOLO_L2_SWA-EAS-PAD-DNF | ISTP.DISPLAY_TYPE.Unknown:
  SWA_EAS_BM_Data: SWA_EAS_BM_Data DISPLAY_TYPE = 'Spectrogram' is not in list of known display types. Will attempt to infer using DISPLAY_TYPE.strip().lower().
SOLO_L2_SWA-EAS-PAD-PSD | ISTP.DISPLAY_TYPE.Unknown:
  SWA_EAS_BM_Data: SWA_EAS_BM_Data DISPLAY_TYPE = 'Spectrogram' is not in list of known display types. Will attempt to infer using DISPLAY_TYPE.strip().lower().
  SWA_EAS_PAD_PSD_Data: SWA_EAS_PAD_PSD_Data DISPLAY_TYPE = 'Spectrogram' is not in list of known display types. Will attempt to infer using DISPLAY_TYPE.strip().lower().
SOLO_L2_SWA-EAS1-EFLUX | ISTP.DISPLAY_TYPE.Unknown:
  SWA_EAS1_ENERGY: SWA_EAS1_ENERGY DISPLAY_TYPE = 'Spectrogram' is not in list of known display types. Will attempt to infer using DISPLAY_TYPE.strip().lower().
SOLO_L2_SWA-EAS1-HIRES3D-DEF | ISTP.DISPLAY_TYPE.Unknown:
  SWA_EAS1_HIRES3D_DEF_DATA: SWA_EAS1_HIRES3D_DEF_DATA DISPLAY_TYPE = 'no_plot' is not in list of known display types. Will attempt to infer using DISPLAY_TYPE.strip().lower().
  SWA_EAS1_HIRES3D_DEF_DATA_reorder: SWA_EAS1_HIRES3D_DEF_DATA_reorder DISPLAY_TYPE = 'no_plot' is not in list of known display types. Will attempt to infer using DISPLAY_TYPE.strip().lower().
SOLO_L2_SWA-EAS1-HIRES3D-DNF | ISTP.DISPLAY_TYPE.Unknown:
  SWA_EAS1_HIRES3D_DNF_DATA: SWA_EAS1_HIRES3D_DNF_DATA DISPLAY_TYPE = 'no_plot' is not in list of known display types. Will attempt to infer using DISPLAY_TYPE.strip().lower().
  SWA_EAS1_HIRES3D_DNF_DATA_reorder: SWA_EAS1_HIRES3D_DNF_DATA_reorder DISPLAY_TYPE = 'no_plot' is not in list of known display types. Will attempt to infer using DISPLAY_TYPE.strip().lower().
SOLO_L2_SWA-EAS1-HIRES3D-PSD | ISTP.DISPLAY_TYPE.Unknown:
  SWA_EAS1_HIRES3D_PSD_DATA: SWA_EAS1_HIRES3D_PSD_DATA DISPLAY_TYPE = 'no_plot' is not in list of known display types. Will attempt to infer using DISPLAY_TYPE.strip().lower().
  SWA_EAS1_HIRES3D_PSD_DATA_reorder: SWA_EAS1_HIRES3D_PSD_DATA_reorder DISPLAY_TYPE = 'no_plot' is not in list of known display types. Will attempt to infer using DISPLAY_TYPE.strip().lower().
SOLO_L2_SWA-EAS1-NM3D-DEF | ISTP.DISPLAY_TYPE.Unknown:
  SWA_EAS1_NM3D_DEF_Data: SWA_EAS1_NM3D_DEF_Data DISPLAY_TYPE = 'no_plot' is not in list of known display types. Will attempt to infer using DISPLAY_TYPE.strip().lower().
  SWA_EAS1_NM3D_DEF_Data_reorder: SWA_EAS1_NM3D_DEF_Data_reorder DISPLAY_TYPE = 'no_plot' is not in list of known display types. Will attempt to infer using DISPLAY_TYPE.strip().lower().
SOLO_L2_SWA-EAS1-NM3D-DNF | ISTP.DISPLAY_TYPE.Unknown:
  SWA_EAS1_NM3D_DNF_Data: SWA_EAS1_NM3D_DNF_Data DISPLAY_TYPE = 'no_plot' is not in list of known display types. Will attempt to infer using DISPLAY_TYPE.strip().lower().
  SWA_EAS1_NM3D_DNF_Data_reorder: SWA_EAS1_NM3D_DNF_Data_reorder DISPLAY_TYPE = 'no_plot' is not in list of known display types. Will attempt to infer using DISPLAY_TYPE.strip().lower().
SOLO_L2_SWA-EAS1-NM3D-PSD | ISTP.DISPLAY_TYPE.Unknown:
  SWA_EAS1_Data_reorder: SWA_EAS1_Data_reorder DISPLAY_TYPE = 'no_plot' is not in list of known display types. Will attempt to infer using DISPLAY_TYPE.strip().lower().
SOLO_L2_SWA-EAS1-TM3D-DEF | ISTP.DISPLAY_TYPE.Unknown:
  SWA_EAS1_TM3D_DEF_DATA: SWA_EAS1_TM3D_DEF_DATA DISPLAY_TYPE = 'no_plot' is not in list of known display types. Will attempt to infer using DISPLAY_TYPE.strip().lower().
  SWA_EAS1_TM3D_DEF_DATA_reorder: SWA_EAS1_TM3D_DEF_DATA_reorder DISPLAY_TYPE = 'no_plot' is not in list of known display types. Will attempt to infer using DISPLAY_TYPE.strip().lower().
SOLO_L2_SWA-EAS1-TM3D-DNF | ISTP.DISPLAY_TYPE.Unknown:
  SWA_EAS1_TM3D_DNF_DATA: SWA_EAS1_TM3D_DNF_DATA DISPLAY_TYPE = 'no_plot' is not in list of known display types. Will attempt to infer using DISPLAY_TYPE.strip().lower().
  SWA_EAS1_TM3D_DNF_DATA_reorder: SWA_EAS1_TM3D_DNF_DATA_reorder DISPLAY_TYPE = 'no_plot' is not in list of known display types. Will attempt to infer using DISPLAY_TYPE.strip().lower().
SOLO_L2_SWA-EAS1-TM3D-PSD | ISTP.DISPLAY_TYPE.Unknown:
  SWA_EAS1_TM3D_PSD_DATA: SWA_EAS1_TM3D_PSD_DATA DISPLAY_TYPE = 'no_plot' is not in list of known display types. Will attempt to infer using DISPLAY_TYPE.strip().lower().
  SWA_EAS1_TM3D_PSD_DATA_reorder: SWA_EAS1_TM3D_PSD_DATA_reorder DISPLAY_TYPE = 'no_plot' is not in list of known display types. Will attempt to infer using DISPLAY_TYPE.strip().lower().
SOLO_L2_SWA-EAS2-EFLUX | ISTP.DISPLAY_TYPE.Unknown:
  SWA_EAS2_ENERGY: SWA_EAS2_ENERGY DISPLAY_TYPE = 'Spectrogram' is not in list of known display types. Will attempt to infer using DISPLAY_TYPE.strip().lower().
SOLO_L2_SWA-EAS2-HIRES3D-DEF | ISTP.DISPLAY_TYPE.Unknown:
  SWA_EAS2_HIRES3D_DEF_DATA: SWA_EAS2_HIRES3D_DEF_DATA DISPLAY_TYPE = 'no_plot' is not in list of known display types. Will attempt to infer using DISPLAY_TYPE.strip().lower().
  SWA_EAS2_HIRES3D_DEF_DATA_reorder: SWA_EAS2_HIRES3D_DEF_DATA_reorder DISPLAY_TYPE = 'no_plot' is not in list of known display types. Will attempt to infer using DISPLAY_TYPE.strip().lower().
SOLO_L2_SWA-EAS2-HIRES3D-DNF | ISTP.DISPLAY_TYPE.Unknown:
  SWA_EAS2_HIRES3D_DNF_DATA: SWA_EAS2_HIRES3D_DNF_DATA DISPLAY_TYPE = 'no_plot' is not in list of known display types. Will attempt to infer using DISPLAY_TYPE.strip().lower().
  SWA_EAS2_HIRES3D_DNF_DATA_reorder: SWA_EAS2_HIRES3D_DNF_DATA_reorder DISPLAY_TYPE = 'no_plot' is not in list of known display types. Will attempt to infer using DISPLAY_TYPE.strip().lower().
SOLO_L2_SWA-EAS2-HIRES3D-PSD | ISTP.DISPLAY_TYPE.Unknown:
  SWA_EAS2_HIRES3D_PSD_DATA: SWA_EAS2_HIRES3D_PSD_DATA DISPLAY_TYPE = 'no_plot' is not in list of known display types. Will attempt to infer using DISPLAY_TYPE.strip().lower().
  SWA_EAS2_HIRES3D_PSD_DATA_reorder: SWA_EAS2_HIRES3D_PSD_DATA_reorder DISPLAY_TYPE = 'no_plot' is not in list of known display types. Will attempt to infer using DISPLAY_TYPE.strip().lower().
SOLO_L2_SWA-EAS2-NM3D-DEF | ISTP.DISPLAY_TYPE.Unknown:
  SWA_EAS2_NM3D_DEF_Data: SWA_EAS2_NM3D_DEF_Data DISPLAY_TYPE = 'no_plot' is not in list of known display types. Will attempt to infer using DISPLAY_TYPE.strip().lower().
  SWA_EAS2_NM3D_DEF_Data_reorder: SWA_EAS2_NM3D_DEF_Data_reorder DISPLAY_TYPE = 'no_plot' is not in list of known display types. Will attempt to infer using DISPLAY_TYPE.strip().lower().
SOLO_L2_SWA-EAS2-NM3D-DNF | ISTP.DISPLAY_TYPE.Unknown:
  SWA_EAS2_NM3D_DNF_Data: SWA_EAS2_NM3D_DNF_Data DISPLAY_TYPE = 'no_plot' is not in list of known display types. Will attempt to infer using DISPLAY_TYPE.strip().lower().
  SWA_EAS2_NM3D_DNF_Data_reorder: SWA_EAS2_NM3D_DNF_Data_reorder DISPLAY_TYPE = 'no_plot' is not in list of known display types. Will attempt to infer using DISPLAY_TYPE.strip().lower().
SOLO_L2_SWA-EAS2-NM3D-PSD | ISTP.DISPLAY_TYPE.Unknown:
  SWA_EAS2_Data: SWA_EAS2_Data DISPLAY_TYPE = 'no_plot' is not in list of known display types. Will attempt to infer using DISPLAY_TYPE.strip().lower().
  SWA_EAS2_Data_reorder: SWA_EAS2_Data_reorder DISPLAY_TYPE = 'no_plot' is not in list of known display types. Will attempt to infer using DISPLAY_TYPE.strip().lower().
SOLO_L2_SWA-EAS2-TM3D-DEF | ISTP.DISPLAY_TYPE.Unknown:
  SWA_EAS2_TM3D_DEF_DATA: SWA_EAS2_TM3D_DEF_DATA DISPLAY_TYPE = 'no_plot' is not in list of known display types. Will attempt to infer using DISPLAY_TYPE.strip().lower().
  SWA_EAS2_TM3D_DEF_DATA_reorder: SWA_EAS2_TM3D_DEF_DATA_reorder DISPLAY_TYPE = 'no_plot' is not in list of known display types. Will attempt to infer using DISPLAY_TYPE.strip().lower().
SOLO_L2_SWA-EAS2-TM3D-DNF | ISTP.DISPLAY_TYPE.Unknown:
  SWA_EAS2_TM3D_DNF_DATA: SWA_EAS2_TM3D_DNF_DATA DISPLAY_TYPE = 'no_plot' is not in list of known display types. Will attempt to infer using DISPLAY_TYPE.strip().lower().
  SWA_EAS2_TM3D_DNF_DATA_reorder: SWA_EAS2_TM3D_DNF_DATA_reorder DISPLAY_TYPE = 'no_plot' is not in list of known display types. Will attempt to infer using DISPLAY_TYPE.strip().lower().
SOLO_L2_SWA-EAS2-TM3D-PSD | ISTP.DISPLAY_TYPE.Unknown:
  SWA_EAS2_TM3D_PSD_DATA: SWA_EAS2_TM3D_PSD_DATA DISPLAY_TYPE = 'no_plot' is not in list of known display types. Will attempt to infer using DISPLAY_TYPE.strip().lower().
  SWA_EAS2_TM3D_PSD_DATA_reorder: SWA_EAS2_TM3D_PSD_DATA_reorder DISPLAY_TYPE = 'no_plot' is not in list of known display types. Will attempt to infer using DISPLAY_TYPE.strip().lower().
SOLO_L2_SWA-HIS-RATES | ISTP.DISPLAY_TYPE.Unknown:
  SSD_RATE: SSD_RATE DISPLAY_TYPE = 'no_plot' is not in list of known display types. Will attempt to infer using DISPLAY_TYPE.strip().lower().
  PRIORITY_RATE: PRIORITY_RATE DISPLAY_TYPE = 'no_plot' is not in list of known display types. Will attempt to infer using DISPLAY_TYPE.strip().lower().
SOLO_L3_SWA-EAS-NMPAD-PSD | ISTP.DISPLAY_TYPE.Unknown:
  SWA_EAS_ENERGY: SWA_EAS_ENERGY DISPLAY_TYPE = 'Spectrogram' is not in list of known display types. Will attempt to infer using DISPLAY_TYPE.strip().lower().
SO_K0_CEL | ISTP.DISPLAY_TYPE.Unknown:
  Epoch: Epoch DISPLAY_TYPE = 'time_series ' is not in list of known display types. Will attempt to infer using DISPLAY_TYPE.strip().lower().
STA_L2_PLA_1DMAX_10MIN | ISTP.DISPLAY_TYPE.Unknown:
  processing_date_10min: processing_date_10min DISPLAY_TYPE = 'string' is not in list of known display types. Will attempt to infer using DISPLAY_TYPE.strip().lower().
STA_L2_PLA_1DMAX_1HR | ISTP.DISPLAY_TYPE.Unknown:
  processing_date_1hr: processing_date_1hr DISPLAY_TYPE = 'string' is not in list of known display types. Will attempt to infer using DISPLAY_TYPE.strip().lower().
STA_L2_PLA_1DMAX_1MIN | ISTP.DISPLAY_TYPE.Unknown:
  processing_date: processing_date DISPLAY_TYPE = 'string' is not in list of known display types. Will attempt to infer using DISPLAY_TYPE.strip().lower().
STA_L2_PLA_ALPHA_RA_1DMAX_10MIN | ISTP.DISPLAY_TYPE.Unknown:
  processing_date: processing_date DISPLAY_TYPE = 'string' is not in list of known display types. Will attempt to infer using DISPLAY_TYPE.strip().lower().
STA_L2_PLA_ALPHA_RA_1DMAX_1HR | ISTP.DISPLAY_TYPE.Unknown:
  processing_date: processing_date DISPLAY_TYPE = 'string' is not in list of known display types. Will attempt to infer using DISPLAY_TYPE.strip().lower().
STA_L2_PLA_IRON_Q_2HR | ISTP.DISPLAY_TYPE.Unknown:
  processing_date: processing_date DISPLAY_TYPE = 'string' is not in list of known display types. Will attempt to infer using DISPLAY_TYPE.strip().lower().
STA_L3_PLA_HE2PL_F_VSW_01HR | ISTP.DISPLAY_TYPE.Unknown:
  processing_date: processing_date DISPLAY_TYPE = 'string' is not in list of known display types. Will attempt to infer using DISPLAY_TYPE.strip().lower().
  input_file: input_file DISPLAY_TYPE = 'string' is not in list of known display types. Will attempt to infer using DISPLAY_TYPE.strip().lower().
STA_L3_PLA_HEPLUS_24HR | ISTP.DISPLAY_TYPE.Unknown:
  processing_date: processing_date DISPLAY_TYPE = 'string' is not in list of known display types. Will attempt to infer using DISPLAY_TYPE.strip().lower().
  input_file: input_file DISPLAY_TYPE = 'string' is not in list of known display types. Will attempt to infer using DISPLAY_TYPE.strip().lower().
STA_L3_PLA_HEPLUS_F_VSW_01HR | ISTP.DISPLAY_TYPE.Unknown:
  processing_date: processing_date DISPLAY_TYPE = 'string' is not in list of known display types. Will attempt to infer using DISPLAY_TYPE.strip().lower().
  input_file: input_file DISPLAY_TYPE = 'string' is not in list of known display types. Will attempt to infer using DISPLAY_TYPE.strip().lower().
STA_L3_PLA_HEPLUS_F_VSW_10MIN | ISTP.DISPLAY_TYPE.Unknown:
  processing_date: processing_date DISPLAY_TYPE = 'string' is not in list of known display types. Will attempt to infer using DISPLAY_TYPE.strip().lower().
  input_file: input_file DISPLAY_TYPE = 'string' is not in list of known display types. Will attempt to infer using DISPLAY_TYPE.strip().lower().
STA_L3_PLA_HEPLUS_F_VSW_24HR | ISTP.DISPLAY_TYPE.Unknown:
  processing_date: processing_date DISPLAY_TYPE = 'string' is not in list of known display types. Will attempt to infer using DISPLAY_TYPE.strip().lower().
  input_file: input_file DISPLAY_TYPE = 'string' is not in list of known display types. Will attempt to infer using DISPLAY_TYPE.strip().lower().
STA_L3_PLA_HEPLUS_SW_VELCTDIST_5MIN | ISTP.DISPLAY_TYPE.Unknown:
  processing_date: processing_date DISPLAY_TYPE = 'string' is not in list of known display types. Will attempt to infer using DISPLAY_TYPE.strip().lower().
  input_file: input_file DISPLAY_TYPE = 'string' is not in list of known display types. Will attempt to infer using DISPLAY_TYPE.strip().lower().
STB_L2_PLA_1DMAX_10MIN | ISTP.DISPLAY_TYPE.Unknown:
  processing_date_10min: processing_date_10min DISPLAY_TYPE = 'string' is not in list of known display types. Will attempt to infer using DISPLAY_TYPE.strip().lower().
STB_L2_PLA_1DMAX_1HR | ISTP.DISPLAY_TYPE.Unknown:
  processing_date_1hr: processing_date_1hr DISPLAY_TYPE = 'string' is not in list of known display types. Will attempt to infer using DISPLAY_TYPE.strip().lower().
STB_L2_PLA_1DMAX_1MIN | ISTP.DISPLAY_TYPE.Unknown:
  processing_date: processing_date DISPLAY_TYPE = 'string' is not in list of known display types. Will attempt to infer using DISPLAY_TYPE.strip().lower().
STB_L2_PLA_ALPHA_RA_1DMAX_10MIN | ISTP.DISPLAY_TYPE.Unknown:
  processing_date: processing_date DISPLAY_TYPE = 'string' is not in list of known display types. Will attempt to infer using DISPLAY_TYPE.strip().lower().
STB_L2_PLA_ALPHA_RA_1DMAX_1HR | ISTP.DISPLAY_TYPE.Unknown:
  processing_date: processing_date DISPLAY_TYPE = 'string' is not in list of known display types. Will attempt to infer using DISPLAY_TYPE.strip().lower().
STB_L2_PLA_IRON_Q_2HR | ISTP.DISPLAY_TYPE.Unknown:
  processing_date: processing_date DISPLAY_TYPE = 'string' is not in list of known display types. Will attempt to infer using DISPLAY_TYPE.strip().lower().
SX_K0_POF | ISTP.DISPLAY_TYPE.Unknown:
  Polarcap_ID: Polarcap_ID DISPLAY_TYPE = 'time_series ' is not in list of known display types. Will attempt to infer using DISPLAY_TYPE.strip().lower().
THAPRED_OR_SSC | ISTP.DISPLAY_TYPE.Unknown:
  RADIUS: RADIUS DISPLAY_TYPE = 'TIME_SERIES' is not in list of known display types. Will attempt to infer using DISPLAY_TYPE.strip().lower().
  GSE_LAT: GSE_LAT DISPLAY_TYPE = 'TIME_SERIES' is not in list of known display types. Will attempt to infer using DISPLAY_TYPE.strip().lower().
  GSE_LON: GSE_LON DISPLAY_TYPE = 'TIME_SERIES' is not in list of known display types. Will attempt to infer using DISPLAY_TYPE.strip().lower().
  GSE_LCT_T: GSE_LCT_T DISPLAY_TYPE = 'TIME_SERIES' is not in list of known display types. Will attempt to infer using DISPLAY_TYPE.strip().lower().
  GSM_LAT: GSM_LAT DISPLAY_TYPE = 'TIME_SERIES' is not in list of known display types. Will attempt to infer using DISPLAY_TYPE.strip().lower().
  GSM_LON: GSM_LON DISPLAY_TYPE = 'TIME_SERIES' is not in list of known display types. Will attempt to infer using DISPLAY_TYPE.strip().lower().
  SM_LAT: SM_LAT DISPLAY_TYPE = 'TIME_SERIES' is not in list of known display types. Will attempt to infer using DISPLAY_TYPE.strip().lower().
  SM_LON: SM_LON DISPLAY_TYPE = 'TIME_SERIES' is not in list of known display types. Will attempt to infer using DISPLAY_TYPE.strip().lower().
  SM_LCT_T: SM_LCT_T DISPLAY_TYPE = 'TIME_SERIES' is not in list of known display types. Will attempt to infer using DISPLAY_TYPE.strip().lower().
  XYZ_GEO: XYZ_GEO DISPLAY_TYPE = 'TIME_SERIES' is not in list of known display types. Will attempt to infer using DISPLAY_TYPE.strip().lower().
  GEO_LAT: GEO_LAT DISPLAY_TYPE = 'TIME_SERIES' is not in list of known display types. Will attempt to infer using DISPLAY_TYPE.strip().lower().
  GEO_LON: GEO_LON DISPLAY_TYPE = 'TIME_SERIES' is not in list of known display types. Will attempt to infer using DISPLAY_TYPE.strip().lower().
  GEO_LCT_T: GEO_LCT_T DISPLAY_TYPE = 'TIME_SERIES' is not in list of known display types. Will attempt to infer using DISPLAY_TYPE.strip().lower().
  NorthBtrace_GEO_LAT: NorthBtrace_GEO_LAT DISPLAY_TYPE = 'TIME_SERIES' is not in list of known display types. Will attempt to infer using DISPLAY_TYPE.strip().lower().
  NorthBtrace_GEO_LON: NorthBtrace_GEO_LON DISPLAY_TYPE = 'TIME_SERIES' is not in list of known display types. Will attempt to infer using DISPLAY_TYPE.strip().lower().
  NorthBtrace_GEO_ARCLEN: NorthBtrace_GEO_ARCLEN DISPLAY_TYPE = 'TIME_SERIES' is not in list of known display types. Will attempt to infer using DISPLAY_TYPE.strip().lower().
  SouthBtrace_GEO_LAT: SouthBtrace_GEO_LAT DISPLAY_TYPE = 'TIME_SERIES' is not in list of known display types. Will attempt to infer using DISPLAY_TYPE.strip().lower().
  SouthBtrace_GEO_LON: SouthBtrace_GEO_LON DISPLAY_TYPE = 'TIME_SERIES' is not in list of known display types. Will attempt to infer using DISPLAY_TYPE.strip().lower().
  SouthBtrace_GEO_ARCLEN: SouthBtrace_GEO_ARCLEN DISPLAY_TYPE = 'TIME_SERIES' is not in list of known display types. Will attempt to infer using DISPLAY_TYPE.strip().lower().
  GM_LAT: GM_LAT DISPLAY_TYPE = 'TIME_SERIES' is not in list of known display types. Will attempt to infer using DISPLAY_TYPE.strip().lower().
  GM_LON: GM_LON DISPLAY_TYPE = 'TIME_SERIES' is not in list of known display types. Will attempt to infer using DISPLAY_TYPE.strip().lower().
  NorthBtrace_GM_LAT: NorthBtrace_GM_LAT DISPLAY_TYPE = 'TIME_SERIES' is not in list of known display types. Will attempt to infer using DISPLAY_TYPE.strip().lower().
  NorthBtrace_GM_LON: NorthBtrace_GM_LON DISPLAY_TYPE = 'TIME_SERIES' is not in list of known display types. Will attempt to infer using DISPLAY_TYPE.strip().lower().
  NorthBtrace_GM_ARCLEN: NorthBtrace_GM_ARCLEN DISPLAY_TYPE = 'TIME_SERIES' is not in list of known display types. Will attempt to infer using DISPLAY_TYPE.strip().lower().
  SouthBtrace_GM_LAT: SouthBtrace_GM_LAT DISPLAY_TYPE = 'TIME_SERIES' is not in list of known display types. Will attempt to infer using DISPLAY_TYPE.strip().lower().
  SouthBtrace_GM_LON: SouthBtrace_GM_LON DISPLAY_TYPE = 'TIME_SERIES' is not in list of known display types. Will attempt to infer using DISPLAY_TYPE.strip().lower().
  SouthBtrace_GM_ARCLEN: SouthBtrace_GM_ARCLEN DISPLAY_TYPE = 'TIME_SERIES' is not in list of known display types. Will attempt to infer using DISPLAY_TYPE.strip().lower().
  MAG_STRTH: MAG_STRTH DISPLAY_TYPE = 'TIME_SERIES' is not in list of known display types. Will attempt to infer using DISPLAY_TYPE.strip().lower().
  DNEUTS: DNEUTS DISPLAY_TYPE = 'TIME_SERIES' is not in list of known display types. Will attempt to infer using DISPLAY_TYPE.strip().lower().
  BOW_SHOCK: BOW_SHOCK DISPLAY_TYPE = 'TIME_SERIES' is not in list of known display types. Will attempt to infer using DISPLAY_TYPE.strip().lower().
  MAG_PAUSE: MAG_PAUSE DISPLAY_TYPE = 'TIME_SERIES' is not in list of known display types. Will attempt to infer using DISPLAY_TYPE.strip().lower().
  L_VALUE: L_VALUE DISPLAY_TYPE = 'TIME_SERIES' is not in list of known display types. Will attempt to infer using DISPLAY_TYPE.strip().lower().
  INVAR_LAT: INVAR_LAT DISPLAY_TYPE = 'TIME_SERIES' is not in list of known display types. Will attempt to infer using DISPLAY_TYPE.strip().lower().
  MAG_Y: MAG_Y DISPLAY_TYPE = 'TIME_SERIES' is not in list of known display types. Will attempt to infer using DISPLAY_TYPE.strip().lower().
  MAG_Z: MAG_Z DISPLAY_TYPE = 'TIME_SERIES' is not in list of known display types. Will attempt to infer using DISPLAY_TYPE.strip().lower().
  cartesian: cartesian DISPLAY_TYPE = 'TIME_SERIES' is not in list of known display types. Will attempt to infer using DISPLAY_TYPE.strip().lower().
  xyz_lbl: xyz_lbl DISPLAY_TYPE = 'TIME_SERIES' is not in list of known display types. Will attempt to infer using DISPLAY_TYPE.strip().lower().
THA_L2_FFT | ISTP.DISPLAY_TYPE.Unknown:
  tha_fff_16_dbpara: tha_fff_16_dbpara DISPLAY_TYPE = 'Spectrogram' is not in list of known display types. Will attempt to infer using DISPLAY_TYPE.strip().lower().
  tha_fff_16_dbperp: tha_fff_16_dbperp DISPLAY_TYPE = 'Spectrogram' is not in list of known display types. Will attempt to infer using DISPLAY_TYPE.strip().lower().
  tha_fff_16_eac12: tha_fff_16_eac12 DISPLAY_TYPE = 'Spectrogram' is not in list of known display types. Will attempt to infer using DISPLAY_TYPE.strip().lower().
  tha_fff_16_eac34: tha_fff_16_eac34 DISPLAY_TYPE = 'Spectrogram' is not in list of known display types. Will attempt to infer using DISPLAY_TYPE.strip().lower().
  tha_fff_16_eac56: tha_fff_16_eac56 DISPLAY_TYPE = 'Spectrogram' is not in list of known display types. Will attempt to infer using DISPLAY_TYPE.strip().lower().
  tha_fff_16_edc12: tha_fff_16_edc12 DISPLAY_TYPE = 'Spectrogram' is not in list of known display types. Will attempt to infer using DISPLAY_TYPE.strip().lower().
  tha_fff_16_edc34: tha_fff_16_edc34 DISPLAY_TYPE = 'Spectrogram' is not in list of known display types. Will attempt to infer using DISPLAY_TYPE.strip().lower().
  tha_fff_16_edc56: tha_fff_16_edc56 DISPLAY_TYPE = 'Spectrogram' is not in list of known display types. Will attempt to infer using DISPLAY_TYPE.strip().lower().
  tha_fff_16_epara: tha_fff_16_epara DISPLAY_TYPE = 'Spectrogram' is not in list of known display types. Will attempt to infer using DISPLAY_TYPE.strip().lower().
  tha_fff_16_eperp: tha_fff_16_eperp DISPLAY_TYPE = 'Spectrogram' is not in list of known display types. Will attempt to infer using DISPLAY_TYPE.strip().lower().
  tha_fff_16_scm1: tha_fff_16_scm1 DISPLAY_TYPE = 'Spectrogram' is not in list of known display types. Will attempt to infer using DISPLAY_TYPE.strip().lower().
  tha_fff_16_scm2: tha_fff_16_scm2 DISPLAY_TYPE = 'Spectrogram' is not in list of known display types. Will attempt to infer using DISPLAY_TYPE.strip().lower().
  tha_fff_16_scm3: tha_fff_16_scm3 DISPLAY_TYPE = 'Spectrogram' is not in list of known display types. Will attempt to infer using DISPLAY_TYPE.strip().lower().
  tha_fff_16_v1: tha_fff_16_v1 DISPLAY_TYPE = 'Spectrogram' is not in list of known display types. Will attempt to infer using DISPLAY_TYPE.strip().lower().
  tha_fff_16_v2: tha_fff_16_v2 DISPLAY_TYPE = 'Spectrogram' is not in list of known display types. Will attempt to infer using DISPLAY_TYPE.strip().lower().
  tha_fff_16_v3: tha_fff_16_v3 DISPLAY_TYPE = 'Spectrogram' is not in list of known display types. Will attempt to infer using DISPLAY_TYPE.strip().lower().
  tha_fff_16_v4: tha_fff_16_v4 DISPLAY_TYPE = 'Spectrogram' is not in list of known display types. Will attempt to infer using DISPLAY_TYPE.strip().lower().
  tha_fff_16_v5: tha_fff_16_v5 DISPLAY_TYPE = 'Spectrogram' is not in list of known display types. Will attempt to infer using DISPLAY_TYPE.strip().lower().
  tha_fff_16_v6: tha_fff_16_v6 DISPLAY_TYPE = 'Spectrogram' is not in list of known display types. Will attempt to infer using DISPLAY_TYPE.strip().lower().
  tha_fff_32_dbpara: tha_fff_32_dbpara DISPLAY_TYPE = 'Spectrogram' is not in list of known display types. Will attempt to infer using DISPLAY_TYPE.strip().lower().
  tha_fff_32_dbperp: tha_fff_32_dbperp DISPLAY_TYPE = 'Spectrogram' is not in list of known display types. Will attempt to infer using DISPLAY_TYPE.strip().lower().
  tha_fff_32_eac12: tha_fff_32_eac12 DISPLAY_TYPE = 'Spectrogram' is not in list of known display types. Will attempt to infer using DISPLAY_TYPE.strip().lower().
  tha_fff_32_eac34: tha_fff_32_eac34 DISPLAY_TYPE = 'Spectrogram' is not in list of known display types. Will attempt to infer using DISPLAY_TYPE.strip().lower().
  tha_fff_32_eac56: tha_fff_32_eac56 DISPLAY_TYPE = 'Spectrogram' is not in list of known display types. Will attempt to infer using DISPLAY_TYPE.strip().lower().
  tha_fff_32_edc12: tha_fff_32_edc12 DISPLAY_TYPE = 'Spectrogram' is not in list of known display types. Will attempt to infer using DISPLAY_TYPE.strip().lower().
  tha_fff_32_edc34: tha_fff_32_edc34 DISPLAY_TYPE = 'Spectrogram' is not in list of known display types. Will attempt to infer using DISPLAY_TYPE.strip().lower().
  tha_fff_32_edc56: tha_fff_32_edc56 DISPLAY_TYPE = 'Spectrogram' is not in list of known display types. Will attempt to infer using DISPLAY_TYPE.strip().lower().
  tha_fff_32_epara: tha_fff_32_epara DISPLAY_TYPE = 'Spectrogram' is not in list of known display types. Will attempt to infer using DISPLAY_TYPE.strip().lower().
  tha_fff_32_eperp: tha_fff_32_eperp DISPLAY_TYPE = 'Spectrogram' is not in list of known display types. Will attempt to infer using DISPLAY_TYPE.strip().lower().
  tha_fff_32_scm1: tha_fff_32_scm1 DISPLAY_TYPE = 'Spectrogram' is not in list of known display types. Will attempt to infer using DISPLAY_TYPE.strip().lower().
  tha_fff_32_scm2: tha_fff_32_scm2 DISPLAY_TYPE = 'Spectrogram' is not in list of known display types. Will attempt to infer using DISPLAY_TYPE.strip().lower().
  tha_fff_32_scm3: tha_fff_32_scm3 DISPLAY_TYPE = 'Spectrogram' is not in list of known display types. Will attempt to infer using DISPLAY_TYPE.strip().lower().
  tha_fff_32_v1: tha_fff_32_v1 DISPLAY_TYPE = 'Spectrogram' is not in list of known display types. Will attempt to infer using DISPLAY_TYPE.strip().lower().
  tha_fff_32_v2: tha_fff_32_v2 DISPLAY_TYPE = 'Spectrogram' is not in list of known display types. Will attempt to infer using DISPLAY_TYPE.strip().lower().
  tha_fff_32_v3: tha_fff_32_v3 DISPLAY_TYPE = 'Spectrogram' is not in list of known display types. Will attempt to infer using DISPLAY_TYPE.strip().lower().
  tha_fff_32_v4: tha_fff_32_v4 DISPLAY_TYPE = 'Spectrogram' is not in list of known display types. Will attempt to infer using DISPLAY_TYPE.strip().lower().
  tha_fff_32_v5: tha_fff_32_v5 DISPLAY_TYPE = 'Spectrogram' is not in list of known display types. Will attempt to infer using DISPLAY_TYPE.strip().lower().
  tha_fff_32_v6: tha_fff_32_v6 DISPLAY_TYPE = 'Spectrogram' is not in list of known display types. Will attempt to infer using DISPLAY_TYPE.strip().lower().
  tha_fff_64_dbpara: tha_fff_64_dbpara DISPLAY_TYPE = 'Spectrogram' is not in list of known display types. Will attempt to infer using DISPLAY_TYPE.strip().lower().
  tha_fff_64_dbperp: tha_fff_64_dbperp DISPLAY_TYPE = 'Spectrogram' is not in list of known display types. Will attempt to infer using DISPLAY_TYPE.strip().lower().
  tha_fff_64_eac12: tha_fff_64_eac12 DISPLAY_TYPE = 'Spectrogram' is not in list of known display types. Will attempt to infer using DISPLAY_TYPE.strip().lower().
  tha_fff_64_eac34: tha_fff_64_eac34 DISPLAY_TYPE = 'Spectrogram' is not in list of known display types. Will attempt to infer using DISPLAY_TYPE.strip().lower().
  tha_fff_64_eac56: tha_fff_64_eac56 DISPLAY_TYPE = 'Spectrogram' is not in list of known display types. Will attempt to infer using DISPLAY_TYPE.strip().lower().
  tha_fff_64_edc12: tha_fff_64_edc12 DISPLAY_TYPE = 'Spectrogram' is not in list of known display types. Will attempt to infer using DISPLAY_TYPE.strip().lower().
  tha_fff_64_edc34: tha_fff_64_edc34 DISPLAY_TYPE = 'Spectrogram' is not in list of known display types. Will attempt to infer using DISPLAY_TYPE.strip().lower().
  tha_fff_64_edc56: tha_fff_64_edc56 DISPLAY_TYPE = 'Spectrogram' is not in list of known display types. Will attempt to infer using DISPLAY_TYPE.strip().lower().
  tha_fff_64_epara: tha_fff_64_epara DISPLAY_TYPE = 'Spectrogram' is not in list of known display types. Will attempt to infer using DISPLAY_TYPE.strip().lower().
  tha_fff_64_eperp: tha_fff_64_eperp DISPLAY_TYPE = 'Spectrogram' is not in list of known display types. Will attempt to infer using DISPLAY_TYPE.strip().lower().
  tha_fff_64_scm1: tha_fff_64_scm1 DISPLAY_TYPE = 'Spectrogram' is not in list of known display types. Will attempt to infer using DISPLAY_TYPE.strip().lower().
  tha_fff_64_scm2: tha_fff_64_scm2 DISPLAY_TYPE = 'Spectrogram' is not in list of known display types. Will attempt to infer using DISPLAY_TYPE.strip().lower().
  tha_fff_64_scm3: tha_fff_64_scm3 DISPLAY_TYPE = 'Spectrogram' is not in list of known display types. Will attempt to infer using DISPLAY_TYPE.strip().lower().
  tha_fff_64_v1: tha_fff_64_v1 DISPLAY_TYPE = 'Spectrogram' is not in list of known display types. Will attempt to infer using DISPLAY_TYPE.strip().lower().
  tha_fff_64_v2: tha_fff_64_v2 DISPLAY_TYPE = 'Spectrogram' is not in list of known display types. Will attempt to infer using DISPLAY_TYPE.strip().lower().
  tha_fff_64_v3: tha_fff_64_v3 DISPLAY_TYPE = 'Spectrogram' is not in list of known display types. Will attempt to infer using DISPLAY_TYPE.strip().lower().
  tha_fff_64_v4: tha_fff_64_v4 DISPLAY_TYPE = 'Spectrogram' is not in list of known display types. Will attempt to infer using DISPLAY_TYPE.strip().lower().
  tha_fff_64_v5: tha_fff_64_v5 DISPLAY_TYPE = 'Spectrogram' is not in list of known display types. Will attempt to infer using DISPLAY_TYPE.strip().lower().
  tha_fff_64_v6: tha_fff_64_v6 DISPLAY_TYPE = 'Spectrogram' is not in list of known display types. Will attempt to infer using DISPLAY_TYPE.strip().lower().
  tha_ffp_16_dbpara: tha_ffp_16_dbpara DISPLAY_TYPE = 'Spectrogram' is not in list of known display types. Will attempt to infer using DISPLAY_TYPE.strip().lower().
  tha_ffp_16_dbperp: tha_ffp_16_dbperp DISPLAY_TYPE = 'Spectrogram' is not in list of known display types. Will attempt to infer using DISPLAY_TYPE.strip().lower().
  tha_ffp_16_eac12: tha_ffp_16_eac12 DISPLAY_TYPE = 'Spectrogram' is not in list of known display types. Will attempt to infer using DISPLAY_TYPE.strip().lower().
  tha_ffp_16_eac34: tha_ffp_16_eac34 DISPLAY_TYPE = 'Spectrogram' is not in list of known display types. Will attempt to infer using DISPLAY_TYPE.strip().lower().
  tha_ffp_16_eac56: tha_ffp_16_eac56 DISPLAY_TYPE = 'Spectrogram' is not in list of known display types. Will attempt to infer using DISPLAY_TYPE.strip().lower().
  tha_ffp_16_edc12: tha_ffp_16_edc12 DISPLAY_TYPE = 'Spectrogram' is not in list of known display types. Will attempt to infer using DISPLAY_TYPE.strip().lower().
  tha_ffp_16_edc34: tha_ffp_16_edc34 DISPLAY_TYPE = 'Spectrogram' is not in list of known display types. Will attempt to infer using DISPLAY_TYPE.strip().lower().
  tha_ffp_16_edc56: tha_ffp_16_edc56 DISPLAY_TYPE = 'Spectrogram' is not in list of known display types. Will attempt to infer using DISPLAY_TYPE.strip().lower().
  tha_ffp_16_epara: tha_ffp_16_epara DISPLAY_TYPE = 'Spectrogram' is not in list of known display types. Will attempt to infer using DISPLAY_TYPE.strip().lower().
  tha_ffp_16_eperp: tha_ffp_16_eperp DISPLAY_TYPE = 'Spectrogram' is not in list of known display types. Will attempt to infer using DISPLAY_TYPE.strip().lower().
  tha_ffp_16_scm1: tha_ffp_16_scm1 DISPLAY_TYPE = 'Spectrogram' is not in list of known display types. Will attempt to infer using DISPLAY_TYPE.strip().lower().
  tha_ffp_16_scm2: tha_ffp_16_scm2 DISPLAY_TYPE = 'Spectrogram' is not in list of known display types. Will attempt to infer using DISPLAY_TYPE.strip().lower().
  tha_ffp_16_scm3: tha_ffp_16_scm3 DISPLAY_TYPE = 'Spectrogram' is not in list of known display types. Will attempt to infer using DISPLAY_TYPE.strip().lower().
  tha_ffp_16_v1: tha_ffp_16_v1 DISPLAY_TYPE = 'Spectrogram' is not in list of known display types. Will attempt to infer using DISPLAY_TYPE.strip().lower().
  tha_ffp_16_v2: tha_ffp_16_v2 DISPLAY_TYPE = 'Spectrogram' is not in list of known display types. Will attempt to infer using DISPLAY_TYPE.strip().lower().
  tha_ffp_16_v3: tha_ffp_16_v3 DISPLAY_TYPE = 'Spectrogram' is not in list of known display types. Will attempt to infer using DISPLAY_TYPE.strip().lower().
  tha_ffp_16_v4: tha_ffp_16_v4 DISPLAY_TYPE = 'Spectrogram' is not in list of known display types. Will attempt to infer using DISPLAY_TYPE.strip().lower().
  tha_ffp_16_v5: tha_ffp_16_v5 DISPLAY_TYPE = 'Spectrogram' is not in list of known display types. Will attempt to infer using DISPLAY_TYPE.strip().lower().
  tha_ffp_16_v6: tha_ffp_16_v6 DISPLAY_TYPE = 'Spectrogram' is not in list of known display types. Will attempt to infer using DISPLAY_TYPE.strip().lower().
  tha_ffp_32_dbpara: tha_ffp_32_dbpara DISPLAY_TYPE = 'Spectrogram' is not in list of known display types. Will attempt to infer using DISPLAY_TYPE.strip().lower().
  tha_ffp_32_dbperp: tha_ffp_32_dbperp DISPLAY_TYPE = 'Spectrogram' is not in list of known display types. Will attempt to infer using DISPLAY_TYPE.strip().lower().
  tha_ffp_32_eac12: tha_ffp_32_eac12 DISPLAY_TYPE = 'Spectrogram' is not in list of known display types. Will attempt to infer using DISPLAY_TYPE.strip().lower().
  tha_ffp_32_eac34: tha_ffp_32_eac34 DISPLAY_TYPE = 'Spectrogram' is not in list of known display types. Will attempt to infer using DISPLAY_TYPE.strip().lower().
  tha_ffp_32_eac56: tha_ffp_32_eac56 DISPLAY_TYPE = 'Spectrogram' is not in list of known display types. Will attempt to infer using DISPLAY_TYPE.strip().lower().
  tha_ffp_32_edc12: tha_ffp_32_edc12 DISPLAY_TYPE = 'Spectrogram' is not in list of known display types. Will attempt to infer using DISPLAY_TYPE.strip().lower().
  tha_ffp_32_edc34: tha_ffp_32_edc34 DISPLAY_TYPE = 'Spectrogram' is not in list of known display types. Will attempt to infer using DISPLAY_TYPE.strip().lower().
  tha_ffp_32_edc56: tha_ffp_32_edc56 DISPLAY_TYPE = 'Spectrogram' is not in list of known display types. Will attempt to infer using DISPLAY_TYPE.strip().lower().
  tha_ffp_32_epara: tha_ffp_32_epara DISPLAY_TYPE = 'Spectrogram' is not in list of known display types. Will attempt to infer using DISPLAY_TYPE.strip().lower().
  tha_ffp_32_eperp: tha_ffp_32_eperp DISPLAY_TYPE = 'Spectrogram' is not in list of known display types. Will attempt to infer using DISPLAY_TYPE.strip().lower().
  tha_ffp_32_scm1: tha_ffp_32_scm1 DISPLAY_TYPE = 'Spectrogram' is not in list of known display types. Will attempt to infer using DISPLAY_TYPE.strip().lower().
  tha_ffp_32_scm2: tha_ffp_32_scm2 DISPLAY_TYPE = 'Spectrogram' is not in list of known display types. Will attempt to infer using DISPLAY_TYPE.strip().lower().
  tha_ffp_32_scm3: tha_ffp_32_scm3 DISPLAY_TYPE = 'Spectrogram' is not in list of known display types. Will attempt to infer using DISPLAY_TYPE.strip().lower().
  tha_ffp_32_v1: tha_ffp_32_v1 DISPLAY_TYPE = 'Spectrogram' is not in list of known display types. Will attempt to infer using DISPLAY_TYPE.strip().lower().
  tha_ffp_32_v2: tha_ffp_32_v2 DISPLAY_TYPE = 'Spectrogram' is not in list of known display types. Will attempt to infer using DISPLAY_TYPE.strip().lower().
  tha_ffp_32_v3: tha_ffp_32_v3 DISPLAY_TYPE = 'Spectrogram' is not in list of known display types. Will attempt to infer using DISPLAY_TYPE.strip().lower().
  tha_ffp_32_v4: tha_ffp_32_v4 DISPLAY_TYPE = 'Spectrogram' is not in list of known display types. Will attempt to infer using DISPLAY_TYPE.strip().lower().
  tha_ffp_32_v5: tha_ffp_32_v5 DISPLAY_TYPE = 'Spectrogram' is not in list of known display types. Will attempt to infer using DISPLAY_TYPE.strip().lower().
  tha_ffp_32_v6: tha_ffp_32_v6 DISPLAY_TYPE = 'Spectrogram' is not in list of known display types. Will attempt to infer using DISPLAY_TYPE.strip().lower().
  tha_ffp_64_dbpara: tha_ffp_64_dbpara DISPLAY_TYPE = 'Spectrogram' is not in list of known display types. Will attempt to infer using DISPLAY_TYPE.strip().lower().
  tha_ffp_64_dbperp: tha_ffp_64_dbperp DISPLAY_TYPE = 'Spectrogram' is not in list of known display types. Will attempt to infer using DISPLAY_TYPE.strip().lower().
  tha_ffp_64_eac12: tha_ffp_64_eac12 DISPLAY_TYPE = 'Spectrogram' is not in list of known display types. Will attempt to infer using DISPLAY_TYPE.strip().lower().
  tha_ffp_64_eac34: tha_ffp_64_eac34 DISPLAY_TYPE = 'Spectrogram' is not in list of known display types. Will attempt to infer using DISPLAY_TYPE.strip().lower().
  tha_ffp_64_eac56: tha_ffp_64_eac56 DISPLAY_TYPE = 'Spectrogram' is not in list of known display types. Will attempt to infer using DISPLAY_TYPE.strip().lower().
  tha_ffp_64_edc12: tha_ffp_64_edc12 DISPLAY_TYPE = 'Spectrogram' is not in list of known display types. Will attempt to infer using DISPLAY_TYPE.strip().lower().
  tha_ffp_64_edc34: tha_ffp_64_edc34 DISPLAY_TYPE = 'Spectrogram' is not in list of known display types. Will attempt to infer using DISPLAY_TYPE.strip().lower().
  tha_ffp_64_edc56: tha_ffp_64_edc56 DISPLAY_TYPE = 'Spectrogram' is not in list of known display types. Will attempt to infer using DISPLAY_TYPE.strip().lower().
  tha_ffp_64_epara: tha_ffp_64_epara DISPLAY_TYPE = 'Spectrogram' is not in list of known display types. Will attempt to infer using DISPLAY_TYPE.strip().lower().
  tha_ffp_64_eperp: tha_ffp_64_eperp DISPLAY_TYPE = 'Spectrogram' is not in list of known display types. Will attempt to infer using DISPLAY_TYPE.strip().lower().
  tha_ffp_64_scm1: tha_ffp_64_scm1 DISPLAY_TYPE = 'Spectrogram' is not in list of known display types. Will attempt to infer using DISPLAY_TYPE.strip().lower().
  tha_ffp_64_scm2: tha_ffp_64_scm2 DISPLAY_TYPE = 'Spectrogram' is not in list of known display types. Will attempt to infer using DISPLAY_TYPE.strip().lower().
  tha_ffp_64_scm3: tha_ffp_64_scm3 DISPLAY_TYPE = 'Spectrogram' is not in list of known display types. Will attempt to infer using DISPLAY_TYPE.strip().lower().
  tha_ffp_64_v1: tha_ffp_64_v1 DISPLAY_TYPE = 'Spectrogram' is not in list of known display types. Will attempt to infer using DISPLAY_TYPE.strip().lower().
  tha_ffp_64_v2: tha_ffp_64_v2 DISPLAY_TYPE = 'Spectrogram' is not in list of known display types. Will attempt to infer using DISPLAY_TYPE.strip().lower().
  tha_ffp_64_v3: tha_ffp_64_v3 DISPLAY_TYPE = 'Spectrogram' is not in list of known display types. Will attempt to infer using DISPLAY_TYPE.strip().lower().
  tha_ffp_64_v4: tha_ffp_64_v4 DISPLAY_TYPE = 'Spectrogram' is not in list of known display types. Will attempt to infer using DISPLAY_TYPE.strip().lower().
  tha_ffp_64_v5: tha_ffp_64_v5 DISPLAY_TYPE = 'Spectrogram' is not in list of known display types. Will attempt to infer using DISPLAY_TYPE.strip().lower().
  tha_ffp_64_v6: tha_ffp_64_v6 DISPLAY_TYPE = 'Spectrogram' is not in list of known display types. Will attempt to infer using DISPLAY_TYPE.strip().lower().
  tha_ffw_16_dbpara: tha_ffw_16_dbpara DISPLAY_TYPE = 'Spectrogram' is not in list of known display types. Will attempt to infer using DISPLAY_TYPE.strip().lower().
  tha_ffw_16_dbperp: tha_ffw_16_dbperp DISPLAY_TYPE = 'Spectrogram' is not in list of known display types. Will attempt to infer using DISPLAY_TYPE.strip().lower().
  tha_ffw_16_eac12: tha_ffw_16_eac12 DISPLAY_TYPE = 'Spectrogram' is not in list of known display types. Will attempt to infer using DISPLAY_TYPE.strip().lower().
  tha_ffw_16_eac34: tha_ffw_16_eac34 DISPLAY_TYPE = 'Spectrogram' is not in list of known display types. Will attempt to infer using DISPLAY_TYPE.strip().lower().
  tha_ffw_16_eac56: tha_ffw_16_eac56 DISPLAY_TYPE = 'Spectrogram' is not in list of known display types. Will attempt to infer using DISPLAY_TYPE.strip().lower().
  tha_ffw_16_edc12: tha_ffw_16_edc12 DISPLAY_TYPE = 'Spectrogram' is not in list of known display types. Will attempt to infer using DISPLAY_TYPE.strip().lower().
  tha_ffw_16_edc34: tha_ffw_16_edc34 DISPLAY_TYPE = 'Spectrogram' is not in list of known display types. Will attempt to infer using DISPLAY_TYPE.strip().lower().
  tha_ffw_16_edc56: tha_ffw_16_edc56 DISPLAY_TYPE = 'Spectrogram' is not in list of known display types. Will attempt to infer using DISPLAY_TYPE.strip().lower().
  tha_ffw_16_epara: tha_ffw_16_epara DISPLAY_TYPE = 'Spectrogram' is not in list of known display types. Will attempt to infer using DISPLAY_TYPE.strip().lower().
  tha_ffw_16_eperp: tha_ffw_16_eperp DISPLAY_TYPE = 'Spectrogram' is not in list of known display types. Will attempt to infer using DISPLAY_TYPE.strip().lower().
  tha_ffw_16_scm1: tha_ffw_16_scm1 DISPLAY_TYPE = 'Spectrogram' is not in list of known display types. Will attempt to infer using DISPLAY_TYPE.strip().lower().
  tha_ffw_16_scm2: tha_ffw_16_scm2 DISPLAY_TYPE = 'Spectrogram' is not in list of known display types. Will attempt to infer using DISPLAY_TYPE.strip().lower().
  tha_ffw_16_scm3: tha_ffw_16_scm3 DISPLAY_TYPE = 'Spectrogram' is not in list of known display types. Will attempt to infer using DISPLAY_TYPE.strip().lower().
  tha_ffw_16_v1: tha_ffw_16_v1 DISPLAY_TYPE = 'Spectrogram' is not in list of known display types. Will attempt to infer using DISPLAY_TYPE.strip().lower().
  tha_ffw_16_v2: tha_ffw_16_v2 DISPLAY_TYPE = 'Spectrogram' is not in list of known display types. Will attempt to infer using DISPLAY_TYPE.strip().lower().
  tha_ffw_16_v3: tha_ffw_16_v3 DISPLAY_TYPE = 'Spectrogram' is not in list of known display types. Will attempt to infer using DISPLAY_TYPE.strip().lower().
  tha_ffw_16_v4: tha_ffw_16_v4 DISPLAY_TYPE = 'Spectrogram' is not in list of known display types. Will attempt to infer using DISPLAY_TYPE.strip().lower().
  tha_ffw_16_v5: tha_ffw_16_v5 DISPLAY_TYPE = 'Spectrogram' is not in list of known display types. Will attempt to infer using DISPLAY_TYPE.strip().lower().
  tha_ffw_16_v6: tha_ffw_16_v6 DISPLAY_TYPE = 'Spectrogram' is not in list of known display types. Will attempt to infer using DISPLAY_TYPE.strip().lower().
  tha_ffw_32_dbpara: tha_ffw_32_dbpara DISPLAY_TYPE = 'Spectrogram' is not in list of known display types. Will attempt to infer using DISPLAY_TYPE.strip().lower().
  tha_ffw_32_dbperp: tha_ffw_32_dbperp DISPLAY_TYPE = 'Spectrogram' is not in list of known display types. Will attempt to infer using DISPLAY_TYPE.strip().lower().
  tha_ffw_32_eac12: tha_ffw_32_eac12 DISPLAY_TYPE = 'Spectrogram' is not in list of known display types. Will attempt to infer using DISPLAY_TYPE.strip().lower().
  tha_ffw_32_eac34: tha_ffw_32_eac34 DISPLAY_TYPE = 'Spectrogram' is not in list of known display types. Will attempt to infer using DISPLAY_TYPE.strip().lower().
  tha_ffw_32_eac56: tha_ffw_32_eac56 DISPLAY_TYPE = 'Spectrogram' is not in list of known display types. Will attempt to infer using DISPLAY_TYPE.strip().lower().
  tha_ffw_32_edc12: tha_ffw_32_edc12 DISPLAY_TYPE = 'Spectrogram' is not in list of known display types. Will attempt to infer using DISPLAY_TYPE.strip().lower().
  tha_ffw_32_edc34: tha_ffw_32_edc34 DISPLAY_TYPE = 'Spectrogram' is not in list of known display types. Will attempt to infer using DISPLAY_TYPE.strip().lower().
  tha_ffw_32_edc56: tha_ffw_32_edc56 DISPLAY_TYPE = 'Spectrogram' is not in list of known display types. Will attempt to infer using DISPLAY_TYPE.strip().lower().
  tha_ffw_32_epara: tha_ffw_32_epara DISPLAY_TYPE = 'Spectrogram' is not in list of known display types. Will attempt to infer using DISPLAY_TYPE.strip().lower().
  tha_ffw_32_eperp: tha_ffw_32_eperp DISPLAY_TYPE = 'Spectrogram' is not in list of known display types. Will attempt to infer using DISPLAY_TYPE.strip().lower().
  tha_ffw_32_scm1: tha_ffw_32_scm1 DISPLAY_TYPE = 'Spectrogram' is not in list of known display types. Will attempt to infer using DISPLAY_TYPE.strip().lower().
  tha_ffw_32_scm2: tha_ffw_32_scm2 DISPLAY_TYPE = 'Spectrogram' is not in list of known display types. Will attempt to infer using DISPLAY_TYPE.strip().lower().
  tha_ffw_32_scm3: tha_ffw_32_scm3 DISPLAY_TYPE = 'Spectrogram' is not in list of known display types. Will attempt to infer using DISPLAY_TYPE.strip().lower().
  tha_ffw_32_v1: tha_ffw_32_v1 DISPLAY_TYPE = 'Spectrogram' is not in list of known display types. Will attempt to infer using DISPLAY_TYPE.strip().lower().
  tha_ffw_32_v2: tha_ffw_32_v2 DISPLAY_TYPE = 'Spectrogram' is not in list of known display types. Will attempt to infer using DISPLAY_TYPE.strip().lower().
  tha_ffw_32_v3: tha_ffw_32_v3 DISPLAY_TYPE = 'Spectrogram' is not in list of known display types. Will attempt to infer using DISPLAY_TYPE.strip().lower().
  tha_ffw_32_v4: tha_ffw_32_v4 DISPLAY_TYPE = 'Spectrogram' is not in list of known display types. Will attempt to infer using DISPLAY_TYPE.strip().lower().
  tha_ffw_32_v5: tha_ffw_32_v5 DISPLAY_TYPE = 'Spectrogram' is not in list of known display types. Will attempt to infer using DISPLAY_TYPE.strip().lower().
  tha_ffw_32_v6: tha_ffw_32_v6 DISPLAY_TYPE = 'Spectrogram' is not in list of known display types. Will attempt to infer using DISPLAY_TYPE.strip().lower().
  tha_ffw_64_dbpara: tha_ffw_64_dbpara DISPLAY_TYPE = 'Spectrogram' is not in list of known display types. Will attempt to infer using DISPLAY_TYPE.strip().lower().
  tha_ffw_64_dbperp: tha_ffw_64_dbperp DISPLAY_TYPE = 'Spectrogram' is not in list of known display types. Will attempt to infer using DISPLAY_TYPE.strip().lower().
  tha_ffw_64_eac12: tha_ffw_64_eac12 DISPLAY_TYPE = 'Spectrogram' is not in list of known display types. Will attempt to infer using DISPLAY_TYPE.strip().lower().
  tha_ffw_64_eac34: tha_ffw_64_eac34 DISPLAY_TYPE = 'Spectrogram' is not in list of known display types. Will attempt to infer using DISPLAY_TYPE.strip().lower().
  tha_ffw_64_eac56: tha_ffw_64_eac56 DISPLAY_TYPE = 'Spectrogram' is not in list of known display types. Will attempt to infer using DISPLAY_TYPE.strip().lower().
  tha_ffw_64_edc12: tha_ffw_64_edc12 DISPLAY_TYPE = 'Spectrogram' is not in list of known display types. Will attempt to infer using DISPLAY_TYPE.strip().lower().
  tha_ffw_64_edc34: tha_ffw_64_edc34 DISPLAY_TYPE = 'Spectrogram' is not in list of known display types. Will attempt to infer using DISPLAY_TYPE.strip().lower().
  tha_ffw_64_edc56: tha_ffw_64_edc56 DISPLAY_TYPE = 'Spectrogram' is not in list of known display types. Will attempt to infer using DISPLAY_TYPE.strip().lower().
  tha_ffw_64_epara: tha_ffw_64_epara DISPLAY_TYPE = 'Spectrogram' is not in list of known display types. Will attempt to infer using DISPLAY_TYPE.strip().lower().
  tha_ffw_64_eperp: tha_ffw_64_eperp DISPLAY_TYPE = 'Spectrogram' is not in list of known display types. Will attempt to infer using DISPLAY_TYPE.strip().lower().
  tha_ffw_64_scm1: tha_ffw_64_scm1 DISPLAY_TYPE = 'Spectrogram' is not in list of known display types. Will attempt to infer using DISPLAY_TYPE.strip().lower().
  tha_ffw_64_scm2: tha_ffw_64_scm2 DISPLAY_TYPE = 'Spectrogram' is not in list of known display types. Will attempt to infer using DISPLAY_TYPE.strip().lower().
  tha_ffw_64_scm3: tha_ffw_64_scm3 DISPLAY_TYPE = 'Spectrogram' is not in list of known display types. Will attempt to infer using DISPLAY_TYPE.strip().lower().
  tha_ffw_64_v1: tha_ffw_64_v1 DISPLAY_TYPE = 'Spectrogram' is not in list of known display types. Will attempt to infer using DISPLAY_TYPE.strip().lower().
  tha_ffw_64_v2: tha_ffw_64_v2 DISPLAY_TYPE = 'Spectrogram' is not in list of known display types. Will attempt to infer using DISPLAY_TYPE.strip().lower().
  tha_ffw_64_v3: tha_ffw_64_v3 DISPLAY_TYPE = 'Spectrogram' is not in list of known display types. Will attempt to infer using DISPLAY_TYPE.strip().lower().
  tha_ffw_64_v4: tha_ffw_64_v4 DISPLAY_TYPE = 'Spectrogram' is not in list of known display types. Will attempt to infer using DISPLAY_TYPE.strip().lower().
  tha_ffw_64_v5: tha_ffw_64_v5 DISPLAY_TYPE = 'Spectrogram' is not in list of known display types. Will attempt to infer using DISPLAY_TYPE.strip().lower().
  tha_ffw_64_v6: tha_ffw_64_v6 DISPLAY_TYPE = 'Spectrogram' is not in list of known display types. Will attempt to infer using DISPLAY_TYPE.strip().lower().
THA_OR_SSC | ISTP.DISPLAY_TYPE.Unknown:
  RADIUS: RADIUS DISPLAY_TYPE = 'TIME_SERIES' is not in list of known display types. Will attempt to infer using DISPLAY_TYPE.strip().lower().
  GSE_LAT: GSE_LAT DISPLAY_TYPE = 'TIME_SERIES' is not in list of known display types. Will attempt to infer using DISPLAY_TYPE.strip().lower().
  GSE_LON: GSE_LON DISPLAY_TYPE = 'TIME_SERIES' is not in list of known display types. Will attempt to infer using DISPLAY_TYPE.strip().lower().
  GSE_LCT_T: GSE_LCT_T DISPLAY_TYPE = 'TIME_SERIES' is not in list of known display types. Will attempt to infer using DISPLAY_TYPE.strip().lower().
  GSM_LAT: GSM_LAT DISPLAY_TYPE = 'TIME_SERIES' is not in list of known display types. Will attempt to infer using DISPLAY_TYPE.strip().lower().
  GSM_LON: GSM_LON DISPLAY_TYPE = 'TIME_SERIES' is not in list of known display types. Will attempt to infer using DISPLAY_TYPE.strip().lower().
  SM_LAT: SM_LAT DISPLAY_TYPE = 'TIME_SERIES' is not in list of known display types. Will attempt to infer using DISPLAY_TYPE.strip().lower().
  SM_LON: SM_LON DISPLAY_TYPE = 'TIME_SERIES' is not in list of known display types. Will attempt to infer using DISPLAY_TYPE.strip().lower().
  SM_LCT_T: SM_LCT_T DISPLAY_TYPE = 'TIME_SERIES' is not in list of known display types. Will attempt to infer using DISPLAY_TYPE.strip().lower().
  XYZ_GEO: XYZ_GEO DISPLAY_TYPE = 'TIME_SERIES' is not in list of known display types. Will attempt to infer using DISPLAY_TYPE.strip().lower().
  GEO_LAT: GEO_LAT DISPLAY_TYPE = 'TIME_SERIES' is not in list of known display types. Will attempt to infer using DISPLAY_TYPE.strip().lower().
  GEO_LON: GEO_LON DISPLAY_TYPE = 'TIME_SERIES' is not in list of known display types. Will attempt to infer using DISPLAY_TYPE.strip().lower().
  GEO_LCT_T: GEO_LCT_T DISPLAY_TYPE = 'TIME_SERIES' is not in list of known display types. Will attempt to infer using DISPLAY_TYPE.strip().lower().
  NorthBtrace_GEO_LAT: NorthBtrace_GEO_LAT DISPLAY_TYPE = 'TIME_SERIES' is not in list of known display types. Will attempt to infer using DISPLAY_TYPE.strip().lower().
  NorthBtrace_GEO_LON: NorthBtrace_GEO_LON DISPLAY_TYPE = 'TIME_SERIES' is not in list of known display types. Will attempt to infer using DISPLAY_TYPE.strip().lower().
  NorthBtrace_GEO_ARCLEN: NorthBtrace_GEO_ARCLEN DISPLAY_TYPE = 'TIME_SERIES' is not in list of known display types. Will attempt to infer using DISPLAY_TYPE.strip().lower().
  SouthBtrace_GEO_LAT: SouthBtrace_GEO_LAT DISPLAY_TYPE = 'TIME_SERIES' is not in list of known display types. Will attempt to infer using DISPLAY_TYPE.strip().lower().
  SouthBtrace_GEO_LON: SouthBtrace_GEO_LON DISPLAY_TYPE = 'TIME_SERIES' is not in list of known display types. Will attempt to infer using DISPLAY_TYPE.strip().lower().
  SouthBtrace_GEO_ARCLEN: SouthBtrace_GEO_ARCLEN DISPLAY_TYPE = 'TIME_SERIES' is not in list of known display types. Will attempt to infer using DISPLAY_TYPE.strip().lower().
  GM_LAT: GM_LAT DISPLAY_TYPE = 'TIME_SERIES' is not in list of known display types. Will attempt to infer using DISPLAY_TYPE.strip().lower().
  GM_LON: GM_LON DISPLAY_TYPE = 'TIME_SERIES' is not in list of known display types. Will attempt to infer using DISPLAY_TYPE.strip().lower().
  NorthBtrace_GM_LAT: NorthBtrace_GM_LAT DISPLAY_TYPE = 'TIME_SERIES' is not in list of known display types. Will attempt to infer using DISPLAY_TYPE.strip().lower().
  NorthBtrace_GM_LON: NorthBtrace_GM_LON DISPLAY_TYPE = 'TIME_SERIES' is not in list of known display types. Will attempt to infer using DISPLAY_TYPE.strip().lower().
  NorthBtrace_GM_ARCLEN: NorthBtrace_GM_ARCLEN DISPLAY_TYPE = 'TIME_SERIES' is not in list of known display types. Will attempt to infer using DISPLAY_TYPE.strip().lower().
  SouthBtrace_GM_LAT: SouthBtrace_GM_LAT DISPLAY_TYPE = 'TIME_SERIES' is not in list of known display types. Will attempt to infer using DISPLAY_TYPE.strip().lower().
  SouthBtrace_GM_LON: SouthBtrace_GM_LON DISPLAY_TYPE = 'TIME_SERIES' is not in list of known display types. Will attempt to infer using DISPLAY_TYPE.strip().lower().
  SouthBtrace_GM_ARCLEN: SouthBtrace_GM_ARCLEN DISPLAY_TYPE = 'TIME_SERIES' is not in list of known display types. Will attempt to infer using DISPLAY_TYPE.strip().lower().
  MAG_STRTH: MAG_STRTH DISPLAY_TYPE = 'TIME_SERIES' is not in list of known display types. Will attempt to infer using DISPLAY_TYPE.strip().lower().
  DNEUTS: DNEUTS DISPLAY_TYPE = 'TIME_SERIES' is not in list of known display types. Will attempt to infer using DISPLAY_TYPE.strip().lower().
  BOW_SHOCK: BOW_SHOCK DISPLAY_TYPE = 'TIME_SERIES' is not in list of known display types. Will attempt to infer using DISPLAY_TYPE.strip().lower().
  MAG_PAUSE: MAG_PAUSE DISPLAY_TYPE = 'TIME_SERIES' is not in list of known display types. Will attempt to infer using DISPLAY_TYPE.strip().lower().
  L_VALUE: L_VALUE DISPLAY_TYPE = 'TIME_SERIES' is not in list of known display types. Will attempt to infer using DISPLAY_TYPE.strip().lower().
  INVAR_LAT: INVAR_LAT DISPLAY_TYPE = 'TIME_SERIES' is not in list of known display types. Will attempt to infer using DISPLAY_TYPE.strip().lower().
  MAG_Y: MAG_Y DISPLAY_TYPE = 'TIME_SERIES' is not in list of known display types. Will attempt to infer using DISPLAY_TYPE.strip().lower().
  MAG_Z: MAG_Z DISPLAY_TYPE = 'TIME_SERIES' is not in list of known display types. Will attempt to infer using DISPLAY_TYPE.strip().lower().
  cartesian: cartesian DISPLAY_TYPE = 'TIME_SERIES' is not in list of known display types. Will attempt to infer using DISPLAY_TYPE.strip().lower().
  xyz_lbl: xyz_lbl DISPLAY_TYPE = 'TIME_SERIES' is not in list of known display types. Will attempt to infer using DISPLAY_TYPE.strip().lower().
THBPRED_OR_SSC | ISTP.DISPLAY_TYPE.Unknown:
  RADIUS: RADIUS DISPLAY_TYPE = 'TIME_SERIES' is not in list of known display types. Will attempt to infer using DISPLAY_TYPE.strip().lower().
  GSE_LAT: GSE_LAT DISPLAY_TYPE = 'TIME_SERIES' is not in list of known display types. Will attempt to infer using DISPLAY_TYPE.strip().lower().
  GSE_LON: GSE_LON DISPLAY_TYPE = 'TIME_SERIES' is not in list of known display types. Will attempt to infer using DISPLAY_TYPE.strip().lower().
  GSE_LCT_T: GSE_LCT_T DISPLAY_TYPE = 'TIME_SERIES' is not in list of known display types. Will attempt to infer using DISPLAY_TYPE.strip().lower().
  GSM_LAT: GSM_LAT DISPLAY_TYPE = 'TIME_SERIES' is not in list of known display types. Will attempt to infer using DISPLAY_TYPE.strip().lower().
  GSM_LON: GSM_LON DISPLAY_TYPE = 'TIME_SERIES' is not in list of known display types. Will attempt to infer using DISPLAY_TYPE.strip().lower().
  SM_LAT: SM_LAT DISPLAY_TYPE = 'TIME_SERIES' is not in list of known display types. Will attempt to infer using DISPLAY_TYPE.strip().lower().
  SM_LON: SM_LON DISPLAY_TYPE = 'TIME_SERIES' is not in list of known display types. Will attempt to infer using DISPLAY_TYPE.strip().lower().
  SM_LCT_T: SM_LCT_T DISPLAY_TYPE = 'TIME_SERIES' is not in list of known display types. Will attempt to infer using DISPLAY_TYPE.strip().lower().
  XYZ_GEO: XYZ_GEO DISPLAY_TYPE = 'TIME_SERIES' is not in list of known display types. Will attempt to infer using DISPLAY_TYPE.strip().lower().
  GEO_LAT: GEO_LAT DISPLAY_TYPE = 'TIME_SERIES' is not in list of known display types. Will attempt to infer using DISPLAY_TYPE.strip().lower().
  GEO_LON: GEO_LON DISPLAY_TYPE = 'TIME_SERIES' is not in list of known display types. Will attempt to infer using DISPLAY_TYPE.strip().lower().
  GEO_LCT_T: GEO_LCT_T DISPLAY_TYPE = 'TIME_SERIES' is not in list of known display types. Will attempt to infer using DISPLAY_TYPE.strip().lower().
  NorthBtrace_GEO_LAT: NorthBtrace_GEO_LAT DISPLAY_TYPE = 'TIME_SERIES' is not in list of known display types. Will attempt to infer using DISPLAY_TYPE.strip().lower().
  NorthBtrace_GEO_LON: NorthBtrace_GEO_LON DISPLAY_TYPE = 'TIME_SERIES' is not in list of known display types. Will attempt to infer using DISPLAY_TYPE.strip().lower().
  NorthBtrace_GEO_ARCLEN: NorthBtrace_GEO_ARCLEN DISPLAY_TYPE = 'TIME_SERIES' is not in list of known display types. Will attempt to infer using DISPLAY_TYPE.strip().lower().
  SouthBtrace_GEO_LAT: SouthBtrace_GEO_LAT DISPLAY_TYPE = 'TIME_SERIES' is not in list of known display types. Will attempt to infer using DISPLAY_TYPE.strip().lower().
  SouthBtrace_GEO_LON: SouthBtrace_GEO_LON DISPLAY_TYPE = 'TIME_SERIES' is not in list of known display types. Will attempt to infer using DISPLAY_TYPE.strip().lower().
  SouthBtrace_GEO_ARCLEN: SouthBtrace_GEO_ARCLEN DISPLAY_TYPE = 'TIME_SERIES' is not in list of known display types. Will attempt to infer using DISPLAY_TYPE.strip().lower().
  GM_LAT: GM_LAT DISPLAY_TYPE = 'TIME_SERIES' is not in list of known display types. Will attempt to infer using DISPLAY_TYPE.strip().lower().
  GM_LON: GM_LON DISPLAY_TYPE = 'TIME_SERIES' is not in list of known display types. Will attempt to infer using DISPLAY_TYPE.strip().lower().
  NorthBtrace_GM_LAT: NorthBtrace_GM_LAT DISPLAY_TYPE = 'TIME_SERIES' is not in list of known display types. Will attempt to infer using DISPLAY_TYPE.strip().lower().
  NorthBtrace_GM_LON: NorthBtrace_GM_LON DISPLAY_TYPE = 'TIME_SERIES' is not in list of known display types. Will attempt to infer using DISPLAY_TYPE.strip().lower().
  NorthBtrace_GM_ARCLEN: NorthBtrace_GM_ARCLEN DISPLAY_TYPE = 'TIME_SERIES' is not in list of known display types. Will attempt to infer using DISPLAY_TYPE.strip().lower().
  SouthBtrace_GM_LAT: SouthBtrace_GM_LAT DISPLAY_TYPE = 'TIME_SERIES' is not in list of known display types. Will attempt to infer using DISPLAY_TYPE.strip().lower().
  SouthBtrace_GM_LON: SouthBtrace_GM_LON DISPLAY_TYPE = 'TIME_SERIES' is not in list of known display types. Will attempt to infer using DISPLAY_TYPE.strip().lower().
  SouthBtrace_GM_ARCLEN: SouthBtrace_GM_ARCLEN DISPLAY_TYPE = 'TIME_SERIES' is not in list of known display types. Will attempt to infer using DISPLAY_TYPE.strip().lower().
  MAG_STRTH: MAG_STRTH DISPLAY_TYPE = 'TIME_SERIES' is not in list of known display types. Will attempt to infer using DISPLAY_TYPE.strip().lower().
  DNEUTS: DNEUTS DISPLAY_TYPE = 'TIME_SERIES' is not in list of known display types. Will attempt to infer using DISPLAY_TYPE.strip().lower().
  BOW_SHOCK: BOW_SHOCK DISPLAY_TYPE = 'TIME_SERIES' is not in list of known display types. Will attempt to infer using DISPLAY_TYPE.strip().lower().
  MAG_PAUSE: MAG_PAUSE DISPLAY_TYPE = 'TIME_SERIES' is not in list of known display types. Will attempt to infer using DISPLAY_TYPE.strip().lower().
  L_VALUE: L_VALUE DISPLAY_TYPE = 'TIME_SERIES' is not in list of known display types. Will attempt to infer using DISPLAY_TYPE.strip().lower().
  INVAR_LAT: INVAR_LAT DISPLAY_TYPE = 'TIME_SERIES' is not in list of known display types. Will attempt to infer using DISPLAY_TYPE.strip().lower().
  MAG_Y: MAG_Y DISPLAY_TYPE = 'TIME_SERIES' is not in list of known display types. Will attempt to infer using DISPLAY_TYPE.strip().lower().
  MAG_Z: MAG_Z DISPLAY_TYPE = 'TIME_SERIES' is not in list of known display types. Will attempt to infer using DISPLAY_TYPE.strip().lower().
  cartesian: cartesian DISPLAY_TYPE = 'TIME_SERIES' is not in list of known display types. Will attempt to infer using DISPLAY_TYPE.strip().lower().
  xyz_lbl: xyz_lbl DISPLAY_TYPE = 'TIME_SERIES' is not in list of known display types. Will attempt to infer using DISPLAY_TYPE.strip().lower().
THB_L2_FFT | ISTP.DISPLAY_TYPE.Unknown:
  thb_fff_16_dbpara: thb_fff_16_dbpara DISPLAY_TYPE = 'Spectrogram' is not in list of known display types. Will attempt to infer using DISPLAY_TYPE.strip().lower().
  thb_fff_16_dbperp: thb_fff_16_dbperp DISPLAY_TYPE = 'Spectrogram' is not in list of known display types. Will attempt to infer using DISPLAY_TYPE.strip().lower().
  thb_fff_16_eac12: thb_fff_16_eac12 DISPLAY_TYPE = 'Spectrogram' is not in list of known display types. Will attempt to infer using DISPLAY_TYPE.strip().lower().
  thb_fff_16_eac34: thb_fff_16_eac34 DISPLAY_TYPE = 'Spectrogram' is not in list of known display types. Will attempt to infer using DISPLAY_TYPE.strip().lower().
  thb_fff_16_eac56: thb_fff_16_eac56 DISPLAY_TYPE = 'Spectrogram' is not in list of known display types. Will attempt to infer using DISPLAY_TYPE.strip().lower().
  thb_fff_16_edc12: thb_fff_16_edc12 DISPLAY_TYPE = 'Spectrogram' is not in list of known display types. Will attempt to infer using DISPLAY_TYPE.strip().lower().
  thb_fff_16_edc34: thb_fff_16_edc34 DISPLAY_TYPE = 'Spectrogram' is not in list of known display types. Will attempt to infer using DISPLAY_TYPE.strip().lower().
  thb_fff_16_edc56: thb_fff_16_edc56 DISPLAY_TYPE = 'Spectrogram' is not in list of known display types. Will attempt to infer using DISPLAY_TYPE.strip().lower().
  thb_fff_16_epara: thb_fff_16_epara DISPLAY_TYPE = 'Spectrogram' is not in list of known display types. Will attempt to infer using DISPLAY_TYPE.strip().lower().
  thb_fff_16_eperp: thb_fff_16_eperp DISPLAY_TYPE = 'Spectrogram' is not in list of known display types. Will attempt to infer using DISPLAY_TYPE.strip().lower().
  thb_fff_16_scm1: thb_fff_16_scm1 DISPLAY_TYPE = 'Spectrogram' is not in list of known display types. Will attempt to infer using DISPLAY_TYPE.strip().lower().
  thb_fff_16_scm2: thb_fff_16_scm2 DISPLAY_TYPE = 'Spectrogram' is not in list of known display types. Will attempt to infer using DISPLAY_TYPE.strip().lower().
  thb_fff_16_scm3: thb_fff_16_scm3 DISPLAY_TYPE = 'Spectrogram' is not in list of known display types. Will attempt to infer using DISPLAY_TYPE.strip().lower().
  thb_fff_16_v1: thb_fff_16_v1 DISPLAY_TYPE = 'Spectrogram' is not in list of known display types. Will attempt to infer using DISPLAY_TYPE.strip().lower().
  thb_fff_16_v2: thb_fff_16_v2 DISPLAY_TYPE = 'Spectrogram' is not in list of known display types. Will attempt to infer using DISPLAY_TYPE.strip().lower().
  thb_fff_16_v3: thb_fff_16_v3 DISPLAY_TYPE = 'Spectrogram' is not in list of known display types. Will attempt to infer using DISPLAY_TYPE.strip().lower().
  thb_fff_16_v4: thb_fff_16_v4 DISPLAY_TYPE = 'Spectrogram' is not in list of known display types. Will attempt to infer using DISPLAY_TYPE.strip().lower().
  thb_fff_16_v5: thb_fff_16_v5 DISPLAY_TYPE = 'Spectrogram' is not in list of known display types. Will attempt to infer using DISPLAY_TYPE.strip().lower().
  thb_fff_16_v6: thb_fff_16_v6 DISPLAY_TYPE = 'Spectrogram' is not in list of known display types. Will attempt to infer using DISPLAY_TYPE.strip().lower().
  thb_fff_32_dbpara: thb_fff_32_dbpara DISPLAY_TYPE = 'Spectrogram' is not in list of known display types. Will attempt to infer using DISPLAY_TYPE.strip().lower().
  thb_fff_32_dbperp: thb_fff_32_dbperp DISPLAY_TYPE = 'Spectrogram' is not in list of known display types. Will attempt to infer using DISPLAY_TYPE.strip().lower().
  thb_fff_32_eac12: thb_fff_32_eac12 DISPLAY_TYPE = 'Spectrogram' is not in list of known display types. Will attempt to infer using DISPLAY_TYPE.strip().lower().
  thb_fff_32_eac34: thb_fff_32_eac34 DISPLAY_TYPE = 'Spectrogram' is not in list of known display types. Will attempt to infer using DISPLAY_TYPE.strip().lower().
  thb_fff_32_eac56: thb_fff_32_eac56 DISPLAY_TYPE = 'Spectrogram' is not in list of known display types. Will attempt to infer using DISPLAY_TYPE.strip().lower().
  thb_fff_32_edc12: thb_fff_32_edc12 DISPLAY_TYPE = 'Spectrogram' is not in list of known display types. Will attempt to infer using DISPLAY_TYPE.strip().lower().
  thb_fff_32_edc34: thb_fff_32_edc34 DISPLAY_TYPE = 'Spectrogram' is not in list of known display types. Will attempt to infer using DISPLAY_TYPE.strip().lower().
  thb_fff_32_edc56: thb_fff_32_edc56 DISPLAY_TYPE = 'Spectrogram' is not in list of known display types. Will attempt to infer using DISPLAY_TYPE.strip().lower().
  thb_fff_32_epara: thb_fff_32_epara DISPLAY_TYPE = 'Spectrogram' is not in list of known display types. Will attempt to infer using DISPLAY_TYPE.strip().lower().
  thb_fff_32_eperp: thb_fff_32_eperp DISPLAY_TYPE = 'Spectrogram' is not in list of known display types. Will attempt to infer using DISPLAY_TYPE.strip().lower().
  thb_fff_32_scm1: thb_fff_32_scm1 DISPLAY_TYPE = 'Spectrogram' is not in list of known display types. Will attempt to infer using DISPLAY_TYPE.strip().lower().
  thb_fff_32_scm2: thb_fff_32_scm2 DISPLAY_TYPE = 'Spectrogram' is not in list of known display types. Will attempt to infer using DISPLAY_TYPE.strip().lower().
  thb_fff_32_scm3: thb_fff_32_scm3 DISPLAY_TYPE = 'Spectrogram' is not in list of known display types. Will attempt to infer using DISPLAY_TYPE.strip().lower().
  thb_fff_32_v1: thb_fff_32_v1 DISPLAY_TYPE = 'Spectrogram' is not in list of known display types. Will attempt to infer using DISPLAY_TYPE.strip().lower().
  thb_fff_32_v2: thb_fff_32_v2 DISPLAY_TYPE = 'Spectrogram' is not in list of known display types. Will attempt to infer using DISPLAY_TYPE.strip().lower().
  thb_fff_32_v3: thb_fff_32_v3 DISPLAY_TYPE = 'Spectrogram' is not in list of known display types. Will attempt to infer using DISPLAY_TYPE.strip().lower().
  thb_fff_32_v4: thb_fff_32_v4 DISPLAY_TYPE = 'Spectrogram' is not in list of known display types. Will attempt to infer using DISPLAY_TYPE.strip().lower().
  thb_fff_32_v5: thb_fff_32_v5 DISPLAY_TYPE = 'Spectrogram' is not in list of known display types. Will attempt to infer using DISPLAY_TYPE.strip().lower().
  thb_fff_32_v6: thb_fff_32_v6 DISPLAY_TYPE = 'Spectrogram' is not in list of known display types. Will attempt to infer using DISPLAY_TYPE.strip().lower().
  thb_fff_64_dbpara: thb_fff_64_dbpara DISPLAY_TYPE = 'Spectrogram' is not in list of known display types. Will attempt to infer using DISPLAY_TYPE.strip().lower().
  thb_fff_64_dbperp: thb_fff_64_dbperp DISPLAY_TYPE = 'Spectrogram' is not in list of known display types. Will attempt to infer using DISPLAY_TYPE.strip().lower().
  thb_fff_64_eac12: thb_fff_64_eac12 DISPLAY_TYPE = 'Spectrogram' is not in list of known display types. Will attempt to infer using DISPLAY_TYPE.strip().lower().
  thb_fff_64_eac34: thb_fff_64_eac34 DISPLAY_TYPE = 'Spectrogram' is not in list of known display types. Will attempt to infer using DISPLAY_TYPE.strip().lower().
  thb_fff_64_eac56: thb_fff_64_eac56 DISPLAY_TYPE = 'Spectrogram' is not in list of known display types. Will attempt to infer using DISPLAY_TYPE.strip().lower().
  thb_fff_64_edc12: thb_fff_64_edc12 DISPLAY_TYPE = 'Spectrogram' is not in list of known display types. Will attempt to infer using DISPLAY_TYPE.strip().lower().
  thb_fff_64_edc34: thb_fff_64_edc34 DISPLAY_TYPE = 'Spectrogram' is not in list of known display types. Will attempt to infer using DISPLAY_TYPE.strip().lower().
  thb_fff_64_edc56: thb_fff_64_edc56 DISPLAY_TYPE = 'Spectrogram' is not in list of known display types. Will attempt to infer using DISPLAY_TYPE.strip().lower().
  thb_fff_64_epara: thb_fff_64_epara DISPLAY_TYPE = 'Spectrogram' is not in list of known display types. Will attempt to infer using DISPLAY_TYPE.strip().lower().
  thb_fff_64_eperp: thb_fff_64_eperp DISPLAY_TYPE = 'Spectrogram' is not in list of known display types. Will attempt to infer using DISPLAY_TYPE.strip().lower().
  thb_fff_64_scm1: thb_fff_64_scm1 DISPLAY_TYPE = 'Spectrogram' is not in list of known display types. Will attempt to infer using DISPLAY_TYPE.strip().lower().
  thb_fff_64_scm2: thb_fff_64_scm2 DISPLAY_TYPE = 'Spectrogram' is not in list of known display types. Will attempt to infer using DISPLAY_TYPE.strip().lower().
  thb_fff_64_scm3: thb_fff_64_scm3 DISPLAY_TYPE = 'Spectrogram' is not in list of known display types. Will attempt to infer using DISPLAY_TYPE.strip().lower().
  thb_fff_64_v1: thb_fff_64_v1 DISPLAY_TYPE = 'Spectrogram' is not in list of known display types. Will attempt to infer using DISPLAY_TYPE.strip().lower().
  thb_fff_64_v2: thb_fff_64_v2 DISPLAY_TYPE = 'Spectrogram' is not in list of known display types. Will attempt to infer using DISPLAY_TYPE.strip().lower().
  thb_fff_64_v3: thb_fff_64_v3 DISPLAY_TYPE = 'Spectrogram' is not in list of known display types. Will attempt to infer using DISPLAY_TYPE.strip().lower().
  thb_fff_64_v4: thb_fff_64_v4 DISPLAY_TYPE = 'Spectrogram' is not in list of known display types. Will attempt to infer using DISPLAY_TYPE.strip().lower().
  thb_fff_64_v5: thb_fff_64_v5 DISPLAY_TYPE = 'Spectrogram' is not in list of known display types. Will attempt to infer using DISPLAY_TYPE.strip().lower().
  thb_fff_64_v6: thb_fff_64_v6 DISPLAY_TYPE = 'Spectrogram' is not in list of known display types. Will attempt to infer using DISPLAY_TYPE.strip().lower().
  thb_ffp_16_dbpara: thb_ffp_16_dbpara DISPLAY_TYPE = 'Spectrogram' is not in list of known display types. Will attempt to infer using DISPLAY_TYPE.strip().lower().
  thb_ffp_16_dbperp: thb_ffp_16_dbperp DISPLAY_TYPE = 'Spectrogram' is not in list of known display types. Will attempt to infer using DISPLAY_TYPE.strip().lower().
  thb_ffp_16_eac12: thb_ffp_16_eac12 DISPLAY_TYPE = 'Spectrogram' is not in list of known display types. Will attempt to infer using DISPLAY_TYPE.strip().lower().
  thb_ffp_16_eac34: thb_ffp_16_eac34 DISPLAY_TYPE = 'Spectrogram' is not in list of known display types. Will attempt to infer using DISPLAY_TYPE.strip().lower().
  thb_ffp_16_eac56: thb_ffp_16_eac56 DISPLAY_TYPE = 'Spectrogram' is not in list of known display types. Will attempt to infer using DISPLAY_TYPE.strip().lower().
  thb_ffp_16_edc12: thb_ffp_16_edc12 DISPLAY_TYPE = 'Spectrogram' is not in list of known display types. Will attempt to infer using DISPLAY_TYPE.strip().lower().
  thb_ffp_16_edc34: thb_ffp_16_edc34 DISPLAY_TYPE = 'Spectrogram' is not in list of known display types. Will attempt to infer using DISPLAY_TYPE.strip().lower().
  thb_ffp_16_edc56: thb_ffp_16_edc56 DISPLAY_TYPE = 'Spectrogram' is not in list of known display types. Will attempt to infer using DISPLAY_TYPE.strip().lower().
  thb_ffp_16_epara: thb_ffp_16_epara DISPLAY_TYPE = 'Spectrogram' is not in list of known display types. Will attempt to infer using DISPLAY_TYPE.strip().lower().
  thb_ffp_16_eperp: thb_ffp_16_eperp DISPLAY_TYPE = 'Spectrogram' is not in list of known display types. Will attempt to infer using DISPLAY_TYPE.strip().lower().
  thb_ffp_16_scm1: thb_ffp_16_scm1 DISPLAY_TYPE = 'Spectrogram' is not in list of known display types. Will attempt to infer using DISPLAY_TYPE.strip().lower().
  thb_ffp_16_scm2: thb_ffp_16_scm2 DISPLAY_TYPE = 'Spectrogram' is not in list of known display types. Will attempt to infer using DISPLAY_TYPE.strip().lower().
  thb_ffp_16_scm3: thb_ffp_16_scm3 DISPLAY_TYPE = 'Spectrogram' is not in list of known display types. Will attempt to infer using DISPLAY_TYPE.strip().lower().
  thb_ffp_16_v1: thb_ffp_16_v1 DISPLAY_TYPE = 'Spectrogram' is not in list of known display types. Will attempt to infer using DISPLAY_TYPE.strip().lower().
  thb_ffp_16_v2: thb_ffp_16_v2 DISPLAY_TYPE = 'Spectrogram' is not in list of known display types. Will attempt to infer using DISPLAY_TYPE.strip().lower().
  thb_ffp_16_v3: thb_ffp_16_v3 DISPLAY_TYPE = 'Spectrogram' is not in list of known display types. Will attempt to infer using DISPLAY_TYPE.strip().lower().
  thb_ffp_16_v4: thb_ffp_16_v4 DISPLAY_TYPE = 'Spectrogram' is not in list of known display types. Will attempt to infer using DISPLAY_TYPE.strip().lower().
  thb_ffp_16_v5: thb_ffp_16_v5 DISPLAY_TYPE = 'Spectrogram' is not in list of known display types. Will attempt to infer using DISPLAY_TYPE.strip().lower().
  thb_ffp_16_v6: thb_ffp_16_v6 DISPLAY_TYPE = 'Spectrogram' is not in list of known display types. Will attempt to infer using DISPLAY_TYPE.strip().lower().
  thb_ffp_32_dbpara: thb_ffp_32_dbpara DISPLAY_TYPE = 'Spectrogram' is not in list of known display types. Will attempt to infer using DISPLAY_TYPE.strip().lower().
  thb_ffp_32_dbperp: thb_ffp_32_dbperp DISPLAY_TYPE = 'Spectrogram' is not in list of known display types. Will attempt to infer using DISPLAY_TYPE.strip().lower().
  thb_ffp_32_eac12: thb_ffp_32_eac12 DISPLAY_TYPE = 'Spectrogram' is not in list of known display types. Will attempt to infer using DISPLAY_TYPE.strip().lower().
  thb_ffp_32_eac34: thb_ffp_32_eac34 DISPLAY_TYPE = 'Spectrogram' is not in list of known display types. Will attempt to infer using DISPLAY_TYPE.strip().lower().
  thb_ffp_32_eac56: thb_ffp_32_eac56 DISPLAY_TYPE = 'Spectrogram' is not in list of known display types. Will attempt to infer using DISPLAY_TYPE.strip().lower().
  thb_ffp_32_edc12: thb_ffp_32_edc12 DISPLAY_TYPE = 'Spectrogram' is not in list of known display types. Will attempt to infer using DISPLAY_TYPE.strip().lower().
  thb_ffp_32_edc34: thb_ffp_32_edc34 DISPLAY_TYPE = 'Spectrogram' is not in list of known display types. Will attempt to infer using DISPLAY_TYPE.strip().lower().
  thb_ffp_32_edc56: thb_ffp_32_edc56 DISPLAY_TYPE = 'Spectrogram' is not in list of known display types. Will attempt to infer using DISPLAY_TYPE.strip().lower().
  thb_ffp_32_epara: thb_ffp_32_epara DISPLAY_TYPE = 'Spectrogram' is not in list of known display types. Will attempt to infer using DISPLAY_TYPE.strip().lower().
  thb_ffp_32_eperp: thb_ffp_32_eperp DISPLAY_TYPE = 'Spectrogram' is not in list of known display types. Will attempt to infer using DISPLAY_TYPE.strip().lower().
  thb_ffp_32_scm1: thb_ffp_32_scm1 DISPLAY_TYPE = 'Spectrogram' is not in list of known display types. Will attempt to infer using DISPLAY_TYPE.strip().lower().
  thb_ffp_32_scm2: thb_ffp_32_scm2 DISPLAY_TYPE = 'Spectrogram' is not in list of known display types. Will attempt to infer using DISPLAY_TYPE.strip().lower().
  thb_ffp_32_scm3: thb_ffp_32_scm3 DISPLAY_TYPE = 'Spectrogram' is not in list of known display types. Will attempt to infer using DISPLAY_TYPE.strip().lower().
  thb_ffp_32_v1: thb_ffp_32_v1 DISPLAY_TYPE = 'Spectrogram' is not in list of known display types. Will attempt to infer using DISPLAY_TYPE.strip().lower().
  thb_ffp_32_v2: thb_ffp_32_v2 DISPLAY_TYPE = 'Spectrogram' is not in list of known display types. Will attempt to infer using DISPLAY_TYPE.strip().lower().
  thb_ffp_32_v3: thb_ffp_32_v3 DISPLAY_TYPE = 'Spectrogram' is not in list of known display types. Will attempt to infer using DISPLAY_TYPE.strip().lower().
  thb_ffp_32_v4: thb_ffp_32_v4 DISPLAY_TYPE = 'Spectrogram' is not in list of known display types. Will attempt to infer using DISPLAY_TYPE.strip().lower().
  thb_ffp_32_v5: thb_ffp_32_v5 DISPLAY_TYPE = 'Spectrogram' is not in list of known display types. Will attempt to infer using DISPLAY_TYPE.strip().lower().
  thb_ffp_32_v6: thb_ffp_32_v6 DISPLAY_TYPE = 'Spectrogram' is not in list of known display types. Will attempt to infer using DISPLAY_TYPE.strip().lower().
  thb_ffp_64_dbpara: thb_ffp_64_dbpara DISPLAY_TYPE = 'Spectrogram' is not in list of known display types. Will attempt to infer using DISPLAY_TYPE.strip().lower().
  thb_ffp_64_dbperp: thb_ffp_64_dbperp DISPLAY_TYPE = 'Spectrogram' is not in list of known display types. Will attempt to infer using DISPLAY_TYPE.strip().lower().
  thb_ffp_64_eac12: thb_ffp_64_eac12 DISPLAY_TYPE = 'Spectrogram' is not in list of known display types. Will attempt to infer using DISPLAY_TYPE.strip().lower().
  thb_ffp_64_eac34: thb_ffp_64_eac34 DISPLAY_TYPE = 'Spectrogram' is not in list of known display types. Will attempt to infer using DISPLAY_TYPE.strip().lower().
  thb_ffp_64_eac56: thb_ffp_64_eac56 DISPLAY_TYPE = 'Spectrogram' is not in list of known display types. Will attempt to infer using DISPLAY_TYPE.strip().lower().
  thb_ffp_64_edc12: thb_ffp_64_edc12 DISPLAY_TYPE = 'Spectrogram' is not in list of known display types. Will attempt to infer using DISPLAY_TYPE.strip().lower().
  thb_ffp_64_edc34: thb_ffp_64_edc34 DISPLAY_TYPE = 'Spectrogram' is not in list of known display types. Will attempt to infer using DISPLAY_TYPE.strip().lower().
  thb_ffp_64_edc56: thb_ffp_64_edc56 DISPLAY_TYPE = 'Spectrogram' is not in list of known display types. Will attempt to infer using DISPLAY_TYPE.strip().lower().
  thb_ffp_64_epara: thb_ffp_64_epara DISPLAY_TYPE = 'Spectrogram' is not in list of known display types. Will attempt to infer using DISPLAY_TYPE.strip().lower().
  thb_ffp_64_eperp: thb_ffp_64_eperp DISPLAY_TYPE = 'Spectrogram' is not in list of known display types. Will attempt to infer using DISPLAY_TYPE.strip().lower().
  thb_ffp_64_scm1: thb_ffp_64_scm1 DISPLAY_TYPE = 'Spectrogram' is not in list of known display types. Will attempt to infer using DISPLAY_TYPE.strip().lower().
  thb_ffp_64_scm2: thb_ffp_64_scm2 DISPLAY_TYPE = 'Spectrogram' is not in list of known display types. Will attempt to infer using DISPLAY_TYPE.strip().lower().
  thb_ffp_64_scm3: thb_ffp_64_scm3 DISPLAY_TYPE = 'Spectrogram' is not in list of known display types. Will attempt to infer using DISPLAY_TYPE.strip().lower().
  thb_ffp_64_v1: thb_ffp_64_v1 DISPLAY_TYPE = 'Spectrogram' is not in list of known display types. Will attempt to infer using DISPLAY_TYPE.strip().lower().
  thb_ffp_64_v2: thb_ffp_64_v2 DISPLAY_TYPE = 'Spectrogram' is not in list of known display types. Will attempt to infer using DISPLAY_TYPE.strip().lower().
  thb_ffp_64_v3: thb_ffp_64_v3 DISPLAY_TYPE = 'Spectrogram' is not in list of known display types. Will attempt to infer using DISPLAY_TYPE.strip().lower().
  thb_ffp_64_v4: thb_ffp_64_v4 DISPLAY_TYPE = 'Spectrogram' is not in list of known display types. Will attempt to infer using DISPLAY_TYPE.strip().lower().
  thb_ffp_64_v5: thb_ffp_64_v5 DISPLAY_TYPE = 'Spectrogram' is not in list of known display types. Will attempt to infer using DISPLAY_TYPE.strip().lower().
  thb_ffp_64_v6: thb_ffp_64_v6 DISPLAY_TYPE = 'Spectrogram' is not in list of known display types. Will attempt to infer using DISPLAY_TYPE.strip().lower().
  thb_ffw_16_dbpara: thb_ffw_16_dbpara DISPLAY_TYPE = 'Spectrogram' is not in list of known display types. Will attempt to infer using DISPLAY_TYPE.strip().lower().
  thb_ffw_16_dbperp: thb_ffw_16_dbperp DISPLAY_TYPE = 'Spectrogram' is not in list of known display types. Will attempt to infer using DISPLAY_TYPE.strip().lower().
  thb_ffw_16_eac12: thb_ffw_16_eac12 DISPLAY_TYPE = 'Spectrogram' is not in list of known display types. Will attempt to infer using DISPLAY_TYPE.strip().lower().
  thb_ffw_16_eac34: thb_ffw_16_eac34 DISPLAY_TYPE = 'Spectrogram' is not in list of known display types. Will attempt to infer using DISPLAY_TYPE.strip().lower().
  thb_ffw_16_eac56: thb_ffw_16_eac56 DISPLAY_TYPE = 'Spectrogram' is not in list of known display types. Will attempt to infer using DISPLAY_TYPE.strip().lower().
  thb_ffw_16_edc12: thb_ffw_16_edc12 DISPLAY_TYPE = 'Spectrogram' is not in list of known display types. Will attempt to infer using DISPLAY_TYPE.strip().lower().
  thb_ffw_16_edc34: thb_ffw_16_edc34 DISPLAY_TYPE = 'Spectrogram' is not in list of known display types. Will attempt to infer using DISPLAY_TYPE.strip().lower().
  thb_ffw_16_edc56: thb_ffw_16_edc56 DISPLAY_TYPE = 'Spectrogram' is not in list of known display types. Will attempt to infer using DISPLAY_TYPE.strip().lower().
  thb_ffw_16_epara: thb_ffw_16_epara DISPLAY_TYPE = 'Spectrogram' is not in list of known display types. Will attempt to infer using DISPLAY_TYPE.strip().lower().
  thb_ffw_16_eperp: thb_ffw_16_eperp DISPLAY_TYPE = 'Spectrogram' is not in list of known display types. Will attempt to infer using DISPLAY_TYPE.strip().lower().
  thb_ffw_16_scm1: thb_ffw_16_scm1 DISPLAY_TYPE = 'Spectrogram' is not in list of known display types. Will attempt to infer using DISPLAY_TYPE.strip().lower().
  thb_ffw_16_scm2: thb_ffw_16_scm2 DISPLAY_TYPE = 'Spectrogram' is not in list of known display types. Will attempt to infer using DISPLAY_TYPE.strip().lower().
  thb_ffw_16_scm3: thb_ffw_16_scm3 DISPLAY_TYPE = 'Spectrogram' is not in list of known display types. Will attempt to infer using DISPLAY_TYPE.strip().lower().
  thb_ffw_16_v1: thb_ffw_16_v1 DISPLAY_TYPE = 'Spectrogram' is not in list of known display types. Will attempt to infer using DISPLAY_TYPE.strip().lower().
  thb_ffw_16_v2: thb_ffw_16_v2 DISPLAY_TYPE = 'Spectrogram' is not in list of known display types. Will attempt to infer using DISPLAY_TYPE.strip().lower().
  thb_ffw_16_v3: thb_ffw_16_v3 DISPLAY_TYPE = 'Spectrogram' is not in list of known display types. Will attempt to infer using DISPLAY_TYPE.strip().lower().
  thb_ffw_16_v4: thb_ffw_16_v4 DISPLAY_TYPE = 'Spectrogram' is not in list of known display types. Will attempt to infer using DISPLAY_TYPE.strip().lower().
  thb_ffw_16_v5: thb_ffw_16_v5 DISPLAY_TYPE = 'Spectrogram' is not in list of known display types. Will attempt to infer using DISPLAY_TYPE.strip().lower().
  thb_ffw_16_v6: thb_ffw_16_v6 DISPLAY_TYPE = 'Spectrogram' is not in list of known display types. Will attempt to infer using DISPLAY_TYPE.strip().lower().
  thb_ffw_32_dbpara: thb_ffw_32_dbpara DISPLAY_TYPE = 'Spectrogram' is not in list of known display types. Will attempt to infer using DISPLAY_TYPE.strip().lower().
  thb_ffw_32_dbperp: thb_ffw_32_dbperp DISPLAY_TYPE = 'Spectrogram' is not in list of known display types. Will attempt to infer using DISPLAY_TYPE.strip().lower().
  thb_ffw_32_eac12: thb_ffw_32_eac12 DISPLAY_TYPE = 'Spectrogram' is not in list of known display types. Will attempt to infer using DISPLAY_TYPE.strip().lower().
  thb_ffw_32_eac34: thb_ffw_32_eac34 DISPLAY_TYPE = 'Spectrogram' is not in list of known display types. Will attempt to infer using DISPLAY_TYPE.strip().lower().
  thb_ffw_32_eac56: thb_ffw_32_eac56 DISPLAY_TYPE = 'Spectrogram' is not in list of known display types. Will attempt to infer using DISPLAY_TYPE.strip().lower().
  thb_ffw_32_edc12: thb_ffw_32_edc12 DISPLAY_TYPE = 'Spectrogram' is not in list of known display types. Will attempt to infer using DISPLAY_TYPE.strip().lower().
  thb_ffw_32_edc34: thb_ffw_32_edc34 DISPLAY_TYPE = 'Spectrogram' is not in list of known display types. Will attempt to infer using DISPLAY_TYPE.strip().lower().
  thb_ffw_32_edc56: thb_ffw_32_edc56 DISPLAY_TYPE = 'Spectrogram' is not in list of known display types. Will attempt to infer using DISPLAY_TYPE.strip().lower().
  thb_ffw_32_epara: thb_ffw_32_epara DISPLAY_TYPE = 'Spectrogram' is not in list of known display types. Will attempt to infer using DISPLAY_TYPE.strip().lower().
  thb_ffw_32_eperp: thb_ffw_32_eperp DISPLAY_TYPE = 'Spectrogram' is not in list of known display types. Will attempt to infer using DISPLAY_TYPE.strip().lower().
  thb_ffw_32_scm1: thb_ffw_32_scm1 DISPLAY_TYPE = 'Spectrogram' is not in list of known display types. Will attempt to infer using DISPLAY_TYPE.strip().lower().
  thb_ffw_32_scm2: thb_ffw_32_scm2 DISPLAY_TYPE = 'Spectrogram' is not in list of known display types. Will attempt to infer using DISPLAY_TYPE.strip().lower().
  thb_ffw_32_scm3: thb_ffw_32_scm3 DISPLAY_TYPE = 'Spectrogram' is not in list of known display types. Will attempt to infer using DISPLAY_TYPE.strip().lower().
  thb_ffw_32_v1: thb_ffw_32_v1 DISPLAY_TYPE = 'Spectrogram' is not in list of known display types. Will attempt to infer using DISPLAY_TYPE.strip().lower().
  thb_ffw_32_v2: thb_ffw_32_v2 DISPLAY_TYPE = 'Spectrogram' is not in list of known display types. Will attempt to infer using DISPLAY_TYPE.strip().lower().
  thb_ffw_32_v3: thb_ffw_32_v3 DISPLAY_TYPE = 'Spectrogram' is not in list of known display types. Will attempt to infer using DISPLAY_TYPE.strip().lower().
  thb_ffw_32_v4: thb_ffw_32_v4 DISPLAY_TYPE = 'Spectrogram' is not in list of known display types. Will attempt to infer using DISPLAY_TYPE.strip().lower().
  thb_ffw_32_v5: thb_ffw_32_v5 DISPLAY_TYPE = 'Spectrogram' is not in list of known display types. Will attempt to infer using DISPLAY_TYPE.strip().lower().
  thb_ffw_32_v6: thb_ffw_32_v6 DISPLAY_TYPE = 'Spectrogram' is not in list of known display types. Will attempt to infer using DISPLAY_TYPE.strip().lower().
  thb_ffw_64_dbpara: thb_ffw_64_dbpara DISPLAY_TYPE = 'Spectrogram' is not in list of known display types. Will attempt to infer using DISPLAY_TYPE.strip().lower().
  thb_ffw_64_dbperp: thb_ffw_64_dbperp DISPLAY_TYPE = 'Spectrogram' is not in list of known display types. Will attempt to infer using DISPLAY_TYPE.strip().lower().
  thb_ffw_64_eac12: thb_ffw_64_eac12 DISPLAY_TYPE = 'Spectrogram' is not in list of known display types. Will attempt to infer using DISPLAY_TYPE.strip().lower().
  thb_ffw_64_eac34: thb_ffw_64_eac34 DISPLAY_TYPE = 'Spectrogram' is not in list of known display types. Will attempt to infer using DISPLAY_TYPE.strip().lower().
  thb_ffw_64_eac56: thb_ffw_64_eac56 DISPLAY_TYPE = 'Spectrogram' is not in list of known display types. Will attempt to infer using DISPLAY_TYPE.strip().lower().
  thb_ffw_64_edc12: thb_ffw_64_edc12 DISPLAY_TYPE = 'Spectrogram' is not in list of known display types. Will attempt to infer using DISPLAY_TYPE.strip().lower().
  thb_ffw_64_edc34: thb_ffw_64_edc34 DISPLAY_TYPE = 'Spectrogram' is not in list of known display types. Will attempt to infer using DISPLAY_TYPE.strip().lower().
  thb_ffw_64_edc56: thb_ffw_64_edc56 DISPLAY_TYPE = 'Spectrogram' is not in list of known display types. Will attempt to infer using DISPLAY_TYPE.strip().lower().
  thb_ffw_64_epara: thb_ffw_64_epara DISPLAY_TYPE = 'Spectrogram' is not in list of known display types. Will attempt to infer using DISPLAY_TYPE.strip().lower().
  thb_ffw_64_eperp: thb_ffw_64_eperp DISPLAY_TYPE = 'Spectrogram' is not in list of known display types. Will attempt to infer using DISPLAY_TYPE.strip().lower().
  thb_ffw_64_scm1: thb_ffw_64_scm1 DISPLAY_TYPE = 'Spectrogram' is not in list of known display types. Will attempt to infer using DISPLAY_TYPE.strip().lower().
  thb_ffw_64_scm2: thb_ffw_64_scm2 DISPLAY_TYPE = 'Spectrogram' is not in list of known display types. Will attempt to infer using DISPLAY_TYPE.strip().lower().
  thb_ffw_64_scm3: thb_ffw_64_scm3 DISPLAY_TYPE = 'Spectrogram' is not in list of known display types. Will attempt to infer using DISPLAY_TYPE.strip().lower().
  thb_ffw_64_v1: thb_ffw_64_v1 DISPLAY_TYPE = 'Spectrogram' is not in list of known display types. Will attempt to infer using DISPLAY_TYPE.strip().lower().
  thb_ffw_64_v2: thb_ffw_64_v2 DISPLAY_TYPE = 'Spectrogram' is not in list of known display types. Will attempt to infer using DISPLAY_TYPE.strip().lower().
  thb_ffw_64_v3: thb_ffw_64_v3 DISPLAY_TYPE = 'Spectrogram' is not in list of known display types. Will attempt to infer using DISPLAY_TYPE.strip().lower().
  thb_ffw_64_v4: thb_ffw_64_v4 DISPLAY_TYPE = 'Spectrogram' is not in list of known display types. Will attempt to infer using DISPLAY_TYPE.strip().lower().
  thb_ffw_64_v5: thb_ffw_64_v5 DISPLAY_TYPE = 'Spectrogram' is not in list of known display types. Will attempt to infer using DISPLAY_TYPE.strip().lower().
  thb_ffw_64_v6: thb_ffw_64_v6 DISPLAY_TYPE = 'Spectrogram' is not in list of known display types. Will attempt to infer using DISPLAY_TYPE.strip().lower().
THB_L2_MERGED | ISTP.DISPLAY_TYPE.Unknown:
  xyz_lbl: xyz_lbl DISPLAY_TYPE = 'TIME_SERIES' is not in list of known display types. Will attempt to infer using DISPLAY_TYPE.strip().lower().
  cartesian: cartesian DISPLAY_TYPE = 'TIME_SERIES' is not in list of known display types. Will attempt to infer using DISPLAY_TYPE.strip().lower().
THB_OR_SSC | ISTP.DISPLAY_TYPE.Unknown:
  RADIUS: RADIUS DISPLAY_TYPE = 'TIME_SERIES' is not in list of known display types. Will attempt to infer using DISPLAY_TYPE.strip().lower().
  GSE_LAT: GSE_LAT DISPLAY_TYPE = 'TIME_SERIES' is not in list of known display types. Will attempt to infer using DISPLAY_TYPE.strip().lower().
  GSE_LON: GSE_LON DISPLAY_TYPE = 'TIME_SERIES' is not in list of known display types. Will attempt to infer using DISPLAY_TYPE.strip().lower().
  GSE_LCT_T: GSE_LCT_T DISPLAY_TYPE = 'TIME_SERIES' is not in list of known display types. Will attempt to infer using DISPLAY_TYPE.strip().lower().
  GSM_LAT: GSM_LAT DISPLAY_TYPE = 'TIME_SERIES' is not in list of known display types. Will attempt to infer using DISPLAY_TYPE.strip().lower().
  GSM_LON: GSM_LON DISPLAY_TYPE = 'TIME_SERIES' is not in list of known display types. Will attempt to infer using DISPLAY_TYPE.strip().lower().
  SM_LAT: SM_LAT DISPLAY_TYPE = 'TIME_SERIES' is not in list of known display types. Will attempt to infer using DISPLAY_TYPE.strip().lower().
  SM_LON: SM_LON DISPLAY_TYPE = 'TIME_SERIES' is not in list of known display types. Will attempt to infer using DISPLAY_TYPE.strip().lower().
  SM_LCT_T: SM_LCT_T DISPLAY_TYPE = 'TIME_SERIES' is not in list of known display types. Will attempt to infer using DISPLAY_TYPE.strip().lower().
  XYZ_GEO: XYZ_GEO DISPLAY_TYPE = 'TIME_SERIES' is not in list of known display types. Will attempt to infer using DISPLAY_TYPE.strip().lower().
  GEO_LAT: GEO_LAT DISPLAY_TYPE = 'TIME_SERIES' is not in list of known display types. Will attempt to infer using DISPLAY_TYPE.strip().lower().
  GEO_LON: GEO_LON DISPLAY_TYPE = 'TIME_SERIES' is not in list of known display types. Will attempt to infer using DISPLAY_TYPE.strip().lower().
  GEO_LCT_T: GEO_LCT_T DISPLAY_TYPE = 'TIME_SERIES' is not in list of known display types. Will attempt to infer using DISPLAY_TYPE.strip().lower().
  NorthBtrace_GEO_LAT: NorthBtrace_GEO_LAT DISPLAY_TYPE = 'TIME_SERIES' is not in list of known display types. Will attempt to infer using DISPLAY_TYPE.strip().lower().
  NorthBtrace_GEO_LON: NorthBtrace_GEO_LON DISPLAY_TYPE = 'TIME_SERIES' is not in list of known display types. Will attempt to infer using DISPLAY_TYPE.strip().lower().
  NorthBtrace_GEO_ARCLEN: NorthBtrace_GEO_ARCLEN DISPLAY_TYPE = 'TIME_SERIES' is not in list of known display types. Will attempt to infer using DISPLAY_TYPE.strip().lower().
  SouthBtrace_GEO_LAT: SouthBtrace_GEO_LAT DISPLAY_TYPE = 'TIME_SERIES' is not in list of known display types. Will attempt to infer using DISPLAY_TYPE.strip().lower().
  SouthBtrace_GEO_LON: SouthBtrace_GEO_LON DISPLAY_TYPE = 'TIME_SERIES' is not in list of known display types. Will attempt to infer using DISPLAY_TYPE.strip().lower().
  SouthBtrace_GEO_ARCLEN: SouthBtrace_GEO_ARCLEN DISPLAY_TYPE = 'TIME_SERIES' is not in list of known display types. Will attempt to infer using DISPLAY_TYPE.strip().lower().
  GM_LAT: GM_LAT DISPLAY_TYPE = 'TIME_SERIES' is not in list of known display types. Will attempt to infer using DISPLAY_TYPE.strip().lower().
  GM_LON: GM_LON DISPLAY_TYPE = 'TIME_SERIES' is not in list of known display types. Will attempt to infer using DISPLAY_TYPE.strip().lower().
  NorthBtrace_GM_LAT: NorthBtrace_GM_LAT DISPLAY_TYPE = 'TIME_SERIES' is not in list of known display types. Will attempt to infer using DISPLAY_TYPE.strip().lower().
  NorthBtrace_GM_LON: NorthBtrace_GM_LON DISPLAY_TYPE = 'TIME_SERIES' is not in list of known display types. Will attempt to infer using DISPLAY_TYPE.strip().lower().
  NorthBtrace_GM_ARCLEN: NorthBtrace_GM_ARCLEN DISPLAY_TYPE = 'TIME_SERIES' is not in list of known display types. Will attempt to infer using DISPLAY_TYPE.strip().lower().
  SouthBtrace_GM_LAT: SouthBtrace_GM_LAT DISPLAY_TYPE = 'TIME_SERIES' is not in list of known display types. Will attempt to infer using DISPLAY_TYPE.strip().lower().
  SouthBtrace_GM_LON: SouthBtrace_GM_LON DISPLAY_TYPE = 'TIME_SERIES' is not in list of known display types. Will attempt to infer using DISPLAY_TYPE.strip().lower().
  SouthBtrace_GM_ARCLEN: SouthBtrace_GM_ARCLEN DISPLAY_TYPE = 'TIME_SERIES' is not in list of known display types. Will attempt to infer using DISPLAY_TYPE.strip().lower().
  MAG_STRTH: MAG_STRTH DISPLAY_TYPE = 'TIME_SERIES' is not in list of known display types. Will attempt to infer using DISPLAY_TYPE.strip().lower().
  DNEUTS: DNEUTS DISPLAY_TYPE = 'TIME_SERIES' is not in list of known display types. Will attempt to infer using DISPLAY_TYPE.strip().lower().
  BOW_SHOCK: BOW_SHOCK DISPLAY_TYPE = 'TIME_SERIES' is not in list of known display types. Will attempt to infer using DISPLAY_TYPE.strip().lower().
  MAG_PAUSE: MAG_PAUSE DISPLAY_TYPE = 'TIME_SERIES' is not in list of known display types. Will attempt to infer using DISPLAY_TYPE.strip().lower().
  L_VALUE: L_VALUE DISPLAY_TYPE = 'TIME_SERIES' is not in list of known display types. Will attempt to infer using DISPLAY_TYPE.strip().lower().
  INVAR_LAT: INVAR_LAT DISPLAY_TYPE = 'TIME_SERIES' is not in list of known display types. Will attempt to infer using DISPLAY_TYPE.strip().lower().
  MAG_Y: MAG_Y DISPLAY_TYPE = 'TIME_SERIES' is not in list of known display types. Will attempt to infer using DISPLAY_TYPE.strip().lower().
  MAG_Z: MAG_Z DISPLAY_TYPE = 'TIME_SERIES' is not in list of known display types. Will attempt to infer using DISPLAY_TYPE.strip().lower().
  cartesian: cartesian DISPLAY_TYPE = 'TIME_SERIES' is not in list of known display types. Will attempt to infer using DISPLAY_TYPE.strip().lower().
  xyz_lbl: xyz_lbl DISPLAY_TYPE = 'TIME_SERIES' is not in list of known display types. Will attempt to infer using DISPLAY_TYPE.strip().lower().
THCPRED_OR_SSC | ISTP.DISPLAY_TYPE.Unknown:
  RADIUS: RADIUS DISPLAY_TYPE = 'TIME_SERIES' is not in list of known display types. Will attempt to infer using DISPLAY_TYPE.strip().lower().
  GSE_LAT: GSE_LAT DISPLAY_TYPE = 'TIME_SERIES' is not in list of known display types. Will attempt to infer using DISPLAY_TYPE.strip().lower().
  GSE_LON: GSE_LON DISPLAY_TYPE = 'TIME_SERIES' is not in list of known display types. Will attempt to infer using DISPLAY_TYPE.strip().lower().
  GSE_LCT_T: GSE_LCT_T DISPLAY_TYPE = 'TIME_SERIES' is not in list of known display types. Will attempt to infer using DISPLAY_TYPE.strip().lower().
  GSM_LAT: GSM_LAT DISPLAY_TYPE = 'TIME_SERIES' is not in list of known display types. Will attempt to infer using DISPLAY_TYPE.strip().lower().
  GSM_LON: GSM_LON DISPLAY_TYPE = 'TIME_SERIES' is not in list of known display types. Will attempt to infer using DISPLAY_TYPE.strip().lower().
  SM_LAT: SM_LAT DISPLAY_TYPE = 'TIME_SERIES' is not in list of known display types. Will attempt to infer using DISPLAY_TYPE.strip().lower().
  SM_LON: SM_LON DISPLAY_TYPE = 'TIME_SERIES' is not in list of known display types. Will attempt to infer using DISPLAY_TYPE.strip().lower().
  SM_LCT_T: SM_LCT_T DISPLAY_TYPE = 'TIME_SERIES' is not in list of known display types. Will attempt to infer using DISPLAY_TYPE.strip().lower().
  XYZ_GEO: XYZ_GEO DISPLAY_TYPE = 'TIME_SERIES' is not in list of known display types. Will attempt to infer using DISPLAY_TYPE.strip().lower().
  GEO_LAT: GEO_LAT DISPLAY_TYPE = 'TIME_SERIES' is not in list of known display types. Will attempt to infer using DISPLAY_TYPE.strip().lower().
  GEO_LON: GEO_LON DISPLAY_TYPE = 'TIME_SERIES' is not in list of known display types. Will attempt to infer using DISPLAY_TYPE.strip().lower().
  GEO_LCT_T: GEO_LCT_T DISPLAY_TYPE = 'TIME_SERIES' is not in list of known display types. Will attempt to infer using DISPLAY_TYPE.strip().lower().
  NorthBtrace_GEO_LAT: NorthBtrace_GEO_LAT DISPLAY_TYPE = 'TIME_SERIES' is not in list of known display types. Will attempt to infer using DISPLAY_TYPE.strip().lower().
  NorthBtrace_GEO_LON: NorthBtrace_GEO_LON DISPLAY_TYPE = 'TIME_SERIES' is not in list of known display types. Will attempt to infer using DISPLAY_TYPE.strip().lower().
  NorthBtrace_GEO_ARCLEN: NorthBtrace_GEO_ARCLEN DISPLAY_TYPE = 'TIME_SERIES' is not in list of known display types. Will attempt to infer using DISPLAY_TYPE.strip().lower().
  SouthBtrace_GEO_LAT: SouthBtrace_GEO_LAT DISPLAY_TYPE = 'TIME_SERIES' is not in list of known display types. Will attempt to infer using DISPLAY_TYPE.strip().lower().
  SouthBtrace_GEO_LON: SouthBtrace_GEO_LON DISPLAY_TYPE = 'TIME_SERIES' is not in list of known display types. Will attempt to infer using DISPLAY_TYPE.strip().lower().
  SouthBtrace_GEO_ARCLEN: SouthBtrace_GEO_ARCLEN DISPLAY_TYPE = 'TIME_SERIES' is not in list of known display types. Will attempt to infer using DISPLAY_TYPE.strip().lower().
  GM_LAT: GM_LAT DISPLAY_TYPE = 'TIME_SERIES' is not in list of known display types. Will attempt to infer using DISPLAY_TYPE.strip().lower().
  GM_LON: GM_LON DISPLAY_TYPE = 'TIME_SERIES' is not in list of known display types. Will attempt to infer using DISPLAY_TYPE.strip().lower().
  NorthBtrace_GM_LAT: NorthBtrace_GM_LAT DISPLAY_TYPE = 'TIME_SERIES' is not in list of known display types. Will attempt to infer using DISPLAY_TYPE.strip().lower().
  NorthBtrace_GM_LON: NorthBtrace_GM_LON DISPLAY_TYPE = 'TIME_SERIES' is not in list of known display types. Will attempt to infer using DISPLAY_TYPE.strip().lower().
  NorthBtrace_GM_ARCLEN: NorthBtrace_GM_ARCLEN DISPLAY_TYPE = 'TIME_SERIES' is not in list of known display types. Will attempt to infer using DISPLAY_TYPE.strip().lower().
  SouthBtrace_GM_LAT: SouthBtrace_GM_LAT DISPLAY_TYPE = 'TIME_SERIES' is not in list of known display types. Will attempt to infer using DISPLAY_TYPE.strip().lower().
  SouthBtrace_GM_LON: SouthBtrace_GM_LON DISPLAY_TYPE = 'TIME_SERIES' is not in list of known display types. Will attempt to infer using DISPLAY_TYPE.strip().lower().
  SouthBtrace_GM_ARCLEN: SouthBtrace_GM_ARCLEN DISPLAY_TYPE = 'TIME_SERIES' is not in list of known display types. Will attempt to infer using DISPLAY_TYPE.strip().lower().
  MAG_STRTH: MAG_STRTH DISPLAY_TYPE = 'TIME_SERIES' is not in list of known display types. Will attempt to infer using DISPLAY_TYPE.strip().lower().
  DNEUTS: DNEUTS DISPLAY_TYPE = 'TIME_SERIES' is not in list of known display types. Will attempt to infer using DISPLAY_TYPE.strip().lower().
  BOW_SHOCK: BOW_SHOCK DISPLAY_TYPE = 'TIME_SERIES' is not in list of known display types. Will attempt to infer using DISPLAY_TYPE.strip().lower().
  MAG_PAUSE: MAG_PAUSE DISPLAY_TYPE = 'TIME_SERIES' is not in list of known display types. Will attempt to infer using DISPLAY_TYPE.strip().lower().
  L_VALUE: L_VALUE DISPLAY_TYPE = 'TIME_SERIES' is not in list of known display types. Will attempt to infer using DISPLAY_TYPE.strip().lower().
  INVAR_LAT: INVAR_LAT DISPLAY_TYPE = 'TIME_SERIES' is not in list of known display types. Will attempt to infer using DISPLAY_TYPE.strip().lower().
  MAG_Y: MAG_Y DISPLAY_TYPE = 'TIME_SERIES' is not in list of known display types. Will attempt to infer using DISPLAY_TYPE.strip().lower().
  MAG_Z: MAG_Z DISPLAY_TYPE = 'TIME_SERIES' is not in list of known display types. Will attempt to infer using DISPLAY_TYPE.strip().lower().
  cartesian: cartesian DISPLAY_TYPE = 'TIME_SERIES' is not in list of known display types. Will attempt to infer using DISPLAY_TYPE.strip().lower().
  xyz_lbl: xyz_lbl DISPLAY_TYPE = 'TIME_SERIES' is not in list of known display types. Will attempt to infer using DISPLAY_TYPE.strip().lower().
THC_L2_FFT | ISTP.DISPLAY_TYPE.Unknown:
  thc_fff_16_dbpara: thc_fff_16_dbpara DISPLAY_TYPE = 'Spectrogram' is not in list of known display types. Will attempt to infer using DISPLAY_TYPE.strip().lower().
  thc_fff_16_dbperp: thc_fff_16_dbperp DISPLAY_TYPE = 'Spectrogram' is not in list of known display types. Will attempt to infer using DISPLAY_TYPE.strip().lower().
  thc_fff_16_eac12: thc_fff_16_eac12 DISPLAY_TYPE = 'Spectrogram' is not in list of known display types. Will attempt to infer using DISPLAY_TYPE.strip().lower().
  thc_fff_16_eac34: thc_fff_16_eac34 DISPLAY_TYPE = 'Spectrogram' is not in list of known display types. Will attempt to infer using DISPLAY_TYPE.strip().lower().
  thc_fff_16_eac56: thc_fff_16_eac56 DISPLAY_TYPE = 'Spectrogram' is not in list of known display types. Will attempt to infer using DISPLAY_TYPE.strip().lower().
  thc_fff_16_edc12: thc_fff_16_edc12 DISPLAY_TYPE = 'Spectrogram' is not in list of known display types. Will attempt to infer using DISPLAY_TYPE.strip().lower().
  thc_fff_16_edc34: thc_fff_16_edc34 DISPLAY_TYPE = 'Spectrogram' is not in list of known display types. Will attempt to infer using DISPLAY_TYPE.strip().lower().
  thc_fff_16_edc56: thc_fff_16_edc56 DISPLAY_TYPE = 'Spectrogram' is not in list of known display types. Will attempt to infer using DISPLAY_TYPE.strip().lower().
  thc_fff_16_epara: thc_fff_16_epara DISPLAY_TYPE = 'Spectrogram' is not in list of known display types. Will attempt to infer using DISPLAY_TYPE.strip().lower().
  thc_fff_16_eperp: thc_fff_16_eperp DISPLAY_TYPE = 'Spectrogram' is not in list of known display types. Will attempt to infer using DISPLAY_TYPE.strip().lower().
  thc_fff_16_scm1: thc_fff_16_scm1 DISPLAY_TYPE = 'Spectrogram' is not in list of known display types. Will attempt to infer using DISPLAY_TYPE.strip().lower().
  thc_fff_16_scm2: thc_fff_16_scm2 DISPLAY_TYPE = 'Spectrogram' is not in list of known display types. Will attempt to infer using DISPLAY_TYPE.strip().lower().
  thc_fff_16_scm3: thc_fff_16_scm3 DISPLAY_TYPE = 'Spectrogram' is not in list of known display types. Will attempt to infer using DISPLAY_TYPE.strip().lower().
  thc_fff_16_v1: thc_fff_16_v1 DISPLAY_TYPE = 'Spectrogram' is not in list of known display types. Will attempt to infer using DISPLAY_TYPE.strip().lower().
  thc_fff_16_v2: thc_fff_16_v2 DISPLAY_TYPE = 'Spectrogram' is not in list of known display types. Will attempt to infer using DISPLAY_TYPE.strip().lower().
  thc_fff_16_v3: thc_fff_16_v3 DISPLAY_TYPE = 'Spectrogram' is not in list of known display types. Will attempt to infer using DISPLAY_TYPE.strip().lower().
  thc_fff_16_v4: thc_fff_16_v4 DISPLAY_TYPE = 'Spectrogram' is not in list of known display types. Will attempt to infer using DISPLAY_TYPE.strip().lower().
  thc_fff_16_v5: thc_fff_16_v5 DISPLAY_TYPE = 'Spectrogram' is not in list of known display types. Will attempt to infer using DISPLAY_TYPE.strip().lower().
  thc_fff_16_v6: thc_fff_16_v6 DISPLAY_TYPE = 'Spectrogram' is not in list of known display types. Will attempt to infer using DISPLAY_TYPE.strip().lower().
  thc_fff_32_dbpara: thc_fff_32_dbpara DISPLAY_TYPE = 'Spectrogram' is not in list of known display types. Will attempt to infer using DISPLAY_TYPE.strip().lower().
  thc_fff_32_dbperp: thc_fff_32_dbperp DISPLAY_TYPE = 'Spectrogram' is not in list of known display types. Will attempt to infer using DISPLAY_TYPE.strip().lower().
  thc_fff_32_eac12: thc_fff_32_eac12 DISPLAY_TYPE = 'Spectrogram' is not in list of known display types. Will attempt to infer using DISPLAY_TYPE.strip().lower().
  thc_fff_32_eac34: thc_fff_32_eac34 DISPLAY_TYPE = 'Spectrogram' is not in list of known display types. Will attempt to infer using DISPLAY_TYPE.strip().lower().
  thc_fff_32_eac56: thc_fff_32_eac56 DISPLAY_TYPE = 'Spectrogram' is not in list of known display types. Will attempt to infer using DISPLAY_TYPE.strip().lower().
  thc_fff_32_edc12: thc_fff_32_edc12 DISPLAY_TYPE = 'Spectrogram' is not in list of known display types. Will attempt to infer using DISPLAY_TYPE.strip().lower().
  thc_fff_32_edc34: thc_fff_32_edc34 DISPLAY_TYPE = 'Spectrogram' is not in list of known display types. Will attempt to infer using DISPLAY_TYPE.strip().lower().
  thc_fff_32_edc56: thc_fff_32_edc56 DISPLAY_TYPE = 'Spectrogram' is not in list of known display types. Will attempt to infer using DISPLAY_TYPE.strip().lower().
  thc_fff_32_epara: thc_fff_32_epara DISPLAY_TYPE = 'Spectrogram' is not in list of known display types. Will attempt to infer using DISPLAY_TYPE.strip().lower().
  thc_fff_32_eperp: thc_fff_32_eperp DISPLAY_TYPE = 'Spectrogram' is not in list of known display types. Will attempt to infer using DISPLAY_TYPE.strip().lower().
  thc_fff_32_scm1: thc_fff_32_scm1 DISPLAY_TYPE = 'Spectrogram' is not in list of known display types. Will attempt to infer using DISPLAY_TYPE.strip().lower().
  thc_fff_32_scm2: thc_fff_32_scm2 DISPLAY_TYPE = 'Spectrogram' is not in list of known display types. Will attempt to infer using DISPLAY_TYPE.strip().lower().
  thc_fff_32_scm3: thc_fff_32_scm3 DISPLAY_TYPE = 'Spectrogram' is not in list of known display types. Will attempt to infer using DISPLAY_TYPE.strip().lower().
  thc_fff_32_v1: thc_fff_32_v1 DISPLAY_TYPE = 'Spectrogram' is not in list of known display types. Will attempt to infer using DISPLAY_TYPE.strip().lower().
  thc_fff_32_v2: thc_fff_32_v2 DISPLAY_TYPE = 'Spectrogram' is not in list of known display types. Will attempt to infer using DISPLAY_TYPE.strip().lower().
  thc_fff_32_v3: thc_fff_32_v3 DISPLAY_TYPE = 'Spectrogram' is not in list of known display types. Will attempt to infer using DISPLAY_TYPE.strip().lower().
  thc_fff_32_v4: thc_fff_32_v4 DISPLAY_TYPE = 'Spectrogram' is not in list of known display types. Will attempt to infer using DISPLAY_TYPE.strip().lower().
  thc_fff_32_v5: thc_fff_32_v5 DISPLAY_TYPE = 'Spectrogram' is not in list of known display types. Will attempt to infer using DISPLAY_TYPE.strip().lower().
  thc_fff_32_v6: thc_fff_32_v6 DISPLAY_TYPE = 'Spectrogram' is not in list of known display types. Will attempt to infer using DISPLAY_TYPE.strip().lower().
  thc_fff_64_dbpara: thc_fff_64_dbpara DISPLAY_TYPE = 'Spectrogram' is not in list of known display types. Will attempt to infer using DISPLAY_TYPE.strip().lower().
  thc_fff_64_dbperp: thc_fff_64_dbperp DISPLAY_TYPE = 'Spectrogram' is not in list of known display types. Will attempt to infer using DISPLAY_TYPE.strip().lower().
  thc_fff_64_eac12: thc_fff_64_eac12 DISPLAY_TYPE = 'Spectrogram' is not in list of known display types. Will attempt to infer using DISPLAY_TYPE.strip().lower().
  thc_fff_64_eac34: thc_fff_64_eac34 DISPLAY_TYPE = 'Spectrogram' is not in list of known display types. Will attempt to infer using DISPLAY_TYPE.strip().lower().
  thc_fff_64_eac56: thc_fff_64_eac56 DISPLAY_TYPE = 'Spectrogram' is not in list of known display types. Will attempt to infer using DISPLAY_TYPE.strip().lower().
  thc_fff_64_edc12: thc_fff_64_edc12 DISPLAY_TYPE = 'Spectrogram' is not in list of known display types. Will attempt to infer using DISPLAY_TYPE.strip().lower().
  thc_fff_64_edc34: thc_fff_64_edc34 DISPLAY_TYPE = 'Spectrogram' is not in list of known display types. Will attempt to infer using DISPLAY_TYPE.strip().lower().
  thc_fff_64_edc56: thc_fff_64_edc56 DISPLAY_TYPE = 'Spectrogram' is not in list of known display types. Will attempt to infer using DISPLAY_TYPE.strip().lower().
  thc_fff_64_epara: thc_fff_64_epara DISPLAY_TYPE = 'Spectrogram' is not in list of known display types. Will attempt to infer using DISPLAY_TYPE.strip().lower().
  thc_fff_64_eperp: thc_fff_64_eperp DISPLAY_TYPE = 'Spectrogram' is not in list of known display types. Will attempt to infer using DISPLAY_TYPE.strip().lower().
  thc_fff_64_scm1: thc_fff_64_scm1 DISPLAY_TYPE = 'Spectrogram' is not in list of known display types. Will attempt to infer using DISPLAY_TYPE.strip().lower().
  thc_fff_64_scm2: thc_fff_64_scm2 DISPLAY_TYPE = 'Spectrogram' is not in list of known display types. Will attempt to infer using DISPLAY_TYPE.strip().lower().
  thc_fff_64_scm3: thc_fff_64_scm3 DISPLAY_TYPE = 'Spectrogram' is not in list of known display types. Will attempt to infer using DISPLAY_TYPE.strip().lower().
  thc_fff_64_v1: thc_fff_64_v1 DISPLAY_TYPE = 'Spectrogram' is not in list of known display types. Will attempt to infer using DISPLAY_TYPE.strip().lower().
  thc_fff_64_v2: thc_fff_64_v2 DISPLAY_TYPE = 'Spectrogram' is not in list of known display types. Will attempt to infer using DISPLAY_TYPE.strip().lower().
  thc_fff_64_v3: thc_fff_64_v3 DISPLAY_TYPE = 'Spectrogram' is not in list of known display types. Will attempt to infer using DISPLAY_TYPE.strip().lower().
  thc_fff_64_v4: thc_fff_64_v4 DISPLAY_TYPE = 'Spectrogram' is not in list of known display types. Will attempt to infer using DISPLAY_TYPE.strip().lower().
  thc_fff_64_v5: thc_fff_64_v5 DISPLAY_TYPE = 'Spectrogram' is not in list of known display types. Will attempt to infer using DISPLAY_TYPE.strip().lower().
  thc_fff_64_v6: thc_fff_64_v6 DISPLAY_TYPE = 'Spectrogram' is not in list of known display types. Will attempt to infer using DISPLAY_TYPE.strip().lower().
  thc_ffp_16_dbpara: thc_ffp_16_dbpara DISPLAY_TYPE = 'Spectrogram' is not in list of known display types. Will attempt to infer using DISPLAY_TYPE.strip().lower().
  thc_ffp_16_dbperp: thc_ffp_16_dbperp DISPLAY_TYPE = 'Spectrogram' is not in list of known display types. Will attempt to infer using DISPLAY_TYPE.strip().lower().
  thc_ffp_16_eac12: thc_ffp_16_eac12 DISPLAY_TYPE = 'Spectrogram' is not in list of known display types. Will attempt to infer using DISPLAY_TYPE.strip().lower().
  thc_ffp_16_eac34: thc_ffp_16_eac34 DISPLAY_TYPE = 'Spectrogram' is not in list of known display types. Will attempt to infer using DISPLAY_TYPE.strip().lower().
  thc_ffp_16_eac56: thc_ffp_16_eac56 DISPLAY_TYPE = 'Spectrogram' is not in list of known display types. Will attempt to infer using DISPLAY_TYPE.strip().lower().
  thc_ffp_16_edc12: thc_ffp_16_edc12 DISPLAY_TYPE = 'Spectrogram' is not in list of known display types. Will attempt to infer using DISPLAY_TYPE.strip().lower().
  thc_ffp_16_edc34: thc_ffp_16_edc34 DISPLAY_TYPE = 'Spectrogram' is not in list of known display types. Will attempt to infer using DISPLAY_TYPE.strip().lower().
  thc_ffp_16_edc56: thc_ffp_16_edc56 DISPLAY_TYPE = 'Spectrogram' is not in list of known display types. Will attempt to infer using DISPLAY_TYPE.strip().lower().
  thc_ffp_16_epara: thc_ffp_16_epara DISPLAY_TYPE = 'Spectrogram' is not in list of known display types. Will attempt to infer using DISPLAY_TYPE.strip().lower().
  thc_ffp_16_eperp: thc_ffp_16_eperp DISPLAY_TYPE = 'Spectrogram' is not in list of known display types. Will attempt to infer using DISPLAY_TYPE.strip().lower().
  thc_ffp_16_scm1: thc_ffp_16_scm1 DISPLAY_TYPE = 'Spectrogram' is not in list of known display types. Will attempt to infer using DISPLAY_TYPE.strip().lower().
  thc_ffp_16_scm2: thc_ffp_16_scm2 DISPLAY_TYPE = 'Spectrogram' is not in list of known display types. Will attempt to infer using DISPLAY_TYPE.strip().lower().
  thc_ffp_16_scm3: thc_ffp_16_scm3 DISPLAY_TYPE = 'Spectrogram' is not in list of known display types. Will attempt to infer using DISPLAY_TYPE.strip().lower().
  thc_ffp_16_v1: thc_ffp_16_v1 DISPLAY_TYPE = 'Spectrogram' is not in list of known display types. Will attempt to infer using DISPLAY_TYPE.strip().lower().
  thc_ffp_16_v2: thc_ffp_16_v2 DISPLAY_TYPE = 'Spectrogram' is not in list of known display types. Will attempt to infer using DISPLAY_TYPE.strip().lower().
  thc_ffp_16_v3: thc_ffp_16_v3 DISPLAY_TYPE = 'Spectrogram' is not in list of known display types. Will attempt to infer using DISPLAY_TYPE.strip().lower().
  thc_ffp_16_v4: thc_ffp_16_v4 DISPLAY_TYPE = 'Spectrogram' is not in list of known display types. Will attempt to infer using DISPLAY_TYPE.strip().lower().
  thc_ffp_16_v5: thc_ffp_16_v5 DISPLAY_TYPE = 'Spectrogram' is not in list of known display types. Will attempt to infer using DISPLAY_TYPE.strip().lower().
  thc_ffp_16_v6: thc_ffp_16_v6 DISPLAY_TYPE = 'Spectrogram' is not in list of known display types. Will attempt to infer using DISPLAY_TYPE.strip().lower().
  thc_ffp_32_dbpara: thc_ffp_32_dbpara DISPLAY_TYPE = 'Spectrogram' is not in list of known display types. Will attempt to infer using DISPLAY_TYPE.strip().lower().
  thc_ffp_32_dbperp: thc_ffp_32_dbperp DISPLAY_TYPE = 'Spectrogram' is not in list of known display types. Will attempt to infer using DISPLAY_TYPE.strip().lower().
  thc_ffp_32_eac12: thc_ffp_32_eac12 DISPLAY_TYPE = 'Spectrogram' is not in list of known display types. Will attempt to infer using DISPLAY_TYPE.strip().lower().
  thc_ffp_32_eac34: thc_ffp_32_eac34 DISPLAY_TYPE = 'Spectrogram' is not in list of known display types. Will attempt to infer using DISPLAY_TYPE.strip().lower().
  thc_ffp_32_eac56: thc_ffp_32_eac56 DISPLAY_TYPE = 'Spectrogram' is not in list of known display types. Will attempt to infer using DISPLAY_TYPE.strip().lower().
  thc_ffp_32_edc12: thc_ffp_32_edc12 DISPLAY_TYPE = 'Spectrogram' is not in list of known display types. Will attempt to infer using DISPLAY_TYPE.strip().lower().
  thc_ffp_32_edc34: thc_ffp_32_edc34 DISPLAY_TYPE = 'Spectrogram' is not in list of known display types. Will attempt to infer using DISPLAY_TYPE.strip().lower().
  thc_ffp_32_edc56: thc_ffp_32_edc56 DISPLAY_TYPE = 'Spectrogram' is not in list of known display types. Will attempt to infer using DISPLAY_TYPE.strip().lower().
  thc_ffp_32_epara: thc_ffp_32_epara DISPLAY_TYPE = 'Spectrogram' is not in list of known display types. Will attempt to infer using DISPLAY_TYPE.strip().lower().
  thc_ffp_32_eperp: thc_ffp_32_eperp DISPLAY_TYPE = 'Spectrogram' is not in list of known display types. Will attempt to infer using DISPLAY_TYPE.strip().lower().
  thc_ffp_32_scm1: thc_ffp_32_scm1 DISPLAY_TYPE = 'Spectrogram' is not in list of known display types. Will attempt to infer using DISPLAY_TYPE.strip().lower().
  thc_ffp_32_scm2: thc_ffp_32_scm2 DISPLAY_TYPE = 'Spectrogram' is not in list of known display types. Will attempt to infer using DISPLAY_TYPE.strip().lower().
  thc_ffp_32_scm3: thc_ffp_32_scm3 DISPLAY_TYPE = 'Spectrogram' is not in list of known display types. Will attempt to infer using DISPLAY_TYPE.strip().lower().
  thc_ffp_32_v1: thc_ffp_32_v1 DISPLAY_TYPE = 'Spectrogram' is not in list of known display types. Will attempt to infer using DISPLAY_TYPE.strip().lower().
  thc_ffp_32_v2: thc_ffp_32_v2 DISPLAY_TYPE = 'Spectrogram' is not in list of known display types. Will attempt to infer using DISPLAY_TYPE.strip().lower().
  thc_ffp_32_v3: thc_ffp_32_v3 DISPLAY_TYPE = 'Spectrogram' is not in list of known display types. Will attempt to infer using DISPLAY_TYPE.strip().lower().
  thc_ffp_32_v4: thc_ffp_32_v4 DISPLAY_TYPE = 'Spectrogram' is not in list of known display types. Will attempt to infer using DISPLAY_TYPE.strip().lower().
  thc_ffp_32_v5: thc_ffp_32_v5 DISPLAY_TYPE = 'Spectrogram' is not in list of known display types. Will attempt to infer using DISPLAY_TYPE.strip().lower().
  thc_ffp_32_v6: thc_ffp_32_v6 DISPLAY_TYPE = 'Spectrogram' is not in list of known display types. Will attempt to infer using DISPLAY_TYPE.strip().lower().
  thc_ffp_64_dbpara: thc_ffp_64_dbpara DISPLAY_TYPE = 'Spectrogram' is not in list of known display types. Will attempt to infer using DISPLAY_TYPE.strip().lower().
  thc_ffp_64_dbperp: thc_ffp_64_dbperp DISPLAY_TYPE = 'Spectrogram' is not in list of known display types. Will attempt to infer using DISPLAY_TYPE.strip().lower().
  thc_ffp_64_eac12: thc_ffp_64_eac12 DISPLAY_TYPE = 'Spectrogram' is not in list of known display types. Will attempt to infer using DISPLAY_TYPE.strip().lower().
  thc_ffp_64_eac34: thc_ffp_64_eac34 DISPLAY_TYPE = 'Spectrogram' is not in list of known display types. Will attempt to infer using DISPLAY_TYPE.strip().lower().
  thc_ffp_64_eac56: thc_ffp_64_eac56 DISPLAY_TYPE = 'Spectrogram' is not in list of known display types. Will attempt to infer using DISPLAY_TYPE.strip().lower().
  thc_ffp_64_edc12: thc_ffp_64_edc12 DISPLAY_TYPE = 'Spectrogram' is not in list of known display types. Will attempt to infer using DISPLAY_TYPE.strip().lower().
  thc_ffp_64_edc34: thc_ffp_64_edc34 DISPLAY_TYPE = 'Spectrogram' is not in list of known display types. Will attempt to infer using DISPLAY_TYPE.strip().lower().
  thc_ffp_64_edc56: thc_ffp_64_edc56 DISPLAY_TYPE = 'Spectrogram' is not in list of known display types. Will attempt to infer using DISPLAY_TYPE.strip().lower().
  thc_ffp_64_epara: thc_ffp_64_epara DISPLAY_TYPE = 'Spectrogram' is not in list of known display types. Will attempt to infer using DISPLAY_TYPE.strip().lower().
  thc_ffp_64_eperp: thc_ffp_64_eperp DISPLAY_TYPE = 'Spectrogram' is not in list of known display types. Will attempt to infer using DISPLAY_TYPE.strip().lower().
  thc_ffp_64_scm1: thc_ffp_64_scm1 DISPLAY_TYPE = 'Spectrogram' is not in list of known display types. Will attempt to infer using DISPLAY_TYPE.strip().lower().
  thc_ffp_64_scm2: thc_ffp_64_scm2 DISPLAY_TYPE = 'Spectrogram' is not in list of known display types. Will attempt to infer using DISPLAY_TYPE.strip().lower().
  thc_ffp_64_scm3: thc_ffp_64_scm3 DISPLAY_TYPE = 'Spectrogram' is not in list of known display types. Will attempt to infer using DISPLAY_TYPE.strip().lower().
  thc_ffp_64_v1: thc_ffp_64_v1 DISPLAY_TYPE = 'Spectrogram' is not in list of known display types. Will attempt to infer using DISPLAY_TYPE.strip().lower().
  thc_ffp_64_v2: thc_ffp_64_v2 DISPLAY_TYPE = 'Spectrogram' is not in list of known display types. Will attempt to infer using DISPLAY_TYPE.strip().lower().
  thc_ffp_64_v3: thc_ffp_64_v3 DISPLAY_TYPE = 'Spectrogram' is not in list of known display types. Will attempt to infer using DISPLAY_TYPE.strip().lower().
  thc_ffp_64_v4: thc_ffp_64_v4 DISPLAY_TYPE = 'Spectrogram' is not in list of known display types. Will attempt to infer using DISPLAY_TYPE.strip().lower().
  thc_ffp_64_v5: thc_ffp_64_v5 DISPLAY_TYPE = 'Spectrogram' is not in list of known display types. Will attempt to infer using DISPLAY_TYPE.strip().lower().
  thc_ffp_64_v6: thc_ffp_64_v6 DISPLAY_TYPE = 'Spectrogram' is not in list of known display types. Will attempt to infer using DISPLAY_TYPE.strip().lower().
  thc_ffw_16_dbpara: thc_ffw_16_dbpara DISPLAY_TYPE = 'Spectrogram' is not in list of known display types. Will attempt to infer using DISPLAY_TYPE.strip().lower().
  thc_ffw_16_dbperp: thc_ffw_16_dbperp DISPLAY_TYPE = 'Spectrogram' is not in list of known display types. Will attempt to infer using DISPLAY_TYPE.strip().lower().
  thc_ffw_16_eac12: thc_ffw_16_eac12 DISPLAY_TYPE = 'Spectrogram' is not in list of known display types. Will attempt to infer using DISPLAY_TYPE.strip().lower().
  thc_ffw_16_eac34: thc_ffw_16_eac34 DISPLAY_TYPE = 'Spectrogram' is not in list of known display types. Will attempt to infer using DISPLAY_TYPE.strip().lower().
  thc_ffw_16_eac56: thc_ffw_16_eac56 DISPLAY_TYPE = 'Spectrogram' is not in list of known display types. Will attempt to infer using DISPLAY_TYPE.strip().lower().
  thc_ffw_16_edc12: thc_ffw_16_edc12 DISPLAY_TYPE = 'Spectrogram' is not in list of known display types. Will attempt to infer using DISPLAY_TYPE.strip().lower().
  thc_ffw_16_edc34: thc_ffw_16_edc34 DISPLAY_TYPE = 'Spectrogram' is not in list of known display types. Will attempt to infer using DISPLAY_TYPE.strip().lower().
  thc_ffw_16_edc56: thc_ffw_16_edc56 DISPLAY_TYPE = 'Spectrogram' is not in list of known display types. Will attempt to infer using DISPLAY_TYPE.strip().lower().
  thc_ffw_16_epara: thc_ffw_16_epara DISPLAY_TYPE = 'Spectrogram' is not in list of known display types. Will attempt to infer using DISPLAY_TYPE.strip().lower().
  thc_ffw_16_eperp: thc_ffw_16_eperp DISPLAY_TYPE = 'Spectrogram' is not in list of known display types. Will attempt to infer using DISPLAY_TYPE.strip().lower().
  thc_ffw_16_scm1: thc_ffw_16_scm1 DISPLAY_TYPE = 'Spectrogram' is not in list of known display types. Will attempt to infer using DISPLAY_TYPE.strip().lower().
  thc_ffw_16_scm2: thc_ffw_16_scm2 DISPLAY_TYPE = 'Spectrogram' is not in list of known display types. Will attempt to infer using DISPLAY_TYPE.strip().lower().
  thc_ffw_16_scm3: thc_ffw_16_scm3 DISPLAY_TYPE = 'Spectrogram' is not in list of known display types. Will attempt to infer using DISPLAY_TYPE.strip().lower().
  thc_ffw_16_v1: thc_ffw_16_v1 DISPLAY_TYPE = 'Spectrogram' is not in list of known display types. Will attempt to infer using DISPLAY_TYPE.strip().lower().
  thc_ffw_16_v2: thc_ffw_16_v2 DISPLAY_TYPE = 'Spectrogram' is not in list of known display types. Will attempt to infer using DISPLAY_TYPE.strip().lower().
  thc_ffw_16_v3: thc_ffw_16_v3 DISPLAY_TYPE = 'Spectrogram' is not in list of known display types. Will attempt to infer using DISPLAY_TYPE.strip().lower().
  thc_ffw_16_v4: thc_ffw_16_v4 DISPLAY_TYPE = 'Spectrogram' is not in list of known display types. Will attempt to infer using DISPLAY_TYPE.strip().lower().
  thc_ffw_16_v5: thc_ffw_16_v5 DISPLAY_TYPE = 'Spectrogram' is not in list of known display types. Will attempt to infer using DISPLAY_TYPE.strip().lower().
  thc_ffw_16_v6: thc_ffw_16_v6 DISPLAY_TYPE = 'Spectrogram' is not in list of known display types. Will attempt to infer using DISPLAY_TYPE.strip().lower().
  thc_ffw_32_dbpara: thc_ffw_32_dbpara DISPLAY_TYPE = 'Spectrogram' is not in list of known display types. Will attempt to infer using DISPLAY_TYPE.strip().lower().
  thc_ffw_32_dbperp: thc_ffw_32_dbperp DISPLAY_TYPE = 'Spectrogram' is not in list of known display types. Will attempt to infer using DISPLAY_TYPE.strip().lower().
  thc_ffw_32_eac12: thc_ffw_32_eac12 DISPLAY_TYPE = 'Spectrogram' is not in list of known display types. Will attempt to infer using DISPLAY_TYPE.strip().lower().
  thc_ffw_32_eac34: thc_ffw_32_eac34 DISPLAY_TYPE = 'Spectrogram' is not in list of known display types. Will attempt to infer using DISPLAY_TYPE.strip().lower().
  thc_ffw_32_eac56: thc_ffw_32_eac56 DISPLAY_TYPE = 'Spectrogram' is not in list of known display types. Will attempt to infer using DISPLAY_TYPE.strip().lower().
  thc_ffw_32_edc12: thc_ffw_32_edc12 DISPLAY_TYPE = 'Spectrogram' is not in list of known display types. Will attempt to infer using DISPLAY_TYPE.strip().lower().
  thc_ffw_32_edc34: thc_ffw_32_edc34 DISPLAY_TYPE = 'Spectrogram' is not in list of known display types. Will attempt to infer using DISPLAY_TYPE.strip().lower().
  thc_ffw_32_edc56: thc_ffw_32_edc56 DISPLAY_TYPE = 'Spectrogram' is not in list of known display types. Will attempt to infer using DISPLAY_TYPE.strip().lower().
  thc_ffw_32_epara: thc_ffw_32_epara DISPLAY_TYPE = 'Spectrogram' is not in list of known display types. Will attempt to infer using DISPLAY_TYPE.strip().lower().
  thc_ffw_32_eperp: thc_ffw_32_eperp DISPLAY_TYPE = 'Spectrogram' is not in list of known display types. Will attempt to infer using DISPLAY_TYPE.strip().lower().
  thc_ffw_32_scm1: thc_ffw_32_scm1 DISPLAY_TYPE = 'Spectrogram' is not in list of known display types. Will attempt to infer using DISPLAY_TYPE.strip().lower().
  thc_ffw_32_scm2: thc_ffw_32_scm2 DISPLAY_TYPE = 'Spectrogram' is not in list of known display types. Will attempt to infer using DISPLAY_TYPE.strip().lower().
  thc_ffw_32_scm3: thc_ffw_32_scm3 DISPLAY_TYPE = 'Spectrogram' is not in list of known display types. Will attempt to infer using DISPLAY_TYPE.strip().lower().
  thc_ffw_32_v1: thc_ffw_32_v1 DISPLAY_TYPE = 'Spectrogram' is not in list of known display types. Will attempt to infer using DISPLAY_TYPE.strip().lower().
  thc_ffw_32_v2: thc_ffw_32_v2 DISPLAY_TYPE = 'Spectrogram' is not in list of known display types. Will attempt to infer using DISPLAY_TYPE.strip().lower().
  thc_ffw_32_v3: thc_ffw_32_v3 DISPLAY_TYPE = 'Spectrogram' is not in list of known display types. Will attempt to infer using DISPLAY_TYPE.strip().lower().
  thc_ffw_32_v4: thc_ffw_32_v4 DISPLAY_TYPE = 'Spectrogram' is not in list of known display types. Will attempt to infer using DISPLAY_TYPE.strip().lower().
  thc_ffw_32_v5: thc_ffw_32_v5 DISPLAY_TYPE = 'Spectrogram' is not in list of known display types. Will attempt to infer using DISPLAY_TYPE.strip().lower().
  thc_ffw_32_v6: thc_ffw_32_v6 DISPLAY_TYPE = 'Spectrogram' is not in list of known display types. Will attempt to infer using DISPLAY_TYPE.strip().lower().
  thc_ffw_64_dbpara: thc_ffw_64_dbpara DISPLAY_TYPE = 'Spectrogram' is not in list of known display types. Will attempt to infer using DISPLAY_TYPE.strip().lower().
  thc_ffw_64_dbperp: thc_ffw_64_dbperp DISPLAY_TYPE = 'Spectrogram' is not in list of known display types. Will attempt to infer using DISPLAY_TYPE.strip().lower().
  thc_ffw_64_eac12: thc_ffw_64_eac12 DISPLAY_TYPE = 'Spectrogram' is not in list of known display types. Will attempt to infer using DISPLAY_TYPE.strip().lower().
  thc_ffw_64_eac34: thc_ffw_64_eac34 DISPLAY_TYPE = 'Spectrogram' is not in list of known display types. Will attempt to infer using DISPLAY_TYPE.strip().lower().
  thc_ffw_64_eac56: thc_ffw_64_eac56 DISPLAY_TYPE = 'Spectrogram' is not in list of known display types. Will attempt to infer using DISPLAY_TYPE.strip().lower().
  thc_ffw_64_edc12: thc_ffw_64_edc12 DISPLAY_TYPE = 'Spectrogram' is not in list of known display types. Will attempt to infer using DISPLAY_TYPE.strip().lower().
  thc_ffw_64_edc34: thc_ffw_64_edc34 DISPLAY_TYPE = 'Spectrogram' is not in list of known display types. Will attempt to infer using DISPLAY_TYPE.strip().lower().
  thc_ffw_64_edc56: thc_ffw_64_edc56 DISPLAY_TYPE = 'Spectrogram' is not in list of known display types. Will attempt to infer using DISPLAY_TYPE.strip().lower().
  thc_ffw_64_epara: thc_ffw_64_epara DISPLAY_TYPE = 'Spectrogram' is not in list of known display types. Will attempt to infer using DISPLAY_TYPE.strip().lower().
  thc_ffw_64_eperp: thc_ffw_64_eperp DISPLAY_TYPE = 'Spectrogram' is not in list of known display types. Will attempt to infer using DISPLAY_TYPE.strip().lower().
  thc_ffw_64_scm1: thc_ffw_64_scm1 DISPLAY_TYPE = 'Spectrogram' is not in list of known display types. Will attempt to infer using DISPLAY_TYPE.strip().lower().
  thc_ffw_64_scm2: thc_ffw_64_scm2 DISPLAY_TYPE = 'Spectrogram' is not in list of known display types. Will attempt to infer using DISPLAY_TYPE.strip().lower().
  thc_ffw_64_scm3: thc_ffw_64_scm3 DISPLAY_TYPE = 'Spectrogram' is not in list of known display types. Will attempt to infer using DISPLAY_TYPE.strip().lower().
  thc_ffw_64_v1: thc_ffw_64_v1 DISPLAY_TYPE = 'Spectrogram' is not in list of known display types. Will attempt to infer using DISPLAY_TYPE.strip().lower().
  thc_ffw_64_v2: thc_ffw_64_v2 DISPLAY_TYPE = 'Spectrogram' is not in list of known display types. Will attempt to infer using DISPLAY_TYPE.strip().lower().
  thc_ffw_64_v3: thc_ffw_64_v3 DISPLAY_TYPE = 'Spectrogram' is not in list of known display types. Will attempt to infer using DISPLAY_TYPE.strip().lower().
  thc_ffw_64_v4: thc_ffw_64_v4 DISPLAY_TYPE = 'Spectrogram' is not in list of known display types. Will attempt to infer using DISPLAY_TYPE.strip().lower().
  thc_ffw_64_v5: thc_ffw_64_v5 DISPLAY_TYPE = 'Spectrogram' is not in list of known display types. Will attempt to infer using DISPLAY_TYPE.strip().lower().
  thc_ffw_64_v6: thc_ffw_64_v6 DISPLAY_TYPE = 'Spectrogram' is not in list of known display types. Will attempt to infer using DISPLAY_TYPE.strip().lower().
THC_L2_MERGED | ISTP.DISPLAY_TYPE.Unknown:
  xyz_lbl: xyz_lbl DISPLAY_TYPE = 'TIME_SERIES' is not in list of known display types. Will attempt to infer using DISPLAY_TYPE.strip().lower().
  cartesian: cartesian DISPLAY_TYPE = 'TIME_SERIES' is not in list of known display types. Will attempt to infer using DISPLAY_TYPE.strip().lower().
THC_OR_SSC | ISTP.DISPLAY_TYPE.Unknown:
  RADIUS: RADIUS DISPLAY_TYPE = 'TIME_SERIES' is not in list of known display types. Will attempt to infer using DISPLAY_TYPE.strip().lower().
  GSE_LAT: GSE_LAT DISPLAY_TYPE = 'TIME_SERIES' is not in list of known display types. Will attempt to infer using DISPLAY_TYPE.strip().lower().
  GSE_LON: GSE_LON DISPLAY_TYPE = 'TIME_SERIES' is not in list of known display types. Will attempt to infer using DISPLAY_TYPE.strip().lower().
  GSE_LCT_T: GSE_LCT_T DISPLAY_TYPE = 'TIME_SERIES' is not in list of known display types. Will attempt to infer using DISPLAY_TYPE.strip().lower().
  GSM_LAT: GSM_LAT DISPLAY_TYPE = 'TIME_SERIES' is not in list of known display types. Will attempt to infer using DISPLAY_TYPE.strip().lower().
  GSM_LON: GSM_LON DISPLAY_TYPE = 'TIME_SERIES' is not in list of known display types. Will attempt to infer using DISPLAY_TYPE.strip().lower().
  SM_LAT: SM_LAT DISPLAY_TYPE = 'TIME_SERIES' is not in list of known display types. Will attempt to infer using DISPLAY_TYPE.strip().lower().
  SM_LON: SM_LON DISPLAY_TYPE = 'TIME_SERIES' is not in list of known display types. Will attempt to infer using DISPLAY_TYPE.strip().lower().
  SM_LCT_T: SM_LCT_T DISPLAY_TYPE = 'TIME_SERIES' is not in list of known display types. Will attempt to infer using DISPLAY_TYPE.strip().lower().
  XYZ_GEO: XYZ_GEO DISPLAY_TYPE = 'TIME_SERIES' is not in list of known display types. Will attempt to infer using DISPLAY_TYPE.strip().lower().
  GEO_LAT: GEO_LAT DISPLAY_TYPE = 'TIME_SERIES' is not in list of known display types. Will attempt to infer using DISPLAY_TYPE.strip().lower().
  GEO_LON: GEO_LON DISPLAY_TYPE = 'TIME_SERIES' is not in list of known display types. Will attempt to infer using DISPLAY_TYPE.strip().lower().
  GEO_LCT_T: GEO_LCT_T DISPLAY_TYPE = 'TIME_SERIES' is not in list of known display types. Will attempt to infer using DISPLAY_TYPE.strip().lower().
  NorthBtrace_GEO_LAT: NorthBtrace_GEO_LAT DISPLAY_TYPE = 'TIME_SERIES' is not in list of known display types. Will attempt to infer using DISPLAY_TYPE.strip().lower().
  NorthBtrace_GEO_LON: NorthBtrace_GEO_LON DISPLAY_TYPE = 'TIME_SERIES' is not in list of known display types. Will attempt to infer using DISPLAY_TYPE.strip().lower().
  NorthBtrace_GEO_ARCLEN: NorthBtrace_GEO_ARCLEN DISPLAY_TYPE = 'TIME_SERIES' is not in list of known display types. Will attempt to infer using DISPLAY_TYPE.strip().lower().
  SouthBtrace_GEO_LAT: SouthBtrace_GEO_LAT DISPLAY_TYPE = 'TIME_SERIES' is not in list of known display types. Will attempt to infer using DISPLAY_TYPE.strip().lower().
  SouthBtrace_GEO_LON: SouthBtrace_GEO_LON DISPLAY_TYPE = 'TIME_SERIES' is not in list of known display types. Will attempt to infer using DISPLAY_TYPE.strip().lower().
  SouthBtrace_GEO_ARCLEN: SouthBtrace_GEO_ARCLEN DISPLAY_TYPE = 'TIME_SERIES' is not in list of known display types. Will attempt to infer using DISPLAY_TYPE.strip().lower().
  GM_LAT: GM_LAT DISPLAY_TYPE = 'TIME_SERIES' is not in list of known display types. Will attempt to infer using DISPLAY_TYPE.strip().lower().
  GM_LON: GM_LON DISPLAY_TYPE = 'TIME_SERIES' is not in list of known display types. Will attempt to infer using DISPLAY_TYPE.strip().lower().
  NorthBtrace_GM_LAT: NorthBtrace_GM_LAT DISPLAY_TYPE = 'TIME_SERIES' is not in list of known display types. Will attempt to infer using DISPLAY_TYPE.strip().lower().
  NorthBtrace_GM_LON: NorthBtrace_GM_LON DISPLAY_TYPE = 'TIME_SERIES' is not in list of known display types. Will attempt to infer using DISPLAY_TYPE.strip().lower().
  NorthBtrace_GM_ARCLEN: NorthBtrace_GM_ARCLEN DISPLAY_TYPE = 'TIME_SERIES' is not in list of known display types. Will attempt to infer using DISPLAY_TYPE.strip().lower().
  SouthBtrace_GM_LAT: SouthBtrace_GM_LAT DISPLAY_TYPE = 'TIME_SERIES' is not in list of known display types. Will attempt to infer using DISPLAY_TYPE.strip().lower().
  SouthBtrace_GM_LON: SouthBtrace_GM_LON DISPLAY_TYPE = 'TIME_SERIES' is not in list of known display types. Will attempt to infer using DISPLAY_TYPE.strip().lower().
  SouthBtrace_GM_ARCLEN: SouthBtrace_GM_ARCLEN DISPLAY_TYPE = 'TIME_SERIES' is not in list of known display types. Will attempt to infer using DISPLAY_TYPE.strip().lower().
  MAG_STRTH: MAG_STRTH DISPLAY_TYPE = 'TIME_SERIES' is not in list of known display types. Will attempt to infer using DISPLAY_TYPE.strip().lower().
  DNEUTS: DNEUTS DISPLAY_TYPE = 'TIME_SERIES' is not in list of known display types. Will attempt to infer using DISPLAY_TYPE.strip().lower().
  BOW_SHOCK: BOW_SHOCK DISPLAY_TYPE = 'TIME_SERIES' is not in list of known display types. Will attempt to infer using DISPLAY_TYPE.strip().lower().
  MAG_PAUSE: MAG_PAUSE DISPLAY_TYPE = 'TIME_SERIES' is not in list of known display types. Will attempt to infer using DISPLAY_TYPE.strip().lower().
  L_VALUE: L_VALUE DISPLAY_TYPE = 'TIME_SERIES' is not in list of known display types. Will attempt to infer using DISPLAY_TYPE.strip().lower().
  INVAR_LAT: INVAR_LAT DISPLAY_TYPE = 'TIME_SERIES' is not in list of known display types. Will attempt to infer using DISPLAY_TYPE.strip().lower().
  MAG_Y: MAG_Y DISPLAY_TYPE = 'TIME_SERIES' is not in list of known display types. Will attempt to infer using DISPLAY_TYPE.strip().lower().
  MAG_Z: MAG_Z DISPLAY_TYPE = 'TIME_SERIES' is not in list of known display types. Will attempt to infer using DISPLAY_TYPE.strip().lower().
  cartesian: cartesian DISPLAY_TYPE = 'TIME_SERIES' is not in list of known display types. Will attempt to infer using DISPLAY_TYPE.strip().lower().
  xyz_lbl: xyz_lbl DISPLAY_TYPE = 'TIME_SERIES' is not in list of known display types. Will attempt to infer using DISPLAY_TYPE.strip().lower().
THDPRED_OR_SSC | ISTP.DISPLAY_TYPE.Unknown:
  RADIUS: RADIUS DISPLAY_TYPE = 'TIME_SERIES' is not in list of known display types. Will attempt to infer using DISPLAY_TYPE.strip().lower().
  GSE_LAT: GSE_LAT DISPLAY_TYPE = 'TIME_SERIES' is not in list of known display types. Will attempt to infer using DISPLAY_TYPE.strip().lower().
  GSE_LON: GSE_LON DISPLAY_TYPE = 'TIME_SERIES' is not in list of known display types. Will attempt to infer using DISPLAY_TYPE.strip().lower().
  GSE_LCT_T: GSE_LCT_T DISPLAY_TYPE = 'TIME_SERIES' is not in list of known display types. Will attempt to infer using DISPLAY_TYPE.strip().lower().
  GSM_LAT: GSM_LAT DISPLAY_TYPE = 'TIME_SERIES' is not in list of known display types. Will attempt to infer using DISPLAY_TYPE.strip().lower().
  GSM_LON: GSM_LON DISPLAY_TYPE = 'TIME_SERIES' is not in list of known display types. Will attempt to infer using DISPLAY_TYPE.strip().lower().
  SM_LAT: SM_LAT DISPLAY_TYPE = 'TIME_SERIES' is not in list of known display types. Will attempt to infer using DISPLAY_TYPE.strip().lower().
  SM_LON: SM_LON DISPLAY_TYPE = 'TIME_SERIES' is not in list of known display types. Will attempt to infer using DISPLAY_TYPE.strip().lower().
  SM_LCT_T: SM_LCT_T DISPLAY_TYPE = 'TIME_SERIES' is not in list of known display types. Will attempt to infer using DISPLAY_TYPE.strip().lower().
  XYZ_GEO: XYZ_GEO DISPLAY_TYPE = 'TIME_SERIES' is not in list of known display types. Will attempt to infer using DISPLAY_TYPE.strip().lower().
  GEO_LAT: GEO_LAT DISPLAY_TYPE = 'TIME_SERIES' is not in list of known display types. Will attempt to infer using DISPLAY_TYPE.strip().lower().
  GEO_LON: GEO_LON DISPLAY_TYPE = 'TIME_SERIES' is not in list of known display types. Will attempt to infer using DISPLAY_TYPE.strip().lower().
  GEO_LCT_T: GEO_LCT_T DISPLAY_TYPE = 'TIME_SERIES' is not in list of known display types. Will attempt to infer using DISPLAY_TYPE.strip().lower().
  NorthBtrace_GEO_LAT: NorthBtrace_GEO_LAT DISPLAY_TYPE = 'TIME_SERIES' is not in list of known display types. Will attempt to infer using DISPLAY_TYPE.strip().lower().
  NorthBtrace_GEO_LON: NorthBtrace_GEO_LON DISPLAY_TYPE = 'TIME_SERIES' is not in list of known display types. Will attempt to infer using DISPLAY_TYPE.strip().lower().
  NorthBtrace_GEO_ARCLEN: NorthBtrace_GEO_ARCLEN DISPLAY_TYPE = 'TIME_SERIES' is not in list of known display types. Will attempt to infer using DISPLAY_TYPE.strip().lower().
  SouthBtrace_GEO_LAT: SouthBtrace_GEO_LAT DISPLAY_TYPE = 'TIME_SERIES' is not in list of known display types. Will attempt to infer using DISPLAY_TYPE.strip().lower().
  SouthBtrace_GEO_LON: SouthBtrace_GEO_LON DISPLAY_TYPE = 'TIME_SERIES' is not in list of known display types. Will attempt to infer using DISPLAY_TYPE.strip().lower().
  SouthBtrace_GEO_ARCLEN: SouthBtrace_GEO_ARCLEN DISPLAY_TYPE = 'TIME_SERIES' is not in list of known display types. Will attempt to infer using DISPLAY_TYPE.strip().lower().
  GM_LAT: GM_LAT DISPLAY_TYPE = 'TIME_SERIES' is not in list of known display types. Will attempt to infer using DISPLAY_TYPE.strip().lower().
  GM_LON: GM_LON DISPLAY_TYPE = 'TIME_SERIES' is not in list of known display types. Will attempt to infer using DISPLAY_TYPE.strip().lower().
  NorthBtrace_GM_LAT: NorthBtrace_GM_LAT DISPLAY_TYPE = 'TIME_SERIES' is not in list of known display types. Will attempt to infer using DISPLAY_TYPE.strip().lower().
  NorthBtrace_GM_LON: NorthBtrace_GM_LON DISPLAY_TYPE = 'TIME_SERIES' is not in list of known display types. Will attempt to infer using DISPLAY_TYPE.strip().lower().
  NorthBtrace_GM_ARCLEN: NorthBtrace_GM_ARCLEN DISPLAY_TYPE = 'TIME_SERIES' is not in list of known display types. Will attempt to infer using DISPLAY_TYPE.strip().lower().
  SouthBtrace_GM_LAT: SouthBtrace_GM_LAT DISPLAY_TYPE = 'TIME_SERIES' is not in list of known display types. Will attempt to infer using DISPLAY_TYPE.strip().lower().
  SouthBtrace_GM_LON: SouthBtrace_GM_LON DISPLAY_TYPE = 'TIME_SERIES' is not in list of known display types. Will attempt to infer using DISPLAY_TYPE.strip().lower().
  SouthBtrace_GM_ARCLEN: SouthBtrace_GM_ARCLEN DISPLAY_TYPE = 'TIME_SERIES' is not in list of known display types. Will attempt to infer using DISPLAY_TYPE.strip().lower().
  MAG_STRTH: MAG_STRTH DISPLAY_TYPE = 'TIME_SERIES' is not in list of known display types. Will attempt to infer using DISPLAY_TYPE.strip().lower().
  DNEUTS: DNEUTS DISPLAY_TYPE = 'TIME_SERIES' is not in list of known display types. Will attempt to infer using DISPLAY_TYPE.strip().lower().
  BOW_SHOCK: BOW_SHOCK DISPLAY_TYPE = 'TIME_SERIES' is not in list of known display types. Will attempt to infer using DISPLAY_TYPE.strip().lower().
  MAG_PAUSE: MAG_PAUSE DISPLAY_TYPE = 'TIME_SERIES' is not in list of known display types. Will attempt to infer using DISPLAY_TYPE.strip().lower().
  L_VALUE: L_VALUE DISPLAY_TYPE = 'TIME_SERIES' is not in list of known display types. Will attempt to infer using DISPLAY_TYPE.strip().lower().
  INVAR_LAT: INVAR_LAT DISPLAY_TYPE = 'TIME_SERIES' is not in list of known display types. Will attempt to infer using DISPLAY_TYPE.strip().lower().
  MAG_Y: MAG_Y DISPLAY_TYPE = 'TIME_SERIES' is not in list of known display types. Will attempt to infer using DISPLAY_TYPE.strip().lower().
  MAG_Z: MAG_Z DISPLAY_TYPE = 'TIME_SERIES' is not in list of known display types. Will attempt to infer using DISPLAY_TYPE.strip().lower().
  cartesian: cartesian DISPLAY_TYPE = 'TIME_SERIES' is not in list of known display types. Will attempt to infer using DISPLAY_TYPE.strip().lower().
  xyz_lbl: xyz_lbl DISPLAY_TYPE = 'TIME_SERIES' is not in list of known display types. Will attempt to infer using DISPLAY_TYPE.strip().lower().
THD_L2_FFT | ISTP.DISPLAY_TYPE.Unknown:
  thd_fff_16_dbpara: thd_fff_16_dbpara DISPLAY_TYPE = 'Spectrogram' is not in list of known display types. Will attempt to infer using DISPLAY_TYPE.strip().lower().
  thd_fff_16_dbperp: thd_fff_16_dbperp DISPLAY_TYPE = 'Spectrogram' is not in list of known display types. Will attempt to infer using DISPLAY_TYPE.strip().lower().
  thd_fff_16_eac12: thd_fff_16_eac12 DISPLAY_TYPE = 'Spectrogram' is not in list of known display types. Will attempt to infer using DISPLAY_TYPE.strip().lower().
  thd_fff_16_eac34: thd_fff_16_eac34 DISPLAY_TYPE = 'Spectrogram' is not in list of known display types. Will attempt to infer using DISPLAY_TYPE.strip().lower().
  thd_fff_16_eac56: thd_fff_16_eac56 DISPLAY_TYPE = 'Spectrogram' is not in list of known display types. Will attempt to infer using DISPLAY_TYPE.strip().lower().
  thd_fff_16_edc12: thd_fff_16_edc12 DISPLAY_TYPE = 'Spectrogram' is not in list of known display types. Will attempt to infer using DISPLAY_TYPE.strip().lower().
  thd_fff_16_edc34: thd_fff_16_edc34 DISPLAY_TYPE = 'Spectrogram' is not in list of known display types. Will attempt to infer using DISPLAY_TYPE.strip().lower().
  thd_fff_16_edc56: thd_fff_16_edc56 DISPLAY_TYPE = 'Spectrogram' is not in list of known display types. Will attempt to infer using DISPLAY_TYPE.strip().lower().
  thd_fff_16_epara: thd_fff_16_epara DISPLAY_TYPE = 'Spectrogram' is not in list of known display types. Will attempt to infer using DISPLAY_TYPE.strip().lower().
  thd_fff_16_eperp: thd_fff_16_eperp DISPLAY_TYPE = 'Spectrogram' is not in list of known display types. Will attempt to infer using DISPLAY_TYPE.strip().lower().
  thd_fff_16_scm1: thd_fff_16_scm1 DISPLAY_TYPE = 'Spectrogram' is not in list of known display types. Will attempt to infer using DISPLAY_TYPE.strip().lower().
  thd_fff_16_scm2: thd_fff_16_scm2 DISPLAY_TYPE = 'Spectrogram' is not in list of known display types. Will attempt to infer using DISPLAY_TYPE.strip().lower().
  thd_fff_16_scm3: thd_fff_16_scm3 DISPLAY_TYPE = 'Spectrogram' is not in list of known display types. Will attempt to infer using DISPLAY_TYPE.strip().lower().
  thd_fff_16_v1: thd_fff_16_v1 DISPLAY_TYPE = 'Spectrogram' is not in list of known display types. Will attempt to infer using DISPLAY_TYPE.strip().lower().
  thd_fff_16_v2: thd_fff_16_v2 DISPLAY_TYPE = 'Spectrogram' is not in list of known display types. Will attempt to infer using DISPLAY_TYPE.strip().lower().
  thd_fff_16_v3: thd_fff_16_v3 DISPLAY_TYPE = 'Spectrogram' is not in list of known display types. Will attempt to infer using DISPLAY_TYPE.strip().lower().
  thd_fff_16_v4: thd_fff_16_v4 DISPLAY_TYPE = 'Spectrogram' is not in list of known display types. Will attempt to infer using DISPLAY_TYPE.strip().lower().
  thd_fff_16_v5: thd_fff_16_v5 DISPLAY_TYPE = 'Spectrogram' is not in list of known display types. Will attempt to infer using DISPLAY_TYPE.strip().lower().
  thd_fff_16_v6: thd_fff_16_v6 DISPLAY_TYPE = 'Spectrogram' is not in list of known display types. Will attempt to infer using DISPLAY_TYPE.strip().lower().
  thd_fff_32_dbpara: thd_fff_32_dbpara DISPLAY_TYPE = 'Spectrogram' is not in list of known display types. Will attempt to infer using DISPLAY_TYPE.strip().lower().
  thd_fff_32_dbperp: thd_fff_32_dbperp DISPLAY_TYPE = 'Spectrogram' is not in list of known display types. Will attempt to infer using DISPLAY_TYPE.strip().lower().
  thd_fff_32_eac12: thd_fff_32_eac12 DISPLAY_TYPE = 'Spectrogram' is not in list of known display types. Will attempt to infer using DISPLAY_TYPE.strip().lower().
  thd_fff_32_eac34: thd_fff_32_eac34 DISPLAY_TYPE = 'Spectrogram' is not in list of known display types. Will attempt to infer using DISPLAY_TYPE.strip().lower().
  thd_fff_32_eac56: thd_fff_32_eac56 DISPLAY_TYPE = 'Spectrogram' is not in list of known display types. Will attempt to infer using DISPLAY_TYPE.strip().lower().
  thd_fff_32_edc12: thd_fff_32_edc12 DISPLAY_TYPE = 'Spectrogram' is not in list of known display types. Will attempt to infer using DISPLAY_TYPE.strip().lower().
  thd_fff_32_edc34: thd_fff_32_edc34 DISPLAY_TYPE = 'Spectrogram' is not in list of known display types. Will attempt to infer using DISPLAY_TYPE.strip().lower().
  thd_fff_32_edc56: thd_fff_32_edc56 DISPLAY_TYPE = 'Spectrogram' is not in list of known display types. Will attempt to infer using DISPLAY_TYPE.strip().lower().
  thd_fff_32_epara: thd_fff_32_epara DISPLAY_TYPE = 'Spectrogram' is not in list of known display types. Will attempt to infer using DISPLAY_TYPE.strip().lower().
  thd_fff_32_eperp: thd_fff_32_eperp DISPLAY_TYPE = 'Spectrogram' is not in list of known display types. Will attempt to infer using DISPLAY_TYPE.strip().lower().
  thd_fff_32_scm1: thd_fff_32_scm1 DISPLAY_TYPE = 'Spectrogram' is not in list of known display types. Will attempt to infer using DISPLAY_TYPE.strip().lower().
  thd_fff_32_scm2: thd_fff_32_scm2 DISPLAY_TYPE = 'Spectrogram' is not in list of known display types. Will attempt to infer using DISPLAY_TYPE.strip().lower().
  thd_fff_32_scm3: thd_fff_32_scm3 DISPLAY_TYPE = 'Spectrogram' is not in list of known display types. Will attempt to infer using DISPLAY_TYPE.strip().lower().
  thd_fff_32_v1: thd_fff_32_v1 DISPLAY_TYPE = 'Spectrogram' is not in list of known display types. Will attempt to infer using DISPLAY_TYPE.strip().lower().
  thd_fff_32_v2: thd_fff_32_v2 DISPLAY_TYPE = 'Spectrogram' is not in list of known display types. Will attempt to infer using DISPLAY_TYPE.strip().lower().
  thd_fff_32_v3: thd_fff_32_v3 DISPLAY_TYPE = 'Spectrogram' is not in list of known display types. Will attempt to infer using DISPLAY_TYPE.strip().lower().
  thd_fff_32_v4: thd_fff_32_v4 DISPLAY_TYPE = 'Spectrogram' is not in list of known display types. Will attempt to infer using DISPLAY_TYPE.strip().lower().
  thd_fff_32_v5: thd_fff_32_v5 DISPLAY_TYPE = 'Spectrogram' is not in list of known display types. Will attempt to infer using DISPLAY_TYPE.strip().lower().
  thd_fff_32_v6: thd_fff_32_v6 DISPLAY_TYPE = 'Spectrogram' is not in list of known display types. Will attempt to infer using DISPLAY_TYPE.strip().lower().
  thd_fff_64_dbpara: thd_fff_64_dbpara DISPLAY_TYPE = 'Spectrogram' is not in list of known display types. Will attempt to infer using DISPLAY_TYPE.strip().lower().
  thd_fff_64_dbperp: thd_fff_64_dbperp DISPLAY_TYPE = 'Spectrogram' is not in list of known display types. Will attempt to infer using DISPLAY_TYPE.strip().lower().
  thd_fff_64_eac12: thd_fff_64_eac12 DISPLAY_TYPE = 'Spectrogram' is not in list of known display types. Will attempt to infer using DISPLAY_TYPE.strip().lower().
  thd_fff_64_eac34: thd_fff_64_eac34 DISPLAY_TYPE = 'Spectrogram' is not in list of known display types. Will attempt to infer using DISPLAY_TYPE.strip().lower().
  thd_fff_64_eac56: thd_fff_64_eac56 DISPLAY_TYPE = 'Spectrogram' is not in list of known display types. Will attempt to infer using DISPLAY_TYPE.strip().lower().
  thd_fff_64_edc12: thd_fff_64_edc12 DISPLAY_TYPE = 'Spectrogram' is not in list of known display types. Will attempt to infer using DISPLAY_TYPE.strip().lower().
  thd_fff_64_edc34: thd_fff_64_edc34 DISPLAY_TYPE = 'Spectrogram' is not in list of known display types. Will attempt to infer using DISPLAY_TYPE.strip().lower().
  thd_fff_64_edc56: thd_fff_64_edc56 DISPLAY_TYPE = 'Spectrogram' is not in list of known display types. Will attempt to infer using DISPLAY_TYPE.strip().lower().
  thd_fff_64_epara: thd_fff_64_epara DISPLAY_TYPE = 'Spectrogram' is not in list of known display types. Will attempt to infer using DISPLAY_TYPE.strip().lower().
  thd_fff_64_eperp: thd_fff_64_eperp DISPLAY_TYPE = 'Spectrogram' is not in list of known display types. Will attempt to infer using DISPLAY_TYPE.strip().lower().
  thd_fff_64_scm1: thd_fff_64_scm1 DISPLAY_TYPE = 'Spectrogram' is not in list of known display types. Will attempt to infer using DISPLAY_TYPE.strip().lower().
  thd_fff_64_scm2: thd_fff_64_scm2 DISPLAY_TYPE = 'Spectrogram' is not in list of known display types. Will attempt to infer using DISPLAY_TYPE.strip().lower().
  thd_fff_64_scm3: thd_fff_64_scm3 DISPLAY_TYPE = 'Spectrogram' is not in list of known display types. Will attempt to infer using DISPLAY_TYPE.strip().lower().
  thd_fff_64_v1: thd_fff_64_v1 DISPLAY_TYPE = 'Spectrogram' is not in list of known display types. Will attempt to infer using DISPLAY_TYPE.strip().lower().
  thd_fff_64_v2: thd_fff_64_v2 DISPLAY_TYPE = 'Spectrogram' is not in list of known display types. Will attempt to infer using DISPLAY_TYPE.strip().lower().
  thd_fff_64_v3: thd_fff_64_v3 DISPLAY_TYPE = 'Spectrogram' is not in list of known display types. Will attempt to infer using DISPLAY_TYPE.strip().lower().
  thd_fff_64_v4: thd_fff_64_v4 DISPLAY_TYPE = 'Spectrogram' is not in list of known display types. Will attempt to infer using DISPLAY_TYPE.strip().lower().
  thd_fff_64_v5: thd_fff_64_v5 DISPLAY_TYPE = 'Spectrogram' is not in list of known display types. Will attempt to infer using DISPLAY_TYPE.strip().lower().
  thd_fff_64_v6: thd_fff_64_v6 DISPLAY_TYPE = 'Spectrogram' is not in list of known display types. Will attempt to infer using DISPLAY_TYPE.strip().lower().
  thd_ffp_16_dbpara: thd_ffp_16_dbpara DISPLAY_TYPE = 'Spectrogram' is not in list of known display types. Will attempt to infer using DISPLAY_TYPE.strip().lower().
  thd_ffp_16_dbperp: thd_ffp_16_dbperp DISPLAY_TYPE = 'Spectrogram' is not in list of known display types. Will attempt to infer using DISPLAY_TYPE.strip().lower().
  thd_ffp_16_eac12: thd_ffp_16_eac12 DISPLAY_TYPE = 'Spectrogram' is not in list of known display types. Will attempt to infer using DISPLAY_TYPE.strip().lower().
  thd_ffp_16_eac34: thd_ffp_16_eac34 DISPLAY_TYPE = 'Spectrogram' is not in list of known display types. Will attempt to infer using DISPLAY_TYPE.strip().lower().
  thd_ffp_16_eac56: thd_ffp_16_eac56 DISPLAY_TYPE = 'Spectrogram' is not in list of known display types. Will attempt to infer using DISPLAY_TYPE.strip().lower().
  thd_ffp_16_edc12: thd_ffp_16_edc12 DISPLAY_TYPE = 'Spectrogram' is not in list of known display types. Will attempt to infer using DISPLAY_TYPE.strip().lower().
  thd_ffp_16_edc34: thd_ffp_16_edc34 DISPLAY_TYPE = 'Spectrogram' is not in list of known display types. Will attempt to infer using DISPLAY_TYPE.strip().lower().
  thd_ffp_16_edc56: thd_ffp_16_edc56 DISPLAY_TYPE = 'Spectrogram' is not in list of known display types. Will attempt to infer using DISPLAY_TYPE.strip().lower().
  thd_ffp_16_epara: thd_ffp_16_epara DISPLAY_TYPE = 'Spectrogram' is not in list of known display types. Will attempt to infer using DISPLAY_TYPE.strip().lower().
  thd_ffp_16_eperp: thd_ffp_16_eperp DISPLAY_TYPE = 'Spectrogram' is not in list of known display types. Will attempt to infer using DISPLAY_TYPE.strip().lower().
  thd_ffp_16_scm1: thd_ffp_16_scm1 DISPLAY_TYPE = 'Spectrogram' is not in list of known display types. Will attempt to infer using DISPLAY_TYPE.strip().lower().
  thd_ffp_16_scm2: thd_ffp_16_scm2 DISPLAY_TYPE = 'Spectrogram' is not in list of known display types. Will attempt to infer using DISPLAY_TYPE.strip().lower().
  thd_ffp_16_scm3: thd_ffp_16_scm3 DISPLAY_TYPE = 'Spectrogram' is not in list of known display types. Will attempt to infer using DISPLAY_TYPE.strip().lower().
  thd_ffp_16_v1: thd_ffp_16_v1 DISPLAY_TYPE = 'Spectrogram' is not in list of known display types. Will attempt to infer using DISPLAY_TYPE.strip().lower().
  thd_ffp_16_v2: thd_ffp_16_v2 DISPLAY_TYPE = 'Spectrogram' is not in list of known display types. Will attempt to infer using DISPLAY_TYPE.strip().lower().
  thd_ffp_16_v3: thd_ffp_16_v3 DISPLAY_TYPE = 'Spectrogram' is not in list of known display types. Will attempt to infer using DISPLAY_TYPE.strip().lower().
  thd_ffp_16_v4: thd_ffp_16_v4 DISPLAY_TYPE = 'Spectrogram' is not in list of known display types. Will attempt to infer using DISPLAY_TYPE.strip().lower().
  thd_ffp_16_v5: thd_ffp_16_v5 DISPLAY_TYPE = 'Spectrogram' is not in list of known display types. Will attempt to infer using DISPLAY_TYPE.strip().lower().
  thd_ffp_16_v6: thd_ffp_16_v6 DISPLAY_TYPE = 'Spectrogram' is not in list of known display types. Will attempt to infer using DISPLAY_TYPE.strip().lower().
  thd_ffp_32_dbpara: thd_ffp_32_dbpara DISPLAY_TYPE = 'Spectrogram' is not in list of known display types. Will attempt to infer using DISPLAY_TYPE.strip().lower().
  thd_ffp_32_dbperp: thd_ffp_32_dbperp DISPLAY_TYPE = 'Spectrogram' is not in list of known display types. Will attempt to infer using DISPLAY_TYPE.strip().lower().
  thd_ffp_32_eac12: thd_ffp_32_eac12 DISPLAY_TYPE = 'Spectrogram' is not in list of known display types. Will attempt to infer using DISPLAY_TYPE.strip().lower().
  thd_ffp_32_eac34: thd_ffp_32_eac34 DISPLAY_TYPE = 'Spectrogram' is not in list of known display types. Will attempt to infer using DISPLAY_TYPE.strip().lower().
  thd_ffp_32_eac56: thd_ffp_32_eac56 DISPLAY_TYPE = 'Spectrogram' is not in list of known display types. Will attempt to infer using DISPLAY_TYPE.strip().lower().
  thd_ffp_32_edc12: thd_ffp_32_edc12 DISPLAY_TYPE = 'Spectrogram' is not in list of known display types. Will attempt to infer using DISPLAY_TYPE.strip().lower().
  thd_ffp_32_edc34: thd_ffp_32_edc34 DISPLAY_TYPE = 'Spectrogram' is not in list of known display types. Will attempt to infer using DISPLAY_TYPE.strip().lower().
  thd_ffp_32_edc56: thd_ffp_32_edc56 DISPLAY_TYPE = 'Spectrogram' is not in list of known display types. Will attempt to infer using DISPLAY_TYPE.strip().lower().
  thd_ffp_32_epara: thd_ffp_32_epara DISPLAY_TYPE = 'Spectrogram' is not in list of known display types. Will attempt to infer using DISPLAY_TYPE.strip().lower().
  thd_ffp_32_eperp: thd_ffp_32_eperp DISPLAY_TYPE = 'Spectrogram' is not in list of known display types. Will attempt to infer using DISPLAY_TYPE.strip().lower().
  thd_ffp_32_scm1: thd_ffp_32_scm1 DISPLAY_TYPE = 'Spectrogram' is not in list of known display types. Will attempt to infer using DISPLAY_TYPE.strip().lower().
  thd_ffp_32_scm2: thd_ffp_32_scm2 DISPLAY_TYPE = 'Spectrogram' is not in list of known display types. Will attempt to infer using DISPLAY_TYPE.strip().lower().
  thd_ffp_32_scm3: thd_ffp_32_scm3 DISPLAY_TYPE = 'Spectrogram' is not in list of known display types. Will attempt to infer using DISPLAY_TYPE.strip().lower().
  thd_ffp_32_v1: thd_ffp_32_v1 DISPLAY_TYPE = 'Spectrogram' is not in list of known display types. Will attempt to infer using DISPLAY_TYPE.strip().lower().
  thd_ffp_32_v2: thd_ffp_32_v2 DISPLAY_TYPE = 'Spectrogram' is not in list of known display types. Will attempt to infer using DISPLAY_TYPE.strip().lower().
  thd_ffp_32_v3: thd_ffp_32_v3 DISPLAY_TYPE = 'Spectrogram' is not in list of known display types. Will attempt to infer using DISPLAY_TYPE.strip().lower().
  thd_ffp_32_v4: thd_ffp_32_v4 DISPLAY_TYPE = 'Spectrogram' is not in list of known display types. Will attempt to infer using DISPLAY_TYPE.strip().lower().
  thd_ffp_32_v5: thd_ffp_32_v5 DISPLAY_TYPE = 'Spectrogram' is not in list of known display types. Will attempt to infer using DISPLAY_TYPE.strip().lower().
  thd_ffp_32_v6: thd_ffp_32_v6 DISPLAY_TYPE = 'Spectrogram' is not in list of known display types. Will attempt to infer using DISPLAY_TYPE.strip().lower().
  thd_ffp_64_dbpara: thd_ffp_64_dbpara DISPLAY_TYPE = 'Spectrogram' is not in list of known display types. Will attempt to infer using DISPLAY_TYPE.strip().lower().
  thd_ffp_64_dbperp: thd_ffp_64_dbperp DISPLAY_TYPE = 'Spectrogram' is not in list of known display types. Will attempt to infer using DISPLAY_TYPE.strip().lower().
  thd_ffp_64_eac12: thd_ffp_64_eac12 DISPLAY_TYPE = 'Spectrogram' is not in list of known display types. Will attempt to infer using DISPLAY_TYPE.strip().lower().
  thd_ffp_64_eac34: thd_ffp_64_eac34 DISPLAY_TYPE = 'Spectrogram' is not in list of known display types. Will attempt to infer using DISPLAY_TYPE.strip().lower().
  thd_ffp_64_eac56: thd_ffp_64_eac56 DISPLAY_TYPE = 'Spectrogram' is not in list of known display types. Will attempt to infer using DISPLAY_TYPE.strip().lower().
  thd_ffp_64_edc12: thd_ffp_64_edc12 DISPLAY_TYPE = 'Spectrogram' is not in list of known display types. Will attempt to infer using DISPLAY_TYPE.strip().lower().
  thd_ffp_64_edc34: thd_ffp_64_edc34 DISPLAY_TYPE = 'Spectrogram' is not in list of known display types. Will attempt to infer using DISPLAY_TYPE.strip().lower().
  thd_ffp_64_edc56: thd_ffp_64_edc56 DISPLAY_TYPE = 'Spectrogram' is not in list of known display types. Will attempt to infer using DISPLAY_TYPE.strip().lower().
  thd_ffp_64_epara: thd_ffp_64_epara DISPLAY_TYPE = 'Spectrogram' is not in list of known display types. Will attempt to infer using DISPLAY_TYPE.strip().lower().
  thd_ffp_64_eperp: thd_ffp_64_eperp DISPLAY_TYPE = 'Spectrogram' is not in list of known display types. Will attempt to infer using DISPLAY_TYPE.strip().lower().
  thd_ffp_64_scm1: thd_ffp_64_scm1 DISPLAY_TYPE = 'Spectrogram' is not in list of known display types. Will attempt to infer using DISPLAY_TYPE.strip().lower().
  thd_ffp_64_scm2: thd_ffp_64_scm2 DISPLAY_TYPE = 'Spectrogram' is not in list of known display types. Will attempt to infer using DISPLAY_TYPE.strip().lower().
  thd_ffp_64_scm3: thd_ffp_64_scm3 DISPLAY_TYPE = 'Spectrogram' is not in list of known display types. Will attempt to infer using DISPLAY_TYPE.strip().lower().
  thd_ffp_64_v1: thd_ffp_64_v1 DISPLAY_TYPE = 'Spectrogram' is not in list of known display types. Will attempt to infer using DISPLAY_TYPE.strip().lower().
  thd_ffp_64_v2: thd_ffp_64_v2 DISPLAY_TYPE = 'Spectrogram' is not in list of known display types. Will attempt to infer using DISPLAY_TYPE.strip().lower().
  thd_ffp_64_v3: thd_ffp_64_v3 DISPLAY_TYPE = 'Spectrogram' is not in list of known display types. Will attempt to infer using DISPLAY_TYPE.strip().lower().
  thd_ffp_64_v4: thd_ffp_64_v4 DISPLAY_TYPE = 'Spectrogram' is not in list of known display types. Will attempt to infer using DISPLAY_TYPE.strip().lower().
  thd_ffp_64_v5: thd_ffp_64_v5 DISPLAY_TYPE = 'Spectrogram' is not in list of known display types. Will attempt to infer using DISPLAY_TYPE.strip().lower().
  thd_ffp_64_v6: thd_ffp_64_v6 DISPLAY_TYPE = 'Spectrogram' is not in list of known display types. Will attempt to infer using DISPLAY_TYPE.strip().lower().
  thd_ffw_16_dbpara: thd_ffw_16_dbpara DISPLAY_TYPE = 'Spectrogram' is not in list of known display types. Will attempt to infer using DISPLAY_TYPE.strip().lower().
  thd_ffw_16_dbperp: thd_ffw_16_dbperp DISPLAY_TYPE = 'Spectrogram' is not in list of known display types. Will attempt to infer using DISPLAY_TYPE.strip().lower().
  thd_ffw_16_eac12: thd_ffw_16_eac12 DISPLAY_TYPE = 'Spectrogram' is not in list of known display types. Will attempt to infer using DISPLAY_TYPE.strip().lower().
  thd_ffw_16_eac34: thd_ffw_16_eac34 DISPLAY_TYPE = 'Spectrogram' is not in list of known display types. Will attempt to infer using DISPLAY_TYPE.strip().lower().
  thd_ffw_16_eac56: thd_ffw_16_eac56 DISPLAY_TYPE = 'Spectrogram' is not in list of known display types. Will attempt to infer using DISPLAY_TYPE.strip().lower().
  thd_ffw_16_edc12: thd_ffw_16_edc12 DISPLAY_TYPE = 'Spectrogram' is not in list of known display types. Will attempt to infer using DISPLAY_TYPE.strip().lower().
  thd_ffw_16_edc34: thd_ffw_16_edc34 DISPLAY_TYPE = 'Spectrogram' is not in list of known display types. Will attempt to infer using DISPLAY_TYPE.strip().lower().
  thd_ffw_16_edc56: thd_ffw_16_edc56 DISPLAY_TYPE = 'Spectrogram' is not in list of known display types. Will attempt to infer using DISPLAY_TYPE.strip().lower().
  thd_ffw_16_epara: thd_ffw_16_epara DISPLAY_TYPE = 'Spectrogram' is not in list of known display types. Will attempt to infer using DISPLAY_TYPE.strip().lower().
  thd_ffw_16_eperp: thd_ffw_16_eperp DISPLAY_TYPE = 'Spectrogram' is not in list of known display types. Will attempt to infer using DISPLAY_TYPE.strip().lower().
  thd_ffw_16_scm1: thd_ffw_16_scm1 DISPLAY_TYPE = 'Spectrogram' is not in list of known display types. Will attempt to infer using DISPLAY_TYPE.strip().lower().
  thd_ffw_16_scm2: thd_ffw_16_scm2 DISPLAY_TYPE = 'Spectrogram' is not in list of known display types. Will attempt to infer using DISPLAY_TYPE.strip().lower().
  thd_ffw_16_scm3: thd_ffw_16_scm3 DISPLAY_TYPE = 'Spectrogram' is not in list of known display types. Will attempt to infer using DISPLAY_TYPE.strip().lower().
  thd_ffw_16_v1: thd_ffw_16_v1 DISPLAY_TYPE = 'Spectrogram' is not in list of known display types. Will attempt to infer using DISPLAY_TYPE.strip().lower().
  thd_ffw_16_v2: thd_ffw_16_v2 DISPLAY_TYPE = 'Spectrogram' is not in list of known display types. Will attempt to infer using DISPLAY_TYPE.strip().lower().
  thd_ffw_16_v3: thd_ffw_16_v3 DISPLAY_TYPE = 'Spectrogram' is not in list of known display types. Will attempt to infer using DISPLAY_TYPE.strip().lower().
  thd_ffw_16_v4: thd_ffw_16_v4 DISPLAY_TYPE = 'Spectrogram' is not in list of known display types. Will attempt to infer using DISPLAY_TYPE.strip().lower().
  thd_ffw_16_v5: thd_ffw_16_v5 DISPLAY_TYPE = 'Spectrogram' is not in list of known display types. Will attempt to infer using DISPLAY_TYPE.strip().lower().
  thd_ffw_16_v6: thd_ffw_16_v6 DISPLAY_TYPE = 'Spectrogram' is not in list of known display types. Will attempt to infer using DISPLAY_TYPE.strip().lower().
  thd_ffw_32_dbpara: thd_ffw_32_dbpara DISPLAY_TYPE = 'Spectrogram' is not in list of known display types. Will attempt to infer using DISPLAY_TYPE.strip().lower().
  thd_ffw_32_dbperp: thd_ffw_32_dbperp DISPLAY_TYPE = 'Spectrogram' is not in list of known display types. Will attempt to infer using DISPLAY_TYPE.strip().lower().
  thd_ffw_32_eac12: thd_ffw_32_eac12 DISPLAY_TYPE = 'Spectrogram' is not in list of known display types. Will attempt to infer using DISPLAY_TYPE.strip().lower().
  thd_ffw_32_eac34: thd_ffw_32_eac34 DISPLAY_TYPE = 'Spectrogram' is not in list of known display types. Will attempt to infer using DISPLAY_TYPE.strip().lower().
  thd_ffw_32_eac56: thd_ffw_32_eac56 DISPLAY_TYPE = 'Spectrogram' is not in list of known display types. Will attempt to infer using DISPLAY_TYPE.strip().lower().
  thd_ffw_32_edc12: thd_ffw_32_edc12 DISPLAY_TYPE = 'Spectrogram' is not in list of known display types. Will attempt to infer using DISPLAY_TYPE.strip().lower().
  thd_ffw_32_edc34: thd_ffw_32_edc34 DISPLAY_TYPE = 'Spectrogram' is not in list of known display types. Will attempt to infer using DISPLAY_TYPE.strip().lower().
  thd_ffw_32_edc56: thd_ffw_32_edc56 DISPLAY_TYPE = 'Spectrogram' is not in list of known display types. Will attempt to infer using DISPLAY_TYPE.strip().lower().
  thd_ffw_32_epara: thd_ffw_32_epara DISPLAY_TYPE = 'Spectrogram' is not in list of known display types. Will attempt to infer using DISPLAY_TYPE.strip().lower().
  thd_ffw_32_eperp: thd_ffw_32_eperp DISPLAY_TYPE = 'Spectrogram' is not in list of known display types. Will attempt to infer using DISPLAY_TYPE.strip().lower().
  thd_ffw_32_scm1: thd_ffw_32_scm1 DISPLAY_TYPE = 'Spectrogram' is not in list of known display types. Will attempt to infer using DISPLAY_TYPE.strip().lower().
  thd_ffw_32_scm2: thd_ffw_32_scm2 DISPLAY_TYPE = 'Spectrogram' is not in list of known display types. Will attempt to infer using DISPLAY_TYPE.strip().lower().
  thd_ffw_32_scm3: thd_ffw_32_scm3 DISPLAY_TYPE = 'Spectrogram' is not in list of known display types. Will attempt to infer using DISPLAY_TYPE.strip().lower().
  thd_ffw_32_v1: thd_ffw_32_v1 DISPLAY_TYPE = 'Spectrogram' is not in list of known display types. Will attempt to infer using DISPLAY_TYPE.strip().lower().
  thd_ffw_32_v2: thd_ffw_32_v2 DISPLAY_TYPE = 'Spectrogram' is not in list of known display types. Will attempt to infer using DISPLAY_TYPE.strip().lower().
  thd_ffw_32_v3: thd_ffw_32_v3 DISPLAY_TYPE = 'Spectrogram' is not in list of known display types. Will attempt to infer using DISPLAY_TYPE.strip().lower().
  thd_ffw_32_v4: thd_ffw_32_v4 DISPLAY_TYPE = 'Spectrogram' is not in list of known display types. Will attempt to infer using DISPLAY_TYPE.strip().lower().
  thd_ffw_32_v5: thd_ffw_32_v5 DISPLAY_TYPE = 'Spectrogram' is not in list of known display types. Will attempt to infer using DISPLAY_TYPE.strip().lower().
  thd_ffw_32_v6: thd_ffw_32_v6 DISPLAY_TYPE = 'Spectrogram' is not in list of known display types. Will attempt to infer using DISPLAY_TYPE.strip().lower().
  thd_ffw_64_dbpara: thd_ffw_64_dbpara DISPLAY_TYPE = 'Spectrogram' is not in list of known display types. Will attempt to infer using DISPLAY_TYPE.strip().lower().
  thd_ffw_64_dbperp: thd_ffw_64_dbperp DISPLAY_TYPE = 'Spectrogram' is not in list of known display types. Will attempt to infer using DISPLAY_TYPE.strip().lower().
  thd_ffw_64_eac12: thd_ffw_64_eac12 DISPLAY_TYPE = 'Spectrogram' is not in list of known display types. Will attempt to infer using DISPLAY_TYPE.strip().lower().
  thd_ffw_64_eac34: thd_ffw_64_eac34 DISPLAY_TYPE = 'Spectrogram' is not in list of known display types. Will attempt to infer using DISPLAY_TYPE.strip().lower().
  thd_ffw_64_eac56: thd_ffw_64_eac56 DISPLAY_TYPE = 'Spectrogram' is not in list of known display types. Will attempt to infer using DISPLAY_TYPE.strip().lower().
  thd_ffw_64_edc12: thd_ffw_64_edc12 DISPLAY_TYPE = 'Spectrogram' is not in list of known display types. Will attempt to infer using DISPLAY_TYPE.strip().lower().
  thd_ffw_64_edc34: thd_ffw_64_edc34 DISPLAY_TYPE = 'Spectrogram' is not in list of known display types. Will attempt to infer using DISPLAY_TYPE.strip().lower().
  thd_ffw_64_edc56: thd_ffw_64_edc56 DISPLAY_TYPE = 'Spectrogram' is not in list of known display types. Will attempt to infer using DISPLAY_TYPE.strip().lower().
  thd_ffw_64_epara: thd_ffw_64_epara DISPLAY_TYPE = 'Spectrogram' is not in list of known display types. Will attempt to infer using DISPLAY_TYPE.strip().lower().
  thd_ffw_64_eperp: thd_ffw_64_eperp DISPLAY_TYPE = 'Spectrogram' is not in list of known display types. Will attempt to infer using DISPLAY_TYPE.strip().lower().
  thd_ffw_64_scm1: thd_ffw_64_scm1 DISPLAY_TYPE = 'Spectrogram' is not in list of known display types. Will attempt to infer using DISPLAY_TYPE.strip().lower().
  thd_ffw_64_scm2: thd_ffw_64_scm2 DISPLAY_TYPE = 'Spectrogram' is not in list of known display types. Will attempt to infer using DISPLAY_TYPE.strip().lower().
  thd_ffw_64_scm3: thd_ffw_64_scm3 DISPLAY_TYPE = 'Spectrogram' is not in list of known display types. Will attempt to infer using DISPLAY_TYPE.strip().lower().
  thd_ffw_64_v1: thd_ffw_64_v1 DISPLAY_TYPE = 'Spectrogram' is not in list of known display types. Will attempt to infer using DISPLAY_TYPE.strip().lower().
  thd_ffw_64_v2: thd_ffw_64_v2 DISPLAY_TYPE = 'Spectrogram' is not in list of known display types. Will attempt to infer using DISPLAY_TYPE.strip().lower().
  thd_ffw_64_v3: thd_ffw_64_v3 DISPLAY_TYPE = 'Spectrogram' is not in list of known display types. Will attempt to infer using DISPLAY_TYPE.strip().lower().
  thd_ffw_64_v4: thd_ffw_64_v4 DISPLAY_TYPE = 'Spectrogram' is not in list of known display types. Will attempt to infer using DISPLAY_TYPE.strip().lower().
  thd_ffw_64_v5: thd_ffw_64_v5 DISPLAY_TYPE = 'Spectrogram' is not in list of known display types. Will attempt to infer using DISPLAY_TYPE.strip().lower().
  thd_ffw_64_v6: thd_ffw_64_v6 DISPLAY_TYPE = 'Spectrogram' is not in list of known display types. Will attempt to infer using DISPLAY_TYPE.strip().lower().
THD_OR_SSC | ISTP.DISPLAY_TYPE.Unknown:
  RADIUS: RADIUS DISPLAY_TYPE = 'TIME_SERIES' is not in list of known display types. Will attempt to infer using DISPLAY_TYPE.strip().lower().
  GSE_LAT: GSE_LAT DISPLAY_TYPE = 'TIME_SERIES' is not in list of known display types. Will attempt to infer using DISPLAY_TYPE.strip().lower().
  GSE_LON: GSE_LON DISPLAY_TYPE = 'TIME_SERIES' is not in list of known display types. Will attempt to infer using DISPLAY_TYPE.strip().lower().
  GSE_LCT_T: GSE_LCT_T DISPLAY_TYPE = 'TIME_SERIES' is not in list of known display types. Will attempt to infer using DISPLAY_TYPE.strip().lower().
  GSM_LAT: GSM_LAT DISPLAY_TYPE = 'TIME_SERIES' is not in list of known display types. Will attempt to infer using DISPLAY_TYPE.strip().lower().
  GSM_LON: GSM_LON DISPLAY_TYPE = 'TIME_SERIES' is not in list of known display types. Will attempt to infer using DISPLAY_TYPE.strip().lower().
  SM_LAT: SM_LAT DISPLAY_TYPE = 'TIME_SERIES' is not in list of known display types. Will attempt to infer using DISPLAY_TYPE.strip().lower().
  SM_LON: SM_LON DISPLAY_TYPE = 'TIME_SERIES' is not in list of known display types. Will attempt to infer using DISPLAY_TYPE.strip().lower().
  SM_LCT_T: SM_LCT_T DISPLAY_TYPE = 'TIME_SERIES' is not in list of known display types. Will attempt to infer using DISPLAY_TYPE.strip().lower().
  XYZ_GEO: XYZ_GEO DISPLAY_TYPE = 'TIME_SERIES' is not in list of known display types. Will attempt to infer using DISPLAY_TYPE.strip().lower().
  GEO_LAT: GEO_LAT DISPLAY_TYPE = 'TIME_SERIES' is not in list of known display types. Will attempt to infer using DISPLAY_TYPE.strip().lower().
  GEO_LON: GEO_LON DISPLAY_TYPE = 'TIME_SERIES' is not in list of known display types. Will attempt to infer using DISPLAY_TYPE.strip().lower().
  GEO_LCT_T: GEO_LCT_T DISPLAY_TYPE = 'TIME_SERIES' is not in list of known display types. Will attempt to infer using DISPLAY_TYPE.strip().lower().
  NorthBtrace_GEO_LAT: NorthBtrace_GEO_LAT DISPLAY_TYPE = 'TIME_SERIES' is not in list of known display types. Will attempt to infer using DISPLAY_TYPE.strip().lower().
  NorthBtrace_GEO_LON: NorthBtrace_GEO_LON DISPLAY_TYPE = 'TIME_SERIES' is not in list of known display types. Will attempt to infer using DISPLAY_TYPE.strip().lower().
  NorthBtrace_GEO_ARCLEN: NorthBtrace_GEO_ARCLEN DISPLAY_TYPE = 'TIME_SERIES' is not in list of known display types. Will attempt to infer using DISPLAY_TYPE.strip().lower().
  SouthBtrace_GEO_LAT: SouthBtrace_GEO_LAT DISPLAY_TYPE = 'TIME_SERIES' is not in list of known display types. Will attempt to infer using DISPLAY_TYPE.strip().lower().
  SouthBtrace_GEO_LON: SouthBtrace_GEO_LON DISPLAY_TYPE = 'TIME_SERIES' is not in list of known display types. Will attempt to infer using DISPLAY_TYPE.strip().lower().
  SouthBtrace_GEO_ARCLEN: SouthBtrace_GEO_ARCLEN DISPLAY_TYPE = 'TIME_SERIES' is not in list of known display types. Will attempt to infer using DISPLAY_TYPE.strip().lower().
  GM_LAT: GM_LAT DISPLAY_TYPE = 'TIME_SERIES' is not in list of known display types. Will attempt to infer using DISPLAY_TYPE.strip().lower().
  GM_LON: GM_LON DISPLAY_TYPE = 'TIME_SERIES' is not in list of known display types. Will attempt to infer using DISPLAY_TYPE.strip().lower().
  NorthBtrace_GM_LAT: NorthBtrace_GM_LAT DISPLAY_TYPE = 'TIME_SERIES' is not in list of known display types. Will attempt to infer using DISPLAY_TYPE.strip().lower().
  NorthBtrace_GM_LON: NorthBtrace_GM_LON DISPLAY_TYPE = 'TIME_SERIES' is not in list of known display types. Will attempt to infer using DISPLAY_TYPE.strip().lower().
  NorthBtrace_GM_ARCLEN: NorthBtrace_GM_ARCLEN DISPLAY_TYPE = 'TIME_SERIES' is not in list of known display types. Will attempt to infer using DISPLAY_TYPE.strip().lower().
  SouthBtrace_GM_LAT: SouthBtrace_GM_LAT DISPLAY_TYPE = 'TIME_SERIES' is not in list of known display types. Will attempt to infer using DISPLAY_TYPE.strip().lower().
  SouthBtrace_GM_LON: SouthBtrace_GM_LON DISPLAY_TYPE = 'TIME_SERIES' is not in list of known display types. Will attempt to infer using DISPLAY_TYPE.strip().lower().
  SouthBtrace_GM_ARCLEN: SouthBtrace_GM_ARCLEN DISPLAY_TYPE = 'TIME_SERIES' is not in list of known display types. Will attempt to infer using DISPLAY_TYPE.strip().lower().
  MAG_STRTH: MAG_STRTH DISPLAY_TYPE = 'TIME_SERIES' is not in list of known display types. Will attempt to infer using DISPLAY_TYPE.strip().lower().
  DNEUTS: DNEUTS DISPLAY_TYPE = 'TIME_SERIES' is not in list of known display types. Will attempt to infer using DISPLAY_TYPE.strip().lower().
  BOW_SHOCK: BOW_SHOCK DISPLAY_TYPE = 'TIME_SERIES' is not in list of known display types. Will attempt to infer using DISPLAY_TYPE.strip().lower().
  MAG_PAUSE: MAG_PAUSE DISPLAY_TYPE = 'TIME_SERIES' is not in list of known display types. Will attempt to infer using DISPLAY_TYPE.strip().lower().
  L_VALUE: L_VALUE DISPLAY_TYPE = 'TIME_SERIES' is not in list of known display types. Will attempt to infer using DISPLAY_TYPE.strip().lower().
  INVAR_LAT: INVAR_LAT DISPLAY_TYPE = 'TIME_SERIES' is not in list of known display types. Will attempt to infer using DISPLAY_TYPE.strip().lower().
  MAG_Y: MAG_Y DISPLAY_TYPE = 'TIME_SERIES' is not in list of known display types. Will attempt to infer using DISPLAY_TYPE.strip().lower().
  MAG_Z: MAG_Z DISPLAY_TYPE = 'TIME_SERIES' is not in list of known display types. Will attempt to infer using DISPLAY_TYPE.strip().lower().
  cartesian: cartesian DISPLAY_TYPE = 'TIME_SERIES' is not in list of known display types. Will attempt to infer using DISPLAY_TYPE.strip().lower().
  xyz_lbl: xyz_lbl DISPLAY_TYPE = 'TIME_SERIES' is not in list of known display types. Will attempt to infer using DISPLAY_TYPE.strip().lower().
THEPRED_OR_SSC | ISTP.DISPLAY_TYPE.Unknown:
  RADIUS: RADIUS DISPLAY_TYPE = 'TIME_SERIES' is not in list of known display types. Will attempt to infer using DISPLAY_TYPE.strip().lower().
  GSE_LAT: GSE_LAT DISPLAY_TYPE = 'TIME_SERIES' is not in list of known display types. Will attempt to infer using DISPLAY_TYPE.strip().lower().
  GSE_LON: GSE_LON DISPLAY_TYPE = 'TIME_SERIES' is not in list of known display types. Will attempt to infer using DISPLAY_TYPE.strip().lower().
  GSE_LCT_T: GSE_LCT_T DISPLAY_TYPE = 'TIME_SERIES' is not in list of known display types. Will attempt to infer using DISPLAY_TYPE.strip().lower().
  GSM_LAT: GSM_LAT DISPLAY_TYPE = 'TIME_SERIES' is not in list of known display types. Will attempt to infer using DISPLAY_TYPE.strip().lower().
  GSM_LON: GSM_LON DISPLAY_TYPE = 'TIME_SERIES' is not in list of known display types. Will attempt to infer using DISPLAY_TYPE.strip().lower().
  SM_LAT: SM_LAT DISPLAY_TYPE = 'TIME_SERIES' is not in list of known display types. Will attempt to infer using DISPLAY_TYPE.strip().lower().
  SM_LON: SM_LON DISPLAY_TYPE = 'TIME_SERIES' is not in list of known display types. Will attempt to infer using DISPLAY_TYPE.strip().lower().
  SM_LCT_T: SM_LCT_T DISPLAY_TYPE = 'TIME_SERIES' is not in list of known display types. Will attempt to infer using DISPLAY_TYPE.strip().lower().
  XYZ_GEO: XYZ_GEO DISPLAY_TYPE = 'TIME_SERIES' is not in list of known display types. Will attempt to infer using DISPLAY_TYPE.strip().lower().
  GEO_LAT: GEO_LAT DISPLAY_TYPE = 'TIME_SERIES' is not in list of known display types. Will attempt to infer using DISPLAY_TYPE.strip().lower().
  GEO_LON: GEO_LON DISPLAY_TYPE = 'TIME_SERIES' is not in list of known display types. Will attempt to infer using DISPLAY_TYPE.strip().lower().
  GEO_LCT_T: GEO_LCT_T DISPLAY_TYPE = 'TIME_SERIES' is not in list of known display types. Will attempt to infer using DISPLAY_TYPE.strip().lower().
  NorthBtrace_GEO_LAT: NorthBtrace_GEO_LAT DISPLAY_TYPE = 'TIME_SERIES' is not in list of known display types. Will attempt to infer using DISPLAY_TYPE.strip().lower().
  NorthBtrace_GEO_LON: NorthBtrace_GEO_LON DISPLAY_TYPE = 'TIME_SERIES' is not in list of known display types. Will attempt to infer using DISPLAY_TYPE.strip().lower().
  NorthBtrace_GEO_ARCLEN: NorthBtrace_GEO_ARCLEN DISPLAY_TYPE = 'TIME_SERIES' is not in list of known display types. Will attempt to infer using DISPLAY_TYPE.strip().lower().
  SouthBtrace_GEO_LAT: SouthBtrace_GEO_LAT DISPLAY_TYPE = 'TIME_SERIES' is not in list of known display types. Will attempt to infer using DISPLAY_TYPE.strip().lower().
  SouthBtrace_GEO_LON: SouthBtrace_GEO_LON DISPLAY_TYPE = 'TIME_SERIES' is not in list of known display types. Will attempt to infer using DISPLAY_TYPE.strip().lower().
  SouthBtrace_GEO_ARCLEN: SouthBtrace_GEO_ARCLEN DISPLAY_TYPE = 'TIME_SERIES' is not in list of known display types. Will attempt to infer using DISPLAY_TYPE.strip().lower().
  GM_LAT: GM_LAT DISPLAY_TYPE = 'TIME_SERIES' is not in list of known display types. Will attempt to infer using DISPLAY_TYPE.strip().lower().
  GM_LON: GM_LON DISPLAY_TYPE = 'TIME_SERIES' is not in list of known display types. Will attempt to infer using DISPLAY_TYPE.strip().lower().
  NorthBtrace_GM_LAT: NorthBtrace_GM_LAT DISPLAY_TYPE = 'TIME_SERIES' is not in list of known display types. Will attempt to infer using DISPLAY_TYPE.strip().lower().
  NorthBtrace_GM_LON: NorthBtrace_GM_LON DISPLAY_TYPE = 'TIME_SERIES' is not in list of known display types. Will attempt to infer using DISPLAY_TYPE.strip().lower().
  NorthBtrace_GM_ARCLEN: NorthBtrace_GM_ARCLEN DISPLAY_TYPE = 'TIME_SERIES' is not in list of known display types. Will attempt to infer using DISPLAY_TYPE.strip().lower().
  SouthBtrace_GM_LAT: SouthBtrace_GM_LAT DISPLAY_TYPE = 'TIME_SERIES' is not in list of known display types. Will attempt to infer using DISPLAY_TYPE.strip().lower().
  SouthBtrace_GM_LON: SouthBtrace_GM_LON DISPLAY_TYPE = 'TIME_SERIES' is not in list of known display types. Will attempt to infer using DISPLAY_TYPE.strip().lower().
  SouthBtrace_GM_ARCLEN: SouthBtrace_GM_ARCLEN DISPLAY_TYPE = 'TIME_SERIES' is not in list of known display types. Will attempt to infer using DISPLAY_TYPE.strip().lower().
  MAG_STRTH: MAG_STRTH DISPLAY_TYPE = 'TIME_SERIES' is not in list of known display types. Will attempt to infer using DISPLAY_TYPE.strip().lower().
  DNEUTS: DNEUTS DISPLAY_TYPE = 'TIME_SERIES' is not in list of known display types. Will attempt to infer using DISPLAY_TYPE.strip().lower().
  BOW_SHOCK: BOW_SHOCK DISPLAY_TYPE = 'TIME_SERIES' is not in list of known display types. Will attempt to infer using DISPLAY_TYPE.strip().lower().
  MAG_PAUSE: MAG_PAUSE DISPLAY_TYPE = 'TIME_SERIES' is not in list of known display types. Will attempt to infer using DISPLAY_TYPE.strip().lower().
  L_VALUE: L_VALUE DISPLAY_TYPE = 'TIME_SERIES' is not in list of known display types. Will attempt to infer using DISPLAY_TYPE.strip().lower().
  INVAR_LAT: INVAR_LAT DISPLAY_TYPE = 'TIME_SERIES' is not in list of known display types. Will attempt to infer using DISPLAY_TYPE.strip().lower().
  MAG_Y: MAG_Y DISPLAY_TYPE = 'TIME_SERIES' is not in list of known display types. Will attempt to infer using DISPLAY_TYPE.strip().lower().
  MAG_Z: MAG_Z DISPLAY_TYPE = 'TIME_SERIES' is not in list of known display types. Will attempt to infer using DISPLAY_TYPE.strip().lower().
  cartesian: cartesian DISPLAY_TYPE = 'TIME_SERIES' is not in list of known display types. Will attempt to infer using DISPLAY_TYPE.strip().lower().
  xyz_lbl: xyz_lbl DISPLAY_TYPE = 'TIME_SERIES' is not in list of known display types. Will attempt to infer using DISPLAY_TYPE.strip().lower().
THE_L2_FFT | ISTP.DISPLAY_TYPE.Unknown:
  the_fff_16_dbpara: the_fff_16_dbpara DISPLAY_TYPE = 'Spectrogram' is not in list of known display types. Will attempt to infer using DISPLAY_TYPE.strip().lower().
  the_fff_16_dbperp: the_fff_16_dbperp DISPLAY_TYPE = 'Spectrogram' is not in list of known display types. Will attempt to infer using DISPLAY_TYPE.strip().lower().
  the_fff_16_eac12: the_fff_16_eac12 DISPLAY_TYPE = 'Spectrogram' is not in list of known display types. Will attempt to infer using DISPLAY_TYPE.strip().lower().
  the_fff_16_eac34: the_fff_16_eac34 DISPLAY_TYPE = 'Spectrogram' is not in list of known display types. Will attempt to infer using DISPLAY_TYPE.strip().lower().
  the_fff_16_eac56: the_fff_16_eac56 DISPLAY_TYPE = 'Spectrogram' is not in list of known display types. Will attempt to infer using DISPLAY_TYPE.strip().lower().
  the_fff_16_edc12: the_fff_16_edc12 DISPLAY_TYPE = 'Spectrogram' is not in list of known display types. Will attempt to infer using DISPLAY_TYPE.strip().lower().
  the_fff_16_edc34: the_fff_16_edc34 DISPLAY_TYPE = 'Spectrogram' is not in list of known display types. Will attempt to infer using DISPLAY_TYPE.strip().lower().
  the_fff_16_edc56: the_fff_16_edc56 DISPLAY_TYPE = 'Spectrogram' is not in list of known display types. Will attempt to infer using DISPLAY_TYPE.strip().lower().
  the_fff_16_epara: the_fff_16_epara DISPLAY_TYPE = 'Spectrogram' is not in list of known display types. Will attempt to infer using DISPLAY_TYPE.strip().lower().
  the_fff_16_eperp: the_fff_16_eperp DISPLAY_TYPE = 'Spectrogram' is not in list of known display types. Will attempt to infer using DISPLAY_TYPE.strip().lower().
  the_fff_16_scm1: the_fff_16_scm1 DISPLAY_TYPE = 'Spectrogram' is not in list of known display types. Will attempt to infer using DISPLAY_TYPE.strip().lower().
  the_fff_16_scm2: the_fff_16_scm2 DISPLAY_TYPE = 'Spectrogram' is not in list of known display types. Will attempt to infer using DISPLAY_TYPE.strip().lower().
  the_fff_16_scm3: the_fff_16_scm3 DISPLAY_TYPE = 'Spectrogram' is not in list of known display types. Will attempt to infer using DISPLAY_TYPE.strip().lower().
  the_fff_16_v1: the_fff_16_v1 DISPLAY_TYPE = 'Spectrogram' is not in list of known display types. Will attempt to infer using DISPLAY_TYPE.strip().lower().
  the_fff_16_v2: the_fff_16_v2 DISPLAY_TYPE = 'Spectrogram' is not in list of known display types. Will attempt to infer using DISPLAY_TYPE.strip().lower().
  the_fff_16_v3: the_fff_16_v3 DISPLAY_TYPE = 'Spectrogram' is not in list of known display types. Will attempt to infer using DISPLAY_TYPE.strip().lower().
  the_fff_16_v4: the_fff_16_v4 DISPLAY_TYPE = 'Spectrogram' is not in list of known display types. Will attempt to infer using DISPLAY_TYPE.strip().lower().
  the_fff_16_v5: the_fff_16_v5 DISPLAY_TYPE = 'Spectrogram' is not in list of known display types. Will attempt to infer using DISPLAY_TYPE.strip().lower().
  the_fff_16_v6: the_fff_16_v6 DISPLAY_TYPE = 'Spectrogram' is not in list of known display types. Will attempt to infer using DISPLAY_TYPE.strip().lower().
  the_fff_32_dbpara: the_fff_32_dbpara DISPLAY_TYPE = 'Spectrogram' is not in list of known display types. Will attempt to infer using DISPLAY_TYPE.strip().lower().
  the_fff_32_dbperp: the_fff_32_dbperp DISPLAY_TYPE = 'Spectrogram' is not in list of known display types. Will attempt to infer using DISPLAY_TYPE.strip().lower().
  the_fff_32_eac12: the_fff_32_eac12 DISPLAY_TYPE = 'Spectrogram' is not in list of known display types. Will attempt to infer using DISPLAY_TYPE.strip().lower().
  the_fff_32_eac34: the_fff_32_eac34 DISPLAY_TYPE = 'Spectrogram' is not in list of known display types. Will attempt to infer using DISPLAY_TYPE.strip().lower().
  the_fff_32_eac56: the_fff_32_eac56 DISPLAY_TYPE = 'Spectrogram' is not in list of known display types. Will attempt to infer using DISPLAY_TYPE.strip().lower().
  the_fff_32_edc12: the_fff_32_edc12 DISPLAY_TYPE = 'Spectrogram' is not in list of known display types. Will attempt to infer using DISPLAY_TYPE.strip().lower().
  the_fff_32_edc34: the_fff_32_edc34 DISPLAY_TYPE = 'Spectrogram' is not in list of known display types. Will attempt to infer using DISPLAY_TYPE.strip().lower().
  the_fff_32_edc56: the_fff_32_edc56 DISPLAY_TYPE = 'Spectrogram' is not in list of known display types. Will attempt to infer using DISPLAY_TYPE.strip().lower().
  the_fff_32_epara: the_fff_32_epara DISPLAY_TYPE = 'Spectrogram' is not in list of known display types. Will attempt to infer using DISPLAY_TYPE.strip().lower().
  the_fff_32_eperp: the_fff_32_eperp DISPLAY_TYPE = 'Spectrogram' is not in list of known display types. Will attempt to infer using DISPLAY_TYPE.strip().lower().
  the_fff_32_scm1: the_fff_32_scm1 DISPLAY_TYPE = 'Spectrogram' is not in list of known display types. Will attempt to infer using DISPLAY_TYPE.strip().lower().
  the_fff_32_scm2: the_fff_32_scm2 DISPLAY_TYPE = 'Spectrogram' is not in list of known display types. Will attempt to infer using DISPLAY_TYPE.strip().lower().
  the_fff_32_scm3: the_fff_32_scm3 DISPLAY_TYPE = 'Spectrogram' is not in list of known display types. Will attempt to infer using DISPLAY_TYPE.strip().lower().
  the_fff_32_v1: the_fff_32_v1 DISPLAY_TYPE = 'Spectrogram' is not in list of known display types. Will attempt to infer using DISPLAY_TYPE.strip().lower().
  the_fff_32_v2: the_fff_32_v2 DISPLAY_TYPE = 'Spectrogram' is not in list of known display types. Will attempt to infer using DISPLAY_TYPE.strip().lower().
  the_fff_32_v3: the_fff_32_v3 DISPLAY_TYPE = 'Spectrogram' is not in list of known display types. Will attempt to infer using DISPLAY_TYPE.strip().lower().
  the_fff_32_v4: the_fff_32_v4 DISPLAY_TYPE = 'Spectrogram' is not in list of known display types. Will attempt to infer using DISPLAY_TYPE.strip().lower().
  the_fff_32_v5: the_fff_32_v5 DISPLAY_TYPE = 'Spectrogram' is not in list of known display types. Will attempt to infer using DISPLAY_TYPE.strip().lower().
  the_fff_32_v6: the_fff_32_v6 DISPLAY_TYPE = 'Spectrogram' is not in list of known display types. Will attempt to infer using DISPLAY_TYPE.strip().lower().
  the_fff_64_dbpara: the_fff_64_dbpara DISPLAY_TYPE = 'Spectrogram' is not in list of known display types. Will attempt to infer using DISPLAY_TYPE.strip().lower().
  the_fff_64_dbperp: the_fff_64_dbperp DISPLAY_TYPE = 'Spectrogram' is not in list of known display types. Will attempt to infer using DISPLAY_TYPE.strip().lower().
  the_fff_64_eac12: the_fff_64_eac12 DISPLAY_TYPE = 'Spectrogram' is not in list of known display types. Will attempt to infer using DISPLAY_TYPE.strip().lower().
  the_fff_64_eac34: the_fff_64_eac34 DISPLAY_TYPE = 'Spectrogram' is not in list of known display types. Will attempt to infer using DISPLAY_TYPE.strip().lower().
  the_fff_64_eac56: the_fff_64_eac56 DISPLAY_TYPE = 'Spectrogram' is not in list of known display types. Will attempt to infer using DISPLAY_TYPE.strip().lower().
  the_fff_64_edc12: the_fff_64_edc12 DISPLAY_TYPE = 'Spectrogram' is not in list of known display types. Will attempt to infer using DISPLAY_TYPE.strip().lower().
  the_fff_64_edc34: the_fff_64_edc34 DISPLAY_TYPE = 'Spectrogram' is not in list of known display types. Will attempt to infer using DISPLAY_TYPE.strip().lower().
  the_fff_64_edc56: the_fff_64_edc56 DISPLAY_TYPE = 'Spectrogram' is not in list of known display types. Will attempt to infer using DISPLAY_TYPE.strip().lower().
  the_fff_64_epara: the_fff_64_epara DISPLAY_TYPE = 'Spectrogram' is not in list of known display types. Will attempt to infer using DISPLAY_TYPE.strip().lower().
  the_fff_64_eperp: the_fff_64_eperp DISPLAY_TYPE = 'Spectrogram' is not in list of known display types. Will attempt to infer using DISPLAY_TYPE.strip().lower().
  the_fff_64_scm1: the_fff_64_scm1 DISPLAY_TYPE = 'Spectrogram' is not in list of known display types. Will attempt to infer using DISPLAY_TYPE.strip().lower().
  the_fff_64_scm2: the_fff_64_scm2 DISPLAY_TYPE = 'Spectrogram' is not in list of known display types. Will attempt to infer using DISPLAY_TYPE.strip().lower().
  the_fff_64_scm3: the_fff_64_scm3 DISPLAY_TYPE = 'Spectrogram' is not in list of known display types. Will attempt to infer using DISPLAY_TYPE.strip().lower().
  the_fff_64_v1: the_fff_64_v1 DISPLAY_TYPE = 'Spectrogram' is not in list of known display types. Will attempt to infer using DISPLAY_TYPE.strip().lower().
  the_fff_64_v2: the_fff_64_v2 DISPLAY_TYPE = 'Spectrogram' is not in list of known display types. Will attempt to infer using DISPLAY_TYPE.strip().lower().
  the_fff_64_v3: the_fff_64_v3 DISPLAY_TYPE = 'Spectrogram' is not in list of known display types. Will attempt to infer using DISPLAY_TYPE.strip().lower().
  the_fff_64_v4: the_fff_64_v4 DISPLAY_TYPE = 'Spectrogram' is not in list of known display types. Will attempt to infer using DISPLAY_TYPE.strip().lower().
  the_fff_64_v5: the_fff_64_v5 DISPLAY_TYPE = 'Spectrogram' is not in list of known display types. Will attempt to infer using DISPLAY_TYPE.strip().lower().
  the_fff_64_v6: the_fff_64_v6 DISPLAY_TYPE = 'Spectrogram' is not in list of known display types. Will attempt to infer using DISPLAY_TYPE.strip().lower().
  the_ffp_16_dbpara: the_ffp_16_dbpara DISPLAY_TYPE = 'Spectrogram' is not in list of known display types. Will attempt to infer using DISPLAY_TYPE.strip().lower().
  the_ffp_16_dbperp: the_ffp_16_dbperp DISPLAY_TYPE = 'Spectrogram' is not in list of known display types. Will attempt to infer using DISPLAY_TYPE.strip().lower().
  the_ffp_16_eac12: the_ffp_16_eac12 DISPLAY_TYPE = 'Spectrogram' is not in list of known display types. Will attempt to infer using DISPLAY_TYPE.strip().lower().
  the_ffp_16_eac34: the_ffp_16_eac34 DISPLAY_TYPE = 'Spectrogram' is not in list of known display types. Will attempt to infer using DISPLAY_TYPE.strip().lower().
  the_ffp_16_eac56: the_ffp_16_eac56 DISPLAY_TYPE = 'Spectrogram' is not in list of known display types. Will attempt to infer using DISPLAY_TYPE.strip().lower().
  the_ffp_16_edc12: the_ffp_16_edc12 DISPLAY_TYPE = 'Spectrogram' is not in list of known display types. Will attempt to infer using DISPLAY_TYPE.strip().lower().
  the_ffp_16_edc34: the_ffp_16_edc34 DISPLAY_TYPE = 'Spectrogram' is not in list of known display types. Will attempt to infer using DISPLAY_TYPE.strip().lower().
  the_ffp_16_edc56: the_ffp_16_edc56 DISPLAY_TYPE = 'Spectrogram' is not in list of known display types. Will attempt to infer using DISPLAY_TYPE.strip().lower().
  the_ffp_16_epara: the_ffp_16_epara DISPLAY_TYPE = 'Spectrogram' is not in list of known display types. Will attempt to infer using DISPLAY_TYPE.strip().lower().
  the_ffp_16_eperp: the_ffp_16_eperp DISPLAY_TYPE = 'Spectrogram' is not in list of known display types. Will attempt to infer using DISPLAY_TYPE.strip().lower().
  the_ffp_16_scm1: the_ffp_16_scm1 DISPLAY_TYPE = 'Spectrogram' is not in list of known display types. Will attempt to infer using DISPLAY_TYPE.strip().lower().
  the_ffp_16_scm2: the_ffp_16_scm2 DISPLAY_TYPE = 'Spectrogram' is not in list of known display types. Will attempt to infer using DISPLAY_TYPE.strip().lower().
  the_ffp_16_scm3: the_ffp_16_scm3 DISPLAY_TYPE = 'Spectrogram' is not in list of known display types. Will attempt to infer using DISPLAY_TYPE.strip().lower().
  the_ffp_16_v1: the_ffp_16_v1 DISPLAY_TYPE = 'Spectrogram' is not in list of known display types. Will attempt to infer using DISPLAY_TYPE.strip().lower().
  the_ffp_16_v2: the_ffp_16_v2 DISPLAY_TYPE = 'Spectrogram' is not in list of known display types. Will attempt to infer using DISPLAY_TYPE.strip().lower().
  the_ffp_16_v3: the_ffp_16_v3 DISPLAY_TYPE = 'Spectrogram' is not in list of known display types. Will attempt to infer using DISPLAY_TYPE.strip().lower().
  the_ffp_16_v4: the_ffp_16_v4 DISPLAY_TYPE = 'Spectrogram' is not in list of known display types. Will attempt to infer using DISPLAY_TYPE.strip().lower().
  the_ffp_16_v5: the_ffp_16_v5 DISPLAY_TYPE = 'Spectrogram' is not in list of known display types. Will attempt to infer using DISPLAY_TYPE.strip().lower().
  the_ffp_16_v6: the_ffp_16_v6 DISPLAY_TYPE = 'Spectrogram' is not in list of known display types. Will attempt to infer using DISPLAY_TYPE.strip().lower().
  the_ffp_32_dbpara: the_ffp_32_dbpara DISPLAY_TYPE = 'Spectrogram' is not in list of known display types. Will attempt to infer using DISPLAY_TYPE.strip().lower().
  the_ffp_32_dbperp: the_ffp_32_dbperp DISPLAY_TYPE = 'Spectrogram' is not in list of known display types. Will attempt to infer using DISPLAY_TYPE.strip().lower().
  the_ffp_32_eac12: the_ffp_32_eac12 DISPLAY_TYPE = 'Spectrogram' is not in list of known display types. Will attempt to infer using DISPLAY_TYPE.strip().lower().
  the_ffp_32_eac34: the_ffp_32_eac34 DISPLAY_TYPE = 'Spectrogram' is not in list of known display types. Will attempt to infer using DISPLAY_TYPE.strip().lower().
  the_ffp_32_eac56: the_ffp_32_eac56 DISPLAY_TYPE = 'Spectrogram' is not in list of known display types. Will attempt to infer using DISPLAY_TYPE.strip().lower().
  the_ffp_32_edc12: the_ffp_32_edc12 DISPLAY_TYPE = 'Spectrogram' is not in list of known display types. Will attempt to infer using DISPLAY_TYPE.strip().lower().
  the_ffp_32_edc34: the_ffp_32_edc34 DISPLAY_TYPE = 'Spectrogram' is not in list of known display types. Will attempt to infer using DISPLAY_TYPE.strip().lower().
  the_ffp_32_edc56: the_ffp_32_edc56 DISPLAY_TYPE = 'Spectrogram' is not in list of known display types. Will attempt to infer using DISPLAY_TYPE.strip().lower().
  the_ffp_32_epara: the_ffp_32_epara DISPLAY_TYPE = 'Spectrogram' is not in list of known display types. Will attempt to infer using DISPLAY_TYPE.strip().lower().
  the_ffp_32_eperp: the_ffp_32_eperp DISPLAY_TYPE = 'Spectrogram' is not in list of known display types. Will attempt to infer using DISPLAY_TYPE.strip().lower().
  the_ffp_32_scm1: the_ffp_32_scm1 DISPLAY_TYPE = 'Spectrogram' is not in list of known display types. Will attempt to infer using DISPLAY_TYPE.strip().lower().
  the_ffp_32_scm2: the_ffp_32_scm2 DISPLAY_TYPE = 'Spectrogram' is not in list of known display types. Will attempt to infer using DISPLAY_TYPE.strip().lower().
  the_ffp_32_scm3: the_ffp_32_scm3 DISPLAY_TYPE = 'Spectrogram' is not in list of known display types. Will attempt to infer using DISPLAY_TYPE.strip().lower().
  the_ffp_32_v1: the_ffp_32_v1 DISPLAY_TYPE = 'Spectrogram' is not in list of known display types. Will attempt to infer using DISPLAY_TYPE.strip().lower().
  the_ffp_32_v2: the_ffp_32_v2 DISPLAY_TYPE = 'Spectrogram' is not in list of known display types. Will attempt to infer using DISPLAY_TYPE.strip().lower().
  the_ffp_32_v3: the_ffp_32_v3 DISPLAY_TYPE = 'Spectrogram' is not in list of known display types. Will attempt to infer using DISPLAY_TYPE.strip().lower().
  the_ffp_32_v4: the_ffp_32_v4 DISPLAY_TYPE = 'Spectrogram' is not in list of known display types. Will attempt to infer using DISPLAY_TYPE.strip().lower().
  the_ffp_32_v5: the_ffp_32_v5 DISPLAY_TYPE = 'Spectrogram' is not in list of known display types. Will attempt to infer using DISPLAY_TYPE.strip().lower().
  the_ffp_32_v6: the_ffp_32_v6 DISPLAY_TYPE = 'Spectrogram' is not in list of known display types. Will attempt to infer using DISPLAY_TYPE.strip().lower().
  the_ffp_64_dbpara: the_ffp_64_dbpara DISPLAY_TYPE = 'Spectrogram' is not in list of known display types. Will attempt to infer using DISPLAY_TYPE.strip().lower().
  the_ffp_64_dbperp: the_ffp_64_dbperp DISPLAY_TYPE = 'Spectrogram' is not in list of known display types. Will attempt to infer using DISPLAY_TYPE.strip().lower().
  the_ffp_64_eac12: the_ffp_64_eac12 DISPLAY_TYPE = 'Spectrogram' is not in list of known display types. Will attempt to infer using DISPLAY_TYPE.strip().lower().
  the_ffp_64_eac34: the_ffp_64_eac34 DISPLAY_TYPE = 'Spectrogram' is not in list of known display types. Will attempt to infer using DISPLAY_TYPE.strip().lower().
  the_ffp_64_eac56: the_ffp_64_eac56 DISPLAY_TYPE = 'Spectrogram' is not in list of known display types. Will attempt to infer using DISPLAY_TYPE.strip().lower().
  the_ffp_64_edc12: the_ffp_64_edc12 DISPLAY_TYPE = 'Spectrogram' is not in list of known display types. Will attempt to infer using DISPLAY_TYPE.strip().lower().
  the_ffp_64_edc34: the_ffp_64_edc34 DISPLAY_TYPE = 'Spectrogram' is not in list of known display types. Will attempt to infer using DISPLAY_TYPE.strip().lower().
  the_ffp_64_edc56: the_ffp_64_edc56 DISPLAY_TYPE = 'Spectrogram' is not in list of known display types. Will attempt to infer using DISPLAY_TYPE.strip().lower().
  the_ffp_64_epara: the_ffp_64_epara DISPLAY_TYPE = 'Spectrogram' is not in list of known display types. Will attempt to infer using DISPLAY_TYPE.strip().lower().
  the_ffp_64_eperp: the_ffp_64_eperp DISPLAY_TYPE = 'Spectrogram' is not in list of known display types. Will attempt to infer using DISPLAY_TYPE.strip().lower().
  the_ffp_64_scm1: the_ffp_64_scm1 DISPLAY_TYPE = 'Spectrogram' is not in list of known display types. Will attempt to infer using DISPLAY_TYPE.strip().lower().
  the_ffp_64_scm2: the_ffp_64_scm2 DISPLAY_TYPE = 'Spectrogram' is not in list of known display types. Will attempt to infer using DISPLAY_TYPE.strip().lower().
  the_ffp_64_scm3: the_ffp_64_scm3 DISPLAY_TYPE = 'Spectrogram' is not in list of known display types. Will attempt to infer using DISPLAY_TYPE.strip().lower().
  the_ffp_64_v1: the_ffp_64_v1 DISPLAY_TYPE = 'Spectrogram' is not in list of known display types. Will attempt to infer using DISPLAY_TYPE.strip().lower().
  the_ffp_64_v2: the_ffp_64_v2 DISPLAY_TYPE = 'Spectrogram' is not in list of known display types. Will attempt to infer using DISPLAY_TYPE.strip().lower().
  the_ffp_64_v3: the_ffp_64_v3 DISPLAY_TYPE = 'Spectrogram' is not in list of known display types. Will attempt to infer using DISPLAY_TYPE.strip().lower().
  the_ffp_64_v4: the_ffp_64_v4 DISPLAY_TYPE = 'Spectrogram' is not in list of known display types. Will attempt to infer using DISPLAY_TYPE.strip().lower().
  the_ffp_64_v5: the_ffp_64_v5 DISPLAY_TYPE = 'Spectrogram' is not in list of known display types. Will attempt to infer using DISPLAY_TYPE.strip().lower().
  the_ffp_64_v6: the_ffp_64_v6 DISPLAY_TYPE = 'Spectrogram' is not in list of known display types. Will attempt to infer using DISPLAY_TYPE.strip().lower().
  the_ffw_16_dbpara: the_ffw_16_dbpara DISPLAY_TYPE = 'Spectrogram' is not in list of known display types. Will attempt to infer using DISPLAY_TYPE.strip().lower().
  the_ffw_16_dbperp: the_ffw_16_dbperp DISPLAY_TYPE = 'Spectrogram' is not in list of known display types. Will attempt to infer using DISPLAY_TYPE.strip().lower().
  the_ffw_16_eac12: the_ffw_16_eac12 DISPLAY_TYPE = 'Spectrogram' is not in list of known display types. Will attempt to infer using DISPLAY_TYPE.strip().lower().
  the_ffw_16_eac34: the_ffw_16_eac34 DISPLAY_TYPE = 'Spectrogram' is not in list of known display types. Will attempt to infer using DISPLAY_TYPE.strip().lower().
  the_ffw_16_eac56: the_ffw_16_eac56 DISPLAY_TYPE = 'Spectrogram' is not in list of known display types. Will attempt to infer using DISPLAY_TYPE.strip().lower().
  the_ffw_16_edc12: the_ffw_16_edc12 DISPLAY_TYPE = 'Spectrogram' is not in list of known display types. Will attempt to infer using DISPLAY_TYPE.strip().lower().
  the_ffw_16_edc34: the_ffw_16_edc34 DISPLAY_TYPE = 'Spectrogram' is not in list of known display types. Will attempt to infer using DISPLAY_TYPE.strip().lower().
  the_ffw_16_edc56: the_ffw_16_edc56 DISPLAY_TYPE = 'Spectrogram' is not in list of known display types. Will attempt to infer using DISPLAY_TYPE.strip().lower().
  the_ffw_16_epara: the_ffw_16_epara DISPLAY_TYPE = 'Spectrogram' is not in list of known display types. Will attempt to infer using DISPLAY_TYPE.strip().lower().
  the_ffw_16_eperp: the_ffw_16_eperp DISPLAY_TYPE = 'Spectrogram' is not in list of known display types. Will attempt to infer using DISPLAY_TYPE.strip().lower().
  the_ffw_16_scm1: the_ffw_16_scm1 DISPLAY_TYPE = 'Spectrogram' is not in list of known display types. Will attempt to infer using DISPLAY_TYPE.strip().lower().
  the_ffw_16_scm2: the_ffw_16_scm2 DISPLAY_TYPE = 'Spectrogram' is not in list of known display types. Will attempt to infer using DISPLAY_TYPE.strip().lower().
  the_ffw_16_scm3: the_ffw_16_scm3 DISPLAY_TYPE = 'Spectrogram' is not in list of known display types. Will attempt to infer using DISPLAY_TYPE.strip().lower().
  the_ffw_16_v1: the_ffw_16_v1 DISPLAY_TYPE = 'Spectrogram' is not in list of known display types. Will attempt to infer using DISPLAY_TYPE.strip().lower().
  the_ffw_16_v2: the_ffw_16_v2 DISPLAY_TYPE = 'Spectrogram' is not in list of known display types. Will attempt to infer using DISPLAY_TYPE.strip().lower().
  the_ffw_16_v3: the_ffw_16_v3 DISPLAY_TYPE = 'Spectrogram' is not in list of known display types. Will attempt to infer using DISPLAY_TYPE.strip().lower().
  the_ffw_16_v4: the_ffw_16_v4 DISPLAY_TYPE = 'Spectrogram' is not in list of known display types. Will attempt to infer using DISPLAY_TYPE.strip().lower().
  the_ffw_16_v5: the_ffw_16_v5 DISPLAY_TYPE = 'Spectrogram' is not in list of known display types. Will attempt to infer using DISPLAY_TYPE.strip().lower().
  the_ffw_16_v6: the_ffw_16_v6 DISPLAY_TYPE = 'Spectrogram' is not in list of known display types. Will attempt to infer using DISPLAY_TYPE.strip().lower().
  the_ffw_32_dbpara: the_ffw_32_dbpara DISPLAY_TYPE = 'Spectrogram' is not in list of known display types. Will attempt to infer using DISPLAY_TYPE.strip().lower().
  the_ffw_32_dbperp: the_ffw_32_dbperp DISPLAY_TYPE = 'Spectrogram' is not in list of known display types. Will attempt to infer using DISPLAY_TYPE.strip().lower().
  the_ffw_32_eac12: the_ffw_32_eac12 DISPLAY_TYPE = 'Spectrogram' is not in list of known display types. Will attempt to infer using DISPLAY_TYPE.strip().lower().
  the_ffw_32_eac34: the_ffw_32_eac34 DISPLAY_TYPE = 'Spectrogram' is not in list of known display types. Will attempt to infer using DISPLAY_TYPE.strip().lower().
  the_ffw_32_eac56: the_ffw_32_eac56 DISPLAY_TYPE = 'Spectrogram' is not in list of known display types. Will attempt to infer using DISPLAY_TYPE.strip().lower().
  the_ffw_32_edc12: the_ffw_32_edc12 DISPLAY_TYPE = 'Spectrogram' is not in list of known display types. Will attempt to infer using DISPLAY_TYPE.strip().lower().
  the_ffw_32_edc34: the_ffw_32_edc34 DISPLAY_TYPE = 'Spectrogram' is not in list of known display types. Will attempt to infer using DISPLAY_TYPE.strip().lower().
  the_ffw_32_edc56: the_ffw_32_edc56 DISPLAY_TYPE = 'Spectrogram' is not in list of known display types. Will attempt to infer using DISPLAY_TYPE.strip().lower().
  the_ffw_32_epara: the_ffw_32_epara DISPLAY_TYPE = 'Spectrogram' is not in list of known display types. Will attempt to infer using DISPLAY_TYPE.strip().lower().
  the_ffw_32_eperp: the_ffw_32_eperp DISPLAY_TYPE = 'Spectrogram' is not in list of known display types. Will attempt to infer using DISPLAY_TYPE.strip().lower().
  the_ffw_32_scm1: the_ffw_32_scm1 DISPLAY_TYPE = 'Spectrogram' is not in list of known display types. Will attempt to infer using DISPLAY_TYPE.strip().lower().
  the_ffw_32_scm2: the_ffw_32_scm2 DISPLAY_TYPE = 'Spectrogram' is not in list of known display types. Will attempt to infer using DISPLAY_TYPE.strip().lower().
  the_ffw_32_scm3: the_ffw_32_scm3 DISPLAY_TYPE = 'Spectrogram' is not in list of known display types. Will attempt to infer using DISPLAY_TYPE.strip().lower().
  the_ffw_32_v1: the_ffw_32_v1 DISPLAY_TYPE = 'Spectrogram' is not in list of known display types. Will attempt to infer using DISPLAY_TYPE.strip().lower().
  the_ffw_32_v2: the_ffw_32_v2 DISPLAY_TYPE = 'Spectrogram' is not in list of known display types. Will attempt to infer using DISPLAY_TYPE.strip().lower().
  the_ffw_32_v3: the_ffw_32_v3 DISPLAY_TYPE = 'Spectrogram' is not in list of known display types. Will attempt to infer using DISPLAY_TYPE.strip().lower().
  the_ffw_32_v4: the_ffw_32_v4 DISPLAY_TYPE = 'Spectrogram' is not in list of known display types. Will attempt to infer using DISPLAY_TYPE.strip().lower().
  the_ffw_32_v5: the_ffw_32_v5 DISPLAY_TYPE = 'Spectrogram' is not in list of known display types. Will attempt to infer using DISPLAY_TYPE.strip().lower().
  the_ffw_32_v6: the_ffw_32_v6 DISPLAY_TYPE = 'Spectrogram' is not in list of known display types. Will attempt to infer using DISPLAY_TYPE.strip().lower().
  the_ffw_64_dbpara: the_ffw_64_dbpara DISPLAY_TYPE = 'Spectrogram' is not in list of known display types. Will attempt to infer using DISPLAY_TYPE.strip().lower().
  the_ffw_64_dbperp: the_ffw_64_dbperp DISPLAY_TYPE = 'Spectrogram' is not in list of known display types. Will attempt to infer using DISPLAY_TYPE.strip().lower().
  the_ffw_64_eac12: the_ffw_64_eac12 DISPLAY_TYPE = 'Spectrogram' is not in list of known display types. Will attempt to infer using DISPLAY_TYPE.strip().lower().
  the_ffw_64_eac34: the_ffw_64_eac34 DISPLAY_TYPE = 'Spectrogram' is not in list of known display types. Will attempt to infer using DISPLAY_TYPE.strip().lower().
  the_ffw_64_eac56: the_ffw_64_eac56 DISPLAY_TYPE = 'Spectrogram' is not in list of known display types. Will attempt to infer using DISPLAY_TYPE.strip().lower().
  the_ffw_64_edc12: the_ffw_64_edc12 DISPLAY_TYPE = 'Spectrogram' is not in list of known display types. Will attempt to infer using DISPLAY_TYPE.strip().lower().
  the_ffw_64_edc34: the_ffw_64_edc34 DISPLAY_TYPE = 'Spectrogram' is not in list of known display types. Will attempt to infer using DISPLAY_TYPE.strip().lower().
  the_ffw_64_edc56: the_ffw_64_edc56 DISPLAY_TYPE = 'Spectrogram' is not in list of known display types. Will attempt to infer using DISPLAY_TYPE.strip().lower().
  the_ffw_64_epara: the_ffw_64_epara DISPLAY_TYPE = 'Spectrogram' is not in list of known display types. Will attempt to infer using DISPLAY_TYPE.strip().lower().
  the_ffw_64_eperp: the_ffw_64_eperp DISPLAY_TYPE = 'Spectrogram' is not in list of known display types. Will attempt to infer using DISPLAY_TYPE.strip().lower().
  the_ffw_64_scm1: the_ffw_64_scm1 DISPLAY_TYPE = 'Spectrogram' is not in list of known display types. Will attempt to infer using DISPLAY_TYPE.strip().lower().
  the_ffw_64_scm2: the_ffw_64_scm2 DISPLAY_TYPE = 'Spectrogram' is not in list of known display types. Will attempt to infer using DISPLAY_TYPE.strip().lower().
  the_ffw_64_scm3: the_ffw_64_scm3 DISPLAY_TYPE = 'Spectrogram' is not in list of known display types. Will attempt to infer using DISPLAY_TYPE.strip().lower().
  the_ffw_64_v1: the_ffw_64_v1 DISPLAY_TYPE = 'Spectrogram' is not in list of known display types. Will attempt to infer using DISPLAY_TYPE.strip().lower().
  the_ffw_64_v2: the_ffw_64_v2 DISPLAY_TYPE = 'Spectrogram' is not in list of known display types. Will attempt to infer using DISPLAY_TYPE.strip().lower().
  the_ffw_64_v3: the_ffw_64_v3 DISPLAY_TYPE = 'Spectrogram' is not in list of known display types. Will attempt to infer using DISPLAY_TYPE.strip().lower().
  the_ffw_64_v4: the_ffw_64_v4 DISPLAY_TYPE = 'Spectrogram' is not in list of known display types. Will attempt to infer using DISPLAY_TYPE.strip().lower().
  the_ffw_64_v5: the_ffw_64_v5 DISPLAY_TYPE = 'Spectrogram' is not in list of known display types. Will attempt to infer using DISPLAY_TYPE.strip().lower().
  the_ffw_64_v6: the_ffw_64_v6 DISPLAY_TYPE = 'Spectrogram' is not in list of known display types. Will attempt to infer using DISPLAY_TYPE.strip().lower().
THE_OR_SSC | ISTP.DISPLAY_TYPE.Unknown:
  RADIUS: RADIUS DISPLAY_TYPE = 'TIME_SERIES' is not in list of known display types. Will attempt to infer using DISPLAY_TYPE.strip().lower().
  GSE_LAT: GSE_LAT DISPLAY_TYPE = 'TIME_SERIES' is not in list of known display types. Will attempt to infer using DISPLAY_TYPE.strip().lower().
  GSE_LON: GSE_LON DISPLAY_TYPE = 'TIME_SERIES' is not in list of known display types. Will attempt to infer using DISPLAY_TYPE.strip().lower().
  GSE_LCT_T: GSE_LCT_T DISPLAY_TYPE = 'TIME_SERIES' is not in list of known display types. Will attempt to infer using DISPLAY_TYPE.strip().lower().
  GSM_LAT: GSM_LAT DISPLAY_TYPE = 'TIME_SERIES' is not in list of known display types. Will attempt to infer using DISPLAY_TYPE.strip().lower().
  GSM_LON: GSM_LON DISPLAY_TYPE = 'TIME_SERIES' is not in list of known display types. Will attempt to infer using DISPLAY_TYPE.strip().lower().
  SM_LAT: SM_LAT DISPLAY_TYPE = 'TIME_SERIES' is not in list of known display types. Will attempt to infer using DISPLAY_TYPE.strip().lower().
  SM_LON: SM_LON DISPLAY_TYPE = 'TIME_SERIES' is not in list of known display types. Will attempt to infer using DISPLAY_TYPE.strip().lower().
  SM_LCT_T: SM_LCT_T DISPLAY_TYPE = 'TIME_SERIES' is not in list of known display types. Will attempt to infer using DISPLAY_TYPE.strip().lower().
  XYZ_GEO: XYZ_GEO DISPLAY_TYPE = 'TIME_SERIES' is not in list of known display types. Will attempt to infer using DISPLAY_TYPE.strip().lower().
  GEO_LAT: GEO_LAT DISPLAY_TYPE = 'TIME_SERIES' is not in list of known display types. Will attempt to infer using DISPLAY_TYPE.strip().lower().
  GEO_LON: GEO_LON DISPLAY_TYPE = 'TIME_SERIES' is not in list of known display types. Will attempt to infer using DISPLAY_TYPE.strip().lower().
  GEO_LCT_T: GEO_LCT_T DISPLAY_TYPE = 'TIME_SERIES' is not in list of known display types. Will attempt to infer using DISPLAY_TYPE.strip().lower().
  NorthBtrace_GEO_LAT: NorthBtrace_GEO_LAT DISPLAY_TYPE = 'TIME_SERIES' is not in list of known display types. Will attempt to infer using DISPLAY_TYPE.strip().lower().
  NorthBtrace_GEO_LON: NorthBtrace_GEO_LON DISPLAY_TYPE = 'TIME_SERIES' is not in list of known display types. Will attempt to infer using DISPLAY_TYPE.strip().lower().
  NorthBtrace_GEO_ARCLEN: NorthBtrace_GEO_ARCLEN DISPLAY_TYPE = 'TIME_SERIES' is not in list of known display types. Will attempt to infer using DISPLAY_TYPE.strip().lower().
  SouthBtrace_GEO_LAT: SouthBtrace_GEO_LAT DISPLAY_TYPE = 'TIME_SERIES' is not in list of known display types. Will attempt to infer using DISPLAY_TYPE.strip().lower().
  SouthBtrace_GEO_LON: SouthBtrace_GEO_LON DISPLAY_TYPE = 'TIME_SERIES' is not in list of known display types. Will attempt to infer using DISPLAY_TYPE.strip().lower().
  SouthBtrace_GEO_ARCLEN: SouthBtrace_GEO_ARCLEN DISPLAY_TYPE = 'TIME_SERIES' is not in list of known display types. Will attempt to infer using DISPLAY_TYPE.strip().lower().
  GM_LAT: GM_LAT DISPLAY_TYPE = 'TIME_SERIES' is not in list of known display types. Will attempt to infer using DISPLAY_TYPE.strip().lower().
  GM_LON: GM_LON DISPLAY_TYPE = 'TIME_SERIES' is not in list of known display types. Will attempt to infer using DISPLAY_TYPE.strip().lower().
  NorthBtrace_GM_LAT: NorthBtrace_GM_LAT DISPLAY_TYPE = 'TIME_SERIES' is not in list of known display types. Will attempt to infer using DISPLAY_TYPE.strip().lower().
  NorthBtrace_GM_LON: NorthBtrace_GM_LON DISPLAY_TYPE = 'TIME_SERIES' is not in list of known display types. Will attempt to infer using DISPLAY_TYPE.strip().lower().
  NorthBtrace_GM_ARCLEN: NorthBtrace_GM_ARCLEN DISPLAY_TYPE = 'TIME_SERIES' is not in list of known display types. Will attempt to infer using DISPLAY_TYPE.strip().lower().
  SouthBtrace_GM_LAT: SouthBtrace_GM_LAT DISPLAY_TYPE = 'TIME_SERIES' is not in list of known display types. Will attempt to infer using DISPLAY_TYPE.strip().lower().
  SouthBtrace_GM_LON: SouthBtrace_GM_LON DISPLAY_TYPE = 'TIME_SERIES' is not in list of known display types. Will attempt to infer using DISPLAY_TYPE.strip().lower().
  SouthBtrace_GM_ARCLEN: SouthBtrace_GM_ARCLEN DISPLAY_TYPE = 'TIME_SERIES' is not in list of known display types. Will attempt to infer using DISPLAY_TYPE.strip().lower().
  MAG_STRTH: MAG_STRTH DISPLAY_TYPE = 'TIME_SERIES' is not in list of known display types. Will attempt to infer using DISPLAY_TYPE.strip().lower().
  DNEUTS: DNEUTS DISPLAY_TYPE = 'TIME_SERIES' is not in list of known display types. Will attempt to infer using DISPLAY_TYPE.strip().lower().
  BOW_SHOCK: BOW_SHOCK DISPLAY_TYPE = 'TIME_SERIES' is not in list of known display types. Will attempt to infer using DISPLAY_TYPE.strip().lower().
  MAG_PAUSE: MAG_PAUSE DISPLAY_TYPE = 'TIME_SERIES' is not in list of known display types. Will attempt to infer using DISPLAY_TYPE.strip().lower().
  L_VALUE: L_VALUE DISPLAY_TYPE = 'TIME_SERIES' is not in list of known display types. Will attempt to infer using DISPLAY_TYPE.strip().lower().
  INVAR_LAT: INVAR_LAT DISPLAY_TYPE = 'TIME_SERIES' is not in list of known display types. Will attempt to infer using DISPLAY_TYPE.strip().lower().
  MAG_Y: MAG_Y DISPLAY_TYPE = 'TIME_SERIES' is not in list of known display types. Will attempt to infer using DISPLAY_TYPE.strip().lower().
  MAG_Z: MAG_Z DISPLAY_TYPE = 'TIME_SERIES' is not in list of known display types. Will attempt to infer using DISPLAY_TYPE.strip().lower().
  cartesian: cartesian DISPLAY_TYPE = 'TIME_SERIES' is not in list of known display types. Will attempt to infer using DISPLAY_TYPE.strip().lower().
  xyz_lbl: xyz_lbl DISPLAY_TYPE = 'TIME_SERIES' is not in list of known display types. Will attempt to infer using DISPLAY_TYPE.strip().lower().
TIMED_L1CDISK_GUVI | ISTP.DISPLAY_TYPE.Unknown:
  orbitNumber_ax: orbitNumber_ax DISPLAY_TYPE = 'time_text' is not in list of known display types. Will attempt to infer using DISPLAY_TYPE.strip().lower().
  GeographLatMedian_ax: GeographLatMedian_ax DISPLAY_TYPE = 'time_text' is not in list of known display types. Will attempt to infer using DISPLAY_TYPE.strip().lower().
  GeographLonMedian_ax: GeographLonMedian_ax DISPLAY_TYPE = 'time_text' is not in list of known display types. Will attempt to infer using DISPLAY_TYPE.strip().lower().
  GeomagLatMedian_ax: GeomagLatMedian_ax DISPLAY_TYPE = 'time_text' is not in list of known display types. Will attempt to infer using DISPLAY_TYPE.strip().lower().
  GeomagLonMedian_ax: GeomagLonMedian_ax DISPLAY_TYPE = 'time_text' is not in list of known display types. Will attempt to infer using DISPLAY_TYPE.strip().lower().
TIMED_WINDVECTORSNCAR_TIDI | ISTP.DISPLAY_TYPE.Unknown:
  Windplot_cold_asc_mov_080: Windplot_cold_asc_mov_080 DISPLAY_TYPE = 'wind_movie' is not in list of known display types. Will attempt to infer using DISPLAY_TYPE.strip().lower().
  Windplot_warm_asc_mov_080: Windplot_warm_asc_mov_080 DISPLAY_TYPE = 'wind_movie' is not in list of known display types. Will attempt to infer using DISPLAY_TYPE.strip().lower().
  Windplot_cold_des_mov_080: Windplot_cold_des_mov_080 DISPLAY_TYPE = 'wind_movie' is not in list of known display types. Will attempt to infer using DISPLAY_TYPE.strip().lower().
  Windplot_warm_desc_mov_080: Windplot_warm_desc_mov_080 DISPLAY_TYPE = 'wind_movie' is not in list of known display types. Will attempt to infer using DISPLAY_TYPE.strip().lower().
  Windplot_cold_asc_transv_mov_080: Windplot_cold_asc_transv_mov_080 DISPLAY_TYPE = 'wind_movie' is not in list of known display types. Will attempt to infer using DISPLAY_TYPE.strip().lower().
  Windplot_warm_asc_transv_mov_080: Windplot_warm_asc_transv_mov_080 DISPLAY_TYPE = 'wind_movie' is not in list of known display types. Will attempt to infer using DISPLAY_TYPE.strip().lower().
  Windplot_cold_des_transv_mov_080: Windplot_cold_des_transv_mov_080 DISPLAY_TYPE = 'wind_movie' is not in list of known display types. Will attempt to infer using DISPLAY_TYPE.strip().lower().
  Windplot_warm_desc_transv_mov_080: Windplot_warm_desc_transv_mov_080 DISPLAY_TYPE = 'wind_movie' is not in list of known display types. Will attempt to infer using DISPLAY_TYPE.strip().lower().
  Windplot_cold_asc_mov_090: Windplot_cold_asc_mov_090 DISPLAY_TYPE = 'wind_movie' is not in list of known display types. Will attempt to infer using DISPLAY_TYPE.strip().lower().
  Windplot_warm_asc_mov_090: Windplot_warm_asc_mov_090 DISPLAY_TYPE = 'wind_movie' is not in list of known display types. Will attempt to infer using DISPLAY_TYPE.strip().lower().
  Windplot_cold_desc_mov_090: Windplot_cold_desc_mov_090 DISPLAY_TYPE = 'wind_movie' is not in list of known display types. Will attempt to infer using DISPLAY_TYPE.strip().lower().
  Windplot_warm_desc_mov_090: Windplot_warm_desc_mov_090 DISPLAY_TYPE = 'wind_movie' is not in list of known display types. Will attempt to infer using DISPLAY_TYPE.strip().lower().
  Windplot_cold_asc_transv_mov_090: Windplot_cold_asc_transv_mov_090 DISPLAY_TYPE = 'wind_movie' is not in list of known display types. Will attempt to infer using DISPLAY_TYPE.strip().lower().
  Windplot_warm_asc_transv_mov_090: Windplot_warm_asc_transv_mov_090 DISPLAY_TYPE = 'wind_movie' is not in list of known display types. Will attempt to infer using DISPLAY_TYPE.strip().lower().
  Windplot_cold_desc_transv_mov_090: Windplot_cold_desc_transv_mov_090 DISPLAY_TYPE = 'wind_movie' is not in list of known display types. Will attempt to infer using DISPLAY_TYPE.strip().lower().
  Windplot_warm_desc_transv_mov_090: Windplot_warm_desc_transv_mov_090 DISPLAY_TYPE = 'wind_movie' is not in list of known display types. Will attempt to infer using DISPLAY_TYPE.strip().lower().
  Windplot_cold_asc_mov_100: Windplot_cold_asc_mov_100 DISPLAY_TYPE = 'wind_movie' is not in list of known display types. Will attempt to infer using DISPLAY_TYPE.strip().lower().
  Windplot_warm_asc_mov_100: Windplot_warm_asc_mov_100 DISPLAY_TYPE = 'wind_movie' is not in list of known display types. Will attempt to infer using DISPLAY_TYPE.strip().lower().
  Windplot_cold_desc_mov_100: Windplot_cold_desc_mov_100 DISPLAY_TYPE = 'wind_movie' is not in list of known display types. Will attempt to infer using DISPLAY_TYPE.strip().lower().
  Windplot_warm_desc_mov_100: Windplot_warm_desc_mov_100 DISPLAY_TYPE = 'wind_movie' is not in list of known display types. Will attempt to infer using DISPLAY_TYPE.strip().lower().
  Windplot_cold_asc_transv_mov_100: Windplot_cold_asc_transv_mov_100 DISPLAY_TYPE = 'wind_movie' is not in list of known display types. Will attempt to infer using DISPLAY_TYPE.strip().lower().
  Windplot_warm_asc_transv_mov_100: Windplot_warm_asc_transv_mov_100 DISPLAY_TYPE = 'wind_movie' is not in list of known display types. Will attempt to infer using DISPLAY_TYPE.strip().lower().
  Windplot_cold_desc_transv_mov_100: Windplot_cold_desc_transv_mov_100 DISPLAY_TYPE = 'wind_movie' is not in list of known display types. Will attempt to infer using DISPLAY_TYPE.strip().lower().
  Windplot_warm_desc_transv_mov_100: Windplot_warm_desc_transv_mov_100 DISPLAY_TYPE = 'wind_movie' is not in list of known display types. Will attempt to infer using DISPLAY_TYPE.strip().lower().
TWINS1_L1_IMAGER | ISTP.DISPLAY_TYPE.Unknown:
  title: title DISPLAY_TYPE = 'not_applicable' is not in list of known display types. Will attempt to infer using DISPLAY_TYPE.strip().lower().
TWINS1_TISTORM_IMAGER | ISTP.DISPLAY_TYPE.Unknown:
  fluxarrays: fluxarrays DISPLAY_TYPE = 'no_plot' is not in list of known display types. Will attempt to infer using DISPLAY_TYPE.strip().lower().
  countarrays: countarrays DISPLAY_TYPE = 'no_plot' is not in list of known display types. Will attempt to infer using DISPLAY_TYPE.strip().lower().
  errorarrays: errorarrays DISPLAY_TYPE = 'no_plot' is not in list of known display types. Will attempt to infer using DISPLAY_TYPE.strip().lower().
  counterrors: counterrors DISPLAY_TYPE = 'no_plot' is not in list of known display types. Will attempt to infer using DISPLAY_TYPE.strip().lower().
TWINS2_TISTORM_IMAGER | ISTP.DISPLAY_TYPE.Unknown:
  fluxarrays: fluxarrays DISPLAY_TYPE = 'no_plot' is not in list of known display types. Will attempt to infer using DISPLAY_TYPE.strip().lower().
  countarrays: countarrays DISPLAY_TYPE = 'no_plot' is not in list of known display types. Will attempt to infer using DISPLAY_TYPE.strip().lower().
  errorarrays: errorarrays DISPLAY_TYPE = 'no_plot' is not in list of known display types. Will attempt to infer using DISPLAY_TYPE.strip().lower().
  counterrors: counterrors DISPLAY_TYPE = 'no_plot' is not in list of known display types. Will attempt to infer using DISPLAY_TYPE.strip().lower().
VG1_PWS_LR | ISTP.DISPLAY_TYPE.Unknown:
  sc_mode: sc_mode DISPLAY_TYPE = 'no_plot' is not in list of known display types. Will attempt to infer using DISPLAY_TYPE.strip().lower().
  sclk: sclk DISPLAY_TYPE = 'no_plot' is not in list of known display types. Will attempt to infer using DISPLAY_TYPE.strip().lower().
VG1_PWS_WF | ISTP.DISPLAY_TYPE.Unknown:
  Waveform: Waveform DISPLAY_TYPE = 'waveform' is not in list of known display types. Will attempt to infer using DISPLAY_TYPE.strip().lower().
VG2_PWS_LR | ISTP.DISPLAY_TYPE.Unknown:
  sc_mode: sc_mode DISPLAY_TYPE = 'no_plot' is not in list of known display types. Will attempt to infer using DISPLAY_TYPE.strip().lower().
  sclk: sclk DISPLAY_TYPE = 'no_plot' is not in list of known display types. Will attempt to infer using DISPLAY_TYPE.strip().lower().
VG2_PWS_WF | ISTP.DISPLAY_TYPE.Unknown:
  Waveform: Waveform DISPLAY_TYPE = 'waveform' is not in list of known display types. Will attempt to infer using DISPLAY_TYPE.strip().lower().
WI_H0_MFI | ISTP.DISPLAY_TYPE.Unknown:
  DISTV: DISTV DISPLAY_TYPE = 'time_text' is not in list of known display types. Will attempt to infer using DISPLAY_TYPE.strip().lower().
  PGSMV: PGSMV DISPLAY_TYPE = 'time_text' is not in list of known display types. Will attempt to infer using DISPLAY_TYPE.strip().lower().
  PGSEV: PGSEV DISPLAY_TYPE = 'time_text' is not in list of known display types. Will attempt to infer using DISPLAY_TYPE.strip().lower().
  DIST1V: DIST1V DISPLAY_TYPE = 'time_text' is not in list of known display types. Will attempt to infer using DISPLAY_TYPE.strip().lower().
  P1GSMV: P1GSMV DISPLAY_TYPE = 'time_text' is not in list of known display types. Will attempt to infer using DISPLAY_TYPE.strip().lower().
  P1GSEV: P1GSEV DISPLAY_TYPE = 'time_text' is not in list of known display types. Will attempt to infer using DISPLAY_TYPE.strip().lower().
WI_K0_MFI | ISTP.DISPLAY_TYPE.Unknown:
  DISTV: DISTV DISPLAY_TYPE = 'time_text' is not in list of known display types. Will attempt to infer using DISPLAY_TYPE.strip().lower().
  PGSMV: PGSMV DISPLAY_TYPE = 'time_text' is not in list of known display types. Will attempt to infer using DISPLAY_TYPE.strip().lower().
  PGSEV: PGSEV DISPLAY_TYPE = 'time_text' is not in list of known display types. Will attempt to infer using DISPLAY_TYPE.strip().lower().
WI_K0_WAV | ISTP.DISPLAY_TYPE.Unknown:
  Moon_posV: Moon_posV DISPLAY_TYPE = 'time_text' is not in list of known display types. Will attempt to infer using DISPLAY_TYPE.strip().lower().
WI_L2-3MIN_SMS-STICS-VDF-MAGNETOSPHERE | ISTP.DISPLAY_TYPE.Unknown:
  DF_tc_hplus: DF_tc_hplus DISPLAY_TYPE = 'no_plot' is not in list of known display types. Will attempt to infer using DISPLAY_TYPE.strip().lower().
  DF_error_tc_hplus: DF_error_tc_hplus DISPLAY_TYPE = 'no_plot' is not in list of known display types. Will attempt to infer using DISPLAY_TYPE.strip().lower().
  counts_tc_hplus: counts_tc_hplus DISPLAY_TYPE = 'no_plot' is not in list of known display types. Will attempt to infer using DISPLAY_TYPE.strip().lower().
  counts_error_tc_hplus: counts_error_tc_hplus DISPLAY_TYPE = 'no_plot' is not in list of known display types. Will attempt to infer using DISPLAY_TYPE.strip().lower().
  dJ_tc_hplus: dJ_tc_hplus DISPLAY_TYPE = 'no_plot' is not in list of known display types. Will attempt to infer using DISPLAY_TYPE.strip().lower().
  dJ_error_tc_hplus: dJ_error_tc_hplus DISPLAY_TYPE = 'no_plot' is not in list of known display types. Will attempt to infer using DISPLAY_TYPE.strip().lower().
  DF_tc_heplus: DF_tc_heplus DISPLAY_TYPE = 'no_plot' is not in list of known display types. Will attempt to infer using DISPLAY_TYPE.strip().lower().
  DF_error_tc_heplus: DF_error_tc_heplus DISPLAY_TYPE = 'no_plot' is not in list of known display types. Will attempt to infer using DISPLAY_TYPE.strip().lower().
  counts_tc_heplus: counts_tc_heplus DISPLAY_TYPE = 'no_plot' is not in list of known display types. Will attempt to infer using DISPLAY_TYPE.strip().lower().
  counts_error_tc_heplus: counts_error_tc_heplus DISPLAY_TYPE = 'no_plot' is not in list of known display types. Will attempt to infer using DISPLAY_TYPE.strip().lower().
  dJ_tc_heplus: dJ_tc_heplus DISPLAY_TYPE = 'no_plot' is not in list of known display types. Will attempt to infer using DISPLAY_TYPE.strip().lower().
  dJ_error_tc_heplus: dJ_error_tc_heplus DISPLAY_TYPE = 'no_plot' is not in list of known display types. Will attempt to infer using DISPLAY_TYPE.strip().lower().
  DF_tc_he2plus: DF_tc_he2plus DISPLAY_TYPE = 'no_plot' is not in list of known display types. Will attempt to infer using DISPLAY_TYPE.strip().lower().
  DF_error_tc_he2plus: DF_error_tc_he2plus DISPLAY_TYPE = 'no_plot' is not in list of known display types. Will attempt to infer using DISPLAY_TYPE.strip().lower().
  counts_tc_he2plus: counts_tc_he2plus DISPLAY_TYPE = 'no_plot' is not in list of known display types. Will attempt to infer using DISPLAY_TYPE.strip().lower().
  counts_error_tc_he2plus: counts_error_tc_he2plus DISPLAY_TYPE = 'no_plot' is not in list of known display types. Will attempt to infer using DISPLAY_TYPE.strip().lower().
  dJ_tc_he2plus: dJ_tc_he2plus DISPLAY_TYPE = 'no_plot' is not in list of known display types. Will attempt to infer using DISPLAY_TYPE.strip().lower().
  dJ_error_tc_he2plus: dJ_error_tc_he2plus DISPLAY_TYPE = 'no_plot' is not in list of known display types. Will attempt to infer using DISPLAY_TYPE.strip().lower().
  DF_tc_oplus: DF_tc_oplus DISPLAY_TYPE = 'no_plot' is not in list of known display types. Will attempt to infer using DISPLAY_TYPE.strip().lower().
  DF_error_tc_oplus: DF_error_tc_oplus DISPLAY_TYPE = 'no_plot' is not in list of known display types. Will attempt to infer using DISPLAY_TYPE.strip().lower().
  counts_tc_oplus: counts_tc_oplus DISPLAY_TYPE = 'no_plot' is not in list of known display types. Will attempt to infer using DISPLAY_TYPE.strip().lower().
  counts_error_tc_oplus: counts_error_tc_oplus DISPLAY_TYPE = 'no_plot' is not in list of known display types. Will attempt to infer using DISPLAY_TYPE.strip().lower().
  dJ_tc_oplus: dJ_tc_oplus DISPLAY_TYPE = 'no_plot' is not in list of known display types. Will attempt to infer using DISPLAY_TYPE.strip().lower().
  dJ_error_tc_oplus: dJ_error_tc_oplus DISPLAY_TYPE = 'no_plot' is not in list of known display types. Will attempt to infer using DISPLAY_TYPE.strip().lower().
  DF_tc_o6plus: DF_tc_o6plus DISPLAY_TYPE = 'no_plot' is not in list of known display types. Will attempt to infer using DISPLAY_TYPE.strip().lower().
  DF_error_tc_o6plus: DF_error_tc_o6plus DISPLAY_TYPE = 'no_plot' is not in list of known display types. Will attempt to infer using DISPLAY_TYPE.strip().lower().
  counts_tc_o6plus: counts_tc_o6plus DISPLAY_TYPE = 'no_plot' is not in list of known display types. Will attempt to infer using DISPLAY_TYPE.strip().lower().
  counts_error_tc_o6plus: counts_error_tc_o6plus DISPLAY_TYPE = 'no_plot' is not in list of known display types. Will attempt to infer using DISPLAY_TYPE.strip().lower().
  dJ_tc_o6plus: dJ_tc_o6plus DISPLAY_TYPE = 'no_plot' is not in list of known display types. Will attempt to infer using DISPLAY_TYPE.strip().lower().
  dJ_error_tc_o6plus: dJ_error_tc_o6plus DISPLAY_TYPE = 'no_plot' is not in list of known display types. Will attempt to infer using DISPLAY_TYPE.strip().lower().
  DF_tc_c5plus: DF_tc_c5plus DISPLAY_TYPE = 'no_plot' is not in list of known display types. Will attempt to infer using DISPLAY_TYPE.strip().lower().
  DF_error_tc_c5plus: DF_error_tc_c5plus DISPLAY_TYPE = 'no_plot' is not in list of known display types. Will attempt to infer using DISPLAY_TYPE.strip().lower().
  counts_tc_c5plus: counts_tc_c5plus DISPLAY_TYPE = 'no_plot' is not in list of known display types. Will attempt to infer using DISPLAY_TYPE.strip().lower().
  counts_error_tc_c5plus: counts_error_tc_c5plus DISPLAY_TYPE = 'no_plot' is not in list of known display types. Will attempt to infer using DISPLAY_TYPE.strip().lower().
  dJ_tc_c5plus: dJ_tc_c5plus DISPLAY_TYPE = 'no_plot' is not in list of known display types. Will attempt to infer using DISPLAY_TYPE.strip().lower().
  dJ_error_tc_c5plus: dJ_error_tc_c5plus DISPLAY_TYPE = 'no_plot' is not in list of known display types. Will attempt to infer using DISPLAY_TYPE.strip().lower().
  DF_tc_fe10plus: DF_tc_fe10plus DISPLAY_TYPE = 'no_plot' is not in list of known display types. Will attempt to infer using DISPLAY_TYPE.strip().lower().
  DF_error_tc_fe10plus: DF_error_tc_fe10plus DISPLAY_TYPE = 'no_plot' is not in list of known display types. Will attempt to infer using DISPLAY_TYPE.strip().lower().
  counts_tc_fe10plus: counts_tc_fe10plus DISPLAY_TYPE = 'no_plot' is not in list of known display types. Will attempt to infer using DISPLAY_TYPE.strip().lower().
  counts_error_tc_fe10plus: counts_error_tc_fe10plus DISPLAY_TYPE = 'no_plot' is not in list of known display types. Will attempt to infer using DISPLAY_TYPE.strip().lower().
  dJ_tc_fe10plus: dJ_tc_fe10plus DISPLAY_TYPE = 'no_plot' is not in list of known display types. Will attempt to infer using DISPLAY_TYPE.strip().lower().
  dJ_error_tc_fe10plus: dJ_error_tc_fe10plus DISPLAY_TYPE = 'no_plot' is not in list of known display types. Will attempt to infer using DISPLAY_TYPE.strip().lower().
  DF_tc_cplus: DF_tc_cplus DISPLAY_TYPE = 'no_plot' is not in list of known display types. Will attempt to infer using DISPLAY_TYPE.strip().lower().
  DF_error_tc_cplus: DF_error_tc_cplus DISPLAY_TYPE = 'no_plot' is not in list of known display types. Will attempt to infer using DISPLAY_TYPE.strip().lower().
  counts_tc_cplus: counts_tc_cplus DISPLAY_TYPE = 'no_plot' is not in list of known display types. Will attempt to infer using DISPLAY_TYPE.strip().lower().
  counts_error_tc_cplus: counts_error_tc_cplus DISPLAY_TYPE = 'no_plot' is not in list of known display types. Will attempt to infer using DISPLAY_TYPE.strip().lower().
  dJ_tc_cplus: dJ_tc_cplus DISPLAY_TYPE = 'no_plot' is not in list of known display types. Will attempt to infer using DISPLAY_TYPE.strip().lower().
  dJ_error_tc_cplus: dJ_error_tc_cplus DISPLAY_TYPE = 'no_plot' is not in list of known display types. Will attempt to infer using DISPLAY_TYPE.strip().lower().
  DF_tc_nplus: DF_tc_nplus DISPLAY_TYPE = 'no_plot' is not in list of known display types. Will attempt to infer using DISPLAY_TYPE.strip().lower().
  DF_error_tc_nplus: DF_error_tc_nplus DISPLAY_TYPE = 'no_plot' is not in list of known display types. Will attempt to infer using DISPLAY_TYPE.strip().lower().
  counts_tc_nplus: counts_tc_nplus DISPLAY_TYPE = 'no_plot' is not in list of known display types. Will attempt to infer using DISPLAY_TYPE.strip().lower().
  counts_error_tc_nplus: counts_error_tc_nplus DISPLAY_TYPE = 'no_plot' is not in list of known display types. Will attempt to infer using DISPLAY_TYPE.strip().lower().
  dJ_tc_nplus: dJ_tc_nplus DISPLAY_TYPE = 'no_plot' is not in list of known display types. Will attempt to infer using DISPLAY_TYPE.strip().lower().
  dJ_error_tc_nplus: dJ_error_tc_nplus DISPLAY_TYPE = 'no_plot' is not in list of known display types. Will attempt to infer using DISPLAY_TYPE.strip().lower().
  DF_tc_o2plus: DF_tc_o2plus DISPLAY_TYPE = 'no_plot' is not in list of known display types. Will attempt to infer using DISPLAY_TYPE.strip().lower().
  DF_error_tc_o2plus: DF_error_tc_o2plus DISPLAY_TYPE = 'no_plot' is not in list of known display types. Will attempt to infer using DISPLAY_TYPE.strip().lower().
  counts_tc_o2plus: counts_tc_o2plus DISPLAY_TYPE = 'no_plot' is not in list of known display types. Will attempt to infer using DISPLAY_TYPE.strip().lower().
  counts_error_tc_o2plus: counts_error_tc_o2plus DISPLAY_TYPE = 'no_plot' is not in list of known display types. Will attempt to infer using DISPLAY_TYPE.strip().lower().
  dJ_tc_o2plus: dJ_tc_o2plus DISPLAY_TYPE = 'no_plot' is not in list of known display types. Will attempt to infer using DISPLAY_TYPE.strip().lower().
  dJ_error_tc_o2plus: dJ_error_tc_o2plus DISPLAY_TYPE = 'no_plot' is not in list of known display types. Will attempt to infer using DISPLAY_TYPE.strip().lower().
  DF_tc_o7plus: DF_tc_o7plus DISPLAY_TYPE = 'no_plot' is not in list of known display types. Will attempt to infer using DISPLAY_TYPE.strip().lower().
  DF_error_tc_o7plus: DF_error_tc_o7plus DISPLAY_TYPE = 'no_plot' is not in list of known display types. Will attempt to infer using DISPLAY_TYPE.strip().lower().
  counts_tc_o7plus: counts_tc_o7plus DISPLAY_TYPE = 'no_plot' is not in list of known display types. Will attempt to infer using DISPLAY_TYPE.strip().lower().
  counts_error_tc_o7plus: counts_error_tc_o7plus DISPLAY_TYPE = 'no_plot' is not in list of known display types. Will attempt to infer using DISPLAY_TYPE.strip().lower().
  dJ_tc_o7plus: dJ_tc_o7plus DISPLAY_TYPE = 'no_plot' is not in list of known display types. Will attempt to infer using DISPLAY_TYPE.strip().lower().
  dJ_error_tc_o7plus: dJ_error_tc_o7plus DISPLAY_TYPE = 'no_plot' is not in list of known display types. Will attempt to infer using DISPLAY_TYPE.strip().lower().
  DF_tc_o8plus: DF_tc_o8plus DISPLAY_TYPE = 'no_plot' is not in list of known display types. Will attempt to infer using DISPLAY_TYPE.strip().lower().
  DF_error_tc_o8plus: DF_error_tc_o8plus DISPLAY_TYPE = 'no_plot' is not in list of known display types. Will attempt to infer using DISPLAY_TYPE.strip().lower().
  counts_tc_o8plus: counts_tc_o8plus DISPLAY_TYPE = 'no_plot' is not in list of known display types. Will attempt to infer using DISPLAY_TYPE.strip().lower().
  counts_error_tc_o8plus: counts_error_tc_o8plus DISPLAY_TYPE = 'no_plot' is not in list of known display types. Will attempt to infer using DISPLAY_TYPE.strip().lower().
  dJ_tc_o8plus: dJ_tc_o8plus DISPLAY_TYPE = 'no_plot' is not in list of known display types. Will attempt to infer using DISPLAY_TYPE.strip().lower().
  dJ_error_tc_o8plus: dJ_error_tc_o8plus DISPLAY_TYPE = 'no_plot' is not in list of known display types. Will attempt to infer using DISPLAY_TYPE.strip().lower().
  DF_tc_c4plus: DF_tc_c4plus DISPLAY_TYPE = 'no_plot' is not in list of known display types. Will attempt to infer using DISPLAY_TYPE.strip().lower().
  DF_error_tc_c4plus: DF_error_tc_c4plus DISPLAY_TYPE = 'no_plot' is not in list of known display types. Will attempt to infer using DISPLAY_TYPE.strip().lower().
  counts_tc_c4plus: counts_tc_c4plus DISPLAY_TYPE = 'no_plot' is not in list of known display types. Will attempt to infer using DISPLAY_TYPE.strip().lower().
  counts_error_tc_c4plus: counts_error_tc_c4plus DISPLAY_TYPE = 'no_plot' is not in list of known display types. Will attempt to infer using DISPLAY_TYPE.strip().lower().
  dJ_tc_c4plus: dJ_tc_c4plus DISPLAY_TYPE = 'no_plot' is not in list of known display types. Will attempt to infer using DISPLAY_TYPE.strip().lower().
  dJ_error_tc_c4plus: dJ_error_tc_c4plus DISPLAY_TYPE = 'no_plot' is not in list of known display types. Will attempt to infer using DISPLAY_TYPE.strip().lower().
  DF_tc_c6plus: DF_tc_c6plus DISPLAY_TYPE = 'no_plot' is not in list of known display types. Will attempt to infer using DISPLAY_TYPE.strip().lower().
  DF_error_tc_c6plus: DF_error_tc_c6plus DISPLAY_TYPE = 'no_plot' is not in list of known display types. Will attempt to infer using DISPLAY_TYPE.strip().lower().
  counts_tc_c6plus: counts_tc_c6plus DISPLAY_TYPE = 'no_plot' is not in list of known display types. Will attempt to infer using DISPLAY_TYPE.strip().lower().
  counts_error_tc_c6plus: counts_error_tc_c6plus DISPLAY_TYPE = 'no_plot' is not in list of known display types. Will attempt to infer using DISPLAY_TYPE.strip().lower().
  dJ_tc_c6plus: dJ_tc_c6plus DISPLAY_TYPE = 'no_plot' is not in list of known display types. Will attempt to infer using DISPLAY_TYPE.strip().lower().
  dJ_error_tc_c6plus: dJ_error_tc_c6plus DISPLAY_TYPE = 'no_plot' is not in list of known display types. Will attempt to infer using DISPLAY_TYPE.strip().lower().
  DF_tc_fe8plus: DF_tc_fe8plus DISPLAY_TYPE = 'no_plot' is not in list of known display types. Will attempt to infer using DISPLAY_TYPE.strip().lower().
  DF_error_tc_fe8plus: DF_error_tc_fe8plus DISPLAY_TYPE = 'no_plot' is not in list of known display types. Will attempt to infer using DISPLAY_TYPE.strip().lower().
  counts_tc_fe8plus: counts_tc_fe8plus DISPLAY_TYPE = 'no_plot' is not in list of known display types. Will attempt to infer using DISPLAY_TYPE.strip().lower().
  counts_error_tc_fe8plus: counts_error_tc_fe8plus DISPLAY_TYPE = 'no_plot' is not in list of known display types. Will attempt to infer using DISPLAY_TYPE.strip().lower().
  dJ_tc_fe8plus: dJ_tc_fe8plus DISPLAY_TYPE = 'no_plot' is not in list of known display types. Will attempt to infer using DISPLAY_TYPE.strip().lower().
  dJ_error_tc_fe8plus: dJ_error_tc_fe8plus DISPLAY_TYPE = 'no_plot' is not in list of known display types. Will attempt to infer using DISPLAY_TYPE.strip().lower().
  DF_tc_fe9plus: DF_tc_fe9plus DISPLAY_TYPE = 'no_plot' is not in list of known display types. Will attempt to infer using DISPLAY_TYPE.strip().lower().
  DF_error_tc_fe9plus: DF_error_tc_fe9plus DISPLAY_TYPE = 'no_plot' is not in list of known display types. Will attempt to infer using DISPLAY_TYPE.strip().lower().
  counts_tc_fe9plus: counts_tc_fe9plus DISPLAY_TYPE = 'no_plot' is not in list of known display types. Will attempt to infer using DISPLAY_TYPE.strip().lower().
  counts_error_tc_fe9plus: counts_error_tc_fe9plus DISPLAY_TYPE = 'no_plot' is not in list of known display types. Will attempt to infer using DISPLAY_TYPE.strip().lower().
  dJ_tc_fe9plus: dJ_tc_fe9plus DISPLAY_TYPE = 'no_plot' is not in list of known display types. Will attempt to infer using DISPLAY_TYPE.strip().lower().
  dJ_error_tc_fe9plus: dJ_error_tc_fe9plus DISPLAY_TYPE = 'no_plot' is not in list of known display types. Will attempt to infer using DISPLAY_TYPE.strip().lower().
  DF_tc_fe16plus: DF_tc_fe16plus DISPLAY_TYPE = 'no_plot' is not in list of known display types. Will attempt to infer using DISPLAY_TYPE.strip().lower().
  DF_error_tc_fe16plus: DF_error_tc_fe16plus DISPLAY_TYPE = 'no_plot' is not in list of known display types. Will attempt to infer using DISPLAY_TYPE.strip().lower().
  counts_tc_fe16plus: counts_tc_fe16plus DISPLAY_TYPE = 'no_plot' is not in list of known display types. Will attempt to infer using DISPLAY_TYPE.strip().lower().
  counts_error_tc_fe16plus: counts_error_tc_fe16plus DISPLAY_TYPE = 'no_plot' is not in list of known display types. Will attempt to infer using DISPLAY_TYPE.strip().lower().
  dJ_tc_fe16plus: dJ_tc_fe16plus DISPLAY_TYPE = 'no_plot' is not in list of known display types. Will attempt to infer using DISPLAY_TYPE.strip().lower().
  dJ_error_tc_fe16plus: dJ_error_tc_fe16plus DISPLAY_TYPE = 'no_plot' is not in list of known display types. Will attempt to infer using DISPLAY_TYPE.strip().lower().
  DF_dc_hplus: DF_dc_hplus DISPLAY_TYPE = 'no_plot' is not in list of known display types. Will attempt to infer using DISPLAY_TYPE.strip().lower().
  DF_error_dc_hplus: DF_error_dc_hplus DISPLAY_TYPE = 'no_plot' is not in list of known display types. Will attempt to infer using DISPLAY_TYPE.strip().lower().
  counts_dc_hplus: counts_dc_hplus DISPLAY_TYPE = 'no_plot' is not in list of known display types. Will attempt to infer using DISPLAY_TYPE.strip().lower().
  counts_error_dc_hplus: counts_error_dc_hplus DISPLAY_TYPE = 'no_plot' is not in list of known display types. Will attempt to infer using DISPLAY_TYPE.strip().lower().
  dJ_dc_hplus: dJ_dc_hplus DISPLAY_TYPE = 'no_plot' is not in list of known display types. Will attempt to infer using DISPLAY_TYPE.strip().lower().
  dJ_error_dc_hplus: dJ_error_dc_hplus DISPLAY_TYPE = 'no_plot' is not in list of known display types. Will attempt to infer using DISPLAY_TYPE.strip().lower().
  DF_dc_heplus: DF_dc_heplus DISPLAY_TYPE = 'no_plot' is not in list of known display types. Will attempt to infer using DISPLAY_TYPE.strip().lower().
  DF_error_dc_heplus: DF_error_dc_heplus DISPLAY_TYPE = 'no_plot' is not in list of known display types. Will attempt to infer using DISPLAY_TYPE.strip().lower().
  counts_dc_heplus: counts_dc_heplus DISPLAY_TYPE = 'no_plot' is not in list of known display types. Will attempt to infer using DISPLAY_TYPE.strip().lower().
  counts_error_dc_heplus: counts_error_dc_heplus DISPLAY_TYPE = 'no_plot' is not in list of known display types. Will attempt to infer using DISPLAY_TYPE.strip().lower().
  dJ_dc_heplus: dJ_dc_heplus DISPLAY_TYPE = 'no_plot' is not in list of known display types. Will attempt to infer using DISPLAY_TYPE.strip().lower().
  dJ_error_dc_heplus: dJ_error_dc_heplus DISPLAY_TYPE = 'no_plot' is not in list of known display types. Will attempt to infer using DISPLAY_TYPE.strip().lower().
  DF_dc_he2plus: DF_dc_he2plus DISPLAY_TYPE = 'no_plot' is not in list of known display types. Will attempt to infer using DISPLAY_TYPE.strip().lower().
  DF_error_dc_he2plus: DF_error_dc_he2plus DISPLAY_TYPE = 'no_plot' is not in list of known display types. Will attempt to infer using DISPLAY_TYPE.strip().lower().
  counts_dc_he2plus: counts_dc_he2plus DISPLAY_TYPE = 'no_plot' is not in list of known display types. Will attempt to infer using DISPLAY_TYPE.strip().lower().
  counts_error_dc_he2plus: counts_error_dc_he2plus DISPLAY_TYPE = 'no_plot' is not in list of known display types. Will attempt to infer using DISPLAY_TYPE.strip().lower().
  dJ_dc_he2plus: dJ_dc_he2plus DISPLAY_TYPE = 'no_plot' is not in list of known display types. Will attempt to infer using DISPLAY_TYPE.strip().lower().
  dJ_error_dc_he2plus: dJ_error_dc_he2plus DISPLAY_TYPE = 'no_plot' is not in list of known display types. Will attempt to infer using DISPLAY_TYPE.strip().lower().
  DF_dc_oplus: DF_dc_oplus DISPLAY_TYPE = 'no_plot' is not in list of known display types. Will attempt to infer using DISPLAY_TYPE.strip().lower().
  DF_error_dc_oplus: DF_error_dc_oplus DISPLAY_TYPE = 'no_plot' is not in list of known display types. Will attempt to infer using DISPLAY_TYPE.strip().lower().
  counts_dc_oplus: counts_dc_oplus DISPLAY_TYPE = 'no_plot' is not in list of known display types. Will attempt to infer using DISPLAY_TYPE.strip().lower().
  counts_error_dc_oplus: counts_error_dc_oplus DISPLAY_TYPE = 'no_plot' is not in list of known display types. Will attempt to infer using DISPLAY_TYPE.strip().lower().
  dJ_dc_oplus: dJ_dc_oplus DISPLAY_TYPE = 'no_plot' is not in list of known display types. Will attempt to infer using DISPLAY_TYPE.strip().lower().
  dJ_error_dc_oplus: dJ_error_dc_oplus DISPLAY_TYPE = 'no_plot' is not in list of known display types. Will attempt to infer using DISPLAY_TYPE.strip().lower().
  DF_dc_o6plus: DF_dc_o6plus DISPLAY_TYPE = 'no_plot' is not in list of known display types. Will attempt to infer using DISPLAY_TYPE.strip().lower().
  DF_error_dc_o6plus: DF_error_dc_o6plus DISPLAY_TYPE = 'no_plot' is not in list of known display types. Will attempt to infer using DISPLAY_TYPE.strip().lower().
  counts_dc_o6plus: counts_dc_o6plus DISPLAY_TYPE = 'no_plot' is not in list of known display types. Will attempt to infer using DISPLAY_TYPE.strip().lower().
  counts_error_dc_o6plus: counts_error_dc_o6plus DISPLAY_TYPE = 'no_plot' is not in list of known display types. Will attempt to infer using DISPLAY_TYPE.strip().lower().
  dJ_dc_o6plus: dJ_dc_o6plus DISPLAY_TYPE = 'no_plot' is not in list of known display types. Will attempt to infer using DISPLAY_TYPE.strip().lower().
  dJ_error_dc_o6plus: dJ_error_dc_o6plus DISPLAY_TYPE = 'no_plot' is not in list of known display types. Will attempt to infer using DISPLAY_TYPE.strip().lower().
  DF_dc_cplus: DF_dc_cplus DISPLAY_TYPE = 'no_plot' is not in list of known display types. Will attempt to infer using DISPLAY_TYPE.strip().lower().
  DF_error_dc_cplus: DF_error_dc_cplus DISPLAY_TYPE = 'no_plot' is not in list of known display types. Will attempt to infer using DISPLAY_TYPE.strip().lower().
  counts_dc_cplus: counts_dc_cplus DISPLAY_TYPE = 'no_plot' is not in list of known display types. Will attempt to infer using DISPLAY_TYPE.strip().lower().
  counts_error_dc_cplus: counts_error_dc_cplus DISPLAY_TYPE = 'no_plot' is not in list of known display types. Will attempt to infer using DISPLAY_TYPE.strip().lower().
  dJ_dc_cplus: dJ_dc_cplus DISPLAY_TYPE = 'no_plot' is not in list of known display types. Will attempt to infer using DISPLAY_TYPE.strip().lower().
  dJ_error_dc_cplus: dJ_error_dc_cplus DISPLAY_TYPE = 'no_plot' is not in list of known display types. Will attempt to infer using DISPLAY_TYPE.strip().lower().
WI_L2-3MIN_SMS-STICS-VDF-SOLARWIND | ISTP.DISPLAY_TYPE.Unknown:
  DF_tc_hplus: DF_tc_hplus DISPLAY_TYPE = 'no_plot' is not in list of known display types. Will attempt to infer using DISPLAY_TYPE.strip().lower().
  DF_error_tc_hplus: DF_error_tc_hplus DISPLAY_TYPE = 'no_plot' is not in list of known display types. Will attempt to infer using DISPLAY_TYPE.strip().lower().
  counts_tc_hplus: counts_tc_hplus DISPLAY_TYPE = 'no_plot' is not in list of known display types. Will attempt to infer using DISPLAY_TYPE.strip().lower().
  counts_error_tc_hplus: counts_error_tc_hplus DISPLAY_TYPE = 'no_plot' is not in list of known display types. Will attempt to infer using DISPLAY_TYPE.strip().lower().
  dJ_tc_hplus: dJ_tc_hplus DISPLAY_TYPE = 'no_plot' is not in list of known display types. Will attempt to infer using DISPLAY_TYPE.strip().lower().
  dJ_error_tc_hplus: dJ_error_tc_hplus DISPLAY_TYPE = 'no_plot' is not in list of known display types. Will attempt to infer using DISPLAY_TYPE.strip().lower().
  DF_tc_heplus: DF_tc_heplus DISPLAY_TYPE = 'no_plot' is not in list of known display types. Will attempt to infer using DISPLAY_TYPE.strip().lower().
  DF_error_tc_heplus: DF_error_tc_heplus DISPLAY_TYPE = 'no_plot' is not in list of known display types. Will attempt to infer using DISPLAY_TYPE.strip().lower().
  counts_tc_heplus: counts_tc_heplus DISPLAY_TYPE = 'no_plot' is not in list of known display types. Will attempt to infer using DISPLAY_TYPE.strip().lower().
  counts_error_tc_heplus: counts_error_tc_heplus DISPLAY_TYPE = 'no_plot' is not in list of known display types. Will attempt to infer using DISPLAY_TYPE.strip().lower().
  dJ_tc_heplus: dJ_tc_heplus DISPLAY_TYPE = 'no_plot' is not in list of known display types. Will attempt to infer using DISPLAY_TYPE.strip().lower().
  dJ_error_tc_heplus: dJ_error_tc_heplus DISPLAY_TYPE = 'no_plot' is not in list of known display types. Will attempt to infer using DISPLAY_TYPE.strip().lower().
  DF_tc_he2plus: DF_tc_he2plus DISPLAY_TYPE = 'no_plot' is not in list of known display types. Will attempt to infer using DISPLAY_TYPE.strip().lower().
  DF_error_tc_he2plus: DF_error_tc_he2plus DISPLAY_TYPE = 'no_plot' is not in list of known display types. Will attempt to infer using DISPLAY_TYPE.strip().lower().
  counts_tc_he2plus: counts_tc_he2plus DISPLAY_TYPE = 'no_plot' is not in list of known display types. Will attempt to infer using DISPLAY_TYPE.strip().lower().
  counts_error_tc_he2plus: counts_error_tc_he2plus DISPLAY_TYPE = 'no_plot' is not in list of known display types. Will attempt to infer using DISPLAY_TYPE.strip().lower().
  dJ_tc_he2plus: dJ_tc_he2plus DISPLAY_TYPE = 'no_plot' is not in list of known display types. Will attempt to infer using DISPLAY_TYPE.strip().lower().
  dJ_error_tc_he2plus: dJ_error_tc_he2plus DISPLAY_TYPE = 'no_plot' is not in list of known display types. Will attempt to infer using DISPLAY_TYPE.strip().lower().
  DF_tc_oplus: DF_tc_oplus DISPLAY_TYPE = 'no_plot' is not in list of known display types. Will attempt to infer using DISPLAY_TYPE.strip().lower().
  DF_error_tc_oplus: DF_error_tc_oplus DISPLAY_TYPE = 'no_plot' is not in list of known display types. Will attempt to infer using DISPLAY_TYPE.strip().lower().
  counts_tc_oplus: counts_tc_oplus DISPLAY_TYPE = 'no_plot' is not in list of known display types. Will attempt to infer using DISPLAY_TYPE.strip().lower().
  counts_error_tc_oplus: counts_error_tc_oplus DISPLAY_TYPE = 'no_plot' is not in list of known display types. Will attempt to infer using DISPLAY_TYPE.strip().lower().
  dJ_tc_oplus: dJ_tc_oplus DISPLAY_TYPE = 'no_plot' is not in list of known display types. Will attempt to infer using DISPLAY_TYPE.strip().lower().
  dJ_error_tc_oplus: dJ_error_tc_oplus DISPLAY_TYPE = 'no_plot' is not in list of known display types. Will attempt to infer using DISPLAY_TYPE.strip().lower().
  DF_tc_o6plus: DF_tc_o6plus DISPLAY_TYPE = 'no_plot' is not in list of known display types. Will attempt to infer using DISPLAY_TYPE.strip().lower().
  DF_error_tc_o6plus: DF_error_tc_o6plus DISPLAY_TYPE = 'no_plot' is not in list of known display types. Will attempt to infer using DISPLAY_TYPE.strip().lower().
  counts_tc_o6plus: counts_tc_o6plus DISPLAY_TYPE = 'no_plot' is not in list of known display types. Will attempt to infer using DISPLAY_TYPE.strip().lower().
  counts_error_tc_o6plus: counts_error_tc_o6plus DISPLAY_TYPE = 'no_plot' is not in list of known display types. Will attempt to infer using DISPLAY_TYPE.strip().lower().
  dJ_tc_o6plus: dJ_tc_o6plus DISPLAY_TYPE = 'no_plot' is not in list of known display types. Will attempt to infer using DISPLAY_TYPE.strip().lower().
  dJ_error_tc_o6plus: dJ_error_tc_o6plus DISPLAY_TYPE = 'no_plot' is not in list of known display types. Will attempt to infer using DISPLAY_TYPE.strip().lower().
  DF_tc_c5plus: DF_tc_c5plus DISPLAY_TYPE = 'no_plot' is not in list of known display types. Will attempt to infer using DISPLAY_TYPE.strip().lower().
  DF_error_tc_c5plus: DF_error_tc_c5plus DISPLAY_TYPE = 'no_plot' is not in list of known display types. Will attempt to infer using DISPLAY_TYPE.strip().lower().
  counts_tc_c5plus: counts_tc_c5plus DISPLAY_TYPE = 'no_plot' is not in list of known display types. Will attempt to infer using DISPLAY_TYPE.strip().lower().
  counts_error_tc_c5plus: counts_error_tc_c5plus DISPLAY_TYPE = 'no_plot' is not in list of known display types. Will attempt to infer using DISPLAY_TYPE.strip().lower().
  dJ_tc_c5plus: dJ_tc_c5plus DISPLAY_TYPE = 'no_plot' is not in list of known display types. Will attempt to infer using DISPLAY_TYPE.strip().lower().
  dJ_error_tc_c5plus: dJ_error_tc_c5plus DISPLAY_TYPE = 'no_plot' is not in list of known display types. Will attempt to infer using DISPLAY_TYPE.strip().lower().
  DF_tc_fe10plus: DF_tc_fe10plus DISPLAY_TYPE = 'no_plot' is not in list of known display types. Will attempt to infer using DISPLAY_TYPE.strip().lower().
  DF_error_tc_fe10plus: DF_error_tc_fe10plus DISPLAY_TYPE = 'no_plot' is not in list of known display types. Will attempt to infer using DISPLAY_TYPE.strip().lower().
  counts_tc_fe10plus: counts_tc_fe10plus DISPLAY_TYPE = 'no_plot' is not in list of known display types. Will attempt to infer using DISPLAY_TYPE.strip().lower().
  counts_error_tc_fe10plus: counts_error_tc_fe10plus DISPLAY_TYPE = 'no_plot' is not in list of known display types. Will attempt to infer using DISPLAY_TYPE.strip().lower().
  dJ_tc_fe10plus: dJ_tc_fe10plus DISPLAY_TYPE = 'no_plot' is not in list of known display types. Will attempt to infer using DISPLAY_TYPE.strip().lower().
  dJ_error_tc_fe10plus: dJ_error_tc_fe10plus DISPLAY_TYPE = 'no_plot' is not in list of known display types. Will attempt to infer using DISPLAY_TYPE.strip().lower().
  DF_tc_cplus: DF_tc_cplus DISPLAY_TYPE = 'no_plot' is not in list of known display types. Will attempt to infer using DISPLAY_TYPE.strip().lower().
  DF_error_tc_cplus: DF_error_tc_cplus DISPLAY_TYPE = 'no_plot' is not in list of known display types. Will attempt to infer using DISPLAY_TYPE.strip().lower().
  counts_tc_cplus: counts_tc_cplus DISPLAY_TYPE = 'no_plot' is not in list of known display types. Will attempt to infer using DISPLAY_TYPE.strip().lower().
  counts_error_tc_cplus: counts_error_tc_cplus DISPLAY_TYPE = 'no_plot' is not in list of known display types. Will attempt to infer using DISPLAY_TYPE.strip().lower().
  dJ_tc_cplus: dJ_tc_cplus DISPLAY_TYPE = 'no_plot' is not in list of known display types. Will attempt to infer using DISPLAY_TYPE.strip().lower().
  dJ_error_tc_cplus: dJ_error_tc_cplus DISPLAY_TYPE = 'no_plot' is not in list of known display types. Will attempt to infer using DISPLAY_TYPE.strip().lower().
  DF_tc_nplus: DF_tc_nplus DISPLAY_TYPE = 'no_plot' is not in list of known display types. Will attempt to infer using DISPLAY_TYPE.strip().lower().
  DF_error_tc_nplus: DF_error_tc_nplus DISPLAY_TYPE = 'no_plot' is not in list of known display types. Will attempt to infer using DISPLAY_TYPE.strip().lower().
  counts_tc_nplus: counts_tc_nplus DISPLAY_TYPE = 'no_plot' is not in list of known display types. Will attempt to infer using DISPLAY_TYPE.strip().lower().
  counts_error_tc_nplus: counts_error_tc_nplus DISPLAY_TYPE = 'no_plot' is not in list of known display types. Will attempt to infer using DISPLAY_TYPE.strip().lower().
  dJ_tc_nplus: dJ_tc_nplus DISPLAY_TYPE = 'no_plot' is not in list of known display types. Will attempt to infer using DISPLAY_TYPE.strip().lower().
  dJ_error_tc_nplus: dJ_error_tc_nplus DISPLAY_TYPE = 'no_plot' is not in list of known display types. Will attempt to infer using DISPLAY_TYPE.strip().lower().
  DF_tc_o2plus: DF_tc_o2plus DISPLAY_TYPE = 'no_plot' is not in list of known display types. Will attempt to infer using DISPLAY_TYPE.strip().lower().
  DF_error_tc_o2plus: DF_error_tc_o2plus DISPLAY_TYPE = 'no_plot' is not in list of known display types. Will attempt to infer using DISPLAY_TYPE.strip().lower().
  counts_tc_o2plus: counts_tc_o2plus DISPLAY_TYPE = 'no_plot' is not in list of known display types. Will attempt to infer using DISPLAY_TYPE.strip().lower().
  counts_error_tc_o2plus: counts_error_tc_o2plus DISPLAY_TYPE = 'no_plot' is not in list of known display types. Will attempt to infer using DISPLAY_TYPE.strip().lower().
  dJ_tc_o2plus: dJ_tc_o2plus DISPLAY_TYPE = 'no_plot' is not in list of known display types. Will attempt to infer using DISPLAY_TYPE.strip().lower().
  dJ_error_tc_o2plus: dJ_error_tc_o2plus DISPLAY_TYPE = 'no_plot' is not in list of known display types. Will attempt to infer using DISPLAY_TYPE.strip().lower().
  DF_tc_o7plus: DF_tc_o7plus DISPLAY_TYPE = 'no_plot' is not in list of known display types. Will attempt to infer using DISPLAY_TYPE.strip().lower().
  DF_error_tc_o7plus: DF_error_tc_o7plus DISPLAY_TYPE = 'no_plot' is not in list of known display types. Will attempt to infer using DISPLAY_TYPE.strip().lower().
  counts_tc_o7plus: counts_tc_o7plus DISPLAY_TYPE = 'no_plot' is not in list of known display types. Will attempt to infer using DISPLAY_TYPE.strip().lower().
  counts_error_tc_o7plus: counts_error_tc_o7plus DISPLAY_TYPE = 'no_plot' is not in list of known display types. Will attempt to infer using DISPLAY_TYPE.strip().lower().
  dJ_tc_o7plus: dJ_tc_o7plus DISPLAY_TYPE = 'no_plot' is not in list of known display types. Will attempt to infer using DISPLAY_TYPE.strip().lower().
  dJ_error_tc_o7plus: dJ_error_tc_o7plus DISPLAY_TYPE = 'no_plot' is not in list of known display types. Will attempt to infer using DISPLAY_TYPE.strip().lower().
  DF_tc_o8plus: DF_tc_o8plus DISPLAY_TYPE = 'no_plot' is not in list of known display types. Will attempt to infer using DISPLAY_TYPE.strip().lower().
  DF_error_tc_o8plus: DF_error_tc_o8plus DISPLAY_TYPE = 'no_plot' is not in list of known display types. Will attempt to infer using DISPLAY_TYPE.strip().lower().
  counts_tc_o8plus: counts_tc_o8plus DISPLAY_TYPE = 'no_plot' is not in list of known display types. Will attempt to infer using DISPLAY_TYPE.strip().lower().
  counts_error_tc_o8plus: counts_error_tc_o8plus DISPLAY_TYPE = 'no_plot' is not in list of known display types. Will attempt to infer using DISPLAY_TYPE.strip().lower().
  dJ_tc_o8plus: dJ_tc_o8plus DISPLAY_TYPE = 'no_plot' is not in list of known display types. Will attempt to infer using DISPLAY_TYPE.strip().lower().
  dJ_error_tc_o8plus: dJ_error_tc_o8plus DISPLAY_TYPE = 'no_plot' is not in list of known display types. Will attempt to infer using DISPLAY_TYPE.strip().lower().
  DF_tc_c4plus: DF_tc_c4plus DISPLAY_TYPE = 'no_plot' is not in list of known display types. Will attempt to infer using DISPLAY_TYPE.strip().lower().
  DF_error_tc_c4plus: DF_error_tc_c4plus DISPLAY_TYPE = 'no_plot' is not in list of known display types. Will attempt to infer using DISPLAY_TYPE.strip().lower().
  counts_tc_c4plus: counts_tc_c4plus DISPLAY_TYPE = 'no_plot' is not in list of known display types. Will attempt to infer using DISPLAY_TYPE.strip().lower().
  counts_error_tc_c4plus: counts_error_tc_c4plus DISPLAY_TYPE = 'no_plot' is not in list of known display types. Will attempt to infer using DISPLAY_TYPE.strip().lower().
  dJ_tc_c4plus: dJ_tc_c4plus DISPLAY_TYPE = 'no_plot' is not in list of known display types. Will attempt to infer using DISPLAY_TYPE.strip().lower().
  dJ_error_tc_c4plus: dJ_error_tc_c4plus DISPLAY_TYPE = 'no_plot' is not in list of known display types. Will attempt to infer using DISPLAY_TYPE.strip().lower().
  DF_tc_c6plus: DF_tc_c6plus DISPLAY_TYPE = 'no_plot' is not in list of known display types. Will attempt to infer using DISPLAY_TYPE.strip().lower().
  DF_error_tc_c6plus: DF_error_tc_c6plus DISPLAY_TYPE = 'no_plot' is not in list of known display types. Will attempt to infer using DISPLAY_TYPE.strip().lower().
  counts_tc_c6plus: counts_tc_c6plus DISPLAY_TYPE = 'no_plot' is not in list of known display types. Will attempt to infer using DISPLAY_TYPE.strip().lower().
  counts_error_tc_c6plus: counts_error_tc_c6plus DISPLAY_TYPE = 'no_plot' is not in list of known display types. Will attempt to infer using DISPLAY_TYPE.strip().lower().
  dJ_tc_c6plus: dJ_tc_c6plus DISPLAY_TYPE = 'no_plot' is not in list of known display types. Will attempt to infer using DISPLAY_TYPE.strip().lower().
  dJ_error_tc_c6plus: dJ_error_tc_c6plus DISPLAY_TYPE = 'no_plot' is not in list of known display types. Will attempt to infer using DISPLAY_TYPE.strip().lower().
  DF_tc_fe8plus: DF_tc_fe8plus DISPLAY_TYPE = 'no_plot' is not in list of known display types. Will attempt to infer using DISPLAY_TYPE.strip().lower().
  DF_error_tc_fe8plus: DF_error_tc_fe8plus DISPLAY_TYPE = 'no_plot' is not in list of known display types. Will attempt to infer using DISPLAY_TYPE.strip().lower().
  counts_tc_fe8plus: counts_tc_fe8plus DISPLAY_TYPE = 'no_plot' is not in list of known display types. Will attempt to infer using DISPLAY_TYPE.strip().lower().
  counts_error_tc_fe8plus: counts_error_tc_fe8plus DISPLAY_TYPE = 'no_plot' is not in list of known display types. Will attempt to infer using DISPLAY_TYPE.strip().lower().
  dJ_tc_fe8plus: dJ_tc_fe8plus DISPLAY_TYPE = 'no_plot' is not in list of known display types. Will attempt to infer using DISPLAY_TYPE.strip().lower().
  dJ_error_tc_fe8plus: dJ_error_tc_fe8plus DISPLAY_TYPE = 'no_plot' is not in list of known display types. Will attempt to infer using DISPLAY_TYPE.strip().lower().
  DF_tc_fe9plus: DF_tc_fe9plus DISPLAY_TYPE = 'no_plot' is not in list of known display types. Will attempt to infer using DISPLAY_TYPE.strip().lower().
  DF_error_tc_fe9plus: DF_error_tc_fe9plus DISPLAY_TYPE = 'no_plot' is not in list of known display types. Will attempt to infer using DISPLAY_TYPE.strip().lower().
  counts_tc_fe9plus: counts_tc_fe9plus DISPLAY_TYPE = 'no_plot' is not in list of known display types. Will attempt to infer using DISPLAY_TYPE.strip().lower().
  counts_error_tc_fe9plus: counts_error_tc_fe9plus DISPLAY_TYPE = 'no_plot' is not in list of known display types. Will attempt to infer using DISPLAY_TYPE.strip().lower().
  dJ_tc_fe9plus: dJ_tc_fe9plus DISPLAY_TYPE = 'no_plot' is not in list of known display types. Will attempt to infer using DISPLAY_TYPE.strip().lower().
  dJ_error_tc_fe9plus: dJ_error_tc_fe9plus DISPLAY_TYPE = 'no_plot' is not in list of known display types. Will attempt to infer using DISPLAY_TYPE.strip().lower().
  DF_tc_fe16plus: DF_tc_fe16plus DISPLAY_TYPE = 'no_plot' is not in list of known display types. Will attempt to infer using DISPLAY_TYPE.strip().lower().
  DF_error_tc_fe16plus: DF_error_tc_fe16plus DISPLAY_TYPE = 'no_plot' is not in list of known display types. Will attempt to infer using DISPLAY_TYPE.strip().lower().
  counts_tc_fe16plus: counts_tc_fe16plus DISPLAY_TYPE = 'no_plot' is not in list of known display types. Will attempt to infer using DISPLAY_TYPE.strip().lower().
  counts_error_tc_fe16plus: counts_error_tc_fe16plus DISPLAY_TYPE = 'no_plot' is not in list of known display types. Will attempt to infer using DISPLAY_TYPE.strip().lower().
  dJ_tc_fe16plus: dJ_tc_fe16plus DISPLAY_TYPE = 'no_plot' is not in list of known display types. Will attempt to infer using DISPLAY_TYPE.strip().lower().
  dJ_error_tc_fe16plus: dJ_error_tc_fe16plus DISPLAY_TYPE = 'no_plot' is not in list of known display types. Will attempt to infer using DISPLAY_TYPE.strip().lower().
  DF_dc_hplus: DF_dc_hplus DISPLAY_TYPE = 'no_plot' is not in list of known display types. Will attempt to infer using DISPLAY_TYPE.strip().lower().
  DF_error_dc_hplus: DF_error_dc_hplus DISPLAY_TYPE = 'no_plot' is not in list of known display types. Will attempt to infer using DISPLAY_TYPE.strip().lower().
  counts_dc_hplus: counts_dc_hplus DISPLAY_TYPE = 'no_plot' is not in list of known display types. Will attempt to infer using DISPLAY_TYPE.strip().lower().
  counts_error_dc_hplus: counts_error_dc_hplus DISPLAY_TYPE = 'no_plot' is not in list of known display types. Will attempt to infer using DISPLAY_TYPE.strip().lower().
  dJ_dc_hplus: dJ_dc_hplus DISPLAY_TYPE = 'no_plot' is not in list of known display types. Will attempt to infer using DISPLAY_TYPE.strip().lower().
  dJ_error_dc_hplus: dJ_error_dc_hplus DISPLAY_TYPE = 'no_plot' is not in list of known display types. Will attempt to infer using DISPLAY_TYPE.strip().lower().
  DF_dc_heplus: DF_dc_heplus DISPLAY_TYPE = 'no_plot' is not in list of known display types. Will attempt to infer using DISPLAY_TYPE.strip().lower().
  DF_error_dc_heplus: DF_error_dc_heplus DISPLAY_TYPE = 'no_plot' is not in list of known display types. Will attempt to infer using DISPLAY_TYPE.strip().lower().
  counts_dc_heplus: counts_dc_heplus DISPLAY_TYPE = 'no_plot' is not in list of known display types. Will attempt to infer using DISPLAY_TYPE.strip().lower().
  counts_error_dc_heplus: counts_error_dc_heplus DISPLAY_TYPE = 'no_plot' is not in list of known display types. Will attempt to infer using DISPLAY_TYPE.strip().lower().
  dJ_dc_heplus: dJ_dc_heplus DISPLAY_TYPE = 'no_plot' is not in list of known display types. Will attempt to infer using DISPLAY_TYPE.strip().lower().
  dJ_error_dc_heplus: dJ_error_dc_heplus DISPLAY_TYPE = 'no_plot' is not in list of known display types. Will attempt to infer using DISPLAY_TYPE.strip().lower().
  DF_dc_he2plus: DF_dc_he2plus DISPLAY_TYPE = 'no_plot' is not in list of known display types. Will attempt to infer using DISPLAY_TYPE.strip().lower().
  DF_error_dc_he2plus: DF_error_dc_he2plus DISPLAY_TYPE = 'no_plot' is not in list of known display types. Will attempt to infer using DISPLAY_TYPE.strip().lower().
  counts_dc_he2plus: counts_dc_he2plus DISPLAY_TYPE = 'no_plot' is not in list of known display types. Will attempt to infer using DISPLAY_TYPE.strip().lower().
  counts_error_dc_he2plus: counts_error_dc_he2plus DISPLAY_TYPE = 'no_plot' is not in list of known display types. Will attempt to infer using DISPLAY_TYPE.strip().lower().
  dJ_dc_he2plus: dJ_dc_he2plus DISPLAY_TYPE = 'no_plot' is not in list of known display types. Will attempt to infer using DISPLAY_TYPE.strip().lower().
  dJ_error_dc_he2plus: dJ_error_dc_he2plus DISPLAY_TYPE = 'no_plot' is not in list of known display types. Will attempt to infer using DISPLAY_TYPE.strip().lower().
  DF_dc_oplus: DF_dc_oplus DISPLAY_TYPE = 'no_plot' is not in list of known display types. Will attempt to infer using DISPLAY_TYPE.strip().lower().
  DF_error_dc_oplus: DF_error_dc_oplus DISPLAY_TYPE = 'no_plot' is not in list of known display types. Will attempt to infer using DISPLAY_TYPE.strip().lower().
  counts_dc_oplus: counts_dc_oplus DISPLAY_TYPE = 'no_plot' is not in list of known display types. Will attempt to infer using DISPLAY_TYPE.strip().lower().
  counts_error_dc_oplus: counts_error_dc_oplus DISPLAY_TYPE = 'no_plot' is not in list of known display types. Will attempt to infer using DISPLAY_TYPE.strip().lower().
  dJ_dc_oplus: dJ_dc_oplus DISPLAY_TYPE = 'no_plot' is not in list of known display types. Will attempt to infer using DISPLAY_TYPE.strip().lower().
  dJ_error_dc_oplus: dJ_error_dc_oplus DISPLAY_TYPE = 'no_plot' is not in list of known display types. Will attempt to infer using DISPLAY_TYPE.strip().lower().
  DF_dc_o6plus: DF_dc_o6plus DISPLAY_TYPE = 'no_plot' is not in list of known display types. Will attempt to infer using DISPLAY_TYPE.strip().lower().
  DF_error_dc_o6plus: DF_error_dc_o6plus DISPLAY_TYPE = 'no_plot' is not in list of known display types. Will attempt to infer using DISPLAY_TYPE.strip().lower().
  counts_dc_o6plus: counts_dc_o6plus DISPLAY_TYPE = 'no_plot' is not in list of known display types. Will attempt to infer using DISPLAY_TYPE.strip().lower().
  counts_error_dc_o6plus: counts_error_dc_o6plus DISPLAY_TYPE = 'no_plot' is not in list of known display types. Will attempt to infer using DISPLAY_TYPE.strip().lower().
  dJ_dc_o6plus: dJ_dc_o6plus DISPLAY_TYPE = 'no_plot' is not in list of known display types. Will attempt to infer using DISPLAY_TYPE.strip().lower().
  dJ_error_dc_o6plus: dJ_error_dc_o6plus DISPLAY_TYPE = 'no_plot' is not in list of known display types. Will attempt to infer using DISPLAY_TYPE.strip().lower().
  DF_dc_cplus: DF_dc_cplus DISPLAY_TYPE = 'no_plot' is not in list of known display types. Will attempt to infer using DISPLAY_TYPE.strip().lower().
  DF_error_dc_cplus: DF_error_dc_cplus DISPLAY_TYPE = 'no_plot' is not in list of known display types. Will attempt to infer using DISPLAY_TYPE.strip().lower().
  counts_dc_cplus: counts_dc_cplus DISPLAY_TYPE = 'no_plot' is not in list of known display types. Will attempt to infer using DISPLAY_TYPE.strip().lower().
  counts_error_dc_cplus: counts_error_dc_cplus DISPLAY_TYPE = 'no_plot' is not in list of known display types. Will attempt to infer using DISPLAY_TYPE.strip().lower().
  dJ_dc_cplus: dJ_dc_cplus DISPLAY_TYPE = 'no_plot' is not in list of known display types. Will attempt to infer using DISPLAY_TYPE.strip().lower().
  dJ_error_dc_cplus: dJ_error_dc_cplus DISPLAY_TYPE = 'no_plot' is not in list of known display types. Will attempt to infer using DISPLAY_TYPE.strip().lower().
WI_SW-ION-DIST_SWE-FARADAY | ISTP.DISPLAY_TYPE.Unknown:
  cup1_qflux: cup1_qflux DISPLAY_TYPE = 'no_plot' is not in list of known display types. Will attempt to infer using DISPLAY_TYPE.strip().lower().
  cup1_qflux_E_old: cup1_qflux_E_old DISPLAY_TYPE = 'no_plot' is not in list of known display types. Will attempt to infer using DISPLAY_TYPE.strip().lower().
  cup1_qflux_A_old: cup1_qflux_A_old DISPLAY_TYPE = 'no_plot' is not in list of known display types. Will attempt to infer using DISPLAY_TYPE.strip().lower().
  cup2_qflux: cup2_qflux DISPLAY_TYPE = 'no_plot' is not in list of known display types. Will attempt to infer using DISPLAY_TYPE.strip().lower().
  cup2_qflux_E_old: cup2_qflux_E_old DISPLAY_TYPE = 'no_plot' is not in list of known display types. Will attempt to infer using DISPLAY_TYPE.strip().lower().
  cup2_qflux_A_old: cup2_qflux_A_old DISPLAY_TYPE = 'no_plot' is not in list of known display types. Will attempt to infer using DISPLAY_TYPE.strip().lower().