A1_K0_MPA | ISTP.DISPLAY_TYPE.Empty:
  Epoch: Epoch DISPLAY_TYPE.strip() = ''. Removing attribute DISPLAY_TYPE.
  Time_PB5: Time_PB5 DISPLAY_TYPE.strip() = ''. Removing attribute DISPLAY_TYPE.
  dens_lop: dens_lop DISPLAY_TYPE.strip() = ''. Removing attribute DISPLAY_TYPE.
  vel_lop: vel_lop DISPLAY_TYPE.strip() = ''. Removing attribute DISPLAY_TYPE.
  temp_lop: temp_lop DISPLAY_TYPE.strip() = ''. Removing attribute DISPLAY_TYPE.
  tratio_lop: tratio_lop DISPLAY_TYPE.strip() = ''. Removing attribute DISPLAY_TYPE.
  dens_hip: dens_hip DISPLAY_TYPE.strip() = ''. Removing attribute DISPLAY_TYPE.
  vel_hip: vel_hip DISPLAY_TYPE.strip() = ''. Removing attribute DISPLAY_TYPE.
  temp_hip: temp_hip DISPLAY_TYPE.strip() = ''. Removing attribute DISPLAY_TYPE.
  theta_phi_hip: theta_phi_hip DISPLAY_TYPE.strip() = ''. Removing attribute DISPLAY_TYPE.
  tratio_hip: tratio_hip DISPLAY_TYPE.strip() = ''. Removing attribute DISPLAY_TYPE.
  dens_e: dens_e DISPLAY_TYPE.strip() = ''. Removing attribute DISPLAY_TYPE.
  temp_e: temp_e DISPLAY_TYPE.strip() = ''. Removing attribute DISPLAY_TYPE.
  theta_phi_e: theta_phi_e DISPLAY_TYPE.strip() = ''. Removing attribute DISPLAY_TYPE.
  tratio_e: tratio_e DISPLAY_TYPE.strip() = ''. Removing attribute DISPLAY_TYPE.
  sc_pot: sc_pot DISPLAY_TYPE.strip() = ''. Removing attribute DISPLAY_TYPE.
  bkgd: bkgd DISPLAY_TYPE.strip() = ''. Removing attribute DISPLAY_TYPE.
  sc_pos_geo: sc_pos_geo DISPLAY_TYPE.strip() = ''. Removing attribute DISPLAY_TYPE.
  sc_pos_mag: sc_pos_mag DISPLAY_TYPE.strip() = ''. Removing attribute DISPLAY_TYPE.
  qual_flag: qual_flag DISPLAY_TYPE.strip() = ''. Removing attribute DISPLAY_TYPE.
  gap_flag: gap_flag DISPLAY_TYPE.strip() = ''. Removing attribute DISPLAY_TYPE.
  label_time: label_time DISPLAY_TYPE.strip() = ''. Removing attribute DISPLAY_TYPE.
  unit_time: unit_time DISPLAY_TYPE.strip() = ''. Removing attribute DISPLAY_TYPE.
  format_time: format_time DISPLAY_TYPE.strip() = ''. Removing attribute DISPLAY_TYPE.
  offset_time: offset_time DISPLAY_TYPE.strip() = ''. Removing attribute DISPLAY_TYPE.
  label_pos_l: label_pos_l DISPLAY_TYPE.strip() = ''. Removing attribute DISPLAY_TYPE.
  unit_pos_l: unit_pos_l DISPLAY_TYPE.strip() = ''. Removing attribute DISPLAY_TYPE.
  angle_pos_l: angle_pos_l DISPLAY_TYPE.strip() = ''. Removing attribute DISPLAY_TYPE.
  label_possyn_l: label_possyn_l DISPLAY_TYPE.strip() = ''. Removing attribute DISPLAY_TYPE.
  unit_possyn_l: unit_possyn_l DISPLAY_TYPE.strip() = ''. Removing attribute DISPLAY_TYPE.
  angle_possyn_l: angle_possyn_l DISPLAY_TYPE.strip() = ''. Removing attribute DISPLAY_TYPE.
  label_pos_m: label_pos_m DISPLAY_TYPE.strip() = ''. Removing attribute DISPLAY_TYPE.
  unit_pos_m: unit_pos_m DISPLAY_TYPE.strip() = ''. Removing attribute DISPLAY_TYPE.
  angle_pos_m: angle_pos_m DISPLAY_TYPE.strip() = ''. Removing attribute DISPLAY_TYPE.
  label_theta_phi: label_theta_phi DISPLAY_TYPE.strip() = ''. Removing attribute DISPLAY_TYPE.
  label_vel: label_vel DISPLAY_TYPE.strip() = ''. Removing attribute DISPLAY_TYPE.
  Cartesian: Cartesian DISPLAY_TYPE.strip() = ''. Removing attribute DISPLAY_TYPE.
  label_temp: label_temp DISPLAY_TYPE.strip() = ''. Removing attribute DISPLAY_TYPE.
A2_K0_MPA | ISTP.DISPLAY_TYPE.Empty:
  Epoch: Epoch DISPLAY_TYPE.strip() = ''. Removing attribute DISPLAY_TYPE.
  Time_PB5: Time_PB5 DISPLAY_TYPE.strip() = ''. Removing attribute DISPLAY_TYPE.
  dens_lop: dens_lop DISPLAY_TYPE.strip() = ''. Removing attribute DISPLAY_TYPE.
  vel_lop: vel_lop DISPLAY_TYPE.strip() = ''. Removing attribute DISPLAY_TYPE.
  temp_lop: temp_lop DISPLAY_TYPE.strip() = ''. Removing attribute DISPLAY_TYPE.
  tratio_lop: tratio_lop DISPLAY_TYPE.strip() = ''. Removing attribute DISPLAY_TYPE.
  dens_hip: dens_hip DISPLAY_TYPE.strip() = ''. Removing attribute DISPLAY_TYPE.
  vel_hip: vel_hip DISPLAY_TYPE.strip() = ''. Removing attribute DISPLAY_TYPE.
  temp_hip: temp_hip DISPLAY_TYPE.strip() = ''. Removing attribute DISPLAY_TYPE.
  theta_phi_hip: theta_phi_hip DISPLAY_TYPE.strip() = ''. Removing attribute DISPLAY_TYPE.
  tratio_hip: tratio_hip DISPLAY_TYPE.strip() = ''. Removing attribute DISPLAY_TYPE.
  dens_e: dens_e DISPLAY_TYPE.strip() = ''. Removing attribute DISPLAY_TYPE.
  temp_e: temp_e DISPLAY_TYPE.strip() = ''. Removing attribute DISPLAY_TYPE.
  theta_phi_e: theta_phi_e DISPLAY_TYPE.strip() = ''. Removing attribute DISPLAY_TYPE.
  tratio_e: tratio_e DISPLAY_TYPE.strip() = ''. Removing attribute DISPLAY_TYPE.
  sc_pot: sc_pot DISPLAY_TYPE.strip() = ''. Removing attribute DISPLAY_TYPE.
  bkgd: bkgd DISPLAY_TYPE.strip() = ''. Removing attribute DISPLAY_TYPE.
  sc_pos_geo: sc_pos_geo DISPLAY_TYPE.strip() = ''. Removing attribute DISPLAY_TYPE.
  sc_pos_mag: sc_pos_mag DISPLAY_TYPE.strip() = ''. Removing attribute DISPLAY_TYPE.
  qual_flag: qual_flag DISPLAY_TYPE.strip() = ''. Removing attribute DISPLAY_TYPE.
  gap_flag: gap_flag DISPLAY_TYPE.strip() = ''. Removing attribute DISPLAY_TYPE.
  label_time: label_time DISPLAY_TYPE.strip() = ''. Removing attribute DISPLAY_TYPE.
  unit_time: unit_time DISPLAY_TYPE.strip() = ''. Removing attribute DISPLAY_TYPE.
  format_time: format_time DISPLAY_TYPE.strip() = ''. Removing attribute DISPLAY_TYPE.
  offset_time: offset_time DISPLAY_TYPE.strip() = ''. Removing attribute DISPLAY_TYPE.
  label_pos_l: label_pos_l DISPLAY_TYPE.strip() = ''. Removing attribute DISPLAY_TYPE.
  unit_pos_l: unit_pos_l DISPLAY_TYPE.strip() = ''. Removing attribute DISPLAY_TYPE.
  angle_pos_l: angle_pos_l DISPLAY_TYPE.strip() = ''. Removing attribute DISPLAY_TYPE.
  label_possyn_l: label_possyn_l DISPLAY_TYPE.strip() = ''. Removing attribute DISPLAY_TYPE.
  unit_possyn_l: unit_possyn_l DISPLAY_TYPE.strip() = ''. Removing attribute DISPLAY_TYPE.
  angle_possyn_l: angle_possyn_l DISPLAY_TYPE.strip() = ''. Removing attribute DISPLAY_TYPE.
  label_pos_m: label_pos_m DISPLAY_TYPE.strip() = ''. Removing attribute DISPLAY_TYPE.
  unit_pos_m: unit_pos_m DISPLAY_TYPE.strip() = ''. Removing attribute DISPLAY_TYPE.
  angle_pos_m: angle_pos_m DISPLAY_TYPE.strip() = ''. Removing attribute DISPLAY_TYPE.
  label_theta_phi: label_theta_phi DISPLAY_TYPE.strip() = ''. Removing attribute DISPLAY_TYPE.
  label_vel: label_vel DISPLAY_TYPE.strip() = ''. Removing attribute DISPLAY_TYPE.
  Cartesian: Cartesian DISPLAY_TYPE.strip() = ''. Removing attribute DISPLAY_TYPE.
  label_temp: label_temp DISPLAY_TYPE.strip() = ''. Removing attribute DISPLAY_TYPE.
AC_AT_DEF | ISTP.DISPLAY_TYPE.Empty:
  Epoch: Epoch DISPLAY_TYPE.strip() = ''. Removing attribute DISPLAY_TYPE.
  label_RTN_ATT: label_RTN_ATT DISPLAY_TYPE.strip() = ''. Removing attribute DISPLAY_TYPE.
  label_GCI_ATT: label_GCI_ATT DISPLAY_TYPE.strip() = ''. Removing attribute DISPLAY_TYPE.
  label_GSE_ATT: label_GSE_ATT DISPLAY_TYPE.strip() = ''. Removing attribute DISPLAY_TYPE.
AC_H0_MFI | ISTP.DISPLAY_TYPE.Empty:
  Epoch: Epoch DISPLAY_TYPE.strip() = ''. Removing attribute DISPLAY_TYPE.
  label_BGSE: label_BGSE DISPLAY_TYPE.strip() = ''. Removing attribute DISPLAY_TYPE.
  label_pos_GSE: label_pos_GSE DISPLAY_TYPE.strip() = ''. Removing attribute DISPLAY_TYPE.
  label_pos_GSM: label_pos_GSM DISPLAY_TYPE.strip() = ''. Removing attribute DISPLAY_TYPE.
  cartesian: cartesian DISPLAY_TYPE.strip() = ''. Removing attribute DISPLAY_TYPE.
AC_H0_SWE | ISTP.DISPLAY_TYPE.Empty:
  Epoch: Epoch DISPLAY_TYPE.strip() = ''. Removing attribute DISPLAY_TYPE.
  label_V_GSE: label_V_GSE DISPLAY_TYPE.strip() = ''. Removing attribute DISPLAY_TYPE.
  label_V_RTN: label_V_RTN DISPLAY_TYPE.strip() = ''. Removing attribute DISPLAY_TYPE.
  label_V_GSM: label_V_GSM DISPLAY_TYPE.strip() = ''. Removing attribute DISPLAY_TYPE.
  label_pos_GSE: label_pos_GSE DISPLAY_TYPE.strip() = ''. Removing attribute DISPLAY_TYPE.
  label_pos_GSM: label_pos_GSM DISPLAY_TYPE.strip() = ''. Removing attribute DISPLAY_TYPE.
AC_H1_EPM | ISTP.DISPLAY_TYPE.Empty:
  Epoch: Epoch DISPLAY_TYPE.strip() = ''. Removing attribute DISPLAY_TYPE.
AC_H1_MFI | ISTP.DISPLAY_TYPE.Empty:
  Epoch: Epoch DISPLAY_TYPE.strip() = ''. Removing attribute DISPLAY_TYPE.
  label_BGSE: label_BGSE DISPLAY_TYPE.strip() = ''. Removing attribute DISPLAY_TYPE.
  label_pos_GSE: label_pos_GSE DISPLAY_TYPE.strip() = ''. Removing attribute DISPLAY_TYPE.
  label_pos_GSM: label_pos_GSM DISPLAY_TYPE.strip() = ''. Removing attribute DISPLAY_TYPE.
  cartesian: cartesian DISPLAY_TYPE.strip() = ''. Removing attribute DISPLAY_TYPE.
AC_H1_SIS | ISTP.DISPLAY_TYPE.Empty:
  Epoch: Epoch DISPLAY_TYPE.strip() = ''. Removing attribute DISPLAY_TYPE.
AC_H2_CRIS | ISTP.DISPLAY_TYPE.Empty:
  Epoch: Epoch DISPLAY_TYPE.strip() = ''. Removing attribute DISPLAY_TYPE.
AC_H2_EPM | ISTP.DISPLAY_TYPE.Empty:
  Epoch: Epoch DISPLAY_TYPE.strip() = ''. Removing attribute DISPLAY_TYPE.
AC_H2_MFI | ISTP.DISPLAY_TYPE.Empty:
  Epoch: Epoch DISPLAY_TYPE.strip() = ''. Removing attribute DISPLAY_TYPE.
  label_BGSE: label_BGSE DISPLAY_TYPE.strip() = ''. Removing attribute DISPLAY_TYPE.
  label_pos_GSE: label_pos_GSE DISPLAY_TYPE.strip() = ''. Removing attribute DISPLAY_TYPE.
  label_pos_GSM: label_pos_GSM DISPLAY_TYPE.strip() = ''. Removing attribute DISPLAY_TYPE.
  cartesian: cartesian DISPLAY_TYPE.strip() = ''. Removing attribute DISPLAY_TYPE.
AC_H2_SEP | ISTP.DISPLAY_TYPE.Empty:
  Epoch: Epoch DISPLAY_TYPE.strip() = ''. Removing attribute DISPLAY_TYPE.
AC_H2_SIS | ISTP.DISPLAY_TYPE.Empty:
  Epoch: Epoch DISPLAY_TYPE.strip() = ''. Removing attribute DISPLAY_TYPE.
AC_H2_SWE | ISTP.DISPLAY_TYPE.Empty:
  Epoch: Epoch DISPLAY_TYPE.strip() = ''. Removing attribute DISPLAY_TYPE.
  label_V_GSE: label_V_GSE DISPLAY_TYPE.strip() = ''. Removing attribute DISPLAY_TYPE.
  label_V_RTN: label_V_RTN DISPLAY_TYPE.strip() = ''. Removing attribute DISPLAY_TYPE.
  label_V_GSM: label_V_GSM DISPLAY_TYPE.strip() = ''. Removing attribute DISPLAY_TYPE.
  label_pos_GSE: label_pos_GSE DISPLAY_TYPE.strip() = ''. Removing attribute DISPLAY_TYPE.
  label_pos_GSM: label_pos_GSM DISPLAY_TYPE.strip() = ''. Removing attribute DISPLAY_TYPE.
AC_H2_SWI | ISTP.DISPLAY_TYPE.Empty:
  Epoch: Epoch DISPLAY_TYPE.strip() = ''. Removing attribute DISPLAY_TYPE.
AC_H2_ULE | ISTP.DISPLAY_TYPE.Empty:
  Epoch: Epoch DISPLAY_TYPE.strip() = ''. Removing attribute DISPLAY_TYPE.
AC_H3_CRIS | ISTP.DISPLAY_TYPE.Empty:
  Epoch: Epoch DISPLAY_TYPE.strip() = ''. Removing attribute DISPLAY_TYPE.
AC_H3_EPM | ISTP.DISPLAY_TYPE.Empty:
  Epoch: Epoch DISPLAY_TYPE.strip() = ''. Removing attribute DISPLAY_TYPE.
AC_H3_MFI | ISTP.DISPLAY_TYPE.Empty:
  Epoch: Epoch DISPLAY_TYPE.strip() = ''. Removing attribute DISPLAY_TYPE.
  label_BRTN: label_BRTN DISPLAY_TYPE.strip() = ''. Removing attribute DISPLAY_TYPE.
  label_BGSE: label_BGSE DISPLAY_TYPE.strip() = ''. Removing attribute DISPLAY_TYPE.
  cartesian: cartesian DISPLAY_TYPE.strip() = ''. Removing attribute DISPLAY_TYPE.
AC_H3_SW2 | ISTP.DISPLAY_TYPE.Empty:
  Epoch: Epoch DISPLAY_TYPE.strip() = ''. Removing attribute DISPLAY_TYPE.
AC_H3_SWI | ISTP.DISPLAY_TYPE.Empty:
  Epoch: Epoch DISPLAY_TYPE.strip() = ''. Removing attribute DISPLAY_TYPE.
AC_H4_SWI | ISTP.DISPLAY_TYPE.Empty:
  Epoch: Epoch DISPLAY_TYPE.strip() = ''. Removing attribute DISPLAY_TYPE.
AC_H5_SWI | ISTP.DISPLAY_TYPE.Empty:
  Epoch: Epoch DISPLAY_TYPE.strip() = ''. Removing attribute DISPLAY_TYPE.
AC_H6_SWI | ISTP.DISPLAY_TYPE.Empty:
  Epoch: Epoch DISPLAY_TYPE.strip() = ''. Removing attribute DISPLAY_TYPE.
AC_K0_EPM | ISTP.DISPLAY_TYPE.Empty:
  Epoch: Epoch DISPLAY_TYPE.strip() = ''. Removing attribute DISPLAY_TYPE.
AC_K0_MFI | ISTP.DISPLAY_TYPE.Empty:
  Epoch: Epoch DISPLAY_TYPE.strip() = ''. Removing attribute DISPLAY_TYPE.
  cartesian: cartesian DISPLAY_TYPE.strip() = ''. Removing attribute DISPLAY_TYPE.
  label_BGSE: label_BGSE DISPLAY_TYPE.strip() = ''. Removing attribute DISPLAY_TYPE.
AC_K0_SWE | ISTP.DISPLAY_TYPE.Empty:
  Epoch: Epoch DISPLAY_TYPE.strip() = ''. Removing attribute DISPLAY_TYPE.
AC_K1_EPM | ISTP.DISPLAY_TYPE.Empty:
  Epoch: Epoch DISPLAY_TYPE.strip() = ''. Removing attribute DISPLAY_TYPE.
AC_K1_MFI | ISTP.DISPLAY_TYPE.Empty:
  Epoch: Epoch DISPLAY_TYPE.strip() = ''. Removing attribute DISPLAY_TYPE.
  cartesian: cartesian DISPLAY_TYPE.strip() = ''. Removing attribute DISPLAY_TYPE.
  label_BGSE: label_BGSE DISPLAY_TYPE.strip() = ''. Removing attribute DISPLAY_TYPE.
AC_K1_SWE | ISTP.DISPLAY_TYPE.Empty:
  Epoch: Epoch DISPLAY_TYPE.strip() = ''. Removing attribute DISPLAY_TYPE.
AC_K2_MFI | ISTP.DISPLAY_TYPE.Empty:
  Epoch: Epoch DISPLAY_TYPE.strip() = ''. Removing attribute DISPLAY_TYPE.
  cartesian: cartesian DISPLAY_TYPE.strip() = ''. Removing attribute DISPLAY_TYPE.
  label_BGSE: label_BGSE DISPLAY_TYPE.strip() = ''. Removing attribute DISPLAY_TYPE.
AC_OR_DEF | ISTP.DISPLAY_TYPE.Empty:
  Epoch: Epoch DISPLAY_TYPE.strip() = ''. Removing attribute DISPLAY_TYPE.
  label_GSE_POS: label_GSE_POS DISPLAY_TYPE.strip() = ''. Removing attribute DISPLAY_TYPE.
  label_GCI_POS: label_GCI_POS DISPLAY_TYPE.strip() = ''. Removing attribute DISPLAY_TYPE.
AC_OR_SSC | ISTP.DISPLAY_TYPE.Empty:
  Epoch: Epoch DISPLAY_TYPE.strip() = ''. Removing attribute DISPLAY_TYPE.
ALOUETTE2_AV_LIM | ISTP.DISPLAY_TYPE.Empty:
  satellite: satellite DISPLAY_TYPE.strip() = ''. Removing attribute DISPLAY_TYPE.
  station_id: station_id DISPLAY_TYPE.strip() = ''. Removing attribute DISPLAY_TYPE.
  power_code: power_code DISPLAY_TYPE.strip() = ''. Removing attribute DISPLAY_TYPE.
  s/r_code: s/r_code DISPLAY_TYPE.strip() = ''. Removing attribute DISPLAY_TYPE.
  pps_code: pps_code DISPLAY_TYPE.strip() = ''. Removing attribute DISPLAY_TYPE.
  DMODE: DMODE DISPLAY_TYPE.strip() = ''. Removing attribute DISPLAY_TYPE.
  GMODE: GMODE DISPLAY_TYPE.strip() = ''. Removing attribute DISPLAY_TYPE.
  mixed_mode: mixed_mode DISPLAY_TYPE.strip() = ''. Removing attribute DISPLAY_TYPE.
  fix_freq: fix_freq DISPLAY_TYPE.strip() = ''. Removing attribute DISPLAY_TYPE.
  year: year DISPLAY_TYPE.strip() = ''. Removing attribute DISPLAY_TYPE.
  doy: doy DISPLAY_TYPE.strip() = ''. Removing attribute DISPLAY_TYPE.
  hr: hr DISPLAY_TYPE.strip() = ''. Removing attribute DISPLAY_TYPE.
  min: min DISPLAY_TYPE.strip() = ''. Removing attribute DISPLAY_TYPE.
  sec: sec DISPLAY_TYPE.strip() = ''. Removing attribute DISPLAY_TYPE.
  LMT: LMT DISPLAY_TYPE.strip() = ''. Removing attribute DISPLAY_TYPE.
  label_LMT: label_LMT DISPLAY_TYPE.strip() = ''. Removing attribute DISPLAY_TYPE.
  unit_LMT: unit_LMT DISPLAY_TYPE.strip() = ''. Removing attribute DISPLAY_TYPE.
  geo_coord: geo_coord DISPLAY_TYPE.strip() = ''. Removing attribute DISPLAY_TYPE.
  label_geo: label_geo DISPLAY_TYPE.strip() = ''. Removing attribute DISPLAY_TYPE.
  unit_geo: unit_geo DISPLAY_TYPE.strip() = ''. Removing attribute DISPLAY_TYPE.
  GMLMT: GMLMT DISPLAY_TYPE.strip() = ''. Removing attribute DISPLAY_TYPE.
  label_GMLMT: label_GMLMT DISPLAY_TYPE.strip() = ''. Removing attribute DISPLAY_TYPE.
  GMLAT: GMLAT DISPLAY_TYPE.strip() = ''. Removing attribute DISPLAY_TYPE.
  GMLONG: GMLONG DISPLAY_TYPE.strip() = ''. Removing attribute DISPLAY_TYPE.
  INV_LAT: INV_LAT DISPLAY_TYPE.strip() = ''. Removing attribute DISPLAY_TYPE.
  DIP: DIP DISPLAY_TYPE.strip() = ''. Removing attribute DISPLAY_TYPE.
  CHI: CHI DISPLAY_TYPE.strip() = ''. Removing attribute DISPLAY_TYPE.
  L: L DISPLAY_TYPE.strip() = ''. Removing attribute DISPLAY_TYPE.
  sun: sun DISPLAY_TYPE.strip() = ''. Removing attribute DISPLAY_TYPE.
  CEP: CEP DISPLAY_TYPE.strip() = ''. Removing attribute DISPLAY_TYPE.
  VLF: VLF DISPLAY_TYPE.strip() = ''. Removing attribute DISPLAY_TYPE.
  SEA: SEA DISPLAY_TYPE.strip() = ''. Removing attribute DISPLAY_TYPE.
  IMS1: IMS1 DISPLAY_TYPE.strip() = ''. Removing attribute DISPLAY_TYPE.
  IMS2: IMS2 DISPLAY_TYPE.strip() = ''. Removing attribute DISPLAY_TYPE.
  SPS: SPS DISPLAY_TYPE.strip() = ''. Removing attribute DISPLAY_TYPE.
  EPD: EPD DISPLAY_TYPE.strip() = ''. Removing attribute DISPLAY_TYPE.
  swept_start: swept_start DISPLAY_TYPE.strip() = ''. Removing attribute DISPLAY_TYPE.
  Time_mark: Time_mark DISPLAY_TYPE.strip() = ''. Removing attribute DISPLAY_TYPE.
  vh_num: vh_num DISPLAY_TYPE.strip() = ''. Removing attribute DISPLAY_TYPE.
  f_num: f_num DISPLAY_TYPE.strip() = ''. Removing attribute DISPLAY_TYPE.
  delay_time: delay_time DISPLAY_TYPE.strip() = ''. Removing attribute DISPLAY_TYPE.
  v_height: v_height DISPLAY_TYPE.strip() = ''. Removing attribute DISPLAY_TYPE.
  Epoch: Epoch DISPLAY_TYPE.strip() = ''. Removing attribute DISPLAY_TYPE.
ALOUETTE2_AV_QUI | ISTP.DISPLAY_TYPE.Empty:
  satellite: satellite DISPLAY_TYPE.strip() = ''. Removing attribute DISPLAY_TYPE.
  station_id: station_id DISPLAY_TYPE.strip() = ''. Removing attribute DISPLAY_TYPE.
  power_code: power_code DISPLAY_TYPE.strip() = ''. Removing attribute DISPLAY_TYPE.
  s/r_code: s/r_code DISPLAY_TYPE.strip() = ''. Removing attribute DISPLAY_TYPE.
  pps_code: pps_code DISPLAY_TYPE.strip() = ''. Removing attribute DISPLAY_TYPE.
  DMODE: DMODE DISPLAY_TYPE.strip() = ''. Removing attribute DISPLAY_TYPE.
  GMODE: GMODE DISPLAY_TYPE.strip() = ''. Removing attribute DISPLAY_TYPE.
  mixed_mode: mixed_mode DISPLAY_TYPE.strip() = ''. Removing attribute DISPLAY_TYPE.
  fix_freq: fix_freq DISPLAY_TYPE.strip() = ''. Removing attribute DISPLAY_TYPE.
  year: year DISPLAY_TYPE.strip() = ''. Removing attribute DISPLAY_TYPE.
  doy: doy DISPLAY_TYPE.strip() = ''. Removing attribute DISPLAY_TYPE.
  hr: hr DISPLAY_TYPE.strip() = ''. Removing attribute DISPLAY_TYPE.
  min: min DISPLAY_TYPE.strip() = ''. Removing attribute DISPLAY_TYPE.
  sec: sec DISPLAY_TYPE.strip() = ''. Removing attribute DISPLAY_TYPE.
  LMT: LMT DISPLAY_TYPE.strip() = ''. Removing attribute DISPLAY_TYPE.
  label_LMT: label_LMT DISPLAY_TYPE.strip() = ''. Removing attribute DISPLAY_TYPE.
  unit_LMT: unit_LMT DISPLAY_TYPE.strip() = ''. Removing attribute DISPLAY_TYPE.
  geo_coord: geo_coord DISPLAY_TYPE.strip() = ''. Removing attribute DISPLAY_TYPE.
  label_geo: label_geo DISPLAY_TYPE.strip() = ''. Removing attribute DISPLAY_TYPE.
  unit_geo: unit_geo DISPLAY_TYPE.strip() = ''. Removing attribute DISPLAY_TYPE.
  GMLMT: GMLMT DISPLAY_TYPE.strip() = ''. Removing attribute DISPLAY_TYPE.
  label_GMLMT: label_GMLMT DISPLAY_TYPE.strip() = ''. Removing attribute DISPLAY_TYPE.
  GMLAT: GMLAT DISPLAY_TYPE.strip() = ''. Removing attribute DISPLAY_TYPE.
  GMLONG: GMLONG DISPLAY_TYPE.strip() = ''. Removing attribute DISPLAY_TYPE.
  INV_LAT: INV_LAT DISPLAY_TYPE.strip() = ''. Removing attribute DISPLAY_TYPE.
  DIP: DIP DISPLAY_TYPE.strip() = ''. Removing attribute DISPLAY_TYPE.
  CHI: CHI DISPLAY_TYPE.strip() = ''. Removing attribute DISPLAY_TYPE.
  L: L DISPLAY_TYPE.strip() = ''. Removing attribute DISPLAY_TYPE.
  sun: sun DISPLAY_TYPE.strip() = ''. Removing attribute DISPLAY_TYPE.
  CEP: CEP DISPLAY_TYPE.strip() = ''. Removing attribute DISPLAY_TYPE.
  VLF: VLF DISPLAY_TYPE.strip() = ''. Removing attribute DISPLAY_TYPE.
  SEA: SEA DISPLAY_TYPE.strip() = ''. Removing attribute DISPLAY_TYPE.
  IMS1: IMS1 DISPLAY_TYPE.strip() = ''. Removing attribute DISPLAY_TYPE.
  IMS2: IMS2 DISPLAY_TYPE.strip() = ''. Removing attribute DISPLAY_TYPE.
  SPS: SPS DISPLAY_TYPE.strip() = ''. Removing attribute DISPLAY_TYPE.
  EPD: EPD DISPLAY_TYPE.strip() = ''. Removing attribute DISPLAY_TYPE.
  swept_start: swept_start DISPLAY_TYPE.strip() = ''. Removing attribute DISPLAY_TYPE.
  Time_mark: Time_mark DISPLAY_TYPE.strip() = ''. Removing attribute DISPLAY_TYPE.
  vh_num: vh_num DISPLAY_TYPE.strip() = ''. Removing attribute DISPLAY_TYPE.
  f_num: f_num DISPLAY_TYPE.strip() = ''. Removing attribute DISPLAY_TYPE.
  delay_time: delay_time DISPLAY_TYPE.strip() = ''. Removing attribute DISPLAY_TYPE.
  v_height: v_height DISPLAY_TYPE.strip() = ''. Removing attribute DISPLAY_TYPE.
  Epoch: Epoch DISPLAY_TYPE.strip() = ''. Removing attribute DISPLAY_TYPE.
ALOUETTE2_AV_SNT | ISTP.DISPLAY_TYPE.Empty:
  satellite: satellite DISPLAY_TYPE.strip() = ''. Removing attribute DISPLAY_TYPE.
  station_id: station_id DISPLAY_TYPE.strip() = ''. Removing attribute DISPLAY_TYPE.
  power_code: power_code DISPLAY_TYPE.strip() = ''. Removing attribute DISPLAY_TYPE.
  s/r_code: s/r_code DISPLAY_TYPE.strip() = ''. Removing attribute DISPLAY_TYPE.
  pps_code: pps_code DISPLAY_TYPE.strip() = ''. Removing attribute DISPLAY_TYPE.
  DMODE: DMODE DISPLAY_TYPE.strip() = ''. Removing attribute DISPLAY_TYPE.
  GMODE: GMODE DISPLAY_TYPE.strip() = ''. Removing attribute DISPLAY_TYPE.
  mixed_mode: mixed_mode DISPLAY_TYPE.strip() = ''. Removing attribute DISPLAY_TYPE.
  fix_freq: fix_freq DISPLAY_TYPE.strip() = ''. Removing attribute DISPLAY_TYPE.
  year: year DISPLAY_TYPE.strip() = ''. Removing attribute DISPLAY_TYPE.
  doy: doy DISPLAY_TYPE.strip() = ''. Removing attribute DISPLAY_TYPE.
  hr: hr DISPLAY_TYPE.strip() = ''. Removing attribute DISPLAY_TYPE.
  min: min DISPLAY_TYPE.strip() = ''. Removing attribute DISPLAY_TYPE.
  sec: sec DISPLAY_TYPE.strip() = ''. Removing attribute DISPLAY_TYPE.
  LMT: LMT DISPLAY_TYPE.strip() = ''. Removing attribute DISPLAY_TYPE.
  label_LMT: label_LMT DISPLAY_TYPE.strip() = ''. Removing attribute DISPLAY_TYPE.
  unit_LMT: unit_LMT DISPLAY_TYPE.strip() = ''. Removing attribute DISPLAY_TYPE.
  geo_coord: geo_coord DISPLAY_TYPE.strip() = ''. Removing attribute DISPLAY_TYPE.
  label_geo: label_geo DISPLAY_TYPE.strip() = ''. Removing attribute DISPLAY_TYPE.
  unit_geo: unit_geo DISPLAY_TYPE.strip() = ''. Removing attribute DISPLAY_TYPE.
  GMLMT: GMLMT DISPLAY_TYPE.strip() = ''. Removing attribute DISPLAY_TYPE.
  label_GMLMT: label_GMLMT DISPLAY_TYPE.strip() = ''. Removing attribute DISPLAY_TYPE.
  GMLAT: GMLAT DISPLAY_TYPE.strip() = ''. Removing attribute DISPLAY_TYPE.
  GMLONG: GMLONG DISPLAY_TYPE.strip() = ''. Removing attribute DISPLAY_TYPE.
  INV_LAT: INV_LAT DISPLAY_TYPE.strip() = ''. Removing attribute DISPLAY_TYPE.
  DIP: DIP DISPLAY_TYPE.strip() = ''. Removing attribute DISPLAY_TYPE.
  CHI: CHI DISPLAY_TYPE.strip() = ''. Removing attribute DISPLAY_TYPE.
  L: L DISPLAY_TYPE.strip() = ''. Removing attribute DISPLAY_TYPE.
  sun: sun DISPLAY_TYPE.strip() = ''. Removing attribute DISPLAY_TYPE.
  CEP: CEP DISPLAY_TYPE.strip() = ''. Removing attribute DISPLAY_TYPE.
  VLF: VLF DISPLAY_TYPE.strip() = ''. Removing attribute DISPLAY_TYPE.
  SEA: SEA DISPLAY_TYPE.strip() = ''. Removing attribute DISPLAY_TYPE.
  IMS1: IMS1 DISPLAY_TYPE.strip() = ''. Removing attribute DISPLAY_TYPE.
  IMS2: IMS2 DISPLAY_TYPE.strip() = ''. Removing attribute DISPLAY_TYPE.
  SPS: SPS DISPLAY_TYPE.strip() = ''. Removing attribute DISPLAY_TYPE.
  EPD: EPD DISPLAY_TYPE.strip() = ''. Removing attribute DISPLAY_TYPE.
  swept_start: swept_start DISPLAY_TYPE.strip() = ''. Removing attribute DISPLAY_TYPE.
  Time_mark: Time_mark DISPLAY_TYPE.strip() = ''. Removing attribute DISPLAY_TYPE.
  vh_num: vh_num DISPLAY_TYPE.strip() = ''. Removing attribute DISPLAY_TYPE.
  f_num: f_num DISPLAY_TYPE.strip() = ''. Removing attribute DISPLAY_TYPE.
  delay_time: delay_time DISPLAY_TYPE.strip() = ''. Removing attribute DISPLAY_TYPE.
  v_height: v_height DISPLAY_TYPE.strip() = ''. Removing attribute DISPLAY_TYPE.
  Epoch: Epoch DISPLAY_TYPE.strip() = ''. Removing attribute DISPLAY_TYPE.
ALOUETTE2_AV_SOL | ISTP.DISPLAY_TYPE.Empty:
  satellite: satellite DISPLAY_TYPE.strip() = ''. Removing attribute DISPLAY_TYPE.
  station_id: station_id DISPLAY_TYPE.strip() = ''. Removing attribute DISPLAY_TYPE.
  power_code: power_code DISPLAY_TYPE.strip() = ''. Removing attribute DISPLAY_TYPE.
  s/r_code: s/r_code DISPLAY_TYPE.strip() = ''. Removing attribute DISPLAY_TYPE.
  pps_code: pps_code DISPLAY_TYPE.strip() = ''. Removing attribute DISPLAY_TYPE.
  DMODE: DMODE DISPLAY_TYPE.strip() = ''. Removing attribute DISPLAY_TYPE.
  GMODE: GMODE DISPLAY_TYPE.strip() = ''. Removing attribute DISPLAY_TYPE.
  mixed_mode: mixed_mode DISPLAY_TYPE.strip() = ''. Removing attribute DISPLAY_TYPE.
  fix_freq: fix_freq DISPLAY_TYPE.strip() = ''. Removing attribute DISPLAY_TYPE.
  year: year DISPLAY_TYPE.strip() = ''. Removing attribute DISPLAY_TYPE.
  doy: doy DISPLAY_TYPE.strip() = ''. Removing attribute DISPLAY_TYPE.
  hr: hr DISPLAY_TYPE.strip() = ''. Removing attribute DISPLAY_TYPE.
  min: min DISPLAY_TYPE.strip() = ''. Removing attribute DISPLAY_TYPE.
  sec: sec DISPLAY_TYPE.strip() = ''. Removing attribute DISPLAY_TYPE.
  LMT: LMT DISPLAY_TYPE.strip() = ''. Removing attribute DISPLAY_TYPE.
  label_LMT: label_LMT DISPLAY_TYPE.strip() = ''. Removing attribute DISPLAY_TYPE.
  unit_LMT: unit_LMT DISPLAY_TYPE.strip() = ''. Removing attribute DISPLAY_TYPE.
  geo_coord: geo_coord DISPLAY_TYPE.strip() = ''. Removing attribute DISPLAY_TYPE.
  label_geo: label_geo DISPLAY_TYPE.strip() = ''. Removing attribute DISPLAY_TYPE.
  unit_geo: unit_geo DISPLAY_TYPE.strip() = ''. Removing attribute DISPLAY_TYPE.
  GMLMT: GMLMT DISPLAY_TYPE.strip() = ''. Removing attribute DISPLAY_TYPE.
  label_GMLMT: label_GMLMT DISPLAY_TYPE.strip() = ''. Removing attribute DISPLAY_TYPE.
  GMLAT: GMLAT DISPLAY_TYPE.strip() = ''. Removing attribute DISPLAY_TYPE.
  GMLONG: GMLONG DISPLAY_TYPE.strip() = ''. Removing attribute DISPLAY_TYPE.
  INV_LAT: INV_LAT DISPLAY_TYPE.strip() = ''. Removing attribute DISPLAY_TYPE.
  DIP: DIP DISPLAY_TYPE.strip() = ''. Removing attribute DISPLAY_TYPE.
  CHI: CHI DISPLAY_TYPE.strip() = ''. Removing attribute DISPLAY_TYPE.
  L: L DISPLAY_TYPE.strip() = ''. Removing attribute DISPLAY_TYPE.
  sun: sun DISPLAY_TYPE.strip() = ''. Removing attribute DISPLAY_TYPE.
  CEP: CEP DISPLAY_TYPE.strip() = ''. Removing attribute DISPLAY_TYPE.
  VLF: VLF DISPLAY_TYPE.strip() = ''. Removing attribute DISPLAY_TYPE.
  SEA: SEA DISPLAY_TYPE.strip() = ''. Removing attribute DISPLAY_TYPE.
  IMS1: IMS1 DISPLAY_TYPE.strip() = ''. Removing attribute DISPLAY_TYPE.
  IMS2: IMS2 DISPLAY_TYPE.strip() = ''. Removing attribute DISPLAY_TYPE.
  SPS: SPS DISPLAY_TYPE.strip() = ''. Removing attribute DISPLAY_TYPE.
  EPD: EPD DISPLAY_TYPE.strip() = ''. Removing attribute DISPLAY_TYPE.
  swept_start: swept_start DISPLAY_TYPE.strip() = ''. Removing attribute DISPLAY_TYPE.
  Time_mark: Time_mark DISPLAY_TYPE.strip() = ''. Removing attribute DISPLAY_TYPE.
  vh_num: vh_num DISPLAY_TYPE.strip() = ''. Removing attribute DISPLAY_TYPE.
  f_num: f_num DISPLAY_TYPE.strip() = ''. Removing attribute DISPLAY_TYPE.
  delay_time: delay_time DISPLAY_TYPE.strip() = ''. Removing attribute DISPLAY_TYPE.
  v_height: v_height DISPLAY_TYPE.strip() = ''. Removing attribute DISPLAY_TYPE.
  Epoch: Epoch DISPLAY_TYPE.strip() = ''. Removing attribute DISPLAY_TYPE.
ALOUETTE2_AV_ULA | ISTP.DISPLAY_TYPE.Empty:
  satellite: satellite DISPLAY_TYPE.strip() = ''. Removing attribute DISPLAY_TYPE.
  station_id: station_id DISPLAY_TYPE.strip() = ''. Removing attribute DISPLAY_TYPE.
  power_code: power_code DISPLAY_TYPE.strip() = ''. Removing attribute DISPLAY_TYPE.
  s/r_code: s/r_code DISPLAY_TYPE.strip() = ''. Removing attribute DISPLAY_TYPE.
  pps_code: pps_code DISPLAY_TYPE.strip() = ''. Removing attribute DISPLAY_TYPE.
  DMODE: DMODE DISPLAY_TYPE.strip() = ''. Removing attribute DISPLAY_TYPE.
  GMODE: GMODE DISPLAY_TYPE.strip() = ''. Removing attribute DISPLAY_TYPE.
  mixed_mode: mixed_mode DISPLAY_TYPE.strip() = ''. Removing attribute DISPLAY_TYPE.
  fix_freq: fix_freq DISPLAY_TYPE.strip() = ''. Removing attribute DISPLAY_TYPE.
  year: year DISPLAY_TYPE.strip() = ''. Removing attribute DISPLAY_TYPE.
  doy: doy DISPLAY_TYPE.strip() = ''. Removing attribute DISPLAY_TYPE.
  hr: hr DISPLAY_TYPE.strip() = ''. Removing attribute DISPLAY_TYPE.
  min: min DISPLAY_TYPE.strip() = ''. Removing attribute DISPLAY_TYPE.
  sec: sec DISPLAY_TYPE.strip() = ''. Removing attribute DISPLAY_TYPE.
  LMT: LMT DISPLAY_TYPE.strip() = ''. Removing attribute DISPLAY_TYPE.
  label_LMT: label_LMT DISPLAY_TYPE.strip() = ''. Removing attribute DISPLAY_TYPE.
  unit_LMT: unit_LMT DISPLAY_TYPE.strip() = ''. Removing attribute DISPLAY_TYPE.
  geo_coord: geo_coord DISPLAY_TYPE.strip() = ''. Removing attribute DISPLAY_TYPE.
  label_geo: label_geo DISPLAY_TYPE.strip() = ''. Removing attribute DISPLAY_TYPE.
  unit_geo: unit_geo DISPLAY_TYPE.strip() = ''. Removing attribute DISPLAY_TYPE.
  GMLMT: GMLMT DISPLAY_TYPE.strip() = ''. Removing attribute DISPLAY_TYPE.
  label_GMLMT: label_GMLMT DISPLAY_TYPE.strip() = ''. Removing attribute DISPLAY_TYPE.
  GMLAT: GMLAT DISPLAY_TYPE.strip() = ''. Removing attribute DISPLAY_TYPE.
  GMLONG: GMLONG DISPLAY_TYPE.strip() = ''. Removing attribute DISPLAY_TYPE.
  INV_LAT: INV_LAT DISPLAY_TYPE.strip() = ''. Removing attribute DISPLAY_TYPE.
  DIP: DIP DISPLAY_TYPE.strip() = ''. Removing attribute DISPLAY_TYPE.
  CHI: CHI DISPLAY_TYPE.strip() = ''. Removing attribute DISPLAY_TYPE.
  L: L DISPLAY_TYPE.strip() = ''. Removing attribute DISPLAY_TYPE.
  sun: sun DISPLAY_TYPE.strip() = ''. Removing attribute DISPLAY_TYPE.
  CEP: CEP DISPLAY_TYPE.strip() = ''. Removing attribute DISPLAY_TYPE.
  VLF: VLF DISPLAY_TYPE.strip() = ''. Removing attribute DISPLAY_TYPE.
  SEA: SEA DISPLAY_TYPE.strip() = ''. Removing attribute DISPLAY_TYPE.
  IMS1: IMS1 DISPLAY_TYPE.strip() = ''. Removing attribute DISPLAY_TYPE.
  IMS2: IMS2 DISPLAY_TYPE.strip() = ''. Removing attribute DISPLAY_TYPE.
  SPS: SPS DISPLAY_TYPE.strip() = ''. Removing attribute DISPLAY_TYPE.
  EPD: EPD DISPLAY_TYPE.strip() = ''. Removing attribute DISPLAY_TYPE.
  swept_start: swept_start DISPLAY_TYPE.strip() = ''. Removing attribute DISPLAY_TYPE.
  Time_mark: Time_mark DISPLAY_TYPE.strip() = ''. Removing attribute DISPLAY_TYPE.
  vh_num: vh_num DISPLAY_TYPE.strip() = ''. Removing attribute DISPLAY_TYPE.
  f_num: f_num DISPLAY_TYPE.strip() = ''. Removing attribute DISPLAY_TYPE.
  delay_time: delay_time DISPLAY_TYPE.strip() = ''. Removing attribute DISPLAY_TYPE.
  v_height: v_height DISPLAY_TYPE.strip() = ''. Removing attribute DISPLAY_TYPE.
  Epoch: Epoch DISPLAY_TYPE.strip() = ''. Removing attribute DISPLAY_TYPE.
ALOUETTE2_AV_WNK | ISTP.DISPLAY_TYPE.Empty:
  satellite: satellite DISPLAY_TYPE.strip() = ''. Removing attribute DISPLAY_TYPE.
  station_id: station_id DISPLAY_TYPE.strip() = ''. Removing attribute DISPLAY_TYPE.
  power_code: power_code DISPLAY_TYPE.strip() = ''. Removing attribute DISPLAY_TYPE.
  s/r_code: s/r_code DISPLAY_TYPE.strip() = ''. Removing attribute DISPLAY_TYPE.
  pps_code: pps_code DISPLAY_TYPE.strip() = ''. Removing attribute DISPLAY_TYPE.
  DMODE: DMODE DISPLAY_TYPE.strip() = ''. Removing attribute DISPLAY_TYPE.
  GMODE: GMODE DISPLAY_TYPE.strip() = ''. Removing attribute DISPLAY_TYPE.
  mixed_mode: mixed_mode DISPLAY_TYPE.strip() = ''. Removing attribute DISPLAY_TYPE.
  fix_freq: fix_freq DISPLAY_TYPE.strip() = ''. Removing attribute DISPLAY_TYPE.
  year: year DISPLAY_TYPE.strip() = ''. Removing attribute DISPLAY_TYPE.
  doy: doy DISPLAY_TYPE.strip() = ''. Removing attribute DISPLAY_TYPE.
  hr: hr DISPLAY_TYPE.strip() = ''. Removing attribute DISPLAY_TYPE.
  min: min DISPLAY_TYPE.strip() = ''. Removing attribute DISPLAY_TYPE.
  sec: sec DISPLAY_TYPE.strip() = ''. Removing attribute DISPLAY_TYPE.
  LMT: LMT DISPLAY_TYPE.strip() = ''. Removing attribute DISPLAY_TYPE.
  label_LMT: label_LMT DISPLAY_TYPE.strip() = ''. Removing attribute DISPLAY_TYPE.
  unit_LMT: unit_LMT DISPLAY_TYPE.strip() = ''. Removing attribute DISPLAY_TYPE.
  geo_coord: geo_coord DISPLAY_TYPE.strip() = ''. Removing attribute DISPLAY_TYPE.
  label_geo: label_geo DISPLAY_TYPE.strip() = ''. Removing attribute DISPLAY_TYPE.
  unit_geo: unit_geo DISPLAY_TYPE.strip() = ''. Removing attribute DISPLAY_TYPE.
  GMLMT: GMLMT DISPLAY_TYPE.strip() = ''. Removing attribute DISPLAY_TYPE.
  label_GMLMT: label_GMLMT DISPLAY_TYPE.strip() = ''. Removing attribute DISPLAY_TYPE.
  GMLAT: GMLAT DISPLAY_TYPE.strip() = ''. Removing attribute DISPLAY_TYPE.
  GMLONG: GMLONG DISPLAY_TYPE.strip() = ''. Removing attribute DISPLAY_TYPE.
  INV_LAT: INV_LAT DISPLAY_TYPE.strip() = ''. Removing attribute DISPLAY_TYPE.
  DIP: DIP DISPLAY_TYPE.strip() = ''. Removing attribute DISPLAY_TYPE.
  CHI: CHI DISPLAY_TYPE.strip() = ''. Removing attribute DISPLAY_TYPE.
  L: L DISPLAY_TYPE.strip() = ''. Removing attribute DISPLAY_TYPE.
  sun: sun DISPLAY_TYPE.strip() = ''. Removing attribute DISPLAY_TYPE.
  CEP: CEP DISPLAY_TYPE.strip() = ''. Removing attribute DISPLAY_TYPE.
  VLF: VLF DISPLAY_TYPE.strip() = ''. Removing attribute DISPLAY_TYPE.
  SEA: SEA DISPLAY_TYPE.strip() = ''. Removing attribute DISPLAY_TYPE.
  IMS1: IMS1 DISPLAY_TYPE.strip() = ''. Removing attribute DISPLAY_TYPE.
  IMS2: IMS2 DISPLAY_TYPE.strip() = ''. Removing attribute DISPLAY_TYPE.
  SPS: SPS DISPLAY_TYPE.strip() = ''. Removing attribute DISPLAY_TYPE.
  EPD: EPD DISPLAY_TYPE.strip() = ''. Removing attribute DISPLAY_TYPE.
  swept_start: swept_start DISPLAY_TYPE.strip() = ''. Removing attribute DISPLAY_TYPE.
  Time_mark: Time_mark DISPLAY_TYPE.strip() = ''. Removing attribute DISPLAY_TYPE.
  vh_num: vh_num DISPLAY_TYPE.strip() = ''. Removing attribute DISPLAY_TYPE.
  f_num: f_num DISPLAY_TYPE.strip() = ''. Removing attribute DISPLAY_TYPE.
  delay_time: delay_time DISPLAY_TYPE.strip() = ''. Removing attribute DISPLAY_TYPE.
  v_height: v_height DISPLAY_TYPE.strip() = ''. Removing attribute DISPLAY_TYPE.
  Epoch: Epoch DISPLAY_TYPE.strip() = ''. Removing attribute DISPLAY_TYPE.
ALOUETTE2_NEPROF_TOPS | ISTP.DISPLAY_TYPE.Empty:
  Epoch: Epoch DISPLAY_TYPE.strip() = ''. Removing attribute DISPLAY_TYPE.
BEPICOLOMBO_HELIO1DAY_POSITION | ISTP.DISPLAY_TYPE.Empty:
  Epoch: Epoch DISPLAY_TYPE.strip() = ''. Removing attribute DISPLAY_TYPE.
BEPICOLOMBO_HELIO1HR_POSITION | ISTP.DISPLAY_TYPE.Empty:
  Epoch: Epoch DISPLAY_TYPE.strip() = ''. Removing attribute DISPLAY_TYPE.
BORRELLY_HELIO1DAY_POSITION | ISTP.DISPLAY_TYPE.Empty:
  Epoch: Epoch DISPLAY_TYPE.strip() = ''. Removing attribute DISPLAY_TYPE.
BORRELLY_HELIO1HR_POSITION | ISTP.DISPLAY_TYPE.Empty:
  Epoch: Epoch DISPLAY_TYPE.strip() = ''. Removing attribute DISPLAY_TYPE.
CASSINI_HELIO1DAY_POSITION | ISTP.DISPLAY_TYPE.Empty:
  Epoch: Epoch DISPLAY_TYPE.strip() = ''. Removing attribute DISPLAY_TYPE.
CASSINI_HELIO1HR_POSITION | ISTP.DISPLAY_TYPE.Empty:
  Epoch: Epoch DISPLAY_TYPE.strip() = ''. Removing attribute DISPLAY_TYPE.
CN_K0_ASI | ISTP.DISPLAY_TYPE.Empty:
  Epoch: Epoch DISPLAY_TYPE.strip() = ''. Removing attribute DISPLAY_TYPE.
  Time_PB5: Time_PB5 DISPLAY_TYPE.strip() = ''. Removing attribute DISPLAY_TYPE.
  Pixel_lat: Pixel_lat DISPLAY_TYPE.strip() = ''. Removing attribute DISPLAY_TYPE.
  Pixel_long: Pixel_long DISPLAY_TYPE.strip() = ''. Removing attribute DISPLAY_TYPE.
  label_time: label_time DISPLAY_TYPE.strip() = ''. Removing attribute DISPLAY_TYPE.
  unit_time: unit_time DISPLAY_TYPE.strip() = ''. Removing attribute DISPLAY_TYPE.
  format_time: format_time DISPLAY_TYPE.strip() = ''. Removing attribute DISPLAY_TYPE.
CN_K0_BARS | ISTP.DISPLAY_TYPE.Empty:
  Epoch: Epoch DISPLAY_TYPE.strip() = ''. Removing attribute DISPLAY_TYPE.
  Time_PB5: Time_PB5 DISPLAY_TYPE.strip() = ''. Removing attribute DISPLAY_TYPE.
  DQF: DQF DISPLAY_TYPE.strip() = ''. Removing attribute DISPLAY_TYPE.
  Meas: Meas DISPLAY_TYPE.strip() = ''. Removing attribute DISPLAY_TYPE.
  GAP_FLAG: GAP_FLAG DISPLAY_TYPE.strip() = ''. Removing attribute DISPLAY_TYPE.
  EDFL_Latitude: EDFL_Latitude DISPLAY_TYPE.strip() = ''. Removing attribute DISPLAY_TYPE.
  label_time: label_time DISPLAY_TYPE.strip() = ''. Removing attribute DISPLAY_TYPE.
  unit_time: unit_time DISPLAY_TYPE.strip() = ''. Removing attribute DISPLAY_TYPE.
  format_time: format_time DISPLAY_TYPE.strip() = ''. Removing attribute DISPLAY_TYPE.
CN_K0_MARI | ISTP.DISPLAY_TYPE.Empty:
  Epoch: Epoch DISPLAY_TYPE.strip() = ''. Removing attribute DISPLAY_TYPE.
  Time_PB5: Time_PB5 DISPLAY_TYPE.strip() = ''. Removing attribute DISPLAY_TYPE.
  Site_Lats: Site_Lats DISPLAY_TYPE.strip() = ''. Removing attribute DISPLAY_TYPE.
  Site_Longs: Site_Longs DISPLAY_TYPE.strip() = ''. Removing attribute DISPLAY_TYPE.
  label_time: label_time DISPLAY_TYPE.strip() = ''. Removing attribute DISPLAY_TYPE.
  unit_time: unit_time DISPLAY_TYPE.strip() = ''. Removing attribute DISPLAY_TYPE.
  format_time: format_time DISPLAY_TYPE.strip() = ''. Removing attribute DISPLAY_TYPE.
CN_K0_MPA | ISTP.DISPLAY_TYPE.Empty:
  Epoch: Epoch DISPLAY_TYPE.strip() = ''. Removing attribute DISPLAY_TYPE.
  Time_PB5: Time_PB5 DISPLAY_TYPE.strip() = ''. Removing attribute DISPLAY_TYPE.
  label_time: label_time DISPLAY_TYPE.strip() = ''. Removing attribute DISPLAY_TYPE.
  unit_time: unit_time DISPLAY_TYPE.strip() = ''. Removing attribute DISPLAY_TYPE.
  format_time: format_time DISPLAY_TYPE.strip() = ''. Removing attribute DISPLAY_TYPE.
  station_name: station_name DISPLAY_TYPE.strip() = ''. Removing attribute DISPLAY_TYPE.
  DQF_station: DQF_station DISPLAY_TYPE.strip() = ''. Removing attribute DISPLAY_TYPE.
  Geo_Latitude: Geo_Latitude DISPLAY_TYPE.strip() = ''. Removing attribute DISPLAY_TYPE.
CN_K1_MARI | ISTP.DISPLAY_TYPE.Empty:
  Epoch: Epoch DISPLAY_TYPE.strip() = ''. Removing attribute DISPLAY_TYPE.
  Time_PB5: Time_PB5 DISPLAY_TYPE.strip() = ''. Removing attribute DISPLAY_TYPE.
  GAP_FLAG: GAP_FLAG DISPLAY_TYPE.strip() = ''. Removing attribute DISPLAY_TYPE.
  Sites: Sites DISPLAY_TYPE.strip() = ''. Removing attribute DISPLAY_TYPE.
  Site_Lats: Site_Lats DISPLAY_TYPE.strip() = ''. Removing attribute DISPLAY_TYPE.
  Site_Longs: Site_Longs DISPLAY_TYPE.strip() = ''. Removing attribute DISPLAY_TYPE.
  label_time: label_time DISPLAY_TYPE.strip() = ''. Removing attribute DISPLAY_TYPE.
  unit_time: unit_time DISPLAY_TYPE.strip() = ''. Removing attribute DISPLAY_TYPE.
  format_time: format_time DISPLAY_TYPE.strip() = ''. Removing attribute DISPLAY_TYPE.
COMETGS_HELIO1DAY_POSITION | ISTP.DISPLAY_TYPE.Empty:
  Epoch: Epoch DISPLAY_TYPE.strip() = ''. Removing attribute DISPLAY_TYPE.
COMETGS_HELIO1HR_POSITION | ISTP.DISPLAY_TYPE.Empty:
  Epoch: Epoch DISPLAY_TYPE.strip() = ''. Removing attribute DISPLAY_TYPE.
COMETHMP_HELIO1DAY_POSITION | ISTP.DISPLAY_TYPE.Empty:
  Epoch: Epoch DISPLAY_TYPE.strip() = ''. Removing attribute DISPLAY_TYPE.
COMETHMP_HELIO1HR_POSITION | ISTP.DISPLAY_TYPE.Empty:
  Epoch: Epoch DISPLAY_TYPE.strip() = ''. Removing attribute DISPLAY_TYPE.
DAWN_HELIO1DAY_POSITION | ISTP.DISPLAY_TYPE.Empty:
  Epoch: Epoch DISPLAY_TYPE.strip() = ''. Removing attribute DISPLAY_TYPE.
DAWN_HELIO1HR_POSITION | ISTP.DISPLAY_TYPE.Empty:
  Epoch: Epoch DISPLAY_TYPE.strip() = ''. Removing attribute DISPLAY_TYPE.
DE1_2SEC_OA | ISTP.DISPLAY_TYPE.Empty:
  Epoch: Epoch DISPLAY_TYPE.strip() = ''. Removing attribute DISPLAY_TYPE.
DE2_LAPI_ELECTRON-FLUX-COUNTS-PPS1 | ISTP.DISPLAY_TYPE.Empty:
  Epoch: Epoch DISPLAY_TYPE.strip() = ''. Removing attribute DISPLAY_TYPE.
  Mode_Epoch: Mode_Epoch DISPLAY_TYPE.strip() = ''. Removing attribute DISPLAY_TYPE.
  Center_Scan_1: Center_Scan_1 DISPLAY_TYPE.strip() = ''. Removing attribute DISPLAY_TYPE.
  Band_Low_Scan_1: Band_Low_Scan_1 DISPLAY_TYPE.strip() = ''. Removing attribute DISPLAY_TYPE.
  Band_High_Scan_1: Band_High_Scan_1 DISPLAY_TYPE.strip() = ''. Removing attribute DISPLAY_TYPE.
  Center_Scan_2: Center_Scan_2 DISPLAY_TYPE.strip() = ''. Removing attribute DISPLAY_TYPE.
  Band_Low_Scan_2: Band_Low_Scan_2 DISPLAY_TYPE.strip() = ''. Removing attribute DISPLAY_TYPE.
  Band_High_Scan_2: Band_High_Scan_2 DISPLAY_TYPE.strip() = ''. Removing attribute DISPLAY_TYPE.
  Center_Scan_3: Center_Scan_3 DISPLAY_TYPE.strip() = ''. Removing attribute DISPLAY_TYPE.
  Band_Low_Scan_3: Band_Low_Scan_3 DISPLAY_TYPE.strip() = ''. Removing attribute DISPLAY_TYPE.
  Band_High_Scan_3: Band_High_Scan_3 DISPLAY_TYPE.strip() = ''. Removing attribute DISPLAY_TYPE.
  Center_Scan_4: Center_Scan_4 DISPLAY_TYPE.strip() = ''. Removing attribute DISPLAY_TYPE.
  Band_Low_Scan_4: Band_Low_Scan_4 DISPLAY_TYPE.strip() = ''. Removing attribute DISPLAY_TYPE.
  Band_High_Scan_4: Band_High_Scan_4 DISPLAY_TYPE.strip() = ''. Removing attribute DISPLAY_TYPE.
  Center_Scan_5: Center_Scan_5 DISPLAY_TYPE.strip() = ''. Removing attribute DISPLAY_TYPE.
  Band_Low_Scan_5: Band_Low_Scan_5 DISPLAY_TYPE.strip() = ''. Removing attribute DISPLAY_TYPE.
  Band_High_Scan_5: Band_High_Scan_5 DISPLAY_TYPE.strip() = ''. Removing attribute DISPLAY_TYPE.
  Center_Scan_6: Center_Scan_6 DISPLAY_TYPE.strip() = ''. Removing attribute DISPLAY_TYPE.
  Band_Low_Scan_6: Band_Low_Scan_6 DISPLAY_TYPE.strip() = ''. Removing attribute DISPLAY_TYPE.
  Band_High_Scan_6: Band_High_Scan_6 DISPLAY_TYPE.strip() = ''. Removing attribute DISPLAY_TYPE.
  Center_Scan_7: Center_Scan_7 DISPLAY_TYPE.strip() = ''. Removing attribute DISPLAY_TYPE.
  Band_Low_Scan_7: Band_Low_Scan_7 DISPLAY_TYPE.strip() = ''. Removing attribute DISPLAY_TYPE.
  Band_High_Scan_7: Band_High_Scan_7 DISPLAY_TYPE.strip() = ''. Removing attribute DISPLAY_TYPE.
  Center_Scan_8: Center_Scan_8 DISPLAY_TYPE.strip() = ''. Removing attribute DISPLAY_TYPE.
  Band_Low_Scan_8: Band_Low_Scan_8 DISPLAY_TYPE.strip() = ''. Removing attribute DISPLAY_TYPE.
  Band_High_Scan_8: Band_High_Scan_8 DISPLAY_TYPE.strip() = ''. Removing attribute DISPLAY_TYPE.
  Center_Scan_9: Center_Scan_9 DISPLAY_TYPE.strip() = ''. Removing attribute DISPLAY_TYPE.
  Band_Low_Scan_9: Band_Low_Scan_9 DISPLAY_TYPE.strip() = ''. Removing attribute DISPLAY_TYPE.
  Band_High_Scan_9: Band_High_Scan_9 DISPLAY_TYPE.strip() = ''. Removing attribute DISPLAY_TYPE.
  Center_Scan_10: Center_Scan_10 DISPLAY_TYPE.strip() = ''. Removing attribute DISPLAY_TYPE.
  Band_Low_Scan_10: Band_Low_Scan_10 DISPLAY_TYPE.strip() = ''. Removing attribute DISPLAY_TYPE.
  Band_High_Scan_10: Band_High_Scan_10 DISPLAY_TYPE.strip() = ''. Removing attribute DISPLAY_TYPE.
  Center_Scan_11: Center_Scan_11 DISPLAY_TYPE.strip() = ''. Removing attribute DISPLAY_TYPE.
  Band_Low_Scan_11: Band_Low_Scan_11 DISPLAY_TYPE.strip() = ''. Removing attribute DISPLAY_TYPE.
  Band_High_Scan_11: Band_High_Scan_11 DISPLAY_TYPE.strip() = ''. Removing attribute DISPLAY_TYPE.
  Center_Scan_12: Center_Scan_12 DISPLAY_TYPE.strip() = ''. Removing attribute DISPLAY_TYPE.
  Band_Low_Scan_12: Band_Low_Scan_12 DISPLAY_TYPE.strip() = ''. Removing attribute DISPLAY_TYPE.
  Band_High_Scan_12: Band_High_Scan_12 DISPLAY_TYPE.strip() = ''. Removing attribute DISPLAY_TYPE.
  Center_Scan_13: Center_Scan_13 DISPLAY_TYPE.strip() = ''. Removing attribute DISPLAY_TYPE.
  Band_Low_Scan_13: Band_Low_Scan_13 DISPLAY_TYPE.strip() = ''. Removing attribute DISPLAY_TYPE.
  Band_High_Scan_13: Band_High_Scan_13 DISPLAY_TYPE.strip() = ''. Removing attribute DISPLAY_TYPE.
  Center_Scan_14: Center_Scan_14 DISPLAY_TYPE.strip() = ''. Removing attribute DISPLAY_TYPE.
  Band_Low_Scan_14: Band_Low_Scan_14 DISPLAY_TYPE.strip() = ''. Removing attribute DISPLAY_TYPE.
  Band_High_Scan_14: Band_High_Scan_14 DISPLAY_TYPE.strip() = ''. Removing attribute DISPLAY_TYPE.
  Center_Scan_15: Center_Scan_15 DISPLAY_TYPE.strip() = ''. Removing attribute DISPLAY_TYPE.
  Band_Low_Scan_15: Band_Low_Scan_15 DISPLAY_TYPE.strip() = ''. Removing attribute DISPLAY_TYPE.
  Band_High_Scan_15: Band_High_Scan_15 DISPLAY_TYPE.strip() = ''. Removing attribute DISPLAY_TYPE.
  Center_Scan_16: Center_Scan_16 DISPLAY_TYPE.strip() = ''. Removing attribute DISPLAY_TYPE.
  Band_Low_Scan_16: Band_Low_Scan_16 DISPLAY_TYPE.strip() = ''. Removing attribute DISPLAY_TYPE.
  Band_High_Scan_16: Band_High_Scan_16 DISPLAY_TYPE.strip() = ''. Removing attribute DISPLAY_TYPE.
  Center_Scan_17: Center_Scan_17 DISPLAY_TYPE.strip() = ''. Removing attribute DISPLAY_TYPE.
  Band_Low_Scan_17: Band_Low_Scan_17 DISPLAY_TYPE.strip() = ''. Removing attribute DISPLAY_TYPE.
  Band_High_Scan_17: Band_High_Scan_17 DISPLAY_TYPE.strip() = ''. Removing attribute DISPLAY_TYPE.
  Center_Scan_18: Center_Scan_18 DISPLAY_TYPE.strip() = ''. Removing attribute DISPLAY_TYPE.
  Band_Low_Scan_18: Band_Low_Scan_18 DISPLAY_TYPE.strip() = ''. Removing attribute DISPLAY_TYPE.
  Band_High_Scan_18: Band_High_Scan_18 DISPLAY_TYPE.strip() = ''. Removing attribute DISPLAY_TYPE.
  Center_Scan_19: Center_Scan_19 DISPLAY_TYPE.strip() = ''. Removing attribute DISPLAY_TYPE.
  Band_Low_Scan_19: Band_Low_Scan_19 DISPLAY_TYPE.strip() = ''. Removing attribute DISPLAY_TYPE.
  Band_High_Scan_19: Band_High_Scan_19 DISPLAY_TYPE.strip() = ''. Removing attribute DISPLAY_TYPE.
  Center_Scan_20: Center_Scan_20 DISPLAY_TYPE.strip() = ''. Removing attribute DISPLAY_TYPE.
  Band_Low_Scan_20: Band_Low_Scan_20 DISPLAY_TYPE.strip() = ''. Removing attribute DISPLAY_TYPE.
  Band_High_Scan_20: Band_High_Scan_20 DISPLAY_TYPE.strip() = ''. Removing attribute DISPLAY_TYPE.
  Center_Scan_21: Center_Scan_21 DISPLAY_TYPE.strip() = ''. Removing attribute DISPLAY_TYPE.
  Band_Low_Scan_21: Band_Low_Scan_21 DISPLAY_TYPE.strip() = ''. Removing attribute DISPLAY_TYPE.
  Band_High_Scan_21: Band_High_Scan_21 DISPLAY_TYPE.strip() = ''. Removing attribute DISPLAY_TYPE.
  Center_Scan_22: Center_Scan_22 DISPLAY_TYPE.strip() = ''. Removing attribute DISPLAY_TYPE.
  Band_Low_Scan_22: Band_Low_Scan_22 DISPLAY_TYPE.strip() = ''. Removing attribute DISPLAY_TYPE.
  Band_High_Scan_22: Band_High_Scan_22 DISPLAY_TYPE.strip() = ''. Removing attribute DISPLAY_TYPE.
  Center_Scan_23: Center_Scan_23 DISPLAY_TYPE.strip() = ''. Removing attribute DISPLAY_TYPE.
  Band_Low_Scan_23: Band_Low_Scan_23 DISPLAY_TYPE.strip() = ''. Removing attribute DISPLAY_TYPE.
  Band_High_Scan_23: Band_High_Scan_23 DISPLAY_TYPE.strip() = ''. Removing attribute DISPLAY_TYPE.
  Center_Scan_24: Center_Scan_24 DISPLAY_TYPE.strip() = ''. Removing attribute DISPLAY_TYPE.
  Band_Low_Scan_24: Band_Low_Scan_24 DISPLAY_TYPE.strip() = ''. Removing attribute DISPLAY_TYPE.
  Band_High_Scan_24: Band_High_Scan_24 DISPLAY_TYPE.strip() = ''. Removing attribute DISPLAY_TYPE.
  Center_Scan_25: Center_Scan_25 DISPLAY_TYPE.strip() = ''. Removing attribute DISPLAY_TYPE.
  Band_Low_Scan_25: Band_Low_Scan_25 DISPLAY_TYPE.strip() = ''. Removing attribute DISPLAY_TYPE.
  Band_High_Scan_25: Band_High_Scan_25 DISPLAY_TYPE.strip() = ''. Removing attribute DISPLAY_TYPE.
  Center_Scan_26: Center_Scan_26 DISPLAY_TYPE.strip() = ''. Removing attribute DISPLAY_TYPE.
  Band_Low_Scan_26: Band_Low_Scan_26 DISPLAY_TYPE.strip() = ''. Removing attribute DISPLAY_TYPE.
  Band_High_Scan_26: Band_High_Scan_26 DISPLAY_TYPE.strip() = ''. Removing attribute DISPLAY_TYPE.
  Center_Scan_27: Center_Scan_27 DISPLAY_TYPE.strip() = ''. Removing attribute DISPLAY_TYPE.
  Band_Low_Scan_27: Band_Low_Scan_27 DISPLAY_TYPE.strip() = ''. Removing attribute DISPLAY_TYPE.
  Band_High_Scan_27: Band_High_Scan_27 DISPLAY_TYPE.strip() = ''. Removing attribute DISPLAY_TYPE.
  Center_Scan_28: Center_Scan_28 DISPLAY_TYPE.strip() = ''. Removing attribute DISPLAY_TYPE.
  Band_Low_Scan_28: Band_Low_Scan_28 DISPLAY_TYPE.strip() = ''. Removing attribute DISPLAY_TYPE.
  Band_High_Scan_28: Band_High_Scan_28 DISPLAY_TYPE.strip() = ''. Removing attribute DISPLAY_TYPE.
  Center_Scan_29: Center_Scan_29 DISPLAY_TYPE.strip() = ''. Removing attribute DISPLAY_TYPE.
  Band_Low_Scan_29: Band_Low_Scan_29 DISPLAY_TYPE.strip() = ''. Removing attribute DISPLAY_TYPE.
  Band_High_Scan_29: Band_High_Scan_29 DISPLAY_TYPE.strip() = ''. Removing attribute DISPLAY_TYPE.
  Center_Scan_30: Center_Scan_30 DISPLAY_TYPE.strip() = ''. Removing attribute DISPLAY_TYPE.
  Band_Low_Scan_30: Band_Low_Scan_30 DISPLAY_TYPE.strip() = ''. Removing attribute DISPLAY_TYPE.
  Band_High_Scan_30: Band_High_Scan_30 DISPLAY_TYPE.strip() = ''. Removing attribute DISPLAY_TYPE.
  Center_Scan_31: Center_Scan_31 DISPLAY_TYPE.strip() = ''. Removing attribute DISPLAY_TYPE.
  Band_Low_Scan_31: Band_Low_Scan_31 DISPLAY_TYPE.strip() = ''. Removing attribute DISPLAY_TYPE.
  Band_High_Scan_31: Band_High_Scan_31 DISPLAY_TYPE.strip() = ''. Removing attribute DISPLAY_TYPE.
  Center_Scan_32: Center_Scan_32 DISPLAY_TYPE.strip() = ''. Removing attribute DISPLAY_TYPE.
  Band_Low_Scan_32: Band_Low_Scan_32 DISPLAY_TYPE.strip() = ''. Removing attribute DISPLAY_TYPE.
  Band_High_Scan_32: Band_High_Scan_32 DISPLAY_TYPE.strip() = ''. Removing attribute DISPLAY_TYPE.
  Center_Scan_33: Center_Scan_33 DISPLAY_TYPE.strip() = ''. Removing attribute DISPLAY_TYPE.
  Band_Low_Scan_33: Band_Low_Scan_33 DISPLAY_TYPE.strip() = ''. Removing attribute DISPLAY_TYPE.
  Band_High_Scan_33: Band_High_Scan_33 DISPLAY_TYPE.strip() = ''. Removing attribute DISPLAY_TYPE.
  Center_Scan_34: Center_Scan_34 DISPLAY_TYPE.strip() = ''. Removing attribute DISPLAY_TYPE.
  Band_Low_Scan_34: Band_Low_Scan_34 DISPLAY_TYPE.strip() = ''. Removing attribute DISPLAY_TYPE.
  Band_High_Scan_34: Band_High_Scan_34 DISPLAY_TYPE.strip() = ''. Removing attribute DISPLAY_TYPE.
  Center_Scan_35: Center_Scan_35 DISPLAY_TYPE.strip() = ''. Removing attribute DISPLAY_TYPE.
  Band_Low_Scan_35: Band_Low_Scan_35 DISPLAY_TYPE.strip() = ''. Removing attribute DISPLAY_TYPE.
  Band_High_Scan_35: Band_High_Scan_35 DISPLAY_TYPE.strip() = ''. Removing attribute DISPLAY_TYPE.
  Center_Scan_36: Center_Scan_36 DISPLAY_TYPE.strip() = ''. Removing attribute DISPLAY_TYPE.
  Band_Low_Scan_36: Band_Low_Scan_36 DISPLAY_TYPE.strip() = ''. Removing attribute DISPLAY_TYPE.
  Band_High_Scan_36: Band_High_Scan_36 DISPLAY_TYPE.strip() = ''. Removing attribute DISPLAY_TYPE.
  Center_Scan_37: Center_Scan_37 DISPLAY_TYPE.strip() = ''. Removing attribute DISPLAY_TYPE.
  Band_Low_Scan_37: Band_Low_Scan_37 DISPLAY_TYPE.strip() = ''. Removing attribute DISPLAY_TYPE.
  Band_High_Scan_37: Band_High_Scan_37 DISPLAY_TYPE.strip() = ''. Removing attribute DISPLAY_TYPE.
  Center_Scan_38: Center_Scan_38 DISPLAY_TYPE.strip() = ''. Removing attribute DISPLAY_TYPE.
  Band_Low_Scan_38: Band_Low_Scan_38 DISPLAY_TYPE.strip() = ''. Removing attribute DISPLAY_TYPE.
  Band_High_Scan_38: Band_High_Scan_38 DISPLAY_TYPE.strip() = ''. Removing attribute DISPLAY_TYPE.
  Center_Scan_39: Center_Scan_39 DISPLAY_TYPE.strip() = ''. Removing attribute DISPLAY_TYPE.
  Band_Low_Scan_39: Band_Low_Scan_39 DISPLAY_TYPE.strip() = ''. Removing attribute DISPLAY_TYPE.
  Band_High_Scan_39: Band_High_Scan_39 DISPLAY_TYPE.strip() = ''. Removing attribute DISPLAY_TYPE.
  Center_Scan_40: Center_Scan_40 DISPLAY_TYPE.strip() = ''. Removing attribute DISPLAY_TYPE.
  Band_Low_Scan_40: Band_Low_Scan_40 DISPLAY_TYPE.strip() = ''. Removing attribute DISPLAY_TYPE.
  Band_High_Scan_40: Band_High_Scan_40 DISPLAY_TYPE.strip() = ''. Removing attribute DISPLAY_TYPE.
  Center_Scan_41: Center_Scan_41 DISPLAY_TYPE.strip() = ''. Removing attribute DISPLAY_TYPE.
  Band_Low_Scan_41: Band_Low_Scan_41 DISPLAY_TYPE.strip() = ''. Removing attribute DISPLAY_TYPE.
  Band_High_Scan_41: Band_High_Scan_41 DISPLAY_TYPE.strip() = ''. Removing attribute DISPLAY_TYPE.
  Center_Scan_42: Center_Scan_42 DISPLAY_TYPE.strip() = ''. Removing attribute DISPLAY_TYPE.
  Band_Low_Scan_42: Band_Low_Scan_42 DISPLAY_TYPE.strip() = ''. Removing attribute DISPLAY_TYPE.
  Band_High_Scan_42: Band_High_Scan_42 DISPLAY_TYPE.strip() = ''. Removing attribute DISPLAY_TYPE.
  Center_Scan_43: Center_Scan_43 DISPLAY_TYPE.strip() = ''. Removing attribute DISPLAY_TYPE.
  Band_Low_Scan_43: Band_Low_Scan_43 DISPLAY_TYPE.strip() = ''. Removing attribute DISPLAY_TYPE.
  Band_High_Scan_43: Band_High_Scan_43 DISPLAY_TYPE.strip() = ''. Removing attribute DISPLAY_TYPE.
  Center_Scan_44: Center_Scan_44 DISPLAY_TYPE.strip() = ''. Removing attribute DISPLAY_TYPE.
  Band_Low_Scan_44: Band_Low_Scan_44 DISPLAY_TYPE.strip() = ''. Removing attribute DISPLAY_TYPE.
  Band_High_Scan_44: Band_High_Scan_44 DISPLAY_TYPE.strip() = ''. Removing attribute DISPLAY_TYPE.
  Center_Scan_45: Center_Scan_45 DISPLAY_TYPE.strip() = ''. Removing attribute DISPLAY_TYPE.
  Band_Low_Scan_45: Band_Low_Scan_45 DISPLAY_TYPE.strip() = ''. Removing attribute DISPLAY_TYPE.
  Band_High_Scan_45: Band_High_Scan_45 DISPLAY_TYPE.strip() = ''. Removing attribute DISPLAY_TYPE.
  Center_Scan_46: Center_Scan_46 DISPLAY_TYPE.strip() = ''. Removing attribute DISPLAY_TYPE.
  Band_Low_Scan_46: Band_Low_Scan_46 DISPLAY_TYPE.strip() = ''. Removing attribute DISPLAY_TYPE.
  Band_High_Scan_46: Band_High_Scan_46 DISPLAY_TYPE.strip() = ''. Removing attribute DISPLAY_TYPE.
  Center_Scan_47: Center_Scan_47 DISPLAY_TYPE.strip() = ''. Removing attribute DISPLAY_TYPE.
  Band_Low_Scan_47: Band_Low_Scan_47 DISPLAY_TYPE.strip() = ''. Removing attribute DISPLAY_TYPE.
  Band_High_Scan_47: Band_High_Scan_47 DISPLAY_TYPE.strip() = ''. Removing attribute DISPLAY_TYPE.
  Center_Scan_48: Center_Scan_48 DISPLAY_TYPE.strip() = ''. Removing attribute DISPLAY_TYPE.
  Band_Low_Scan_48: Band_Low_Scan_48 DISPLAY_TYPE.strip() = ''. Removing attribute DISPLAY_TYPE.
  Band_High_Scan_48: Band_High_Scan_48 DISPLAY_TYPE.strip() = ''. Removing attribute DISPLAY_TYPE.
  Center_Scan_49: Center_Scan_49 DISPLAY_TYPE.strip() = ''. Removing attribute DISPLAY_TYPE.
  Band_Low_Scan_49: Band_Low_Scan_49 DISPLAY_TYPE.strip() = ''. Removing attribute DISPLAY_TYPE.
  Band_High_Scan_49: Band_High_Scan_49 DISPLAY_TYPE.strip() = ''. Removing attribute DISPLAY_TYPE.
  Center_Scan_50: Center_Scan_50 DISPLAY_TYPE.strip() = ''. Removing attribute DISPLAY_TYPE.
  Band_Low_Scan_50: Band_Low_Scan_50 DISPLAY_TYPE.strip() = ''. Removing attribute DISPLAY_TYPE.
  Band_High_Scan_50: Band_High_Scan_50 DISPLAY_TYPE.strip() = ''. Removing attribute DISPLAY_TYPE.
  Center_Scan_51: Center_Scan_51 DISPLAY_TYPE.strip() = ''. Removing attribute DISPLAY_TYPE.
  Band_Low_Scan_51: Band_Low_Scan_51 DISPLAY_TYPE.strip() = ''. Removing attribute DISPLAY_TYPE.
  Band_High_Scan_51: Band_High_Scan_51 DISPLAY_TYPE.strip() = ''. Removing attribute DISPLAY_TYPE.
  Center_Scan_52: Center_Scan_52 DISPLAY_TYPE.strip() = ''. Removing attribute DISPLAY_TYPE.
  Band_Low_Scan_52: Band_Low_Scan_52 DISPLAY_TYPE.strip() = ''. Removing attribute DISPLAY_TYPE.
  Band_High_Scan_52: Band_High_Scan_52 DISPLAY_TYPE.strip() = ''. Removing attribute DISPLAY_TYPE.
  Center_Scan_53: Center_Scan_53 DISPLAY_TYPE.strip() = ''. Removing attribute DISPLAY_TYPE.
  Band_Low_Scan_53: Band_Low_Scan_53 DISPLAY_TYPE.strip() = ''. Removing attribute DISPLAY_TYPE.
  Band_High_Scan_53: Band_High_Scan_53 DISPLAY_TYPE.strip() = ''. Removing attribute DISPLAY_TYPE.
  Center_Scan_54: Center_Scan_54 DISPLAY_TYPE.strip() = ''. Removing attribute DISPLAY_TYPE.
  Band_Low_Scan_54: Band_Low_Scan_54 DISPLAY_TYPE.strip() = ''. Removing attribute DISPLAY_TYPE.
  Band_High_Scan_54: Band_High_Scan_54 DISPLAY_TYPE.strip() = ''. Removing attribute DISPLAY_TYPE.
  Center_Scan_55: Center_Scan_55 DISPLAY_TYPE.strip() = ''. Removing attribute DISPLAY_TYPE.
  Band_Low_Scan_55: Band_Low_Scan_55 DISPLAY_TYPE.strip() = ''. Removing attribute DISPLAY_TYPE.
  Band_High_Scan_55: Band_High_Scan_55 DISPLAY_TYPE.strip() = ''. Removing attribute DISPLAY_TYPE.
  Center_Scan_56: Center_Scan_56 DISPLAY_TYPE.strip() = ''. Removing attribute DISPLAY_TYPE.
  Band_Low_Scan_56: Band_Low_Scan_56 DISPLAY_TYPE.strip() = ''. Removing attribute DISPLAY_TYPE.
  Band_High_Scan_56: Band_High_Scan_56 DISPLAY_TYPE.strip() = ''. Removing attribute DISPLAY_TYPE.
  Center_Scan_57: Center_Scan_57 DISPLAY_TYPE.strip() = ''. Removing attribute DISPLAY_TYPE.
  Band_Low_Scan_57: Band_Low_Scan_57 DISPLAY_TYPE.strip() = ''. Removing attribute DISPLAY_TYPE.
  Band_High_Scan_57: Band_High_Scan_57 DISPLAY_TYPE.strip() = ''. Removing attribute DISPLAY_TYPE.
  Center_Scan_58: Center_Scan_58 DISPLAY_TYPE.strip() = ''. Removing attribute DISPLAY_TYPE.
  Band_Low_Scan_58: Band_Low_Scan_58 DISPLAY_TYPE.strip() = ''. Removing attribute DISPLAY_TYPE.
  Band_High_Scan_58: Band_High_Scan_58 DISPLAY_TYPE.strip() = ''. Removing attribute DISPLAY_TYPE.
  Center_Scan_59: Center_Scan_59 DISPLAY_TYPE.strip() = ''. Removing attribute DISPLAY_TYPE.
  Band_Low_Scan_59: Band_Low_Scan_59 DISPLAY_TYPE.strip() = ''. Removing attribute DISPLAY_TYPE.
  Band_High_Scan_59: Band_High_Scan_59 DISPLAY_TYPE.strip() = ''. Removing attribute DISPLAY_TYPE.
  Center_Scan_60: Center_Scan_60 DISPLAY_TYPE.strip() = ''. Removing attribute DISPLAY_TYPE.
  Band_Low_Scan_60: Band_Low_Scan_60 DISPLAY_TYPE.strip() = ''. Removing attribute DISPLAY_TYPE.
  Band_High_Scan_60: Band_High_Scan_60 DISPLAY_TYPE.strip() = ''. Removing attribute DISPLAY_TYPE.
  Center_Scan_61: Center_Scan_61 DISPLAY_TYPE.strip() = ''. Removing attribute DISPLAY_TYPE.
  Band_Low_Scan_61: Band_Low_Scan_61 DISPLAY_TYPE.strip() = ''. Removing attribute DISPLAY_TYPE.
  Band_High_Scan_61: Band_High_Scan_61 DISPLAY_TYPE.strip() = ''. Removing attribute DISPLAY_TYPE.
  Center_Scan_62: Center_Scan_62 DISPLAY_TYPE.strip() = ''. Removing attribute DISPLAY_TYPE.
  Band_Low_Scan_62: Band_Low_Scan_62 DISPLAY_TYPE.strip() = ''. Removing attribute DISPLAY_TYPE.
  Band_High_Scan_62: Band_High_Scan_62 DISPLAY_TYPE.strip() = ''. Removing attribute DISPLAY_TYPE.
  Center_Scan_63: Center_Scan_63 DISPLAY_TYPE.strip() = ''. Removing attribute DISPLAY_TYPE.
  Band_Low_Scan_63: Band_Low_Scan_63 DISPLAY_TYPE.strip() = ''. Removing attribute DISPLAY_TYPE.
  Band_High_Scan_63: Band_High_Scan_63 DISPLAY_TYPE.strip() = ''. Removing attribute DISPLAY_TYPE.
  Center_Scan_64: Center_Scan_64 DISPLAY_TYPE.strip() = ''. Removing attribute DISPLAY_TYPE.
  Band_Low_Scan_64: Band_Low_Scan_64 DISPLAY_TYPE.strip() = ''. Removing attribute DISPLAY_TYPE.
  Band_High_Scan_64: Band_High_Scan_64 DISPLAY_TYPE.strip() = ''. Removing attribute DISPLAY_TYPE.
  Center_Scan_65: Center_Scan_65 DISPLAY_TYPE.strip() = ''. Removing attribute DISPLAY_TYPE.
  Band_Low_Scan_65: Band_Low_Scan_65 DISPLAY_TYPE.strip() = ''. Removing attribute DISPLAY_TYPE.
  Band_High_Scan_65: Band_High_Scan_65 DISPLAY_TYPE.strip() = ''. Removing attribute DISPLAY_TYPE.
  Center_Scan_66: Center_Scan_66 DISPLAY_TYPE.strip() = ''. Removing attribute DISPLAY_TYPE.
  Band_Low_Scan_66: Band_Low_Scan_66 DISPLAY_TYPE.strip() = ''. Removing attribute DISPLAY_TYPE.
  Band_High_Scan_66: Band_High_Scan_66 DISPLAY_TYPE.strip() = ''. Removing attribute DISPLAY_TYPE.
  Center_Scan_67: Center_Scan_67 DISPLAY_TYPE.strip() = ''. Removing attribute DISPLAY_TYPE.
  Band_Low_Scan_67: Band_Low_Scan_67 DISPLAY_TYPE.strip() = ''. Removing attribute DISPLAY_TYPE.
  Band_High_Scan_67: Band_High_Scan_67 DISPLAY_TYPE.strip() = ''. Removing attribute DISPLAY_TYPE.
  Center_Scan_68: Center_Scan_68 DISPLAY_TYPE.strip() = ''. Removing attribute DISPLAY_TYPE.
  Band_Low_Scan_68: Band_Low_Scan_68 DISPLAY_TYPE.strip() = ''. Removing attribute DISPLAY_TYPE.
  Band_High_Scan_68: Band_High_Scan_68 DISPLAY_TYPE.strip() = ''. Removing attribute DISPLAY_TYPE.
  Center_Scan_69: Center_Scan_69 DISPLAY_TYPE.strip() = ''. Removing attribute DISPLAY_TYPE.
  Band_Low_Scan_69: Band_Low_Scan_69 DISPLAY_TYPE.strip() = ''. Removing attribute DISPLAY_TYPE.
  Band_High_Scan_69: Band_High_Scan_69 DISPLAY_TYPE.strip() = ''. Removing attribute DISPLAY_TYPE.
  Center_Scan_70: Center_Scan_70 DISPLAY_TYPE.strip() = ''. Removing attribute DISPLAY_TYPE.
  Band_Low_Scan_70: Band_Low_Scan_70 DISPLAY_TYPE.strip() = ''. Removing attribute DISPLAY_TYPE.
  Band_High_Scan_70: Band_High_Scan_70 DISPLAY_TYPE.strip() = ''. Removing attribute DISPLAY_TYPE.
  Center_Scan_71: Center_Scan_71 DISPLAY_TYPE.strip() = ''. Removing attribute DISPLAY_TYPE.
  Band_Low_Scan_71: Band_Low_Scan_71 DISPLAY_TYPE.strip() = ''. Removing attribute DISPLAY_TYPE.
  Band_High_Scan_71: Band_High_Scan_71 DISPLAY_TYPE.strip() = ''. Removing attribute DISPLAY_TYPE.
  Center_Scan_72: Center_Scan_72 DISPLAY_TYPE.strip() = ''. Removing attribute DISPLAY_TYPE.
  Band_Low_Scan_72: Band_Low_Scan_72 DISPLAY_TYPE.strip() = ''. Removing attribute DISPLAY_TYPE.
  Band_High_Scan_72: Band_High_Scan_72 DISPLAY_TYPE.strip() = ''. Removing attribute DISPLAY_TYPE.
DE2_LAPI_ELECTRON-FLUX-COUNTS-PPS2 | ISTP.DISPLAY_TYPE.Empty:
  Epoch: Epoch DISPLAY_TYPE.strip() = ''. Removing attribute DISPLAY_TYPE.
  Mode_Epoch: Mode_Epoch DISPLAY_TYPE.strip() = ''. Removing attribute DISPLAY_TYPE.
  Center_Scan_1: Center_Scan_1 DISPLAY_TYPE.strip() = ''. Removing attribute DISPLAY_TYPE.
  Band_Low_Scan_1: Band_Low_Scan_1 DISPLAY_TYPE.strip() = ''. Removing attribute DISPLAY_TYPE.
  Band_High_Scan_1: Band_High_Scan_1 DISPLAY_TYPE.strip() = ''. Removing attribute DISPLAY_TYPE.
  Center_Scan_2: Center_Scan_2 DISPLAY_TYPE.strip() = ''. Removing attribute DISPLAY_TYPE.
  Band_Low_Scan_2: Band_Low_Scan_2 DISPLAY_TYPE.strip() = ''. Removing attribute DISPLAY_TYPE.
  Band_High_Scan_2: Band_High_Scan_2 DISPLAY_TYPE.strip() = ''. Removing attribute DISPLAY_TYPE.
  Center_Scan_3: Center_Scan_3 DISPLAY_TYPE.strip() = ''. Removing attribute DISPLAY_TYPE.
  Band_Low_Scan_3: Band_Low_Scan_3 DISPLAY_TYPE.strip() = ''. Removing attribute DISPLAY_TYPE.
  Band_High_Scan_3: Band_High_Scan_3 DISPLAY_TYPE.strip() = ''. Removing attribute DISPLAY_TYPE.
  Center_Scan_4: Center_Scan_4 DISPLAY_TYPE.strip() = ''. Removing attribute DISPLAY_TYPE.
  Band_Low_Scan_4: Band_Low_Scan_4 DISPLAY_TYPE.strip() = ''. Removing attribute DISPLAY_TYPE.
  Band_High_Scan_4: Band_High_Scan_4 DISPLAY_TYPE.strip() = ''. Removing attribute DISPLAY_TYPE.
  Center_Scan_5: Center_Scan_5 DISPLAY_TYPE.strip() = ''. Removing attribute DISPLAY_TYPE.
  Band_Low_Scan_5: Band_Low_Scan_5 DISPLAY_TYPE.strip() = ''. Removing attribute DISPLAY_TYPE.
  Band_High_Scan_5: Band_High_Scan_5 DISPLAY_TYPE.strip() = ''. Removing attribute DISPLAY_TYPE.
  Center_Scan_6: Center_Scan_6 DISPLAY_TYPE.strip() = ''. Removing attribute DISPLAY_TYPE.
  Band_Low_Scan_6: Band_Low_Scan_6 DISPLAY_TYPE.strip() = ''. Removing attribute DISPLAY_TYPE.
  Band_High_Scan_6: Band_High_Scan_6 DISPLAY_TYPE.strip() = ''. Removing attribute DISPLAY_TYPE.
  Center_Scan_7: Center_Scan_7 DISPLAY_TYPE.strip() = ''. Removing attribute DISPLAY_TYPE.
  Band_Low_Scan_7: Band_Low_Scan_7 DISPLAY_TYPE.strip() = ''. Removing attribute DISPLAY_TYPE.
  Band_High_Scan_7: Band_High_Scan_7 DISPLAY_TYPE.strip() = ''. Removing attribute DISPLAY_TYPE.
  Center_Scan_8: Center_Scan_8 DISPLAY_TYPE.strip() = ''. Removing attribute DISPLAY_TYPE.
  Band_Low_Scan_8: Band_Low_Scan_8 DISPLAY_TYPE.strip() = ''. Removing attribute DISPLAY_TYPE.
  Band_High_Scan_8: Band_High_Scan_8 DISPLAY_TYPE.strip() = ''. Removing attribute DISPLAY_TYPE.
  Center_Scan_9: Center_Scan_9 DISPLAY_TYPE.strip() = ''. Removing attribute DISPLAY_TYPE.
  Band_Low_Scan_9: Band_Low_Scan_9 DISPLAY_TYPE.strip() = ''. Removing attribute DISPLAY_TYPE.
  Band_High_Scan_9: Band_High_Scan_9 DISPLAY_TYPE.strip() = ''. Removing attribute DISPLAY_TYPE.
  Center_Scan_10: Center_Scan_10 DISPLAY_TYPE.strip() = ''. Removing attribute DISPLAY_TYPE.
  Band_Low_Scan_10: Band_Low_Scan_10 DISPLAY_TYPE.strip() = ''. Removing attribute DISPLAY_TYPE.
  Band_High_Scan_10: Band_High_Scan_10 DISPLAY_TYPE.strip() = ''. Removing attribute DISPLAY_TYPE.
  Center_Scan_11: Center_Scan_11 DISPLAY_TYPE.strip() = ''. Removing attribute DISPLAY_TYPE.
  Band_Low_Scan_11: Band_Low_Scan_11 DISPLAY_TYPE.strip() = ''. Removing attribute DISPLAY_TYPE.
  Band_High_Scan_11: Band_High_Scan_11 DISPLAY_TYPE.strip() = ''. Removing attribute DISPLAY_TYPE.
  Center_Scan_12: Center_Scan_12 DISPLAY_TYPE.strip() = ''. Removing attribute DISPLAY_TYPE.
  Band_Low_Scan_12: Band_Low_Scan_12 DISPLAY_TYPE.strip() = ''. Removing attribute DISPLAY_TYPE.
  Band_High_Scan_12: Band_High_Scan_12 DISPLAY_TYPE.strip() = ''. Removing attribute DISPLAY_TYPE.
  Center_Scan_13: Center_Scan_13 DISPLAY_TYPE.strip() = ''. Removing attribute DISPLAY_TYPE.
  Band_Low_Scan_13: Band_Low_Scan_13 DISPLAY_TYPE.strip() = ''. Removing attribute DISPLAY_TYPE.
  Band_High_Scan_13: Band_High_Scan_13 DISPLAY_TYPE.strip() = ''. Removing attribute DISPLAY_TYPE.
  Center_Scan_14: Center_Scan_14 DISPLAY_TYPE.strip() = ''. Removing attribute DISPLAY_TYPE.
  Band_Low_Scan_14: Band_Low_Scan_14 DISPLAY_TYPE.strip() = ''. Removing attribute DISPLAY_TYPE.
  Band_High_Scan_14: Band_High_Scan_14 DISPLAY_TYPE.strip() = ''. Removing attribute DISPLAY_TYPE.
  Center_Scan_15: Center_Scan_15 DISPLAY_TYPE.strip() = ''. Removing attribute DISPLAY_TYPE.
  Band_Low_Scan_15: Band_Low_Scan_15 DISPLAY_TYPE.strip() = ''. Removing attribute DISPLAY_TYPE.
  Band_High_Scan_15: Band_High_Scan_15 DISPLAY_TYPE.strip() = ''. Removing attribute DISPLAY_TYPE.
  Center_Scan_16: Center_Scan_16 DISPLAY_TYPE.strip() = ''. Removing attribute DISPLAY_TYPE.
  Band_Low_Scan_16: Band_Low_Scan_16 DISPLAY_TYPE.strip() = ''. Removing attribute DISPLAY_TYPE.
  Band_High_Scan_16: Band_High_Scan_16 DISPLAY_TYPE.strip() = ''. Removing attribute DISPLAY_TYPE.
  Center_Scan_17: Center_Scan_17 DISPLAY_TYPE.strip() = ''. Removing attribute DISPLAY_TYPE.
  Band_Low_Scan_17: Band_Low_Scan_17 DISPLAY_TYPE.strip() = ''. Removing attribute DISPLAY_TYPE.
  Band_High_Scan_17: Band_High_Scan_17 DISPLAY_TYPE.strip() = ''. Removing attribute DISPLAY_TYPE.
  Center_Scan_18: Center_Scan_18 DISPLAY_TYPE.strip() = ''. Removing attribute DISPLAY_TYPE.
  Band_Low_Scan_18: Band_Low_Scan_18 DISPLAY_TYPE.strip() = ''. Removing attribute DISPLAY_TYPE.
  Band_High_Scan_18: Band_High_Scan_18 DISPLAY_TYPE.strip() = ''. Removing attribute DISPLAY_TYPE.
  Center_Scan_19: Center_Scan_19 DISPLAY_TYPE.strip() = ''. Removing attribute DISPLAY_TYPE.
  Band_Low_Scan_19: Band_Low_Scan_19 DISPLAY_TYPE.strip() = ''. Removing attribute DISPLAY_TYPE.
  Band_High_Scan_19: Band_High_Scan_19 DISPLAY_TYPE.strip() = ''. Removing attribute DISPLAY_TYPE.
  Center_Scan_20: Center_Scan_20 DISPLAY_TYPE.strip() = ''. Removing attribute DISPLAY_TYPE.
  Band_Low_Scan_20: Band_Low_Scan_20 DISPLAY_TYPE.strip() = ''. Removing attribute DISPLAY_TYPE.
  Band_High_Scan_20: Band_High_Scan_20 DISPLAY_TYPE.strip() = ''. Removing attribute DISPLAY_TYPE.
  Center_Scan_21: Center_Scan_21 DISPLAY_TYPE.strip() = ''. Removing attribute DISPLAY_TYPE.
  Band_Low_Scan_21: Band_Low_Scan_21 DISPLAY_TYPE.strip() = ''. Removing attribute DISPLAY_TYPE.
  Band_High_Scan_21: Band_High_Scan_21 DISPLAY_TYPE.strip() = ''. Removing attribute DISPLAY_TYPE.
  Center_Scan_22: Center_Scan_22 DISPLAY_TYPE.strip() = ''. Removing attribute DISPLAY_TYPE.
  Band_Low_Scan_22: Band_Low_Scan_22 DISPLAY_TYPE.strip() = ''. Removing attribute DISPLAY_TYPE.
  Band_High_Scan_22: Band_High_Scan_22 DISPLAY_TYPE.strip() = ''. Removing attribute DISPLAY_TYPE.
  Center_Scan_23: Center_Scan_23 DISPLAY_TYPE.strip() = ''. Removing attribute DISPLAY_TYPE.
  Band_Low_Scan_23: Band_Low_Scan_23 DISPLAY_TYPE.strip() = ''. Removing attribute DISPLAY_TYPE.
  Band_High_Scan_23: Band_High_Scan_23 DISPLAY_TYPE.strip() = ''. Removing attribute DISPLAY_TYPE.
  Center_Scan_24: Center_Scan_24 DISPLAY_TYPE.strip() = ''. Removing attribute DISPLAY_TYPE.
  Band_Low_Scan_24: Band_Low_Scan_24 DISPLAY_TYPE.strip() = ''. Removing attribute DISPLAY_TYPE.
  Band_High_Scan_24: Band_High_Scan_24 DISPLAY_TYPE.strip() = ''. Removing attribute DISPLAY_TYPE.
  Center_Scan_25: Center_Scan_25 DISPLAY_TYPE.strip() = ''. Removing attribute DISPLAY_TYPE.
  Band_Low_Scan_25: Band_Low_Scan_25 DISPLAY_TYPE.strip() = ''. Removing attribute DISPLAY_TYPE.
  Band_High_Scan_25: Band_High_Scan_25 DISPLAY_TYPE.strip() = ''. Removing attribute DISPLAY_TYPE.
  Center_Scan_26: Center_Scan_26 DISPLAY_TYPE.strip() = ''. Removing attribute DISPLAY_TYPE.
  Band_Low_Scan_26: Band_Low_Scan_26 DISPLAY_TYPE.strip() = ''. Removing attribute DISPLAY_TYPE.
  Band_High_Scan_26: Band_High_Scan_26 DISPLAY_TYPE.strip() = ''. Removing attribute DISPLAY_TYPE.
  Center_Scan_27: Center_Scan_27 DISPLAY_TYPE.strip() = ''. Removing attribute DISPLAY_TYPE.
  Band_Low_Scan_27: Band_Low_Scan_27 DISPLAY_TYPE.strip() = ''. Removing attribute DISPLAY_TYPE.
  Band_High_Scan_27: Band_High_Scan_27 DISPLAY_TYPE.strip() = ''. Removing attribute DISPLAY_TYPE.
  Center_Scan_28: Center_Scan_28 DISPLAY_TYPE.strip() = ''. Removing attribute DISPLAY_TYPE.
  Band_Low_Scan_28: Band_Low_Scan_28 DISPLAY_TYPE.strip() = ''. Removing attribute DISPLAY_TYPE.
  Band_High_Scan_28: Band_High_Scan_28 DISPLAY_TYPE.strip() = ''. Removing attribute DISPLAY_TYPE.
  Center_Scan_29: Center_Scan_29 DISPLAY_TYPE.strip() = ''. Removing attribute DISPLAY_TYPE.
  Band_Low_Scan_29: Band_Low_Scan_29 DISPLAY_TYPE.strip() = ''. Removing attribute DISPLAY_TYPE.
  Band_High_Scan_29: Band_High_Scan_29 DISPLAY_TYPE.strip() = ''. Removing attribute DISPLAY_TYPE.
  Center_Scan_30: Center_Scan_30 DISPLAY_TYPE.strip() = ''. Removing attribute DISPLAY_TYPE.
  Band_Low_Scan_30: Band_Low_Scan_30 DISPLAY_TYPE.strip() = ''. Removing attribute DISPLAY_TYPE.
  Band_High_Scan_30: Band_High_Scan_30 DISPLAY_TYPE.strip() = ''. Removing attribute DISPLAY_TYPE.
  Center_Scan_31: Center_Scan_31 DISPLAY_TYPE.strip() = ''. Removing attribute DISPLAY_TYPE.
  Band_Low_Scan_31: Band_Low_Scan_31 DISPLAY_TYPE.strip() = ''. Removing attribute DISPLAY_TYPE.
  Band_High_Scan_31: Band_High_Scan_31 DISPLAY_TYPE.strip() = ''. Removing attribute DISPLAY_TYPE.
  Center_Scan_32: Center_Scan_32 DISPLAY_TYPE.strip() = ''. Removing attribute DISPLAY_TYPE.
  Band_Low_Scan_32: Band_Low_Scan_32 DISPLAY_TYPE.strip() = ''. Removing attribute DISPLAY_TYPE.
  Band_High_Scan_32: Band_High_Scan_32 DISPLAY_TYPE.strip() = ''. Removing attribute DISPLAY_TYPE.
  Center_Scan_33: Center_Scan_33 DISPLAY_TYPE.strip() = ''. Removing attribute DISPLAY_TYPE.
  Band_Low_Scan_33: Band_Low_Scan_33 DISPLAY_TYPE.strip() = ''. Removing attribute DISPLAY_TYPE.
  Band_High_Scan_33: Band_High_Scan_33 DISPLAY_TYPE.strip() = ''. Removing attribute DISPLAY_TYPE.
  Center_Scan_34: Center_Scan_34 DISPLAY_TYPE.strip() = ''. Removing attribute DISPLAY_TYPE.
  Band_Low_Scan_34: Band_Low_Scan_34 DISPLAY_TYPE.strip() = ''. Removing attribute DISPLAY_TYPE.
  Band_High_Scan_34: Band_High_Scan_34 DISPLAY_TYPE.strip() = ''. Removing attribute DISPLAY_TYPE.
  Center_Scan_35: Center_Scan_35 DISPLAY_TYPE.strip() = ''. Removing attribute DISPLAY_TYPE.
  Band_Low_Scan_35: Band_Low_Scan_35 DISPLAY_TYPE.strip() = ''. Removing attribute DISPLAY_TYPE.
  Band_High_Scan_35: Band_High_Scan_35 DISPLAY_TYPE.strip() = ''. Removing attribute DISPLAY_TYPE.
  Center_Scan_36: Center_Scan_36 DISPLAY_TYPE.strip() = ''. Removing attribute DISPLAY_TYPE.
  Band_Low_Scan_36: Band_Low_Scan_36 DISPLAY_TYPE.strip() = ''. Removing attribute DISPLAY_TYPE.
  Band_High_Scan_36: Band_High_Scan_36 DISPLAY_TYPE.strip() = ''. Removing attribute DISPLAY_TYPE.
  Center_Scan_37: Center_Scan_37 DISPLAY_TYPE.strip() = ''. Removing attribute DISPLAY_TYPE.
  Band_Low_Scan_37: Band_Low_Scan_37 DISPLAY_TYPE.strip() = ''. Removing attribute DISPLAY_TYPE.
  Band_High_Scan_37: Band_High_Scan_37 DISPLAY_TYPE.strip() = ''. Removing attribute DISPLAY_TYPE.
  Center_Scan_38: Center_Scan_38 DISPLAY_TYPE.strip() = ''. Removing attribute DISPLAY_TYPE.
  Band_Low_Scan_38: Band_Low_Scan_38 DISPLAY_TYPE.strip() = ''. Removing attribute DISPLAY_TYPE.
  Band_High_Scan_38: Band_High_Scan_38 DISPLAY_TYPE.strip() = ''. Removing attribute DISPLAY_TYPE.
  Center_Scan_39: Center_Scan_39 DISPLAY_TYPE.strip() = ''. Removing attribute DISPLAY_TYPE.
  Band_Low_Scan_39: Band_Low_Scan_39 DISPLAY_TYPE.strip() = ''. Removing attribute DISPLAY_TYPE.
  Band_High_Scan_39: Band_High_Scan_39 DISPLAY_TYPE.strip() = ''. Removing attribute DISPLAY_TYPE.
  Center_Scan_40: Center_Scan_40 DISPLAY_TYPE.strip() = ''. Removing attribute DISPLAY_TYPE.
  Band_Low_Scan_40: Band_Low_Scan_40 DISPLAY_TYPE.strip() = ''. Removing attribute DISPLAY_TYPE.
  Band_High_Scan_40: Band_High_Scan_40 DISPLAY_TYPE.strip() = ''. Removing attribute DISPLAY_TYPE.
  Center_Scan_41: Center_Scan_41 DISPLAY_TYPE.strip() = ''. Removing attribute DISPLAY_TYPE.
  Band_Low_Scan_41: Band_Low_Scan_41 DISPLAY_TYPE.strip() = ''. Removing attribute DISPLAY_TYPE.
  Band_High_Scan_41: Band_High_Scan_41 DISPLAY_TYPE.strip() = ''. Removing attribute DISPLAY_TYPE.
  Center_Scan_42: Center_Scan_42 DISPLAY_TYPE.strip() = ''. Removing attribute DISPLAY_TYPE.
  Band_Low_Scan_42: Band_Low_Scan_42 DISPLAY_TYPE.strip() = ''. Removing attribute DISPLAY_TYPE.
  Band_High_Scan_42: Band_High_Scan_42 DISPLAY_TYPE.strip() = ''. Removing attribute DISPLAY_TYPE.
  Center_Scan_43: Center_Scan_43 DISPLAY_TYPE.strip() = ''. Removing attribute DISPLAY_TYPE.
  Band_Low_Scan_43: Band_Low_Scan_43 DISPLAY_TYPE.strip() = ''. Removing attribute DISPLAY_TYPE.
  Band_High_Scan_43: Band_High_Scan_43 DISPLAY_TYPE.strip() = ''. Removing attribute DISPLAY_TYPE.
  Center_Scan_44: Center_Scan_44 DISPLAY_TYPE.strip() = ''. Removing attribute DISPLAY_TYPE.
  Band_Low_Scan_44: Band_Low_Scan_44 DISPLAY_TYPE.strip() = ''. Removing attribute DISPLAY_TYPE.
  Band_High_Scan_44: Band_High_Scan_44 DISPLAY_TYPE.strip() = ''. Removing attribute DISPLAY_TYPE.
  Center_Scan_45: Center_Scan_45 DISPLAY_TYPE.strip() = ''. Removing attribute DISPLAY_TYPE.
  Band_Low_Scan_45: Band_Low_Scan_45 DISPLAY_TYPE.strip() = ''. Removing attribute DISPLAY_TYPE.
  Band_High_Scan_45: Band_High_Scan_45 DISPLAY_TYPE.strip() = ''. Removing attribute DISPLAY_TYPE.
  Center_Scan_46: Center_Scan_46 DISPLAY_TYPE.strip() = ''. Removing attribute DISPLAY_TYPE.
  Band_Low_Scan_46: Band_Low_Scan_46 DISPLAY_TYPE.strip() = ''. Removing attribute DISPLAY_TYPE.
  Band_High_Scan_46: Band_High_Scan_46 DISPLAY_TYPE.strip() = ''. Removing attribute DISPLAY_TYPE.
  Center_Scan_47: Center_Scan_47 DISPLAY_TYPE.strip() = ''. Removing attribute DISPLAY_TYPE.
  Band_Low_Scan_47: Band_Low_Scan_47 DISPLAY_TYPE.strip() = ''. Removing attribute DISPLAY_TYPE.
  Band_High_Scan_47: Band_High_Scan_47 DISPLAY_TYPE.strip() = ''. Removing attribute DISPLAY_TYPE.
  Center_Scan_48: Center_Scan_48 DISPLAY_TYPE.strip() = ''. Removing attribute DISPLAY_TYPE.
  Band_Low_Scan_48: Band_Low_Scan_48 DISPLAY_TYPE.strip() = ''. Removing attribute DISPLAY_TYPE.
  Band_High_Scan_48: Band_High_Scan_48 DISPLAY_TYPE.strip() = ''. Removing attribute DISPLAY_TYPE.
  Center_Scan_49: Center_Scan_49 DISPLAY_TYPE.strip() = ''. Removing attribute DISPLAY_TYPE.
  Band_Low_Scan_49: Band_Low_Scan_49 DISPLAY_TYPE.strip() = ''. Removing attribute DISPLAY_TYPE.
  Band_High_Scan_49: Band_High_Scan_49 DISPLAY_TYPE.strip() = ''. Removing attribute DISPLAY_TYPE.
  Center_Scan_50: Center_Scan_50 DISPLAY_TYPE.strip() = ''. Removing attribute DISPLAY_TYPE.
  Band_Low_Scan_50: Band_Low_Scan_50 DISPLAY_TYPE.strip() = ''. Removing attribute DISPLAY_TYPE.
  Band_High_Scan_50: Band_High_Scan_50 DISPLAY_TYPE.strip() = ''. Removing attribute DISPLAY_TYPE.
  Center_Scan_51: Center_Scan_51 DISPLAY_TYPE.strip() = ''. Removing attribute DISPLAY_TYPE.
  Band_Low_Scan_51: Band_Low_Scan_51 DISPLAY_TYPE.strip() = ''. Removing attribute DISPLAY_TYPE.
  Band_High_Scan_51: Band_High_Scan_51 DISPLAY_TYPE.strip() = ''. Removing attribute DISPLAY_TYPE.
  Center_Scan_52: Center_Scan_52 DISPLAY_TYPE.strip() = ''. Removing attribute DISPLAY_TYPE.
  Band_Low_Scan_52: Band_Low_Scan_52 DISPLAY_TYPE.strip() = ''. Removing attribute DISPLAY_TYPE.
  Band_High_Scan_52: Band_High_Scan_52 DISPLAY_TYPE.strip() = ''. Removing attribute DISPLAY_TYPE.
  Center_Scan_53: Center_Scan_53 DISPLAY_TYPE.strip() = ''. Removing attribute DISPLAY_TYPE.
  Band_Low_Scan_53: Band_Low_Scan_53 DISPLAY_TYPE.strip() = ''. Removing attribute DISPLAY_TYPE.
  Band_High_Scan_53: Band_High_Scan_53 DISPLAY_TYPE.strip() = ''. Removing attribute DISPLAY_TYPE.
  Center_Scan_54: Center_Scan_54 DISPLAY_TYPE.strip() = ''. Removing attribute DISPLAY_TYPE.
  Band_Low_Scan_54: Band_Low_Scan_54 DISPLAY_TYPE.strip() = ''. Removing attribute DISPLAY_TYPE.
  Band_High_Scan_54: Band_High_Scan_54 DISPLAY_TYPE.strip() = ''. Removing attribute DISPLAY_TYPE.
  Center_Scan_55: Center_Scan_55 DISPLAY_TYPE.strip() = ''. Removing attribute DISPLAY_TYPE.
  Band_Low_Scan_55: Band_Low_Scan_55 DISPLAY_TYPE.strip() = ''. Removing attribute DISPLAY_TYPE.
  Band_High_Scan_55: Band_High_Scan_55 DISPLAY_TYPE.strip() = ''. Removing attribute DISPLAY_TYPE.
  Center_Scan_56: Center_Scan_56 DISPLAY_TYPE.strip() = ''. Removing attribute DISPLAY_TYPE.
  Band_Low_Scan_56: Band_Low_Scan_56 DISPLAY_TYPE.strip() = ''. Removing attribute DISPLAY_TYPE.
  Band_High_Scan_56: Band_High_Scan_56 DISPLAY_TYPE.strip() = ''. Removing attribute DISPLAY_TYPE.
  Center_Scan_57: Center_Scan_57 DISPLAY_TYPE.strip() = ''. Removing attribute DISPLAY_TYPE.
  Band_Low_Scan_57: Band_Low_Scan_57 DISPLAY_TYPE.strip() = ''. Removing attribute DISPLAY_TYPE.
  Band_High_Scan_57: Band_High_Scan_57 DISPLAY_TYPE.strip() = ''. Removing attribute DISPLAY_TYPE.
  Center_Scan_58: Center_Scan_58 DISPLAY_TYPE.strip() = ''. Removing attribute DISPLAY_TYPE.
  Band_Low_Scan_58: Band_Low_Scan_58 DISPLAY_TYPE.strip() = ''. Removing attribute DISPLAY_TYPE.
  Band_High_Scan_58: Band_High_Scan_58 DISPLAY_TYPE.strip() = ''. Removing attribute DISPLAY_TYPE.
  Center_Scan_59: Center_Scan_59 DISPLAY_TYPE.strip() = ''. Removing attribute DISPLAY_TYPE.
  Band_Low_Scan_59: Band_Low_Scan_59 DISPLAY_TYPE.strip() = ''. Removing attribute DISPLAY_TYPE.
  Band_High_Scan_59: Band_High_Scan_59 DISPLAY_TYPE.strip() = ''. Removing attribute DISPLAY_TYPE.
  Center_Scan_60: Center_Scan_60 DISPLAY_TYPE.strip() = ''. Removing attribute DISPLAY_TYPE.
  Band_Low_Scan_60: Band_Low_Scan_60 DISPLAY_TYPE.strip() = ''. Removing attribute DISPLAY_TYPE.
  Band_High_Scan_60: Band_High_Scan_60 DISPLAY_TYPE.strip() = ''. Removing attribute DISPLAY_TYPE.
  Center_Scan_61: Center_Scan_61 DISPLAY_TYPE.strip() = ''. Removing attribute DISPLAY_TYPE.
  Band_Low_Scan_61: Band_Low_Scan_61 DISPLAY_TYPE.strip() = ''. Removing attribute DISPLAY_TYPE.
  Band_High_Scan_61: Band_High_Scan_61 DISPLAY_TYPE.strip() = ''. Removing attribute DISPLAY_TYPE.
  Center_Scan_62: Center_Scan_62 DISPLAY_TYPE.strip() = ''. Removing attribute DISPLAY_TYPE.
  Band_Low_Scan_62: Band_Low_Scan_62 DISPLAY_TYPE.strip() = ''. Removing attribute DISPLAY_TYPE.
  Band_High_Scan_62: Band_High_Scan_62 DISPLAY_TYPE.strip() = ''. Removing attribute DISPLAY_TYPE.
  Center_Scan_63: Center_Scan_63 DISPLAY_TYPE.strip() = ''. Removing attribute DISPLAY_TYPE.
  Band_Low_Scan_63: Band_Low_Scan_63 DISPLAY_TYPE.strip() = ''. Removing attribute DISPLAY_TYPE.
  Band_High_Scan_63: Band_High_Scan_63 DISPLAY_TYPE.strip() = ''. Removing attribute DISPLAY_TYPE.
DE2_LAPI_GEIGER-MUELLER | ISTP.DISPLAY_TYPE.Empty:
  Mode_Epoch: Mode_Epoch DISPLAY_TYPE.strip() = ''. Removing attribute DISPLAY_TYPE.
DE2_LAPI_GEIGER-MUELLER-RATIO | ISTP.DISPLAY_TYPE.Empty:
  Epoch: Epoch DISPLAY_TYPE.strip() = ''. Removing attribute DISPLAY_TYPE.
  Mode_Epoch: Mode_Epoch DISPLAY_TYPE.strip() = ''. Removing attribute DISPLAY_TYPE.
DE2_LAPI_ION-FLUX-COUNTS-PPS1 | ISTP.DISPLAY_TYPE.Empty:
  Epoch: Epoch DISPLAY_TYPE.strip() = ''. Removing attribute DISPLAY_TYPE.
  Mode_Epoch: Mode_Epoch DISPLAY_TYPE.strip() = ''. Removing attribute DISPLAY_TYPE.
  Center_Scan_1: Center_Scan_1 DISPLAY_TYPE.strip() = ''. Removing attribute DISPLAY_TYPE.
  Band_Low_Scan_1: Band_Low_Scan_1 DISPLAY_TYPE.strip() = ''. Removing attribute DISPLAY_TYPE.
  Band_High_Scan_1: Band_High_Scan_1 DISPLAY_TYPE.strip() = ''. Removing attribute DISPLAY_TYPE.
  Center_Scan_2: Center_Scan_2 DISPLAY_TYPE.strip() = ''. Removing attribute DISPLAY_TYPE.
  Band_Low_Scan_2: Band_Low_Scan_2 DISPLAY_TYPE.strip() = ''. Removing attribute DISPLAY_TYPE.
  Band_High_Scan_2: Band_High_Scan_2 DISPLAY_TYPE.strip() = ''. Removing attribute DISPLAY_TYPE.
  Center_Scan_3: Center_Scan_3 DISPLAY_TYPE.strip() = ''. Removing attribute DISPLAY_TYPE.
  Band_Low_Scan_3: Band_Low_Scan_3 DISPLAY_TYPE.strip() = ''. Removing attribute DISPLAY_TYPE.
  Band_High_Scan_3: Band_High_Scan_3 DISPLAY_TYPE.strip() = ''. Removing attribute DISPLAY_TYPE.
  Center_Scan_4: Center_Scan_4 DISPLAY_TYPE.strip() = ''. Removing attribute DISPLAY_TYPE.
  Band_Low_Scan_4: Band_Low_Scan_4 DISPLAY_TYPE.strip() = ''. Removing attribute DISPLAY_TYPE.
  Band_High_Scan_4: Band_High_Scan_4 DISPLAY_TYPE.strip() = ''. Removing attribute DISPLAY_TYPE.
  Center_Scan_5: Center_Scan_5 DISPLAY_TYPE.strip() = ''. Removing attribute DISPLAY_TYPE.
  Band_Low_Scan_5: Band_Low_Scan_5 DISPLAY_TYPE.strip() = ''. Removing attribute DISPLAY_TYPE.
  Band_High_Scan_5: Band_High_Scan_5 DISPLAY_TYPE.strip() = ''. Removing attribute DISPLAY_TYPE.
  Center_Scan_6: Center_Scan_6 DISPLAY_TYPE.strip() = ''. Removing attribute DISPLAY_TYPE.
  Band_Low_Scan_6: Band_Low_Scan_6 DISPLAY_TYPE.strip() = ''. Removing attribute DISPLAY_TYPE.
  Band_High_Scan_6: Band_High_Scan_6 DISPLAY_TYPE.strip() = ''. Removing attribute DISPLAY_TYPE.
  Center_Scan_7: Center_Scan_7 DISPLAY_TYPE.strip() = ''. Removing attribute DISPLAY_TYPE.
  Band_Low_Scan_7: Band_Low_Scan_7 DISPLAY_TYPE.strip() = ''. Removing attribute DISPLAY_TYPE.
  Band_High_Scan_7: Band_High_Scan_7 DISPLAY_TYPE.strip() = ''. Removing attribute DISPLAY_TYPE.
  Center_Scan_8: Center_Scan_8 DISPLAY_TYPE.strip() = ''. Removing attribute DISPLAY_TYPE.
  Band_Low_Scan_8: Band_Low_Scan_8 DISPLAY_TYPE.strip() = ''. Removing attribute DISPLAY_TYPE.
  Band_High_Scan_8: Band_High_Scan_8 DISPLAY_TYPE.strip() = ''. Removing attribute DISPLAY_TYPE.
  Center_Scan_9: Center_Scan_9 DISPLAY_TYPE.strip() = ''. Removing attribute DISPLAY_TYPE.
  Band_Low_Scan_9: Band_Low_Scan_9 DISPLAY_TYPE.strip() = ''. Removing attribute DISPLAY_TYPE.
  Band_High_Scan_9: Band_High_Scan_9 DISPLAY_TYPE.strip() = ''. Removing attribute DISPLAY_TYPE.
  Center_Scan_10: Center_Scan_10 DISPLAY_TYPE.strip() = ''. Removing attribute DISPLAY_TYPE.
  Band_Low_Scan_10: Band_Low_Scan_10 DISPLAY_TYPE.strip() = ''. Removing attribute DISPLAY_TYPE.
  Band_High_Scan_10: Band_High_Scan_10 DISPLAY_TYPE.strip() = ''. Removing attribute DISPLAY_TYPE.
  Center_Scan_11: Center_Scan_11 DISPLAY_TYPE.strip() = ''. Removing attribute DISPLAY_TYPE.
  Band_Low_Scan_11: Band_Low_Scan_11 DISPLAY_TYPE.strip() = ''. Removing attribute DISPLAY_TYPE.
  Band_High_Scan_11: Band_High_Scan_11 DISPLAY_TYPE.strip() = ''. Removing attribute DISPLAY_TYPE.
  Center_Scan_12: Center_Scan_12 DISPLAY_TYPE.strip() = ''. Removing attribute DISPLAY_TYPE.
  Band_Low_Scan_12: Band_Low_Scan_12 DISPLAY_TYPE.strip() = ''. Removing attribute DISPLAY_TYPE.
  Band_High_Scan_12: Band_High_Scan_12 DISPLAY_TYPE.strip() = ''. Removing attribute DISPLAY_TYPE.
  Center_Scan_13: Center_Scan_13 DISPLAY_TYPE.strip() = ''. Removing attribute DISPLAY_TYPE.
  Band_Low_Scan_13: Band_Low_Scan_13 DISPLAY_TYPE.strip() = ''. Removing attribute DISPLAY_TYPE.
  Band_High_Scan_13: Band_High_Scan_13 DISPLAY_TYPE.strip() = ''. Removing attribute DISPLAY_TYPE.
  Center_Scan_14: Center_Scan_14 DISPLAY_TYPE.strip() = ''. Removing attribute DISPLAY_TYPE.
  Band_Low_Scan_14: Band_Low_Scan_14 DISPLAY_TYPE.strip() = ''. Removing attribute DISPLAY_TYPE.
  Band_High_Scan_14: Band_High_Scan_14 DISPLAY_TYPE.strip() = ''. Removing attribute DISPLAY_TYPE.
  Center_Scan_15: Center_Scan_15 DISPLAY_TYPE.strip() = ''. Removing attribute DISPLAY_TYPE.
  Band_Low_Scan_15: Band_Low_Scan_15 DISPLAY_TYPE.strip() = ''. Removing attribute DISPLAY_TYPE.
  Band_High_Scan_15: Band_High_Scan_15 DISPLAY_TYPE.strip() = ''. Removing attribute DISPLAY_TYPE.
  Center_Scan_16: Center_Scan_16 DISPLAY_TYPE.strip() = ''. Removing attribute DISPLAY_TYPE.
  Band_Low_Scan_16: Band_Low_Scan_16 DISPLAY_TYPE.strip() = ''. Removing attribute DISPLAY_TYPE.
  Band_High_Scan_16: Band_High_Scan_16 DISPLAY_TYPE.strip() = ''. Removing attribute DISPLAY_TYPE.
  Center_Scan_17: Center_Scan_17 DISPLAY_TYPE.strip() = ''. Removing attribute DISPLAY_TYPE.
  Band_Low_Scan_17: Band_Low_Scan_17 DISPLAY_TYPE.strip() = ''. Removing attribute DISPLAY_TYPE.
  Band_High_Scan_17: Band_High_Scan_17 DISPLAY_TYPE.strip() = ''. Removing attribute DISPLAY_TYPE.
  Center_Scan_18: Center_Scan_18 DISPLAY_TYPE.strip() = ''. Removing attribute DISPLAY_TYPE.
  Band_Low_Scan_18: Band_Low_Scan_18 DISPLAY_TYPE.strip() = ''. Removing attribute DISPLAY_TYPE.
  Band_High_Scan_18: Band_High_Scan_18 DISPLAY_TYPE.strip() = ''. Removing attribute DISPLAY_TYPE.
  Center_Scan_19: Center_Scan_19 DISPLAY_TYPE.strip() = ''. Removing attribute DISPLAY_TYPE.
  Band_Low_Scan_19: Band_Low_Scan_19 DISPLAY_TYPE.strip() = ''. Removing attribute DISPLAY_TYPE.
  Band_High_Scan_19: Band_High_Scan_19 DISPLAY_TYPE.strip() = ''. Removing attribute DISPLAY_TYPE.
  Center_Scan_20: Center_Scan_20 DISPLAY_TYPE.strip() = ''. Removing attribute DISPLAY_TYPE.
  Band_Low_Scan_20: Band_Low_Scan_20 DISPLAY_TYPE.strip() = ''. Removing attribute DISPLAY_TYPE.
  Band_High_Scan_20: Band_High_Scan_20 DISPLAY_TYPE.strip() = ''. Removing attribute DISPLAY_TYPE.
  Center_Scan_21: Center_Scan_21 DISPLAY_TYPE.strip() = ''. Removing attribute DISPLAY_TYPE.
  Band_Low_Scan_21: Band_Low_Scan_21 DISPLAY_TYPE.strip() = ''. Removing attribute DISPLAY_TYPE.
  Band_High_Scan_21: Band_High_Scan_21 DISPLAY_TYPE.strip() = ''. Removing attribute DISPLAY_TYPE.
  Center_Scan_22: Center_Scan_22 DISPLAY_TYPE.strip() = ''. Removing attribute DISPLAY_TYPE.
  Band_Low_Scan_22: Band_Low_Scan_22 DISPLAY_TYPE.strip() = ''. Removing attribute DISPLAY_TYPE.
  Band_High_Scan_22: Band_High_Scan_22 DISPLAY_TYPE.strip() = ''. Removing attribute DISPLAY_TYPE.
  Center_Scan_23: Center_Scan_23 DISPLAY_TYPE.strip() = ''. Removing attribute DISPLAY_TYPE.
  Band_Low_Scan_23: Band_Low_Scan_23 DISPLAY_TYPE.strip() = ''. Removing attribute DISPLAY_TYPE.
  Band_High_Scan_23: Band_High_Scan_23 DISPLAY_TYPE.strip() = ''. Removing attribute DISPLAY_TYPE.
  Center_Scan_24: Center_Scan_24 DISPLAY_TYPE.strip() = ''. Removing attribute DISPLAY_TYPE.
  Band_Low_Scan_24: Band_Low_Scan_24 DISPLAY_TYPE.strip() = ''. Removing attribute DISPLAY_TYPE.
  Band_High_Scan_24: Band_High_Scan_24 DISPLAY_TYPE.strip() = ''. Removing attribute DISPLAY_TYPE.
  Center_Scan_25: Center_Scan_25 DISPLAY_TYPE.strip() = ''. Removing attribute DISPLAY_TYPE.
  Band_Low_Scan_25: Band_Low_Scan_25 DISPLAY_TYPE.strip() = ''. Removing attribute DISPLAY_TYPE.
  Band_High_Scan_25: Band_High_Scan_25 DISPLAY_TYPE.strip() = ''. Removing attribute DISPLAY_TYPE.
  Center_Scan_26: Center_Scan_26 DISPLAY_TYPE.strip() = ''. Removing attribute DISPLAY_TYPE.
  Band_Low_Scan_26: Band_Low_Scan_26 DISPLAY_TYPE.strip() = ''. Removing attribute DISPLAY_TYPE.
  Band_High_Scan_26: Band_High_Scan_26 DISPLAY_TYPE.strip() = ''. Removing attribute DISPLAY_TYPE.
  Center_Scan_27: Center_Scan_27 DISPLAY_TYPE.strip() = ''. Removing attribute DISPLAY_TYPE.
  Band_Low_Scan_27: Band_Low_Scan_27 DISPLAY_TYPE.strip() = ''. Removing attribute DISPLAY_TYPE.
  Band_High_Scan_27: Band_High_Scan_27 DISPLAY_TYPE.strip() = ''. Removing attribute DISPLAY_TYPE.
  Center_Scan_28: Center_Scan_28 DISPLAY_TYPE.strip() = ''. Removing attribute DISPLAY_TYPE.
  Band_Low_Scan_28: Band_Low_Scan_28 DISPLAY_TYPE.strip() = ''. Removing attribute DISPLAY_TYPE.
  Band_High_Scan_28: Band_High_Scan_28 DISPLAY_TYPE.strip() = ''. Removing attribute DISPLAY_TYPE.
  Center_Scan_29: Center_Scan_29 DISPLAY_TYPE.strip() = ''. Removing attribute DISPLAY_TYPE.
  Band_Low_Scan_29: Band_Low_Scan_29 DISPLAY_TYPE.strip() = ''. Removing attribute DISPLAY_TYPE.
  Band_High_Scan_29: Band_High_Scan_29 DISPLAY_TYPE.strip() = ''. Removing attribute DISPLAY_TYPE.
  Center_Scan_30: Center_Scan_30 DISPLAY_TYPE.strip() = ''. Removing attribute DISPLAY_TYPE.
  Band_Low_Scan_30: Band_Low_Scan_30 DISPLAY_TYPE.strip() = ''. Removing attribute DISPLAY_TYPE.
  Band_High_Scan_30: Band_High_Scan_30 DISPLAY_TYPE.strip() = ''. Removing attribute DISPLAY_TYPE.
  Center_Scan_31: Center_Scan_31 DISPLAY_TYPE.strip() = ''. Removing attribute DISPLAY_TYPE.
  Band_Low_Scan_31: Band_Low_Scan_31 DISPLAY_TYPE.strip() = ''. Removing attribute DISPLAY_TYPE.
  Band_High_Scan_31: Band_High_Scan_31 DISPLAY_TYPE.strip() = ''. Removing attribute DISPLAY_TYPE.
  Center_Scan_32: Center_Scan_32 DISPLAY_TYPE.strip() = ''. Removing attribute DISPLAY_TYPE.
  Band_Low_Scan_32: Band_Low_Scan_32 DISPLAY_TYPE.strip() = ''. Removing attribute DISPLAY_TYPE.
  Band_High_Scan_32: Band_High_Scan_32 DISPLAY_TYPE.strip() = ''. Removing attribute DISPLAY_TYPE.
  Center_Scan_33: Center_Scan_33 DISPLAY_TYPE.strip() = ''. Removing attribute DISPLAY_TYPE.
  Band_Low_Scan_33: Band_Low_Scan_33 DISPLAY_TYPE.strip() = ''. Removing attribute DISPLAY_TYPE.
  Band_High_Scan_33: Band_High_Scan_33 DISPLAY_TYPE.strip() = ''. Removing attribute DISPLAY_TYPE.
  Center_Scan_34: Center_Scan_34 DISPLAY_TYPE.strip() = ''. Removing attribute DISPLAY_TYPE.
  Band_Low_Scan_34: Band_Low_Scan_34 DISPLAY_TYPE.strip() = ''. Removing attribute DISPLAY_TYPE.
  Band_High_Scan_34: Band_High_Scan_34 DISPLAY_TYPE.strip() = ''. Removing attribute DISPLAY_TYPE.
  Center_Scan_35: Center_Scan_35 DISPLAY_TYPE.strip() = ''. Removing attribute DISPLAY_TYPE.
  Band_Low_Scan_35: Band_Low_Scan_35 DISPLAY_TYPE.strip() = ''. Removing attribute DISPLAY_TYPE.
  Band_High_Scan_35: Band_High_Scan_35 DISPLAY_TYPE.strip() = ''. Removing attribute DISPLAY_TYPE.
  Center_Scan_36: Center_Scan_36 DISPLAY_TYPE.strip() = ''. Removing attribute DISPLAY_TYPE.
  Band_Low_Scan_36: Band_Low_Scan_36 DISPLAY_TYPE.strip() = ''. Removing attribute DISPLAY_TYPE.
  Band_High_Scan_36: Band_High_Scan_36 DISPLAY_TYPE.strip() = ''. Removing attribute DISPLAY_TYPE.
  Center_Scan_37: Center_Scan_37 DISPLAY_TYPE.strip() = ''. Removing attribute DISPLAY_TYPE.
  Band_Low_Scan_37: Band_Low_Scan_37 DISPLAY_TYPE.strip() = ''. Removing attribute DISPLAY_TYPE.
  Band_High_Scan_37: Band_High_Scan_37 DISPLAY_TYPE.strip() = ''. Removing attribute DISPLAY_TYPE.
  Center_Scan_38: Center_Scan_38 DISPLAY_TYPE.strip() = ''. Removing attribute DISPLAY_TYPE.
  Band_Low_Scan_38: Band_Low_Scan_38 DISPLAY_TYPE.strip() = ''. Removing attribute DISPLAY_TYPE.
  Band_High_Scan_38: Band_High_Scan_38 DISPLAY_TYPE.strip() = ''. Removing attribute DISPLAY_TYPE.
  Center_Scan_39: Center_Scan_39 DISPLAY_TYPE.strip() = ''. Removing attribute DISPLAY_TYPE.
  Band_Low_Scan_39: Band_Low_Scan_39 DISPLAY_TYPE.strip() = ''. Removing attribute DISPLAY_TYPE.
  Band_High_Scan_39: Band_High_Scan_39 DISPLAY_TYPE.strip() = ''. Removing attribute DISPLAY_TYPE.
  Center_Scan_40: Center_Scan_40 DISPLAY_TYPE.strip() = ''. Removing attribute DISPLAY_TYPE.
  Band_Low_Scan_40: Band_Low_Scan_40 DISPLAY_TYPE.strip() = ''. Removing attribute DISPLAY_TYPE.
  Band_High_Scan_40: Band_High_Scan_40 DISPLAY_TYPE.strip() = ''. Removing attribute DISPLAY_TYPE.
  Center_Scan_41: Center_Scan_41 DISPLAY_TYPE.strip() = ''. Removing attribute DISPLAY_TYPE.
  Band_Low_Scan_41: Band_Low_Scan_41 DISPLAY_TYPE.strip() = ''. Removing attribute DISPLAY_TYPE.
  Band_High_Scan_41: Band_High_Scan_41 DISPLAY_TYPE.strip() = ''. Removing attribute DISPLAY_TYPE.
  Center_Scan_42: Center_Scan_42 DISPLAY_TYPE.strip() = ''. Removing attribute DISPLAY_TYPE.
  Band_Low_Scan_42: Band_Low_Scan_42 DISPLAY_TYPE.strip() = ''. Removing attribute DISPLAY_TYPE.
  Band_High_Scan_42: Band_High_Scan_42 DISPLAY_TYPE.strip() = ''. Removing attribute DISPLAY_TYPE.
  Center_Scan_43: Center_Scan_43 DISPLAY_TYPE.strip() = ''. Removing attribute DISPLAY_TYPE.
  Band_Low_Scan_43: Band_Low_Scan_43 DISPLAY_TYPE.strip() = ''. Removing attribute DISPLAY_TYPE.
  Band_High_Scan_43: Band_High_Scan_43 DISPLAY_TYPE.strip() = ''. Removing attribute DISPLAY_TYPE.
  Center_Scan_44: Center_Scan_44 DISPLAY_TYPE.strip() = ''. Removing attribute DISPLAY_TYPE.
  Band_Low_Scan_44: Band_Low_Scan_44 DISPLAY_TYPE.strip() = ''. Removing attribute DISPLAY_TYPE.
  Band_High_Scan_44: Band_High_Scan_44 DISPLAY_TYPE.strip() = ''. Removing attribute DISPLAY_TYPE.
  Center_Scan_45: Center_Scan_45 DISPLAY_TYPE.strip() = ''. Removing attribute DISPLAY_TYPE.
  Band_Low_Scan_45: Band_Low_Scan_45 DISPLAY_TYPE.strip() = ''. Removing attribute DISPLAY_TYPE.
  Band_High_Scan_45: Band_High_Scan_45 DISPLAY_TYPE.strip() = ''. Removing attribute DISPLAY_TYPE.
  Center_Scan_46: Center_Scan_46 DISPLAY_TYPE.strip() = ''. Removing attribute DISPLAY_TYPE.
  Band_Low_Scan_46: Band_Low_Scan_46 DISPLAY_TYPE.strip() = ''. Removing attribute DISPLAY_TYPE.
  Band_High_Scan_46: Band_High_Scan_46 DISPLAY_TYPE.strip() = ''. Removing attribute DISPLAY_TYPE.
  Center_Scan_47: Center_Scan_47 DISPLAY_TYPE.strip() = ''. Removing attribute DISPLAY_TYPE.
  Band_Low_Scan_47: Band_Low_Scan_47 DISPLAY_TYPE.strip() = ''. Removing attribute DISPLAY_TYPE.
  Band_High_Scan_47: Band_High_Scan_47 DISPLAY_TYPE.strip() = ''. Removing attribute DISPLAY_TYPE.
  Center_Scan_48: Center_Scan_48 DISPLAY_TYPE.strip() = ''. Removing attribute DISPLAY_TYPE.
  Band_Low_Scan_48: Band_Low_Scan_48 DISPLAY_TYPE.strip() = ''. Removing attribute DISPLAY_TYPE.
  Band_High_Scan_48: Band_High_Scan_48 DISPLAY_TYPE.strip() = ''. Removing attribute DISPLAY_TYPE.
  Center_Scan_49: Center_Scan_49 DISPLAY_TYPE.strip() = ''. Removing attribute DISPLAY_TYPE.
  Band_Low_Scan_49: Band_Low_Scan_49 DISPLAY_TYPE.strip() = ''. Removing attribute DISPLAY_TYPE.
  Band_High_Scan_49: Band_High_Scan_49 DISPLAY_TYPE.strip() = ''. Removing attribute DISPLAY_TYPE.
  Center_Scan_50: Center_Scan_50 DISPLAY_TYPE.strip() = ''. Removing attribute DISPLAY_TYPE.
  Band_Low_Scan_50: Band_Low_Scan_50 DISPLAY_TYPE.strip() = ''. Removing attribute DISPLAY_TYPE.
  Band_High_Scan_50: Band_High_Scan_50 DISPLAY_TYPE.strip() = ''. Removing attribute DISPLAY_TYPE.
  Center_Scan_51: Center_Scan_51 DISPLAY_TYPE.strip() = ''. Removing attribute DISPLAY_TYPE.
  Band_Low_Scan_51: Band_Low_Scan_51 DISPLAY_TYPE.strip() = ''. Removing attribute DISPLAY_TYPE.
  Band_High_Scan_51: Band_High_Scan_51 DISPLAY_TYPE.strip() = ''. Removing attribute DISPLAY_TYPE.
  Center_Scan_52: Center_Scan_52 DISPLAY_TYPE.strip() = ''. Removing attribute DISPLAY_TYPE.
  Band_Low_Scan_52: Band_Low_Scan_52 DISPLAY_TYPE.strip() = ''. Removing attribute DISPLAY_TYPE.
  Band_High_Scan_52: Band_High_Scan_52 DISPLAY_TYPE.strip() = ''. Removing attribute DISPLAY_TYPE.
  Center_Scan_53: Center_Scan_53 DISPLAY_TYPE.strip() = ''. Removing attribute DISPLAY_TYPE.
  Band_Low_Scan_53: Band_Low_Scan_53 DISPLAY_TYPE.strip() = ''. Removing attribute DISPLAY_TYPE.
  Band_High_Scan_53: Band_High_Scan_53 DISPLAY_TYPE.strip() = ''. Removing attribute DISPLAY_TYPE.
  Center_Scan_54: Center_Scan_54 DISPLAY_TYPE.strip() = ''. Removing attribute DISPLAY_TYPE.
  Band_Low_Scan_54: Band_Low_Scan_54 DISPLAY_TYPE.strip() = ''. Removing attribute DISPLAY_TYPE.
  Band_High_Scan_54: Band_High_Scan_54 DISPLAY_TYPE.strip() = ''. Removing attribute DISPLAY_TYPE.
  Center_Scan_55: Center_Scan_55 DISPLAY_TYPE.strip() = ''. Removing attribute DISPLAY_TYPE.
  Band_Low_Scan_55: Band_Low_Scan_55 DISPLAY_TYPE.strip() = ''. Removing attribute DISPLAY_TYPE.
  Band_High_Scan_55: Band_High_Scan_55 DISPLAY_TYPE.strip() = ''. Removing attribute DISPLAY_TYPE.
  Center_Scan_56: Center_Scan_56 DISPLAY_TYPE.strip() = ''. Removing attribute DISPLAY_TYPE.
  Band_Low_Scan_56: Band_Low_Scan_56 DISPLAY_TYPE.strip() = ''. Removing attribute DISPLAY_TYPE.
  Band_High_Scan_56: Band_High_Scan_56 DISPLAY_TYPE.strip() = ''. Removing attribute DISPLAY_TYPE.
  Center_Scan_57: Center_Scan_57 DISPLAY_TYPE.strip() = ''. Removing attribute DISPLAY_TYPE.
  Band_Low_Scan_57: Band_Low_Scan_57 DISPLAY_TYPE.strip() = ''. Removing attribute DISPLAY_TYPE.
  Band_High_Scan_57: Band_High_Scan_57 DISPLAY_TYPE.strip() = ''. Removing attribute DISPLAY_TYPE.
  Center_Scan_58: Center_Scan_58 DISPLAY_TYPE.strip() = ''. Removing attribute DISPLAY_TYPE.
  Band_Low_Scan_58: Band_Low_Scan_58 DISPLAY_TYPE.strip() = ''. Removing attribute DISPLAY_TYPE.
  Band_High_Scan_58: Band_High_Scan_58 DISPLAY_TYPE.strip() = ''. Removing attribute DISPLAY_TYPE.
  Center_Scan_59: Center_Scan_59 DISPLAY_TYPE.strip() = ''. Removing attribute DISPLAY_TYPE.
  Band_Low_Scan_59: Band_Low_Scan_59 DISPLAY_TYPE.strip() = ''. Removing attribute DISPLAY_TYPE.
  Band_High_Scan_59: Band_High_Scan_59 DISPLAY_TYPE.strip() = ''. Removing attribute DISPLAY_TYPE.
  Center_Scan_60: Center_Scan_60 DISPLAY_TYPE.strip() = ''. Removing attribute DISPLAY_TYPE.
  Band_Low_Scan_60: Band_Low_Scan_60 DISPLAY_TYPE.strip() = ''. Removing attribute DISPLAY_TYPE.
  Band_High_Scan_60: Band_High_Scan_60 DISPLAY_TYPE.strip() = ''. Removing attribute DISPLAY_TYPE.
  Center_Scan_61: Center_Scan_61 DISPLAY_TYPE.strip() = ''. Removing attribute DISPLAY_TYPE.
  Band_Low_Scan_61: Band_Low_Scan_61 DISPLAY_TYPE.strip() = ''. Removing attribute DISPLAY_TYPE.
  Band_High_Scan_61: Band_High_Scan_61 DISPLAY_TYPE.strip() = ''. Removing attribute DISPLAY_TYPE.
  Center_Scan_62: Center_Scan_62 DISPLAY_TYPE.strip() = ''. Removing attribute DISPLAY_TYPE.
  Band_Low_Scan_62: Band_Low_Scan_62 DISPLAY_TYPE.strip() = ''. Removing attribute DISPLAY_TYPE.
  Band_High_Scan_62: Band_High_Scan_62 DISPLAY_TYPE.strip() = ''. Removing attribute DISPLAY_TYPE.
  Center_Scan_63: Center_Scan_63 DISPLAY_TYPE.strip() = ''. Removing attribute DISPLAY_TYPE.
  Band_Low_Scan_63: Band_Low_Scan_63 DISPLAY_TYPE.strip() = ''. Removing attribute DISPLAY_TYPE.
  Band_High_Scan_63: Band_High_Scan_63 DISPLAY_TYPE.strip() = ''. Removing attribute DISPLAY_TYPE.
  Center_Scan_64: Center_Scan_64 DISPLAY_TYPE.strip() = ''. Removing attribute DISPLAY_TYPE.
  Band_Low_Scan_64: Band_Low_Scan_64 DISPLAY_TYPE.strip() = ''. Removing attribute DISPLAY_TYPE.
  Band_High_Scan_64: Band_High_Scan_64 DISPLAY_TYPE.strip() = ''. Removing attribute DISPLAY_TYPE.
  Center_Scan_65: Center_Scan_65 DISPLAY_TYPE.strip() = ''. Removing attribute DISPLAY_TYPE.
  Band_Low_Scan_65: Band_Low_Scan_65 DISPLAY_TYPE.strip() = ''. Removing attribute DISPLAY_TYPE.
  Band_High_Scan_65: Band_High_Scan_65 DISPLAY_TYPE.strip() = ''. Removing attribute DISPLAY_TYPE.
  Center_Scan_66: Center_Scan_66 DISPLAY_TYPE.strip() = ''. Removing attribute DISPLAY_TYPE.
  Band_Low_Scan_66: Band_Low_Scan_66 DISPLAY_TYPE.strip() = ''. Removing attribute DISPLAY_TYPE.
  Band_High_Scan_66: Band_High_Scan_66 DISPLAY_TYPE.strip() = ''. Removing attribute DISPLAY_TYPE.
  Center_Scan_67: Center_Scan_67 DISPLAY_TYPE.strip() = ''. Removing attribute DISPLAY_TYPE.
  Band_Low_Scan_67: Band_Low_Scan_67 DISPLAY_TYPE.strip() = ''. Removing attribute DISPLAY_TYPE.
  Band_High_Scan_67: Band_High_Scan_67 DISPLAY_TYPE.strip() = ''. Removing attribute DISPLAY_TYPE.
  Center_Scan_68: Center_Scan_68 DISPLAY_TYPE.strip() = ''. Removing attribute DISPLAY_TYPE.
  Band_Low_Scan_68: Band_Low_Scan_68 DISPLAY_TYPE.strip() = ''. Removing attribute DISPLAY_TYPE.
  Band_High_Scan_68: Band_High_Scan_68 DISPLAY_TYPE.strip() = ''. Removing attribute DISPLAY_TYPE.
  Center_Scan_69: Center_Scan_69 DISPLAY_TYPE.strip() = ''. Removing attribute DISPLAY_TYPE.
  Band_Low_Scan_69: Band_Low_Scan_69 DISPLAY_TYPE.strip() = ''. Removing attribute DISPLAY_TYPE.
  Band_High_Scan_69: Band_High_Scan_69 DISPLAY_TYPE.strip() = ''. Removing attribute DISPLAY_TYPE.
  Center_Scan_70: Center_Scan_70 DISPLAY_TYPE.strip() = ''. Removing attribute DISPLAY_TYPE.
  Band_Low_Scan_70: Band_Low_Scan_70 DISPLAY_TYPE.strip() = ''. Removing attribute DISPLAY_TYPE.
  Band_High_Scan_70: Band_High_Scan_70 DISPLAY_TYPE.strip() = ''. Removing attribute DISPLAY_TYPE.
  Center_Scan_71: Center_Scan_71 DISPLAY_TYPE.strip() = ''. Removing attribute DISPLAY_TYPE.
  Band_Low_Scan_71: Band_Low_Scan_71 DISPLAY_TYPE.strip() = ''. Removing attribute DISPLAY_TYPE.
  Band_High_Scan_71: Band_High_Scan_71 DISPLAY_TYPE.strip() = ''. Removing attribute DISPLAY_TYPE.
  Center_Scan_72: Center_Scan_72 DISPLAY_TYPE.strip() = ''. Removing attribute DISPLAY_TYPE.
  Band_Low_Scan_72: Band_Low_Scan_72 DISPLAY_TYPE.strip() = ''. Removing attribute DISPLAY_TYPE.
  Band_High_Scan_72: Band_High_Scan_72 DISPLAY_TYPE.strip() = ''. Removing attribute DISPLAY_TYPE.
DE2_LAPI_ION-FLUX-COUNTS-PPS2 | ISTP.DISPLAY_TYPE.Empty:
  Epoch: Epoch DISPLAY_TYPE.strip() = ''. Removing attribute DISPLAY_TYPE.
  Mode_Epoch: Mode_Epoch DISPLAY_TYPE.strip() = ''. Removing attribute DISPLAY_TYPE.
  Center_Scan_1: Center_Scan_1 DISPLAY_TYPE.strip() = ''. Removing attribute DISPLAY_TYPE.
  Band_Low_Scan_1: Band_Low_Scan_1 DISPLAY_TYPE.strip() = ''. Removing attribute DISPLAY_TYPE.
  Band_High_Scan_1: Band_High_Scan_1 DISPLAY_TYPE.strip() = ''. Removing attribute DISPLAY_TYPE.
  Center_Scan_2: Center_Scan_2 DISPLAY_TYPE.strip() = ''. Removing attribute DISPLAY_TYPE.
  Band_Low_Scan_2: Band_Low_Scan_2 DISPLAY_TYPE.strip() = ''. Removing attribute DISPLAY_TYPE.
  Band_High_Scan_2: Band_High_Scan_2 DISPLAY_TYPE.strip() = ''. Removing attribute DISPLAY_TYPE.
  Center_Scan_3: Center_Scan_3 DISPLAY_TYPE.strip() = ''. Removing attribute DISPLAY_TYPE.
  Band_Low_Scan_3: Band_Low_Scan_3 DISPLAY_TYPE.strip() = ''. Removing attribute DISPLAY_TYPE.
  Band_High_Scan_3: Band_High_Scan_3 DISPLAY_TYPE.strip() = ''. Removing attribute DISPLAY_TYPE.
  Center_Scan_4: Center_Scan_4 DISPLAY_TYPE.strip() = ''. Removing attribute DISPLAY_TYPE.
  Band_Low_Scan_4: Band_Low_Scan_4 DISPLAY_TYPE.strip() = ''. Removing attribute DISPLAY_TYPE.
  Band_High_Scan_4: Band_High_Scan_4 DISPLAY_TYPE.strip() = ''. Removing attribute DISPLAY_TYPE.
  Center_Scan_5: Center_Scan_5 DISPLAY_TYPE.strip() = ''. Removing attribute DISPLAY_TYPE.
  Band_Low_Scan_5: Band_Low_Scan_5 DISPLAY_TYPE.strip() = ''. Removing attribute DISPLAY_TYPE.
  Band_High_Scan_5: Band_High_Scan_5 DISPLAY_TYPE.strip() = ''. Removing attribute DISPLAY_TYPE.
  Center_Scan_6: Center_Scan_6 DISPLAY_TYPE.strip() = ''. Removing attribute DISPLAY_TYPE.
  Band_Low_Scan_6: Band_Low_Scan_6 DISPLAY_TYPE.strip() = ''. Removing attribute DISPLAY_TYPE.
  Band_High_Scan_6: Band_High_Scan_6 DISPLAY_TYPE.strip() = ''. Removing attribute DISPLAY_TYPE.
  Center_Scan_7: Center_Scan_7 DISPLAY_TYPE.strip() = ''. Removing attribute DISPLAY_TYPE.
  Band_Low_Scan_7: Band_Low_Scan_7 DISPLAY_TYPE.strip() = ''. Removing attribute DISPLAY_TYPE.
  Band_High_Scan_7: Band_High_Scan_7 DISPLAY_TYPE.strip() = ''. Removing attribute DISPLAY_TYPE.
  Center_Scan_8: Center_Scan_8 DISPLAY_TYPE.strip() = ''. Removing attribute DISPLAY_TYPE.
  Band_Low_Scan_8: Band_Low_Scan_8 DISPLAY_TYPE.strip() = ''. Removing attribute DISPLAY_TYPE.
  Band_High_Scan_8: Band_High_Scan_8 DISPLAY_TYPE.strip() = ''. Removing attribute DISPLAY_TYPE.
  Center_Scan_9: Center_Scan_9 DISPLAY_TYPE.strip() = ''. Removing attribute DISPLAY_TYPE.
  Band_Low_Scan_9: Band_Low_Scan_9 DISPLAY_TYPE.strip() = ''. Removing attribute DISPLAY_TYPE.
  Band_High_Scan_9: Band_High_Scan_9 DISPLAY_TYPE.strip() = ''. Removing attribute DISPLAY_TYPE.
  Center_Scan_10: Center_Scan_10 DISPLAY_TYPE.strip() = ''. Removing attribute DISPLAY_TYPE.
  Band_Low_Scan_10: Band_Low_Scan_10 DISPLAY_TYPE.strip() = ''. Removing attribute DISPLAY_TYPE.
  Band_High_Scan_10: Band_High_Scan_10 DISPLAY_TYPE.strip() = ''. Removing attribute DISPLAY_TYPE.
  Center_Scan_11: Center_Scan_11 DISPLAY_TYPE.strip() = ''. Removing attribute DISPLAY_TYPE.
  Band_Low_Scan_11: Band_Low_Scan_11 DISPLAY_TYPE.strip() = ''. Removing attribute DISPLAY_TYPE.
  Band_High_Scan_11: Band_High_Scan_11 DISPLAY_TYPE.strip() = ''. Removing attribute DISPLAY_TYPE.
  Center_Scan_12: Center_Scan_12 DISPLAY_TYPE.strip() = ''. Removing attribute DISPLAY_TYPE.
  Band_Low_Scan_12: Band_Low_Scan_12 DISPLAY_TYPE.strip() = ''. Removing attribute DISPLAY_TYPE.
  Band_High_Scan_12: Band_High_Scan_12 DISPLAY_TYPE.strip() = ''. Removing attribute DISPLAY_TYPE.
  Center_Scan_13: Center_Scan_13 DISPLAY_TYPE.strip() = ''. Removing attribute DISPLAY_TYPE.
  Band_Low_Scan_13: Band_Low_Scan_13 DISPLAY_TYPE.strip() = ''. Removing attribute DISPLAY_TYPE.
  Band_High_Scan_13: Band_High_Scan_13 DISPLAY_TYPE.strip() = ''. Removing attribute DISPLAY_TYPE.
  Center_Scan_14: Center_Scan_14 DISPLAY_TYPE.strip() = ''. Removing attribute DISPLAY_TYPE.
  Band_Low_Scan_14: Band_Low_Scan_14 DISPLAY_TYPE.strip() = ''. Removing attribute DISPLAY_TYPE.
  Band_High_Scan_14: Band_High_Scan_14 DISPLAY_TYPE.strip() = ''. Removing attribute DISPLAY_TYPE.
  Center_Scan_15: Center_Scan_15 DISPLAY_TYPE.strip() = ''. Removing attribute DISPLAY_TYPE.
  Band_Low_Scan_15: Band_Low_Scan_15 DISPLAY_TYPE.strip() = ''. Removing attribute DISPLAY_TYPE.
  Band_High_Scan_15: Band_High_Scan_15 DISPLAY_TYPE.strip() = ''. Removing attribute DISPLAY_TYPE.
  Center_Scan_16: Center_Scan_16 DISPLAY_TYPE.strip() = ''. Removing attribute DISPLAY_TYPE.
  Band_Low_Scan_16: Band_Low_Scan_16 DISPLAY_TYPE.strip() = ''. Removing attribute DISPLAY_TYPE.
  Band_High_Scan_16: Band_High_Scan_16 DISPLAY_TYPE.strip() = ''. Removing attribute DISPLAY_TYPE.
  Center_Scan_17: Center_Scan_17 DISPLAY_TYPE.strip() = ''. Removing attribute DISPLAY_TYPE.
  Band_Low_Scan_17: Band_Low_Scan_17 DISPLAY_TYPE.strip() = ''. Removing attribute DISPLAY_TYPE.
  Band_High_Scan_17: Band_High_Scan_17 DISPLAY_TYPE.strip() = ''. Removing attribute DISPLAY_TYPE.
  Center_Scan_18: Center_Scan_18 DISPLAY_TYPE.strip() = ''. Removing attribute DISPLAY_TYPE.
  Band_Low_Scan_18: Band_Low_Scan_18 DISPLAY_TYPE.strip() = ''. Removing attribute DISPLAY_TYPE.
  Band_High_Scan_18: Band_High_Scan_18 DISPLAY_TYPE.strip() = ''. Removing attribute DISPLAY_TYPE.
  Center_Scan_19: Center_Scan_19 DISPLAY_TYPE.strip() = ''. Removing attribute DISPLAY_TYPE.
  Band_Low_Scan_19: Band_Low_Scan_19 DISPLAY_TYPE.strip() = ''. Removing attribute DISPLAY_TYPE.
  Band_High_Scan_19: Band_High_Scan_19 DISPLAY_TYPE.strip() = ''. Removing attribute DISPLAY_TYPE.
  Center_Scan_20: Center_Scan_20 DISPLAY_TYPE.strip() = ''. Removing attribute DISPLAY_TYPE.
  Band_Low_Scan_20: Band_Low_Scan_20 DISPLAY_TYPE.strip() = ''. Removing attribute DISPLAY_TYPE.
  Band_High_Scan_20: Band_High_Scan_20 DISPLAY_TYPE.strip() = ''. Removing attribute DISPLAY_TYPE.
  Center_Scan_21: Center_Scan_21 DISPLAY_TYPE.strip() = ''. Removing attribute DISPLAY_TYPE.
  Band_Low_Scan_21: Band_Low_Scan_21 DISPLAY_TYPE.strip() = ''. Removing attribute DISPLAY_TYPE.
  Band_High_Scan_21: Band_High_Scan_21 DISPLAY_TYPE.strip() = ''. Removing attribute DISPLAY_TYPE.
  Center_Scan_22: Center_Scan_22 DISPLAY_TYPE.strip() = ''. Removing attribute DISPLAY_TYPE.
  Band_Low_Scan_22: Band_Low_Scan_22 DISPLAY_TYPE.strip() = ''. Removing attribute DISPLAY_TYPE.
  Band_High_Scan_22: Band_High_Scan_22 DISPLAY_TYPE.strip() = ''. Removing attribute DISPLAY_TYPE.
  Center_Scan_23: Center_Scan_23 DISPLAY_TYPE.strip() = ''. Removing attribute DISPLAY_TYPE.
  Band_Low_Scan_23: Band_Low_Scan_23 DISPLAY_TYPE.strip() = ''. Removing attribute DISPLAY_TYPE.
  Band_High_Scan_23: Band_High_Scan_23 DISPLAY_TYPE.strip() = ''. Removing attribute DISPLAY_TYPE.
  Center_Scan_24: Center_Scan_24 DISPLAY_TYPE.strip() = ''. Removing attribute DISPLAY_TYPE.
  Band_Low_Scan_24: Band_Low_Scan_24 DISPLAY_TYPE.strip() = ''. Removing attribute DISPLAY_TYPE.
  Band_High_Scan_24: Band_High_Scan_24 DISPLAY_TYPE.strip() = ''. Removing attribute DISPLAY_TYPE.
  Center_Scan_25: Center_Scan_25 DISPLAY_TYPE.strip() = ''. Removing attribute DISPLAY_TYPE.
  Band_Low_Scan_25: Band_Low_Scan_25 DISPLAY_TYPE.strip() = ''. Removing attribute DISPLAY_TYPE.
  Band_High_Scan_25: Band_High_Scan_25 DISPLAY_TYPE.strip() = ''. Removing attribute DISPLAY_TYPE.
  Center_Scan_26: Center_Scan_26 DISPLAY_TYPE.strip() = ''. Removing attribute DISPLAY_TYPE.
  Band_Low_Scan_26: Band_Low_Scan_26 DISPLAY_TYPE.strip() = ''. Removing attribute DISPLAY_TYPE.
  Band_High_Scan_26: Band_High_Scan_26 DISPLAY_TYPE.strip() = ''. Removing attribute DISPLAY_TYPE.
  Center_Scan_27: Center_Scan_27 DISPLAY_TYPE.strip() = ''. Removing attribute DISPLAY_TYPE.
  Band_Low_Scan_27: Band_Low_Scan_27 DISPLAY_TYPE.strip() = ''. Removing attribute DISPLAY_TYPE.
  Band_High_Scan_27: Band_High_Scan_27 DISPLAY_TYPE.strip() = ''. Removing attribute DISPLAY_TYPE.
  Center_Scan_28: Center_Scan_28 DISPLAY_TYPE.strip() = ''. Removing attribute DISPLAY_TYPE.
  Band_Low_Scan_28: Band_Low_Scan_28 DISPLAY_TYPE.strip() = ''. Removing attribute DISPLAY_TYPE.
  Band_High_Scan_28: Band_High_Scan_28 DISPLAY_TYPE.strip() = ''. Removing attribute DISPLAY_TYPE.
  Center_Scan_29: Center_Scan_29 DISPLAY_TYPE.strip() = ''. Removing attribute DISPLAY_TYPE.
  Band_Low_Scan_29: Band_Low_Scan_29 DISPLAY_TYPE.strip() = ''. Removing attribute DISPLAY_TYPE.
  Band_High_Scan_29: Band_High_Scan_29 DISPLAY_TYPE.strip() = ''. Removing attribute DISPLAY_TYPE.
  Center_Scan_30: Center_Scan_30 DISPLAY_TYPE.strip() = ''. Removing attribute DISPLAY_TYPE.
  Band_Low_Scan_30: Band_Low_Scan_30 DISPLAY_TYPE.strip() = ''. Removing attribute DISPLAY_TYPE.
  Band_High_Scan_30: Band_High_Scan_30 DISPLAY_TYPE.strip() = ''. Removing attribute DISPLAY_TYPE.
  Center_Scan_31: Center_Scan_31 DISPLAY_TYPE.strip() = ''. Removing attribute DISPLAY_TYPE.
  Band_Low_Scan_31: Band_Low_Scan_31 DISPLAY_TYPE.strip() = ''. Removing attribute DISPLAY_TYPE.
  Band_High_Scan_31: Band_High_Scan_31 DISPLAY_TYPE.strip() = ''. Removing attribute DISPLAY_TYPE.
  Center_Scan_32: Center_Scan_32 DISPLAY_TYPE.strip() = ''. Removing attribute DISPLAY_TYPE.
  Band_Low_Scan_32: Band_Low_Scan_32 DISPLAY_TYPE.strip() = ''. Removing attribute DISPLAY_TYPE.
  Band_High_Scan_32: Band_High_Scan_32 DISPLAY_TYPE.strip() = ''. Removing attribute DISPLAY_TYPE.
  Center_Scan_33: Center_Scan_33 DISPLAY_TYPE.strip() = ''. Removing attribute DISPLAY_TYPE.
  Band_Low_Scan_33: Band_Low_Scan_33 DISPLAY_TYPE.strip() = ''. Removing attribute DISPLAY_TYPE.
  Band_High_Scan_33: Band_High_Scan_33 DISPLAY_TYPE.strip() = ''. Removing attribute DISPLAY_TYPE.
  Center_Scan_34: Center_Scan_34 DISPLAY_TYPE.strip() = ''. Removing attribute DISPLAY_TYPE.
  Band_Low_Scan_34: Band_Low_Scan_34 DISPLAY_TYPE.strip() = ''. Removing attribute DISPLAY_TYPE.
  Band_High_Scan_34: Band_High_Scan_34 DISPLAY_TYPE.strip() = ''. Removing attribute DISPLAY_TYPE.
  Center_Scan_35: Center_Scan_35 DISPLAY_TYPE.strip() = ''. Removing attribute DISPLAY_TYPE.
  Band_Low_Scan_35: Band_Low_Scan_35 DISPLAY_TYPE.strip() = ''. Removing attribute DISPLAY_TYPE.
  Band_High_Scan_35: Band_High_Scan_35 DISPLAY_TYPE.strip() = ''. Removing attribute DISPLAY_TYPE.
  Center_Scan_36: Center_Scan_36 DISPLAY_TYPE.strip() = ''. Removing attribute DISPLAY_TYPE.
  Band_Low_Scan_36: Band_Low_Scan_36 DISPLAY_TYPE.strip() = ''. Removing attribute DISPLAY_TYPE.
  Band_High_Scan_36: Band_High_Scan_36 DISPLAY_TYPE.strip() = ''. Removing attribute DISPLAY_TYPE.
  Center_Scan_37: Center_Scan_37 DISPLAY_TYPE.strip() = ''. Removing attribute DISPLAY_TYPE.
  Band_Low_Scan_37: Band_Low_Scan_37 DISPLAY_TYPE.strip() = ''. Removing attribute DISPLAY_TYPE.
  Band_High_Scan_37: Band_High_Scan_37 DISPLAY_TYPE.strip() = ''. Removing attribute DISPLAY_TYPE.
  Center_Scan_38: Center_Scan_38 DISPLAY_TYPE.strip() = ''. Removing attribute DISPLAY_TYPE.
  Band_Low_Scan_38: Band_Low_Scan_38 DISPLAY_TYPE.strip() = ''. Removing attribute DISPLAY_TYPE.
  Band_High_Scan_38: Band_High_Scan_38 DISPLAY_TYPE.strip() = ''. Removing attribute DISPLAY_TYPE.
  Center_Scan_39: Center_Scan_39 DISPLAY_TYPE.strip() = ''. Removing attribute DISPLAY_TYPE.
  Band_Low_Scan_39: Band_Low_Scan_39 DISPLAY_TYPE.strip() = ''. Removing attribute DISPLAY_TYPE.
  Band_High_Scan_39: Band_High_Scan_39 DISPLAY_TYPE.strip() = ''. Removing attribute DISPLAY_TYPE.
  Center_Scan_40: Center_Scan_40 DISPLAY_TYPE.strip() = ''. Removing attribute DISPLAY_TYPE.
  Band_Low_Scan_40: Band_Low_Scan_40 DISPLAY_TYPE.strip() = ''. Removing attribute DISPLAY_TYPE.
  Band_High_Scan_40: Band_High_Scan_40 DISPLAY_TYPE.strip() = ''. Removing attribute DISPLAY_TYPE.
  Center_Scan_41: Center_Scan_41 DISPLAY_TYPE.strip() = ''. Removing attribute DISPLAY_TYPE.
  Band_Low_Scan_41: Band_Low_Scan_41 DISPLAY_TYPE.strip() = ''. Removing attribute DISPLAY_TYPE.
  Band_High_Scan_41: Band_High_Scan_41 DISPLAY_TYPE.strip() = ''. Removing attribute DISPLAY_TYPE.
  Center_Scan_42: Center_Scan_42 DISPLAY_TYPE.strip() = ''. Removing attribute DISPLAY_TYPE.
  Band_Low_Scan_42: Band_Low_Scan_42 DISPLAY_TYPE.strip() = ''. Removing attribute DISPLAY_TYPE.
  Band_High_Scan_42: Band_High_Scan_42 DISPLAY_TYPE.strip() = ''. Removing attribute DISPLAY_TYPE.
  Center_Scan_43: Center_Scan_43 DISPLAY_TYPE.strip() = ''. Removing attribute DISPLAY_TYPE.
  Band_Low_Scan_43: Band_Low_Scan_43 DISPLAY_TYPE.strip() = ''. Removing attribute DISPLAY_TYPE.
  Band_High_Scan_43: Band_High_Scan_43 DISPLAY_TYPE.strip() = ''. Removing attribute DISPLAY_TYPE.
  Center_Scan_44: Center_Scan_44 DISPLAY_TYPE.strip() = ''. Removing attribute DISPLAY_TYPE.
  Band_Low_Scan_44: Band_Low_Scan_44 DISPLAY_TYPE.strip() = ''. Removing attribute DISPLAY_TYPE.
  Band_High_Scan_44: Band_High_Scan_44 DISPLAY_TYPE.strip() = ''. Removing attribute DISPLAY_TYPE.
  Center_Scan_45: Center_Scan_45 DISPLAY_TYPE.strip() = ''. Removing attribute DISPLAY_TYPE.
  Band_Low_Scan_45: Band_Low_Scan_45 DISPLAY_TYPE.strip() = ''. Removing attribute DISPLAY_TYPE.
  Band_High_Scan_45: Band_High_Scan_45 DISPLAY_TYPE.strip() = ''. Removing attribute DISPLAY_TYPE.
  Center_Scan_46: Center_Scan_46 DISPLAY_TYPE.strip() = ''. Removing attribute DISPLAY_TYPE.
  Band_Low_Scan_46: Band_Low_Scan_46 DISPLAY_TYPE.strip() = ''. Removing attribute DISPLAY_TYPE.
  Band_High_Scan_46: Band_High_Scan_46 DISPLAY_TYPE.strip() = ''. Removing attribute DISPLAY_TYPE.
  Center_Scan_47: Center_Scan_47 DISPLAY_TYPE.strip() = ''. Removing attribute DISPLAY_TYPE.
  Band_Low_Scan_47: Band_Low_Scan_47 DISPLAY_TYPE.strip() = ''. Removing attribute DISPLAY_TYPE.
  Band_High_Scan_47: Band_High_Scan_47 DISPLAY_TYPE.strip() = ''. Removing attribute DISPLAY_TYPE.
  Center_Scan_48: Center_Scan_48 DISPLAY_TYPE.strip() = ''. Removing attribute DISPLAY_TYPE.
  Band_Low_Scan_48: Band_Low_Scan_48 DISPLAY_TYPE.strip() = ''. Removing attribute DISPLAY_TYPE.
  Band_High_Scan_48: Band_High_Scan_48 DISPLAY_TYPE.strip() = ''. Removing attribute DISPLAY_TYPE.
  Center_Scan_49: Center_Scan_49 DISPLAY_TYPE.strip() = ''. Removing attribute DISPLAY_TYPE.
  Band_Low_Scan_49: Band_Low_Scan_49 DISPLAY_TYPE.strip() = ''. Removing attribute DISPLAY_TYPE.
  Band_High_Scan_49: Band_High_Scan_49 DISPLAY_TYPE.strip() = ''. Removing attribute DISPLAY_TYPE.
  Center_Scan_50: Center_Scan_50 DISPLAY_TYPE.strip() = ''. Removing attribute DISPLAY_TYPE.
  Band_Low_Scan_50: Band_Low_Scan_50 DISPLAY_TYPE.strip() = ''. Removing attribute DISPLAY_TYPE.
  Band_High_Scan_50: Band_High_Scan_50 DISPLAY_TYPE.strip() = ''. Removing attribute DISPLAY_TYPE.
  Center_Scan_51: Center_Scan_51 DISPLAY_TYPE.strip() = ''. Removing attribute DISPLAY_TYPE.
  Band_Low_Scan_51: Band_Low_Scan_51 DISPLAY_TYPE.strip() = ''. Removing attribute DISPLAY_TYPE.
  Band_High_Scan_51: Band_High_Scan_51 DISPLAY_TYPE.strip() = ''. Removing attribute DISPLAY_TYPE.
  Center_Scan_52: Center_Scan_52 DISPLAY_TYPE.strip() = ''. Removing attribute DISPLAY_TYPE.
  Band_Low_Scan_52: Band_Low_Scan_52 DISPLAY_TYPE.strip() = ''. Removing attribute DISPLAY_TYPE.
  Band_High_Scan_52: Band_High_Scan_52 DISPLAY_TYPE.strip() = ''. Removing attribute DISPLAY_TYPE.
  Center_Scan_53: Center_Scan_53 DISPLAY_TYPE.strip() = ''. Removing attribute DISPLAY_TYPE.
  Band_Low_Scan_53: Band_Low_Scan_53 DISPLAY_TYPE.strip() = ''. Removing attribute DISPLAY_TYPE.
  Band_High_Scan_53: Band_High_Scan_53 DISPLAY_TYPE.strip() = ''. Removing attribute DISPLAY_TYPE.
  Center_Scan_54: Center_Scan_54 DISPLAY_TYPE.strip() = ''. Removing attribute DISPLAY_TYPE.
  Band_Low_Scan_54: Band_Low_Scan_54 DISPLAY_TYPE.strip() = ''. Removing attribute DISPLAY_TYPE.
  Band_High_Scan_54: Band_High_Scan_54 DISPLAY_TYPE.strip() = ''. Removing attribute DISPLAY_TYPE.
  Center_Scan_55: Center_Scan_55 DISPLAY_TYPE.strip() = ''. Removing attribute DISPLAY_TYPE.
  Band_Low_Scan_55: Band_Low_Scan_55 DISPLAY_TYPE.strip() = ''. Removing attribute DISPLAY_TYPE.
  Band_High_Scan_55: Band_High_Scan_55 DISPLAY_TYPE.strip() = ''. Removing attribute DISPLAY_TYPE.
  Center_Scan_56: Center_Scan_56 DISPLAY_TYPE.strip() = ''. Removing attribute DISPLAY_TYPE.
  Band_Low_Scan_56: Band_Low_Scan_56 DISPLAY_TYPE.strip() = ''. Removing attribute DISPLAY_TYPE.
  Band_High_Scan_56: Band_High_Scan_56 DISPLAY_TYPE.strip() = ''. Removing attribute DISPLAY_TYPE.
  Center_Scan_57: Center_Scan_57 DISPLAY_TYPE.strip() = ''. Removing attribute DISPLAY_TYPE.
  Band_Low_Scan_57: Band_Low_Scan_57 DISPLAY_TYPE.strip() = ''. Removing attribute DISPLAY_TYPE.
  Band_High_Scan_57: Band_High_Scan_57 DISPLAY_TYPE.strip() = ''. Removing attribute DISPLAY_TYPE.
  Center_Scan_58: Center_Scan_58 DISPLAY_TYPE.strip() = ''. Removing attribute DISPLAY_TYPE.
  Band_Low_Scan_58: Band_Low_Scan_58 DISPLAY_TYPE.strip() = ''. Removing attribute DISPLAY_TYPE.
  Band_High_Scan_58: Band_High_Scan_58 DISPLAY_TYPE.strip() = ''. Removing attribute DISPLAY_TYPE.
  Center_Scan_59: Center_Scan_59 DISPLAY_TYPE.strip() = ''. Removing attribute DISPLAY_TYPE.
  Band_Low_Scan_59: Band_Low_Scan_59 DISPLAY_TYPE.strip() = ''. Removing attribute DISPLAY_TYPE.
  Band_High_Scan_59: Band_High_Scan_59 DISPLAY_TYPE.strip() = ''. Removing attribute DISPLAY_TYPE.
  Center_Scan_60: Center_Scan_60 DISPLAY_TYPE.strip() = ''. Removing attribute DISPLAY_TYPE.
  Band_Low_Scan_60: Band_Low_Scan_60 DISPLAY_TYPE.strip() = ''. Removing attribute DISPLAY_TYPE.
  Band_High_Scan_60: Band_High_Scan_60 DISPLAY_TYPE.strip() = ''. Removing attribute DISPLAY_TYPE.
  Center_Scan_61: Center_Scan_61 DISPLAY_TYPE.strip() = ''. Removing attribute DISPLAY_TYPE.
  Band_Low_Scan_61: Band_Low_Scan_61 DISPLAY_TYPE.strip() = ''. Removing attribute DISPLAY_TYPE.
  Band_High_Scan_61: Band_High_Scan_61 DISPLAY_TYPE.strip() = ''. Removing attribute DISPLAY_TYPE.
  Center_Scan_62: Center_Scan_62 DISPLAY_TYPE.strip() = ''. Removing attribute DISPLAY_TYPE.
  Band_Low_Scan_62: Band_Low_Scan_62 DISPLAY_TYPE.strip() = ''. Removing attribute DISPLAY_TYPE.
  Band_High_Scan_62: Band_High_Scan_62 DISPLAY_TYPE.strip() = ''. Removing attribute DISPLAY_TYPE.
  Center_Scan_63: Center_Scan_63 DISPLAY_TYPE.strip() = ''. Removing attribute DISPLAY_TYPE.
  Band_Low_Scan_63: Band_Low_Scan_63 DISPLAY_TYPE.strip() = ''. Removing attribute DISPLAY_TYPE.
  Band_High_Scan_63: Band_High_Scan_63 DISPLAY_TYPE.strip() = ''. Removing attribute DISPLAY_TYPE.
DE2_LAPI_LAPI-MAG | ISTP.DISPLAY_TYPE.Empty:
  Epoch: Epoch DISPLAY_TYPE.strip() = ''. Removing attribute DISPLAY_TYPE.
  Mode_Epoch: Mode_Epoch DISPLAY_TYPE.strip() = ''. Removing attribute DISPLAY_TYPE.
DE2_LAPI_ORBIT-ATTITUDE | ISTP.DISPLAY_TYPE.Empty:
  Epoch: Epoch DISPLAY_TYPE.strip() = ''. Removing attribute DISPLAY_TYPE.
  Mode_Epoch: Mode_Epoch DISPLAY_TYPE.strip() = ''. Removing attribute DISPLAY_TYPE.
DE2_LAPI_ORBIT-ATTITUDE-MAGB | ISTP.DISPLAY_TYPE.Empty:
  Epoch: Epoch DISPLAY_TYPE.strip() = ''. Removing attribute DISPLAY_TYPE.
DE2_LAPI_PITCH-ANGLES | ISTP.DISPLAY_TYPE.Empty:
  Epoch: Epoch DISPLAY_TYPE.strip() = ''. Removing attribute DISPLAY_TYPE.
  Mode_Epoch: Mode_Epoch DISPLAY_TYPE.strip() = ''. Removing attribute DISPLAY_TYPE.
DE2_LAPI_PROJECTED-MAGB | ISTP.DISPLAY_TYPE.Empty:
  Epoch: Epoch DISPLAY_TYPE.strip() = ''. Removing attribute DISPLAY_TYPE.
DE2_LAPI_SC-MAGB | ISTP.DISPLAY_TYPE.Empty:
  Epoch: Epoch DISPLAY_TYPE.strip() = ''. Removing attribute DISPLAY_TYPE.
DE2_LAPI_SHAFT-ENCODER-ANGLE | ISTP.DISPLAY_TYPE.Empty:
  Epoch: Epoch DISPLAY_TYPE.strip() = ''. Removing attribute DISPLAY_TYPE.
  Mode_Epoch: Mode_Epoch DISPLAY_TYPE.strip() = ''. Removing attribute DISPLAY_TYPE.
DE_VS_EICS | ISTP.DISPLAY_TYPE.Empty:
  Center_energy: Center_energy DISPLAY_TYPE.strip() = ''. Removing attribute DISPLAY_TYPE.
  E_delta: E_delta DISPLAY_TYPE.strip() = ''. Removing attribute DISPLAY_TYPE.
  Center_pitch_angle: Center_pitch_angle DISPLAY_TYPE.strip() = ''. Removing attribute DISPLAY_TYPE.
  h_angle_label: h_angle_label DISPLAY_TYPE.strip() = ''. Removing attribute DISPLAY_TYPE.
  o_angle_label: o_angle_label DISPLAY_TYPE.strip() = ''. Removing attribute DISPLAY_TYPE.
  o_uncertainty_angle_label: o_uncertainty_angle_label DISPLAY_TYPE.strip() = ''. Removing attribute DISPLAY_TYPE.
  he_angle_label: he_angle_label DISPLAY_TYPE.strip() = ''. Removing attribute DISPLAY_TYPE.
  he_uncertainty_angle_label: he_uncertainty_angle_label DISPLAY_TYPE.strip() = ''. Removing attribute DISPLAY_TYPE.
  He_data: He_data DISPLAY_TYPE.strip() = ''. Removing attribute DISPLAY_TYPE.
  N_flag: N_flag DISPLAY_TYPE.strip() = ''. Removing attribute DISPLAY_TYPE.
  C_flag: C_flag DISPLAY_TYPE.strip() = ''. Removing attribute DISPLAY_TYPE.
  A_flag: A_flag DISPLAY_TYPE.strip() = ''. Removing attribute DISPLAY_TYPE.
  Noisy_flag: Noisy_flag DISPLAY_TYPE.strip() = ''. Removing attribute DISPLAY_TYPE.
  Short_flag: Short_flag DISPLAY_TYPE.strip() = ''. Removing attribute DISPLAY_TYPE.
  PA_coverage_flag: PA_coverage_flag DISPLAY_TYPE.strip() = ''. Removing attribute DISPLAY_TYPE.
  Q_FLAG_FILE_CORRUPTED: Q_FLAG_FILE_CORRUPTED DISPLAY_TYPE.strip() = ''. Removing attribute DISPLAY_TYPE.
  label_time: label_time DISPLAY_TYPE.strip() = ''. Removing attribute DISPLAY_TYPE.
  unit_time: unit_time DISPLAY_TYPE.strip() = ''. Removing attribute DISPLAY_TYPE.
  format_time: format_time DISPLAY_TYPE.strip() = ''. Removing attribute DISPLAY_TYPE.
  UNIT_PTR_GEOMAG: UNIT_PTR_GEOMAG DISPLAY_TYPE.strip() = ''. Removing attribute DISPLAY_TYPE.
  UNIT_PTR_GEO: UNIT_PTR_GEO DISPLAY_TYPE.strip() = ''. Removing attribute DISPLAY_TYPE.
  FORM_PTR_GEOMAG: FORM_PTR_GEOMAG DISPLAY_TYPE.strip() = ''. Removing attribute DISPLAY_TYPE.
  FORM_PTR_GEO: FORM_PTR_GEO DISPLAY_TYPE.strip() = ''. Removing attribute DISPLAY_TYPE.
  LABL_PTR_GEOMAG: LABL_PTR_GEOMAG DISPLAY_TYPE.strip() = ''. Removing attribute DISPLAY_TYPE.
  LABL_PTR_GEO: LABL_PTR_GEO DISPLAY_TYPE.strip() = ''. Removing attribute DISPLAY_TYPE.
DN_K0_GBAY | ISTP.DISPLAY_TYPE.Empty:
  Epoch: Epoch DISPLAY_TYPE.strip() = ''. Removing attribute DISPLAY_TYPE.
  Time_PB5: Time_PB5 DISPLAY_TYPE.strip() = ''. Removing attribute DISPLAY_TYPE.
  delta_time: delta_time DISPLAY_TYPE.strip() = ''. Removing attribute DISPLAY_TYPE.
  position: position DISPLAY_TYPE.strip() = ''. Removing attribute DISPLAY_TYPE.
  delta_pos: delta_pos DISPLAY_TYPE.strip() = ''. Removing attribute DISPLAY_TYPE.
  label_time: label_time DISPLAY_TYPE.strip() = ''. Removing attribute DISPLAY_TYPE.
  unit_time: unit_time DISPLAY_TYPE.strip() = ''. Removing attribute DISPLAY_TYPE.
  format_time: format_time DISPLAY_TYPE.strip() = ''. Removing attribute DISPLAY_TYPE.
  index: index DISPLAY_TYPE.strip() = ''. Removing attribute DISPLAY_TYPE.
  label_pos: label_pos DISPLAY_TYPE.strip() = ''. Removing attribute DISPLAY_TYPE.
  label_velocity: label_velocity DISPLAY_TYPE.strip() = ''. Removing attribute DISPLAY_TYPE.
DN_K0_HANK | ISTP.DISPLAY_TYPE.Empty:
  Epoch: Epoch DISPLAY_TYPE.strip() = ''. Removing attribute DISPLAY_TYPE.
  Time_PB5: Time_PB5 DISPLAY_TYPE.strip() = ''. Removing attribute DISPLAY_TYPE.
  delta_time: delta_time DISPLAY_TYPE.strip() = ''. Removing attribute DISPLAY_TYPE.
  position: position DISPLAY_TYPE.strip() = ''. Removing attribute DISPLAY_TYPE.
  delta_pos: delta_pos DISPLAY_TYPE.strip() = ''. Removing attribute DISPLAY_TYPE.
  label_time: label_time DISPLAY_TYPE.strip() = ''. Removing attribute DISPLAY_TYPE.
  unit_time: unit_time DISPLAY_TYPE.strip() = ''. Removing attribute DISPLAY_TYPE.
  format_time: format_time DISPLAY_TYPE.strip() = ''. Removing attribute DISPLAY_TYPE.
  index: index DISPLAY_TYPE.strip() = ''. Removing attribute DISPLAY_TYPE.
  label_pos: label_pos DISPLAY_TYPE.strip() = ''. Removing attribute DISPLAY_TYPE.
  label_velocity: label_velocity DISPLAY_TYPE.strip() = ''. Removing attribute DISPLAY_TYPE.
DN_K0_ICEW | ISTP.DISPLAY_TYPE.Empty:
  Epoch: Epoch DISPLAY_TYPE.strip() = ''. Removing attribute DISPLAY_TYPE.
  Time_PB5: Time_PB5 DISPLAY_TYPE.strip() = ''. Removing attribute DISPLAY_TYPE.
  delta_time: delta_time DISPLAY_TYPE.strip() = ''. Removing attribute DISPLAY_TYPE.
  position: position DISPLAY_TYPE.strip() = ''. Removing attribute DISPLAY_TYPE.
  delta_pos: delta_pos DISPLAY_TYPE.strip() = ''. Removing attribute DISPLAY_TYPE.
  label_time: label_time DISPLAY_TYPE.strip() = ''. Removing attribute DISPLAY_TYPE.
  unit_time: unit_time DISPLAY_TYPE.strip() = ''. Removing attribute DISPLAY_TYPE.
  format_time: format_time DISPLAY_TYPE.strip() = ''. Removing attribute DISPLAY_TYPE.
  index: index DISPLAY_TYPE.strip() = ''. Removing attribute DISPLAY_TYPE.
  label_pos: label_pos DISPLAY_TYPE.strip() = ''. Removing attribute DISPLAY_TYPE.
  label_velocity: label_velocity DISPLAY_TYPE.strip() = ''. Removing attribute DISPLAY_TYPE.
DN_K0_KAPU | ISTP.DISPLAY_TYPE.Empty:
  Epoch: Epoch DISPLAY_TYPE.strip() = ''. Removing attribute DISPLAY_TYPE.
  Time_PB5: Time_PB5 DISPLAY_TYPE.strip() = ''. Removing attribute DISPLAY_TYPE.
  delta_time: delta_time DISPLAY_TYPE.strip() = ''. Removing attribute DISPLAY_TYPE.
  position: position DISPLAY_TYPE.strip() = ''. Removing attribute DISPLAY_TYPE.
  delta_pos: delta_pos DISPLAY_TYPE.strip() = ''. Removing attribute DISPLAY_TYPE.
  label_time: label_time DISPLAY_TYPE.strip() = ''. Removing attribute DISPLAY_TYPE.
  unit_time: unit_time DISPLAY_TYPE.strip() = ''. Removing attribute DISPLAY_TYPE.
  format_time: format_time DISPLAY_TYPE.strip() = ''. Removing attribute DISPLAY_TYPE.
  index: index DISPLAY_TYPE.strip() = ''. Removing attribute DISPLAY_TYPE.
  label_pos: label_pos DISPLAY_TYPE.strip() = ''. Removing attribute DISPLAY_TYPE.
  label_velocity: label_velocity DISPLAY_TYPE.strip() = ''. Removing attribute DISPLAY_TYPE.
DN_K0_PACE | ISTP.DISPLAY_TYPE.Empty:
  Epoch: Epoch DISPLAY_TYPE.strip() = ''. Removing attribute DISPLAY_TYPE.
  Time_PB5: Time_PB5 DISPLAY_TYPE.strip() = ''. Removing attribute DISPLAY_TYPE.
  delta_time: delta_time DISPLAY_TYPE.strip() = ''. Removing attribute DISPLAY_TYPE.
  position: position DISPLAY_TYPE.strip() = ''. Removing attribute DISPLAY_TYPE.
  delta_pos: delta_pos DISPLAY_TYPE.strip() = ''. Removing attribute DISPLAY_TYPE.
  label_time: label_time DISPLAY_TYPE.strip() = ''. Removing attribute DISPLAY_TYPE.
  unit_time: unit_time DISPLAY_TYPE.strip() = ''. Removing attribute DISPLAY_TYPE.
  format_time: format_time DISPLAY_TYPE.strip() = ''. Removing attribute DISPLAY_TYPE.
  index: index DISPLAY_TYPE.strip() = ''. Removing attribute DISPLAY_TYPE.
  label_pos: label_pos DISPLAY_TYPE.strip() = ''. Removing attribute DISPLAY_TYPE.
  label_velocity: label_velocity DISPLAY_TYPE.strip() = ''. Removing attribute DISPLAY_TYPE.
DN_K0_PYKK | ISTP.DISPLAY_TYPE.Empty:
  Epoch: Epoch DISPLAY_TYPE.strip() = ''. Removing attribute DISPLAY_TYPE.
  Time_PB5: Time_PB5 DISPLAY_TYPE.strip() = ''. Removing attribute DISPLAY_TYPE.
  delta_time: delta_time DISPLAY_TYPE.strip() = ''. Removing attribute DISPLAY_TYPE.
  position: position DISPLAY_TYPE.strip() = ''. Removing attribute DISPLAY_TYPE.
  delta_pos: delta_pos DISPLAY_TYPE.strip() = ''. Removing attribute DISPLAY_TYPE.
  label_time: label_time DISPLAY_TYPE.strip() = ''. Removing attribute DISPLAY_TYPE.
  unit_time: unit_time DISPLAY_TYPE.strip() = ''. Removing attribute DISPLAY_TYPE.
  format_time: format_time DISPLAY_TYPE.strip() = ''. Removing attribute DISPLAY_TYPE.
  index: index DISPLAY_TYPE.strip() = ''. Removing attribute DISPLAY_TYPE.
  label_pos: label_pos DISPLAY_TYPE.strip() = ''. Removing attribute DISPLAY_TYPE.
  label_velocity: label_velocity DISPLAY_TYPE.strip() = ''. Removing attribute DISPLAY_TYPE.
DN_K0_SASK | ISTP.DISPLAY_TYPE.Empty:
  Epoch: Epoch DISPLAY_TYPE.strip() = ''. Removing attribute DISPLAY_TYPE.
  Time_PB5: Time_PB5 DISPLAY_TYPE.strip() = ''. Removing attribute DISPLAY_TYPE.
  delta_time: delta_time DISPLAY_TYPE.strip() = ''. Removing attribute DISPLAY_TYPE.
  position: position DISPLAY_TYPE.strip() = ''. Removing attribute DISPLAY_TYPE.
  delta_pos: delta_pos DISPLAY_TYPE.strip() = ''. Removing attribute DISPLAY_TYPE.
  label_time: label_time DISPLAY_TYPE.strip() = ''. Removing attribute DISPLAY_TYPE.
  unit_time: unit_time DISPLAY_TYPE.strip() = ''. Removing attribute DISPLAY_TYPE.
  format_time: format_time DISPLAY_TYPE.strip() = ''. Removing attribute DISPLAY_TYPE.
  index: index DISPLAY_TYPE.strip() = ''. Removing attribute DISPLAY_TYPE.
  label_pos: label_pos DISPLAY_TYPE.strip() = ''. Removing attribute DISPLAY_TYPE.
  label_velocity: label_velocity DISPLAY_TYPE.strip() = ''. Removing attribute DISPLAY_TYPE.
DN_MAGN-L2-HIRES_G08 | ISTP.DISPLAY_TYPE.Empty:
  label_ECI: label_ECI DISPLAY_TYPE.strip() = ''. Removing attribute DISPLAY_TYPE.
  label_GSE: label_GSE DISPLAY_TYPE.strip() = ''. Removing attribute DISPLAY_TYPE.
  label_GSM: label_GSM DISPLAY_TYPE.strip() = ''. Removing attribute DISPLAY_TYPE.
  label_VDH: label_VDH DISPLAY_TYPE.strip() = ''. Removing attribute DISPLAY_TYPE.
  label_BRF: label_BRF DISPLAY_TYPE.strip() = ''. Removing attribute DISPLAY_TYPE.
  label_orbit_llr_geo: label_orbit_llr_geo DISPLAY_TYPE.strip() = ''. Removing attribute DISPLAY_TYPE.
DN_MAGN-L2-HIRES_G09 | ISTP.DISPLAY_TYPE.Empty:
  label_ECI: label_ECI DISPLAY_TYPE.strip() = ''. Removing attribute DISPLAY_TYPE.
  label_GSE: label_GSE DISPLAY_TYPE.strip() = ''. Removing attribute DISPLAY_TYPE.
  label_GSM: label_GSM DISPLAY_TYPE.strip() = ''. Removing attribute DISPLAY_TYPE.
  label_VDH: label_VDH DISPLAY_TYPE.strip() = ''. Removing attribute DISPLAY_TYPE.
  label_BRF: label_BRF DISPLAY_TYPE.strip() = ''. Removing attribute DISPLAY_TYPE.
  label_orbit_llr_geo: label_orbit_llr_geo DISPLAY_TYPE.strip() = ''. Removing attribute DISPLAY_TYPE.
DN_MAGN-L2-HIRES_G10 | ISTP.DISPLAY_TYPE.Empty:
  label_ECI: label_ECI DISPLAY_TYPE.strip() = ''. Removing attribute DISPLAY_TYPE.
  label_GSE: label_GSE DISPLAY_TYPE.strip() = ''. Removing attribute DISPLAY_TYPE.
  label_GSM: label_GSM DISPLAY_TYPE.strip() = ''. Removing attribute DISPLAY_TYPE.
  label_VDH: label_VDH DISPLAY_TYPE.strip() = ''. Removing attribute DISPLAY_TYPE.
  label_BRF: label_BRF DISPLAY_TYPE.strip() = ''. Removing attribute DISPLAY_TYPE.
  label_orbit_llr_geo: label_orbit_llr_geo DISPLAY_TYPE.strip() = ''. Removing attribute DISPLAY_TYPE.
DN_MAGN-L2-HIRES_G11 | ISTP.DISPLAY_TYPE.Empty:
  label_ECI: label_ECI DISPLAY_TYPE.strip() = ''. Removing attribute DISPLAY_TYPE.
  label_GSE: label_GSE DISPLAY_TYPE.strip() = ''. Removing attribute DISPLAY_TYPE.
  label_GSM: label_GSM DISPLAY_TYPE.strip() = ''. Removing attribute DISPLAY_TYPE.
  label_VDH: label_VDH DISPLAY_TYPE.strip() = ''. Removing attribute DISPLAY_TYPE.
  label_BRF: label_BRF DISPLAY_TYPE.strip() = ''. Removing attribute DISPLAY_TYPE.
  label_orbit_llr_geo: label_orbit_llr_geo DISPLAY_TYPE.strip() = ''. Removing attribute DISPLAY_TYPE.
DN_MAGN-L2-HIRES_G12 | ISTP.DISPLAY_TYPE.Empty:
  label_ECI: label_ECI DISPLAY_TYPE.strip() = ''. Removing attribute DISPLAY_TYPE.
  label_GSE: label_GSE DISPLAY_TYPE.strip() = ''. Removing attribute DISPLAY_TYPE.
  label_GSM: label_GSM DISPLAY_TYPE.strip() = ''. Removing attribute DISPLAY_TYPE.
  label_VDH: label_VDH DISPLAY_TYPE.strip() = ''. Removing attribute DISPLAY_TYPE.
  label_BRF: label_BRF DISPLAY_TYPE.strip() = ''. Removing attribute DISPLAY_TYPE.
  label_orbit_llr_geo: label_orbit_llr_geo DISPLAY_TYPE.strip() = ''. Removing attribute DISPLAY_TYPE.
DN_MAGN-L2-HIRES_G13 | ISTP.DISPLAY_TYPE.Empty:
  label_ECI: label_ECI DISPLAY_TYPE.strip() = ''. Removing attribute DISPLAY_TYPE.
  label_GSE: label_GSE DISPLAY_TYPE.strip() = ''. Removing attribute DISPLAY_TYPE.
  label_GSM: label_GSM DISPLAY_TYPE.strip() = ''. Removing attribute DISPLAY_TYPE.
  label_VDH: label_VDH DISPLAY_TYPE.strip() = ''. Removing attribute DISPLAY_TYPE.
  label_BRF: label_BRF DISPLAY_TYPE.strip() = ''. Removing attribute DISPLAY_TYPE.
  label_orbit_llr_geo: label_orbit_llr_geo DISPLAY_TYPE.strip() = ''. Removing attribute DISPLAY_TYPE.
DN_MAGN-L2-HIRES_G14 | ISTP.DISPLAY_TYPE.Empty:
  label_ECI: label_ECI DISPLAY_TYPE.strip() = ''. Removing attribute DISPLAY_TYPE.
  label_GSE: label_GSE DISPLAY_TYPE.strip() = ''. Removing attribute DISPLAY_TYPE.
  label_GSM: label_GSM DISPLAY_TYPE.strip() = ''. Removing attribute DISPLAY_TYPE.
  label_VDH: label_VDH DISPLAY_TYPE.strip() = ''. Removing attribute DISPLAY_TYPE.
  label_BRF: label_BRF DISPLAY_TYPE.strip() = ''. Removing attribute DISPLAY_TYPE.
  label_orbit_llr_geo: label_orbit_llr_geo DISPLAY_TYPE.strip() = ''. Removing attribute DISPLAY_TYPE.
DN_MAGN-L2-HIRES_G15 | ISTP.DISPLAY_TYPE.Empty:
  label_ECI: label_ECI DISPLAY_TYPE.strip() = ''. Removing attribute DISPLAY_TYPE.
  label_GSE: label_GSE DISPLAY_TYPE.strip() = ''. Removing attribute DISPLAY_TYPE.
  label_GSM: label_GSM DISPLAY_TYPE.strip() = ''. Removing attribute DISPLAY_TYPE.
  label_VDH: label_VDH DISPLAY_TYPE.strip() = ''. Removing attribute DISPLAY_TYPE.
  label_BRF: label_BRF DISPLAY_TYPE.strip() = ''. Removing attribute DISPLAY_TYPE.
  label_orbit_llr_geo: label_orbit_llr_geo DISPLAY_TYPE.strip() = ''. Removing attribute DISPLAY_TYPE.
DN_MAGN-L2-HIRES_G16 | ISTP.DISPLAY_TYPE.Empty:
  label_ECI: label_ECI DISPLAY_TYPE.strip() = ''. Removing attribute DISPLAY_TYPE.
  label_GSE: label_GSE DISPLAY_TYPE.strip() = ''. Removing attribute DISPLAY_TYPE.
  label_GSM: label_GSM DISPLAY_TYPE.strip() = ''. Removing attribute DISPLAY_TYPE.
  label_VDH: label_VDH DISPLAY_TYPE.strip() = ''. Removing attribute DISPLAY_TYPE.
  label_BRF: label_BRF DISPLAY_TYPE.strip() = ''. Removing attribute DISPLAY_TYPE.
  label_orbit_llr_geo: label_orbit_llr_geo DISPLAY_TYPE.strip() = ''. Removing attribute DISPLAY_TYPE.
DN_MAGN-L2-HIRES_G17 | ISTP.DISPLAY_TYPE.Empty:
  label_ECI: label_ECI DISPLAY_TYPE.strip() = ''. Removing attribute DISPLAY_TYPE.
  label_GSE: label_GSE DISPLAY_TYPE.strip() = ''. Removing attribute DISPLAY_TYPE.
  label_GSM: label_GSM DISPLAY_TYPE.strip() = ''. Removing attribute DISPLAY_TYPE.
  label_VDH: label_VDH DISPLAY_TYPE.strip() = ''. Removing attribute DISPLAY_TYPE.
  label_BRF: label_BRF DISPLAY_TYPE.strip() = ''. Removing attribute DISPLAY_TYPE.
  label_orbit_llr_geo: label_orbit_llr_geo DISPLAY_TYPE.strip() = ''. Removing attribute DISPLAY_TYPE.
DN_MAGN-L2-HIRES_G18 | ISTP.DISPLAY_TYPE.Empty:
  label_orbit_llr_geo: label_orbit_llr_geo DISPLAY_TYPE.strip() = ''. Removing attribute DISPLAY_TYPE.
  label_ECI: label_ECI DISPLAY_TYPE.strip() = ''. Removing attribute DISPLAY_TYPE.
  label_GSE: label_GSE DISPLAY_TYPE.strip() = ''. Removing attribute DISPLAY_TYPE.
  label_GSM: label_GSM DISPLAY_TYPE.strip() = ''. Removing attribute DISPLAY_TYPE.
  label_VDH: label_VDH DISPLAY_TYPE.strip() = ''. Removing attribute DISPLAY_TYPE.
  label_BRF: label_BRF DISPLAY_TYPE.strip() = ''. Removing attribute DISPLAY_TYPE.
EARTH_HELIO1DAY_POSITION | ISTP.DISPLAY_TYPE.Empty:
  Epoch: Epoch DISPLAY_TYPE.strip() = ''. Removing attribute DISPLAY_TYPE.
EARTH_HELIO1HR_POSITION | ISTP.DISPLAY_TYPE.Empty:
  Epoch: Epoch DISPLAY_TYPE.strip() = ''. Removing attribute DISPLAY_TYPE.
ENDURANCE_EPHEMERIS_GPS | ISTP.DISPLAY_TYPE.Empty:
  Epoch: Epoch DISPLAY_TYPE.strip() = ''. Removing attribute DISPLAY_TYPE.
ENDURANCE_L1B_PES | ISTP.DISPLAY_TYPE.Empty:
  Epoch: Epoch DISPLAY_TYPE.strip() = ''. Removing attribute DISPLAY_TYPE.
  Epoch_steps: Epoch_steps DISPLAY_TYPE.strip() = ''. Removing attribute DISPLAY_TYPE.
ENDURANCE_L2-ESA_PES | ISTP.DISPLAY_TYPE.Empty:
  Epoch: Epoch DISPLAY_TYPE.strip() = ''. Removing attribute DISPLAY_TYPE.
ENDURANCE_L2-GF_PES | ISTP.DISPLAY_TYPE.Empty:
  Epoch: Epoch DISPLAY_TYPE.strip() = ''. Removing attribute DISPLAY_TYPE.
ENDURANCE_L2-RPA_PES | ISTP.DISPLAY_TYPE.Empty:
  Epoch: Epoch DISPLAY_TYPE.strip() = ''. Removing attribute DISPLAY_TYPE.
ENDURANCE_L2_SLP | ISTP.DISPLAY_TYPE.Empty:
  Epoch: Epoch DISPLAY_TYPE.strip() = ''. Removing attribute DISPLAY_TYPE.
ENDURANCE_L3_PES | ISTP.DISPLAY_TYPE.Empty:
  Epoch: Epoch DISPLAY_TYPE.strip() = ''. Removing attribute DISPLAY_TYPE.
FAST_OR_SSC | ISTP.DISPLAY_TYPE.Empty:
  Epoch: Epoch DISPLAY_TYPE.strip() = ''. Removing attribute DISPLAY_TYPE.
G0_K0_EP8 | ISTP.DISPLAY_TYPE.Empty:
  Epoch: Epoch DISPLAY_TYPE.strip() = ''. Removing attribute DISPLAY_TYPE.
  Time_PB5: Time_PB5 DISPLAY_TYPE.strip() = ''. Removing attribute DISPLAY_TYPE.
  E1: E1 DISPLAY_TYPE.strip() = ''. Removing attribute DISPLAY_TYPE.
  E2: E2 DISPLAY_TYPE.strip() = ''. Removing attribute DISPLAY_TYPE.
  E3: E3 DISPLAY_TYPE.strip() = ''. Removing attribute DISPLAY_TYPE.
  P1: P1 DISPLAY_TYPE.strip() = ''. Removing attribute DISPLAY_TYPE.
  SC_pos_ll: SC_pos_ll DISPLAY_TYPE.strip() = ''. Removing attribute DISPLAY_TYPE.
  SC_pos_eo: SC_pos_eo DISPLAY_TYPE.strip() = ''. Removing attribute DISPLAY_TYPE.
  EPS_stat: EPS_stat DISPLAY_TYPE.strip() = ''. Removing attribute DISPLAY_TYPE.
  label_time: label_time DISPLAY_TYPE.strip() = ''. Removing attribute DISPLAY_TYPE.
  unit_time: unit_time DISPLAY_TYPE.strip() = ''. Removing attribute DISPLAY_TYPE.
  format_time: format_time DISPLAY_TYPE.strip() = ''. Removing attribute DISPLAY_TYPE.
  E1_flag: E1_flag DISPLAY_TYPE.strip() = ''. Removing attribute DISPLAY_TYPE.
  E2_flag: E2_flag DISPLAY_TYPE.strip() = ''. Removing attribute DISPLAY_TYPE.
  E3_flag: E3_flag DISPLAY_TYPE.strip() = ''. Removing attribute DISPLAY_TYPE.
  P1_flag: P1_flag DISPLAY_TYPE.strip() = ''. Removing attribute DISPLAY_TYPE.
  cartesian: cartesian DISPLAY_TYPE.strip() = ''. Removing attribute DISPLAY_TYPE.
  SC_flag: SC_flag DISPLAY_TYPE.strip() = ''. Removing attribute DISPLAY_TYPE.
  label_latlong: label_latlong DISPLAY_TYPE.strip() = ''. Removing attribute DISPLAY_TYPE.
  label_GEO: label_GEO DISPLAY_TYPE.strip() = ''. Removing attribute DISPLAY_TYPE.
  label_GSE: label_GSE DISPLAY_TYPE.strip() = ''. Removing attribute DISPLAY_TYPE.
  label_GSM: label_GSM DISPLAY_TYPE.strip() = ''. Removing attribute DISPLAY_TYPE.
  unit_sc: unit_sc DISPLAY_TYPE.strip() = ''. Removing attribute DISPLAY_TYPE.
G0_K0_MAG | ISTP.DISPLAY_TYPE.Empty:
  Epoch: Epoch DISPLAY_TYPE.strip() = ''. Removing attribute DISPLAY_TYPE.
  Time_PB5: Time_PB5 DISPLAY_TYPE.strip() = ''. Removing attribute DISPLAY_TYPE.
  B_GSE_c: B_GSE_c DISPLAY_TYPE.strip() = ''. Removing attribute DISPLAY_TYPE.
  B_GSM_c: B_GSM_c DISPLAY_TYPE.strip() = ''. Removing attribute DISPLAY_TYPE.
  B_lcl_c: B_lcl_c DISPLAY_TYPE.strip() = ''. Removing attribute DISPLAY_TYPE.
  SC_pos_ll: SC_pos_ll DISPLAY_TYPE.strip() = ''. Removing attribute DISPLAY_TYPE.
  SC_pos_eo: SC_pos_eo DISPLAY_TYPE.strip() = ''. Removing attribute DISPLAY_TYPE.
  MGF_stat: MGF_stat DISPLAY_TYPE.strip() = ''. Removing attribute DISPLAY_TYPE.
  label_time: label_time DISPLAY_TYPE.strip() = ''. Removing attribute DISPLAY_TYPE.
  unit_time: unit_time DISPLAY_TYPE.strip() = ''. Removing attribute DISPLAY_TYPE.
  format_time: format_time DISPLAY_TYPE.strip() = ''. Removing attribute DISPLAY_TYPE.
  B_flag: B_flag DISPLAY_TYPE.strip() = ''. Removing attribute DISPLAY_TYPE.
  cartesian: cartesian DISPLAY_TYPE.strip() = ''. Removing attribute DISPLAY_TYPE.
  label_lcl: label_lcl DISPLAY_TYPE.strip() = ''. Removing attribute DISPLAY_TYPE.
  SC_flag: SC_flag DISPLAY_TYPE.strip() = ''. Removing attribute DISPLAY_TYPE.
  label_latlong: label_latlong DISPLAY_TYPE.strip() = ''. Removing attribute DISPLAY_TYPE.
  label_GEO: label_GEO DISPLAY_TYPE.strip() = ''. Removing attribute DISPLAY_TYPE.
  label_GSE: label_GSE DISPLAY_TYPE.strip() = ''. Removing attribute DISPLAY_TYPE.
  label_GSM: label_GSM DISPLAY_TYPE.strip() = ''. Removing attribute DISPLAY_TYPE.
  label_B_GSE: label_B_GSE DISPLAY_TYPE.strip() = ''. Removing attribute DISPLAY_TYPE.
  label_B_GSM: label_B_GSM DISPLAY_TYPE.strip() = ''. Removing attribute DISPLAY_TYPE.
  unit_sc: unit_sc DISPLAY_TYPE.strip() = ''. Removing attribute DISPLAY_TYPE.
G6_K0_EPS | ISTP.DISPLAY_TYPE.Empty:
  Epoch: Epoch DISPLAY_TYPE.strip() = ''. Removing attribute DISPLAY_TYPE.
  Time_PB5: Time_PB5 DISPLAY_TYPE.strip() = ''. Removing attribute DISPLAY_TYPE.
  IE: IE DISPLAY_TYPE.strip() = ''. Removing attribute DISPLAY_TYPE.
  EPS_stat: EPS_stat DISPLAY_TYPE.strip() = ''. Removing attribute DISPLAY_TYPE.
  label_time: label_time DISPLAY_TYPE.strip() = ''. Removing attribute DISPLAY_TYPE.
  unit_time: unit_time DISPLAY_TYPE.strip() = ''. Removing attribute DISPLAY_TYPE.
  format_time: format_time DISPLAY_TYPE.strip() = ''. Removing attribute DISPLAY_TYPE.
  E1_flag: E1_flag DISPLAY_TYPE.strip() = ''. Removing attribute DISPLAY_TYPE.
  IE_flag: IE_flag DISPLAY_TYPE.strip() = ''. Removing attribute DISPLAY_TYPE.
  Energy_range: Energy_range DISPLAY_TYPE.strip() = ''. Removing attribute DISPLAY_TYPE.
  P1_flag: P1_flag DISPLAY_TYPE.strip() = ''. Removing attribute DISPLAY_TYPE.
  cartesian: cartesian DISPLAY_TYPE.strip() = ''. Removing attribute DISPLAY_TYPE.
  label_1: label_1 DISPLAY_TYPE.strip() = ''. Removing attribute DISPLAY_TYPE.
  label_3: label_3 DISPLAY_TYPE.strip() = ''. Removing attribute DISPLAY_TYPE.
  label_4: label_4 DISPLAY_TYPE.strip() = ''. Removing attribute DISPLAY_TYPE.
  SC_flag: SC_flag DISPLAY_TYPE.strip() = ''. Removing attribute DISPLAY_TYPE.
  EPS_rsrvd: EPS_rsrvd DISPLAY_TYPE.strip() = ''. Removing attribute DISPLAY_TYPE.
  label_2: label_2 DISPLAY_TYPE.strip() = ''. Removing attribute DISPLAY_TYPE.
  unit_sc: unit_sc DISPLAY_TYPE.strip() = ''. Removing attribute DISPLAY_TYPE.
G6_K0_MAG | ISTP.DISPLAY_TYPE.Empty:
  Epoch: Epoch DISPLAY_TYPE.strip() = ''. Removing attribute DISPLAY_TYPE.
  Time_PB5: Time_PB5 DISPLAY_TYPE.strip() = ''. Removing attribute DISPLAY_TYPE.
  B_GSE_c: B_GSE_c DISPLAY_TYPE.strip() = ''. Removing attribute DISPLAY_TYPE.
  B_GSM_c: B_GSM_c DISPLAY_TYPE.strip() = ''. Removing attribute DISPLAY_TYPE.
  B_lcl_c: B_lcl_c DISPLAY_TYPE.strip() = ''. Removing attribute DISPLAY_TYPE.
  MGF_stat: MGF_stat DISPLAY_TYPE.strip() = ''. Removing attribute DISPLAY_TYPE.
  label_time: label_time DISPLAY_TYPE.strip() = ''. Removing attribute DISPLAY_TYPE.
  unit_time: unit_time DISPLAY_TYPE.strip() = ''. Removing attribute DISPLAY_TYPE.
  format_time: format_time DISPLAY_TYPE.strip() = ''. Removing attribute DISPLAY_TYPE.
  B_flag: B_flag DISPLAY_TYPE.strip() = ''. Removing attribute DISPLAY_TYPE.
  cartesian_label: cartesian_label DISPLAY_TYPE.strip() = ''. Removing attribute DISPLAY_TYPE.
  label_2: label_2 DISPLAY_TYPE.strip() = ''. Removing attribute DISPLAY_TYPE.
  SC_flag: SC_flag DISPLAY_TYPE.strip() = ''. Removing attribute DISPLAY_TYPE.
  MGF_rsrvd: MGF_rsrvd DISPLAY_TYPE.strip() = ''. Removing attribute DISPLAY_TYPE.
G7_K0_EPS | ISTP.DISPLAY_TYPE.Empty:
  Epoch: Epoch DISPLAY_TYPE.strip() = ''. Removing attribute DISPLAY_TYPE.
  Time_PB5: Time_PB5 DISPLAY_TYPE.strip() = ''. Removing attribute DISPLAY_TYPE.
  IE: IE DISPLAY_TYPE.strip() = ''. Removing attribute DISPLAY_TYPE.
  EPS_stat: EPS_stat DISPLAY_TYPE.strip() = ''. Removing attribute DISPLAY_TYPE.
  label_time: label_time DISPLAY_TYPE.strip() = ''. Removing attribute DISPLAY_TYPE.
  unit_time: unit_time DISPLAY_TYPE.strip() = ''. Removing attribute DISPLAY_TYPE.
  format_time: format_time DISPLAY_TYPE.strip() = ''. Removing attribute DISPLAY_TYPE.
  E1_flag: E1_flag DISPLAY_TYPE.strip() = ''. Removing attribute DISPLAY_TYPE.
  IE_flag: IE_flag DISPLAY_TYPE.strip() = ''. Removing attribute DISPLAY_TYPE.
  Energy_range: Energy_range DISPLAY_TYPE.strip() = ''. Removing attribute DISPLAY_TYPE.
  P1_flag: P1_flag DISPLAY_TYPE.strip() = ''. Removing attribute DISPLAY_TYPE.
  cartesian: cartesian DISPLAY_TYPE.strip() = ''. Removing attribute DISPLAY_TYPE.
  label_1: label_1 DISPLAY_TYPE.strip() = ''. Removing attribute DISPLAY_TYPE.
  label_3: label_3 DISPLAY_TYPE.strip() = ''. Removing attribute DISPLAY_TYPE.
  label_4: label_4 DISPLAY_TYPE.strip() = ''. Removing attribute DISPLAY_TYPE.
  SC_flag: SC_flag DISPLAY_TYPE.strip() = ''. Removing attribute DISPLAY_TYPE.
  EPS_rsrvd: EPS_rsrvd DISPLAY_TYPE.strip() = ''. Removing attribute DISPLAY_TYPE.
  label_2: label_2 DISPLAY_TYPE.strip() = ''. Removing attribute DISPLAY_TYPE.
  unit_sc: unit_sc DISPLAY_TYPE.strip() = ''. Removing attribute DISPLAY_TYPE.
G7_K0_MAG | ISTP.DISPLAY_TYPE.Empty:
  Epoch: Epoch DISPLAY_TYPE.strip() = ''. Removing attribute DISPLAY_TYPE.
  Time_PB5: Time_PB5 DISPLAY_TYPE.strip() = ''. Removing attribute DISPLAY_TYPE.
  B_GSE_c: B_GSE_c DISPLAY_TYPE.strip() = ''. Removing attribute DISPLAY_TYPE.
  B_GSM_c: B_GSM_c DISPLAY_TYPE.strip() = ''. Removing attribute DISPLAY_TYPE.
  B_lcl_c: B_lcl_c DISPLAY_TYPE.strip() = ''. Removing attribute DISPLAY_TYPE.
  MGF_stat: MGF_stat DISPLAY_TYPE.strip() = ''. Removing attribute DISPLAY_TYPE.
  label_time: label_time DISPLAY_TYPE.strip() = ''. Removing attribute DISPLAY_TYPE.
  unit_time: unit_time DISPLAY_TYPE.strip() = ''. Removing attribute DISPLAY_TYPE.
  format_time: format_time DISPLAY_TYPE.strip() = ''. Removing attribute DISPLAY_TYPE.
  cartesian_label: cartesian_label DISPLAY_TYPE.strip() = ''. Removing attribute DISPLAY_TYPE.
  label_2: label_2 DISPLAY_TYPE.strip() = ''. Removing attribute DISPLAY_TYPE.
  label_3: label_3 DISPLAY_TYPE.strip() = ''. Removing attribute DISPLAY_TYPE.
  label_4: label_4 DISPLAY_TYPE.strip() = ''. Removing attribute DISPLAY_TYPE.
  SC_flag: SC_flag DISPLAY_TYPE.strip() = ''. Removing attribute DISPLAY_TYPE.
  MGF_rsrvd: MGF_rsrvd DISPLAY_TYPE.strip() = ''. Removing attribute DISPLAY_TYPE.
G7_K1_MAG | ISTP.DISPLAY_TYPE.Empty:
  Epoch: Epoch DISPLAY_TYPE.strip() = ''. Removing attribute DISPLAY_TYPE.
G8_K0_EP8 | ISTP.DISPLAY_TYPE.Empty:
  Epoch: Epoch DISPLAY_TYPE.strip() = ''. Removing attribute DISPLAY_TYPE.
  Time_PB5: Time_PB5 DISPLAY_TYPE.strip() = ''. Removing attribute DISPLAY_TYPE.
  E1: E1 DISPLAY_TYPE.strip() = ''. Removing attribute DISPLAY_TYPE.
  E2: E2 DISPLAY_TYPE.strip() = ''. Removing attribute DISPLAY_TYPE.
  E3: E3 DISPLAY_TYPE.strip() = ''. Removing attribute DISPLAY_TYPE.
  P1: P1 DISPLAY_TYPE.strip() = ''. Removing attribute DISPLAY_TYPE.
  SC_pos_ll: SC_pos_ll DISPLAY_TYPE.strip() = ''. Removing attribute DISPLAY_TYPE.
  SC_pos_eo: SC_pos_eo DISPLAY_TYPE.strip() = ''. Removing attribute DISPLAY_TYPE.
  EPS_stat: EPS_stat DISPLAY_TYPE.strip() = ''. Removing attribute DISPLAY_TYPE.
  label_time: label_time DISPLAY_TYPE.strip() = ''. Removing attribute DISPLAY_TYPE.
  unit_time: unit_time DISPLAY_TYPE.strip() = ''. Removing attribute DISPLAY_TYPE.
  format_time: format_time DISPLAY_TYPE.strip() = ''. Removing attribute DISPLAY_TYPE.
  E1_flag: E1_flag DISPLAY_TYPE.strip() = ''. Removing attribute DISPLAY_TYPE.
  E2_flag: E2_flag DISPLAY_TYPE.strip() = ''. Removing attribute DISPLAY_TYPE.
  E3_flag: E3_flag DISPLAY_TYPE.strip() = ''. Removing attribute DISPLAY_TYPE.
  P1_flag: P1_flag DISPLAY_TYPE.strip() = ''. Removing attribute DISPLAY_TYPE.
  cartesian: cartesian DISPLAY_TYPE.strip() = ''. Removing attribute DISPLAY_TYPE.
  SC_flag: SC_flag DISPLAY_TYPE.strip() = ''. Removing attribute DISPLAY_TYPE.
  label_latlong: label_latlong DISPLAY_TYPE.strip() = ''. Removing attribute DISPLAY_TYPE.
  label_GEO: label_GEO DISPLAY_TYPE.strip() = ''. Removing attribute DISPLAY_TYPE.
  label_GSE: label_GSE DISPLAY_TYPE.strip() = ''. Removing attribute DISPLAY_TYPE.
  label_GSM: label_GSM DISPLAY_TYPE.strip() = ''. Removing attribute DISPLAY_TYPE.
  unit_sc: unit_sc DISPLAY_TYPE.strip() = ''. Removing attribute DISPLAY_TYPE.
G8_K0_MAG | ISTP.DISPLAY_TYPE.Empty:
  Epoch: Epoch DISPLAY_TYPE.strip() = ''. Removing attribute DISPLAY_TYPE.
  Time_PB5: Time_PB5 DISPLAY_TYPE.strip() = ''. Removing attribute DISPLAY_TYPE.
  B_GSE_c: B_GSE_c DISPLAY_TYPE.strip() = ''. Removing attribute DISPLAY_TYPE.
  B_GSM_c: B_GSM_c DISPLAY_TYPE.strip() = ''. Removing attribute DISPLAY_TYPE.
  B_lcl_c: B_lcl_c DISPLAY_TYPE.strip() = ''. Removing attribute DISPLAY_TYPE.
  SC_pos_ll: SC_pos_ll DISPLAY_TYPE.strip() = ''. Removing attribute DISPLAY_TYPE.
  SC_pos_eo: SC_pos_eo DISPLAY_TYPE.strip() = ''. Removing attribute DISPLAY_TYPE.
  MGF_stat: MGF_stat DISPLAY_TYPE.strip() = ''. Removing attribute DISPLAY_TYPE.
  label_time: label_time DISPLAY_TYPE.strip() = ''. Removing attribute DISPLAY_TYPE.
  unit_time: unit_time DISPLAY_TYPE.strip() = ''. Removing attribute DISPLAY_TYPE.
  format_time: format_time DISPLAY_TYPE.strip() = ''. Removing attribute DISPLAY_TYPE.
  B_flag: B_flag DISPLAY_TYPE.strip() = ''. Removing attribute DISPLAY_TYPE.
  cartesian: cartesian DISPLAY_TYPE.strip() = ''. Removing attribute DISPLAY_TYPE.
  label_lcl: label_lcl DISPLAY_TYPE.strip() = ''. Removing attribute DISPLAY_TYPE.
  SC_flag: SC_flag DISPLAY_TYPE.strip() = ''. Removing attribute DISPLAY_TYPE.
  label_latlong: label_latlong DISPLAY_TYPE.strip() = ''. Removing attribute DISPLAY_TYPE.
  label_GEO: label_GEO DISPLAY_TYPE.strip() = ''. Removing attribute DISPLAY_TYPE.
  label_GSE: label_GSE DISPLAY_TYPE.strip() = ''. Removing attribute DISPLAY_TYPE.
  label_GSM: label_GSM DISPLAY_TYPE.strip() = ''. Removing attribute DISPLAY_TYPE.
  label_B_GSE: label_B_GSE DISPLAY_TYPE.strip() = ''. Removing attribute DISPLAY_TYPE.
  label_B_GSM: label_B_GSM DISPLAY_TYPE.strip() = ''. Removing attribute DISPLAY_TYPE.
  unit_sc: unit_sc DISPLAY_TYPE.strip() = ''. Removing attribute DISPLAY_TYPE.
G9_K0_EP8 | ISTP.DISPLAY_TYPE.Empty:
  Epoch: Epoch DISPLAY_TYPE.strip() = ''. Removing attribute DISPLAY_TYPE.
  Time_PB5: Time_PB5 DISPLAY_TYPE.strip() = ''. Removing attribute DISPLAY_TYPE.
  E1: E1 DISPLAY_TYPE.strip() = ''. Removing attribute DISPLAY_TYPE.
  E2: E2 DISPLAY_TYPE.strip() = ''. Removing attribute DISPLAY_TYPE.
  E3: E3 DISPLAY_TYPE.strip() = ''. Removing attribute DISPLAY_TYPE.
  P1: P1 DISPLAY_TYPE.strip() = ''. Removing attribute DISPLAY_TYPE.
  SC_pos_ll: SC_pos_ll DISPLAY_TYPE.strip() = ''. Removing attribute DISPLAY_TYPE.
  SC_pos_eo: SC_pos_eo DISPLAY_TYPE.strip() = ''. Removing attribute DISPLAY_TYPE.
  EPS_stat: EPS_stat DISPLAY_TYPE.strip() = ''. Removing attribute DISPLAY_TYPE.
  label_time: label_time DISPLAY_TYPE.strip() = ''. Removing attribute DISPLAY_TYPE.
  unit_time: unit_time DISPLAY_TYPE.strip() = ''. Removing attribute DISPLAY_TYPE.
  format_time: format_time DISPLAY_TYPE.strip() = ''. Removing attribute DISPLAY_TYPE.
  E1_flag: E1_flag DISPLAY_TYPE.strip() = ''. Removing attribute DISPLAY_TYPE.
  E2_flag: E2_flag DISPLAY_TYPE.strip() = ''. Removing attribute DISPLAY_TYPE.
  E3_flag: E3_flag DISPLAY_TYPE.strip() = ''. Removing attribute DISPLAY_TYPE.
  P1_flag: P1_flag DISPLAY_TYPE.strip() = ''. Removing attribute DISPLAY_TYPE.
  cartesian: cartesian DISPLAY_TYPE.strip() = ''. Removing attribute DISPLAY_TYPE.
  SC_flag: SC_flag DISPLAY_TYPE.strip() = ''. Removing attribute DISPLAY_TYPE.
  label_latlong: label_latlong DISPLAY_TYPE.strip() = ''. Removing attribute DISPLAY_TYPE.
  label_GEO: label_GEO DISPLAY_TYPE.strip() = ''. Removing attribute DISPLAY_TYPE.
  label_GSE: label_GSE DISPLAY_TYPE.strip() = ''. Removing attribute DISPLAY_TYPE.
  label_GSM: label_GSM DISPLAY_TYPE.strip() = ''. Removing attribute DISPLAY_TYPE.
  unit_sc: unit_sc DISPLAY_TYPE.strip() = ''. Removing attribute DISPLAY_TYPE.
G9_K0_MAG | ISTP.DISPLAY_TYPE.Empty:
  Epoch: Epoch DISPLAY_TYPE.strip() = ''. Removing attribute DISPLAY_TYPE.
  Time_PB5: Time_PB5 DISPLAY_TYPE.strip() = ''. Removing attribute DISPLAY_TYPE.
  B_GSE_c: B_GSE_c DISPLAY_TYPE.strip() = ''. Removing attribute DISPLAY_TYPE.
  B_GSM_c: B_GSM_c DISPLAY_TYPE.strip() = ''. Removing attribute DISPLAY_TYPE.
  B_lcl_c: B_lcl_c DISPLAY_TYPE.strip() = ''. Removing attribute DISPLAY_TYPE.
  SC_pos_ll: SC_pos_ll DISPLAY_TYPE.strip() = ''. Removing attribute DISPLAY_TYPE.
  SC_pos_eo: SC_pos_eo DISPLAY_TYPE.strip() = ''. Removing attribute DISPLAY_TYPE.
  MGF_stat: MGF_stat DISPLAY_TYPE.strip() = ''. Removing attribute DISPLAY_TYPE.
  label_time: label_time DISPLAY_TYPE.strip() = ''. Removing attribute DISPLAY_TYPE.
  unit_time: unit_time DISPLAY_TYPE.strip() = ''. Removing attribute DISPLAY_TYPE.
  format_time: format_time DISPLAY_TYPE.strip() = ''. Removing attribute DISPLAY_TYPE.
  B_flag: B_flag DISPLAY_TYPE.strip() = ''. Removing attribute DISPLAY_TYPE.
  cartesian: cartesian DISPLAY_TYPE.strip() = ''. Removing attribute DISPLAY_TYPE.
  label_lcl: label_lcl DISPLAY_TYPE.strip() = ''. Removing attribute DISPLAY_TYPE.
  SC_flag: SC_flag DISPLAY_TYPE.strip() = ''. Removing attribute DISPLAY_TYPE.
  label_latlong: label_latlong DISPLAY_TYPE.strip() = ''. Removing attribute DISPLAY_TYPE.
  label_GEO: label_GEO DISPLAY_TYPE.strip() = ''. Removing attribute DISPLAY_TYPE.
  label_GSE: label_GSE DISPLAY_TYPE.strip() = ''. Removing attribute DISPLAY_TYPE.
  label_GSM: label_GSM DISPLAY_TYPE.strip() = ''. Removing attribute DISPLAY_TYPE.
  label_B_GSE: label_B_GSE DISPLAY_TYPE.strip() = ''. Removing attribute DISPLAY_TYPE.
  label_B_GSM: label_B_GSM DISPLAY_TYPE.strip() = ''. Removing attribute DISPLAY_TYPE.
  unit_sc: unit_sc DISPLAY_TYPE.strip() = ''. Removing attribute DISPLAY_TYPE.
GALILEO_HELIO1DAY_POSITION | ISTP.DISPLAY_TYPE.Empty:
  Epoch: Epoch DISPLAY_TYPE.strip() = ''. Removing attribute DISPLAY_TYPE.
GALILEO_HELIO1HR_POSITION | ISTP.DISPLAY_TYPE.Empty:
  Epoch: Epoch DISPLAY_TYPE.strip() = ''. Removing attribute DISPLAY_TYPE.
GENESIS_3DL2_GIM | ISTP.DISPLAY_TYPE.Empty:
  Epoch: Epoch DISPLAY_TYPE.strip() = ''. Removing attribute DISPLAY_TYPE.
  ProVelGSE_label: ProVelGSE_label DISPLAY_TYPE.strip() = ''. Removing attribute DISPLAY_TYPE.
  ProVelRTN_label: ProVelRTN_label DISPLAY_TYPE.strip() = ''. Removing attribute DISPLAY_TYPE.
  GenLocGSE_label: GenLocGSE_label DISPLAY_TYPE.strip() = ''. Removing attribute DISPLAY_TYPE.
GE_AT_DEF | ISTP.DISPLAY_TYPE.Empty:
  Epoch: Epoch DISPLAY_TYPE.strip() = ''. Removing attribute DISPLAY_TYPE.
  Time_PB5: Time_PB5 DISPLAY_TYPE.strip() = ''. Removing attribute DISPLAY_TYPE.
  label_time: label_time DISPLAY_TYPE.strip() = ''. Removing attribute DISPLAY_TYPE.
  unit_time: unit_time DISPLAY_TYPE.strip() = ''. Removing attribute DISPLAY_TYPE.
  format_time: format_time DISPLAY_TYPE.strip() = ''. Removing attribute DISPLAY_TYPE.
  BODY_SPIN_RATE: BODY_SPIN_RATE DISPLAY_TYPE.strip() = ''. Removing attribute DISPLAY_TYPE.
  GCI_R_ASCENSION: GCI_R_ASCENSION DISPLAY_TYPE.strip() = ''. Removing attribute DISPLAY_TYPE.
  GCI_DECLINATION: GCI_DECLINATION DISPLAY_TYPE.strip() = ''. Removing attribute DISPLAY_TYPE.
  GSE_R_ASCENSION: GSE_R_ASCENSION DISPLAY_TYPE.strip() = ''. Removing attribute DISPLAY_TYPE.
  GSE_DECLINATION: GSE_DECLINATION DISPLAY_TYPE.strip() = ''. Removing attribute DISPLAY_TYPE.
  GSM_R_ASCENSION: GSM_R_ASCENSION DISPLAY_TYPE.strip() = ''. Removing attribute DISPLAY_TYPE.
  GSM_DECLINATION: GSM_DECLINATION DISPLAY_TYPE.strip() = ''. Removing attribute DISPLAY_TYPE.
GE_AT_PRE | ISTP.DISPLAY_TYPE.Empty:
  Epoch: Epoch DISPLAY_TYPE.strip() = ''. Removing attribute DISPLAY_TYPE.
  Time_PB5: Time_PB5 DISPLAY_TYPE.strip() = ''. Removing attribute DISPLAY_TYPE.
  label_time: label_time DISPLAY_TYPE.strip() = ''. Removing attribute DISPLAY_TYPE.
  unit_time: unit_time DISPLAY_TYPE.strip() = ''. Removing attribute DISPLAY_TYPE.
  format_time: format_time DISPLAY_TYPE.strip() = ''. Removing attribute DISPLAY_TYPE.
  BODY_SPIN_RATE: BODY_SPIN_RATE DISPLAY_TYPE.strip() = ''. Removing attribute DISPLAY_TYPE.
  GCI_R_ASCENSION: GCI_R_ASCENSION DISPLAY_TYPE.strip() = ''. Removing attribute DISPLAY_TYPE.
  GCI_DECLINATION: GCI_DECLINATION DISPLAY_TYPE.strip() = ''. Removing attribute DISPLAY_TYPE.
  GSE_R_ASCENSION: GSE_R_ASCENSION DISPLAY_TYPE.strip() = ''. Removing attribute DISPLAY_TYPE.
  GSE_DECLINATION: GSE_DECLINATION DISPLAY_TYPE.strip() = ''. Removing attribute DISPLAY_TYPE.
  GSM_R_ASCENSION: GSM_R_ASCENSION DISPLAY_TYPE.strip() = ''. Removing attribute DISPLAY_TYPE.
  GSM_DECLINATION: GSM_DECLINATION DISPLAY_TYPE.strip() = ''. Removing attribute DISPLAY_TYPE.
GE_H0_CPI | ISTP.DISPLAY_TYPE.Empty:
  Epoch: Epoch DISPLAY_TYPE.strip() = ''. Removing attribute DISPLAY_TYPE.
  label_v3: label_v3 DISPLAY_TYPE.strip() = ''. Removing attribute DISPLAY_TYPE.
  label_v3c: label_v3c DISPLAY_TYPE.strip() = ''. Removing attribute DISPLAY_TYPE.
  cartesian3: cartesian3 DISPLAY_TYPE.strip() = ''. Removing attribute DISPLAY_TYPE.
  v_units: v_units DISPLAY_TYPE.strip() = ''. Removing attribute DISPLAY_TYPE.
GE_HPAMOM_CPI | ISTP.DISPLAY_TYPE.Empty:
  label_v: label_v DISPLAY_TYPE.strip() = ''. Removing attribute DISPLAY_TYPE.
  cartesian: cartesian DISPLAY_TYPE.strip() = ''. Removing attribute DISPLAY_TYPE.
GE_K0_CPI | ISTP.DISPLAY_TYPE.Empty:
  Epoch: Epoch DISPLAY_TYPE.strip() = ''. Removing attribute DISPLAY_TYPE.
  Time_PB5: Time_PB5 DISPLAY_TYPE.strip() = ''. Removing attribute DISPLAY_TYPE.
  label_time: label_time DISPLAY_TYPE.strip() = ''. Removing attribute DISPLAY_TYPE.
  unit_time: unit_time DISPLAY_TYPE.strip() = ''. Removing attribute DISPLAY_TYPE.
  format_time: format_time DISPLAY_TYPE.strip() = ''. Removing attribute DISPLAY_TYPE.
  label_v2: label_v2 DISPLAY_TYPE.strip() = ''. Removing attribute DISPLAY_TYPE.
  label_v3: label_v3 DISPLAY_TYPE.strip() = ''. Removing attribute DISPLAY_TYPE.
  cartesian2: cartesian2 DISPLAY_TYPE.strip() = ''. Removing attribute DISPLAY_TYPE.
  cartesian3: cartesian3 DISPLAY_TYPE.strip() = ''. Removing attribute DISPLAY_TYPE.
GE_K0_EFD | ISTP.DISPLAY_TYPE.Empty:
  Epoch: Epoch DISPLAY_TYPE.strip() = ''. Removing attribute DISPLAY_TYPE.
  Time_PB5: Time_PB5 DISPLAY_TYPE.strip() = ''. Removing attribute DISPLAY_TYPE.
  Time_Res: Time_Res DISPLAY_TYPE.strip() = ''. Removing attribute DISPLAY_TYPE.
  label_time: label_time DISPLAY_TYPE.strip() = ''. Removing attribute DISPLAY_TYPE.
  unit_time: unit_time DISPLAY_TYPE.strip() = ''. Removing attribute DISPLAY_TYPE.
  format_time: format_time DISPLAY_TYPE.strip() = ''. Removing attribute DISPLAY_TYPE.
  label_E: label_E DISPLAY_TYPE.strip() = ''. Removing attribute DISPLAY_TYPE.
  label_E_ant: label_E_ant DISPLAY_TYPE.strip() = ''. Removing attribute DISPLAY_TYPE.
  label_Vs: label_Vs DISPLAY_TYPE.strip() = ''. Removing attribute DISPLAY_TYPE.
  label_V: label_V DISPLAY_TYPE.strip() = ''. Removing attribute DISPLAY_TYPE.
  label_position: label_position DISPLAY_TYPE.strip() = ''. Removing attribute DISPLAY_TYPE.
  cartesian: cartesian DISPLAY_TYPE.strip() = ''. Removing attribute DISPLAY_TYPE.
GE_K0_EPI | ISTP.DISPLAY_TYPE.Empty:
  PDiffI_S_label: PDiffI_S_label DISPLAY_TYPE.strip() = ''. Removing attribute DISPLAY_TYPE.
  PDiffI_S_Un_label: PDiffI_S_Un_label DISPLAY_TYPE.strip() = ''. Removing attribute DISPLAY_TYPE.
GE_K0_LEP | ISTP.DISPLAY_TYPE.Empty:
  Epoch: Epoch DISPLAY_TYPE.strip() = ''. Removing attribute DISPLAY_TYPE.
  Time_PB5: Time_PB5 DISPLAY_TYPE.strip() = ''. Removing attribute DISPLAY_TYPE.
  label_time: label_time DISPLAY_TYPE.strip() = ''. Removing attribute DISPLAY_TYPE.
  unit_time: unit_time DISPLAY_TYPE.strip() = ''. Removing attribute DISPLAY_TYPE.
  format_time: format_time DISPLAY_TYPE.strip() = ''. Removing attribute DISPLAY_TYPE.
  label_pos: label_pos DISPLAY_TYPE.strip() = ''. Removing attribute DISPLAY_TYPE.
  cartesian: cartesian DISPLAY_TYPE.strip() = ''. Removing attribute DISPLAY_TYPE.
  label_1: label_1 DISPLAY_TYPE.strip() = ''. Removing attribute DISPLAY_TYPE.
  label_units: label_units DISPLAY_TYPE.strip() = ''. Removing attribute DISPLAY_TYPE.
  label_2: label_2 DISPLAY_TYPE.strip() = ''. Removing attribute DISPLAY_TYPE.
  sector_angle: sector_angle DISPLAY_TYPE.strip() = ''. Removing attribute DISPLAY_TYPE.
  DQF: DQF DISPLAY_TYPE.strip() = ''. Removing attribute DISPLAY_TYPE.
  label_3: label_3 DISPLAY_TYPE.strip() = ''. Removing attribute DISPLAY_TYPE.
  label_E: label_E DISPLAY_TYPE.strip() = ''. Removing attribute DISPLAY_TYPE.
  label_P: label_P DISPLAY_TYPE.strip() = ''. Removing attribute DISPLAY_TYPE.
  Gap_Flag: Gap_Flag DISPLAY_TYPE.strip() = ''. Removing attribute DISPLAY_TYPE.
  label_4: label_4 DISPLAY_TYPE.strip() = ''. Removing attribute DISPLAY_TYPE.
  label_5: label_5 DISPLAY_TYPE.strip() = ''. Removing attribute DISPLAY_TYPE.
GE_K0_MGF | ISTP.DISPLAY_TYPE.Empty:
  Epoch: Epoch DISPLAY_TYPE.strip() = ''. Removing attribute DISPLAY_TYPE.
  Time_PB5: Time_PB5 DISPLAY_TYPE.strip() = ''. Removing attribute DISPLAY_TYPE.
  MSEC: MSEC DISPLAY_TYPE.strip() = ''. Removing attribute DISPLAY_TYPE.
  IB: IB DISPLAY_TYPE.strip() = ''. Removing attribute DISPLAY_TYPE.
  IB_vector: IB_vector DISPLAY_TYPE.strip() = ''. Removing attribute DISPLAY_TYPE.
  IS_vector: IS_vector DISPLAY_TYPE.strip() = ''. Removing attribute DISPLAY_TYPE.
  RANGE_STATUS: RANGE_STATUS DISPLAY_TYPE.strip() = ''. Removing attribute DISPLAY_TYPE.
  POS: POS DISPLAY_TYPE.strip() = ''. Removing attribute DISPLAY_TYPE.
  DQF: DQF DISPLAY_TYPE.strip() = ''. Removing attribute DISPLAY_TYPE.
  Gap_Flag: Gap_Flag DISPLAY_TYPE.strip() = ''. Removing attribute DISPLAY_TYPE.
  label_time: label_time DISPLAY_TYPE.strip() = ''. Removing attribute DISPLAY_TYPE.
  unit_time: unit_time DISPLAY_TYPE.strip() = ''. Removing attribute DISPLAY_TYPE.
  format_time: format_time DISPLAY_TYPE.strip() = ''. Removing attribute DISPLAY_TYPE.
  label_B_vector: label_B_vector DISPLAY_TYPE.strip() = ''. Removing attribute DISPLAY_TYPE.
  label_RMS: label_RMS DISPLAY_TYPE.strip() = ''. Removing attribute DISPLAY_TYPE.
  label_pos: label_pos DISPLAY_TYPE.strip() = ''. Removing attribute DISPLAY_TYPE.
  cartesian: cartesian DISPLAY_TYPE.strip() = ''. Removing attribute DISPLAY_TYPE.
GE_K0_PWI | ISTP.DISPLAY_TYPE.Empty:
  Epoch: Epoch DISPLAY_TYPE.strip() = ''. Removing attribute DISPLAY_TYPE.
  Time_PB5: Time_PB5 DISPLAY_TYPE.strip() = ''. Removing attribute DISPLAY_TYPE.
  TOTAL_MS: TOTAL_MS DISPLAY_TYPE.strip() = ''. Removing attribute DISPLAY_TYPE.
  QUALITY: QUALITY DISPLAY_TYPE.strip() = ''. Removing attribute DISPLAY_TYPE.
  STATUS: STATUS DISPLAY_TYPE.strip() = ''. Removing attribute DISPLAY_TYPE.
  MCAE_PK: MCAE_PK DISPLAY_TYPE.strip() = ''. Removing attribute DISPLAY_TYPE.
  MCAE_AVE: MCAE_AVE DISPLAY_TYPE.strip() = ''. Removing attribute DISPLAY_TYPE.
  MCAB_PK: MCAB_PK DISPLAY_TYPE.strip() = ''. Removing attribute DISPLAY_TYPE.
  MCAB_AVE: MCAB_AVE DISPLAY_TYPE.strip() = ''. Removing attribute DISPLAY_TYPE.
  label_1: label_1 DISPLAY_TYPE.strip() = ''. Removing attribute DISPLAY_TYPE.
  label_2: label_2 DISPLAY_TYPE.strip() = ''. Removing attribute DISPLAY_TYPE.
  frequency: frequency DISPLAY_TYPE.strip() = ''. Removing attribute DISPLAY_TYPE.
  SFAE_PK: SFAE_PK DISPLAY_TYPE.strip() = ''. Removing attribute DISPLAY_TYPE.
  SFAE_AVE: SFAE_AVE DISPLAY_TYPE.strip() = ''. Removing attribute DISPLAY_TYPE.
  SFAE_FQ: SFAE_FQ DISPLAY_TYPE.strip() = ''. Removing attribute DISPLAY_TYPE.
  ORBIT: ORBIT DISPLAY_TYPE.strip() = ''. Removing attribute DISPLAY_TYPE.
  label_orbit: label_orbit DISPLAY_TYPE.strip() = ''. Removing attribute DISPLAY_TYPE.
  label_time: label_time DISPLAY_TYPE.strip() = ''. Removing attribute DISPLAY_TYPE.
  unit_time: unit_time DISPLAY_TYPE.strip() = ''. Removing attribute DISPLAY_TYPE.
  format_time: format_time DISPLAY_TYPE.strip() = ''. Removing attribute DISPLAY_TYPE.
  freq_b: freq_b DISPLAY_TYPE.strip() = ''. Removing attribute DISPLAY_TYPE.
GE_K0_SPHA | ISTP.DISPLAY_TYPE.Empty:
  Epoch: Epoch DISPLAY_TYPE.strip() = ''. Removing attribute DISPLAY_TYPE.
  Time_PB5: Time_PB5 DISPLAY_TYPE.strip() = ''. Removing attribute DISPLAY_TYPE.
  label_time: label_time DISPLAY_TYPE.strip() = ''. Removing attribute DISPLAY_TYPE.
  unit_time: unit_time DISPLAY_TYPE.strip() = ''. Removing attribute DISPLAY_TYPE.
  format_time: format_time DISPLAY_TYPE.strip() = ''. Removing attribute DISPLAY_TYPE.
  SPIN_PHASE: SPIN_PHASE DISPLAY_TYPE.strip() = ''. Removing attribute DISPLAY_TYPE.
  SPIN_RATE: SPIN_RATE DISPLAY_TYPE.strip() = ''. Removing attribute DISPLAY_TYPE.
  FAULT: FAULT DISPLAY_TYPE.strip() = ''. Removing attribute DISPLAY_TYPE.
GE_OR_DEF | ISTP.DISPLAY_TYPE.Empty:
  Epoch: Epoch DISPLAY_TYPE.strip() = ''. Removing attribute DISPLAY_TYPE.
  Time_PB5: Time_PB5 DISPLAY_TYPE.strip() = ''. Removing attribute DISPLAY_TYPE.
  label_time: label_time DISPLAY_TYPE.strip() = ''. Removing attribute DISPLAY_TYPE.
  unit_time: unit_time DISPLAY_TYPE.strip() = ''. Removing attribute DISPLAY_TYPE.
  format_time: format_time DISPLAY_TYPE.strip() = ''. Removing attribute DISPLAY_TYPE.
  GCI_VEL: GCI_VEL DISPLAY_TYPE.strip() = ''. Removing attribute DISPLAY_TYPE.
  label_v: label_v DISPLAY_TYPE.strip() = ''. Removing attribute DISPLAY_TYPE.
  cartesian: cartesian DISPLAY_TYPE.strip() = ''. Removing attribute DISPLAY_TYPE.
  GSE_VEL: GSE_VEL DISPLAY_TYPE.strip() = ''. Removing attribute DISPLAY_TYPE.
  GSM_VEL: GSM_VEL DISPLAY_TYPE.strip() = ''. Removing attribute DISPLAY_TYPE.
  SUN_VECTOR: SUN_VECTOR DISPLAY_TYPE.strip() = ''. Removing attribute DISPLAY_TYPE.
  HEC_VEL: HEC_VEL DISPLAY_TYPE.strip() = ''. Removing attribute DISPLAY_TYPE.
  CRN_EARTH: CRN_EARTH DISPLAY_TYPE.strip() = ''. Removing attribute DISPLAY_TYPE.
  LONG_EARTH: LONG_EARTH DISPLAY_TYPE.strip() = ''. Removing attribute DISPLAY_TYPE.
  LAT_EARTH: LAT_EARTH DISPLAY_TYPE.strip() = ''. Removing attribute DISPLAY_TYPE.
  CRN_SPACE: CRN_SPACE DISPLAY_TYPE.strip() = ''. Removing attribute DISPLAY_TYPE.
  LONG_SPACE: LONG_SPACE DISPLAY_TYPE.strip() = ''. Removing attribute DISPLAY_TYPE.
  LAT_SPACE: LAT_SPACE DISPLAY_TYPE.strip() = ''. Removing attribute DISPLAY_TYPE.
GE_OR_PRE | ISTP.DISPLAY_TYPE.Empty:
  Epoch: Epoch DISPLAY_TYPE.strip() = ''. Removing attribute DISPLAY_TYPE.
  Time_PB5: Time_PB5 DISPLAY_TYPE.strip() = ''. Removing attribute DISPLAY_TYPE.
  label_time: label_time DISPLAY_TYPE.strip() = ''. Removing attribute DISPLAY_TYPE.
  unit_time: unit_time DISPLAY_TYPE.strip() = ''. Removing attribute DISPLAY_TYPE.
  format_time: format_time DISPLAY_TYPE.strip() = ''. Removing attribute DISPLAY_TYPE.
  GCI_VEL: GCI_VEL DISPLAY_TYPE.strip() = ''. Removing attribute DISPLAY_TYPE.
  label_v: label_v DISPLAY_TYPE.strip() = ''. Removing attribute DISPLAY_TYPE.
  cartesian: cartesian DISPLAY_TYPE.strip() = ''. Removing attribute DISPLAY_TYPE.
  GSE_VEL: GSE_VEL DISPLAY_TYPE.strip() = ''. Removing attribute DISPLAY_TYPE.
  GSM_VEL: GSM_VEL DISPLAY_TYPE.strip() = ''. Removing attribute DISPLAY_TYPE.
  SUN_VECTOR: SUN_VECTOR DISPLAY_TYPE.strip() = ''. Removing attribute DISPLAY_TYPE.
  HEC_VEL: HEC_VEL DISPLAY_TYPE.strip() = ''. Removing attribute DISPLAY_TYPE.
  CRN_EARTH: CRN_EARTH DISPLAY_TYPE.strip() = ''. Removing attribute DISPLAY_TYPE.
  LONG_EARTH: LONG_EARTH DISPLAY_TYPE.strip() = ''. Removing attribute DISPLAY_TYPE.
  LAT_EARTH: LAT_EARTH DISPLAY_TYPE.strip() = ''. Removing attribute DISPLAY_TYPE.
  CRN_SPACE: CRN_SPACE DISPLAY_TYPE.strip() = ''. Removing attribute DISPLAY_TYPE.
  LONG_SPACE: LONG_SPACE DISPLAY_TYPE.strip() = ''. Removing attribute DISPLAY_TYPE.
  LAT_SPACE: LAT_SPACE DISPLAY_TYPE.strip() = ''. Removing attribute DISPLAY_TYPE.
GE_SW_CPI | ISTP.DISPLAY_TYPE.Empty:
  Epoch: Epoch DISPLAY_TYPE.strip() = ''. Removing attribute DISPLAY_TYPE.
GIACOBINI_HELIO1DAY_POSITION | ISTP.DISPLAY_TYPE.Empty:
  Epoch: Epoch DISPLAY_TYPE.strip() = ''. Removing attribute DISPLAY_TYPE.
GIACOBINI_HELIO1HR_POSITION | ISTP.DISPLAY_TYPE.Empty:
  Epoch: Epoch DISPLAY_TYPE.strip() = ''. Removing attribute DISPLAY_TYPE.
GIOTTO_HELIO1DAY_POSITION | ISTP.DISPLAY_TYPE.Empty:
  Epoch: Epoch DISPLAY_TYPE.strip() = ''. Removing attribute DISPLAY_TYPE.
GIOTTO_HELIO1HR_POSITION | ISTP.DISPLAY_TYPE.Empty:
  Epoch: Epoch DISPLAY_TYPE.strip() = ''. Removing attribute DISPLAY_TYPE.
GOES10_EPHEMERIS_SSC | ISTP.DISPLAY_TYPE.Empty:
  Epoch: Epoch DISPLAY_TYPE.strip() = ''. Removing attribute DISPLAY_TYPE.
GOES11_EPHEMERIS_SSC | ISTP.DISPLAY_TYPE.Empty:
  Epoch: Epoch DISPLAY_TYPE.strip() = ''. Removing attribute DISPLAY_TYPE.
GOES11_K0_EP8 | ISTP.DISPLAY_TYPE.Empty:
  Epoch: Epoch DISPLAY_TYPE.strip() = ''. Removing attribute DISPLAY_TYPE.
  Time_PB5: Time_PB5 DISPLAY_TYPE.strip() = ''. Removing attribute DISPLAY_TYPE.
  E1: E1 DISPLAY_TYPE.strip() = ''. Removing attribute DISPLAY_TYPE.
  E2: E2 DISPLAY_TYPE.strip() = ''. Removing attribute DISPLAY_TYPE.
  E3: E3 DISPLAY_TYPE.strip() = ''. Removing attribute DISPLAY_TYPE.
  P1: P1 DISPLAY_TYPE.strip() = ''. Removing attribute DISPLAY_TYPE.
  SC_pos_ll: SC_pos_ll DISPLAY_TYPE.strip() = ''. Removing attribute DISPLAY_TYPE.
  SC_pos_eo: SC_pos_eo DISPLAY_TYPE.strip() = ''. Removing attribute DISPLAY_TYPE.
  EPS_stat: EPS_stat DISPLAY_TYPE.strip() = ''. Removing attribute DISPLAY_TYPE.
  label_time: label_time DISPLAY_TYPE.strip() = ''. Removing attribute DISPLAY_TYPE.
  unit_time: unit_time DISPLAY_TYPE.strip() = ''. Removing attribute DISPLAY_TYPE.
  format_time: format_time DISPLAY_TYPE.strip() = ''. Removing attribute DISPLAY_TYPE.
  E1_flag: E1_flag DISPLAY_TYPE.strip() = ''. Removing attribute DISPLAY_TYPE.
  E2_flag: E2_flag DISPLAY_TYPE.strip() = ''. Removing attribute DISPLAY_TYPE.
  E3_flag: E3_flag DISPLAY_TYPE.strip() = ''. Removing attribute DISPLAY_TYPE.
  P1_flag: P1_flag DISPLAY_TYPE.strip() = ''. Removing attribute DISPLAY_TYPE.
  cartesian: cartesian DISPLAY_TYPE.strip() = ''. Removing attribute DISPLAY_TYPE.
  SC_flag: SC_flag DISPLAY_TYPE.strip() = ''. Removing attribute DISPLAY_TYPE.
  label_latlong: label_latlong DISPLAY_TYPE.strip() = ''. Removing attribute DISPLAY_TYPE.
  label_GEO: label_GEO DISPLAY_TYPE.strip() = ''. Removing attribute DISPLAY_TYPE.
  label_GSE: label_GSE DISPLAY_TYPE.strip() = ''. Removing attribute DISPLAY_TYPE.
  label_GSM: label_GSM DISPLAY_TYPE.strip() = ''. Removing attribute DISPLAY_TYPE.
  unit_sc: unit_sc DISPLAY_TYPE.strip() = ''. Removing attribute DISPLAY_TYPE.
GOES11_K0_MAG | ISTP.DISPLAY_TYPE.Empty:
  Epoch: Epoch DISPLAY_TYPE.strip() = ''. Removing attribute DISPLAY_TYPE.
  Time_PB5: Time_PB5 DISPLAY_TYPE.strip() = ''. Removing attribute DISPLAY_TYPE.
  B_GSE_c: B_GSE_c DISPLAY_TYPE.strip() = ''. Removing attribute DISPLAY_TYPE.
  B_GSM_c: B_GSM_c DISPLAY_TYPE.strip() = ''. Removing attribute DISPLAY_TYPE.
  B_lcl_c: B_lcl_c DISPLAY_TYPE.strip() = ''. Removing attribute DISPLAY_TYPE.
  SC_pos_ll: SC_pos_ll DISPLAY_TYPE.strip() = ''. Removing attribute DISPLAY_TYPE.
  SC_pos_eo: SC_pos_eo DISPLAY_TYPE.strip() = ''. Removing attribute DISPLAY_TYPE.
  MGF_stat: MGF_stat DISPLAY_TYPE.strip() = ''. Removing attribute DISPLAY_TYPE.
  label_time: label_time DISPLAY_TYPE.strip() = ''. Removing attribute DISPLAY_TYPE.
  unit_time: unit_time DISPLAY_TYPE.strip() = ''. Removing attribute DISPLAY_TYPE.
  format_time: format_time DISPLAY_TYPE.strip() = ''. Removing attribute DISPLAY_TYPE.
  B_flag: B_flag DISPLAY_TYPE.strip() = ''. Removing attribute DISPLAY_TYPE.
  cartesian: cartesian DISPLAY_TYPE.strip() = ''. Removing attribute DISPLAY_TYPE.
  label_lcl: label_lcl DISPLAY_TYPE.strip() = ''. Removing attribute DISPLAY_TYPE.
  SC_flag: SC_flag DISPLAY_TYPE.strip() = ''. Removing attribute DISPLAY_TYPE.
  label_latlong: label_latlong DISPLAY_TYPE.strip() = ''. Removing attribute DISPLAY_TYPE.
  label_GEO: label_GEO DISPLAY_TYPE.strip() = ''. Removing attribute DISPLAY_TYPE.
  label_GSE: label_GSE DISPLAY_TYPE.strip() = ''. Removing attribute DISPLAY_TYPE.
  label_GSM: label_GSM DISPLAY_TYPE.strip() = ''. Removing attribute DISPLAY_TYPE.
  label_B_GSE: label_B_GSE DISPLAY_TYPE.strip() = ''. Removing attribute DISPLAY_TYPE.
  label_B_GSM: label_B_GSM DISPLAY_TYPE.strip() = ''. Removing attribute DISPLAY_TYPE.
  unit_sc: unit_sc DISPLAY_TYPE.strip() = ''. Removing attribute DISPLAY_TYPE.
GOES12_EPHEMERIS_SSC | ISTP.DISPLAY_TYPE.Empty:
  Epoch: Epoch DISPLAY_TYPE.strip() = ''. Removing attribute DISPLAY_TYPE.
GOES12_K0_MAG | ISTP.DISPLAY_TYPE.Empty:
  Epoch: Epoch DISPLAY_TYPE.strip() = ''. Removing attribute DISPLAY_TYPE.
  Time_PB5: Time_PB5 DISPLAY_TYPE.strip() = ''. Removing attribute DISPLAY_TYPE.
  B_GSE_c: B_GSE_c DISPLAY_TYPE.strip() = ''. Removing attribute DISPLAY_TYPE.
  B_GSM_c: B_GSM_c DISPLAY_TYPE.strip() = ''. Removing attribute DISPLAY_TYPE.
  B_lcl_c: B_lcl_c DISPLAY_TYPE.strip() = ''. Removing attribute DISPLAY_TYPE.
  SC_pos_ll: SC_pos_ll DISPLAY_TYPE.strip() = ''. Removing attribute DISPLAY_TYPE.
  SC_pos_eo: SC_pos_eo DISPLAY_TYPE.strip() = ''. Removing attribute DISPLAY_TYPE.
  MGF_stat: MGF_stat DISPLAY_TYPE.strip() = ''. Removing attribute DISPLAY_TYPE.
  label_time: label_time DISPLAY_TYPE.strip() = ''. Removing attribute DISPLAY_TYPE.
  unit_time: unit_time DISPLAY_TYPE.strip() = ''. Removing attribute DISPLAY_TYPE.
  format_time: format_time DISPLAY_TYPE.strip() = ''. Removing attribute DISPLAY_TYPE.
  B_flag: B_flag DISPLAY_TYPE.strip() = ''. Removing attribute DISPLAY_TYPE.
  cartesian: cartesian DISPLAY_TYPE.strip() = ''. Removing attribute DISPLAY_TYPE.
  label_lcl: label_lcl DISPLAY_TYPE.strip() = ''. Removing attribute DISPLAY_TYPE.
  SC_flag: SC_flag DISPLAY_TYPE.strip() = ''. Removing attribute DISPLAY_TYPE.
  label_latlong: label_latlong DISPLAY_TYPE.strip() = ''. Removing attribute DISPLAY_TYPE.
  label_GEO: label_GEO DISPLAY_TYPE.strip() = ''. Removing attribute DISPLAY_TYPE.
  label_GSE: label_GSE DISPLAY_TYPE.strip() = ''. Removing attribute DISPLAY_TYPE.
  label_GSM: label_GSM DISPLAY_TYPE.strip() = ''. Removing attribute DISPLAY_TYPE.
  label_B_GSE: label_B_GSE DISPLAY_TYPE.strip() = ''. Removing attribute DISPLAY_TYPE.
  label_B_GSM: label_B_GSM DISPLAY_TYPE.strip() = ''. Removing attribute DISPLAY_TYPE.
  unit_sc: unit_sc DISPLAY_TYPE.strip() = ''. Removing attribute DISPLAY_TYPE.
GOES13_EPHEMERIS_SSC | ISTP.DISPLAY_TYPE.Empty:
  Epoch: Epoch DISPLAY_TYPE.strip() = ''. Removing attribute DISPLAY_TYPE.
GOES14_EPHEMERIS_SSC | ISTP.DISPLAY_TYPE.Empty:
  Epoch: Epoch DISPLAY_TYPE.strip() = ''. Removing attribute DISPLAY_TYPE.
GOES15_EPHEMERIS_SSC | ISTP.DISPLAY_TYPE.Empty:
  Epoch: Epoch DISPLAY_TYPE.strip() = ''. Removing attribute DISPLAY_TYPE.
GOES16_EPHEMERIS_SSC | ISTP.DISPLAY_TYPE.Empty:
  Epoch: Epoch DISPLAY_TYPE.strip() = ''. Removing attribute DISPLAY_TYPE.
GOES17_EPHEMERIS_SSC | ISTP.DISPLAY_TYPE.Empty:
  Epoch: Epoch DISPLAY_TYPE.strip() = ''. Removing attribute DISPLAY_TYPE.
GOES18_EPHEMERIS_SSC | ISTP.DISPLAY_TYPE.Empty:
  Epoch: Epoch DISPLAY_TYPE.strip() = ''. Removing attribute DISPLAY_TYPE.
GOES8_EPHEMERIS_SSC | ISTP.DISPLAY_TYPE.Empty:
  Epoch: Epoch DISPLAY_TYPE.strip() = ''. Removing attribute DISPLAY_TYPE.
GOES9_EPHEMERIS_SSC | ISTP.DISPLAY_TYPE.Empty:
  Epoch: Epoch DISPLAY_TYPE.strip() = ''. Removing attribute DISPLAY_TYPE.
HALEBOPP_HELIO1DAY_POSITION | ISTP.DISPLAY_TYPE.Empty:
  Epoch: Epoch DISPLAY_TYPE.strip() = ''. Removing attribute DISPLAY_TYPE.
HALEBOPP_HELIO1HR_POSITION | ISTP.DISPLAY_TYPE.Empty:
  Epoch: Epoch DISPLAY_TYPE.strip() = ''. Removing attribute DISPLAY_TYPE.
HALLEY_HELIO1DAY_POSITION | ISTP.DISPLAY_TYPE.Empty:
  Epoch: Epoch DISPLAY_TYPE.strip() = ''. Removing attribute DISPLAY_TYPE.
HALLEY_HELIO1HR_POSITION | ISTP.DISPLAY_TYPE.Empty:
  Epoch: Epoch DISPLAY_TYPE.strip() = ''. Removing attribute DISPLAY_TYPE.
HELIOS1_HELIO1DAY_POSITION | ISTP.DISPLAY_TYPE.Empty:
  Epoch: Epoch DISPLAY_TYPE.strip() = ''. Removing attribute DISPLAY_TYPE.
HELIOS1_HELIO1HR_POSITION | ISTP.DISPLAY_TYPE.Empty:
  Epoch: Epoch DISPLAY_TYPE.strip() = ''. Removing attribute DISPLAY_TYPE.
HELIOS2_HELIO1DAY_POSITION | ISTP.DISPLAY_TYPE.Empty:
  Epoch: Epoch DISPLAY_TYPE.strip() = ''. Removing attribute DISPLAY_TYPE.
HELIOS2_HELIO1HR_POSITION | ISTP.DISPLAY_TYPE.Empty:
  Epoch: Epoch DISPLAY_TYPE.strip() = ''. Removing attribute DISPLAY_TYPE.
HK_H0_MAG | ISTP.DISPLAY_TYPE.Empty:
  Epoch: Epoch DISPLAY_TYPE.strip() = ''. Removing attribute DISPLAY_TYPE.
HYAKUTAKE_HELIO1DAY_POSITION | ISTP.DISPLAY_TYPE.Empty:
  Epoch: Epoch DISPLAY_TYPE.strip() = ''. Removing attribute DISPLAY_TYPE.
HYAKUTAKE_HELIO1HR_POSITION | ISTP.DISPLAY_TYPE.Empty:
  Epoch: Epoch DISPLAY_TYPE.strip() = ''. Removing attribute DISPLAY_TYPE.
I1_AV2_OTT | ISTP.DISPLAY_TYPE.Empty:
  satellite: satellite DISPLAY_TYPE.strip() = ''. Removing attribute DISPLAY_TYPE.
  station_id: station_id DISPLAY_TYPE.strip() = ''. Removing attribute DISPLAY_TYPE.
  power_code: power_code DISPLAY_TYPE.strip() = ''. Removing attribute DISPLAY_TYPE.
  s_r_code: s_r_code DISPLAY_TYPE.strip() = ''. Removing attribute DISPLAY_TYPE.
  pps_code: pps_code DISPLAY_TYPE.strip() = ''. Removing attribute DISPLAY_TYPE.
  DMODE: DMODE DISPLAY_TYPE.strip() = ''. Removing attribute DISPLAY_TYPE.
  GMODE: GMODE DISPLAY_TYPE.strip() = ''. Removing attribute DISPLAY_TYPE.
  mixed_mode: mixed_mode DISPLAY_TYPE.strip() = ''. Removing attribute DISPLAY_TYPE.
  fix_freq: fix_freq DISPLAY_TYPE.strip() = ''. Removing attribute DISPLAY_TYPE.
  year: year DISPLAY_TYPE.strip() = ''. Removing attribute DISPLAY_TYPE.
  doy: doy DISPLAY_TYPE.strip() = ''. Removing attribute DISPLAY_TYPE.
  hr: hr DISPLAY_TYPE.strip() = ''. Removing attribute DISPLAY_TYPE.
  min: min DISPLAY_TYPE.strip() = ''. Removing attribute DISPLAY_TYPE.
  sec: sec DISPLAY_TYPE.strip() = ''. Removing attribute DISPLAY_TYPE.
  LMT: LMT DISPLAY_TYPE.strip() = ''. Removing attribute DISPLAY_TYPE.
  label_LMT: label_LMT DISPLAY_TYPE.strip() = ''. Removing attribute DISPLAY_TYPE.
  unit_LMT: unit_LMT DISPLAY_TYPE.strip() = ''. Removing attribute DISPLAY_TYPE.
  geo_coord: geo_coord DISPLAY_TYPE.strip() = ''. Removing attribute DISPLAY_TYPE.
  label_geo: label_geo DISPLAY_TYPE.strip() = ''. Removing attribute DISPLAY_TYPE.
  unit_geo: unit_geo DISPLAY_TYPE.strip() = ''. Removing attribute DISPLAY_TYPE.
  GMLMT: GMLMT DISPLAY_TYPE.strip() = ''. Removing attribute DISPLAY_TYPE.
  label_GMLMT: label_GMLMT DISPLAY_TYPE.strip() = ''. Removing attribute DISPLAY_TYPE.
  GMLAT: GMLAT DISPLAY_TYPE.strip() = ''. Removing attribute DISPLAY_TYPE.
  GMLONG: GMLONG DISPLAY_TYPE.strip() = ''. Removing attribute DISPLAY_TYPE.
  FH: FH DISPLAY_TYPE.strip() = ''. Removing attribute DISPLAY_TYPE.
  INV_LAT: INV_LAT DISPLAY_TYPE.strip() = ''. Removing attribute DISPLAY_TYPE.
  DIP: DIP DISPLAY_TYPE.strip() = ''. Removing attribute DISPLAY_TYPE.
  CHI: CHI DISPLAY_TYPE.strip() = ''. Removing attribute DISPLAY_TYPE.
  L: L DISPLAY_TYPE.strip() = ''. Removing attribute DISPLAY_TYPE.
  sun: sun DISPLAY_TYPE.strip() = ''. Removing attribute DISPLAY_TYPE.
  CEP: CEP DISPLAY_TYPE.strip() = ''. Removing attribute DISPLAY_TYPE.
  VLF: VLF DISPLAY_TYPE.strip() = ''. Removing attribute DISPLAY_TYPE.
  SEA: SEA DISPLAY_TYPE.strip() = ''. Removing attribute DISPLAY_TYPE.
  IMS1: IMS1 DISPLAY_TYPE.strip() = ''. Removing attribute DISPLAY_TYPE.
  IMS2: IMS2 DISPLAY_TYPE.strip() = ''. Removing attribute DISPLAY_TYPE.
  SPS: SPS DISPLAY_TYPE.strip() = ''. Removing attribute DISPLAY_TYPE.
  EPD: EPD DISPLAY_TYPE.strip() = ''. Removing attribute DISPLAY_TYPE.
  swept_start: swept_start DISPLAY_TYPE.strip() = ''. Removing attribute DISPLAY_TYPE.
  Time_mark: Time_mark DISPLAY_TYPE.strip() = ''. Removing attribute DISPLAY_TYPE.
  vh_num: vh_num DISPLAY_TYPE.strip() = ''. Removing attribute DISPLAY_TYPE.
  f_num: f_num DISPLAY_TYPE.strip() = ''. Removing attribute DISPLAY_TYPE.
  delay_time: delay_time DISPLAY_TYPE.strip() = ''. Removing attribute DISPLAY_TYPE.
  v_height: v_height DISPLAY_TYPE.strip() = ''. Removing attribute DISPLAY_TYPE.
  Epoch: Epoch DISPLAY_TYPE.strip() = ''. Removing attribute DISPLAY_TYPE.
I1_AV2_QUI | ISTP.DISPLAY_TYPE.Empty:
  satellite: satellite DISPLAY_TYPE.strip() = ''. Removing attribute DISPLAY_TYPE.
  station_id: station_id DISPLAY_TYPE.strip() = ''. Removing attribute DISPLAY_TYPE.
  power_code: power_code DISPLAY_TYPE.strip() = ''. Removing attribute DISPLAY_TYPE.
  s_r_code: s_r_code DISPLAY_TYPE.strip() = ''. Removing attribute DISPLAY_TYPE.
  pps_code: pps_code DISPLAY_TYPE.strip() = ''. Removing attribute DISPLAY_TYPE.
  DMODE: DMODE DISPLAY_TYPE.strip() = ''. Removing attribute DISPLAY_TYPE.
  GMODE: GMODE DISPLAY_TYPE.strip() = ''. Removing attribute DISPLAY_TYPE.
  mixed_mode: mixed_mode DISPLAY_TYPE.strip() = ''. Removing attribute DISPLAY_TYPE.
  fix_freq: fix_freq DISPLAY_TYPE.strip() = ''. Removing attribute DISPLAY_TYPE.
  year: year DISPLAY_TYPE.strip() = ''. Removing attribute DISPLAY_TYPE.
  doy: doy DISPLAY_TYPE.strip() = ''. Removing attribute DISPLAY_TYPE.
  hr: hr DISPLAY_TYPE.strip() = ''. Removing attribute DISPLAY_TYPE.
  min: min DISPLAY_TYPE.strip() = ''. Removing attribute DISPLAY_TYPE.
  sec: sec DISPLAY_TYPE.strip() = ''. Removing attribute DISPLAY_TYPE.
  LMT: LMT DISPLAY_TYPE.strip() = ''. Removing attribute DISPLAY_TYPE.
  label_LMT: label_LMT DISPLAY_TYPE.strip() = ''. Removing attribute DISPLAY_TYPE.
  unit_LMT: unit_LMT DISPLAY_TYPE.strip() = ''. Removing attribute DISPLAY_TYPE.
  geo_coord: geo_coord DISPLAY_TYPE.strip() = ''. Removing attribute DISPLAY_TYPE.
  label_geo: label_geo DISPLAY_TYPE.strip() = ''. Removing attribute DISPLAY_TYPE.
  unit_geo: unit_geo DISPLAY_TYPE.strip() = ''. Removing attribute DISPLAY_TYPE.
  GMLMT: GMLMT DISPLAY_TYPE.strip() = ''. Removing attribute DISPLAY_TYPE.
  label_GMLMT: label_GMLMT DISPLAY_TYPE.strip() = ''. Removing attribute DISPLAY_TYPE.
  GMLAT: GMLAT DISPLAY_TYPE.strip() = ''. Removing attribute DISPLAY_TYPE.
  GMLONG: GMLONG DISPLAY_TYPE.strip() = ''. Removing attribute DISPLAY_TYPE.
  FH: FH DISPLAY_TYPE.strip() = ''. Removing attribute DISPLAY_TYPE.
  INV_LAT: INV_LAT DISPLAY_TYPE.strip() = ''. Removing attribute DISPLAY_TYPE.
  DIP: DIP DISPLAY_TYPE.strip() = ''. Removing attribute DISPLAY_TYPE.
  CHI: CHI DISPLAY_TYPE.strip() = ''. Removing attribute DISPLAY_TYPE.
  L: L DISPLAY_TYPE.strip() = ''. Removing attribute DISPLAY_TYPE.
  sun: sun DISPLAY_TYPE.strip() = ''. Removing attribute DISPLAY_TYPE.
  CEP: CEP DISPLAY_TYPE.strip() = ''. Removing attribute DISPLAY_TYPE.
  VLF: VLF DISPLAY_TYPE.strip() = ''. Removing attribute DISPLAY_TYPE.
  SEA: SEA DISPLAY_TYPE.strip() = ''. Removing attribute DISPLAY_TYPE.
  IMS1: IMS1 DISPLAY_TYPE.strip() = ''. Removing attribute DISPLAY_TYPE.
  IMS2: IMS2 DISPLAY_TYPE.strip() = ''. Removing attribute DISPLAY_TYPE.
  SPS: SPS DISPLAY_TYPE.strip() = ''. Removing attribute DISPLAY_TYPE.
  EPD: EPD DISPLAY_TYPE.strip() = ''. Removing attribute DISPLAY_TYPE.
  swept_start: swept_start DISPLAY_TYPE.strip() = ''. Removing attribute DISPLAY_TYPE.
  Time_mark: Time_mark DISPLAY_TYPE.strip() = ''. Removing attribute DISPLAY_TYPE.
  vh_num: vh_num DISPLAY_TYPE.strip() = ''. Removing attribute DISPLAY_TYPE.
  f_num: f_num DISPLAY_TYPE.strip() = ''. Removing attribute DISPLAY_TYPE.
  delay_time: delay_time DISPLAY_TYPE.strip() = ''. Removing attribute DISPLAY_TYPE.
  v_height: v_height DISPLAY_TYPE.strip() = ''. Removing attribute DISPLAY_TYPE.
  Epoch: Epoch DISPLAY_TYPE.strip() = ''. Removing attribute DISPLAY_TYPE.
I1_AV2_SNT | ISTP.DISPLAY_TYPE.Empty:
  satellite: satellite DISPLAY_TYPE.strip() = ''. Removing attribute DISPLAY_TYPE.
  station_id: station_id DISPLAY_TYPE.strip() = ''. Removing attribute DISPLAY_TYPE.
  power_code: power_code DISPLAY_TYPE.strip() = ''. Removing attribute DISPLAY_TYPE.
  s_r_code: s_r_code DISPLAY_TYPE.strip() = ''. Removing attribute DISPLAY_TYPE.
  pps_code: pps_code DISPLAY_TYPE.strip() = ''. Removing attribute DISPLAY_TYPE.
  DMODE: DMODE DISPLAY_TYPE.strip() = ''. Removing attribute DISPLAY_TYPE.
  GMODE: GMODE DISPLAY_TYPE.strip() = ''. Removing attribute DISPLAY_TYPE.
  mixed_mode: mixed_mode DISPLAY_TYPE.strip() = ''. Removing attribute DISPLAY_TYPE.
  fix_freq: fix_freq DISPLAY_TYPE.strip() = ''. Removing attribute DISPLAY_TYPE.
  year: year DISPLAY_TYPE.strip() = ''. Removing attribute DISPLAY_TYPE.
  doy: doy DISPLAY_TYPE.strip() = ''. Removing attribute DISPLAY_TYPE.
  hr: hr DISPLAY_TYPE.strip() = ''. Removing attribute DISPLAY_TYPE.
  min: min DISPLAY_TYPE.strip() = ''. Removing attribute DISPLAY_TYPE.
  sec: sec DISPLAY_TYPE.strip() = ''. Removing attribute DISPLAY_TYPE.
  LMT: LMT DISPLAY_TYPE.strip() = ''. Removing attribute DISPLAY_TYPE.
  label_LMT: label_LMT DISPLAY_TYPE.strip() = ''. Removing attribute DISPLAY_TYPE.
  unit_LMT: unit_LMT DISPLAY_TYPE.strip() = ''. Removing attribute DISPLAY_TYPE.
  geo_coord: geo_coord DISPLAY_TYPE.strip() = ''. Removing attribute DISPLAY_TYPE.
  label_geo: label_geo DISPLAY_TYPE.strip() = ''. Removing attribute DISPLAY_TYPE.
  unit_geo: unit_geo DISPLAY_TYPE.strip() = ''. Removing attribute DISPLAY_TYPE.
  GMLMT: GMLMT DISPLAY_TYPE.strip() = ''. Removing attribute DISPLAY_TYPE.
  label_GMLMT: label_GMLMT DISPLAY_TYPE.strip() = ''. Removing attribute DISPLAY_TYPE.
  GMLAT: GMLAT DISPLAY_TYPE.strip() = ''. Removing attribute DISPLAY_TYPE.
  GMLONG: GMLONG DISPLAY_TYPE.strip() = ''. Removing attribute DISPLAY_TYPE.
  FH: FH DISPLAY_TYPE.strip() = ''. Removing attribute DISPLAY_TYPE.
  INV_LAT: INV_LAT DISPLAY_TYPE.strip() = ''. Removing attribute DISPLAY_TYPE.
  DIP: DIP DISPLAY_TYPE.strip() = ''. Removing attribute DISPLAY_TYPE.
  CHI: CHI DISPLAY_TYPE.strip() = ''. Removing attribute DISPLAY_TYPE.
  L: L DISPLAY_TYPE.strip() = ''. Removing attribute DISPLAY_TYPE.
  sun: sun DISPLAY_TYPE.strip() = ''. Removing attribute DISPLAY_TYPE.
  CEP: CEP DISPLAY_TYPE.strip() = ''. Removing attribute DISPLAY_TYPE.
  VLF: VLF DISPLAY_TYPE.strip() = ''. Removing attribute DISPLAY_TYPE.
  SEA: SEA DISPLAY_TYPE.strip() = ''. Removing attribute DISPLAY_TYPE.
  IMS1: IMS1 DISPLAY_TYPE.strip() = ''. Removing attribute DISPLAY_TYPE.
  IMS2: IMS2 DISPLAY_TYPE.strip() = ''. Removing attribute DISPLAY_TYPE.
  SPS: SPS DISPLAY_TYPE.strip() = ''. Removing attribute DISPLAY_TYPE.
  EPD: EPD DISPLAY_TYPE.strip() = ''. Removing attribute DISPLAY_TYPE.
  swept_start: swept_start DISPLAY_TYPE.strip() = ''. Removing attribute DISPLAY_TYPE.
  Time_mark: Time_mark DISPLAY_TYPE.strip() = ''. Removing attribute DISPLAY_TYPE.
  vh_num: vh_num DISPLAY_TYPE.strip() = ''. Removing attribute DISPLAY_TYPE.
  f_num: f_num DISPLAY_TYPE.strip() = ''. Removing attribute DISPLAY_TYPE.
  delay_time: delay_time DISPLAY_TYPE.strip() = ''. Removing attribute DISPLAY_TYPE.
  v_height: v_height DISPLAY_TYPE.strip() = ''. Removing attribute DISPLAY_TYPE.
  Epoch: Epoch DISPLAY_TYPE.strip() = ''. Removing attribute DISPLAY_TYPE.
I1_AV2_ULA | ISTP.DISPLAY_TYPE.Empty:
  satellite: satellite DISPLAY_TYPE.strip() = ''. Removing attribute DISPLAY_TYPE.
  station_id: station_id DISPLAY_TYPE.strip() = ''. Removing attribute DISPLAY_TYPE.
  power_code: power_code DISPLAY_TYPE.strip() = ''. Removing attribute DISPLAY_TYPE.
  s_r_code: s_r_code DISPLAY_TYPE.strip() = ''. Removing attribute DISPLAY_TYPE.
  pps_code: pps_code DISPLAY_TYPE.strip() = ''. Removing attribute DISPLAY_TYPE.
  DMODE: DMODE DISPLAY_TYPE.strip() = ''. Removing attribute DISPLAY_TYPE.
  GMODE: GMODE DISPLAY_TYPE.strip() = ''. Removing attribute DISPLAY_TYPE.
  mixed_mode: mixed_mode DISPLAY_TYPE.strip() = ''. Removing attribute DISPLAY_TYPE.
  fix_freq: fix_freq DISPLAY_TYPE.strip() = ''. Removing attribute DISPLAY_TYPE.
  year: year DISPLAY_TYPE.strip() = ''. Removing attribute DISPLAY_TYPE.
  doy: doy DISPLAY_TYPE.strip() = ''. Removing attribute DISPLAY_TYPE.
  hr: hr DISPLAY_TYPE.strip() = ''. Removing attribute DISPLAY_TYPE.
  min: min DISPLAY_TYPE.strip() = ''. Removing attribute DISPLAY_TYPE.
  sec: sec DISPLAY_TYPE.strip() = ''. Removing attribute DISPLAY_TYPE.
  LMT: LMT DISPLAY_TYPE.strip() = ''. Removing attribute DISPLAY_TYPE.
  label_LMT: label_LMT DISPLAY_TYPE.strip() = ''. Removing attribute DISPLAY_TYPE.
  unit_LMT: unit_LMT DISPLAY_TYPE.strip() = ''. Removing attribute DISPLAY_TYPE.
  geo_coord: geo_coord DISPLAY_TYPE.strip() = ''. Removing attribute DISPLAY_TYPE.
  label_geo: label_geo DISPLAY_TYPE.strip() = ''. Removing attribute DISPLAY_TYPE.
  unit_geo: unit_geo DISPLAY_TYPE.strip() = ''. Removing attribute DISPLAY_TYPE.
  GMLMT: GMLMT DISPLAY_TYPE.strip() = ''. Removing attribute DISPLAY_TYPE.
  label_GMLMT: label_GMLMT DISPLAY_TYPE.strip() = ''. Removing attribute DISPLAY_TYPE.
  GMLAT: GMLAT DISPLAY_TYPE.strip() = ''. Removing attribute DISPLAY_TYPE.
  GMLONG: GMLONG DISPLAY_TYPE.strip() = ''. Removing attribute DISPLAY_TYPE.
  FH: FH DISPLAY_TYPE.strip() = ''. Removing attribute DISPLAY_TYPE.
  INV_LAT: INV_LAT DISPLAY_TYPE.strip() = ''. Removing attribute DISPLAY_TYPE.
  DIP: DIP DISPLAY_TYPE.strip() = ''. Removing attribute DISPLAY_TYPE.
  CHI: CHI DISPLAY_TYPE.strip() = ''. Removing attribute DISPLAY_TYPE.
  L: L DISPLAY_TYPE.strip() = ''. Removing attribute DISPLAY_TYPE.
  sun: sun DISPLAY_TYPE.strip() = ''. Removing attribute DISPLAY_TYPE.
  CEP: CEP DISPLAY_TYPE.strip() = ''. Removing attribute DISPLAY_TYPE.
  VLF: VLF DISPLAY_TYPE.strip() = ''. Removing attribute DISPLAY_TYPE.
  SEA: SEA DISPLAY_TYPE.strip() = ''. Removing attribute DISPLAY_TYPE.
  IMS1: IMS1 DISPLAY_TYPE.strip() = ''. Removing attribute DISPLAY_TYPE.
  IMS2: IMS2 DISPLAY_TYPE.strip() = ''. Removing attribute DISPLAY_TYPE.
  SPS: SPS DISPLAY_TYPE.strip() = ''. Removing attribute DISPLAY_TYPE.
  EPD: EPD DISPLAY_TYPE.strip() = ''. Removing attribute DISPLAY_TYPE.
  swept_start: swept_start DISPLAY_TYPE.strip() = ''. Removing attribute DISPLAY_TYPE.
  Time_mark: Time_mark DISPLAY_TYPE.strip() = ''. Removing attribute DISPLAY_TYPE.
  vh_num: vh_num DISPLAY_TYPE.strip() = ''. Removing attribute DISPLAY_TYPE.
  f_num: f_num DISPLAY_TYPE.strip() = ''. Removing attribute DISPLAY_TYPE.
  delay_time: delay_time DISPLAY_TYPE.strip() = ''. Removing attribute DISPLAY_TYPE.
  v_height: v_height DISPLAY_TYPE.strip() = ''. Removing attribute DISPLAY_TYPE.
  Epoch: Epoch DISPLAY_TYPE.strip() = ''. Removing attribute DISPLAY_TYPE.
I1_AV_ALL | ISTP.DISPLAY_TYPE.Empty:
  Epoch: Epoch DISPLAY_TYPE.strip() = ''. Removing attribute DISPLAY_TYPE.
  Epoch2d: Epoch2d DISPLAY_TYPE.strip() = ''. Removing attribute DISPLAY_TYPE.
  swept_start: swept_start DISPLAY_TYPE.strip() = ''. Removing attribute DISPLAY_TYPE.
  lat: lat DISPLAY_TYPE.strip() = ''. Removing attribute DISPLAY_TYPE.
  lon: lon DISPLAY_TYPE.strip() = ''. Removing attribute DISPLAY_TYPE.
  GMLAT: GMLAT DISPLAY_TYPE.strip() = ''. Removing attribute DISPLAY_TYPE.
  GMLONG: GMLONG DISPLAY_TYPE.strip() = ''. Removing attribute DISPLAY_TYPE.
  DIP: DIP DISPLAY_TYPE.strip() = ''. Removing attribute DISPLAY_TYPE.
  INV_LAT: INV_LAT DISPLAY_TYPE.strip() = ''. Removing attribute DISPLAY_TYPE.
  L: L DISPLAY_TYPE.strip() = ''. Removing attribute DISPLAY_TYPE.
  CHI: CHI DISPLAY_TYPE.strip() = ''. Removing attribute DISPLAY_TYPE.
  LMT: LMT DISPLAY_TYPE.strip() = ''. Removing attribute DISPLAY_TYPE.
  GMLMT: GMLMT DISPLAY_TYPE.strip() = ''. Removing attribute DISPLAY_TYPE.
  sun: sun DISPLAY_TYPE.strip() = ''. Removing attribute DISPLAY_TYPE.
  satellite: satellite DISPLAY_TYPE.strip() = ''. Removing attribute DISPLAY_TYPE.
  station_id: station_id DISPLAY_TYPE.strip() = ''. Removing attribute DISPLAY_TYPE.
  power_code: power_code DISPLAY_TYPE.strip() = ''. Removing attribute DISPLAY_TYPE.
  sr_code: sr_code DISPLAY_TYPE.strip() = ''. Removing attribute DISPLAY_TYPE.
  pps_code: pps_code DISPLAY_TYPE.strip() = ''. Removing attribute DISPLAY_TYPE.
  DMODE: DMODE DISPLAY_TYPE.strip() = ''. Removing attribute DISPLAY_TYPE.
  GMODE: GMODE DISPLAY_TYPE.strip() = ''. Removing attribute DISPLAY_TYPE.
  mixed_mode: mixed_mode DISPLAY_TYPE.strip() = ''. Removing attribute DISPLAY_TYPE.
  fix_freq: fix_freq DISPLAY_TYPE.strip() = ''. Removing attribute DISPLAY_TYPE.
  CEP: CEP DISPLAY_TYPE.strip() = ''. Removing attribute DISPLAY_TYPE.
  VLF: VLF DISPLAY_TYPE.strip() = ''. Removing attribute DISPLAY_TYPE.
  SEA: SEA DISPLAY_TYPE.strip() = ''. Removing attribute DISPLAY_TYPE.
  IMS1: IMS1 DISPLAY_TYPE.strip() = ''. Removing attribute DISPLAY_TYPE.
  IMS2: IMS2 DISPLAY_TYPE.strip() = ''. Removing attribute DISPLAY_TYPE.
  SPS: SPS DISPLAY_TYPE.strip() = ''. Removing attribute DISPLAY_TYPE.
  EPD: EPD DISPLAY_TYPE.strip() = ''. Removing attribute DISPLAY_TYPE.
  vh_num: vh_num DISPLAY_TYPE.strip() = ''. Removing attribute DISPLAY_TYPE.
  f_num: f_num DISPLAY_TYPE.strip() = ''. Removing attribute DISPLAY_TYPE.
  delay_time: delay_time DISPLAY_TYPE.strip() = ''. Removing attribute DISPLAY_TYPE.
  v_height: v_height DISPLAY_TYPE.strip() = ''. Removing attribute DISPLAY_TYPE.
  deltaTime: deltaTime DISPLAY_TYPE.strip() = ''. Removing attribute DISPLAY_TYPE.
I1_AV_KER | ISTP.DISPLAY_TYPE.Empty:
  satellite: satellite DISPLAY_TYPE.strip() = ''. Removing attribute DISPLAY_TYPE.
  station_id: station_id DISPLAY_TYPE.strip() = ''. Removing attribute DISPLAY_TYPE.
  power_code: power_code DISPLAY_TYPE.strip() = ''. Removing attribute DISPLAY_TYPE.
  s/r_code: s/r_code DISPLAY_TYPE.strip() = ''. Removing attribute DISPLAY_TYPE.
  pps_code: pps_code DISPLAY_TYPE.strip() = ''. Removing attribute DISPLAY_TYPE.
  DMODE: DMODE DISPLAY_TYPE.strip() = ''. Removing attribute DISPLAY_TYPE.
  GMODE: GMODE DISPLAY_TYPE.strip() = ''. Removing attribute DISPLAY_TYPE.
  mixed_mode: mixed_mode DISPLAY_TYPE.strip() = ''. Removing attribute DISPLAY_TYPE.
  fix_freq: fix_freq DISPLAY_TYPE.strip() = ''. Removing attribute DISPLAY_TYPE.
  year: year DISPLAY_TYPE.strip() = ''. Removing attribute DISPLAY_TYPE.
  doy: doy DISPLAY_TYPE.strip() = ''. Removing attribute DISPLAY_TYPE.
  hr: hr DISPLAY_TYPE.strip() = ''. Removing attribute DISPLAY_TYPE.
  min: min DISPLAY_TYPE.strip() = ''. Removing attribute DISPLAY_TYPE.
  sec: sec DISPLAY_TYPE.strip() = ''. Removing attribute DISPLAY_TYPE.
  LMT: LMT DISPLAY_TYPE.strip() = ''. Removing attribute DISPLAY_TYPE.
  label_LMT: label_LMT DISPLAY_TYPE.strip() = ''. Removing attribute DISPLAY_TYPE.
  unit_LMT: unit_LMT DISPLAY_TYPE.strip() = ''. Removing attribute DISPLAY_TYPE.
  geo_coord: geo_coord DISPLAY_TYPE.strip() = ''. Removing attribute DISPLAY_TYPE.
  label_geo: label_geo DISPLAY_TYPE.strip() = ''. Removing attribute DISPLAY_TYPE.
  unit_geo: unit_geo DISPLAY_TYPE.strip() = ''. Removing attribute DISPLAY_TYPE.
  GMLMT: GMLMT DISPLAY_TYPE.strip() = ''. Removing attribute DISPLAY_TYPE.
  label_GMLMT: label_GMLMT DISPLAY_TYPE.strip() = ''. Removing attribute DISPLAY_TYPE.
  GMLAT: GMLAT DISPLAY_TYPE.strip() = ''. Removing attribute DISPLAY_TYPE.
  GMLONG: GMLONG DISPLAY_TYPE.strip() = ''. Removing attribute DISPLAY_TYPE.
  INV_LAT: INV_LAT DISPLAY_TYPE.strip() = ''. Removing attribute DISPLAY_TYPE.
  DIP: DIP DISPLAY_TYPE.strip() = ''. Removing attribute DISPLAY_TYPE.
  CHI: CHI DISPLAY_TYPE.strip() = ''. Removing attribute DISPLAY_TYPE.
  L: L DISPLAY_TYPE.strip() = ''. Removing attribute DISPLAY_TYPE.
  sun: sun DISPLAY_TYPE.strip() = ''. Removing attribute DISPLAY_TYPE.
  CEP: CEP DISPLAY_TYPE.strip() = ''. Removing attribute DISPLAY_TYPE.
  VLF: VLF DISPLAY_TYPE.strip() = ''. Removing attribute DISPLAY_TYPE.
  SEA: SEA DISPLAY_TYPE.strip() = ''. Removing attribute DISPLAY_TYPE.
  IMS1: IMS1 DISPLAY_TYPE.strip() = ''. Removing attribute DISPLAY_TYPE.
  IMS2: IMS2 DISPLAY_TYPE.strip() = ''. Removing attribute DISPLAY_TYPE.
  SPS: SPS DISPLAY_TYPE.strip() = ''. Removing attribute DISPLAY_TYPE.
  EPD: EPD DISPLAY_TYPE.strip() = ''. Removing attribute DISPLAY_TYPE.
  swept_start: swept_start DISPLAY_TYPE.strip() = ''. Removing attribute DISPLAY_TYPE.
  Time_mark: Time_mark DISPLAY_TYPE.strip() = ''. Removing attribute DISPLAY_TYPE.
  vh_num: vh_num DISPLAY_TYPE.strip() = ''. Removing attribute DISPLAY_TYPE.
  f_num: f_num DISPLAY_TYPE.strip() = ''. Removing attribute DISPLAY_TYPE.
  delay_time: delay_time DISPLAY_TYPE.strip() = ''. Removing attribute DISPLAY_TYPE.
  v_height: v_height DISPLAY_TYPE.strip() = ''. Removing attribute DISPLAY_TYPE.
  Epoch: Epoch DISPLAY_TYPE.strip() = ''. Removing attribute DISPLAY_TYPE.
I1_AV_KSH | ISTP.DISPLAY_TYPE.Empty:
  satellite: satellite DISPLAY_TYPE.strip() = ''. Removing attribute DISPLAY_TYPE.
  station_id: station_id DISPLAY_TYPE.strip() = ''. Removing attribute DISPLAY_TYPE.
  power_code: power_code DISPLAY_TYPE.strip() = ''. Removing attribute DISPLAY_TYPE.
  s/r_code: s/r_code DISPLAY_TYPE.strip() = ''. Removing attribute DISPLAY_TYPE.
  pps_code: pps_code DISPLAY_TYPE.strip() = ''. Removing attribute DISPLAY_TYPE.
  DMODE: DMODE DISPLAY_TYPE.strip() = ''. Removing attribute DISPLAY_TYPE.
  GMODE: GMODE DISPLAY_TYPE.strip() = ''. Removing attribute DISPLAY_TYPE.
  mixed_mode: mixed_mode DISPLAY_TYPE.strip() = ''. Removing attribute DISPLAY_TYPE.
  fix_freq: fix_freq DISPLAY_TYPE.strip() = ''. Removing attribute DISPLAY_TYPE.
  year: year DISPLAY_TYPE.strip() = ''. Removing attribute DISPLAY_TYPE.
  doy: doy DISPLAY_TYPE.strip() = ''. Removing attribute DISPLAY_TYPE.
  hr: hr DISPLAY_TYPE.strip() = ''. Removing attribute DISPLAY_TYPE.
  min: min DISPLAY_TYPE.strip() = ''. Removing attribute DISPLAY_TYPE.
  sec: sec DISPLAY_TYPE.strip() = ''. Removing attribute DISPLAY_TYPE.
  LMT: LMT DISPLAY_TYPE.strip() = ''. Removing attribute DISPLAY_TYPE.
  label_LMT: label_LMT DISPLAY_TYPE.strip() = ''. Removing attribute DISPLAY_TYPE.
  unit_LMT: unit_LMT DISPLAY_TYPE.strip() = ''. Removing attribute DISPLAY_TYPE.
  geo_coord: geo_coord DISPLAY_TYPE.strip() = ''. Removing attribute DISPLAY_TYPE.
  label_geo: label_geo DISPLAY_TYPE.strip() = ''. Removing attribute DISPLAY_TYPE.
  unit_geo: unit_geo DISPLAY_TYPE.strip() = ''. Removing attribute DISPLAY_TYPE.
  GMLMT: GMLMT DISPLAY_TYPE.strip() = ''. Removing attribute DISPLAY_TYPE.
  label_GMLMT: label_GMLMT DISPLAY_TYPE.strip() = ''. Removing attribute DISPLAY_TYPE.
  GMLAT: GMLAT DISPLAY_TYPE.strip() = ''. Removing attribute DISPLAY_TYPE.
  GMLONG: GMLONG DISPLAY_TYPE.strip() = ''. Removing attribute DISPLAY_TYPE.
  INV_LAT: INV_LAT DISPLAY_TYPE.strip() = ''. Removing attribute DISPLAY_TYPE.
  DIP: DIP DISPLAY_TYPE.strip() = ''. Removing attribute DISPLAY_TYPE.
  CHI: CHI DISPLAY_TYPE.strip() = ''. Removing attribute DISPLAY_TYPE.
  L: L DISPLAY_TYPE.strip() = ''. Removing attribute DISPLAY_TYPE.
  sun: sun DISPLAY_TYPE.strip() = ''. Removing attribute DISPLAY_TYPE.
  CEP: CEP DISPLAY_TYPE.strip() = ''. Removing attribute DISPLAY_TYPE.
  VLF: VLF DISPLAY_TYPE.strip() = ''. Removing attribute DISPLAY_TYPE.
  SEA: SEA DISPLAY_TYPE.strip() = ''. Removing attribute DISPLAY_TYPE.
  IMS1: IMS1 DISPLAY_TYPE.strip() = ''. Removing attribute DISPLAY_TYPE.
  IMS2: IMS2 DISPLAY_TYPE.strip() = ''. Removing attribute DISPLAY_TYPE.
  SPS: SPS DISPLAY_TYPE.strip() = ''. Removing attribute DISPLAY_TYPE.
  EPD: EPD DISPLAY_TYPE.strip() = ''. Removing attribute DISPLAY_TYPE.
  swept_start: swept_start DISPLAY_TYPE.strip() = ''. Removing attribute DISPLAY_TYPE.
  Time_mark: Time_mark DISPLAY_TYPE.strip() = ''. Removing attribute DISPLAY_TYPE.
  vh_num: vh_num DISPLAY_TYPE.strip() = ''. Removing attribute DISPLAY_TYPE.
  f_num: f_num DISPLAY_TYPE.strip() = ''. Removing attribute DISPLAY_TYPE.
  delay_time: delay_time DISPLAY_TYPE.strip() = ''. Removing attribute DISPLAY_TYPE.
  v_height: v_height DISPLAY_TYPE.strip() = ''. Removing attribute DISPLAY_TYPE.
  Epoch: Epoch DISPLAY_TYPE.strip() = ''. Removing attribute DISPLAY_TYPE.
I1_AV_KWA | ISTP.DISPLAY_TYPE.Empty:
  satellite: satellite DISPLAY_TYPE.strip() = ''. Removing attribute DISPLAY_TYPE.
  station_id: station_id DISPLAY_TYPE.strip() = ''. Removing attribute DISPLAY_TYPE.
  power_code: power_code DISPLAY_TYPE.strip() = ''. Removing attribute DISPLAY_TYPE.
  s/r_code: s/r_code DISPLAY_TYPE.strip() = ''. Removing attribute DISPLAY_TYPE.
  pps_code: pps_code DISPLAY_TYPE.strip() = ''. Removing attribute DISPLAY_TYPE.
  DMODE: DMODE DISPLAY_TYPE.strip() = ''. Removing attribute DISPLAY_TYPE.
  GMODE: GMODE DISPLAY_TYPE.strip() = ''. Removing attribute DISPLAY_TYPE.
  mixed_mode: mixed_mode DISPLAY_TYPE.strip() = ''. Removing attribute DISPLAY_TYPE.
  fix_freq: fix_freq DISPLAY_TYPE.strip() = ''. Removing attribute DISPLAY_TYPE.
  year: year DISPLAY_TYPE.strip() = ''. Removing attribute DISPLAY_TYPE.
  doy: doy DISPLAY_TYPE.strip() = ''. Removing attribute DISPLAY_TYPE.
  hr: hr DISPLAY_TYPE.strip() = ''. Removing attribute DISPLAY_TYPE.
  min: min DISPLAY_TYPE.strip() = ''. Removing attribute DISPLAY_TYPE.
  sec: sec DISPLAY_TYPE.strip() = ''. Removing attribute DISPLAY_TYPE.
  LMT: LMT DISPLAY_TYPE.strip() = ''. Removing attribute DISPLAY_TYPE.
  label_LMT: label_LMT DISPLAY_TYPE.strip() = ''. Removing attribute DISPLAY_TYPE.
  unit_LMT: unit_LMT DISPLAY_TYPE.strip() = ''. Removing attribute DISPLAY_TYPE.
  geo_coord: geo_coord DISPLAY_TYPE.strip() = ''. Removing attribute DISPLAY_TYPE.
  label_geo: label_geo DISPLAY_TYPE.strip() = ''. Removing attribute DISPLAY_TYPE.
  unit_geo: unit_geo DISPLAY_TYPE.strip() = ''. Removing attribute DISPLAY_TYPE.
  GMLMT: GMLMT DISPLAY_TYPE.strip() = ''. Removing attribute DISPLAY_TYPE.
  label_GMLMT: label_GMLMT DISPLAY_TYPE.strip() = ''. Removing attribute DISPLAY_TYPE.
  GMLAT: GMLAT DISPLAY_TYPE.strip() = ''. Removing attribute DISPLAY_TYPE.
  GMLONG: GMLONG DISPLAY_TYPE.strip() = ''. Removing attribute DISPLAY_TYPE.
  INV_LAT: INV_LAT DISPLAY_TYPE.strip() = ''. Removing attribute DISPLAY_TYPE.
  DIP: DIP DISPLAY_TYPE.strip() = ''. Removing attribute DISPLAY_TYPE.
  CHI: CHI DISPLAY_TYPE.strip() = ''. Removing attribute DISPLAY_TYPE.
  L: L DISPLAY_TYPE.strip() = ''. Removing attribute DISPLAY_TYPE.
  sun: sun DISPLAY_TYPE.strip() = ''. Removing attribute DISPLAY_TYPE.
  CEP: CEP DISPLAY_TYPE.strip() = ''. Removing attribute DISPLAY_TYPE.
  VLF: VLF DISPLAY_TYPE.strip() = ''. Removing attribute DISPLAY_TYPE.
  SEA: SEA DISPLAY_TYPE.strip() = ''. Removing attribute DISPLAY_TYPE.
  IMS1: IMS1 DISPLAY_TYPE.strip() = ''. Removing attribute DISPLAY_TYPE.
  IMS2: IMS2 DISPLAY_TYPE.strip() = ''. Removing attribute DISPLAY_TYPE.
  SPS: SPS DISPLAY_TYPE.strip() = ''. Removing attribute DISPLAY_TYPE.
  EPD: EPD DISPLAY_TYPE.strip() = ''. Removing attribute DISPLAY_TYPE.
  swept_start: swept_start DISPLAY_TYPE.strip() = ''. Removing attribute DISPLAY_TYPE.
  Time_mark: Time_mark DISPLAY_TYPE.strip() = ''. Removing attribute DISPLAY_TYPE.
  vh_num: vh_num DISPLAY_TYPE.strip() = ''. Removing attribute DISPLAY_TYPE.
  f_num: f_num DISPLAY_TYPE.strip() = ''. Removing attribute DISPLAY_TYPE.
  delay_time: delay_time DISPLAY_TYPE.strip() = ''. Removing attribute DISPLAY_TYPE.
  v_height: v_height DISPLAY_TYPE.strip() = ''. Removing attribute DISPLAY_TYPE.
  Epoch: Epoch DISPLAY_TYPE.strip() = ''. Removing attribute DISPLAY_TYPE.
I1_AV_ODG | ISTP.DISPLAY_TYPE.Empty:
  satellite: satellite DISPLAY_TYPE.strip() = ''. Removing attribute DISPLAY_TYPE.
  station_id: station_id DISPLAY_TYPE.strip() = ''. Removing attribute DISPLAY_TYPE.
  power_code: power_code DISPLAY_TYPE.strip() = ''. Removing attribute DISPLAY_TYPE.
  s/r_code: s/r_code DISPLAY_TYPE.strip() = ''. Removing attribute DISPLAY_TYPE.
  pps_code: pps_code DISPLAY_TYPE.strip() = ''. Removing attribute DISPLAY_TYPE.
  DMODE: DMODE DISPLAY_TYPE.strip() = ''. Removing attribute DISPLAY_TYPE.
  GMODE: GMODE DISPLAY_TYPE.strip() = ''. Removing attribute DISPLAY_TYPE.
  mixed_mode: mixed_mode DISPLAY_TYPE.strip() = ''. Removing attribute DISPLAY_TYPE.
  fix_freq: fix_freq DISPLAY_TYPE.strip() = ''. Removing attribute DISPLAY_TYPE.
  year: year DISPLAY_TYPE.strip() = ''. Removing attribute DISPLAY_TYPE.
  doy: doy DISPLAY_TYPE.strip() = ''. Removing attribute DISPLAY_TYPE.
  hr: hr DISPLAY_TYPE.strip() = ''. Removing attribute DISPLAY_TYPE.
  min: min DISPLAY_TYPE.strip() = ''. Removing attribute DISPLAY_TYPE.
  sec: sec DISPLAY_TYPE.strip() = ''. Removing attribute DISPLAY_TYPE.
  LMT: LMT DISPLAY_TYPE.strip() = ''. Removing attribute DISPLAY_TYPE.
  label_LMT: label_LMT DISPLAY_TYPE.strip() = ''. Removing attribute DISPLAY_TYPE.
  unit_LMT: unit_LMT DISPLAY_TYPE.strip() = ''. Removing attribute DISPLAY_TYPE.
  geo_coord: geo_coord DISPLAY_TYPE.strip() = ''. Removing attribute DISPLAY_TYPE.
  label_geo: label_geo DISPLAY_TYPE.strip() = ''. Removing attribute DISPLAY_TYPE.
  unit_geo: unit_geo DISPLAY_TYPE.strip() = ''. Removing attribute DISPLAY_TYPE.
  GMLMT: GMLMT DISPLAY_TYPE.strip() = ''. Removing attribute DISPLAY_TYPE.
  label_GMLMT: label_GMLMT DISPLAY_TYPE.strip() = ''. Removing attribute DISPLAY_TYPE.
  GMLAT: GMLAT DISPLAY_TYPE.strip() = ''. Removing attribute DISPLAY_TYPE.
  GMLONG: GMLONG DISPLAY_TYPE.strip() = ''. Removing attribute DISPLAY_TYPE.
  INV_LAT: INV_LAT DISPLAY_TYPE.strip() = ''. Removing attribute DISPLAY_TYPE.
  DIP: DIP DISPLAY_TYPE.strip() = ''. Removing attribute DISPLAY_TYPE.
  CHI: CHI DISPLAY_TYPE.strip() = ''. Removing attribute DISPLAY_TYPE.
  L: L DISPLAY_TYPE.strip() = ''. Removing attribute DISPLAY_TYPE.
  sun: sun DISPLAY_TYPE.strip() = ''. Removing attribute DISPLAY_TYPE.
  CEP: CEP DISPLAY_TYPE.strip() = ''. Removing attribute DISPLAY_TYPE.
  VLF: VLF DISPLAY_TYPE.strip() = ''. Removing attribute DISPLAY_TYPE.
  SEA: SEA DISPLAY_TYPE.strip() = ''. Removing attribute DISPLAY_TYPE.
  IMS1: IMS1 DISPLAY_TYPE.strip() = ''. Removing attribute DISPLAY_TYPE.
  IMS2: IMS2 DISPLAY_TYPE.strip() = ''. Removing attribute DISPLAY_TYPE.
  SPS: SPS DISPLAY_TYPE.strip() = ''. Removing attribute DISPLAY_TYPE.
  EPD: EPD DISPLAY_TYPE.strip() = ''. Removing attribute DISPLAY_TYPE.
  swept_start: swept_start DISPLAY_TYPE.strip() = ''. Removing attribute DISPLAY_TYPE.
  Time_mark: Time_mark DISPLAY_TYPE.strip() = ''. Removing attribute DISPLAY_TYPE.
  vh_num: vh_num DISPLAY_TYPE.strip() = ''. Removing attribute DISPLAY_TYPE.
  f_num: f_num DISPLAY_TYPE.strip() = ''. Removing attribute DISPLAY_TYPE.
  delay_time: delay_time DISPLAY_TYPE.strip() = ''. Removing attribute DISPLAY_TYPE.
  v_height: v_height DISPLAY_TYPE.strip() = ''. Removing attribute DISPLAY_TYPE.
  Epoch: Epoch DISPLAY_TYPE.strip() = ''. Removing attribute DISPLAY_TYPE.
I1_AV_ORR | ISTP.DISPLAY_TYPE.Empty:
  satellite: satellite DISPLAY_TYPE.strip() = ''. Removing attribute DISPLAY_TYPE.
  station_id: station_id DISPLAY_TYPE.strip() = ''. Removing attribute DISPLAY_TYPE.
  power_code: power_code DISPLAY_TYPE.strip() = ''. Removing attribute DISPLAY_TYPE.
  s/r_code: s/r_code DISPLAY_TYPE.strip() = ''. Removing attribute DISPLAY_TYPE.
  pps_code: pps_code DISPLAY_TYPE.strip() = ''. Removing attribute DISPLAY_TYPE.
  DMODE: DMODE DISPLAY_TYPE.strip() = ''. Removing attribute DISPLAY_TYPE.
  GMODE: GMODE DISPLAY_TYPE.strip() = ''. Removing attribute DISPLAY_TYPE.
  mixed_mode: mixed_mode DISPLAY_TYPE.strip() = ''. Removing attribute DISPLAY_TYPE.
  fix_freq: fix_freq DISPLAY_TYPE.strip() = ''. Removing attribute DISPLAY_TYPE.
  year: year DISPLAY_TYPE.strip() = ''. Removing attribute DISPLAY_TYPE.
  doy: doy DISPLAY_TYPE.strip() = ''. Removing attribute DISPLAY_TYPE.
  hr: hr DISPLAY_TYPE.strip() = ''. Removing attribute DISPLAY_TYPE.
  min: min DISPLAY_TYPE.strip() = ''. Removing attribute DISPLAY_TYPE.
  sec: sec DISPLAY_TYPE.strip() = ''. Removing attribute DISPLAY_TYPE.
  LMT: LMT DISPLAY_TYPE.strip() = ''. Removing attribute DISPLAY_TYPE.
  label_LMT: label_LMT DISPLAY_TYPE.strip() = ''. Removing attribute DISPLAY_TYPE.
  unit_LMT: unit_LMT DISPLAY_TYPE.strip() = ''. Removing attribute DISPLAY_TYPE.
  geo_coord: geo_coord DISPLAY_TYPE.strip() = ''. Removing attribute DISPLAY_TYPE.
  label_geo: label_geo DISPLAY_TYPE.strip() = ''. Removing attribute DISPLAY_TYPE.
  unit_geo: unit_geo DISPLAY_TYPE.strip() = ''. Removing attribute DISPLAY_TYPE.
  GMLMT: GMLMT DISPLAY_TYPE.strip() = ''. Removing attribute DISPLAY_TYPE.
  label_GMLMT: label_GMLMT DISPLAY_TYPE.strip() = ''. Removing attribute DISPLAY_TYPE.
  GMLAT: GMLAT DISPLAY_TYPE.strip() = ''. Removing attribute DISPLAY_TYPE.
  GMLONG: GMLONG DISPLAY_TYPE.strip() = ''. Removing attribute DISPLAY_TYPE.
  INV_LAT: INV_LAT DISPLAY_TYPE.strip() = ''. Removing attribute DISPLAY_TYPE.
  DIP: DIP DISPLAY_TYPE.strip() = ''. Removing attribute DISPLAY_TYPE.
  CHI: CHI DISPLAY_TYPE.strip() = ''. Removing attribute DISPLAY_TYPE.
  L: L DISPLAY_TYPE.strip() = ''. Removing attribute DISPLAY_TYPE.
  sun: sun DISPLAY_TYPE.strip() = ''. Removing attribute DISPLAY_TYPE.
  CEP: CEP DISPLAY_TYPE.strip() = ''. Removing attribute DISPLAY_TYPE.
  VLF: VLF DISPLAY_TYPE.strip() = ''. Removing attribute DISPLAY_TYPE.
  SEA: SEA DISPLAY_TYPE.strip() = ''. Removing attribute DISPLAY_TYPE.
  IMS1: IMS1 DISPLAY_TYPE.strip() = ''. Removing attribute DISPLAY_TYPE.
  IMS2: IMS2 DISPLAY_TYPE.strip() = ''. Removing attribute DISPLAY_TYPE.
  SPS: SPS DISPLAY_TYPE.strip() = ''. Removing attribute DISPLAY_TYPE.
  EPD: EPD DISPLAY_TYPE.strip() = ''. Removing attribute DISPLAY_TYPE.
  swept_start: swept_start DISPLAY_TYPE.strip() = ''. Removing attribute DISPLAY_TYPE.
  Time_mark: Time_mark DISPLAY_TYPE.strip() = ''. Removing attribute DISPLAY_TYPE.
  vh_num: vh_num DISPLAY_TYPE.strip() = ''. Removing attribute DISPLAY_TYPE.
  f_num: f_num DISPLAY_TYPE.strip() = ''. Removing attribute DISPLAY_TYPE.
  delay_time: delay_time DISPLAY_TYPE.strip() = ''. Removing attribute DISPLAY_TYPE.
  v_height: v_height DISPLAY_TYPE.strip() = ''. Removing attribute DISPLAY_TYPE.
  Epoch: Epoch DISPLAY_TYPE.strip() = ''. Removing attribute DISPLAY_TYPE.
I1_AV_OTT | ISTP.DISPLAY_TYPE.Empty:
  satellite: satellite DISPLAY_TYPE.strip() = ''. Removing attribute DISPLAY_TYPE.
  station_id: station_id DISPLAY_TYPE.strip() = ''. Removing attribute DISPLAY_TYPE.
  power_code: power_code DISPLAY_TYPE.strip() = ''. Removing attribute DISPLAY_TYPE.
  s/r_code: s/r_code DISPLAY_TYPE.strip() = ''. Removing attribute DISPLAY_TYPE.
  pps_code: pps_code DISPLAY_TYPE.strip() = ''. Removing attribute DISPLAY_TYPE.
  DMODE: DMODE DISPLAY_TYPE.strip() = ''. Removing attribute DISPLAY_TYPE.
  GMODE: GMODE DISPLAY_TYPE.strip() = ''. Removing attribute DISPLAY_TYPE.
  mixed_mode: mixed_mode DISPLAY_TYPE.strip() = ''. Removing attribute DISPLAY_TYPE.
  fix_freq: fix_freq DISPLAY_TYPE.strip() = ''. Removing attribute DISPLAY_TYPE.
  year: year DISPLAY_TYPE.strip() = ''. Removing attribute DISPLAY_TYPE.
  doy: doy DISPLAY_TYPE.strip() = ''. Removing attribute DISPLAY_TYPE.
  hr: hr DISPLAY_TYPE.strip() = ''. Removing attribute DISPLAY_TYPE.
  min: min DISPLAY_TYPE.strip() = ''. Removing attribute DISPLAY_TYPE.
  sec: sec DISPLAY_TYPE.strip() = ''. Removing attribute DISPLAY_TYPE.
  LMT: LMT DISPLAY_TYPE.strip() = ''. Removing attribute DISPLAY_TYPE.
  label_LMT: label_LMT DISPLAY_TYPE.strip() = ''. Removing attribute DISPLAY_TYPE.
  unit_LMT: unit_LMT DISPLAY_TYPE.strip() = ''. Removing attribute DISPLAY_TYPE.
  geo_coord: geo_coord DISPLAY_TYPE.strip() = ''. Removing attribute DISPLAY_TYPE.
  label_geo: label_geo DISPLAY_TYPE.strip() = ''. Removing attribute DISPLAY_TYPE.
  unit_geo: unit_geo DISPLAY_TYPE.strip() = ''. Removing attribute DISPLAY_TYPE.
  GMLMT: GMLMT DISPLAY_TYPE.strip() = ''. Removing attribute DISPLAY_TYPE.
  label_GMLMT: label_GMLMT DISPLAY_TYPE.strip() = ''. Removing attribute DISPLAY_TYPE.
  GMLAT: GMLAT DISPLAY_TYPE.strip() = ''. Removing attribute DISPLAY_TYPE.
  GMLONG: GMLONG DISPLAY_TYPE.strip() = ''. Removing attribute DISPLAY_TYPE.
  INV_LAT: INV_LAT DISPLAY_TYPE.strip() = ''. Removing attribute DISPLAY_TYPE.
  DIP: DIP DISPLAY_TYPE.strip() = ''. Removing attribute DISPLAY_TYPE.
  CHI: CHI DISPLAY_TYPE.strip() = ''. Removing attribute DISPLAY_TYPE.
  L: L DISPLAY_TYPE.strip() = ''. Removing attribute DISPLAY_TYPE.
  sun: sun DISPLAY_TYPE.strip() = ''. Removing attribute DISPLAY_TYPE.
  CEP: CEP DISPLAY_TYPE.strip() = ''. Removing attribute DISPLAY_TYPE.
  VLF: VLF DISPLAY_TYPE.strip() = ''. Removing attribute DISPLAY_TYPE.
  SEA: SEA DISPLAY_TYPE.strip() = ''. Removing attribute DISPLAY_TYPE.
  IMS1: IMS1 DISPLAY_TYPE.strip() = ''. Removing attribute DISPLAY_TYPE.
  IMS2: IMS2 DISPLAY_TYPE.strip() = ''. Removing attribute DISPLAY_TYPE.
  SPS: SPS DISPLAY_TYPE.strip() = ''. Removing attribute DISPLAY_TYPE.
  EPD: EPD DISPLAY_TYPE.strip() = ''. Removing attribute DISPLAY_TYPE.
  swept_start: swept_start DISPLAY_TYPE.strip() = ''. Removing attribute DISPLAY_TYPE.
  Time_mark: Time_mark DISPLAY_TYPE.strip() = ''. Removing attribute DISPLAY_TYPE.
  vh_num: vh_num DISPLAY_TYPE.strip() = ''. Removing attribute DISPLAY_TYPE.
  f_num: f_num DISPLAY_TYPE.strip() = ''. Removing attribute DISPLAY_TYPE.
  delay_time: delay_time DISPLAY_TYPE.strip() = ''. Removing attribute DISPLAY_TYPE.
  v_height: v_height DISPLAY_TYPE.strip() = ''. Removing attribute DISPLAY_TYPE.
  Epoch: Epoch DISPLAY_TYPE.strip() = ''. Removing attribute DISPLAY_TYPE.
I1_AV_QUI | ISTP.DISPLAY_TYPE.Empty:
  satellite: satellite DISPLAY_TYPE.strip() = ''. Removing attribute DISPLAY_TYPE.
  station_id: station_id DISPLAY_TYPE.strip() = ''. Removing attribute DISPLAY_TYPE.
  power_code: power_code DISPLAY_TYPE.strip() = ''. Removing attribute DISPLAY_TYPE.
  s/r_code: s/r_code DISPLAY_TYPE.strip() = ''. Removing attribute DISPLAY_TYPE.
  pps_code: pps_code DISPLAY_TYPE.strip() = ''. Removing attribute DISPLAY_TYPE.
  DMODE: DMODE DISPLAY_TYPE.strip() = ''. Removing attribute DISPLAY_TYPE.
  GMODE: GMODE DISPLAY_TYPE.strip() = ''. Removing attribute DISPLAY_TYPE.
  mixed_mode: mixed_mode DISPLAY_TYPE.strip() = ''. Removing attribute DISPLAY_TYPE.
  fix_freq: fix_freq DISPLAY_TYPE.strip() = ''. Removing attribute DISPLAY_TYPE.
  year: year DISPLAY_TYPE.strip() = ''. Removing attribute DISPLAY_TYPE.
  doy: doy DISPLAY_TYPE.strip() = ''. Removing attribute DISPLAY_TYPE.
  hr: hr DISPLAY_TYPE.strip() = ''. Removing attribute DISPLAY_TYPE.
  min: min DISPLAY_TYPE.strip() = ''. Removing attribute DISPLAY_TYPE.
  sec: sec DISPLAY_TYPE.strip() = ''. Removing attribute DISPLAY_TYPE.
  LMT: LMT DISPLAY_TYPE.strip() = ''. Removing attribute DISPLAY_TYPE.
  label_LMT: label_LMT DISPLAY_TYPE.strip() = ''. Removing attribute DISPLAY_TYPE.
  unit_LMT: unit_LMT DISPLAY_TYPE.strip() = ''. Removing attribute DISPLAY_TYPE.
  geo_coord: geo_coord DISPLAY_TYPE.strip() = ''. Removing attribute DISPLAY_TYPE.
  label_geo: label_geo DISPLAY_TYPE.strip() = ''. Removing attribute DISPLAY_TYPE.
  unit_geo: unit_geo DISPLAY_TYPE.strip() = ''. Removing attribute DISPLAY_TYPE.
  GMLMT: GMLMT DISPLAY_TYPE.strip() = ''. Removing attribute DISPLAY_TYPE.
  label_GMLMT: label_GMLMT DISPLAY_TYPE.strip() = ''. Removing attribute DISPLAY_TYPE.
  GMLAT: GMLAT DISPLAY_TYPE.strip() = ''. Removing attribute DISPLAY_TYPE.
  GMLONG: GMLONG DISPLAY_TYPE.strip() = ''. Removing attribute DISPLAY_TYPE.
  INV_LAT: INV_LAT DISPLAY_TYPE.strip() = ''. Removing attribute DISPLAY_TYPE.
  DIP: DIP DISPLAY_TYPE.strip() = ''. Removing attribute DISPLAY_TYPE.
  CHI: CHI DISPLAY_TYPE.strip() = ''. Removing attribute DISPLAY_TYPE.
  L: L DISPLAY_TYPE.strip() = ''. Removing attribute DISPLAY_TYPE.
  sun: sun DISPLAY_TYPE.strip() = ''. Removing attribute DISPLAY_TYPE.
  CEP: CEP DISPLAY_TYPE.strip() = ''. Removing attribute DISPLAY_TYPE.
  VLF: VLF DISPLAY_TYPE.strip() = ''. Removing attribute DISPLAY_TYPE.
  SEA: SEA DISPLAY_TYPE.strip() = ''. Removing attribute DISPLAY_TYPE.
  IMS1: IMS1 DISPLAY_TYPE.strip() = ''. Removing attribute DISPLAY_TYPE.
  IMS2: IMS2 DISPLAY_TYPE.strip() = ''. Removing attribute DISPLAY_TYPE.
  SPS: SPS DISPLAY_TYPE.strip() = ''. Removing attribute DISPLAY_TYPE.
  EPD: EPD DISPLAY_TYPE.strip() = ''. Removing attribute DISPLAY_TYPE.
  swept_start: swept_start DISPLAY_TYPE.strip() = ''. Removing attribute DISPLAY_TYPE.
  Time_mark: Time_mark DISPLAY_TYPE.strip() = ''. Removing attribute DISPLAY_TYPE.
  vh_num: vh_num DISPLAY_TYPE.strip() = ''. Removing attribute DISPLAY_TYPE.
  f_num: f_num DISPLAY_TYPE.strip() = ''. Removing attribute DISPLAY_TYPE.
  delay_time: delay_time DISPLAY_TYPE.strip() = ''. Removing attribute DISPLAY_TYPE.
  v_height: v_height DISPLAY_TYPE.strip() = ''. Removing attribute DISPLAY_TYPE.
  Epoch: Epoch DISPLAY_TYPE.strip() = ''. Removing attribute DISPLAY_TYPE.
I1_AV_RES | ISTP.DISPLAY_TYPE.Empty:
  satellite: satellite DISPLAY_TYPE.strip() = ''. Removing attribute DISPLAY_TYPE.
  station_id: station_id DISPLAY_TYPE.strip() = ''. Removing attribute DISPLAY_TYPE.
  power_code: power_code DISPLAY_TYPE.strip() = ''. Removing attribute DISPLAY_TYPE.
  s/r_code: s/r_code DISPLAY_TYPE.strip() = ''. Removing attribute DISPLAY_TYPE.
  pps_code: pps_code DISPLAY_TYPE.strip() = ''. Removing attribute DISPLAY_TYPE.
  DMODE: DMODE DISPLAY_TYPE.strip() = ''. Removing attribute DISPLAY_TYPE.
  GMODE: GMODE DISPLAY_TYPE.strip() = ''. Removing attribute DISPLAY_TYPE.
  mixed_mode: mixed_mode DISPLAY_TYPE.strip() = ''. Removing attribute DISPLAY_TYPE.
  fix_freq: fix_freq DISPLAY_TYPE.strip() = ''. Removing attribute DISPLAY_TYPE.
  year: year DISPLAY_TYPE.strip() = ''. Removing attribute DISPLAY_TYPE.
  doy: doy DISPLAY_TYPE.strip() = ''. Removing attribute DISPLAY_TYPE.
  hr: hr DISPLAY_TYPE.strip() = ''. Removing attribute DISPLAY_TYPE.
  min: min DISPLAY_TYPE.strip() = ''. Removing attribute DISPLAY_TYPE.
  sec: sec DISPLAY_TYPE.strip() = ''. Removing attribute DISPLAY_TYPE.
  LMT: LMT DISPLAY_TYPE.strip() = ''. Removing attribute DISPLAY_TYPE.
  label_LMT: label_LMT DISPLAY_TYPE.strip() = ''. Removing attribute DISPLAY_TYPE.
  unit_LMT: unit_LMT DISPLAY_TYPE.strip() = ''. Removing attribute DISPLAY_TYPE.
  geo_coord: geo_coord DISPLAY_TYPE.strip() = ''. Removing attribute DISPLAY_TYPE.
  label_geo: label_geo DISPLAY_TYPE.strip() = ''. Removing attribute DISPLAY_TYPE.
  unit_geo: unit_geo DISPLAY_TYPE.strip() = ''. Removing attribute DISPLAY_TYPE.
  GMLMT: GMLMT DISPLAY_TYPE.strip() = ''. Removing attribute DISPLAY_TYPE.
  label_GMLMT: label_GMLMT DISPLAY_TYPE.strip() = ''. Removing attribute DISPLAY_TYPE.
  GMLAT: GMLAT DISPLAY_TYPE.strip() = ''. Removing attribute DISPLAY_TYPE.
  GMLONG: GMLONG DISPLAY_TYPE.strip() = ''. Removing attribute DISPLAY_TYPE.
  INV_LAT: INV_LAT DISPLAY_TYPE.strip() = ''. Removing attribute DISPLAY_TYPE.
  DIP: DIP DISPLAY_TYPE.strip() = ''. Removing attribute DISPLAY_TYPE.
  CHI: CHI DISPLAY_TYPE.strip() = ''. Removing attribute DISPLAY_TYPE.
  L: L DISPLAY_TYPE.strip() = ''. Removing attribute DISPLAY_TYPE.
  sun: sun DISPLAY_TYPE.strip() = ''. Removing attribute DISPLAY_TYPE.
  CEP: CEP DISPLAY_TYPE.strip() = ''. Removing attribute DISPLAY_TYPE.
  VLF: VLF DISPLAY_TYPE.strip() = ''. Removing attribute DISPLAY_TYPE.
  SEA: SEA DISPLAY_TYPE.strip() = ''. Removing attribute DISPLAY_TYPE.
  IMS1: IMS1 DISPLAY_TYPE.strip() = ''. Removing attribute DISPLAY_TYPE.
  IMS2: IMS2 DISPLAY_TYPE.strip() = ''. Removing attribute DISPLAY_TYPE.
  SPS: SPS DISPLAY_TYPE.strip() = ''. Removing attribute DISPLAY_TYPE.
  EPD: EPD DISPLAY_TYPE.strip() = ''. Removing attribute DISPLAY_TYPE.
  swept_start: swept_start DISPLAY_TYPE.strip() = ''. Removing attribute DISPLAY_TYPE.
  Time_mark: Time_mark DISPLAY_TYPE.strip() = ''. Removing attribute DISPLAY_TYPE.
  vh_num: vh_num DISPLAY_TYPE.strip() = ''. Removing attribute DISPLAY_TYPE.
  f_num: f_num DISPLAY_TYPE.strip() = ''. Removing attribute DISPLAY_TYPE.
  delay_time: delay_time DISPLAY_TYPE.strip() = ''. Removing attribute DISPLAY_TYPE.
  v_height: v_height DISPLAY_TYPE.strip() = ''. Removing attribute DISPLAY_TYPE.
  Epoch: Epoch DISPLAY_TYPE.strip() = ''. Removing attribute DISPLAY_TYPE.
I1_AV_SNT | ISTP.DISPLAY_TYPE.Empty:
  satellite: satellite DISPLAY_TYPE.strip() = ''. Removing attribute DISPLAY_TYPE.
  station_id: station_id DISPLAY_TYPE.strip() = ''. Removing attribute DISPLAY_TYPE.
  power_code: power_code DISPLAY_TYPE.strip() = ''. Removing attribute DISPLAY_TYPE.
  s/r_code: s/r_code DISPLAY_TYPE.strip() = ''. Removing attribute DISPLAY_TYPE.
  pps_code: pps_code DISPLAY_TYPE.strip() = ''. Removing attribute DISPLAY_TYPE.
  DMODE: DMODE DISPLAY_TYPE.strip() = ''. Removing attribute DISPLAY_TYPE.
  GMODE: GMODE DISPLAY_TYPE.strip() = ''. Removing attribute DISPLAY_TYPE.
  mixed_mode: mixed_mode DISPLAY_TYPE.strip() = ''. Removing attribute DISPLAY_TYPE.
  fix_freq: fix_freq DISPLAY_TYPE.strip() = ''. Removing attribute DISPLAY_TYPE.
  year: year DISPLAY_TYPE.strip() = ''. Removing attribute DISPLAY_TYPE.
  doy: doy DISPLAY_TYPE.strip() = ''. Removing attribute DISPLAY_TYPE.
  hr: hr DISPLAY_TYPE.strip() = ''. Removing attribute DISPLAY_TYPE.
  min: min DISPLAY_TYPE.strip() = ''. Removing attribute DISPLAY_TYPE.
  sec: sec DISPLAY_TYPE.strip() = ''. Removing attribute DISPLAY_TYPE.
  LMT: LMT DISPLAY_TYPE.strip() = ''. Removing attribute DISPLAY_TYPE.
  label_LMT: label_LMT DISPLAY_TYPE.strip() = ''. Removing attribute DISPLAY_TYPE.
  unit_LMT: unit_LMT DISPLAY_TYPE.strip() = ''. Removing attribute DISPLAY_TYPE.
  geo_coord: geo_coord DISPLAY_TYPE.strip() = ''. Removing attribute DISPLAY_TYPE.
  label_geo: label_geo DISPLAY_TYPE.strip() = ''. Removing attribute DISPLAY_TYPE.
  unit_geo: unit_geo DISPLAY_TYPE.strip() = ''. Removing attribute DISPLAY_TYPE.
  GMLMT: GMLMT DISPLAY_TYPE.strip() = ''. Removing attribute DISPLAY_TYPE.
  label_GMLMT: label_GMLMT DISPLAY_TYPE.strip() = ''. Removing attribute DISPLAY_TYPE.
  GMLAT: GMLAT DISPLAY_TYPE.strip() = ''. Removing attribute DISPLAY_TYPE.
  GMLONG: GMLONG DISPLAY_TYPE.strip() = ''. Removing attribute DISPLAY_TYPE.
  INV_LAT: INV_LAT DISPLAY_TYPE.strip() = ''. Removing attribute DISPLAY_TYPE.
  DIP: DIP DISPLAY_TYPE.strip() = ''. Removing attribute DISPLAY_TYPE.
  CHI: CHI DISPLAY_TYPE.strip() = ''. Removing attribute DISPLAY_TYPE.
  L: L DISPLAY_TYPE.strip() = ''. Removing attribute DISPLAY_TYPE.
  sun: sun DISPLAY_TYPE.strip() = ''. Removing attribute DISPLAY_TYPE.
  CEP: CEP DISPLAY_TYPE.strip() = ''. Removing attribute DISPLAY_TYPE.
  VLF: VLF DISPLAY_TYPE.strip() = ''. Removing attribute DISPLAY_TYPE.
  SEA: SEA DISPLAY_TYPE.strip() = ''. Removing attribute DISPLAY_TYPE.
  IMS1: IMS1 DISPLAY_TYPE.strip() = ''. Removing attribute DISPLAY_TYPE.
  IMS2: IMS2 DISPLAY_TYPE.strip() = ''. Removing attribute DISPLAY_TYPE.
  SPS: SPS DISPLAY_TYPE.strip() = ''. Removing attribute DISPLAY_TYPE.
  EPD: EPD DISPLAY_TYPE.strip() = ''. Removing attribute DISPLAY_TYPE.
  swept_start: swept_start DISPLAY_TYPE.strip() = ''. Removing attribute DISPLAY_TYPE.
  Time_mark: Time_mark DISPLAY_TYPE.strip() = ''. Removing attribute DISPLAY_TYPE.
  vh_num: vh_num DISPLAY_TYPE.strip() = ''. Removing attribute DISPLAY_TYPE.
  f_num: f_num DISPLAY_TYPE.strip() = ''. Removing attribute DISPLAY_TYPE.
  delay_time: delay_time DISPLAY_TYPE.strip() = ''. Removing attribute DISPLAY_TYPE.
  v_height: v_height DISPLAY_TYPE.strip() = ''. Removing attribute DISPLAY_TYPE.
  Epoch: Epoch DISPLAY_TYPE.strip() = ''. Removing attribute DISPLAY_TYPE.
I1_AV_SOD | ISTP.DISPLAY_TYPE.Empty:
  satellite: satellite DISPLAY_TYPE.strip() = ''. Removing attribute DISPLAY_TYPE.
  station_id: station_id DISPLAY_TYPE.strip() = ''. Removing attribute DISPLAY_TYPE.
  power_code: power_code DISPLAY_TYPE.strip() = ''. Removing attribute DISPLAY_TYPE.
  s/r_code: s/r_code DISPLAY_TYPE.strip() = ''. Removing attribute DISPLAY_TYPE.
  pps_code: pps_code DISPLAY_TYPE.strip() = ''. Removing attribute DISPLAY_TYPE.
  DMODE: DMODE DISPLAY_TYPE.strip() = ''. Removing attribute DISPLAY_TYPE.
  GMODE: GMODE DISPLAY_TYPE.strip() = ''. Removing attribute DISPLAY_TYPE.
  mixed_mode: mixed_mode DISPLAY_TYPE.strip() = ''. Removing attribute DISPLAY_TYPE.
  fix_freq: fix_freq DISPLAY_TYPE.strip() = ''. Removing attribute DISPLAY_TYPE.
  year: year DISPLAY_TYPE.strip() = ''. Removing attribute DISPLAY_TYPE.
  doy: doy DISPLAY_TYPE.strip() = ''. Removing attribute DISPLAY_TYPE.
  hr: hr DISPLAY_TYPE.strip() = ''. Removing attribute DISPLAY_TYPE.
  min: min DISPLAY_TYPE.strip() = ''. Removing attribute DISPLAY_TYPE.
  sec: sec DISPLAY_TYPE.strip() = ''. Removing attribute DISPLAY_TYPE.
  LMT: LMT DISPLAY_TYPE.strip() = ''. Removing attribute DISPLAY_TYPE.
  label_LMT: label_LMT DISPLAY_TYPE.strip() = ''. Removing attribute DISPLAY_TYPE.
  unit_LMT: unit_LMT DISPLAY_TYPE.strip() = ''. Removing attribute DISPLAY_TYPE.
  geo_coord: geo_coord DISPLAY_TYPE.strip() = ''. Removing attribute DISPLAY_TYPE.
  label_geo: label_geo DISPLAY_TYPE.strip() = ''. Removing attribute DISPLAY_TYPE.
  unit_geo: unit_geo DISPLAY_TYPE.strip() = ''. Removing attribute DISPLAY_TYPE.
  GMLMT: GMLMT DISPLAY_TYPE.strip() = ''. Removing attribute DISPLAY_TYPE.
  label_GMLMT: label_GMLMT DISPLAY_TYPE.strip() = ''. Removing attribute DISPLAY_TYPE.
  GMLAT: GMLAT DISPLAY_TYPE.strip() = ''. Removing attribute DISPLAY_TYPE.
  GMLONG: GMLONG DISPLAY_TYPE.strip() = ''. Removing attribute DISPLAY_TYPE.
  INV_LAT: INV_LAT DISPLAY_TYPE.strip() = ''. Removing attribute DISPLAY_TYPE.
  DIP: DIP DISPLAY_TYPE.strip() = ''. Removing attribute DISPLAY_TYPE.
  CHI: CHI DISPLAY_TYPE.strip() = ''. Removing attribute DISPLAY_TYPE.
  L: L DISPLAY_TYPE.strip() = ''. Removing attribute DISPLAY_TYPE.
  sun: sun DISPLAY_TYPE.strip() = ''. Removing attribute DISPLAY_TYPE.
  CEP: CEP DISPLAY_TYPE.strip() = ''. Removing attribute DISPLAY_TYPE.
  VLF: VLF DISPLAY_TYPE.strip() = ''. Removing attribute DISPLAY_TYPE.
  SEA: SEA DISPLAY_TYPE.strip() = ''. Removing attribute DISPLAY_TYPE.
  IMS1: IMS1 DISPLAY_TYPE.strip() = ''. Removing attribute DISPLAY_TYPE.
  IMS2: IMS2 DISPLAY_TYPE.strip() = ''. Removing attribute DISPLAY_TYPE.
  SPS: SPS DISPLAY_TYPE.strip() = ''. Removing attribute DISPLAY_TYPE.
  EPD: EPD DISPLAY_TYPE.strip() = ''. Removing attribute DISPLAY_TYPE.
  swept_start: swept_start DISPLAY_TYPE.strip() = ''. Removing attribute DISPLAY_TYPE.
  Time_mark: Time_mark DISPLAY_TYPE.strip() = ''. Removing attribute DISPLAY_TYPE.
  vh_num: vh_num DISPLAY_TYPE.strip() = ''. Removing attribute DISPLAY_TYPE.
  f_num: f_num DISPLAY_TYPE.strip() = ''. Removing attribute DISPLAY_TYPE.
  delay_time: delay_time DISPLAY_TYPE.strip() = ''. Removing attribute DISPLAY_TYPE.
  v_height: v_height DISPLAY_TYPE.strip() = ''. Removing attribute DISPLAY_TYPE.
  Epoch: Epoch DISPLAY_TYPE.strip() = ''. Removing attribute DISPLAY_TYPE.
I1_AV_TRO | ISTP.DISPLAY_TYPE.Empty:
  satellite: satellite DISPLAY_TYPE.strip() = ''. Removing attribute DISPLAY_TYPE.
  station_id: station_id DISPLAY_TYPE.strip() = ''. Removing attribute DISPLAY_TYPE.
  power_code: power_code DISPLAY_TYPE.strip() = ''. Removing attribute DISPLAY_TYPE.
  s/r_code: s/r_code DISPLAY_TYPE.strip() = ''. Removing attribute DISPLAY_TYPE.
  pps_code: pps_code DISPLAY_TYPE.strip() = ''. Removing attribute DISPLAY_TYPE.
  DMODE: DMODE DISPLAY_TYPE.strip() = ''. Removing attribute DISPLAY_TYPE.
  GMODE: GMODE DISPLAY_TYPE.strip() = ''. Removing attribute DISPLAY_TYPE.
  mixed_mode: mixed_mode DISPLAY_TYPE.strip() = ''. Removing attribute DISPLAY_TYPE.
  fix_freq: fix_freq DISPLAY_TYPE.strip() = ''. Removing attribute DISPLAY_TYPE.
  year: year DISPLAY_TYPE.strip() = ''. Removing attribute DISPLAY_TYPE.
  doy: doy DISPLAY_TYPE.strip() = ''. Removing attribute DISPLAY_TYPE.
  hr: hr DISPLAY_TYPE.strip() = ''. Removing attribute DISPLAY_TYPE.
  min: min DISPLAY_TYPE.strip() = ''. Removing attribute DISPLAY_TYPE.
  sec: sec DISPLAY_TYPE.strip() = ''. Removing attribute DISPLAY_TYPE.
  LMT: LMT DISPLAY_TYPE.strip() = ''. Removing attribute DISPLAY_TYPE.
  label_LMT: label_LMT DISPLAY_TYPE.strip() = ''. Removing attribute DISPLAY_TYPE.
  unit_LMT: unit_LMT DISPLAY_TYPE.strip() = ''. Removing attribute DISPLAY_TYPE.
  geo_coord: geo_coord DISPLAY_TYPE.strip() = ''. Removing attribute DISPLAY_TYPE.
  label_geo: label_geo DISPLAY_TYPE.strip() = ''. Removing attribute DISPLAY_TYPE.
  unit_geo: unit_geo DISPLAY_TYPE.strip() = ''. Removing attribute DISPLAY_TYPE.
  GMLMT: GMLMT DISPLAY_TYPE.strip() = ''. Removing attribute DISPLAY_TYPE.
  label_GMLMT: label_GMLMT DISPLAY_TYPE.strip() = ''. Removing attribute DISPLAY_TYPE.
  GMLAT: GMLAT DISPLAY_TYPE.strip() = ''. Removing attribute DISPLAY_TYPE.
  GMLONG: GMLONG DISPLAY_TYPE.strip() = ''. Removing attribute DISPLAY_TYPE.
  INV_LAT: INV_LAT DISPLAY_TYPE.strip() = ''. Removing attribute DISPLAY_TYPE.
  DIP: DIP DISPLAY_TYPE.strip() = ''. Removing attribute DISPLAY_TYPE.
  CHI: CHI DISPLAY_TYPE.strip() = ''. Removing attribute DISPLAY_TYPE.
  L: L DISPLAY_TYPE.strip() = ''. Removing attribute DISPLAY_TYPE.
  sun: sun DISPLAY_TYPE.strip() = ''. Removing attribute DISPLAY_TYPE.
  CEP: CEP DISPLAY_TYPE.strip() = ''. Removing attribute DISPLAY_TYPE.
  VLF: VLF DISPLAY_TYPE.strip() = ''. Removing attribute DISPLAY_TYPE.
  SEA: SEA DISPLAY_TYPE.strip() = ''. Removing attribute DISPLAY_TYPE.
  IMS1: IMS1 DISPLAY_TYPE.strip() = ''. Removing attribute DISPLAY_TYPE.
  IMS2: IMS2 DISPLAY_TYPE.strip() = ''. Removing attribute DISPLAY_TYPE.
  SPS: SPS DISPLAY_TYPE.strip() = ''. Removing attribute DISPLAY_TYPE.
  EPD: EPD DISPLAY_TYPE.strip() = ''. Removing attribute DISPLAY_TYPE.
  swept_start: swept_start DISPLAY_TYPE.strip() = ''. Removing attribute DISPLAY_TYPE.
  Time_mark: Time_mark DISPLAY_TYPE.strip() = ''. Removing attribute DISPLAY_TYPE.
  vh_num: vh_num DISPLAY_TYPE.strip() = ''. Removing attribute DISPLAY_TYPE.
  f_num: f_num DISPLAY_TYPE.strip() = ''. Removing attribute DISPLAY_TYPE.
  delay_time: delay_time DISPLAY_TYPE.strip() = ''. Removing attribute DISPLAY_TYPE.
  v_height: v_height DISPLAY_TYPE.strip() = ''. Removing attribute DISPLAY_TYPE.
  Epoch: Epoch DISPLAY_TYPE.strip() = ''. Removing attribute DISPLAY_TYPE.
I1_AV_ULA | ISTP.DISPLAY_TYPE.Empty:
  satellite: satellite DISPLAY_TYPE.strip() = ''. Removing attribute DISPLAY_TYPE.
  station_id: station_id DISPLAY_TYPE.strip() = ''. Removing attribute DISPLAY_TYPE.
  power_code: power_code DISPLAY_TYPE.strip() = ''. Removing attribute DISPLAY_TYPE.
  s/r_code: s/r_code DISPLAY_TYPE.strip() = ''. Removing attribute DISPLAY_TYPE.
  pps_code: pps_code DISPLAY_TYPE.strip() = ''. Removing attribute DISPLAY_TYPE.
  DMODE: DMODE DISPLAY_TYPE.strip() = ''. Removing attribute DISPLAY_TYPE.
  GMODE: GMODE DISPLAY_TYPE.strip() = ''. Removing attribute DISPLAY_TYPE.
  mixed_mode: mixed_mode DISPLAY_TYPE.strip() = ''. Removing attribute DISPLAY_TYPE.
  fix_freq: fix_freq DISPLAY_TYPE.strip() = ''. Removing attribute DISPLAY_TYPE.
  year: year DISPLAY_TYPE.strip() = ''. Removing attribute DISPLAY_TYPE.
  doy: doy DISPLAY_TYPE.strip() = ''. Removing attribute DISPLAY_TYPE.
  hr: hr DISPLAY_TYPE.strip() = ''. Removing attribute DISPLAY_TYPE.
  min: min DISPLAY_TYPE.strip() = ''. Removing attribute DISPLAY_TYPE.
  sec: sec DISPLAY_TYPE.strip() = ''. Removing attribute DISPLAY_TYPE.
  LMT: LMT DISPLAY_TYPE.strip() = ''. Removing attribute DISPLAY_TYPE.
  label_LMT: label_LMT DISPLAY_TYPE.strip() = ''. Removing attribute DISPLAY_TYPE.
  unit_LMT: unit_LMT DISPLAY_TYPE.strip() = ''. Removing attribute DISPLAY_TYPE.
  geo_coord: geo_coord DISPLAY_TYPE.strip() = ''. Removing attribute DISPLAY_TYPE.
  label_geo: label_geo DISPLAY_TYPE.strip() = ''. Removing attribute DISPLAY_TYPE.
  unit_geo: unit_geo DISPLAY_TYPE.strip() = ''. Removing attribute DISPLAY_TYPE.
  GMLMT: GMLMT DISPLAY_TYPE.strip() = ''. Removing attribute DISPLAY_TYPE.
  label_GMLMT: label_GMLMT DISPLAY_TYPE.strip() = ''. Removing attribute DISPLAY_TYPE.
  GMLAT: GMLAT DISPLAY_TYPE.strip() = ''. Removing attribute DISPLAY_TYPE.
  GMLONG: GMLONG DISPLAY_TYPE.strip() = ''. Removing attribute DISPLAY_TYPE.
  INV_LAT: INV_LAT DISPLAY_TYPE.strip() = ''. Removing attribute DISPLAY_TYPE.
  DIP: DIP DISPLAY_TYPE.strip() = ''. Removing attribute DISPLAY_TYPE.
  CHI: CHI DISPLAY_TYPE.strip() = ''. Removing attribute DISPLAY_TYPE.
  L: L DISPLAY_TYPE.strip() = ''. Removing attribute DISPLAY_TYPE.
  sun: sun DISPLAY_TYPE.strip() = ''. Removing attribute DISPLAY_TYPE.
  CEP: CEP DISPLAY_TYPE.strip() = ''. Removing attribute DISPLAY_TYPE.
  VLF: VLF DISPLAY_TYPE.strip() = ''. Removing attribute DISPLAY_TYPE.
  SEA: SEA DISPLAY_TYPE.strip() = ''. Removing attribute DISPLAY_TYPE.
  IMS1: IMS1 DISPLAY_TYPE.strip() = ''. Removing attribute DISPLAY_TYPE.
  IMS2: IMS2 DISPLAY_TYPE.strip() = ''. Removing attribute DISPLAY_TYPE.
  SPS: SPS DISPLAY_TYPE.strip() = ''. Removing attribute DISPLAY_TYPE.
  EPD: EPD DISPLAY_TYPE.strip() = ''. Removing attribute DISPLAY_TYPE.
  swept_start: swept_start DISPLAY_TYPE.strip() = ''. Removing attribute DISPLAY_TYPE.
  Time_mark: Time_mark DISPLAY_TYPE.strip() = ''. Removing attribute DISPLAY_TYPE.
  vh_num: vh_num DISPLAY_TYPE.strip() = ''. Removing attribute DISPLAY_TYPE.
  f_num: f_num DISPLAY_TYPE.strip() = ''. Removing attribute DISPLAY_TYPE.
  delay_time: delay_time DISPLAY_TYPE.strip() = ''. Removing attribute DISPLAY_TYPE.
  v_height: v_height DISPLAY_TYPE.strip() = ''. Removing attribute DISPLAY_TYPE.
  Epoch: Epoch DISPLAY_TYPE.strip() = ''. Removing attribute DISPLAY_TYPE.
I1_AV_WNK | ISTP.DISPLAY_TYPE.Empty:
  satellite: satellite DISPLAY_TYPE.strip() = ''. Removing attribute DISPLAY_TYPE.
  station_id: station_id DISPLAY_TYPE.strip() = ''. Removing attribute DISPLAY_TYPE.
  power_code: power_code DISPLAY_TYPE.strip() = ''. Removing attribute DISPLAY_TYPE.
  s/r_code: s/r_code DISPLAY_TYPE.strip() = ''. Removing attribute DISPLAY_TYPE.
  pps_code: pps_code DISPLAY_TYPE.strip() = ''. Removing attribute DISPLAY_TYPE.
  DMODE: DMODE DISPLAY_TYPE.strip() = ''. Removing attribute DISPLAY_TYPE.
  GMODE: GMODE DISPLAY_TYPE.strip() = ''. Removing attribute DISPLAY_TYPE.
  mixed_mode: mixed_mode DISPLAY_TYPE.strip() = ''. Removing attribute DISPLAY_TYPE.
  fix_freq: fix_freq DISPLAY_TYPE.strip() = ''. Removing attribute DISPLAY_TYPE.
  year: year DISPLAY_TYPE.strip() = ''. Removing attribute DISPLAY_TYPE.
  doy: doy DISPLAY_TYPE.strip() = ''. Removing attribute DISPLAY_TYPE.
  hr: hr DISPLAY_TYPE.strip() = ''. Removing attribute DISPLAY_TYPE.
  min: min DISPLAY_TYPE.strip() = ''. Removing attribute DISPLAY_TYPE.
  sec: sec DISPLAY_TYPE.strip() = ''. Removing attribute DISPLAY_TYPE.
  LMT: LMT DISPLAY_TYPE.strip() = ''. Removing attribute DISPLAY_TYPE.
  label_LMT: label_LMT DISPLAY_TYPE.strip() = ''. Removing attribute DISPLAY_TYPE.
  unit_LMT: unit_LMT DISPLAY_TYPE.strip() = ''. Removing attribute DISPLAY_TYPE.
  geo_coord: geo_coord DISPLAY_TYPE.strip() = ''. Removing attribute DISPLAY_TYPE.
  label_geo: label_geo DISPLAY_TYPE.strip() = ''. Removing attribute DISPLAY_TYPE.
  unit_geo: unit_geo DISPLAY_TYPE.strip() = ''. Removing attribute DISPLAY_TYPE.
  GMLMT: GMLMT DISPLAY_TYPE.strip() = ''. Removing attribute DISPLAY_TYPE.
  label_GMLMT: label_GMLMT DISPLAY_TYPE.strip() = ''. Removing attribute DISPLAY_TYPE.
  GMLAT: GMLAT DISPLAY_TYPE.strip() = ''. Removing attribute DISPLAY_TYPE.
  GMLONG: GMLONG DISPLAY_TYPE.strip() = ''. Removing attribute DISPLAY_TYPE.
  INV_LAT: INV_LAT DISPLAY_TYPE.strip() = ''. Removing attribute DISPLAY_TYPE.
  DIP: DIP DISPLAY_TYPE.strip() = ''. Removing attribute DISPLAY_TYPE.
  CHI: CHI DISPLAY_TYPE.strip() = ''. Removing attribute DISPLAY_TYPE.
  L: L DISPLAY_TYPE.strip() = ''. Removing attribute DISPLAY_TYPE.
  sun: sun DISPLAY_TYPE.strip() = ''. Removing attribute DISPLAY_TYPE.
  CEP: CEP DISPLAY_TYPE.strip() = ''. Removing attribute DISPLAY_TYPE.
  VLF: VLF DISPLAY_TYPE.strip() = ''. Removing attribute DISPLAY_TYPE.
  SEA: SEA DISPLAY_TYPE.strip() = ''. Removing attribute DISPLAY_TYPE.
  IMS1: IMS1 DISPLAY_TYPE.strip() = ''. Removing attribute DISPLAY_TYPE.
  IMS2: IMS2 DISPLAY_TYPE.strip() = ''. Removing attribute DISPLAY_TYPE.
  SPS: SPS DISPLAY_TYPE.strip() = ''. Removing attribute DISPLAY_TYPE.
  EPD: EPD DISPLAY_TYPE.strip() = ''. Removing attribute DISPLAY_TYPE.
  swept_start: swept_start DISPLAY_TYPE.strip() = ''. Removing attribute DISPLAY_TYPE.
  Time_mark: Time_mark DISPLAY_TYPE.strip() = ''. Removing attribute DISPLAY_TYPE.
  vh_num: vh_num DISPLAY_TYPE.strip() = ''. Removing attribute DISPLAY_TYPE.
  f_num: f_num DISPLAY_TYPE.strip() = ''. Removing attribute DISPLAY_TYPE.
  delay_time: delay_time DISPLAY_TYPE.strip() = ''. Removing attribute DISPLAY_TYPE.
  v_height: v_height DISPLAY_TYPE.strip() = ''. Removing attribute DISPLAY_TYPE.
  Epoch: Epoch DISPLAY_TYPE.strip() = ''. Removing attribute DISPLAY_TYPE.
I1_NEPROF_TOPS | ISTP.DISPLAY_TYPE.Empty:
  Epoch: Epoch DISPLAY_TYPE.strip() = ''. Removing attribute DISPLAY_TYPE.
I2_AV_ACN | ISTP.DISPLAY_TYPE.Empty:
  satellite: satellite DISPLAY_TYPE.strip() = ''. Removing attribute DISPLAY_TYPE.
  station_id: station_id DISPLAY_TYPE.strip() = ''. Removing attribute DISPLAY_TYPE.
  power_code: power_code DISPLAY_TYPE.strip() = ''. Removing attribute DISPLAY_TYPE.
  s/r_code: s/r_code DISPLAY_TYPE.strip() = ''. Removing attribute DISPLAY_TYPE.
  f_range_code: f_range_code DISPLAY_TYPE.strip() = ''. Removing attribute DISPLAY_TYPE.
  DMODE: DMODE DISPLAY_TYPE.strip() = ''. Removing attribute DISPLAY_TYPE.
  GMODE: GMODE DISPLAY_TYPE.strip() = ''. Removing attribute DISPLAY_TYPE.
  mixed_mode: mixed_mode DISPLAY_TYPE.strip() = ''. Removing attribute DISPLAY_TYPE.
  AIT_mode: AIT_mode DISPLAY_TYPE.strip() = ''. Removing attribute DISPLAY_TYPE.
  fix_freq: fix_freq DISPLAY_TYPE.strip() = ''. Removing attribute DISPLAY_TYPE.
  year: year DISPLAY_TYPE.strip() = ''. Removing attribute DISPLAY_TYPE.
  doy: doy DISPLAY_TYPE.strip() = ''. Removing attribute DISPLAY_TYPE.
  hr: hr DISPLAY_TYPE.strip() = ''. Removing attribute DISPLAY_TYPE.
  min: min DISPLAY_TYPE.strip() = ''. Removing attribute DISPLAY_TYPE.
  sec: sec DISPLAY_TYPE.strip() = ''. Removing attribute DISPLAY_TYPE.
  LMT: LMT DISPLAY_TYPE.strip() = ''. Removing attribute DISPLAY_TYPE.
  label_LMT: label_LMT DISPLAY_TYPE.strip() = ''. Removing attribute DISPLAY_TYPE.
  unit_LMT: unit_LMT DISPLAY_TYPE.strip() = ''. Removing attribute DISPLAY_TYPE.
  geo_coord: geo_coord DISPLAY_TYPE.strip() = ''. Removing attribute DISPLAY_TYPE.
  label_geo: label_geo DISPLAY_TYPE.strip() = ''. Removing attribute DISPLAY_TYPE.
  unit_geo: unit_geo DISPLAY_TYPE.strip() = ''. Removing attribute DISPLAY_TYPE.
  GMLMT: GMLMT DISPLAY_TYPE.strip() = ''. Removing attribute DISPLAY_TYPE.
  label_GMLMT: label_GMLMT DISPLAY_TYPE.strip() = ''. Removing attribute DISPLAY_TYPE.
  GMLAT: GMLAT DISPLAY_TYPE.strip() = ''. Removing attribute DISPLAY_TYPE.
  GMLONG: GMLONG DISPLAY_TYPE.strip() = ''. Removing attribute DISPLAY_TYPE.
  FH: FH DISPLAY_TYPE.strip() = ''. Removing attribute DISPLAY_TYPE.
  INV_LAT: INV_LAT DISPLAY_TYPE.strip() = ''. Removing attribute DISPLAY_TYPE.
  DIP: DIP DISPLAY_TYPE.strip() = ''. Removing attribute DISPLAY_TYPE.
  CHI: CHI DISPLAY_TYPE.strip() = ''. Removing attribute DISPLAY_TYPE.
  L: L DISPLAY_TYPE.strip() = ''. Removing attribute DISPLAY_TYPE.
  sun: sun DISPLAY_TYPE.strip() = ''. Removing attribute DISPLAY_TYPE.
  CEP: CEP DISPLAY_TYPE.strip() = ''. Removing attribute DISPLAY_TYPE.
  VLF: VLF DISPLAY_TYPE.strip() = ''. Removing attribute DISPLAY_TYPE.
  RPA: RPA DISPLAY_TYPE.strip() = ''. Removing attribute DISPLAY_TYPE.
  IMS: IMS DISPLAY_TYPE.strip() = ''. Removing attribute DISPLAY_TYPE.
  SPS: SPS DISPLAY_TYPE.strip() = ''. Removing attribute DISPLAY_TYPE.
  EPD: EPD DISPLAY_TYPE.strip() = ''. Removing attribute DISPLAY_TYPE.
  RLP: RLP DISPLAY_TYPE.strip() = ''. Removing attribute DISPLAY_TYPE.
  ASP: ASP DISPLAY_TYPE.strip() = ''. Removing attribute DISPLAY_TYPE.
  swept_start: swept_start DISPLAY_TYPE.strip() = ''. Removing attribute DISPLAY_TYPE.
  Time_mark: Time_mark DISPLAY_TYPE.strip() = ''. Removing attribute DISPLAY_TYPE.
  vh_num: vh_num DISPLAY_TYPE.strip() = ''. Removing attribute DISPLAY_TYPE.
  f_num: f_num DISPLAY_TYPE.strip() = ''. Removing attribute DISPLAY_TYPE.
  delay_time: delay_time DISPLAY_TYPE.strip() = ''. Removing attribute DISPLAY_TYPE.
  v_height: v_height DISPLAY_TYPE.strip() = ''. Removing attribute DISPLAY_TYPE.
  Epoch: Epoch DISPLAY_TYPE.strip() = ''. Removing attribute DISPLAY_TYPE.
I2_AV_ADL | ISTP.DISPLAY_TYPE.Empty:
  satellite: satellite DISPLAY_TYPE.strip() = ''. Removing attribute DISPLAY_TYPE.
  station_id: station_id DISPLAY_TYPE.strip() = ''. Removing attribute DISPLAY_TYPE.
  power_code: power_code DISPLAY_TYPE.strip() = ''. Removing attribute DISPLAY_TYPE.
  s/r_code: s/r_code DISPLAY_TYPE.strip() = ''. Removing attribute DISPLAY_TYPE.
  f_range_code: f_range_code DISPLAY_TYPE.strip() = ''. Removing attribute DISPLAY_TYPE.
  DMODE: DMODE DISPLAY_TYPE.strip() = ''. Removing attribute DISPLAY_TYPE.
  GMODE: GMODE DISPLAY_TYPE.strip() = ''. Removing attribute DISPLAY_TYPE.
  mixed_mode: mixed_mode DISPLAY_TYPE.strip() = ''. Removing attribute DISPLAY_TYPE.
  AIT_mode: AIT_mode DISPLAY_TYPE.strip() = ''. Removing attribute DISPLAY_TYPE.
  fix_freq: fix_freq DISPLAY_TYPE.strip() = ''. Removing attribute DISPLAY_TYPE.
  year: year DISPLAY_TYPE.strip() = ''. Removing attribute DISPLAY_TYPE.
  doy: doy DISPLAY_TYPE.strip() = ''. Removing attribute DISPLAY_TYPE.
  hr: hr DISPLAY_TYPE.strip() = ''. Removing attribute DISPLAY_TYPE.
  min: min DISPLAY_TYPE.strip() = ''. Removing attribute DISPLAY_TYPE.
  sec: sec DISPLAY_TYPE.strip() = ''. Removing attribute DISPLAY_TYPE.
  LMT: LMT DISPLAY_TYPE.strip() = ''. Removing attribute DISPLAY_TYPE.
  label_LMT: label_LMT DISPLAY_TYPE.strip() = ''. Removing attribute DISPLAY_TYPE.
  unit_LMT: unit_LMT DISPLAY_TYPE.strip() = ''. Removing attribute DISPLAY_TYPE.
  geo_coord: geo_coord DISPLAY_TYPE.strip() = ''. Removing attribute DISPLAY_TYPE.
  label_geo: label_geo DISPLAY_TYPE.strip() = ''. Removing attribute DISPLAY_TYPE.
  unit_geo: unit_geo DISPLAY_TYPE.strip() = ''. Removing attribute DISPLAY_TYPE.
  GMLMT: GMLMT DISPLAY_TYPE.strip() = ''. Removing attribute DISPLAY_TYPE.
  label_GMLMT: label_GMLMT DISPLAY_TYPE.strip() = ''. Removing attribute DISPLAY_TYPE.
  GMLAT: GMLAT DISPLAY_TYPE.strip() = ''. Removing attribute DISPLAY_TYPE.
  GMLONG: GMLONG DISPLAY_TYPE.strip() = ''. Removing attribute DISPLAY_TYPE.
  INV_LAT: INV_LAT DISPLAY_TYPE.strip() = ''. Removing attribute DISPLAY_TYPE.
  DIP: DIP DISPLAY_TYPE.strip() = ''. Removing attribute DISPLAY_TYPE.
  CHI: CHI DISPLAY_TYPE.strip() = ''. Removing attribute DISPLAY_TYPE.
  L: L DISPLAY_TYPE.strip() = ''. Removing attribute DISPLAY_TYPE.
  sun: sun DISPLAY_TYPE.strip() = ''. Removing attribute DISPLAY_TYPE.
  CEP: CEP DISPLAY_TYPE.strip() = ''. Removing attribute DISPLAY_TYPE.
  VLF: VLF DISPLAY_TYPE.strip() = ''. Removing attribute DISPLAY_TYPE.
  RPA: RPA DISPLAY_TYPE.strip() = ''. Removing attribute DISPLAY_TYPE.
  IMS: IMS DISPLAY_TYPE.strip() = ''. Removing attribute DISPLAY_TYPE.
  SPS: SPS DISPLAY_TYPE.strip() = ''. Removing attribute DISPLAY_TYPE.
  EPD: EPD DISPLAY_TYPE.strip() = ''. Removing attribute DISPLAY_TYPE.
  RLP: RLP DISPLAY_TYPE.strip() = ''. Removing attribute DISPLAY_TYPE.
  ASP: ASP DISPLAY_TYPE.strip() = ''. Removing attribute DISPLAY_TYPE.
  swept_start: swept_start DISPLAY_TYPE.strip() = ''. Removing attribute DISPLAY_TYPE.
  Time_mark: Time_mark DISPLAY_TYPE.strip() = ''. Removing attribute DISPLAY_TYPE.
  vh_num: vh_num DISPLAY_TYPE.strip() = ''. Removing attribute DISPLAY_TYPE.
  f_num: f_num DISPLAY_TYPE.strip() = ''. Removing attribute DISPLAY_TYPE.
  delay_time: delay_time DISPLAY_TYPE.strip() = ''. Removing attribute DISPLAY_TYPE.
  v_height: v_height DISPLAY_TYPE.strip() = ''. Removing attribute DISPLAY_TYPE.
  Epoch: Epoch DISPLAY_TYPE.strip() = ''. Removing attribute DISPLAY_TYPE.
I2_AV_AME | ISTP.DISPLAY_TYPE.Empty:
  satellite: satellite DISPLAY_TYPE.strip() = ''. Removing attribute DISPLAY_TYPE.
  station_id: station_id DISPLAY_TYPE.strip() = ''. Removing attribute DISPLAY_TYPE.
  power_code: power_code DISPLAY_TYPE.strip() = ''. Removing attribute DISPLAY_TYPE.
  s/r_code: s/r_code DISPLAY_TYPE.strip() = ''. Removing attribute DISPLAY_TYPE.
  f_range_code: f_range_code DISPLAY_TYPE.strip() = ''. Removing attribute DISPLAY_TYPE.
  DMODE: DMODE DISPLAY_TYPE.strip() = ''. Removing attribute DISPLAY_TYPE.
  GMODE: GMODE DISPLAY_TYPE.strip() = ''. Removing attribute DISPLAY_TYPE.
  mixed_mode: mixed_mode DISPLAY_TYPE.strip() = ''. Removing attribute DISPLAY_TYPE.
  AIT_mode: AIT_mode DISPLAY_TYPE.strip() = ''. Removing attribute DISPLAY_TYPE.
  fix_freq: fix_freq DISPLAY_TYPE.strip() = ''. Removing attribute DISPLAY_TYPE.
  year: year DISPLAY_TYPE.strip() = ''. Removing attribute DISPLAY_TYPE.
  doy: doy DISPLAY_TYPE.strip() = ''. Removing attribute DISPLAY_TYPE.
  hr: hr DISPLAY_TYPE.strip() = ''. Removing attribute DISPLAY_TYPE.
  min: min DISPLAY_TYPE.strip() = ''. Removing attribute DISPLAY_TYPE.
  sec: sec DISPLAY_TYPE.strip() = ''. Removing attribute DISPLAY_TYPE.
  LMT: LMT DISPLAY_TYPE.strip() = ''. Removing attribute DISPLAY_TYPE.
  label_LMT: label_LMT DISPLAY_TYPE.strip() = ''. Removing attribute DISPLAY_TYPE.
  unit_LMT: unit_LMT DISPLAY_TYPE.strip() = ''. Removing attribute DISPLAY_TYPE.
  geo_coord: geo_coord DISPLAY_TYPE.strip() = ''. Removing attribute DISPLAY_TYPE.
  label_geo: label_geo DISPLAY_TYPE.strip() = ''. Removing attribute DISPLAY_TYPE.
  unit_geo: unit_geo DISPLAY_TYPE.strip() = ''. Removing attribute DISPLAY_TYPE.
  GMLMT: GMLMT DISPLAY_TYPE.strip() = ''. Removing attribute DISPLAY_TYPE.
  label_GMLMT: label_GMLMT DISPLAY_TYPE.strip() = ''. Removing attribute DISPLAY_TYPE.
  GMLAT: GMLAT DISPLAY_TYPE.strip() = ''. Removing attribute DISPLAY_TYPE.
  GMLONG: GMLONG DISPLAY_TYPE.strip() = ''. Removing attribute DISPLAY_TYPE.
  INV_LAT: INV_LAT DISPLAY_TYPE.strip() = ''. Removing attribute DISPLAY_TYPE.
  DIP: DIP DISPLAY_TYPE.strip() = ''. Removing attribute DISPLAY_TYPE.
  CHI: CHI DISPLAY_TYPE.strip() = ''. Removing attribute DISPLAY_TYPE.
  L: L DISPLAY_TYPE.strip() = ''. Removing attribute DISPLAY_TYPE.
  sun: sun DISPLAY_TYPE.strip() = ''. Removing attribute DISPLAY_TYPE.
  CEP: CEP DISPLAY_TYPE.strip() = ''. Removing attribute DISPLAY_TYPE.
  VLF: VLF DISPLAY_TYPE.strip() = ''. Removing attribute DISPLAY_TYPE.
  RPA: RPA DISPLAY_TYPE.strip() = ''. Removing attribute DISPLAY_TYPE.
  IMS: IMS DISPLAY_TYPE.strip() = ''. Removing attribute DISPLAY_TYPE.
  SPS: SPS DISPLAY_TYPE.strip() = ''. Removing attribute DISPLAY_TYPE.
  EPD: EPD DISPLAY_TYPE.strip() = ''. Removing attribute DISPLAY_TYPE.
  RLP: RLP DISPLAY_TYPE.strip() = ''. Removing attribute DISPLAY_TYPE.
  ASP: ASP DISPLAY_TYPE.strip() = ''. Removing attribute DISPLAY_TYPE.
  swept_start: swept_start DISPLAY_TYPE.strip() = ''. Removing attribute DISPLAY_TYPE.
  Time_mark: Time_mark DISPLAY_TYPE.strip() = ''. Removing attribute DISPLAY_TYPE.
  vh_num: vh_num DISPLAY_TYPE.strip() = ''. Removing attribute DISPLAY_TYPE.
  f_num: f_num DISPLAY_TYPE.strip() = ''. Removing attribute DISPLAY_TYPE.
  delay_time: delay_time DISPLAY_TYPE.strip() = ''. Removing attribute DISPLAY_TYPE.
  v_height: v_height DISPLAY_TYPE.strip() = ''. Removing attribute DISPLAY_TYPE.
  Epoch: Epoch DISPLAY_TYPE.strip() = ''. Removing attribute DISPLAY_TYPE.
I2_AV_BRZ | ISTP.DISPLAY_TYPE.Empty:
  satellite: satellite DISPLAY_TYPE.strip() = ''. Removing attribute DISPLAY_TYPE.
  station_id: station_id DISPLAY_TYPE.strip() = ''. Removing attribute DISPLAY_TYPE.
  power_code: power_code DISPLAY_TYPE.strip() = ''. Removing attribute DISPLAY_TYPE.
  s/r_code: s/r_code DISPLAY_TYPE.strip() = ''. Removing attribute DISPLAY_TYPE.
  f_range_code: f_range_code DISPLAY_TYPE.strip() = ''. Removing attribute DISPLAY_TYPE.
  DMODE: DMODE DISPLAY_TYPE.strip() = ''. Removing attribute DISPLAY_TYPE.
  GMODE: GMODE DISPLAY_TYPE.strip() = ''. Removing attribute DISPLAY_TYPE.
  mixed_mode: mixed_mode DISPLAY_TYPE.strip() = ''. Removing attribute DISPLAY_TYPE.
  AIT_mode: AIT_mode DISPLAY_TYPE.strip() = ''. Removing attribute DISPLAY_TYPE.
  fix_freq: fix_freq DISPLAY_TYPE.strip() = ''. Removing attribute DISPLAY_TYPE.
  year: year DISPLAY_TYPE.strip() = ''. Removing attribute DISPLAY_TYPE.
  doy: doy DISPLAY_TYPE.strip() = ''. Removing attribute DISPLAY_TYPE.
  hr: hr DISPLAY_TYPE.strip() = ''. Removing attribute DISPLAY_TYPE.
  min: min DISPLAY_TYPE.strip() = ''. Removing attribute DISPLAY_TYPE.
  sec: sec DISPLAY_TYPE.strip() = ''. Removing attribute DISPLAY_TYPE.
  LMT: LMT DISPLAY_TYPE.strip() = ''. Removing attribute DISPLAY_TYPE.
  label_LMT: label_LMT DISPLAY_TYPE.strip() = ''. Removing attribute DISPLAY_TYPE.
  unit_LMT: unit_LMT DISPLAY_TYPE.strip() = ''. Removing attribute DISPLAY_TYPE.
  geo_coord: geo_coord DISPLAY_TYPE.strip() = ''. Removing attribute DISPLAY_TYPE.
  label_geo: label_geo DISPLAY_TYPE.strip() = ''. Removing attribute DISPLAY_TYPE.
  unit_geo: unit_geo DISPLAY_TYPE.strip() = ''. Removing attribute DISPLAY_TYPE.
  GMLMT: GMLMT DISPLAY_TYPE.strip() = ''. Removing attribute DISPLAY_TYPE.
  label_GMLMT: label_GMLMT DISPLAY_TYPE.strip() = ''. Removing attribute DISPLAY_TYPE.
  GMLAT: GMLAT DISPLAY_TYPE.strip() = ''. Removing attribute DISPLAY_TYPE.
  GMLONG: GMLONG DISPLAY_TYPE.strip() = ''. Removing attribute DISPLAY_TYPE.
  INV_LAT: INV_LAT DISPLAY_TYPE.strip() = ''. Removing attribute DISPLAY_TYPE.
  DIP: DIP DISPLAY_TYPE.strip() = ''. Removing attribute DISPLAY_TYPE.
  CHI: CHI DISPLAY_TYPE.strip() = ''. Removing attribute DISPLAY_TYPE.
  L: L DISPLAY_TYPE.strip() = ''. Removing attribute DISPLAY_TYPE.
  sun: sun DISPLAY_TYPE.strip() = ''. Removing attribute DISPLAY_TYPE.
  CEP: CEP DISPLAY_TYPE.strip() = ''. Removing attribute DISPLAY_TYPE.
  VLF: VLF DISPLAY_TYPE.strip() = ''. Removing attribute DISPLAY_TYPE.
  RPA: RPA DISPLAY_TYPE.strip() = ''. Removing attribute DISPLAY_TYPE.
  IMS: IMS DISPLAY_TYPE.strip() = ''. Removing attribute DISPLAY_TYPE.
  SPS: SPS DISPLAY_TYPE.strip() = ''. Removing attribute DISPLAY_TYPE.
  EPD: EPD DISPLAY_TYPE.strip() = ''. Removing attribute DISPLAY_TYPE.
  RLP: RLP DISPLAY_TYPE.strip() = ''. Removing attribute DISPLAY_TYPE.
  ASP: ASP DISPLAY_TYPE.strip() = ''. Removing attribute DISPLAY_TYPE.
  swept_start: swept_start DISPLAY_TYPE.strip() = ''. Removing attribute DISPLAY_TYPE.
  Time_mark: Time_mark DISPLAY_TYPE.strip() = ''. Removing attribute DISPLAY_TYPE.
  vh_num: vh_num DISPLAY_TYPE.strip() = ''. Removing attribute DISPLAY_TYPE.
  f_num: f_num DISPLAY_TYPE.strip() = ''. Removing attribute DISPLAY_TYPE.
  delay_time: delay_time DISPLAY_TYPE.strip() = ''. Removing attribute DISPLAY_TYPE.
  v_height: v_height DISPLAY_TYPE.strip() = ''. Removing attribute DISPLAY_TYPE.
  Epoch: Epoch DISPLAY_TYPE.strip() = ''. Removing attribute DISPLAY_TYPE.
I2_AV_BUR | ISTP.DISPLAY_TYPE.Empty:
  satellite: satellite DISPLAY_TYPE.strip() = ''. Removing attribute DISPLAY_TYPE.
  station_id: station_id DISPLAY_TYPE.strip() = ''. Removing attribute DISPLAY_TYPE.
  power_code: power_code DISPLAY_TYPE.strip() = ''. Removing attribute DISPLAY_TYPE.
  s/r_code: s/r_code DISPLAY_TYPE.strip() = ''. Removing attribute DISPLAY_TYPE.
  f_range_code: f_range_code DISPLAY_TYPE.strip() = ''. Removing attribute DISPLAY_TYPE.
  DMODE: DMODE DISPLAY_TYPE.strip() = ''. Removing attribute DISPLAY_TYPE.
  GMODE: GMODE DISPLAY_TYPE.strip() = ''. Removing attribute DISPLAY_TYPE.
  mixed_mode: mixed_mode DISPLAY_TYPE.strip() = ''. Removing attribute DISPLAY_TYPE.
  AIT_mode: AIT_mode DISPLAY_TYPE.strip() = ''. Removing attribute DISPLAY_TYPE.
  fix_freq: fix_freq DISPLAY_TYPE.strip() = ''. Removing attribute DISPLAY_TYPE.
  year: year DISPLAY_TYPE.strip() = ''. Removing attribute DISPLAY_TYPE.
  doy: doy DISPLAY_TYPE.strip() = ''. Removing attribute DISPLAY_TYPE.
  hr: hr DISPLAY_TYPE.strip() = ''. Removing attribute DISPLAY_TYPE.
  min: min DISPLAY_TYPE.strip() = ''. Removing attribute DISPLAY_TYPE.
  sec: sec DISPLAY_TYPE.strip() = ''. Removing attribute DISPLAY_TYPE.
  LMT: LMT DISPLAY_TYPE.strip() = ''. Removing attribute DISPLAY_TYPE.
  label_LMT: label_LMT DISPLAY_TYPE.strip() = ''. Removing attribute DISPLAY_TYPE.
  unit_LMT: unit_LMT DISPLAY_TYPE.strip() = ''. Removing attribute DISPLAY_TYPE.
  geo_coord: geo_coord DISPLAY_TYPE.strip() = ''. Removing attribute DISPLAY_TYPE.
  label_geo: label_geo DISPLAY_TYPE.strip() = ''. Removing attribute DISPLAY_TYPE.
  unit_geo: unit_geo DISPLAY_TYPE.strip() = ''. Removing attribute DISPLAY_TYPE.
  GMLMT: GMLMT DISPLAY_TYPE.strip() = ''. Removing attribute DISPLAY_TYPE.
  label_GMLMT: label_GMLMT DISPLAY_TYPE.strip() = ''. Removing attribute DISPLAY_TYPE.
  GMLAT: GMLAT DISPLAY_TYPE.strip() = ''. Removing attribute DISPLAY_TYPE.
  GMLONG: GMLONG DISPLAY_TYPE.strip() = ''. Removing attribute DISPLAY_TYPE.
  INV_LAT: INV_LAT DISPLAY_TYPE.strip() = ''. Removing attribute DISPLAY_TYPE.
  DIP: DIP DISPLAY_TYPE.strip() = ''. Removing attribute DISPLAY_TYPE.
  CHI: CHI DISPLAY_TYPE.strip() = ''. Removing attribute DISPLAY_TYPE.
  L: L DISPLAY_TYPE.strip() = ''. Removing attribute DISPLAY_TYPE.
  sun: sun DISPLAY_TYPE.strip() = ''. Removing attribute DISPLAY_TYPE.
  CEP: CEP DISPLAY_TYPE.strip() = ''. Removing attribute DISPLAY_TYPE.
  VLF: VLF DISPLAY_TYPE.strip() = ''. Removing attribute DISPLAY_TYPE.
  RPA: RPA DISPLAY_TYPE.strip() = ''. Removing attribute DISPLAY_TYPE.
  IMS: IMS DISPLAY_TYPE.strip() = ''. Removing attribute DISPLAY_TYPE.
  SPS: SPS DISPLAY_TYPE.strip() = ''. Removing attribute DISPLAY_TYPE.
  EPD: EPD DISPLAY_TYPE.strip() = ''. Removing attribute DISPLAY_TYPE.
  RLP: RLP DISPLAY_TYPE.strip() = ''. Removing attribute DISPLAY_TYPE.
  ASP: ASP DISPLAY_TYPE.strip() = ''. Removing attribute DISPLAY_TYPE.
  swept_start: swept_start DISPLAY_TYPE.strip() = ''. Removing attribute DISPLAY_TYPE.
  Time_mark: Time_mark DISPLAY_TYPE.strip() = ''. Removing attribute DISPLAY_TYPE.
  vh_num: vh_num DISPLAY_TYPE.strip() = ''. Removing attribute DISPLAY_TYPE.
  f_num: f_num DISPLAY_TYPE.strip() = ''. Removing attribute DISPLAY_TYPE.
  delay_time: delay_time DISPLAY_TYPE.strip() = ''. Removing attribute DISPLAY_TYPE.
  v_height: v_height DISPLAY_TYPE.strip() = ''. Removing attribute DISPLAY_TYPE.
  Epoch: Epoch DISPLAY_TYPE.strip() = ''. Removing attribute DISPLAY_TYPE.
I2_AV_CNA | ISTP.DISPLAY_TYPE.Empty:
  satellite: satellite DISPLAY_TYPE.strip() = ''. Removing attribute DISPLAY_TYPE.
  station_id: station_id DISPLAY_TYPE.strip() = ''. Removing attribute DISPLAY_TYPE.
  power_code: power_code DISPLAY_TYPE.strip() = ''. Removing attribute DISPLAY_TYPE.
  s/r_code: s/r_code DISPLAY_TYPE.strip() = ''. Removing attribute DISPLAY_TYPE.
  f_range_code: f_range_code DISPLAY_TYPE.strip() = ''. Removing attribute DISPLAY_TYPE.
  DMODE: DMODE DISPLAY_TYPE.strip() = ''. Removing attribute DISPLAY_TYPE.
  GMODE: GMODE DISPLAY_TYPE.strip() = ''. Removing attribute DISPLAY_TYPE.
  mixed_mode: mixed_mode DISPLAY_TYPE.strip() = ''. Removing attribute DISPLAY_TYPE.
  AIT_mode: AIT_mode DISPLAY_TYPE.strip() = ''. Removing attribute DISPLAY_TYPE.
  fix_freq: fix_freq DISPLAY_TYPE.strip() = ''. Removing attribute DISPLAY_TYPE.
  year: year DISPLAY_TYPE.strip() = ''. Removing attribute DISPLAY_TYPE.
  doy: doy DISPLAY_TYPE.strip() = ''. Removing attribute DISPLAY_TYPE.
  hr: hr DISPLAY_TYPE.strip() = ''. Removing attribute DISPLAY_TYPE.
  min: min DISPLAY_TYPE.strip() = ''. Removing attribute DISPLAY_TYPE.
  sec: sec DISPLAY_TYPE.strip() = ''. Removing attribute DISPLAY_TYPE.
  LMT: LMT DISPLAY_TYPE.strip() = ''. Removing attribute DISPLAY_TYPE.
  label_LMT: label_LMT DISPLAY_TYPE.strip() = ''. Removing attribute DISPLAY_TYPE.
  unit_LMT: unit_LMT DISPLAY_TYPE.strip() = ''. Removing attribute DISPLAY_TYPE.
  geo_coord: geo_coord DISPLAY_TYPE.strip() = ''. Removing attribute DISPLAY_TYPE.
  label_geo: label_geo DISPLAY_TYPE.strip() = ''. Removing attribute DISPLAY_TYPE.
  unit_geo: unit_geo DISPLAY_TYPE.strip() = ''. Removing attribute DISPLAY_TYPE.
  GMLMT: GMLMT DISPLAY_TYPE.strip() = ''. Removing attribute DISPLAY_TYPE.
  label_GMLMT: label_GMLMT DISPLAY_TYPE.strip() = ''. Removing attribute DISPLAY_TYPE.
  GMLAT: GMLAT DISPLAY_TYPE.strip() = ''. Removing attribute DISPLAY_TYPE.
  GMLONG: GMLONG DISPLAY_TYPE.strip() = ''. Removing attribute DISPLAY_TYPE.
  INV_LAT: INV_LAT DISPLAY_TYPE.strip() = ''. Removing attribute DISPLAY_TYPE.
  DIP: DIP DISPLAY_TYPE.strip() = ''. Removing attribute DISPLAY_TYPE.
  CHI: CHI DISPLAY_TYPE.strip() = ''. Removing attribute DISPLAY_TYPE.
  L: L DISPLAY_TYPE.strip() = ''. Removing attribute DISPLAY_TYPE.
  sun: sun DISPLAY_TYPE.strip() = ''. Removing attribute DISPLAY_TYPE.
  CEP: CEP DISPLAY_TYPE.strip() = ''. Removing attribute DISPLAY_TYPE.
  VLF: VLF DISPLAY_TYPE.strip() = ''. Removing attribute DISPLAY_TYPE.
  RPA: RPA DISPLAY_TYPE.strip() = ''. Removing attribute DISPLAY_TYPE.
  IMS: IMS DISPLAY_TYPE.strip() = ''. Removing attribute DISPLAY_TYPE.
  SPS: SPS DISPLAY_TYPE.strip() = ''. Removing attribute DISPLAY_TYPE.
  EPD: EPD DISPLAY_TYPE.strip() = ''. Removing attribute DISPLAY_TYPE.
  RLP: RLP DISPLAY_TYPE.strip() = ''. Removing attribute DISPLAY_TYPE.
  ASP: ASP DISPLAY_TYPE.strip() = ''. Removing attribute DISPLAY_TYPE.
  swept_start: swept_start DISPLAY_TYPE.strip() = ''. Removing attribute DISPLAY_TYPE.
  Time_mark: Time_mark DISPLAY_TYPE.strip() = ''. Removing attribute DISPLAY_TYPE.
  vh_num: vh_num DISPLAY_TYPE.strip() = ''. Removing attribute DISPLAY_TYPE.
  f_num: f_num DISPLAY_TYPE.strip() = ''. Removing attribute DISPLAY_TYPE.
  delay_time: delay_time DISPLAY_TYPE.strip() = ''. Removing attribute DISPLAY_TYPE.
  v_height: v_height DISPLAY_TYPE.strip() = ''. Removing attribute DISPLAY_TYPE.
  Epoch: Epoch DISPLAY_TYPE.strip() = ''. Removing attribute DISPLAY_TYPE.
I2_AV_KER | ISTP.DISPLAY_TYPE.Empty:
  satellite: satellite DISPLAY_TYPE.strip() = ''. Removing attribute DISPLAY_TYPE.
  station_id: station_id DISPLAY_TYPE.strip() = ''. Removing attribute DISPLAY_TYPE.
  power_code: power_code DISPLAY_TYPE.strip() = ''. Removing attribute DISPLAY_TYPE.
  s/r_code: s/r_code DISPLAY_TYPE.strip() = ''. Removing attribute DISPLAY_TYPE.
  f_range_code: f_range_code DISPLAY_TYPE.strip() = ''. Removing attribute DISPLAY_TYPE.
  DMODE: DMODE DISPLAY_TYPE.strip() = ''. Removing attribute DISPLAY_TYPE.
  GMODE: GMODE DISPLAY_TYPE.strip() = ''. Removing attribute DISPLAY_TYPE.
  mixed_mode: mixed_mode DISPLAY_TYPE.strip() = ''. Removing attribute DISPLAY_TYPE.
  AIT_mode: AIT_mode DISPLAY_TYPE.strip() = ''. Removing attribute DISPLAY_TYPE.
  fix_freq: fix_freq DISPLAY_TYPE.strip() = ''. Removing attribute DISPLAY_TYPE.
  year: year DISPLAY_TYPE.strip() = ''. Removing attribute DISPLAY_TYPE.
  doy: doy DISPLAY_TYPE.strip() = ''. Removing attribute DISPLAY_TYPE.
  hr: hr DISPLAY_TYPE.strip() = ''. Removing attribute DISPLAY_TYPE.
  min: min DISPLAY_TYPE.strip() = ''. Removing attribute DISPLAY_TYPE.
  sec: sec DISPLAY_TYPE.strip() = ''. Removing attribute DISPLAY_TYPE.
  LMT: LMT DISPLAY_TYPE.strip() = ''. Removing attribute DISPLAY_TYPE.
  label_LMT: label_LMT DISPLAY_TYPE.strip() = ''. Removing attribute DISPLAY_TYPE.
  unit_LMT: unit_LMT DISPLAY_TYPE.strip() = ''. Removing attribute DISPLAY_TYPE.
  geo_coord: geo_coord DISPLAY_TYPE.strip() = ''. Removing attribute DISPLAY_TYPE.
  label_geo: label_geo DISPLAY_TYPE.strip() = ''. Removing attribute DISPLAY_TYPE.
  unit_geo: unit_geo DISPLAY_TYPE.strip() = ''. Removing attribute DISPLAY_TYPE.
  GMLMT: GMLMT DISPLAY_TYPE.strip() = ''. Removing attribute DISPLAY_TYPE.
  label_GMLMT: label_GMLMT DISPLAY_TYPE.strip() = ''. Removing attribute DISPLAY_TYPE.
  GMLAT: GMLAT DISPLAY_TYPE.strip() = ''. Removing attribute DISPLAY_TYPE.
  GMLONG: GMLONG DISPLAY_TYPE.strip() = ''. Removing attribute DISPLAY_TYPE.
  INV_LAT: INV_LAT DISPLAY_TYPE.strip() = ''. Removing attribute DISPLAY_TYPE.
  DIP: DIP DISPLAY_TYPE.strip() = ''. Removing attribute DISPLAY_TYPE.
  CHI: CHI DISPLAY_TYPE.strip() = ''. Removing attribute DISPLAY_TYPE.
  L: L DISPLAY_TYPE.strip() = ''. Removing attribute DISPLAY_TYPE.
  sun: sun DISPLAY_TYPE.strip() = ''. Removing attribute DISPLAY_TYPE.
  CEP: CEP DISPLAY_TYPE.strip() = ''. Removing attribute DISPLAY_TYPE.
  VLF: VLF DISPLAY_TYPE.strip() = ''. Removing attribute DISPLAY_TYPE.
  RPA: RPA DISPLAY_TYPE.strip() = ''. Removing attribute DISPLAY_TYPE.
  IMS: IMS DISPLAY_TYPE.strip() = ''. Removing attribute DISPLAY_TYPE.
  SPS: SPS DISPLAY_TYPE.strip() = ''. Removing attribute DISPLAY_TYPE.
  EPD: EPD DISPLAY_TYPE.strip() = ''. Removing attribute DISPLAY_TYPE.
  RLP: RLP DISPLAY_TYPE.strip() = ''. Removing attribute DISPLAY_TYPE.
  ASP: ASP DISPLAY_TYPE.strip() = ''. Removing attribute DISPLAY_TYPE.
  swept_start: swept_start DISPLAY_TYPE.strip() = ''. Removing attribute DISPLAY_TYPE.
  Time_mark: Time_mark DISPLAY_TYPE.strip() = ''. Removing attribute DISPLAY_TYPE.
  vh_num: vh_num DISPLAY_TYPE.strip() = ''. Removing attribute DISPLAY_TYPE.
  f_num: f_num DISPLAY_TYPE.strip() = ''. Removing attribute DISPLAY_TYPE.
  delay_time: delay_time DISPLAY_TYPE.strip() = ''. Removing attribute DISPLAY_TYPE.
  v_height: v_height DISPLAY_TYPE.strip() = ''. Removing attribute DISPLAY_TYPE.
  Epoch: Epoch DISPLAY_TYPE.strip() = ''. Removing attribute DISPLAY_TYPE.
I2_AV_KRU | ISTP.DISPLAY_TYPE.Empty:
  satellite: satellite DISPLAY_TYPE.strip() = ''. Removing attribute DISPLAY_TYPE.
  station_id: station_id DISPLAY_TYPE.strip() = ''. Removing attribute DISPLAY_TYPE.
  power_code: power_code DISPLAY_TYPE.strip() = ''. Removing attribute DISPLAY_TYPE.
  s/r_code: s/r_code DISPLAY_TYPE.strip() = ''. Removing attribute DISPLAY_TYPE.
  f_range_code: f_range_code DISPLAY_TYPE.strip() = ''. Removing attribute DISPLAY_TYPE.
  DMODE: DMODE DISPLAY_TYPE.strip() = ''. Removing attribute DISPLAY_TYPE.
  GMODE: GMODE DISPLAY_TYPE.strip() = ''. Removing attribute DISPLAY_TYPE.
  mixed_mode: mixed_mode DISPLAY_TYPE.strip() = ''. Removing attribute DISPLAY_TYPE.
  AIT_mode: AIT_mode DISPLAY_TYPE.strip() = ''. Removing attribute DISPLAY_TYPE.
  fix_freq: fix_freq DISPLAY_TYPE.strip() = ''. Removing attribute DISPLAY_TYPE.
  year: year DISPLAY_TYPE.strip() = ''. Removing attribute DISPLAY_TYPE.
  doy: doy DISPLAY_TYPE.strip() = ''. Removing attribute DISPLAY_TYPE.
  hr: hr DISPLAY_TYPE.strip() = ''. Removing attribute DISPLAY_TYPE.
  min: min DISPLAY_TYPE.strip() = ''. Removing attribute DISPLAY_TYPE.
  sec: sec DISPLAY_TYPE.strip() = ''. Removing attribute DISPLAY_TYPE.
  LMT: LMT DISPLAY_TYPE.strip() = ''. Removing attribute DISPLAY_TYPE.
  label_LMT: label_LMT DISPLAY_TYPE.strip() = ''. Removing attribute DISPLAY_TYPE.
  unit_LMT: unit_LMT DISPLAY_TYPE.strip() = ''. Removing attribute DISPLAY_TYPE.
  geo_coord: geo_coord DISPLAY_TYPE.strip() = ''. Removing attribute DISPLAY_TYPE.
  label_geo: label_geo DISPLAY_TYPE.strip() = ''. Removing attribute DISPLAY_TYPE.
  unit_geo: unit_geo DISPLAY_TYPE.strip() = ''. Removing attribute DISPLAY_TYPE.
  GMLMT: GMLMT DISPLAY_TYPE.strip() = ''. Removing attribute DISPLAY_TYPE.
  label_GMLMT: label_GMLMT DISPLAY_TYPE.strip() = ''. Removing attribute DISPLAY_TYPE.
  GMLAT: GMLAT DISPLAY_TYPE.strip() = ''. Removing attribute DISPLAY_TYPE.
  GMLONG: GMLONG DISPLAY_TYPE.strip() = ''. Removing attribute DISPLAY_TYPE.
  INV_LAT: INV_LAT DISPLAY_TYPE.strip() = ''. Removing attribute DISPLAY_TYPE.
  DIP: DIP DISPLAY_TYPE.strip() = ''. Removing attribute DISPLAY_TYPE.
  CHI: CHI DISPLAY_TYPE.strip() = ''. Removing attribute DISPLAY_TYPE.
  L: L DISPLAY_TYPE.strip() = ''. Removing attribute DISPLAY_TYPE.
  sun: sun DISPLAY_TYPE.strip() = ''. Removing attribute DISPLAY_TYPE.
  CEP: CEP DISPLAY_TYPE.strip() = ''. Removing attribute DISPLAY_TYPE.
  VLF: VLF DISPLAY_TYPE.strip() = ''. Removing attribute DISPLAY_TYPE.
  RPA: RPA DISPLAY_TYPE.strip() = ''. Removing attribute DISPLAY_TYPE.
  IMS: IMS DISPLAY_TYPE.strip() = ''. Removing attribute DISPLAY_TYPE.
  SPS: SPS DISPLAY_TYPE.strip() = ''. Removing attribute DISPLAY_TYPE.
  EPD: EPD DISPLAY_TYPE.strip() = ''. Removing attribute DISPLAY_TYPE.
  RLP: RLP DISPLAY_TYPE.strip() = ''. Removing attribute DISPLAY_TYPE.
  ASP: ASP DISPLAY_TYPE.strip() = ''. Removing attribute DISPLAY_TYPE.
  swept_start: swept_start DISPLAY_TYPE.strip() = ''. Removing attribute DISPLAY_TYPE.
  Time_mark: Time_mark DISPLAY_TYPE.strip() = ''. Removing attribute DISPLAY_TYPE.
  vh_num: vh_num DISPLAY_TYPE.strip() = ''. Removing attribute DISPLAY_TYPE.
  f_num: f_num DISPLAY_TYPE.strip() = ''. Removing attribute DISPLAY_TYPE.
  delay_time: delay_time DISPLAY_TYPE.strip() = ''. Removing attribute DISPLAY_TYPE.
  v_height: v_height DISPLAY_TYPE.strip() = ''. Removing attribute DISPLAY_TYPE.
  Epoch: Epoch DISPLAY_TYPE.strip() = ''. Removing attribute DISPLAY_TYPE.
I2_AV_KSH | ISTP.DISPLAY_TYPE.Empty:
  satellite: satellite DISPLAY_TYPE.strip() = ''. Removing attribute DISPLAY_TYPE.
  station_id: station_id DISPLAY_TYPE.strip() = ''. Removing attribute DISPLAY_TYPE.
  power_code: power_code DISPLAY_TYPE.strip() = ''. Removing attribute DISPLAY_TYPE.
  s/r_code: s/r_code DISPLAY_TYPE.strip() = ''. Removing attribute DISPLAY_TYPE.
  f_range_code: f_range_code DISPLAY_TYPE.strip() = ''. Removing attribute DISPLAY_TYPE.
  DMODE: DMODE DISPLAY_TYPE.strip() = ''. Removing attribute DISPLAY_TYPE.
  GMODE: GMODE DISPLAY_TYPE.strip() = ''. Removing attribute DISPLAY_TYPE.
  mixed_mode: mixed_mode DISPLAY_TYPE.strip() = ''. Removing attribute DISPLAY_TYPE.
  AIT_mode: AIT_mode DISPLAY_TYPE.strip() = ''. Removing attribute DISPLAY_TYPE.
  fix_freq: fix_freq DISPLAY_TYPE.strip() = ''. Removing attribute DISPLAY_TYPE.
  year: year DISPLAY_TYPE.strip() = ''. Removing attribute DISPLAY_TYPE.
  doy: doy DISPLAY_TYPE.strip() = ''. Removing attribute DISPLAY_TYPE.
  hr: hr DISPLAY_TYPE.strip() = ''. Removing attribute DISPLAY_TYPE.
  min: min DISPLAY_TYPE.strip() = ''. Removing attribute DISPLAY_TYPE.
  sec: sec DISPLAY_TYPE.strip() = ''. Removing attribute DISPLAY_TYPE.
  LMT: LMT DISPLAY_TYPE.strip() = ''. Removing attribute DISPLAY_TYPE.
  label_LMT: label_LMT DISPLAY_TYPE.strip() = ''. Removing attribute DISPLAY_TYPE.
  unit_LMT: unit_LMT DISPLAY_TYPE.strip() = ''. Removing attribute DISPLAY_TYPE.
  geo_coord: geo_coord DISPLAY_TYPE.strip() = ''. Removing attribute DISPLAY_TYPE.
  label_geo: label_geo DISPLAY_TYPE.strip() = ''. Removing attribute DISPLAY_TYPE.
  unit_geo: unit_geo DISPLAY_TYPE.strip() = ''. Removing attribute DISPLAY_TYPE.
  GMLMT: GMLMT DISPLAY_TYPE.strip() = ''. Removing attribute DISPLAY_TYPE.
  label_GMLMT: label_GMLMT DISPLAY_TYPE.strip() = ''. Removing attribute DISPLAY_TYPE.
  GMLAT: GMLAT DISPLAY_TYPE.strip() = ''. Removing attribute DISPLAY_TYPE.
  GMLONG: GMLONG DISPLAY_TYPE.strip() = ''. Removing attribute DISPLAY_TYPE.
  INV_LAT: INV_LAT DISPLAY_TYPE.strip() = ''. Removing attribute DISPLAY_TYPE.
  DIP: DIP DISPLAY_TYPE.strip() = ''. Removing attribute DISPLAY_TYPE.
  CHI: CHI DISPLAY_TYPE.strip() = ''. Removing attribute DISPLAY_TYPE.
  L: L DISPLAY_TYPE.strip() = ''. Removing attribute DISPLAY_TYPE.
  sun: sun DISPLAY_TYPE.strip() = ''. Removing attribute DISPLAY_TYPE.
  CEP: CEP DISPLAY_TYPE.strip() = ''. Removing attribute DISPLAY_TYPE.
  VLF: VLF DISPLAY_TYPE.strip() = ''. Removing attribute DISPLAY_TYPE.
  RPA: RPA DISPLAY_TYPE.strip() = ''. Removing attribute DISPLAY_TYPE.
  IMS: IMS DISPLAY_TYPE.strip() = ''. Removing attribute DISPLAY_TYPE.
  SPS: SPS DISPLAY_TYPE.strip() = ''. Removing attribute DISPLAY_TYPE.
  EPD: EPD DISPLAY_TYPE.strip() = ''. Removing attribute DISPLAY_TYPE.
  RLP: RLP DISPLAY_TYPE.strip() = ''. Removing attribute DISPLAY_TYPE.
  ASP: ASP DISPLAY_TYPE.strip() = ''. Removing attribute DISPLAY_TYPE.
  swept_start: swept_start DISPLAY_TYPE.strip() = ''. Removing attribute DISPLAY_TYPE.
  Time_mark: Time_mark DISPLAY_TYPE.strip() = ''. Removing attribute DISPLAY_TYPE.
  vh_num: vh_num DISPLAY_TYPE.strip() = ''. Removing attribute DISPLAY_TYPE.
  f_num: f_num DISPLAY_TYPE.strip() = ''. Removing attribute DISPLAY_TYPE.
  delay_time: delay_time DISPLAY_TYPE.strip() = ''. Removing attribute DISPLAY_TYPE.
  v_height: v_height DISPLAY_TYPE.strip() = ''. Removing attribute DISPLAY_TYPE.
  Epoch: Epoch DISPLAY_TYPE.strip() = ''. Removing attribute DISPLAY_TYPE.
I2_AV_KWA | ISTP.DISPLAY_TYPE.Empty:
  satellite: satellite DISPLAY_TYPE.strip() = ''. Removing attribute DISPLAY_TYPE.
  station_id: station_id DISPLAY_TYPE.strip() = ''. Removing attribute DISPLAY_TYPE.
  power_code: power_code DISPLAY_TYPE.strip() = ''. Removing attribute DISPLAY_TYPE.
  s/r_code: s/r_code DISPLAY_TYPE.strip() = ''. Removing attribute DISPLAY_TYPE.
  f_range_code: f_range_code DISPLAY_TYPE.strip() = ''. Removing attribute DISPLAY_TYPE.
  DMODE: DMODE DISPLAY_TYPE.strip() = ''. Removing attribute DISPLAY_TYPE.
  GMODE: GMODE DISPLAY_TYPE.strip() = ''. Removing attribute DISPLAY_TYPE.
  mixed_mode: mixed_mode DISPLAY_TYPE.strip() = ''. Removing attribute DISPLAY_TYPE.
  AIT_mode: AIT_mode DISPLAY_TYPE.strip() = ''. Removing attribute DISPLAY_TYPE.
  fix_freq: fix_freq DISPLAY_TYPE.strip() = ''. Removing attribute DISPLAY_TYPE.
  year: year DISPLAY_TYPE.strip() = ''. Removing attribute DISPLAY_TYPE.
  doy: doy DISPLAY_TYPE.strip() = ''. Removing attribute DISPLAY_TYPE.
  hr: hr DISPLAY_TYPE.strip() = ''. Removing attribute DISPLAY_TYPE.
  min: min DISPLAY_TYPE.strip() = ''. Removing attribute DISPLAY_TYPE.
  sec: sec DISPLAY_TYPE.strip() = ''. Removing attribute DISPLAY_TYPE.
  LMT: LMT DISPLAY_TYPE.strip() = ''. Removing attribute DISPLAY_TYPE.
  label_LMT: label_LMT DISPLAY_TYPE.strip() = ''. Removing attribute DISPLAY_TYPE.
  unit_LMT: unit_LMT DISPLAY_TYPE.strip() = ''. Removing attribute DISPLAY_TYPE.
  geo_coord: geo_coord DISPLAY_TYPE.strip() = ''. Removing attribute DISPLAY_TYPE.
  label_geo: label_geo DISPLAY_TYPE.strip() = ''. Removing attribute DISPLAY_TYPE.
  unit_geo: unit_geo DISPLAY_TYPE.strip() = ''. Removing attribute DISPLAY_TYPE.
  GMLMT: GMLMT DISPLAY_TYPE.strip() = ''. Removing attribute DISPLAY_TYPE.
  label_GMLMT: label_GMLMT DISPLAY_TYPE.strip() = ''. Removing attribute DISPLAY_TYPE.
  GMLAT: GMLAT DISPLAY_TYPE.strip() = ''. Removing attribute DISPLAY_TYPE.
  GMLONG: GMLONG DISPLAY_TYPE.strip() = ''. Removing attribute DISPLAY_TYPE.
  FH: FH DISPLAY_TYPE.strip() = ''. Removing attribute DISPLAY_TYPE.
  INV_LAT: INV_LAT DISPLAY_TYPE.strip() = ''. Removing attribute DISPLAY_TYPE.
  DIP: DIP DISPLAY_TYPE.strip() = ''. Removing attribute DISPLAY_TYPE.
  CHI: CHI DISPLAY_TYPE.strip() = ''. Removing attribute DISPLAY_TYPE.
  L: L DISPLAY_TYPE.strip() = ''. Removing attribute DISPLAY_TYPE.
  sun: sun DISPLAY_TYPE.strip() = ''. Removing attribute DISPLAY_TYPE.
  CEP: CEP DISPLAY_TYPE.strip() = ''. Removing attribute DISPLAY_TYPE.
  VLF: VLF DISPLAY_TYPE.strip() = ''. Removing attribute DISPLAY_TYPE.
  RPA: RPA DISPLAY_TYPE.strip() = ''. Removing attribute DISPLAY_TYPE.
  IMS: IMS DISPLAY_TYPE.strip() = ''. Removing attribute DISPLAY_TYPE.
  SPS: SPS DISPLAY_TYPE.strip() = ''. Removing attribute DISPLAY_TYPE.
  EPD: EPD DISPLAY_TYPE.strip() = ''. Removing attribute DISPLAY_TYPE.
  RLP: RLP DISPLAY_TYPE.strip() = ''. Removing attribute DISPLAY_TYPE.
  ASP: ASP DISPLAY_TYPE.strip() = ''. Removing attribute DISPLAY_TYPE.
  swept_start: swept_start DISPLAY_TYPE.strip() = ''. Removing attribute DISPLAY_TYPE.
  Time_mark: Time_mark DISPLAY_TYPE.strip() = ''. Removing attribute DISPLAY_TYPE.
  vh_num: vh_num DISPLAY_TYPE.strip() = ''. Removing attribute DISPLAY_TYPE.
  f_num: f_num DISPLAY_TYPE.strip() = ''. Removing attribute DISPLAY_TYPE.
  delay_time: delay_time DISPLAY_TYPE.strip() = ''. Removing attribute DISPLAY_TYPE.
  v_height: v_height DISPLAY_TYPE.strip() = ''. Removing attribute DISPLAY_TYPE.
  Epoch: Epoch DISPLAY_TYPE.strip() = ''. Removing attribute DISPLAY_TYPE.
I2_AV_LAU | ISTP.DISPLAY_TYPE.Empty:
  satellite: satellite DISPLAY_TYPE.strip() = ''. Removing attribute DISPLAY_TYPE.
  station_id: station_id DISPLAY_TYPE.strip() = ''. Removing attribute DISPLAY_TYPE.
  power_code: power_code DISPLAY_TYPE.strip() = ''. Removing attribute DISPLAY_TYPE.
  s/r_code: s/r_code DISPLAY_TYPE.strip() = ''. Removing attribute DISPLAY_TYPE.
  f_range_code: f_range_code DISPLAY_TYPE.strip() = ''. Removing attribute DISPLAY_TYPE.
  DMODE: DMODE DISPLAY_TYPE.strip() = ''. Removing attribute DISPLAY_TYPE.
  GMODE: GMODE DISPLAY_TYPE.strip() = ''. Removing attribute DISPLAY_TYPE.
  mixed_mode: mixed_mode DISPLAY_TYPE.strip() = ''. Removing attribute DISPLAY_TYPE.
  AIT_mode: AIT_mode DISPLAY_TYPE.strip() = ''. Removing attribute DISPLAY_TYPE.
  fix_freq: fix_freq DISPLAY_TYPE.strip() = ''. Removing attribute DISPLAY_TYPE.
  year: year DISPLAY_TYPE.strip() = ''. Removing attribute DISPLAY_TYPE.
  doy: doy DISPLAY_TYPE.strip() = ''. Removing attribute DISPLAY_TYPE.
  hr: hr DISPLAY_TYPE.strip() = ''. Removing attribute DISPLAY_TYPE.
  min: min DISPLAY_TYPE.strip() = ''. Removing attribute DISPLAY_TYPE.
  sec: sec DISPLAY_TYPE.strip() = ''. Removing attribute DISPLAY_TYPE.
  LMT: LMT DISPLAY_TYPE.strip() = ''. Removing attribute DISPLAY_TYPE.
  label_LMT: label_LMT DISPLAY_TYPE.strip() = ''. Removing attribute DISPLAY_TYPE.
  unit_LMT: unit_LMT DISPLAY_TYPE.strip() = ''. Removing attribute DISPLAY_TYPE.
  geo_coord: geo_coord DISPLAY_TYPE.strip() = ''. Removing attribute DISPLAY_TYPE.
  label_geo: label_geo DISPLAY_TYPE.strip() = ''. Removing attribute DISPLAY_TYPE.
  unit_geo: unit_geo DISPLAY_TYPE.strip() = ''. Removing attribute DISPLAY_TYPE.
  GMLMT: GMLMT DISPLAY_TYPE.strip() = ''. Removing attribute DISPLAY_TYPE.
  label_GMLMT: label_GMLMT DISPLAY_TYPE.strip() = ''. Removing attribute DISPLAY_TYPE.
  GMLAT: GMLAT DISPLAY_TYPE.strip() = ''. Removing attribute DISPLAY_TYPE.
  GMLONG: GMLONG DISPLAY_TYPE.strip() = ''. Removing attribute DISPLAY_TYPE.
  INV_LAT: INV_LAT DISPLAY_TYPE.strip() = ''. Removing attribute DISPLAY_TYPE.
  DIP: DIP DISPLAY_TYPE.strip() = ''. Removing attribute DISPLAY_TYPE.
  CHI: CHI DISPLAY_TYPE.strip() = ''. Removing attribute DISPLAY_TYPE.
  L: L DISPLAY_TYPE.strip() = ''. Removing attribute DISPLAY_TYPE.
  sun: sun DISPLAY_TYPE.strip() = ''. Removing attribute DISPLAY_TYPE.
  CEP: CEP DISPLAY_TYPE.strip() = ''. Removing attribute DISPLAY_TYPE.
  VLF: VLF DISPLAY_TYPE.strip() = ''. Removing attribute DISPLAY_TYPE.
  RPA: RPA DISPLAY_TYPE.strip() = ''. Removing attribute DISPLAY_TYPE.
  IMS: IMS DISPLAY_TYPE.strip() = ''. Removing attribute DISPLAY_TYPE.
  SPS: SPS DISPLAY_TYPE.strip() = ''. Removing attribute DISPLAY_TYPE.
  EPD: EPD DISPLAY_TYPE.strip() = ''. Removing attribute DISPLAY_TYPE.
  RLP: RLP DISPLAY_TYPE.strip() = ''. Removing attribute DISPLAY_TYPE.
  ASP: ASP DISPLAY_TYPE.strip() = ''. Removing attribute DISPLAY_TYPE.
  swept_start: swept_start DISPLAY_TYPE.strip() = ''. Removing attribute DISPLAY_TYPE.
  Time_mark: Time_mark DISPLAY_TYPE.strip() = ''. Removing attribute DISPLAY_TYPE.
  vh_num: vh_num DISPLAY_TYPE.strip() = ''. Removing attribute DISPLAY_TYPE.
  f_num: f_num DISPLAY_TYPE.strip() = ''. Removing attribute DISPLAY_TYPE.
  delay_time: delay_time DISPLAY_TYPE.strip() = ''. Removing attribute DISPLAY_TYPE.
  v_height: v_height DISPLAY_TYPE.strip() = ''. Removing attribute DISPLAY_TYPE.
  Epoch: Epoch DISPLAY_TYPE.strip() = ''. Removing attribute DISPLAY_TYPE.
I2_AV_ODG | ISTP.DISPLAY_TYPE.Empty:
  satellite: satellite DISPLAY_TYPE.strip() = ''. Removing attribute DISPLAY_TYPE.
  station_id: station_id DISPLAY_TYPE.strip() = ''. Removing attribute DISPLAY_TYPE.
  power_code: power_code DISPLAY_TYPE.strip() = ''. Removing attribute DISPLAY_TYPE.
  s/r_code: s/r_code DISPLAY_TYPE.strip() = ''. Removing attribute DISPLAY_TYPE.
  f_range_code: f_range_code DISPLAY_TYPE.strip() = ''. Removing attribute DISPLAY_TYPE.
  DMODE: DMODE DISPLAY_TYPE.strip() = ''. Removing attribute DISPLAY_TYPE.
  GMODE: GMODE DISPLAY_TYPE.strip() = ''. Removing attribute DISPLAY_TYPE.
  mixed_mode: mixed_mode DISPLAY_TYPE.strip() = ''. Removing attribute DISPLAY_TYPE.
  AIT_mode: AIT_mode DISPLAY_TYPE.strip() = ''. Removing attribute DISPLAY_TYPE.
  fix_freq: fix_freq DISPLAY_TYPE.strip() = ''. Removing attribute DISPLAY_TYPE.
  year: year DISPLAY_TYPE.strip() = ''. Removing attribute DISPLAY_TYPE.
  doy: doy DISPLAY_TYPE.strip() = ''. Removing attribute DISPLAY_TYPE.
  hr: hr DISPLAY_TYPE.strip() = ''. Removing attribute DISPLAY_TYPE.
  min: min DISPLAY_TYPE.strip() = ''. Removing attribute DISPLAY_TYPE.
  sec: sec DISPLAY_TYPE.strip() = ''. Removing attribute DISPLAY_TYPE.
  LMT: LMT DISPLAY_TYPE.strip() = ''. Removing attribute DISPLAY_TYPE.
  label_LMT: label_LMT DISPLAY_TYPE.strip() = ''. Removing attribute DISPLAY_TYPE.
  unit_LMT: unit_LMT DISPLAY_TYPE.strip() = ''. Removing attribute DISPLAY_TYPE.
  geo_coord: geo_coord DISPLAY_TYPE.strip() = ''. Removing attribute DISPLAY_TYPE.
  label_geo: label_geo DISPLAY_TYPE.strip() = ''. Removing attribute DISPLAY_TYPE.
  unit_geo: unit_geo DISPLAY_TYPE.strip() = ''. Removing attribute DISPLAY_TYPE.
  GMLMT: GMLMT DISPLAY_TYPE.strip() = ''. Removing attribute DISPLAY_TYPE.
  label_GMLMT: label_GMLMT DISPLAY_TYPE.strip() = ''. Removing attribute DISPLAY_TYPE.
  GMLAT: GMLAT DISPLAY_TYPE.strip() = ''. Removing attribute DISPLAY_TYPE.
  GMLONG: GMLONG DISPLAY_TYPE.strip() = ''. Removing attribute DISPLAY_TYPE.
  INV_LAT: INV_LAT DISPLAY_TYPE.strip() = ''. Removing attribute DISPLAY_TYPE.
  DIP: DIP DISPLAY_TYPE.strip() = ''. Removing attribute DISPLAY_TYPE.
  CHI: CHI DISPLAY_TYPE.strip() = ''. Removing attribute DISPLAY_TYPE.
  L: L DISPLAY_TYPE.strip() = ''. Removing attribute DISPLAY_TYPE.
  sun: sun DISPLAY_TYPE.strip() = ''. Removing attribute DISPLAY_TYPE.
  CEP: CEP DISPLAY_TYPE.strip() = ''. Removing attribute DISPLAY_TYPE.
  VLF: VLF DISPLAY_TYPE.strip() = ''. Removing attribute DISPLAY_TYPE.
  RPA: RPA DISPLAY_TYPE.strip() = ''. Removing attribute DISPLAY_TYPE.
  IMS: IMS DISPLAY_TYPE.strip() = ''. Removing attribute DISPLAY_TYPE.
  SPS: SPS DISPLAY_TYPE.strip() = ''. Removing attribute DISPLAY_TYPE.
  EPD: EPD DISPLAY_TYPE.strip() = ''. Removing attribute DISPLAY_TYPE.
  RLP: RLP DISPLAY_TYPE.strip() = ''. Removing attribute DISPLAY_TYPE.
  ASP: ASP DISPLAY_TYPE.strip() = ''. Removing attribute DISPLAY_TYPE.
  swept_start: swept_start DISPLAY_TYPE.strip() = ''. Removing attribute DISPLAY_TYPE.
  Time_mark: Time_mark DISPLAY_TYPE.strip() = ''. Removing attribute DISPLAY_TYPE.
  vh_num: vh_num DISPLAY_TYPE.strip() = ''. Removing attribute DISPLAY_TYPE.
  f_num: f_num DISPLAY_TYPE.strip() = ''. Removing attribute DISPLAY_TYPE.
  delay_time: delay_time DISPLAY_TYPE.strip() = ''. Removing attribute DISPLAY_TYPE.
  v_height: v_height DISPLAY_TYPE.strip() = ''. Removing attribute DISPLAY_TYPE.
  Epoch: Epoch DISPLAY_TYPE.strip() = ''. Removing attribute DISPLAY_TYPE.
I2_AV_ORR | ISTP.DISPLAY_TYPE.Empty:
  satellite: satellite DISPLAY_TYPE.strip() = ''. Removing attribute DISPLAY_TYPE.
  station_id: station_id DISPLAY_TYPE.strip() = ''. Removing attribute DISPLAY_TYPE.
  power_code: power_code DISPLAY_TYPE.strip() = ''. Removing attribute DISPLAY_TYPE.
  s/r_code: s/r_code DISPLAY_TYPE.strip() = ''. Removing attribute DISPLAY_TYPE.
  f_range_code: f_range_code DISPLAY_TYPE.strip() = ''. Removing attribute DISPLAY_TYPE.
  DMODE: DMODE DISPLAY_TYPE.strip() = ''. Removing attribute DISPLAY_TYPE.
  GMODE: GMODE DISPLAY_TYPE.strip() = ''. Removing attribute DISPLAY_TYPE.
  mixed_mode: mixed_mode DISPLAY_TYPE.strip() = ''. Removing attribute DISPLAY_TYPE.
  AIT_mode: AIT_mode DISPLAY_TYPE.strip() = ''. Removing attribute DISPLAY_TYPE.
  fix_freq: fix_freq DISPLAY_TYPE.strip() = ''. Removing attribute DISPLAY_TYPE.
  year: year DISPLAY_TYPE.strip() = ''. Removing attribute DISPLAY_TYPE.
  doy: doy DISPLAY_TYPE.strip() = ''. Removing attribute DISPLAY_TYPE.
  hr: hr DISPLAY_TYPE.strip() = ''. Removing attribute DISPLAY_TYPE.
  min: min DISPLAY_TYPE.strip() = ''. Removing attribute DISPLAY_TYPE.
  sec: sec DISPLAY_TYPE.strip() = ''. Removing attribute DISPLAY_TYPE.
  LMT: LMT DISPLAY_TYPE.strip() = ''. Removing attribute DISPLAY_TYPE.
  label_LMT: label_LMT DISPLAY_TYPE.strip() = ''. Removing attribute DISPLAY_TYPE.
  unit_LMT: unit_LMT DISPLAY_TYPE.strip() = ''. Removing attribute DISPLAY_TYPE.
  geo_coord: geo_coord DISPLAY_TYPE.strip() = ''. Removing attribute DISPLAY_TYPE.
  label_geo: label_geo DISPLAY_TYPE.strip() = ''. Removing attribute DISPLAY_TYPE.
  unit_geo: unit_geo DISPLAY_TYPE.strip() = ''. Removing attribute DISPLAY_TYPE.
  GMLMT: GMLMT DISPLAY_TYPE.strip() = ''. Removing attribute DISPLAY_TYPE.
  label_GMLMT: label_GMLMT DISPLAY_TYPE.strip() = ''. Removing attribute DISPLAY_TYPE.
  GMLAT: GMLAT DISPLAY_TYPE.strip() = ''. Removing attribute DISPLAY_TYPE.
  GMLONG: GMLONG DISPLAY_TYPE.strip() = ''. Removing attribute DISPLAY_TYPE.
  INV_LAT: INV_LAT DISPLAY_TYPE.strip() = ''. Removing attribute DISPLAY_TYPE.
  DIP: DIP DISPLAY_TYPE.strip() = ''. Removing attribute DISPLAY_TYPE.
  CHI: CHI DISPLAY_TYPE.strip() = ''. Removing attribute DISPLAY_TYPE.
  L: L DISPLAY_TYPE.strip() = ''. Removing attribute DISPLAY_TYPE.
  sun: sun DISPLAY_TYPE.strip() = ''. Removing attribute DISPLAY_TYPE.
  CEP: CEP DISPLAY_TYPE.strip() = ''. Removing attribute DISPLAY_TYPE.
  VLF: VLF DISPLAY_TYPE.strip() = ''. Removing attribute DISPLAY_TYPE.
  RPA: RPA DISPLAY_TYPE.strip() = ''. Removing attribute DISPLAY_TYPE.
  IMS: IMS DISPLAY_TYPE.strip() = ''. Removing attribute DISPLAY_TYPE.
  SPS: SPS DISPLAY_TYPE.strip() = ''. Removing attribute DISPLAY_TYPE.
  EPD: EPD DISPLAY_TYPE.strip() = ''. Removing attribute DISPLAY_TYPE.
  RLP: RLP DISPLAY_TYPE.strip() = ''. Removing attribute DISPLAY_TYPE.
  ASP: ASP DISPLAY_TYPE.strip() = ''. Removing attribute DISPLAY_TYPE.
  swept_start: swept_start DISPLAY_TYPE.strip() = ''. Removing attribute DISPLAY_TYPE.
  Time_mark: Time_mark DISPLAY_TYPE.strip() = ''. Removing attribute DISPLAY_TYPE.
  vh_num: vh_num DISPLAY_TYPE.strip() = ''. Removing attribute DISPLAY_TYPE.
  f_num: f_num DISPLAY_TYPE.strip() = ''. Removing attribute DISPLAY_TYPE.
  delay_time: delay_time DISPLAY_TYPE.strip() = ''. Removing attribute DISPLAY_TYPE.
  v_height: v_height DISPLAY_TYPE.strip() = ''. Removing attribute DISPLAY_TYPE.
  Epoch: Epoch DISPLAY_TYPE.strip() = ''. Removing attribute DISPLAY_TYPE.
I2_AV_OTT | ISTP.DISPLAY_TYPE.Empty:
  satellite: satellite DISPLAY_TYPE.strip() = ''. Removing attribute DISPLAY_TYPE.
  station_id: station_id DISPLAY_TYPE.strip() = ''. Removing attribute DISPLAY_TYPE.
  power_code: power_code DISPLAY_TYPE.strip() = ''. Removing attribute DISPLAY_TYPE.
  s/r_code: s/r_code DISPLAY_TYPE.strip() = ''. Removing attribute DISPLAY_TYPE.
  f_range_code: f_range_code DISPLAY_TYPE.strip() = ''. Removing attribute DISPLAY_TYPE.
  DMODE: DMODE DISPLAY_TYPE.strip() = ''. Removing attribute DISPLAY_TYPE.
  GMODE: GMODE DISPLAY_TYPE.strip() = ''. Removing attribute DISPLAY_TYPE.
  mixed_mode: mixed_mode DISPLAY_TYPE.strip() = ''. Removing attribute DISPLAY_TYPE.
  AIT_mode: AIT_mode DISPLAY_TYPE.strip() = ''. Removing attribute DISPLAY_TYPE.
  fix_freq: fix_freq DISPLAY_TYPE.strip() = ''. Removing attribute DISPLAY_TYPE.
  year: year DISPLAY_TYPE.strip() = ''. Removing attribute DISPLAY_TYPE.
  doy: doy DISPLAY_TYPE.strip() = ''. Removing attribute DISPLAY_TYPE.
  hr: hr DISPLAY_TYPE.strip() = ''. Removing attribute DISPLAY_TYPE.
  min: min DISPLAY_TYPE.strip() = ''. Removing attribute DISPLAY_TYPE.
  sec: sec DISPLAY_TYPE.strip() = ''. Removing attribute DISPLAY_TYPE.
  LMT: LMT DISPLAY_TYPE.strip() = ''. Removing attribute DISPLAY_TYPE.
  label_LMT: label_LMT DISPLAY_TYPE.strip() = ''. Removing attribute DISPLAY_TYPE.
  unit_LMT: unit_LMT DISPLAY_TYPE.strip() = ''. Removing attribute DISPLAY_TYPE.
  geo_coord: geo_coord DISPLAY_TYPE.strip() = ''. Removing attribute DISPLAY_TYPE.
  label_geo: label_geo DISPLAY_TYPE.strip() = ''. Removing attribute DISPLAY_TYPE.
  unit_geo: unit_geo DISPLAY_TYPE.strip() = ''. Removing attribute DISPLAY_TYPE.
  GMLMT: GMLMT DISPLAY_TYPE.strip() = ''. Removing attribute DISPLAY_TYPE.
  label_GMLMT: label_GMLMT DISPLAY_TYPE.strip() = ''. Removing attribute DISPLAY_TYPE.
  GMLAT: GMLAT DISPLAY_TYPE.strip() = ''. Removing attribute DISPLAY_TYPE.
  GMLONG: GMLONG DISPLAY_TYPE.strip() = ''. Removing attribute DISPLAY_TYPE.
  INV_LAT: INV_LAT DISPLAY_TYPE.strip() = ''. Removing attribute DISPLAY_TYPE.
  DIP: DIP DISPLAY_TYPE.strip() = ''. Removing attribute DISPLAY_TYPE.
  CHI: CHI DISPLAY_TYPE.strip() = ''. Removing attribute DISPLAY_TYPE.
  L: L DISPLAY_TYPE.strip() = ''. Removing attribute DISPLAY_TYPE.
  sun: sun DISPLAY_TYPE.strip() = ''. Removing attribute DISPLAY_TYPE.
  CEP: CEP DISPLAY_TYPE.strip() = ''. Removing attribute DISPLAY_TYPE.
  VLF: VLF DISPLAY_TYPE.strip() = ''. Removing attribute DISPLAY_TYPE.
  RPA: RPA DISPLAY_TYPE.strip() = ''. Removing attribute DISPLAY_TYPE.
  IMS: IMS DISPLAY_TYPE.strip() = ''. Removing attribute DISPLAY_TYPE.
  SPS: SPS DISPLAY_TYPE.strip() = ''. Removing attribute DISPLAY_TYPE.
  EPD: EPD DISPLAY_TYPE.strip() = ''. Removing attribute DISPLAY_TYPE.
  RLP: RLP DISPLAY_TYPE.strip() = ''. Removing attribute DISPLAY_TYPE.
  ASP: ASP DISPLAY_TYPE.strip() = ''. Removing attribute DISPLAY_TYPE.
  swept_start: swept_start DISPLAY_TYPE.strip() = ''. Removing attribute DISPLAY_TYPE.
  Time_mark: Time_mark DISPLAY_TYPE.strip() = ''. Removing attribute DISPLAY_TYPE.
  vh_num: vh_num DISPLAY_TYPE.strip() = ''. Removing attribute DISPLAY_TYPE.
  f_num: f_num DISPLAY_TYPE.strip() = ''. Removing attribute DISPLAY_TYPE.
  delay_time: delay_time DISPLAY_TYPE.strip() = ''. Removing attribute DISPLAY_TYPE.
  v_height: v_height DISPLAY_TYPE.strip() = ''. Removing attribute DISPLAY_TYPE.
  Epoch: Epoch DISPLAY_TYPE.strip() = ''. Removing attribute DISPLAY_TYPE.
I2_AV_QUI | ISTP.DISPLAY_TYPE.Empty:
  satellite: satellite DISPLAY_TYPE.strip() = ''. Removing attribute DISPLAY_TYPE.
  station_id: station_id DISPLAY_TYPE.strip() = ''. Removing attribute DISPLAY_TYPE.
  power_code: power_code DISPLAY_TYPE.strip() = ''. Removing attribute DISPLAY_TYPE.
  s/r_code: s/r_code DISPLAY_TYPE.strip() = ''. Removing attribute DISPLAY_TYPE.
  f_range_code: f_range_code DISPLAY_TYPE.strip() = ''. Removing attribute DISPLAY_TYPE.
  DMODE: DMODE DISPLAY_TYPE.strip() = ''. Removing attribute DISPLAY_TYPE.
  GMODE: GMODE DISPLAY_TYPE.strip() = ''. Removing attribute DISPLAY_TYPE.
  mixed_mode: mixed_mode DISPLAY_TYPE.strip() = ''. Removing attribute DISPLAY_TYPE.
  AIT_mode: AIT_mode DISPLAY_TYPE.strip() = ''. Removing attribute DISPLAY_TYPE.
  fix_freq: fix_freq DISPLAY_TYPE.strip() = ''. Removing attribute DISPLAY_TYPE.
  year: year DISPLAY_TYPE.strip() = ''. Removing attribute DISPLAY_TYPE.
  doy: doy DISPLAY_TYPE.strip() = ''. Removing attribute DISPLAY_TYPE.
  hr: hr DISPLAY_TYPE.strip() = ''. Removing attribute DISPLAY_TYPE.
  min: min DISPLAY_TYPE.strip() = ''. Removing attribute DISPLAY_TYPE.
  sec: sec DISPLAY_TYPE.strip() = ''. Removing attribute DISPLAY_TYPE.
  LMT: LMT DISPLAY_TYPE.strip() = ''. Removing attribute DISPLAY_TYPE.
  label_LMT: label_LMT DISPLAY_TYPE.strip() = ''. Removing attribute DISPLAY_TYPE.
  unit_LMT: unit_LMT DISPLAY_TYPE.strip() = ''. Removing attribute DISPLAY_TYPE.
  geo_coord: geo_coord DISPLAY_TYPE.strip() = ''. Removing attribute DISPLAY_TYPE.
  label_geo: label_geo DISPLAY_TYPE.strip() = ''. Removing attribute DISPLAY_TYPE.
  unit_geo: unit_geo DISPLAY_TYPE.strip() = ''. Removing attribute DISPLAY_TYPE.
  GMLMT: GMLMT DISPLAY_TYPE.strip() = ''. Removing attribute DISPLAY_TYPE.
  label_GMLMT: label_GMLMT DISPLAY_TYPE.strip() = ''. Removing attribute DISPLAY_TYPE.
  GMLAT: GMLAT DISPLAY_TYPE.strip() = ''. Removing attribute DISPLAY_TYPE.
  GMLONG: GMLONG DISPLAY_TYPE.strip() = ''. Removing attribute DISPLAY_TYPE.
  INV_LAT: INV_LAT DISPLAY_TYPE.strip() = ''. Removing attribute DISPLAY_TYPE.
  DIP: DIP DISPLAY_TYPE.strip() = ''. Removing attribute DISPLAY_TYPE.
  CHI: CHI DISPLAY_TYPE.strip() = ''. Removing attribute DISPLAY_TYPE.
  L: L DISPLAY_TYPE.strip() = ''. Removing attribute DISPLAY_TYPE.
  sun: sun DISPLAY_TYPE.strip() = ''. Removing attribute DISPLAY_TYPE.
  CEP: CEP DISPLAY_TYPE.strip() = ''. Removing attribute DISPLAY_TYPE.
  VLF: VLF DISPLAY_TYPE.strip() = ''. Removing attribute DISPLAY_TYPE.
  RPA: RPA DISPLAY_TYPE.strip() = ''. Removing attribute DISPLAY_TYPE.
  IMS: IMS DISPLAY_TYPE.strip() = ''. Removing attribute DISPLAY_TYPE.
  SPS: SPS DISPLAY_TYPE.strip() = ''. Removing attribute DISPLAY_TYPE.
  EPD: EPD DISPLAY_TYPE.strip() = ''. Removing attribute DISPLAY_TYPE.
  RLP: RLP DISPLAY_TYPE.strip() = ''. Removing attribute DISPLAY_TYPE.
  ASP: ASP DISPLAY_TYPE.strip() = ''. Removing attribute DISPLAY_TYPE.
  swept_start: swept_start DISPLAY_TYPE.strip() = ''. Removing attribute DISPLAY_TYPE.
  Time_mark: Time_mark DISPLAY_TYPE.strip() = ''. Removing attribute DISPLAY_TYPE.
  vh_num: vh_num DISPLAY_TYPE.strip() = ''. Removing attribute DISPLAY_TYPE.
  f_num: f_num DISPLAY_TYPE.strip() = ''. Removing attribute DISPLAY_TYPE.
  delay_time: delay_time DISPLAY_TYPE.strip() = ''. Removing attribute DISPLAY_TYPE.
  v_height: v_height DISPLAY_TYPE.strip() = ''. Removing attribute DISPLAY_TYPE.
  Epoch: Epoch DISPLAY_TYPE.strip() = ''. Removing attribute DISPLAY_TYPE.
I2_AV_RES | ISTP.DISPLAY_TYPE.Empty:
  satellite: satellite DISPLAY_TYPE.strip() = ''. Removing attribute DISPLAY_TYPE.
  station_id: station_id DISPLAY_TYPE.strip() = ''. Removing attribute DISPLAY_TYPE.
  power_code: power_code DISPLAY_TYPE.strip() = ''. Removing attribute DISPLAY_TYPE.
  s/r_code: s/r_code DISPLAY_TYPE.strip() = ''. Removing attribute DISPLAY_TYPE.
  f_range_code: f_range_code DISPLAY_TYPE.strip() = ''. Removing attribute DISPLAY_TYPE.
  DMODE: DMODE DISPLAY_TYPE.strip() = ''. Removing attribute DISPLAY_TYPE.
  GMODE: GMODE DISPLAY_TYPE.strip() = ''. Removing attribute DISPLAY_TYPE.
  mixed_mode: mixed_mode DISPLAY_TYPE.strip() = ''. Removing attribute DISPLAY_TYPE.
  AIT_mode: AIT_mode DISPLAY_TYPE.strip() = ''. Removing attribute DISPLAY_TYPE.
  fix_freq: fix_freq DISPLAY_TYPE.strip() = ''. Removing attribute DISPLAY_TYPE.
  year: year DISPLAY_TYPE.strip() = ''. Removing attribute DISPLAY_TYPE.
  doy: doy DISPLAY_TYPE.strip() = ''. Removing attribute DISPLAY_TYPE.
  hr: hr DISPLAY_TYPE.strip() = ''. Removing attribute DISPLAY_TYPE.
  min: min DISPLAY_TYPE.strip() = ''. Removing attribute DISPLAY_TYPE.
  sec: sec DISPLAY_TYPE.strip() = ''. Removing attribute DISPLAY_TYPE.
  LMT: LMT DISPLAY_TYPE.strip() = ''. Removing attribute DISPLAY_TYPE.
  label_LMT: label_LMT DISPLAY_TYPE.strip() = ''. Removing attribute DISPLAY_TYPE.
  unit_LMT: unit_LMT DISPLAY_TYPE.strip() = ''. Removing attribute DISPLAY_TYPE.
  geo_coord: geo_coord DISPLAY_TYPE.strip() = ''. Removing attribute DISPLAY_TYPE.
  label_geo: label_geo DISPLAY_TYPE.strip() = ''. Removing attribute DISPLAY_TYPE.
  unit_geo: unit_geo DISPLAY_TYPE.strip() = ''. Removing attribute DISPLAY_TYPE.
  GMLMT: GMLMT DISPLAY_TYPE.strip() = ''. Removing attribute DISPLAY_TYPE.
  label_GMLMT: label_GMLMT DISPLAY_TYPE.strip() = ''. Removing attribute DISPLAY_TYPE.
  GMLAT: GMLAT DISPLAY_TYPE.strip() = ''. Removing attribute DISPLAY_TYPE.
  GMLONG: GMLONG DISPLAY_TYPE.strip() = ''. Removing attribute DISPLAY_TYPE.
  INV_LAT: INV_LAT DISPLAY_TYPE.strip() = ''. Removing attribute DISPLAY_TYPE.
  DIP: DIP DISPLAY_TYPE.strip() = ''. Removing attribute DISPLAY_TYPE.
  CHI: CHI DISPLAY_TYPE.strip() = ''. Removing attribute DISPLAY_TYPE.
  L: L DISPLAY_TYPE.strip() = ''. Removing attribute DISPLAY_TYPE.
  sun: sun DISPLAY_TYPE.strip() = ''. Removing attribute DISPLAY_TYPE.
  CEP: CEP DISPLAY_TYPE.strip() = ''. Removing attribute DISPLAY_TYPE.
  VLF: VLF DISPLAY_TYPE.strip() = ''. Removing attribute DISPLAY_TYPE.
  RPA: RPA DISPLAY_TYPE.strip() = ''. Removing attribute DISPLAY_TYPE.
  IMS: IMS DISPLAY_TYPE.strip() = ''. Removing attribute DISPLAY_TYPE.
  SPS: SPS DISPLAY_TYPE.strip() = ''. Removing attribute DISPLAY_TYPE.
  EPD: EPD DISPLAY_TYPE.strip() = ''. Removing attribute DISPLAY_TYPE.
  RLP: RLP DISPLAY_TYPE.strip() = ''. Removing attribute DISPLAY_TYPE.
  ASP: ASP DISPLAY_TYPE.strip() = ''. Removing attribute DISPLAY_TYPE.
  swept_start: swept_start DISPLAY_TYPE.strip() = ''. Removing attribute DISPLAY_TYPE.
  Time_mark: Time_mark DISPLAY_TYPE.strip() = ''. Removing attribute DISPLAY_TYPE.
  vh_num: vh_num DISPLAY_TYPE.strip() = ''. Removing attribute DISPLAY_TYPE.
  f_num: f_num DISPLAY_TYPE.strip() = ''. Removing attribute DISPLAY_TYPE.
  delay_time: delay_time DISPLAY_TYPE.strip() = ''. Removing attribute DISPLAY_TYPE.
  v_height: v_height DISPLAY_TYPE.strip() = ''. Removing attribute DISPLAY_TYPE.
  Epoch: Epoch DISPLAY_TYPE.strip() = ''. Removing attribute DISPLAY_TYPE.
I2_AV_SNT | ISTP.DISPLAY_TYPE.Empty:
  satellite: satellite DISPLAY_TYPE.strip() = ''. Removing attribute DISPLAY_TYPE.
  station_id: station_id DISPLAY_TYPE.strip() = ''. Removing attribute DISPLAY_TYPE.
  power_code: power_code DISPLAY_TYPE.strip() = ''. Removing attribute DISPLAY_TYPE.
  s/r_code: s/r_code DISPLAY_TYPE.strip() = ''. Removing attribute DISPLAY_TYPE.
  f_range_code: f_range_code DISPLAY_TYPE.strip() = ''. Removing attribute DISPLAY_TYPE.
  DMODE: DMODE DISPLAY_TYPE.strip() = ''. Removing attribute DISPLAY_TYPE.
  GMODE: GMODE DISPLAY_TYPE.strip() = ''. Removing attribute DISPLAY_TYPE.
  mixed_mode: mixed_mode DISPLAY_TYPE.strip() = ''. Removing attribute DISPLAY_TYPE.
  AIT_mode: AIT_mode DISPLAY_TYPE.strip() = ''. Removing attribute DISPLAY_TYPE.
  fix_freq: fix_freq DISPLAY_TYPE.strip() = ''. Removing attribute DISPLAY_TYPE.
  year: year DISPLAY_TYPE.strip() = ''. Removing attribute DISPLAY_TYPE.
  doy: doy DISPLAY_TYPE.strip() = ''. Removing attribute DISPLAY_TYPE.
  hr: hr DISPLAY_TYPE.strip() = ''. Removing attribute DISPLAY_TYPE.
  min: min DISPLAY_TYPE.strip() = ''. Removing attribute DISPLAY_TYPE.
  sec: sec DISPLAY_TYPE.strip() = ''. Removing attribute DISPLAY_TYPE.
  LMT: LMT DISPLAY_TYPE.strip() = ''. Removing attribute DISPLAY_TYPE.
  label_LMT: label_LMT DISPLAY_TYPE.strip() = ''. Removing attribute DISPLAY_TYPE.
  unit_LMT: unit_LMT DISPLAY_TYPE.strip() = ''. Removing attribute DISPLAY_TYPE.
  geo_coord: geo_coord DISPLAY_TYPE.strip() = ''. Removing attribute DISPLAY_TYPE.
  label_geo: label_geo DISPLAY_TYPE.strip() = ''. Removing attribute DISPLAY_TYPE.
  unit_geo: unit_geo DISPLAY_TYPE.strip() = ''. Removing attribute DISPLAY_TYPE.
  GMLMT: GMLMT DISPLAY_TYPE.strip() = ''. Removing attribute DISPLAY_TYPE.
  label_GMLMT: label_GMLMT DISPLAY_TYPE.strip() = ''. Removing attribute DISPLAY_TYPE.
  GMLAT: GMLAT DISPLAY_TYPE.strip() = ''. Removing attribute DISPLAY_TYPE.
  GMLONG: GMLONG DISPLAY_TYPE.strip() = ''. Removing attribute DISPLAY_TYPE.
  FH: FH DISPLAY_TYPE.strip() = ''. Removing attribute DISPLAY_TYPE.
  INV_LAT: INV_LAT DISPLAY_TYPE.strip() = ''. Removing attribute DISPLAY_TYPE.
  DIP: DIP DISPLAY_TYPE.strip() = ''. Removing attribute DISPLAY_TYPE.
  CHI: CHI DISPLAY_TYPE.strip() = ''. Removing attribute DISPLAY_TYPE.
  L: L DISPLAY_TYPE.strip() = ''. Removing attribute DISPLAY_TYPE.
  sun: sun DISPLAY_TYPE.strip() = ''. Removing attribute DISPLAY_TYPE.
  CEP: CEP DISPLAY_TYPE.strip() = ''. Removing attribute DISPLAY_TYPE.
  VLF: VLF DISPLAY_TYPE.strip() = ''. Removing attribute DISPLAY_TYPE.
  RPA: RPA DISPLAY_TYPE.strip() = ''. Removing attribute DISPLAY_TYPE.
  IMS: IMS DISPLAY_TYPE.strip() = ''. Removing attribute DISPLAY_TYPE.
  SPS: SPS DISPLAY_TYPE.strip() = ''. Removing attribute DISPLAY_TYPE.
  EPD: EPD DISPLAY_TYPE.strip() = ''. Removing attribute DISPLAY_TYPE.
  RLP: RLP DISPLAY_TYPE.strip() = ''. Removing attribute DISPLAY_TYPE.
  ASP: ASP DISPLAY_TYPE.strip() = ''. Removing attribute DISPLAY_TYPE.
  swept_start: swept_start DISPLAY_TYPE.strip() = ''. Removing attribute DISPLAY_TYPE.
  Time_mark: Time_mark DISPLAY_TYPE.strip() = ''. Removing attribute DISPLAY_TYPE.
  vh_num: vh_num DISPLAY_TYPE.strip() = ''. Removing attribute DISPLAY_TYPE.
  f_num: f_num DISPLAY_TYPE.strip() = ''. Removing attribute DISPLAY_TYPE.
  delay_time: delay_time DISPLAY_TYPE.strip() = ''. Removing attribute DISPLAY_TYPE.
  v_height: v_height DISPLAY_TYPE.strip() = ''. Removing attribute DISPLAY_TYPE.
  Epoch: Epoch DISPLAY_TYPE.strip() = ''. Removing attribute DISPLAY_TYPE.
I2_AV_SOD | ISTP.DISPLAY_TYPE.Empty:
  satellite: satellite DISPLAY_TYPE.strip() = ''. Removing attribute DISPLAY_TYPE.
  station_id: station_id DISPLAY_TYPE.strip() = ''. Removing attribute DISPLAY_TYPE.
  power_code: power_code DISPLAY_TYPE.strip() = ''. Removing attribute DISPLAY_TYPE.
  s/r_code: s/r_code DISPLAY_TYPE.strip() = ''. Removing attribute DISPLAY_TYPE.
  f_range_code: f_range_code DISPLAY_TYPE.strip() = ''. Removing attribute DISPLAY_TYPE.
  DMODE: DMODE DISPLAY_TYPE.strip() = ''. Removing attribute DISPLAY_TYPE.
  GMODE: GMODE DISPLAY_TYPE.strip() = ''. Removing attribute DISPLAY_TYPE.
  mixed_mode: mixed_mode DISPLAY_TYPE.strip() = ''. Removing attribute DISPLAY_TYPE.
  AIT_mode: AIT_mode DISPLAY_TYPE.strip() = ''. Removing attribute DISPLAY_TYPE.
  fix_freq: fix_freq DISPLAY_TYPE.strip() = ''. Removing attribute DISPLAY_TYPE.
  year: year DISPLAY_TYPE.strip() = ''. Removing attribute DISPLAY_TYPE.
  doy: doy DISPLAY_TYPE.strip() = ''. Removing attribute DISPLAY_TYPE.
  hr: hr DISPLAY_TYPE.strip() = ''. Removing attribute DISPLAY_TYPE.
  min: min DISPLAY_TYPE.strip() = ''. Removing attribute DISPLAY_TYPE.
  sec: sec DISPLAY_TYPE.strip() = ''. Removing attribute DISPLAY_TYPE.
  LMT: LMT DISPLAY_TYPE.strip() = ''. Removing attribute DISPLAY_TYPE.
  label_LMT: label_LMT DISPLAY_TYPE.strip() = ''. Removing attribute DISPLAY_TYPE.
  unit_LMT: unit_LMT DISPLAY_TYPE.strip() = ''. Removing attribute DISPLAY_TYPE.
  geo_coord: geo_coord DISPLAY_TYPE.strip() = ''. Removing attribute DISPLAY_TYPE.
  label_geo: label_geo DISPLAY_TYPE.strip() = ''. Removing attribute DISPLAY_TYPE.
  unit_geo: unit_geo DISPLAY_TYPE.strip() = ''. Removing attribute DISPLAY_TYPE.
  GMLMT: GMLMT DISPLAY_TYPE.strip() = ''. Removing attribute DISPLAY_TYPE.
  label_GMLMT: label_GMLMT DISPLAY_TYPE.strip() = ''. Removing attribute DISPLAY_TYPE.
  GMLAT: GMLAT DISPLAY_TYPE.strip() = ''. Removing attribute DISPLAY_TYPE.
  GMLONG: GMLONG DISPLAY_TYPE.strip() = ''. Removing attribute DISPLAY_TYPE.
  FH: FH DISPLAY_TYPE.strip() = ''. Removing attribute DISPLAY_TYPE.
  INV_LAT: INV_LAT DISPLAY_TYPE.strip() = ''. Removing attribute DISPLAY_TYPE.
  DIP: DIP DISPLAY_TYPE.strip() = ''. Removing attribute DISPLAY_TYPE.
  CHI: CHI DISPLAY_TYPE.strip() = ''. Removing attribute DISPLAY_TYPE.
  L: L DISPLAY_TYPE.strip() = ''. Removing attribute DISPLAY_TYPE.
  sun: sun DISPLAY_TYPE.strip() = ''. Removing attribute DISPLAY_TYPE.
  CEP: CEP DISPLAY_TYPE.strip() = ''. Removing attribute DISPLAY_TYPE.
  VLF: VLF DISPLAY_TYPE.strip() = ''. Removing attribute DISPLAY_TYPE.
  RPA: RPA DISPLAY_TYPE.strip() = ''. Removing attribute DISPLAY_TYPE.
  IMS: IMS DISPLAY_TYPE.strip() = ''. Removing attribute DISPLAY_TYPE.
  SPS: SPS DISPLAY_TYPE.strip() = ''. Removing attribute DISPLAY_TYPE.
  EPD: EPD DISPLAY_TYPE.strip() = ''. Removing attribute DISPLAY_TYPE.
  RLP: RLP DISPLAY_TYPE.strip() = ''. Removing attribute DISPLAY_TYPE.
  ASP: ASP DISPLAY_TYPE.strip() = ''. Removing attribute DISPLAY_TYPE.
  swept_start: swept_start DISPLAY_TYPE.strip() = ''. Removing attribute DISPLAY_TYPE.
  Time_mark: Time_mark DISPLAY_TYPE.strip() = ''. Removing attribute DISPLAY_TYPE.
  vh_num: vh_num DISPLAY_TYPE.strip() = ''. Removing attribute DISPLAY_TYPE.
  f_num: f_num DISPLAY_TYPE.strip() = ''. Removing attribute DISPLAY_TYPE.
  delay_time: delay_time DISPLAY_TYPE.strip() = ''. Removing attribute DISPLAY_TYPE.
  v_height: v_height DISPLAY_TYPE.strip() = ''. Removing attribute DISPLAY_TYPE.
  Epoch: Epoch DISPLAY_TYPE.strip() = ''. Removing attribute DISPLAY_TYPE.
I2_AV_SOL | ISTP.DISPLAY_TYPE.Empty:
  satellite: satellite DISPLAY_TYPE.strip() = ''. Removing attribute DISPLAY_TYPE.
  station_id: station_id DISPLAY_TYPE.strip() = ''. Removing attribute DISPLAY_TYPE.
  power_code: power_code DISPLAY_TYPE.strip() = ''. Removing attribute DISPLAY_TYPE.
  s/r_code: s/r_code DISPLAY_TYPE.strip() = ''. Removing attribute DISPLAY_TYPE.
  f_range_code: f_range_code DISPLAY_TYPE.strip() = ''. Removing attribute DISPLAY_TYPE.
  DMODE: DMODE DISPLAY_TYPE.strip() = ''. Removing attribute DISPLAY_TYPE.
  GMODE: GMODE DISPLAY_TYPE.strip() = ''. Removing attribute DISPLAY_TYPE.
  mixed_mode: mixed_mode DISPLAY_TYPE.strip() = ''. Removing attribute DISPLAY_TYPE.
  AIT_mode: AIT_mode DISPLAY_TYPE.strip() = ''. Removing attribute DISPLAY_TYPE.
  fix_freq: fix_freq DISPLAY_TYPE.strip() = ''. Removing attribute DISPLAY_TYPE.
  year: year DISPLAY_TYPE.strip() = ''. Removing attribute DISPLAY_TYPE.
  doy: doy DISPLAY_TYPE.strip() = ''. Removing attribute DISPLAY_TYPE.
  hr: hr DISPLAY_TYPE.strip() = ''. Removing attribute DISPLAY_TYPE.
  min: min DISPLAY_TYPE.strip() = ''. Removing attribute DISPLAY_TYPE.
  sec: sec DISPLAY_TYPE.strip() = ''. Removing attribute DISPLAY_TYPE.
  LMT: LMT DISPLAY_TYPE.strip() = ''. Removing attribute DISPLAY_TYPE.
  label_LMT: label_LMT DISPLAY_TYPE.strip() = ''. Removing attribute DISPLAY_TYPE.
  unit_LMT: unit_LMT DISPLAY_TYPE.strip() = ''. Removing attribute DISPLAY_TYPE.
  geo_coord: geo_coord DISPLAY_TYPE.strip() = ''. Removing attribute DISPLAY_TYPE.
  label_geo: label_geo DISPLAY_TYPE.strip() = ''. Removing attribute DISPLAY_TYPE.
  unit_geo: unit_geo DISPLAY_TYPE.strip() = ''. Removing attribute DISPLAY_TYPE.
  GMLMT: GMLMT DISPLAY_TYPE.strip() = ''. Removing attribute DISPLAY_TYPE.
  label_GMLMT: label_GMLMT DISPLAY_TYPE.strip() = ''. Removing attribute DISPLAY_TYPE.
  GMLAT: GMLAT DISPLAY_TYPE.strip() = ''. Removing attribute DISPLAY_TYPE.
  GMLONG: GMLONG DISPLAY_TYPE.strip() = ''. Removing attribute DISPLAY_TYPE.
  FH: FH DISPLAY_TYPE.strip() = ''. Removing attribute DISPLAY_TYPE.
  INV_LAT: INV_LAT DISPLAY_TYPE.strip() = ''. Removing attribute DISPLAY_TYPE.
  DIP: DIP DISPLAY_TYPE.strip() = ''. Removing attribute DISPLAY_TYPE.
  CHI: CHI DISPLAY_TYPE.strip() = ''. Removing attribute DISPLAY_TYPE.
  L: L DISPLAY_TYPE.strip() = ''. Removing attribute DISPLAY_TYPE.
  sun: sun DISPLAY_TYPE.strip() = ''. Removing attribute DISPLAY_TYPE.
  CEP: CEP DISPLAY_TYPE.strip() = ''. Removing attribute DISPLAY_TYPE.
  VLF: VLF DISPLAY_TYPE.strip() = ''. Removing attribute DISPLAY_TYPE.
  RPA: RPA DISPLAY_TYPE.strip() = ''. Removing attribute DISPLAY_TYPE.
  IMS: IMS DISPLAY_TYPE.strip() = ''. Removing attribute DISPLAY_TYPE.
  SPS: SPS DISPLAY_TYPE.strip() = ''. Removing attribute DISPLAY_TYPE.
  EPD: EPD DISPLAY_TYPE.strip() = ''. Removing attribute DISPLAY_TYPE.
  RLP: RLP DISPLAY_TYPE.strip() = ''. Removing attribute DISPLAY_TYPE.
  ASP: ASP DISPLAY_TYPE.strip() = ''. Removing attribute DISPLAY_TYPE.
  swept_start: swept_start DISPLAY_TYPE.strip() = ''. Removing attribute DISPLAY_TYPE.
  Time_mark: Time_mark DISPLAY_TYPE.strip() = ''. Removing attribute DISPLAY_TYPE.
  vh_num: vh_num DISPLAY_TYPE.strip() = ''. Removing attribute DISPLAY_TYPE.
  f_num: f_num DISPLAY_TYPE.strip() = ''. Removing attribute DISPLAY_TYPE.
  delay_time: delay_time DISPLAY_TYPE.strip() = ''. Removing attribute DISPLAY_TYPE.
  v_height: v_height DISPLAY_TYPE.strip() = ''. Removing attribute DISPLAY_TYPE.
  Epoch: Epoch DISPLAY_TYPE.strip() = ''. Removing attribute DISPLAY_TYPE.
I2_AV_SYO | ISTP.DISPLAY_TYPE.Empty:
  satellite: satellite DISPLAY_TYPE.strip() = ''. Removing attribute DISPLAY_TYPE.
  station_id: station_id DISPLAY_TYPE.strip() = ''. Removing attribute DISPLAY_TYPE.
  power_code: power_code DISPLAY_TYPE.strip() = ''. Removing attribute DISPLAY_TYPE.
  s/r_code: s/r_code DISPLAY_TYPE.strip() = ''. Removing attribute DISPLAY_TYPE.
  f_range_code: f_range_code DISPLAY_TYPE.strip() = ''. Removing attribute DISPLAY_TYPE.
  DMODE: DMODE DISPLAY_TYPE.strip() = ''. Removing attribute DISPLAY_TYPE.
  GMODE: GMODE DISPLAY_TYPE.strip() = ''. Removing attribute DISPLAY_TYPE.
  mixed_mode: mixed_mode DISPLAY_TYPE.strip() = ''. Removing attribute DISPLAY_TYPE.
  AIT_mode: AIT_mode DISPLAY_TYPE.strip() = ''. Removing attribute DISPLAY_TYPE.
  fix_freq: fix_freq DISPLAY_TYPE.strip() = ''. Removing attribute DISPLAY_TYPE.
  year: year DISPLAY_TYPE.strip() = ''. Removing attribute DISPLAY_TYPE.
  doy: doy DISPLAY_TYPE.strip() = ''. Removing attribute DISPLAY_TYPE.
  hr: hr DISPLAY_TYPE.strip() = ''. Removing attribute DISPLAY_TYPE.
  min: min DISPLAY_TYPE.strip() = ''. Removing attribute DISPLAY_TYPE.
  sec: sec DISPLAY_TYPE.strip() = ''. Removing attribute DISPLAY_TYPE.
  LMT: LMT DISPLAY_TYPE.strip() = ''. Removing attribute DISPLAY_TYPE.
  label_LMT: label_LMT DISPLAY_TYPE.strip() = ''. Removing attribute DISPLAY_TYPE.
  unit_LMT: unit_LMT DISPLAY_TYPE.strip() = ''. Removing attribute DISPLAY_TYPE.
  geo_coord: geo_coord DISPLAY_TYPE.strip() = ''. Removing attribute DISPLAY_TYPE.
  label_geo: label_geo DISPLAY_TYPE.strip() = ''. Removing attribute DISPLAY_TYPE.
  unit_geo: unit_geo DISPLAY_TYPE.strip() = ''. Removing attribute DISPLAY_TYPE.
  GMLMT: GMLMT DISPLAY_TYPE.strip() = ''. Removing attribute DISPLAY_TYPE.
  label_GMLMT: label_GMLMT DISPLAY_TYPE.strip() = ''. Removing attribute DISPLAY_TYPE.
  GMLAT: GMLAT DISPLAY_TYPE.strip() = ''. Removing attribute DISPLAY_TYPE.
  GMLONG: GMLONG DISPLAY_TYPE.strip() = ''. Removing attribute DISPLAY_TYPE.
  INV_LAT: INV_LAT DISPLAY_TYPE.strip() = ''. Removing attribute DISPLAY_TYPE.
  DIP: DIP DISPLAY_TYPE.strip() = ''. Removing attribute DISPLAY_TYPE.
  CHI: CHI DISPLAY_TYPE.strip() = ''. Removing attribute DISPLAY_TYPE.
  L: L DISPLAY_TYPE.strip() = ''. Removing attribute DISPLAY_TYPE.
  sun: sun DISPLAY_TYPE.strip() = ''. Removing attribute DISPLAY_TYPE.
  CEP: CEP DISPLAY_TYPE.strip() = ''. Removing attribute DISPLAY_TYPE.
  VLF: VLF DISPLAY_TYPE.strip() = ''. Removing attribute DISPLAY_TYPE.
  RPA: RPA DISPLAY_TYPE.strip() = ''. Removing attribute DISPLAY_TYPE.
  IMS: IMS DISPLAY_TYPE.strip() = ''. Removing attribute DISPLAY_TYPE.
  SPS: SPS DISPLAY_TYPE.strip() = ''. Removing attribute DISPLAY_TYPE.
  EPD: EPD DISPLAY_TYPE.strip() = ''. Removing attribute DISPLAY_TYPE.
  RLP: RLP DISPLAY_TYPE.strip() = ''. Removing attribute DISPLAY_TYPE.
  ASP: ASP DISPLAY_TYPE.strip() = ''. Removing attribute DISPLAY_TYPE.
  swept_start: swept_start DISPLAY_TYPE.strip() = ''. Removing attribute DISPLAY_TYPE.
  Time_mark: Time_mark DISPLAY_TYPE.strip() = ''. Removing attribute DISPLAY_TYPE.
  vh_num: vh_num DISPLAY_TYPE.strip() = ''. Removing attribute DISPLAY_TYPE.
  f_num: f_num DISPLAY_TYPE.strip() = ''. Removing attribute DISPLAY_TYPE.
  delay_time: delay_time DISPLAY_TYPE.strip() = ''. Removing attribute DISPLAY_TYPE.
  v_height: v_height DISPLAY_TYPE.strip() = ''. Removing attribute DISPLAY_TYPE.
  Epoch: Epoch DISPLAY_TYPE.strip() = ''. Removing attribute DISPLAY_TYPE.
I2_AV_TRO | ISTP.DISPLAY_TYPE.Empty:
  satellite: satellite DISPLAY_TYPE.strip() = ''. Removing attribute DISPLAY_TYPE.
  station_id: station_id DISPLAY_TYPE.strip() = ''. Removing attribute DISPLAY_TYPE.
  power_code: power_code DISPLAY_TYPE.strip() = ''. Removing attribute DISPLAY_TYPE.
  s/r_code: s/r_code DISPLAY_TYPE.strip() = ''. Removing attribute DISPLAY_TYPE.
  f_range_code: f_range_code DISPLAY_TYPE.strip() = ''. Removing attribute DISPLAY_TYPE.
  DMODE: DMODE DISPLAY_TYPE.strip() = ''. Removing attribute DISPLAY_TYPE.
  GMODE: GMODE DISPLAY_TYPE.strip() = ''. Removing attribute DISPLAY_TYPE.
  mixed_mode: mixed_mode DISPLAY_TYPE.strip() = ''. Removing attribute DISPLAY_TYPE.
  AIT_mode: AIT_mode DISPLAY_TYPE.strip() = ''. Removing attribute DISPLAY_TYPE.
  fix_freq: fix_freq DISPLAY_TYPE.strip() = ''. Removing attribute DISPLAY_TYPE.
  year: year DISPLAY_TYPE.strip() = ''. Removing attribute DISPLAY_TYPE.
  doy: doy DISPLAY_TYPE.strip() = ''. Removing attribute DISPLAY_TYPE.
  hr: hr DISPLAY_TYPE.strip() = ''. Removing attribute DISPLAY_TYPE.
  min: min DISPLAY_TYPE.strip() = ''. Removing attribute DISPLAY_TYPE.
  sec: sec DISPLAY_TYPE.strip() = ''. Removing attribute DISPLAY_TYPE.
  LMT: LMT DISPLAY_TYPE.strip() = ''. Removing attribute DISPLAY_TYPE.
  label_LMT: label_LMT DISPLAY_TYPE.strip() = ''. Removing attribute DISPLAY_TYPE.
  unit_LMT: unit_LMT DISPLAY_TYPE.strip() = ''. Removing attribute DISPLAY_TYPE.
  geo_coord: geo_coord DISPLAY_TYPE.strip() = ''. Removing attribute DISPLAY_TYPE.
  label_geo: label_geo DISPLAY_TYPE.strip() = ''. Removing attribute DISPLAY_TYPE.
  unit_geo: unit_geo DISPLAY_TYPE.strip() = ''. Removing attribute DISPLAY_TYPE.
  GMLMT: GMLMT DISPLAY_TYPE.strip() = ''. Removing attribute DISPLAY_TYPE.
  label_GMLMT: label_GMLMT DISPLAY_TYPE.strip() = ''. Removing attribute DISPLAY_TYPE.
  GMLAT: GMLAT DISPLAY_TYPE.strip() = ''. Removing attribute DISPLAY_TYPE.
  GMLONG: GMLONG DISPLAY_TYPE.strip() = ''. Removing attribute DISPLAY_TYPE.
  FH: FH DISPLAY_TYPE.strip() = ''. Removing attribute DISPLAY_TYPE.
  INV_LAT: INV_LAT DISPLAY_TYPE.strip() = ''. Removing attribute DISPLAY_TYPE.
  DIP: DIP DISPLAY_TYPE.strip() = ''. Removing attribute DISPLAY_TYPE.
  CHI: CHI DISPLAY_TYPE.strip() = ''. Removing attribute DISPLAY_TYPE.
  L: L DISPLAY_TYPE.strip() = ''. Removing attribute DISPLAY_TYPE.
  sun: sun DISPLAY_TYPE.strip() = ''. Removing attribute DISPLAY_TYPE.
  CEP: CEP DISPLAY_TYPE.strip() = ''. Removing attribute DISPLAY_TYPE.
  VLF: VLF DISPLAY_TYPE.strip() = ''. Removing attribute DISPLAY_TYPE.
  RPA: RPA DISPLAY_TYPE.strip() = ''. Removing attribute DISPLAY_TYPE.
  IMS: IMS DISPLAY_TYPE.strip() = ''. Removing attribute DISPLAY_TYPE.
  SPS: SPS DISPLAY_TYPE.strip() = ''. Removing attribute DISPLAY_TYPE.
  EPD: EPD DISPLAY_TYPE.strip() = ''. Removing attribute DISPLAY_TYPE.
  RLP: RLP DISPLAY_TYPE.strip() = ''. Removing attribute DISPLAY_TYPE.
  ASP: ASP DISPLAY_TYPE.strip() = ''. Removing attribute DISPLAY_TYPE.
  swept_start: swept_start DISPLAY_TYPE.strip() = ''. Removing attribute DISPLAY_TYPE.
  Time_mark: Time_mark DISPLAY_TYPE.strip() = ''. Removing attribute DISPLAY_TYPE.
  vh_num: vh_num DISPLAY_TYPE.strip() = ''. Removing attribute DISPLAY_TYPE.
  f_num: f_num DISPLAY_TYPE.strip() = ''. Removing attribute DISPLAY_TYPE.
  delay_time: delay_time DISPLAY_TYPE.strip() = ''. Removing attribute DISPLAY_TYPE.
  v_height: v_height DISPLAY_TYPE.strip() = ''. Removing attribute DISPLAY_TYPE.
  Epoch: Epoch DISPLAY_TYPE.strip() = ''. Removing attribute DISPLAY_TYPE.
I2_AV_ULA | ISTP.DISPLAY_TYPE.Empty:
  satellite: satellite DISPLAY_TYPE.strip() = ''. Removing attribute DISPLAY_TYPE.
  station_id: station_id DISPLAY_TYPE.strip() = ''. Removing attribute DISPLAY_TYPE.
  power_code: power_code DISPLAY_TYPE.strip() = ''. Removing attribute DISPLAY_TYPE.
  s/r_code: s/r_code DISPLAY_TYPE.strip() = ''. Removing attribute DISPLAY_TYPE.
  f_range_code: f_range_code DISPLAY_TYPE.strip() = ''. Removing attribute DISPLAY_TYPE.
  DMODE: DMODE DISPLAY_TYPE.strip() = ''. Removing attribute DISPLAY_TYPE.
  GMODE: GMODE DISPLAY_TYPE.strip() = ''. Removing attribute DISPLAY_TYPE.
  mixed_mode: mixed_mode DISPLAY_TYPE.strip() = ''. Removing attribute DISPLAY_TYPE.
  AIT_mode: AIT_mode DISPLAY_TYPE.strip() = ''. Removing attribute DISPLAY_TYPE.
  fix_freq: fix_freq DISPLAY_TYPE.strip() = ''. Removing attribute DISPLAY_TYPE.
  year: year DISPLAY_TYPE.strip() = ''. Removing attribute DISPLAY_TYPE.
  doy: doy DISPLAY_TYPE.strip() = ''. Removing attribute DISPLAY_TYPE.
  hr: hr DISPLAY_TYPE.strip() = ''. Removing attribute DISPLAY_TYPE.
  min: min DISPLAY_TYPE.strip() = ''. Removing attribute DISPLAY_TYPE.
  sec: sec DISPLAY_TYPE.strip() = ''. Removing attribute DISPLAY_TYPE.
  LMT: LMT DISPLAY_TYPE.strip() = ''. Removing attribute DISPLAY_TYPE.
  label_LMT: label_LMT DISPLAY_TYPE.strip() = ''. Removing attribute DISPLAY_TYPE.
  unit_LMT: unit_LMT DISPLAY_TYPE.strip() = ''. Removing attribute DISPLAY_TYPE.
  geo_coord: geo_coord DISPLAY_TYPE.strip() = ''. Removing attribute DISPLAY_TYPE.
  label_geo: label_geo DISPLAY_TYPE.strip() = ''. Removing attribute DISPLAY_TYPE.
  unit_geo: unit_geo DISPLAY_TYPE.strip() = ''. Removing attribute DISPLAY_TYPE.
  GMLMT: GMLMT DISPLAY_TYPE.strip() = ''. Removing attribute DISPLAY_TYPE.
  label_GMLMT: label_GMLMT DISPLAY_TYPE.strip() = ''. Removing attribute DISPLAY_TYPE.
  GMLAT: GMLAT DISPLAY_TYPE.strip() = ''. Removing attribute DISPLAY_TYPE.
  GMLONG: GMLONG DISPLAY_TYPE.strip() = ''. Removing attribute DISPLAY_TYPE.
  FH: FH DISPLAY_TYPE.strip() = ''. Removing attribute DISPLAY_TYPE.
  INV_LAT: INV_LAT DISPLAY_TYPE.strip() = ''. Removing attribute DISPLAY_TYPE.
  DIP: DIP DISPLAY_TYPE.strip() = ''. Removing attribute DISPLAY_TYPE.
  CHI: CHI DISPLAY_TYPE.strip() = ''. Removing attribute DISPLAY_TYPE.
  L: L DISPLAY_TYPE.strip() = ''. Removing attribute DISPLAY_TYPE.
  sun: sun DISPLAY_TYPE.strip() = ''. Removing attribute DISPLAY_TYPE.
  CEP: CEP DISPLAY_TYPE.strip() = ''. Removing attribute DISPLAY_TYPE.
  VLF: VLF DISPLAY_TYPE.strip() = ''. Removing attribute DISPLAY_TYPE.
  RPA: RPA DISPLAY_TYPE.strip() = ''. Removing attribute DISPLAY_TYPE.
  IMS: IMS DISPLAY_TYPE.strip() = ''. Removing attribute DISPLAY_TYPE.
  SPS: SPS DISPLAY_TYPE.strip() = ''. Removing attribute DISPLAY_TYPE.
  EPD: EPD DISPLAY_TYPE.strip() = ''. Removing attribute DISPLAY_TYPE.
  RLP: RLP DISPLAY_TYPE.strip() = ''. Removing attribute DISPLAY_TYPE.
  ASP: ASP DISPLAY_TYPE.strip() = ''. Removing attribute DISPLAY_TYPE.
  swept_start: swept_start DISPLAY_TYPE.strip() = ''. Removing attribute DISPLAY_TYPE.
  Time_mark: Time_mark DISPLAY_TYPE.strip() = ''. Removing attribute DISPLAY_TYPE.
  vh_num: vh_num DISPLAY_TYPE.strip() = ''. Removing attribute DISPLAY_TYPE.
  f_num: f_num DISPLAY_TYPE.strip() = ''. Removing attribute DISPLAY_TYPE.
  delay_time: delay_time DISPLAY_TYPE.strip() = ''. Removing attribute DISPLAY_TYPE.
  v_height: v_height DISPLAY_TYPE.strip() = ''. Removing attribute DISPLAY_TYPE.
  Epoch: Epoch DISPLAY_TYPE.strip() = ''. Removing attribute DISPLAY_TYPE.
I2_AV_WNK | ISTP.DISPLAY_TYPE.Empty:
  satellite: satellite DISPLAY_TYPE.strip() = ''. Removing attribute DISPLAY_TYPE.
  station_id: station_id DISPLAY_TYPE.strip() = ''. Removing attribute DISPLAY_TYPE.
  power_code: power_code DISPLAY_TYPE.strip() = ''. Removing attribute DISPLAY_TYPE.
  s/r_code: s/r_code DISPLAY_TYPE.strip() = ''. Removing attribute DISPLAY_TYPE.
  f_range_code: f_range_code DISPLAY_TYPE.strip() = ''. Removing attribute DISPLAY_TYPE.
  DMODE: DMODE DISPLAY_TYPE.strip() = ''. Removing attribute DISPLAY_TYPE.
  GMODE: GMODE DISPLAY_TYPE.strip() = ''. Removing attribute DISPLAY_TYPE.
  mixed_mode: mixed_mode DISPLAY_TYPE.strip() = ''. Removing attribute DISPLAY_TYPE.
  AIT_mode: AIT_mode DISPLAY_TYPE.strip() = ''. Removing attribute DISPLAY_TYPE.
  fix_freq: fix_freq DISPLAY_TYPE.strip() = ''. Removing attribute DISPLAY_TYPE.
  year: year DISPLAY_TYPE.strip() = ''. Removing attribute DISPLAY_TYPE.
  doy: doy DISPLAY_TYPE.strip() = ''. Removing attribute DISPLAY_TYPE.
  hr: hr DISPLAY_TYPE.strip() = ''. Removing attribute DISPLAY_TYPE.
  min: min DISPLAY_TYPE.strip() = ''. Removing attribute DISPLAY_TYPE.
  sec: sec DISPLAY_TYPE.strip() = ''. Removing attribute DISPLAY_TYPE.
  LMT: LMT DISPLAY_TYPE.strip() = ''. Removing attribute DISPLAY_TYPE.
  label_LMT: label_LMT DISPLAY_TYPE.strip() = ''. Removing attribute DISPLAY_TYPE.
  unit_LMT: unit_LMT DISPLAY_TYPE.strip() = ''. Removing attribute DISPLAY_TYPE.
  geo_coord: geo_coord DISPLAY_TYPE.strip() = ''. Removing attribute DISPLAY_TYPE.
  label_geo: label_geo DISPLAY_TYPE.strip() = ''. Removing attribute DISPLAY_TYPE.
  unit_geo: unit_geo DISPLAY_TYPE.strip() = ''. Removing attribute DISPLAY_TYPE.
  GMLMT: GMLMT DISPLAY_TYPE.strip() = ''. Removing attribute DISPLAY_TYPE.
  label_GMLMT: label_GMLMT DISPLAY_TYPE.strip() = ''. Removing attribute DISPLAY_TYPE.
  GMLAT: GMLAT DISPLAY_TYPE.strip() = ''. Removing attribute DISPLAY_TYPE.
  GMLONG: GMLONG DISPLAY_TYPE.strip() = ''. Removing attribute DISPLAY_TYPE.
  FH: FH DISPLAY_TYPE.strip() = ''. Removing attribute DISPLAY_TYPE.
  INV_LAT: INV_LAT DISPLAY_TYPE.strip() = ''. Removing attribute DISPLAY_TYPE.
  DIP: DIP DISPLAY_TYPE.strip() = ''. Removing attribute DISPLAY_TYPE.
  CHI: CHI DISPLAY_TYPE.strip() = ''. Removing attribute DISPLAY_TYPE.
  L: L DISPLAY_TYPE.strip() = ''. Removing attribute DISPLAY_TYPE.
  sun: sun DISPLAY_TYPE.strip() = ''. Removing attribute DISPLAY_TYPE.
  CEP: CEP DISPLAY_TYPE.strip() = ''. Removing attribute DISPLAY_TYPE.
  VLF: VLF DISPLAY_TYPE.strip() = ''. Removing attribute DISPLAY_TYPE.
  RPA: RPA DISPLAY_TYPE.strip() = ''. Removing attribute DISPLAY_TYPE.
  IMS: IMS DISPLAY_TYPE.strip() = ''. Removing attribute DISPLAY_TYPE.
  SPS: SPS DISPLAY_TYPE.strip() = ''. Removing attribute DISPLAY_TYPE.
  EPD: EPD DISPLAY_TYPE.strip() = ''. Removing attribute DISPLAY_TYPE.
  RLP: RLP DISPLAY_TYPE.strip() = ''. Removing attribute DISPLAY_TYPE.
  ASP: ASP DISPLAY_TYPE.strip() = ''. Removing attribute DISPLAY_TYPE.
  swept_start: swept_start DISPLAY_TYPE.strip() = ''. Removing attribute DISPLAY_TYPE.
  Time_mark: Time_mark DISPLAY_TYPE.strip() = ''. Removing attribute DISPLAY_TYPE.
  vh_num: vh_num DISPLAY_TYPE.strip() = ''. Removing attribute DISPLAY_TYPE.
  f_num: f_num DISPLAY_TYPE.strip() = ''. Removing attribute DISPLAY_TYPE.
  delay_time: delay_time DISPLAY_TYPE.strip() = ''. Removing attribute DISPLAY_TYPE.
  v_height: v_height DISPLAY_TYPE.strip() = ''. Removing attribute DISPLAY_TYPE.
  Epoch: Epoch DISPLAY_TYPE.strip() = ''. Removing attribute DISPLAY_TYPE.
I2_NEPROF_TOPIST | ISTP.DISPLAY_TYPE.Empty:
  Epoch: Epoch DISPLAY_TYPE.strip() = ''. Removing attribute DISPLAY_TYPE.
I2_NEPROF_TOPS | ISTP.DISPLAY_TYPE.Empty:
  Epoch: Epoch DISPLAY_TYPE.strip() = ''. Removing attribute DISPLAY_TYPE.
I8_H0_MITPLASMA | ISTP.DISPLAY_TYPE.Empty:
  Epoch: Epoch DISPLAY_TYPE.strip() = ''. Removing attribute DISPLAY_TYPE.
  label_xyzgse: label_xyzgse DISPLAY_TYPE.strip() = ''. Removing attribute DISPLAY_TYPE.
I8_OR_SSC | ISTP.DISPLAY_TYPE.Empty:
  Epoch: Epoch DISPLAY_TYPE.strip() = ''. Removing attribute DISPLAY_TYPE.
IA_K0_ENF | ISTP.DISPLAY_TYPE.Empty:
  Epoch: Epoch DISPLAY_TYPE.strip() = ''. Removing attribute DISPLAY_TYPE.
  Gap_Flag: Gap_Flag DISPLAY_TYPE.strip() = ''. Removing attribute DISPLAY_TYPE.
IA_K0_EPI | ISTP.DISPLAY_TYPE.Empty:
  Epoch: Epoch DISPLAY_TYPE.strip() = ''. Removing attribute DISPLAY_TYPE.
  SF_Fe1: SF_Fe1 DISPLAY_TYPE.strip() = ''. Removing attribute DISPLAY_TYPE.
  SF_Fe2: SF_Fe2 DISPLAY_TYPE.strip() = ''. Removing attribute DISPLAY_TYPE.
  SF_Fp1: SF_Fp1 DISPLAY_TYPE.strip() = ''. Removing attribute DISPLAY_TYPE.
  SF_Fp2: SF_Fp2 DISPLAY_TYPE.strip() = ''. Removing attribute DISPLAY_TYPE.
  Gap_Flag: Gap_Flag DISPLAY_TYPE.strip() = ''. Removing attribute DISPLAY_TYPE.
IA_K0_ICD | ISTP.DISPLAY_TYPE.Empty:
  Epoch: Epoch DISPLAY_TYPE.strip() = ''. Removing attribute DISPLAY_TYPE.
  SF_ICD: SF_ICD DISPLAY_TYPE.strip() = ''. Removing attribute DISPLAY_TYPE.
  Gap_Flag: Gap_Flag DISPLAY_TYPE.strip() = ''. Removing attribute DISPLAY_TYPE.
IA_K0_MFI | ISTP.DISPLAY_TYPE.Empty:
  Epoch: Epoch DISPLAY_TYPE.strip() = ''. Removing attribute DISPLAY_TYPE.
IA_OR_DEF | ISTP.DISPLAY_TYPE.Empty:
  Epoch: Epoch DISPLAY_TYPE.strip() = ''. Removing attribute DISPLAY_TYPE.
  SF_SC_orbit: SF_SC_orbit DISPLAY_TYPE.strip() = ''. Removing attribute DISPLAY_TYPE.
  cartesian: cartesian DISPLAY_TYPE.strip() = ''. Removing attribute DISPLAY_TYPE.
  label_pos_GSE: label_pos_GSE DISPLAY_TYPE.strip() = ''. Removing attribute DISPLAY_TYPE.
  label_pos_GSM: label_pos_GSM DISPLAY_TYPE.strip() = ''. Removing attribute DISPLAY_TYPE.
  label_vel_GSE: label_vel_GSE DISPLAY_TYPE.strip() = ''. Removing attribute DISPLAY_TYPE.
  label_sep_GSE: label_sep_GSE DISPLAY_TYPE.strip() = ''. Removing attribute DISPLAY_TYPE.
  Gap_Flag: Gap_Flag DISPLAY_TYPE.strip() = ''. Removing attribute DISPLAY_TYPE.
IBEX_OR_SSC | ISTP.DISPLAY_TYPE.Empty:
  Epoch: Epoch DISPLAY_TYPE.strip() = ''. Removing attribute DISPLAY_TYPE.
IG_K0_PCI | ISTP.DISPLAY_TYPE.Empty:
  Epoch: Epoch DISPLAY_TYPE.strip() = ''. Removing attribute DISPLAY_TYPE.
  Flag_Vostok: Flag_Vostok DISPLAY_TYPE.strip() = ''. Removing attribute DISPLAY_TYPE.
  Flag_Thule: Flag_Thule DISPLAY_TYPE.strip() = ''. Removing attribute DISPLAY_TYPE.
  Gap_Flag: Gap_Flag DISPLAY_TYPE.strip() = ''. Removing attribute DISPLAY_TYPE.
IM_K0_SIE | ISTP.DISPLAY_TYPE.Empty:
  INSTRUMENT_ID: INSTRUMENT_ID DISPLAY_TYPE.strip() = ''. Removing attribute DISPLAY_TYPE.
  Z128_D1: Z128_D1 DISPLAY_TYPE.strip() = ''. Removing attribute DISPLAY_TYPE.
  Z128: Z128 DISPLAY_TYPE.strip() = ''. Removing attribute DISPLAY_TYPE.
  HFOV: HFOV DISPLAY_TYPE.strip() = ''. Removing attribute DISPLAY_TYPE.
  VFOV: VFOV DISPLAY_TYPE.strip() = ''. Removing attribute DISPLAY_TYPE.
  INST_AZIMUTH: INST_AZIMUTH DISPLAY_TYPE.strip() = ''. Removing attribute DISPLAY_TYPE.
  INST_CO_ELEVATION: INST_CO_ELEVATION DISPLAY_TYPE.strip() = ''. Removing attribute DISPLAY_TYPE.
  INST_ROLL: INST_ROLL DISPLAY_TYPE.strip() = ''. Removing attribute DISPLAY_TYPE.
IM_K0_SIP | ISTP.DISPLAY_TYPE.Empty:
  INSTRUMENT_ID: INSTRUMENT_ID DISPLAY_TYPE.strip() = ''. Removing attribute DISPLAY_TYPE.
  Z128_D1: Z128_D1 DISPLAY_TYPE.strip() = ''. Removing attribute DISPLAY_TYPE.
  Z128: Z128 DISPLAY_TYPE.strip() = ''. Removing attribute DISPLAY_TYPE.
  HFOV: HFOV DISPLAY_TYPE.strip() = ''. Removing attribute DISPLAY_TYPE.
  VFOV: VFOV DISPLAY_TYPE.strip() = ''. Removing attribute DISPLAY_TYPE.
  INST_AZIMUTH: INST_AZIMUTH DISPLAY_TYPE.strip() = ''. Removing attribute DISPLAY_TYPE.
  INST_CO_ELEVATION: INST_CO_ELEVATION DISPLAY_TYPE.strip() = ''. Removing attribute DISPLAY_TYPE.
  INST_ROLL: INST_ROLL DISPLAY_TYPE.strip() = ''. Removing attribute DISPLAY_TYPE.
IM_K0_WIC | ISTP.DISPLAY_TYPE.Empty:
  INSTRUMENT_ID: INSTRUMENT_ID DISPLAY_TYPE.strip() = ''. Removing attribute DISPLAY_TYPE.
  Z256_D1: Z256_D1 DISPLAY_TYPE.strip() = ''. Removing attribute DISPLAY_TYPE.
  Z256: Z256 DISPLAY_TYPE.strip() = ''. Removing attribute DISPLAY_TYPE.
  HFOV: HFOV DISPLAY_TYPE.strip() = ''. Removing attribute DISPLAY_TYPE.
  VFOV: VFOV DISPLAY_TYPE.strip() = ''. Removing attribute DISPLAY_TYPE.
  INST_AZIMUTH: INST_AZIMUTH DISPLAY_TYPE.strip() = ''. Removing attribute DISPLAY_TYPE.
  INST_CO_ELEVATION: INST_CO_ELEVATION DISPLAY_TYPE.strip() = ''. Removing attribute DISPLAY_TYPE.
  INST_ROLL: INST_ROLL DISPLAY_TYPE.strip() = ''. Removing attribute DISPLAY_TYPE.
ISEE-3_HELIO1DAY_POSITION | ISTP.DISPLAY_TYPE.Empty:
  Epoch: Epoch DISPLAY_TYPE.strip() = ''. Removing attribute DISPLAY_TYPE.
ISEE-3_HELIO1HR_POSITION | ISTP.DISPLAY_TYPE.Empty:
  Epoch: Epoch DISPLAY_TYPE.strip() = ''. Removing attribute DISPLAY_TYPE.
ISEE1_H1_FPE | ISTP.DISPLAY_TYPE.Empty:
  Epoch: Epoch DISPLAY_TYPE.strip() = ''. Removing attribute DISPLAY_TYPE.
  Time_PB5: Time_PB5 DISPLAY_TYPE.strip() = ''. Removing attribute DISPLAY_TYPE.
ISEE1_H2_FPE | ISTP.DISPLAY_TYPE.Empty:
  Epoch: Epoch DISPLAY_TYPE.strip() = ''. Removing attribute DISPLAY_TYPE.
  Time_PB5: Time_PB5 DISPLAY_TYPE.strip() = ''. Removing attribute DISPLAY_TYPE.
ISEE2_H1_FPE | ISTP.DISPLAY_TYPE.Empty:
  Epoch: Epoch DISPLAY_TYPE.strip() = ''. Removing attribute DISPLAY_TYPE.
  Time_PB5: Time_PB5 DISPLAY_TYPE.strip() = ''. Removing attribute DISPLAY_TYPE.
IT_K0_AKR | ISTP.DISPLAY_TYPE.Empty:
  Epoch: Epoch DISPLAY_TYPE.strip() = ''. Removing attribute DISPLAY_TYPE.
  label_AKRf: label_AKRf DISPLAY_TYPE.strip() = ''. Removing attribute DISPLAY_TYPE.
  Freq_AKRf: Freq_AKRf DISPLAY_TYPE.strip() = ''. Removing attribute DISPLAY_TYPE.
IT_K0_COR | ISTP.DISPLAY_TYPE.Empty:
  Epoch: Epoch DISPLAY_TYPE.strip() = ''. Removing attribute DISPLAY_TYPE.
  label_Vi_GSE: label_Vi_GSE DISPLAY_TYPE.strip() = ''. Removing attribute DISPLAY_TYPE.
  label_Vi_GSM: label_Vi_GSM DISPLAY_TYPE.strip() = ''. Removing attribute DISPLAY_TYPE.
  cartesian: cartesian DISPLAY_TYPE.strip() = ''. Removing attribute DISPLAY_TYPE.
IT_K0_ELE | ISTP.DISPLAY_TYPE.Empty:
  Epoch: Epoch DISPLAY_TYPE.strip() = ''. Removing attribute DISPLAY_TYPE.
  Gap_Flag: Gap_Flag DISPLAY_TYPE.strip() = ''. Removing attribute DISPLAY_TYPE.
IT_K0_EPI | ISTP.DISPLAY_TYPE.Empty:
  Epoch: Epoch DISPLAY_TYPE.strip() = ''. Removing attribute DISPLAY_TYPE.
  SF_Fe1: SF_Fe1 DISPLAY_TYPE.strip() = ''. Removing attribute DISPLAY_TYPE.
  SF_Fe2: SF_Fe2 DISPLAY_TYPE.strip() = ''. Removing attribute DISPLAY_TYPE.
  SF_Fp1: SF_Fp1 DISPLAY_TYPE.strip() = ''. Removing attribute DISPLAY_TYPE.
  SF_Fp2: SF_Fp2 DISPLAY_TYPE.strip() = ''. Removing attribute DISPLAY_TYPE.
  SF_Fep3: SF_Fep3 DISPLAY_TYPE.strip() = ''. Removing attribute DISPLAY_TYPE.
  Gap_Flag: Gap_Flag DISPLAY_TYPE.strip() = ''. Removing attribute DISPLAY_TYPE.
IT_K0_ICD | ISTP.DISPLAY_TYPE.Empty:
  Epoch: Epoch DISPLAY_TYPE.strip() = ''. Removing attribute DISPLAY_TYPE.
  SF_ICD: SF_ICD DISPLAY_TYPE.strip() = ''. Removing attribute DISPLAY_TYPE.
  Gap_Flag: Gap_Flag DISPLAY_TYPE.strip() = ''. Removing attribute DISPLAY_TYPE.
IT_K0_MFI | ISTP.DISPLAY_TYPE.Empty:
  Epoch: Epoch DISPLAY_TYPE.strip() = ''. Removing attribute DISPLAY_TYPE.
  B_GSE: B_GSE DISPLAY_TYPE.strip() = ''. Removing attribute DISPLAY_TYPE.
  label_B_GSE: label_B_GSE DISPLAY_TYPE.strip() = ''. Removing attribute DISPLAY_TYPE.
  label_B_GSM: label_B_GSM DISPLAY_TYPE.strip() = ''. Removing attribute DISPLAY_TYPE.
  label_Mf: label_Mf DISPLAY_TYPE.strip() = ''. Removing attribute DISPLAY_TYPE.
  cartesian: cartesian DISPLAY_TYPE.strip() = ''. Removing attribute DISPLAY_TYPE.
  Freq_Mf: Freq_Mf DISPLAY_TYPE.strip() = ''. Removing attribute DISPLAY_TYPE.
IT_K0_VDP | ISTP.DISPLAY_TYPE.Empty:
  Epoch: Epoch DISPLAY_TYPE.strip() = ''. Removing attribute DISPLAY_TYPE.
  Gap_Flag: Gap_Flag DISPLAY_TYPE.strip() = ''. Removing attribute DISPLAY_TYPE.
IT_K0_WAV | ISTP.DISPLAY_TYPE.Empty:
  Epoch: Epoch DISPLAY_TYPE.strip() = ''. Removing attribute DISPLAY_TYPE.
  label_Mf1: label_Mf1 DISPLAY_TYPE.strip() = ''. Removing attribute DISPLAY_TYPE.
  Freq_Mf1: Freq_Mf1 DISPLAY_TYPE.strip() = ''. Removing attribute DISPLAY_TYPE.
  label_Mf2: label_Mf2 DISPLAY_TYPE.strip() = ''. Removing attribute DISPLAY_TYPE.
  label_Mf3: label_Mf3 DISPLAY_TYPE.strip() = ''. Removing attribute DISPLAY_TYPE.
  Freq_Mf2: Freq_Mf2 DISPLAY_TYPE.strip() = ''. Removing attribute DISPLAY_TYPE.
IT_OR_DEF | ISTP.DISPLAY_TYPE.Empty:
  Epoch: Epoch DISPLAY_TYPE.strip() = ''. Removing attribute DISPLAY_TYPE.
  SF_SC_orbit: SF_SC_orbit DISPLAY_TYPE.strip() = ''. Removing attribute DISPLAY_TYPE.
  SF_SC_sep: SF_SC_sep DISPLAY_TYPE.strip() = ''. Removing attribute DISPLAY_TYPE.
  cartesian: cartesian DISPLAY_TYPE.strip() = ''. Removing attribute DISPLAY_TYPE.
  label_pos_GSE: label_pos_GSE DISPLAY_TYPE.strip() = ''. Removing attribute DISPLAY_TYPE.
  label_pos_GSM: label_pos_GSM DISPLAY_TYPE.strip() = ''. Removing attribute DISPLAY_TYPE.
  label_vel_GSE: label_vel_GSE DISPLAY_TYPE.strip() = ''. Removing attribute DISPLAY_TYPE.
  label_sep_GSE: label_sep_GSE DISPLAY_TYPE.strip() = ''. Removing attribute DISPLAY_TYPE.
  Gap_Flag: Gap_Flag DISPLAY_TYPE.strip() = ''. Removing attribute DISPLAY_TYPE.
JUNO_HELIO1DAY_POSITION | ISTP.DISPLAY_TYPE.Empty:
  Epoch: Epoch DISPLAY_TYPE.strip() = ''. Removing attribute DISPLAY_TYPE.
JUNO_HELIO1HR_POSITION | ISTP.DISPLAY_TYPE.Empty:
  Epoch: Epoch DISPLAY_TYPE.strip() = ''. Removing attribute DISPLAY_TYPE.
JUPITER_HELIO1DAY_POSITION | ISTP.DISPLAY_TYPE.Empty:
  Epoch: Epoch DISPLAY_TYPE.strip() = ''. Removing attribute DISPLAY_TYPE.
JUPITER_HELIO1HR_POSITION | ISTP.DISPLAY_TYPE.Empty:
  Epoch: Epoch DISPLAY_TYPE.strip() = ''. Removing attribute DISPLAY_TYPE.
L0_K0_MPA | ISTP.DISPLAY_TYPE.Empty:
  Epoch: Epoch DISPLAY_TYPE.strip() = ''. Removing attribute DISPLAY_TYPE.
  Time_PB5: Time_PB5 DISPLAY_TYPE.strip() = ''. Removing attribute DISPLAY_TYPE.
  dens_lop: dens_lop DISPLAY_TYPE.strip() = ''. Removing attribute DISPLAY_TYPE.
  vel_lop: vel_lop DISPLAY_TYPE.strip() = ''. Removing attribute DISPLAY_TYPE.
  temp_lop: temp_lop DISPLAY_TYPE.strip() = ''. Removing attribute DISPLAY_TYPE.
  tratio_lop: tratio_lop DISPLAY_TYPE.strip() = ''. Removing attribute DISPLAY_TYPE.
  dens_hip: dens_hip DISPLAY_TYPE.strip() = ''. Removing attribute DISPLAY_TYPE.
  vel_hip: vel_hip DISPLAY_TYPE.strip() = ''. Removing attribute DISPLAY_TYPE.
  temp_hip: temp_hip DISPLAY_TYPE.strip() = ''. Removing attribute DISPLAY_TYPE.
  theta_phi_hip: theta_phi_hip DISPLAY_TYPE.strip() = ''. Removing attribute DISPLAY_TYPE.
  tratio_hip: tratio_hip DISPLAY_TYPE.strip() = ''. Removing attribute DISPLAY_TYPE.
  dens_e: dens_e DISPLAY_TYPE.strip() = ''. Removing attribute DISPLAY_TYPE.
  temp_e: temp_e DISPLAY_TYPE.strip() = ''. Removing attribute DISPLAY_TYPE.
  theta_phi_e: theta_phi_e DISPLAY_TYPE.strip() = ''. Removing attribute DISPLAY_TYPE.
  tratio_e: tratio_e DISPLAY_TYPE.strip() = ''. Removing attribute DISPLAY_TYPE.
  sc_pot: sc_pot DISPLAY_TYPE.strip() = ''. Removing attribute DISPLAY_TYPE.
  bkgd: bkgd DISPLAY_TYPE.strip() = ''. Removing attribute DISPLAY_TYPE.
  sc_pos_geo: sc_pos_geo DISPLAY_TYPE.strip() = ''. Removing attribute DISPLAY_TYPE.
  sc_pos_mag: sc_pos_mag DISPLAY_TYPE.strip() = ''. Removing attribute DISPLAY_TYPE.
  qual_flag: qual_flag DISPLAY_TYPE.strip() = ''. Removing attribute DISPLAY_TYPE.
  gap_flag: gap_flag DISPLAY_TYPE.strip() = ''. Removing attribute DISPLAY_TYPE.
  label_time: label_time DISPLAY_TYPE.strip() = ''. Removing attribute DISPLAY_TYPE.
  unit_time: unit_time DISPLAY_TYPE.strip() = ''. Removing attribute DISPLAY_TYPE.
  format_time: format_time DISPLAY_TYPE.strip() = ''. Removing attribute DISPLAY_TYPE.
  offset_time: offset_time DISPLAY_TYPE.strip() = ''. Removing attribute DISPLAY_TYPE.
  label_pos_l: label_pos_l DISPLAY_TYPE.strip() = ''. Removing attribute DISPLAY_TYPE.
  unit_pos_l: unit_pos_l DISPLAY_TYPE.strip() = ''. Removing attribute DISPLAY_TYPE.
  angle_pos_l: angle_pos_l DISPLAY_TYPE.strip() = ''. Removing attribute DISPLAY_TYPE.
  label_possyn_l: label_possyn_l DISPLAY_TYPE.strip() = ''. Removing attribute DISPLAY_TYPE.
  unit_possyn_l: unit_possyn_l DISPLAY_TYPE.strip() = ''. Removing attribute DISPLAY_TYPE.
  angle_possyn_l: angle_possyn_l DISPLAY_TYPE.strip() = ''. Removing attribute DISPLAY_TYPE.
  label_pos_m: label_pos_m DISPLAY_TYPE.strip() = ''. Removing attribute DISPLAY_TYPE.
  unit_pos_m: unit_pos_m DISPLAY_TYPE.strip() = ''. Removing attribute DISPLAY_TYPE.
  angle_pos_m: angle_pos_m DISPLAY_TYPE.strip() = ''. Removing attribute DISPLAY_TYPE.
  label_theta_phi: label_theta_phi DISPLAY_TYPE.strip() = ''. Removing attribute DISPLAY_TYPE.
  label_vel: label_vel DISPLAY_TYPE.strip() = ''. Removing attribute DISPLAY_TYPE.
  Cartesian: Cartesian DISPLAY_TYPE.strip() = ''. Removing attribute DISPLAY_TYPE.
  label_temp: label_temp DISPLAY_TYPE.strip() = ''. Removing attribute DISPLAY_TYPE.
L0_K0_SPA | ISTP.DISPLAY_TYPE.Empty:
  Epoch: Epoch DISPLAY_TYPE.strip() = ''. Removing attribute DISPLAY_TYPE.
  Time_PB5: Time_PB5 DISPLAY_TYPE.strip() = ''. Removing attribute DISPLAY_TYPE.
  sc_loc: sc_loc DISPLAY_TYPE.strip() = ''. Removing attribute DISPLAY_TYPE.
  spa_e_temp: spa_e_temp DISPLAY_TYPE.strip() = ''. Removing attribute DISPLAY_TYPE.
  spa_p_temp: spa_p_temp DISPLAY_TYPE.strip() = ''. Removing attribute DISPLAY_TYPE.
  spa_e_dens: spa_e_dens DISPLAY_TYPE.strip() = ''. Removing attribute DISPLAY_TYPE.
  spa_p_dens: spa_p_dens DISPLAY_TYPE.strip() = ''. Removing attribute DISPLAY_TYPE.
  spa_a_flux: spa_a_flux DISPLAY_TYPE.strip() = ''. Removing attribute DISPLAY_TYPE.
  spa_hvy_flx: spa_hvy_flx DISPLAY_TYPE.strip() = ''. Removing attribute DISPLAY_TYPE.
  spa_e_flx: spa_e_flx DISPLAY_TYPE.strip() = ''. Removing attribute DISPLAY_TYPE.
  spa_p_flx: spa_p_flx DISPLAY_TYPE.strip() = ''. Removing attribute DISPLAY_TYPE.
  label_time: label_time DISPLAY_TYPE.strip() = ''. Removing attribute DISPLAY_TYPE.
  unit_time: unit_time DISPLAY_TYPE.strip() = ''. Removing attribute DISPLAY_TYPE.
  format_time: format_time DISPLAY_TYPE.strip() = ''. Removing attribute DISPLAY_TYPE.
  Polar: Polar DISPLAY_TYPE.strip() = ''. Removing attribute DISPLAY_TYPE.
  unit_pos: unit_pos DISPLAY_TYPE.strip() = ''. Removing attribute DISPLAY_TYPE.
  ENERGY_E: ENERGY_E DISPLAY_TYPE.strip() = ''. Removing attribute DISPLAY_TYPE.
  ENERGY_P: ENERGY_P DISPLAY_TYPE.strip() = ''. Removing attribute DISPLAY_TYPE.
  E_MINUS: E_MINUS DISPLAY_TYPE.strip() = ''. Removing attribute DISPLAY_TYPE.
  E_PLUS: E_PLUS DISPLAY_TYPE.strip() = ''. Removing attribute DISPLAY_TYPE.
  P_MINUS: P_MINUS DISPLAY_TYPE.strip() = ''. Removing attribute DISPLAY_TYPE.
  P_PLUS: P_PLUS DISPLAY_TYPE.strip() = ''. Removing attribute DISPLAY_TYPE.
  E_DQF: E_DQF DISPLAY_TYPE.strip() = ''. Removing attribute DISPLAY_TYPE.
  P_DQF: P_DQF DISPLAY_TYPE.strip() = ''. Removing attribute DISPLAY_TYPE.
  ET_DQF: ET_DQF DISPLAY_TYPE.strip() = ''. Removing attribute DISPLAY_TYPE.
  ED_DQF: ED_DQF DISPLAY_TYPE.strip() = ''. Removing attribute DISPLAY_TYPE.
  PT_DQF: PT_DQF DISPLAY_TYPE.strip() = ''. Removing attribute DISPLAY_TYPE.
  PD_DQF: PD_DQF DISPLAY_TYPE.strip() = ''. Removing attribute DISPLAY_TYPE.
  A_DQF: A_DQF DISPLAY_TYPE.strip() = ''. Removing attribute DISPLAY_TYPE.
  CNO_DQF: CNO_DQF DISPLAY_TYPE.strip() = ''. Removing attribute DISPLAY_TYPE.
  E_FLUX_LABL: E_FLUX_LABL DISPLAY_TYPE.strip() = ''. Removing attribute DISPLAY_TYPE.
  P_FLUX_LABL: P_FLUX_LABL DISPLAY_TYPE.strip() = ''. Removing attribute DISPLAY_TYPE.
  format_pos: format_pos DISPLAY_TYPE.strip() = ''. Removing attribute DISPLAY_TYPE.
  FLUX_FORM: FLUX_FORM DISPLAY_TYPE.strip() = ''. Removing attribute DISPLAY_TYPE.
  E_DENS_LABL: E_DENS_LABL DISPLAY_TYPE.strip() = ''. Removing attribute DISPLAY_TYPE.
  P_DENS_LABL: P_DENS_LABL DISPLAY_TYPE.strip() = ''. Removing attribute DISPLAY_TYPE.
  DENS_FORM: DENS_FORM DISPLAY_TYPE.strip() = ''. Removing attribute DISPLAY_TYPE.
  E_TEMP_LABL: E_TEMP_LABL DISPLAY_TYPE.strip() = ''. Removing attribute DISPLAY_TYPE.
  P_TEMP_LABL: P_TEMP_LABL DISPLAY_TYPE.strip() = ''. Removing attribute DISPLAY_TYPE.
  TEMP_FORM: TEMP_FORM DISPLAY_TYPE.strip() = ''. Removing attribute DISPLAY_TYPE.
  E_DQF_LABL: E_DQF_LABL DISPLAY_TYPE.strip() = ''. Removing attribute DISPLAY_TYPE.
  P_DQF_LABL: P_DQF_LABL DISPLAY_TYPE.strip() = ''. Removing attribute DISPLAY_TYPE.
  ET_DQ_LB: ET_DQ_LB DISPLAY_TYPE.strip() = ''. Removing attribute DISPLAY_TYPE.
  PT_DQF_LABL: PT_DQF_LABL DISPLAY_TYPE.strip() = ''. Removing attribute DISPLAY_TYPE.
  ED_DQF_LABL: ED_DQF_LABL DISPLAY_TYPE.strip() = ''. Removing attribute DISPLAY_TYPE.
  PD_DQF_LABL: PD_DQF_LABL DISPLAY_TYPE.strip() = ''. Removing attribute DISPLAY_TYPE.
  POST_GAP_FLAG: POST_GAP_FLAG DISPLAY_TYPE.strip() = ''. Removing attribute DISPLAY_TYPE.
L1_K0_MPA | ISTP.DISPLAY_TYPE.Empty:
  Epoch: Epoch DISPLAY_TYPE.strip() = ''. Removing attribute DISPLAY_TYPE.
  Time_PB5: Time_PB5 DISPLAY_TYPE.strip() = ''. Removing attribute DISPLAY_TYPE.
  dens_lop: dens_lop DISPLAY_TYPE.strip() = ''. Removing attribute DISPLAY_TYPE.
  vel_lop: vel_lop DISPLAY_TYPE.strip() = ''. Removing attribute DISPLAY_TYPE.
  temp_lop: temp_lop DISPLAY_TYPE.strip() = ''. Removing attribute DISPLAY_TYPE.
  tratio_lop: tratio_lop DISPLAY_TYPE.strip() = ''. Removing attribute DISPLAY_TYPE.
  dens_hip: dens_hip DISPLAY_TYPE.strip() = ''. Removing attribute DISPLAY_TYPE.
  vel_hip: vel_hip DISPLAY_TYPE.strip() = ''. Removing attribute DISPLAY_TYPE.
  temp_hip: temp_hip DISPLAY_TYPE.strip() = ''. Removing attribute DISPLAY_TYPE.
  theta_phi_hip: theta_phi_hip DISPLAY_TYPE.strip() = ''. Removing attribute DISPLAY_TYPE.
  tratio_hip: tratio_hip DISPLAY_TYPE.strip() = ''. Removing attribute DISPLAY_TYPE.
  dens_e: dens_e DISPLAY_TYPE.strip() = ''. Removing attribute DISPLAY_TYPE.
  temp_e: temp_e DISPLAY_TYPE.strip() = ''. Removing attribute DISPLAY_TYPE.
  theta_phi_e: theta_phi_e DISPLAY_TYPE.strip() = ''. Removing attribute DISPLAY_TYPE.
  tratio_e: tratio_e DISPLAY_TYPE.strip() = ''. Removing attribute DISPLAY_TYPE.
  sc_pot: sc_pot DISPLAY_TYPE.strip() = ''. Removing attribute DISPLAY_TYPE.
  bkgd: bkgd DISPLAY_TYPE.strip() = ''. Removing attribute DISPLAY_TYPE.
  sc_pos_geo: sc_pos_geo DISPLAY_TYPE.strip() = ''. Removing attribute DISPLAY_TYPE.
  sc_pos_mag: sc_pos_mag DISPLAY_TYPE.strip() = ''. Removing attribute DISPLAY_TYPE.
  qual_flag: qual_flag DISPLAY_TYPE.strip() = ''. Removing attribute DISPLAY_TYPE.
  gap_flag: gap_flag DISPLAY_TYPE.strip() = ''. Removing attribute DISPLAY_TYPE.
  label_time: label_time DISPLAY_TYPE.strip() = ''. Removing attribute DISPLAY_TYPE.
  unit_time: unit_time DISPLAY_TYPE.strip() = ''. Removing attribute DISPLAY_TYPE.
  format_time: format_time DISPLAY_TYPE.strip() = ''. Removing attribute DISPLAY_TYPE.
  offset_time: offset_time DISPLAY_TYPE.strip() = ''. Removing attribute DISPLAY_TYPE.
  label_pos_l: label_pos_l DISPLAY_TYPE.strip() = ''. Removing attribute DISPLAY_TYPE.
  unit_pos_l: unit_pos_l DISPLAY_TYPE.strip() = ''. Removing attribute DISPLAY_TYPE.
  angle_pos_l: angle_pos_l DISPLAY_TYPE.strip() = ''. Removing attribute DISPLAY_TYPE.
  label_possyn_l: label_possyn_l DISPLAY_TYPE.strip() = ''. Removing attribute DISPLAY_TYPE.
  unit_possyn_l: unit_possyn_l DISPLAY_TYPE.strip() = ''. Removing attribute DISPLAY_TYPE.
  angle_possyn_l: angle_possyn_l DISPLAY_TYPE.strip() = ''. Removing attribute DISPLAY_TYPE.
  label_pos_m: label_pos_m DISPLAY_TYPE.strip() = ''. Removing attribute DISPLAY_TYPE.
  unit_pos_m: unit_pos_m DISPLAY_TYPE.strip() = ''. Removing attribute DISPLAY_TYPE.
  angle_pos_m: angle_pos_m DISPLAY_TYPE.strip() = ''. Removing attribute DISPLAY_TYPE.
  label_theta_phi: label_theta_phi DISPLAY_TYPE.strip() = ''. Removing attribute DISPLAY_TYPE.
  label_vel: label_vel DISPLAY_TYPE.strip() = ''. Removing attribute DISPLAY_TYPE.
  Cartesian: Cartesian DISPLAY_TYPE.strip() = ''. Removing attribute DISPLAY_TYPE.
  label_temp: label_temp DISPLAY_TYPE.strip() = ''. Removing attribute DISPLAY_TYPE.
L1_K0_SPA | ISTP.DISPLAY_TYPE.Empty:
  Epoch: Epoch DISPLAY_TYPE.strip() = ''. Removing attribute DISPLAY_TYPE.
  Time_PB5: Time_PB5 DISPLAY_TYPE.strip() = ''. Removing attribute DISPLAY_TYPE.
  sc_loc: sc_loc DISPLAY_TYPE.strip() = ''. Removing attribute DISPLAY_TYPE.
  spa_e_temp: spa_e_temp DISPLAY_TYPE.strip() = ''. Removing attribute DISPLAY_TYPE.
  spa_p_temp: spa_p_temp DISPLAY_TYPE.strip() = ''. Removing attribute DISPLAY_TYPE.
  spa_e_dens: spa_e_dens DISPLAY_TYPE.strip() = ''. Removing attribute DISPLAY_TYPE.
  spa_p_dens: spa_p_dens DISPLAY_TYPE.strip() = ''. Removing attribute DISPLAY_TYPE.
  spa_a_flux: spa_a_flux DISPLAY_TYPE.strip() = ''. Removing attribute DISPLAY_TYPE.
  spa_hvy_flx: spa_hvy_flx DISPLAY_TYPE.strip() = ''. Removing attribute DISPLAY_TYPE.
  spa_e_flx: spa_e_flx DISPLAY_TYPE.strip() = ''. Removing attribute DISPLAY_TYPE.
  spa_p_flx: spa_p_flx DISPLAY_TYPE.strip() = ''. Removing attribute DISPLAY_TYPE.
  label_time: label_time DISPLAY_TYPE.strip() = ''. Removing attribute DISPLAY_TYPE.
  unit_time: unit_time DISPLAY_TYPE.strip() = ''. Removing attribute DISPLAY_TYPE.
  format_time: format_time DISPLAY_TYPE.strip() = ''. Removing attribute DISPLAY_TYPE.
  Polar: Polar DISPLAY_TYPE.strip() = ''. Removing attribute DISPLAY_TYPE.
  unit_pos: unit_pos DISPLAY_TYPE.strip() = ''. Removing attribute DISPLAY_TYPE.
  ENERGY_E: ENERGY_E DISPLAY_TYPE.strip() = ''. Removing attribute DISPLAY_TYPE.
  ENERGY_P: ENERGY_P DISPLAY_TYPE.strip() = ''. Removing attribute DISPLAY_TYPE.
  E_MINUS: E_MINUS DISPLAY_TYPE.strip() = ''. Removing attribute DISPLAY_TYPE.
  E_PLUS: E_PLUS DISPLAY_TYPE.strip() = ''. Removing attribute DISPLAY_TYPE.
  P_MINUS: P_MINUS DISPLAY_TYPE.strip() = ''. Removing attribute DISPLAY_TYPE.
  P_PLUS: P_PLUS DISPLAY_TYPE.strip() = ''. Removing attribute DISPLAY_TYPE.
  E_DQF: E_DQF DISPLAY_TYPE.strip() = ''. Removing attribute DISPLAY_TYPE.
  P_DQF: P_DQF DISPLAY_TYPE.strip() = ''. Removing attribute DISPLAY_TYPE.
  ET_DQF: ET_DQF DISPLAY_TYPE.strip() = ''. Removing attribute DISPLAY_TYPE.
  ED_DQF: ED_DQF DISPLAY_TYPE.strip() = ''. Removing attribute DISPLAY_TYPE.
  PT_DQF: PT_DQF DISPLAY_TYPE.strip() = ''. Removing attribute DISPLAY_TYPE.
  PD_DQF: PD_DQF DISPLAY_TYPE.strip() = ''. Removing attribute DISPLAY_TYPE.
  A_DQF: A_DQF DISPLAY_TYPE.strip() = ''. Removing attribute DISPLAY_TYPE.
  CNO_DQF: CNO_DQF DISPLAY_TYPE.strip() = ''. Removing attribute DISPLAY_TYPE.
  E_FLUX_LABL: E_FLUX_LABL DISPLAY_TYPE.strip() = ''. Removing attribute DISPLAY_TYPE.
  P_FLUX_LABL: P_FLUX_LABL DISPLAY_TYPE.strip() = ''. Removing attribute DISPLAY_TYPE.
  format_pos: format_pos DISPLAY_TYPE.strip() = ''. Removing attribute DISPLAY_TYPE.
  FLUX_FORM: FLUX_FORM DISPLAY_TYPE.strip() = ''. Removing attribute DISPLAY_TYPE.
  E_DENS_LABL: E_DENS_LABL DISPLAY_TYPE.strip() = ''. Removing attribute DISPLAY_TYPE.
  P_DENS_LABL: P_DENS_LABL DISPLAY_TYPE.strip() = ''. Removing attribute DISPLAY_TYPE.
  DENS_FORM: DENS_FORM DISPLAY_TYPE.strip() = ''. Removing attribute DISPLAY_TYPE.
  E_TEMP_LABL: E_TEMP_LABL DISPLAY_TYPE.strip() = ''. Removing attribute DISPLAY_TYPE.
  P_TEMP_LABL: P_TEMP_LABL DISPLAY_TYPE.strip() = ''. Removing attribute DISPLAY_TYPE.
  TEMP_FORM: TEMP_FORM DISPLAY_TYPE.strip() = ''. Removing attribute DISPLAY_TYPE.
  E_DQF_LABL: E_DQF_LABL DISPLAY_TYPE.strip() = ''. Removing attribute DISPLAY_TYPE.
  P_DQF_LABL: P_DQF_LABL DISPLAY_TYPE.strip() = ''. Removing attribute DISPLAY_TYPE.
  ET_DQ_LB: ET_DQ_LB DISPLAY_TYPE.strip() = ''. Removing attribute DISPLAY_TYPE.
  PT_DQF_LABL: PT_DQF_LABL DISPLAY_TYPE.strip() = ''. Removing attribute DISPLAY_TYPE.
  ED_DQF_LABL: ED_DQF_LABL DISPLAY_TYPE.strip() = ''. Removing attribute DISPLAY_TYPE.
  PD_DQF_LABL: PD_DQF_LABL DISPLAY_TYPE.strip() = ''. Removing attribute DISPLAY_TYPE.
  POST_GAP_FLAG: POST_GAP_FLAG DISPLAY_TYPE.strip() = ''. Removing attribute DISPLAY_TYPE.
L4_K0_MPA | ISTP.DISPLAY_TYPE.Empty:
  Epoch: Epoch DISPLAY_TYPE.strip() = ''. Removing attribute DISPLAY_TYPE.
  Time_PB5: Time_PB5 DISPLAY_TYPE.strip() = ''. Removing attribute DISPLAY_TYPE.
  dens_lop: dens_lop DISPLAY_TYPE.strip() = ''. Removing attribute DISPLAY_TYPE.
  vel_lop: vel_lop DISPLAY_TYPE.strip() = ''. Removing attribute DISPLAY_TYPE.
  temp_lop: temp_lop DISPLAY_TYPE.strip() = ''. Removing attribute DISPLAY_TYPE.
  tratio_lop: tratio_lop DISPLAY_TYPE.strip() = ''. Removing attribute DISPLAY_TYPE.
  dens_hip: dens_hip DISPLAY_TYPE.strip() = ''. Removing attribute DISPLAY_TYPE.
  vel_hip: vel_hip DISPLAY_TYPE.strip() = ''. Removing attribute DISPLAY_TYPE.
  temp_hip: temp_hip DISPLAY_TYPE.strip() = ''. Removing attribute DISPLAY_TYPE.
  theta_phi_hip: theta_phi_hip DISPLAY_TYPE.strip() = ''. Removing attribute DISPLAY_TYPE.
  tratio_hip: tratio_hip DISPLAY_TYPE.strip() = ''. Removing attribute DISPLAY_TYPE.
  dens_e: dens_e DISPLAY_TYPE.strip() = ''. Removing attribute DISPLAY_TYPE.
  temp_e: temp_e DISPLAY_TYPE.strip() = ''. Removing attribute DISPLAY_TYPE.
  theta_phi_e: theta_phi_e DISPLAY_TYPE.strip() = ''. Removing attribute DISPLAY_TYPE.
  tratio_e: tratio_e DISPLAY_TYPE.strip() = ''. Removing attribute DISPLAY_TYPE.
  sc_pot: sc_pot DISPLAY_TYPE.strip() = ''. Removing attribute DISPLAY_TYPE.
  bkgd: bkgd DISPLAY_TYPE.strip() = ''. Removing attribute DISPLAY_TYPE.
  sc_pos_geo: sc_pos_geo DISPLAY_TYPE.strip() = ''. Removing attribute DISPLAY_TYPE.
  sc_pos_mag: sc_pos_mag DISPLAY_TYPE.strip() = ''. Removing attribute DISPLAY_TYPE.
  qual_flag: qual_flag DISPLAY_TYPE.strip() = ''. Removing attribute DISPLAY_TYPE.
  gap_flag: gap_flag DISPLAY_TYPE.strip() = ''. Removing attribute DISPLAY_TYPE.
  label_time: label_time DISPLAY_TYPE.strip() = ''. Removing attribute DISPLAY_TYPE.
  unit_time: unit_time DISPLAY_TYPE.strip() = ''. Removing attribute DISPLAY_TYPE.
  format_time: format_time DISPLAY_TYPE.strip() = ''. Removing attribute DISPLAY_TYPE.
  offset_time: offset_time DISPLAY_TYPE.strip() = ''. Removing attribute DISPLAY_TYPE.
  label_pos_l: label_pos_l DISPLAY_TYPE.strip() = ''. Removing attribute DISPLAY_TYPE.
  unit_pos_l: unit_pos_l DISPLAY_TYPE.strip() = ''. Removing attribute DISPLAY_TYPE.
  angle_pos_l: angle_pos_l DISPLAY_TYPE.strip() = ''. Removing attribute DISPLAY_TYPE.
  label_possyn_l: label_possyn_l DISPLAY_TYPE.strip() = ''. Removing attribute DISPLAY_TYPE.
  unit_possyn_l: unit_possyn_l DISPLAY_TYPE.strip() = ''. Removing attribute DISPLAY_TYPE.
  angle_possyn_l: angle_possyn_l DISPLAY_TYPE.strip() = ''. Removing attribute DISPLAY_TYPE.
  label_pos_m: label_pos_m DISPLAY_TYPE.strip() = ''. Removing attribute DISPLAY_TYPE.
  unit_pos_m: unit_pos_m DISPLAY_TYPE.strip() = ''. Removing attribute DISPLAY_TYPE.
  angle_pos_m: angle_pos_m DISPLAY_TYPE.strip() = ''. Removing attribute DISPLAY_TYPE.
  label_theta_phi: label_theta_phi DISPLAY_TYPE.strip() = ''. Removing attribute DISPLAY_TYPE.
  label_vel: label_vel DISPLAY_TYPE.strip() = ''. Removing attribute DISPLAY_TYPE.
  Cartesian: Cartesian DISPLAY_TYPE.strip() = ''. Removing attribute DISPLAY_TYPE.
  label_temp: label_temp DISPLAY_TYPE.strip() = ''. Removing attribute DISPLAY_TYPE.
L4_K0_SPA | ISTP.DISPLAY_TYPE.Empty:
  Epoch: Epoch DISPLAY_TYPE.strip() = ''. Removing attribute DISPLAY_TYPE.
  Time_PB5: Time_PB5 DISPLAY_TYPE.strip() = ''. Removing attribute DISPLAY_TYPE.
  sc_loc: sc_loc DISPLAY_TYPE.strip() = ''. Removing attribute DISPLAY_TYPE.
  spa_e_temp: spa_e_temp DISPLAY_TYPE.strip() = ''. Removing attribute DISPLAY_TYPE.
  spa_p_temp: spa_p_temp DISPLAY_TYPE.strip() = ''. Removing attribute DISPLAY_TYPE.
  spa_e_dens: spa_e_dens DISPLAY_TYPE.strip() = ''. Removing attribute DISPLAY_TYPE.
  spa_p_dens: spa_p_dens DISPLAY_TYPE.strip() = ''. Removing attribute DISPLAY_TYPE.
  spa_a_flux: spa_a_flux DISPLAY_TYPE.strip() = ''. Removing attribute DISPLAY_TYPE.
  spa_hvy_flx: spa_hvy_flx DISPLAY_TYPE.strip() = ''. Removing attribute DISPLAY_TYPE.
  spa_e_flx: spa_e_flx DISPLAY_TYPE.strip() = ''. Removing attribute DISPLAY_TYPE.
  spa_p_flx: spa_p_flx DISPLAY_TYPE.strip() = ''. Removing attribute DISPLAY_TYPE.
  label_time: label_time DISPLAY_TYPE.strip() = ''. Removing attribute DISPLAY_TYPE.
  unit_time: unit_time DISPLAY_TYPE.strip() = ''. Removing attribute DISPLAY_TYPE.
  format_time: format_time DISPLAY_TYPE.strip() = ''. Removing attribute DISPLAY_TYPE.
  Polar: Polar DISPLAY_TYPE.strip() = ''. Removing attribute DISPLAY_TYPE.
  unit_pos: unit_pos DISPLAY_TYPE.strip() = ''. Removing attribute DISPLAY_TYPE.
  ENERGY_E: ENERGY_E DISPLAY_TYPE.strip() = ''. Removing attribute DISPLAY_TYPE.
  ENERGY_P: ENERGY_P DISPLAY_TYPE.strip() = ''. Removing attribute DISPLAY_TYPE.
  E_MINUS: E_MINUS DISPLAY_TYPE.strip() = ''. Removing attribute DISPLAY_TYPE.
  E_PLUS: E_PLUS DISPLAY_TYPE.strip() = ''. Removing attribute DISPLAY_TYPE.
  P_MINUS: P_MINUS DISPLAY_TYPE.strip() = ''. Removing attribute DISPLAY_TYPE.
  P_PLUS: P_PLUS DISPLAY_TYPE.strip() = ''. Removing attribute DISPLAY_TYPE.
  E_DQF: E_DQF DISPLAY_TYPE.strip() = ''. Removing attribute DISPLAY_TYPE.
  P_DQF: P_DQF DISPLAY_TYPE.strip() = ''. Removing attribute DISPLAY_TYPE.
  ET_DQF: ET_DQF DISPLAY_TYPE.strip() = ''. Removing attribute DISPLAY_TYPE.
  ED_DQF: ED_DQF DISPLAY_TYPE.strip() = ''. Removing attribute DISPLAY_TYPE.
  PT_DQF: PT_DQF DISPLAY_TYPE.strip() = ''. Removing attribute DISPLAY_TYPE.
  PD_DQF: PD_DQF DISPLAY_TYPE.strip() = ''. Removing attribute DISPLAY_TYPE.
  A_DQF: A_DQF DISPLAY_TYPE.strip() = ''. Removing attribute DISPLAY_TYPE.
  CNO_DQF: CNO_DQF DISPLAY_TYPE.strip() = ''. Removing attribute DISPLAY_TYPE.
  E_FLUX_LABL: E_FLUX_LABL DISPLAY_TYPE.strip() = ''. Removing attribute DISPLAY_TYPE.
  P_FLUX_LABL: P_FLUX_LABL DISPLAY_TYPE.strip() = ''. Removing attribute DISPLAY_TYPE.
  format_pos: format_pos DISPLAY_TYPE.strip() = ''. Removing attribute DISPLAY_TYPE.
  FLUX_FORM: FLUX_FORM DISPLAY_TYPE.strip() = ''. Removing attribute DISPLAY_TYPE.
  E_DENS_LABL: E_DENS_LABL DISPLAY_TYPE.strip() = ''. Removing attribute DISPLAY_TYPE.
  P_DENS_LABL: P_DENS_LABL DISPLAY_TYPE.strip() = ''. Removing attribute DISPLAY_TYPE.
  DENS_FORM: DENS_FORM DISPLAY_TYPE.strip() = ''. Removing attribute DISPLAY_TYPE.
  E_TEMP_LABL: E_TEMP_LABL DISPLAY_TYPE.strip() = ''. Removing attribute DISPLAY_TYPE.
  P_TEMP_LABL: P_TEMP_LABL DISPLAY_TYPE.strip() = ''. Removing attribute DISPLAY_TYPE.
  TEMP_FORM: TEMP_FORM DISPLAY_TYPE.strip() = ''. Removing attribute DISPLAY_TYPE.
  E_DQF_LABL: E_DQF_LABL DISPLAY_TYPE.strip() = ''. Removing attribute DISPLAY_TYPE.
  P_DQF_LABL: P_DQF_LABL DISPLAY_TYPE.strip() = ''. Removing attribute DISPLAY_TYPE.
  ET_DQ_LB: ET_DQ_LB DISPLAY_TYPE.strip() = ''. Removing attribute DISPLAY_TYPE.
  PT_DQF_LABL: PT_DQF_LABL DISPLAY_TYPE.strip() = ''. Removing attribute DISPLAY_TYPE.
  ED_DQF_LABL: ED_DQF_LABL DISPLAY_TYPE.strip() = ''. Removing attribute DISPLAY_TYPE.
  PD_DQF_LABL: PD_DQF_LABL DISPLAY_TYPE.strip() = ''. Removing attribute DISPLAY_TYPE.
  POST_GAP_FLAG: POST_GAP_FLAG DISPLAY_TYPE.strip() = ''. Removing attribute DISPLAY_TYPE.
L7_H0_MPA | ISTP.DISPLAY_TYPE.Empty:
  Theta_l: Theta_l DISPLAY_TYPE.strip() = ''. Removing attribute DISPLAY_TYPE.
  Theta_u: Theta_u DISPLAY_TYPE.strip() = ''. Removing attribute DISPLAY_TYPE.
  etimesg: etimesg DISPLAY_TYPE.strip() = ''. Removing attribute DISPLAY_TYPE.
  ecp: ecp DISPLAY_TYPE.strip() = ''. Removing attribute DISPLAY_TYPE.
  ece: ece DISPLAY_TYPE.strip() = ''. Removing attribute DISPLAY_TYPE.
  effecp: effecp DISPLAY_TYPE.strip() = ''. Removing attribute DISPLAY_TYPE.
  effece: effece DISPLAY_TYPE.strip() = ''. Removing attribute DISPLAY_TYPE.
  Epoch: Epoch DISPLAY_TYPE.strip() = ''. Removing attribute DISPLAY_TYPE.
  Uthours: Uthours DISPLAY_TYPE.strip() = ''. Removing attribute DISPLAY_TYPE.
  Inval_mf: Inval_mf DISPLAY_TYPE.strip() = ''. Removing attribute DISPLAY_TYPE.
  xyzgeo: xyzgeo DISPLAY_TYPE.strip() = ''. Removing attribute DISPLAY_TYPE.
  backgrd: backgrd DISPLAY_TYPE.strip() = ''. Removing attribute DISPLAY_TYPE.
  Poten: Poten DISPLAY_TYPE.strip() = ''. Removing attribute DISPLAY_TYPE.
  Flags: Flags DISPLAY_TYPE.strip() = ''. Removing attribute DISPLAY_TYPE.
  Azanglp: Azanglp DISPLAY_TYPE.strip() = ''. Removing attribute DISPLAY_TYPE.
  Azangle: Azangle DISPLAY_TYPE.strip() = ''. Removing attribute DISPLAY_TYPE.
  Pcounts: Pcounts DISPLAY_TYPE.strip() = ''. Removing attribute DISPLAY_TYPE.
  Ecounts: Ecounts DISPLAY_TYPE.strip() = ''. Removing attribute DISPLAY_TYPE.
  dens_lop: dens_lop DISPLAY_TYPE.strip() = ''. Removing attribute DISPLAY_TYPE.
  vel_lop: vel_lop DISPLAY_TYPE.strip() = ''. Removing attribute DISPLAY_TYPE.
  dens_hip: dens_hip DISPLAY_TYPE.strip() = ''. Removing attribute DISPLAY_TYPE.
  temp_hip: temp_hip DISPLAY_TYPE.strip() = ''. Removing attribute DISPLAY_TYPE.
  thetaphi_hip: thetaphi_hip DISPLAY_TYPE.strip() = ''. Removing attribute DISPLAY_TYPE.
  dens_e: dens_e DISPLAY_TYPE.strip() = ''. Removing attribute DISPLAY_TYPE.
  temp_e: temp_e DISPLAY_TYPE.strip() = ''. Removing attribute DISPLAY_TYPE.
  thetaphi_e: thetaphi_e DISPLAY_TYPE.strip() = ''. Removing attribute DISPLAY_TYPE.
  label_xyz: label_xyz DISPLAY_TYPE.strip() = ''. Removing attribute DISPLAY_TYPE.
L7_K0_MPA | ISTP.DISPLAY_TYPE.Empty:
  Epoch: Epoch DISPLAY_TYPE.strip() = ''. Removing attribute DISPLAY_TYPE.
  Time_PB5: Time_PB5 DISPLAY_TYPE.strip() = ''. Removing attribute DISPLAY_TYPE.
  dens_lop: dens_lop DISPLAY_TYPE.strip() = ''. Removing attribute DISPLAY_TYPE.
  vel_lop: vel_lop DISPLAY_TYPE.strip() = ''. Removing attribute DISPLAY_TYPE.
  temp_lop: temp_lop DISPLAY_TYPE.strip() = ''. Removing attribute DISPLAY_TYPE.
  tratio_lop: tratio_lop DISPLAY_TYPE.strip() = ''. Removing attribute DISPLAY_TYPE.
  dens_hip: dens_hip DISPLAY_TYPE.strip() = ''. Removing attribute DISPLAY_TYPE.
  vel_hip: vel_hip DISPLAY_TYPE.strip() = ''. Removing attribute DISPLAY_TYPE.
  temp_hip: temp_hip DISPLAY_TYPE.strip() = ''. Removing attribute DISPLAY_TYPE.
  theta_phi_hip: theta_phi_hip DISPLAY_TYPE.strip() = ''. Removing attribute DISPLAY_TYPE.
  tratio_hip: tratio_hip DISPLAY_TYPE.strip() = ''. Removing attribute DISPLAY_TYPE.
  dens_e: dens_e DISPLAY_TYPE.strip() = ''. Removing attribute DISPLAY_TYPE.
  temp_e: temp_e DISPLAY_TYPE.strip() = ''. Removing attribute DISPLAY_TYPE.
  theta_phi_e: theta_phi_e DISPLAY_TYPE.strip() = ''. Removing attribute DISPLAY_TYPE.
  tratio_e: tratio_e DISPLAY_TYPE.strip() = ''. Removing attribute DISPLAY_TYPE.
  sc_pot: sc_pot DISPLAY_TYPE.strip() = ''. Removing attribute DISPLAY_TYPE.
  bkgd: bkgd DISPLAY_TYPE.strip() = ''. Removing attribute DISPLAY_TYPE.
  sc_pos_geo: sc_pos_geo DISPLAY_TYPE.strip() = ''. Removing attribute DISPLAY_TYPE.
  sc_pos_mag: sc_pos_mag DISPLAY_TYPE.strip() = ''. Removing attribute DISPLAY_TYPE.
  qual_flag: qual_flag DISPLAY_TYPE.strip() = ''. Removing attribute DISPLAY_TYPE.
  gap_flag: gap_flag DISPLAY_TYPE.strip() = ''. Removing attribute DISPLAY_TYPE.
  label_time: label_time DISPLAY_TYPE.strip() = ''. Removing attribute DISPLAY_TYPE.
  unit_time: unit_time DISPLAY_TYPE.strip() = ''. Removing attribute DISPLAY_TYPE.
  format_time: format_time DISPLAY_TYPE.strip() = ''. Removing attribute DISPLAY_TYPE.
  offset_time: offset_time DISPLAY_TYPE.strip() = ''. Removing attribute DISPLAY_TYPE.
  label_pos_l: label_pos_l DISPLAY_TYPE.strip() = ''. Removing attribute DISPLAY_TYPE.
  unit_pos_l: unit_pos_l DISPLAY_TYPE.strip() = ''. Removing attribute DISPLAY_TYPE.
  angle_pos_l: angle_pos_l DISPLAY_TYPE.strip() = ''. Removing attribute DISPLAY_TYPE.
  label_possyn_l: label_possyn_l DISPLAY_TYPE.strip() = ''. Removing attribute DISPLAY_TYPE.
  unit_possyn_l: unit_possyn_l DISPLAY_TYPE.strip() = ''. Removing attribute DISPLAY_TYPE.
  angle_possyn_l: angle_possyn_l DISPLAY_TYPE.strip() = ''. Removing attribute DISPLAY_TYPE.
  label_pos_m: label_pos_m DISPLAY_TYPE.strip() = ''. Removing attribute DISPLAY_TYPE.
  unit_pos_m: unit_pos_m DISPLAY_TYPE.strip() = ''. Removing attribute DISPLAY_TYPE.
  angle_pos_m: angle_pos_m DISPLAY_TYPE.strip() = ''. Removing attribute DISPLAY_TYPE.
  label_theta_phi: label_theta_phi DISPLAY_TYPE.strip() = ''. Removing attribute DISPLAY_TYPE.
  label_vel: label_vel DISPLAY_TYPE.strip() = ''. Removing attribute DISPLAY_TYPE.
  Cartesian: Cartesian DISPLAY_TYPE.strip() = ''. Removing attribute DISPLAY_TYPE.
  label_temp: label_temp DISPLAY_TYPE.strip() = ''. Removing attribute DISPLAY_TYPE.
L7_K0_SPA | ISTP.DISPLAY_TYPE.Empty:
  Epoch: Epoch DISPLAY_TYPE.strip() = ''. Removing attribute DISPLAY_TYPE.
  Time_PB5: Time_PB5 DISPLAY_TYPE.strip() = ''. Removing attribute DISPLAY_TYPE.
  sc_loc: sc_loc DISPLAY_TYPE.strip() = ''. Removing attribute DISPLAY_TYPE.
  spa_e_temp: spa_e_temp DISPLAY_TYPE.strip() = ''. Removing attribute DISPLAY_TYPE.
  spa_p_temp: spa_p_temp DISPLAY_TYPE.strip() = ''. Removing attribute DISPLAY_TYPE.
  spa_e_dens: spa_e_dens DISPLAY_TYPE.strip() = ''. Removing attribute DISPLAY_TYPE.
  spa_p_dens: spa_p_dens DISPLAY_TYPE.strip() = ''. Removing attribute DISPLAY_TYPE.
  spa_a_flux: spa_a_flux DISPLAY_TYPE.strip() = ''. Removing attribute DISPLAY_TYPE.
  spa_hvy_flx: spa_hvy_flx DISPLAY_TYPE.strip() = ''. Removing attribute DISPLAY_TYPE.
  spa_e_flx: spa_e_flx DISPLAY_TYPE.strip() = ''. Removing attribute DISPLAY_TYPE.
  spa_p_flx: spa_p_flx DISPLAY_TYPE.strip() = ''. Removing attribute DISPLAY_TYPE.
  label_time: label_time DISPLAY_TYPE.strip() = ''. Removing attribute DISPLAY_TYPE.
  unit_time: unit_time DISPLAY_TYPE.strip() = ''. Removing attribute DISPLAY_TYPE.
  format_time: format_time DISPLAY_TYPE.strip() = ''. Removing attribute DISPLAY_TYPE.
  Polar: Polar DISPLAY_TYPE.strip() = ''. Removing attribute DISPLAY_TYPE.
  unit_pos: unit_pos DISPLAY_TYPE.strip() = ''. Removing attribute DISPLAY_TYPE.
  ENERGY_E: ENERGY_E DISPLAY_TYPE.strip() = ''. Removing attribute DISPLAY_TYPE.
  ENERGY_P: ENERGY_P DISPLAY_TYPE.strip() = ''. Removing attribute DISPLAY_TYPE.
  E_MINUS: E_MINUS DISPLAY_TYPE.strip() = ''. Removing attribute DISPLAY_TYPE.
  E_PLUS: E_PLUS DISPLAY_TYPE.strip() = ''. Removing attribute DISPLAY_TYPE.
  P_MINUS: P_MINUS DISPLAY_TYPE.strip() = ''. Removing attribute DISPLAY_TYPE.
  P_PLUS: P_PLUS DISPLAY_TYPE.strip() = ''. Removing attribute DISPLAY_TYPE.
  E_DQF: E_DQF DISPLAY_TYPE.strip() = ''. Removing attribute DISPLAY_TYPE.
  P_DQF: P_DQF DISPLAY_TYPE.strip() = ''. Removing attribute DISPLAY_TYPE.
  ET_DQF: ET_DQF DISPLAY_TYPE.strip() = ''. Removing attribute DISPLAY_TYPE.
  ED_DQF: ED_DQF DISPLAY_TYPE.strip() = ''. Removing attribute DISPLAY_TYPE.
  PT_DQF: PT_DQF DISPLAY_TYPE.strip() = ''. Removing attribute DISPLAY_TYPE.
  PD_DQF: PD_DQF DISPLAY_TYPE.strip() = ''. Removing attribute DISPLAY_TYPE.
  A_DQF: A_DQF DISPLAY_TYPE.strip() = ''. Removing attribute DISPLAY_TYPE.
  CNO_DQF: CNO_DQF DISPLAY_TYPE.strip() = ''. Removing attribute DISPLAY_TYPE.
  E_FLUX_LABL: E_FLUX_LABL DISPLAY_TYPE.strip() = ''. Removing attribute DISPLAY_TYPE.
  P_FLUX_LABL: P_FLUX_LABL DISPLAY_TYPE.strip() = ''. Removing attribute DISPLAY_TYPE.
  format_pos: format_pos DISPLAY_TYPE.strip() = ''. Removing attribute DISPLAY_TYPE.
  FLUX_FORM: FLUX_FORM DISPLAY_TYPE.strip() = ''. Removing attribute DISPLAY_TYPE.
  E_DENS_LABL: E_DENS_LABL DISPLAY_TYPE.strip() = ''. Removing attribute DISPLAY_TYPE.
  P_DENS_LABL: P_DENS_LABL DISPLAY_TYPE.strip() = ''. Removing attribute DISPLAY_TYPE.
  DENS_FORM: DENS_FORM DISPLAY_TYPE.strip() = ''. Removing attribute DISPLAY_TYPE.
  E_TEMP_LABL: E_TEMP_LABL DISPLAY_TYPE.strip() = ''. Removing attribute DISPLAY_TYPE.
  P_TEMP_LABL: P_TEMP_LABL DISPLAY_TYPE.strip() = ''. Removing attribute DISPLAY_TYPE.
  TEMP_FORM: TEMP_FORM DISPLAY_TYPE.strip() = ''. Removing attribute DISPLAY_TYPE.
  E_DQF_LABL: E_DQF_LABL DISPLAY_TYPE.strip() = ''. Removing attribute DISPLAY_TYPE.
  P_DQF_LABL: P_DQF_LABL DISPLAY_TYPE.strip() = ''. Removing attribute DISPLAY_TYPE.
  ET_DQ_LB: ET_DQ_LB DISPLAY_TYPE.strip() = ''. Removing attribute DISPLAY_TYPE.
  PT_DQF_LABL: PT_DQF_LABL DISPLAY_TYPE.strip() = ''. Removing attribute DISPLAY_TYPE.
  ED_DQF_LABL: ED_DQF_LABL DISPLAY_TYPE.strip() = ''. Removing attribute DISPLAY_TYPE.
  PD_DQF_LABL: PD_DQF_LABL DISPLAY_TYPE.strip() = ''. Removing attribute DISPLAY_TYPE.
  POST_GAP_FLAG: POST_GAP_FLAG DISPLAY_TYPE.strip() = ''. Removing attribute DISPLAY_TYPE.
L9_H0_MPA | ISTP.DISPLAY_TYPE.Empty:
  Theta_l: Theta_l DISPLAY_TYPE.strip() = ''. Removing attribute DISPLAY_TYPE.
  Theta_u: Theta_u DISPLAY_TYPE.strip() = ''. Removing attribute DISPLAY_TYPE.
  etimesg: etimesg DISPLAY_TYPE.strip() = ''. Removing attribute DISPLAY_TYPE.
  ecp: ecp DISPLAY_TYPE.strip() = ''. Removing attribute DISPLAY_TYPE.
  ece: ece DISPLAY_TYPE.strip() = ''. Removing attribute DISPLAY_TYPE.
  effecp: effecp DISPLAY_TYPE.strip() = ''. Removing attribute DISPLAY_TYPE.
  effece: effece DISPLAY_TYPE.strip() = ''. Removing attribute DISPLAY_TYPE.
  Epoch: Epoch DISPLAY_TYPE.strip() = ''. Removing attribute DISPLAY_TYPE.
  Uthours: Uthours DISPLAY_TYPE.strip() = ''. Removing attribute DISPLAY_TYPE.
  Inval_mf: Inval_mf DISPLAY_TYPE.strip() = ''. Removing attribute DISPLAY_TYPE.
  xyzgeo: xyzgeo DISPLAY_TYPE.strip() = ''. Removing attribute DISPLAY_TYPE.
  backgrd: backgrd DISPLAY_TYPE.strip() = ''. Removing attribute DISPLAY_TYPE.
  Poten: Poten DISPLAY_TYPE.strip() = ''. Removing attribute DISPLAY_TYPE.
  Flags: Flags DISPLAY_TYPE.strip() = ''. Removing attribute DISPLAY_TYPE.
  Azanglp: Azanglp DISPLAY_TYPE.strip() = ''. Removing attribute DISPLAY_TYPE.
  Azangle: Azangle DISPLAY_TYPE.strip() = ''. Removing attribute DISPLAY_TYPE.
  Pcounts: Pcounts DISPLAY_TYPE.strip() = ''. Removing attribute DISPLAY_TYPE.
  Ecounts: Ecounts DISPLAY_TYPE.strip() = ''. Removing attribute DISPLAY_TYPE.
  dens_lop: dens_lop DISPLAY_TYPE.strip() = ''. Removing attribute DISPLAY_TYPE.
  vel_lop: vel_lop DISPLAY_TYPE.strip() = ''. Removing attribute DISPLAY_TYPE.
  dens_hip: dens_hip DISPLAY_TYPE.strip() = ''. Removing attribute DISPLAY_TYPE.
  temp_hip: temp_hip DISPLAY_TYPE.strip() = ''. Removing attribute DISPLAY_TYPE.
  thetaphi_hip: thetaphi_hip DISPLAY_TYPE.strip() = ''. Removing attribute DISPLAY_TYPE.
  dens_e: dens_e DISPLAY_TYPE.strip() = ''. Removing attribute DISPLAY_TYPE.
  temp_e: temp_e DISPLAY_TYPE.strip() = ''. Removing attribute DISPLAY_TYPE.
  thetaphi_e: thetaphi_e DISPLAY_TYPE.strip() = ''. Removing attribute DISPLAY_TYPE.
L9_K0_MPA | ISTP.DISPLAY_TYPE.Empty:
  Epoch: Epoch DISPLAY_TYPE.strip() = ''. Removing attribute DISPLAY_TYPE.
  Time_PB5: Time_PB5 DISPLAY_TYPE.strip() = ''. Removing attribute DISPLAY_TYPE.
  dens_lop: dens_lop DISPLAY_TYPE.strip() = ''. Removing attribute DISPLAY_TYPE.
  vel_lop: vel_lop DISPLAY_TYPE.strip() = ''. Removing attribute DISPLAY_TYPE.
  temp_lop: temp_lop DISPLAY_TYPE.strip() = ''. Removing attribute DISPLAY_TYPE.
  tratio_lop: tratio_lop DISPLAY_TYPE.strip() = ''. Removing attribute DISPLAY_TYPE.
  dens_hip: dens_hip DISPLAY_TYPE.strip() = ''. Removing attribute DISPLAY_TYPE.
  vel_hip: vel_hip DISPLAY_TYPE.strip() = ''. Removing attribute DISPLAY_TYPE.
  temp_hip: temp_hip DISPLAY_TYPE.strip() = ''. Removing attribute DISPLAY_TYPE.
  theta_phi_hip: theta_phi_hip DISPLAY_TYPE.strip() = ''. Removing attribute DISPLAY_TYPE.
  tratio_hip: tratio_hip DISPLAY_TYPE.strip() = ''. Removing attribute DISPLAY_TYPE.
  dens_e: dens_e DISPLAY_TYPE.strip() = ''. Removing attribute DISPLAY_TYPE.
  temp_e: temp_e DISPLAY_TYPE.strip() = ''. Removing attribute DISPLAY_TYPE.
  theta_phi_e: theta_phi_e DISPLAY_TYPE.strip() = ''. Removing attribute DISPLAY_TYPE.
  tratio_e: tratio_e DISPLAY_TYPE.strip() = ''. Removing attribute DISPLAY_TYPE.
  sc_pot: sc_pot DISPLAY_TYPE.strip() = ''. Removing attribute DISPLAY_TYPE.
  bkgd: bkgd DISPLAY_TYPE.strip() = ''. Removing attribute DISPLAY_TYPE.
  sc_pos_geo: sc_pos_geo DISPLAY_TYPE.strip() = ''. Removing attribute DISPLAY_TYPE.
  sc_pos_mag: sc_pos_mag DISPLAY_TYPE.strip() = ''. Removing attribute DISPLAY_TYPE.
  qual_flag: qual_flag DISPLAY_TYPE.strip() = ''. Removing attribute DISPLAY_TYPE.
  gap_flag: gap_flag DISPLAY_TYPE.strip() = ''. Removing attribute DISPLAY_TYPE.
  label_time: label_time DISPLAY_TYPE.strip() = ''. Removing attribute DISPLAY_TYPE.
  unit_time: unit_time DISPLAY_TYPE.strip() = ''. Removing attribute DISPLAY_TYPE.
  format_time: format_time DISPLAY_TYPE.strip() = ''. Removing attribute DISPLAY_TYPE.
  offset_time: offset_time DISPLAY_TYPE.strip() = ''. Removing attribute DISPLAY_TYPE.
  label_pos_l: label_pos_l DISPLAY_TYPE.strip() = ''. Removing attribute DISPLAY_TYPE.
  unit_pos_l: unit_pos_l DISPLAY_TYPE.strip() = ''. Removing attribute DISPLAY_TYPE.
  angle_pos_l: angle_pos_l DISPLAY_TYPE.strip() = ''. Removing attribute DISPLAY_TYPE.
  label_possyn_l: label_possyn_l DISPLAY_TYPE.strip() = ''. Removing attribute DISPLAY_TYPE.
  unit_possyn_l: unit_possyn_l DISPLAY_TYPE.strip() = ''. Removing attribute DISPLAY_TYPE.
  angle_possyn_l: angle_possyn_l DISPLAY_TYPE.strip() = ''. Removing attribute DISPLAY_TYPE.
  label_pos_m: label_pos_m DISPLAY_TYPE.strip() = ''. Removing attribute DISPLAY_TYPE.
  unit_pos_m: unit_pos_m DISPLAY_TYPE.strip() = ''. Removing attribute DISPLAY_TYPE.
  angle_pos_m: angle_pos_m DISPLAY_TYPE.strip() = ''. Removing attribute DISPLAY_TYPE.
  label_theta_phi: label_theta_phi DISPLAY_TYPE.strip() = ''. Removing attribute DISPLAY_TYPE.
  label_vel: label_vel DISPLAY_TYPE.strip() = ''. Removing attribute DISPLAY_TYPE.
  Cartesian: Cartesian DISPLAY_TYPE.strip() = ''. Removing attribute DISPLAY_TYPE.
  label_temp: label_temp DISPLAY_TYPE.strip() = ''. Removing attribute DISPLAY_TYPE.
L9_K0_SPA | ISTP.DISPLAY_TYPE.Empty:
  Epoch: Epoch DISPLAY_TYPE.strip() = ''. Removing attribute DISPLAY_TYPE.
  Time_PB5: Time_PB5 DISPLAY_TYPE.strip() = ''. Removing attribute DISPLAY_TYPE.
  sc_loc: sc_loc DISPLAY_TYPE.strip() = ''. Removing attribute DISPLAY_TYPE.
  spa_e_temp: spa_e_temp DISPLAY_TYPE.strip() = ''. Removing attribute DISPLAY_TYPE.
  spa_p_temp: spa_p_temp DISPLAY_TYPE.strip() = ''. Removing attribute DISPLAY_TYPE.
  spa_e_dens: spa_e_dens DISPLAY_TYPE.strip() = ''. Removing attribute DISPLAY_TYPE.
  spa_p_dens: spa_p_dens DISPLAY_TYPE.strip() = ''. Removing attribute DISPLAY_TYPE.
  spa_a_flux: spa_a_flux DISPLAY_TYPE.strip() = ''. Removing attribute DISPLAY_TYPE.
  spa_hvy_flx: spa_hvy_flx DISPLAY_TYPE.strip() = ''. Removing attribute DISPLAY_TYPE.
  spa_e_flx: spa_e_flx DISPLAY_TYPE.strip() = ''. Removing attribute DISPLAY_TYPE.
  spa_p_flx: spa_p_flx DISPLAY_TYPE.strip() = ''. Removing attribute DISPLAY_TYPE.
  label_time: label_time DISPLAY_TYPE.strip() = ''. Removing attribute DISPLAY_TYPE.
  unit_time: unit_time DISPLAY_TYPE.strip() = ''. Removing attribute DISPLAY_TYPE.
  format_time: format_time DISPLAY_TYPE.strip() = ''. Removing attribute DISPLAY_TYPE.
  Polar: Polar DISPLAY_TYPE.strip() = ''. Removing attribute DISPLAY_TYPE.
  unit_pos: unit_pos DISPLAY_TYPE.strip() = ''. Removing attribute DISPLAY_TYPE.
  ENERGY_E: ENERGY_E DISPLAY_TYPE.strip() = ''. Removing attribute DISPLAY_TYPE.
  ENERGY_P: ENERGY_P DISPLAY_TYPE.strip() = ''. Removing attribute DISPLAY_TYPE.
  E_MINUS: E_MINUS DISPLAY_TYPE.strip() = ''. Removing attribute DISPLAY_TYPE.
  E_PLUS: E_PLUS DISPLAY_TYPE.strip() = ''. Removing attribute DISPLAY_TYPE.
  P_MINUS: P_MINUS DISPLAY_TYPE.strip() = ''. Removing attribute DISPLAY_TYPE.
  P_PLUS: P_PLUS DISPLAY_TYPE.strip() = ''. Removing attribute DISPLAY_TYPE.
  E_DQF: E_DQF DISPLAY_TYPE.strip() = ''. Removing attribute DISPLAY_TYPE.
  P_DQF: P_DQF DISPLAY_TYPE.strip() = ''. Removing attribute DISPLAY_TYPE.
  ET_DQF: ET_DQF DISPLAY_TYPE.strip() = ''. Removing attribute DISPLAY_TYPE.
  ED_DQF: ED_DQF DISPLAY_TYPE.strip() = ''. Removing attribute DISPLAY_TYPE.
  PT_DQF: PT_DQF DISPLAY_TYPE.strip() = ''. Removing attribute DISPLAY_TYPE.
  PD_DQF: PD_DQF DISPLAY_TYPE.strip() = ''. Removing attribute DISPLAY_TYPE.
  A_DQF: A_DQF DISPLAY_TYPE.strip() = ''. Removing attribute DISPLAY_TYPE.
  CNO_DQF: CNO_DQF DISPLAY_TYPE.strip() = ''. Removing attribute DISPLAY_TYPE.
  E_FLUX_LABL: E_FLUX_LABL DISPLAY_TYPE.strip() = ''. Removing attribute DISPLAY_TYPE.
  P_FLUX_LABL: P_FLUX_LABL DISPLAY_TYPE.strip() = ''. Removing attribute DISPLAY_TYPE.
  format_pos: format_pos DISPLAY_TYPE.strip() = ''. Removing attribute DISPLAY_TYPE.
  FLUX_FORM: FLUX_FORM DISPLAY_TYPE.strip() = ''. Removing attribute DISPLAY_TYPE.
  E_DENS_LABL: E_DENS_LABL DISPLAY_TYPE.strip() = ''. Removing attribute DISPLAY_TYPE.
  P_DENS_LABL: P_DENS_LABL DISPLAY_TYPE.strip() = ''. Removing attribute DISPLAY_TYPE.
  DENS_FORM: DENS_FORM DISPLAY_TYPE.strip() = ''. Removing attribute DISPLAY_TYPE.
  E_TEMP_LABL: E_TEMP_LABL DISPLAY_TYPE.strip() = ''. Removing attribute DISPLAY_TYPE.
  P_TEMP_LABL: P_TEMP_LABL DISPLAY_TYPE.strip() = ''. Removing attribute DISPLAY_TYPE.
  TEMP_FORM: TEMP_FORM DISPLAY_TYPE.strip() = ''. Removing attribute DISPLAY_TYPE.
  E_DQF_LABL: E_DQF_LABL DISPLAY_TYPE.strip() = ''. Removing attribute DISPLAY_TYPE.
  P_DQF_LABL: P_DQF_LABL DISPLAY_TYPE.strip() = ''. Removing attribute DISPLAY_TYPE.
  ET_DQ_LB: ET_DQ_LB DISPLAY_TYPE.strip() = ''. Removing attribute DISPLAY_TYPE.
  PT_DQF_LABL: PT_DQF_LABL DISPLAY_TYPE.strip() = ''. Removing attribute DISPLAY_TYPE.
  ED_DQF_LABL: ED_DQF_LABL DISPLAY_TYPE.strip() = ''. Removing attribute DISPLAY_TYPE.
  PD_DQF_LABL: PD_DQF_LABL DISPLAY_TYPE.strip() = ''. Removing attribute DISPLAY_TYPE.
  POST_GAP_FLAG: POST_GAP_FLAG DISPLAY_TYPE.strip() = ''. Removing attribute DISPLAY_TYPE.
MARS_HELIO1DAY_POSITION | ISTP.DISPLAY_TYPE.Empty:
  Epoch: Epoch DISPLAY_TYPE.strip() = ''. Removing attribute DISPLAY_TYPE.
MARS_HELIO1HR_POSITION | ISTP.DISPLAY_TYPE.Empty:
  Epoch: Epoch DISPLAY_TYPE.strip() = ''. Removing attribute DISPLAY_TYPE.
MAVEN_HELIO1DAY_POSITION | ISTP.DISPLAY_TYPE.Empty:
  Epoch: Epoch DISPLAY_TYPE.strip() = ''. Removing attribute DISPLAY_TYPE.
MAVEN_HELIO1HR_POSITION | ISTP.DISPLAY_TYPE.Empty:
  Epoch: Epoch DISPLAY_TYPE.strip() = ''. Removing attribute DISPLAY_TYPE.
MERCURY_HELIO1DAY_POSITION | ISTP.DISPLAY_TYPE.Empty:
  Epoch: Epoch DISPLAY_TYPE.strip() = ''. Removing attribute DISPLAY_TYPE.
MERCURY_HELIO1HR_POSITION | ISTP.DISPLAY_TYPE.Empty:
  Epoch: Epoch DISPLAY_TYPE.strip() = ''. Removing attribute DISPLAY_TYPE.
MESSENGER_HELIO1DAY_POSITION | ISTP.DISPLAY_TYPE.Empty:
  Epoch: Epoch DISPLAY_TYPE.strip() = ''. Removing attribute DISPLAY_TYPE.
MESSENGER_HELIO1HR_POSITION | ISTP.DISPLAY_TYPE.Empty:
  Epoch: Epoch DISPLAY_TYPE.strip() = ''. Removing attribute DISPLAY_TYPE.
MMS1_DSP_FAST_L2_BPSD | ISTP.DISPLAY_TYPE.Empty:
  Epoch: Epoch DISPLAY_TYPE.strip() = ''. Removing attribute DISPLAY_TYPE.
MMS1_DSP_FAST_L2_EPSD | ISTP.DISPLAY_TYPE.Empty:
  Epoch_timetag: Epoch_timetag DISPLAY_TYPE.strip() = ''. Removing attribute DISPLAY_TYPE.
MMS1_DSP_SLOW_L2_BPSD | ISTP.DISPLAY_TYPE.Empty:
  Epoch: Epoch DISPLAY_TYPE.strip() = ''. Removing attribute DISPLAY_TYPE.
MMS1_DSP_SLOW_L2_EPSD | ISTP.DISPLAY_TYPE.Empty:
  Epoch_timetag: Epoch_timetag DISPLAY_TYPE.strip() = ''. Removing attribute DISPLAY_TYPE.
MMS1_HPCA_BRST_L2_ION | ISTP.DISPLAY_TYPE.Empty:
  Epoch: Epoch DISPLAY_TYPE.strip() = ''. Removing attribute DISPLAY_TYPE.
  Epoch_MINUS: Epoch_MINUS DISPLAY_TYPE.strip() = ''. Removing attribute DISPLAY_TYPE.
  Epoch_PLUS: Epoch_PLUS DISPLAY_TYPE.strip() = ''. Removing attribute DISPLAY_TYPE.
  mms1_hpca_polar_anode_number: mms1_hpca_polar_anode_number DISPLAY_TYPE.strip() = ''. Removing attribute DISPLAY_TYPE.
  mms1_hpca_polar_anode_number_int2: mms1_hpca_polar_anode_number_int2 DISPLAY_TYPE.strip() = ''. Removing attribute DISPLAY_TYPE.
  mms1_hpca_centroid_elevation_angle: mms1_hpca_centroid_elevation_angle DISPLAY_TYPE.strip() = ''. Removing attribute DISPLAY_TYPE.
  mms1_hpca_sweep_table_number: mms1_hpca_sweep_table_number DISPLAY_TYPE.strip() = ''. Removing attribute DISPLAY_TYPE.
  mms1_hpca_start_azimuth: mms1_hpca_start_azimuth DISPLAY_TYPE.strip() = ''. Removing attribute DISPLAY_TYPE.
  mms1_hpca_ion_energy: mms1_hpca_ion_energy DISPLAY_TYPE.strip() = ''. Removing attribute DISPLAY_TYPE.
  Epoch_Angles: Epoch_Angles DISPLAY_TYPE.strip() = ''. Removing attribute DISPLAY_TYPE.
  Epoch_MINUS_Angles: Epoch_MINUS_Angles DISPLAY_TYPE.strip() = ''. Removing attribute DISPLAY_TYPE.
  Epoch_PLUS_Angles: Epoch_PLUS_Angles DISPLAY_TYPE.strip() = ''. Removing attribute DISPLAY_TYPE.
  mms1_hpca_azimuth_index: mms1_hpca_azimuth_index DISPLAY_TYPE.strip() = ''. Removing attribute DISPLAY_TYPE.
  mms1_hpca_energy_step_number: mms1_hpca_energy_step_number DISPLAY_TYPE.strip() = ''. Removing attribute DISPLAY_TYPE.
  mms1_hpca_acquisition_time: mms1_hpca_acquisition_time DISPLAY_TYPE.strip() = ''. Removing attribute DISPLAY_TYPE.
MMS1_HPCA_BRST_L2_MOMENTS | ISTP.DISPLAY_TYPE.Empty:
  Epoch: Epoch DISPLAY_TYPE.strip() = ''. Removing attribute DISPLAY_TYPE.
  Epoch_MINUS: Epoch_MINUS DISPLAY_TYPE.strip() = ''. Removing attribute DISPLAY_TYPE.
  Epoch_PLUS: Epoch_PLUS DISPLAY_TYPE.strip() = ''. Removing attribute DISPLAY_TYPE.
  mms1_hpca_ion_energy: mms1_hpca_ion_energy DISPLAY_TYPE.strip() = ''. Removing attribute DISPLAY_TYPE.
  mms1_hpca_sweep_table_number: mms1_hpca_sweep_table_number DISPLAY_TYPE.strip() = ''. Removing attribute DISPLAY_TYPE.
  mms1_hpca_science_mode: mms1_hpca_science_mode DISPLAY_TYPE.strip() = ''. Removing attribute DISPLAY_TYPE.
  index1: index1 DISPLAY_TYPE.strip() = ''. Removing attribute DISPLAY_TYPE.
  index2: index2 DISPLAY_TYPE.strip() = ''. Removing attribute DISPLAY_TYPE.
MMS1_HPCA_SRVY_L2_ION | ISTP.DISPLAY_TYPE.Empty:
  Epoch: Epoch DISPLAY_TYPE.strip() = ''. Removing attribute DISPLAY_TYPE.
  Epoch_MINUS: Epoch_MINUS DISPLAY_TYPE.strip() = ''. Removing attribute DISPLAY_TYPE.
  Epoch_PLUS: Epoch_PLUS DISPLAY_TYPE.strip() = ''. Removing attribute DISPLAY_TYPE.
  mms1_hpca_polar_anode_number: mms1_hpca_polar_anode_number DISPLAY_TYPE.strip() = ''. Removing attribute DISPLAY_TYPE.
  mms1_hpca_polar_anode_number_int2: mms1_hpca_polar_anode_number_int2 DISPLAY_TYPE.strip() = ''. Removing attribute DISPLAY_TYPE.
  mms1_hpca_centroid_elevation_angle: mms1_hpca_centroid_elevation_angle DISPLAY_TYPE.strip() = ''. Removing attribute DISPLAY_TYPE.
  mms1_hpca_sweep_table_number: mms1_hpca_sweep_table_number DISPLAY_TYPE.strip() = ''. Removing attribute DISPLAY_TYPE.
  mms1_hpca_start_azimuth: mms1_hpca_start_azimuth DISPLAY_TYPE.strip() = ''. Removing attribute DISPLAY_TYPE.
  mms1_hpca_ion_energy: mms1_hpca_ion_energy DISPLAY_TYPE.strip() = ''. Removing attribute DISPLAY_TYPE.
  Epoch_Angles: Epoch_Angles DISPLAY_TYPE.strip() = ''. Removing attribute DISPLAY_TYPE.
  Epoch_MINUS_Angles: Epoch_MINUS_Angles DISPLAY_TYPE.strip() = ''. Removing attribute DISPLAY_TYPE.
  Epoch_PLUS_Angles: Epoch_PLUS_Angles DISPLAY_TYPE.strip() = ''. Removing attribute DISPLAY_TYPE.
  mms1_hpca_azimuth_index: mms1_hpca_azimuth_index DISPLAY_TYPE.strip() = ''. Removing attribute DISPLAY_TYPE.
  mms1_hpca_energy_step_number: mms1_hpca_energy_step_number DISPLAY_TYPE.strip() = ''. Removing attribute DISPLAY_TYPE.
  mms1_hpca_acquisition_time: mms1_hpca_acquisition_time DISPLAY_TYPE.strip() = ''. Removing attribute DISPLAY_TYPE.
MMS1_HPCA_SRVY_L2_MOMENTS | ISTP.DISPLAY_TYPE.Empty:
  Epoch: Epoch DISPLAY_TYPE.strip() = ''. Removing attribute DISPLAY_TYPE.
  Epoch_MINUS: Epoch_MINUS DISPLAY_TYPE.strip() = ''. Removing attribute DISPLAY_TYPE.
  Epoch_PLUS: Epoch_PLUS DISPLAY_TYPE.strip() = ''. Removing attribute DISPLAY_TYPE.
  mms1_hpca_ion_energy: mms1_hpca_ion_energy DISPLAY_TYPE.strip() = ''. Removing attribute DISPLAY_TYPE.
  mms1_hpca_sweep_table_number: mms1_hpca_sweep_table_number DISPLAY_TYPE.strip() = ''. Removing attribute DISPLAY_TYPE.
  mms1_hpca_science_mode: mms1_hpca_science_mode DISPLAY_TYPE.strip() = ''. Removing attribute DISPLAY_TYPE.
  index1: index1 DISPLAY_TYPE.strip() = ''. Removing attribute DISPLAY_TYPE.
  index2: index2 DISPLAY_TYPE.strip() = ''. Removing attribute DISPLAY_TYPE.
MMS1_HPCA_SRVY_L2_TOF-COUNTS | ISTP.DISPLAY_TYPE.Empty:
  Epoch: Epoch DISPLAY_TYPE.strip() = ''. Removing attribute DISPLAY_TYPE.
  Epoch_MINUS: Epoch_MINUS DISPLAY_TYPE.strip() = ''. Removing attribute DISPLAY_TYPE.
  Epoch_PLUS: Epoch_PLUS DISPLAY_TYPE.strip() = ''. Removing attribute DISPLAY_TYPE.
  mms1_hpca_tof_energy: mms1_hpca_tof_energy DISPLAY_TYPE.strip() = ''. Removing attribute DISPLAY_TYPE.
MMS2_DSP_FAST_L2_BPSD | ISTP.DISPLAY_TYPE.Empty:
  Epoch: Epoch DISPLAY_TYPE.strip() = ''. Removing attribute DISPLAY_TYPE.
MMS2_DSP_FAST_L2_EPSD | ISTP.DISPLAY_TYPE.Empty:
  Epoch_timetag: Epoch_timetag DISPLAY_TYPE.strip() = ''. Removing attribute DISPLAY_TYPE.
MMS2_DSP_SLOW_L2_BPSD | ISTP.DISPLAY_TYPE.Empty:
  Epoch: Epoch DISPLAY_TYPE.strip() = ''. Removing attribute DISPLAY_TYPE.
MMS2_DSP_SLOW_L2_EPSD | ISTP.DISPLAY_TYPE.Empty:
  Epoch_timetag: Epoch_timetag DISPLAY_TYPE.strip() = ''. Removing attribute DISPLAY_TYPE.
MMS2_HPCA_BRST_L2_ION | ISTP.DISPLAY_TYPE.Empty:
  Epoch: Epoch DISPLAY_TYPE.strip() = ''. Removing attribute DISPLAY_TYPE.
  Epoch_MINUS: Epoch_MINUS DISPLAY_TYPE.strip() = ''. Removing attribute DISPLAY_TYPE.
  Epoch_PLUS: Epoch_PLUS DISPLAY_TYPE.strip() = ''. Removing attribute DISPLAY_TYPE.
  mms2_hpca_polar_anode_number: mms2_hpca_polar_anode_number DISPLAY_TYPE.strip() = ''. Removing attribute DISPLAY_TYPE.
  mms2_hpca_polar_anode_number_int2: mms2_hpca_polar_anode_number_int2 DISPLAY_TYPE.strip() = ''. Removing attribute DISPLAY_TYPE.
  mms2_hpca_centroid_elevation_angle: mms2_hpca_centroid_elevation_angle DISPLAY_TYPE.strip() = ''. Removing attribute DISPLAY_TYPE.
  mms2_hpca_sweep_table_number: mms2_hpca_sweep_table_number DISPLAY_TYPE.strip() = ''. Removing attribute DISPLAY_TYPE.
  mms2_hpca_start_azimuth: mms2_hpca_start_azimuth DISPLAY_TYPE.strip() = ''. Removing attribute DISPLAY_TYPE.
  mms2_hpca_ion_energy: mms2_hpca_ion_energy DISPLAY_TYPE.strip() = ''. Removing attribute DISPLAY_TYPE.
  Epoch_Angles: Epoch_Angles DISPLAY_TYPE.strip() = ''. Removing attribute DISPLAY_TYPE.
  Epoch_MINUS_Angles: Epoch_MINUS_Angles DISPLAY_TYPE.strip() = ''. Removing attribute DISPLAY_TYPE.
  Epoch_PLUS_Angles: Epoch_PLUS_Angles DISPLAY_TYPE.strip() = ''. Removing attribute DISPLAY_TYPE.
  mms2_hpca_azimuth_index: mms2_hpca_azimuth_index DISPLAY_TYPE.strip() = ''. Removing attribute DISPLAY_TYPE.
  mms2_hpca_energy_step_number: mms2_hpca_energy_step_number DISPLAY_TYPE.strip() = ''. Removing attribute DISPLAY_TYPE.
  mms2_hpca_acquisition_time: mms2_hpca_acquisition_time DISPLAY_TYPE.strip() = ''. Removing attribute DISPLAY_TYPE.
MMS2_HPCA_BRST_L2_MOMENTS | ISTP.DISPLAY_TYPE.Empty:
  Epoch: Epoch DISPLAY_TYPE.strip() = ''. Removing attribute DISPLAY_TYPE.
  Epoch_MINUS: Epoch_MINUS DISPLAY_TYPE.strip() = ''. Removing attribute DISPLAY_TYPE.
  Epoch_PLUS: Epoch_PLUS DISPLAY_TYPE.strip() = ''. Removing attribute DISPLAY_TYPE.
  mms2_hpca_ion_energy: mms2_hpca_ion_energy DISPLAY_TYPE.strip() = ''. Removing attribute DISPLAY_TYPE.
  mms2_hpca_sweep_table_number: mms2_hpca_sweep_table_number DISPLAY_TYPE.strip() = ''. Removing attribute DISPLAY_TYPE.
  mms2_hpca_science_mode: mms2_hpca_science_mode DISPLAY_TYPE.strip() = ''. Removing attribute DISPLAY_TYPE.
  index1: index1 DISPLAY_TYPE.strip() = ''. Removing attribute DISPLAY_TYPE.
  index2: index2 DISPLAY_TYPE.strip() = ''. Removing attribute DISPLAY_TYPE.
MMS2_HPCA_SRVY_L2_ION | ISTP.DISPLAY_TYPE.Empty:
  Epoch: Epoch DISPLAY_TYPE.strip() = ''. Removing attribute DISPLAY_TYPE.
  Epoch_MINUS: Epoch_MINUS DISPLAY_TYPE.strip() = ''. Removing attribute DISPLAY_TYPE.
  Epoch_PLUS: Epoch_PLUS DISPLAY_TYPE.strip() = ''. Removing attribute DISPLAY_TYPE.
  mms2_hpca_polar_anode_number: mms2_hpca_polar_anode_number DISPLAY_TYPE.strip() = ''. Removing attribute DISPLAY_TYPE.
  mms2_hpca_polar_anode_number_int2: mms2_hpca_polar_anode_number_int2 DISPLAY_TYPE.strip() = ''. Removing attribute DISPLAY_TYPE.
  mms2_hpca_centroid_elevation_angle: mms2_hpca_centroid_elevation_angle DISPLAY_TYPE.strip() = ''. Removing attribute DISPLAY_TYPE.
  mms2_hpca_sweep_table_number: mms2_hpca_sweep_table_number DISPLAY_TYPE.strip() = ''. Removing attribute DISPLAY_TYPE.
  mms2_hpca_start_azimuth: mms2_hpca_start_azimuth DISPLAY_TYPE.strip() = ''. Removing attribute DISPLAY_TYPE.
  mms2_hpca_ion_energy: mms2_hpca_ion_energy DISPLAY_TYPE.strip() = ''. Removing attribute DISPLAY_TYPE.
  Epoch_Angles: Epoch_Angles DISPLAY_TYPE.strip() = ''. Removing attribute DISPLAY_TYPE.
  Epoch_MINUS_Angles: Epoch_MINUS_Angles DISPLAY_TYPE.strip() = ''. Removing attribute DISPLAY_TYPE.
  Epoch_PLUS_Angles: Epoch_PLUS_Angles DISPLAY_TYPE.strip() = ''. Removing attribute DISPLAY_TYPE.
  mms2_hpca_azimuth_index: mms2_hpca_azimuth_index DISPLAY_TYPE.strip() = ''. Removing attribute DISPLAY_TYPE.
  mms2_hpca_energy_step_number: mms2_hpca_energy_step_number DISPLAY_TYPE.strip() = ''. Removing attribute DISPLAY_TYPE.
  mms2_hpca_acquisition_time: mms2_hpca_acquisition_time DISPLAY_TYPE.strip() = ''. Removing attribute DISPLAY_TYPE.
MMS2_HPCA_SRVY_L2_MOMENTS | ISTP.DISPLAY_TYPE.Empty:
  Epoch: Epoch DISPLAY_TYPE.strip() = ''. Removing attribute DISPLAY_TYPE.
  Epoch_MINUS: Epoch_MINUS DISPLAY_TYPE.strip() = ''. Removing attribute DISPLAY_TYPE.
  Epoch_PLUS: Epoch_PLUS DISPLAY_TYPE.strip() = ''. Removing attribute DISPLAY_TYPE.
  mms2_hpca_ion_energy: mms2_hpca_ion_energy DISPLAY_TYPE.strip() = ''. Removing attribute DISPLAY_TYPE.
  mms2_hpca_sweep_table_number: mms2_hpca_sweep_table_number DISPLAY_TYPE.strip() = ''. Removing attribute DISPLAY_TYPE.
  mms2_hpca_science_mode: mms2_hpca_science_mode DISPLAY_TYPE.strip() = ''. Removing attribute DISPLAY_TYPE.
  index1: index1 DISPLAY_TYPE.strip() = ''. Removing attribute DISPLAY_TYPE.
  index2: index2 DISPLAY_TYPE.strip() = ''. Removing attribute DISPLAY_TYPE.
MMS2_HPCA_SRVY_L2_TOF-COUNTS | ISTP.DISPLAY_TYPE.Empty:
  Epoch: Epoch DISPLAY_TYPE.strip() = ''. Removing attribute DISPLAY_TYPE.
  Epoch_MINUS: Epoch_MINUS DISPLAY_TYPE.strip() = ''. Removing attribute DISPLAY_TYPE.
  Epoch_PLUS: Epoch_PLUS DISPLAY_TYPE.strip() = ''. Removing attribute DISPLAY_TYPE.
  mms2_hpca_tof_energy: mms2_hpca_tof_energy DISPLAY_TYPE.strip() = ''. Removing attribute DISPLAY_TYPE.
MMS3_DSP_FAST_L2_BPSD | ISTP.DISPLAY_TYPE.Empty:
  Epoch: Epoch DISPLAY_TYPE.strip() = ''. Removing attribute DISPLAY_TYPE.
MMS3_DSP_FAST_L2_EPSD | ISTP.DISPLAY_TYPE.Empty:
  Epoch_timetag: Epoch_timetag DISPLAY_TYPE.strip() = ''. Removing attribute DISPLAY_TYPE.
MMS3_DSP_SLOW_L2_BPSD | ISTP.DISPLAY_TYPE.Empty:
  Epoch: Epoch DISPLAY_TYPE.strip() = ''. Removing attribute DISPLAY_TYPE.
MMS3_DSP_SLOW_L2_EPSD | ISTP.DISPLAY_TYPE.Empty:
  Epoch_timetag: Epoch_timetag DISPLAY_TYPE.strip() = ''. Removing attribute DISPLAY_TYPE.
MMS3_HPCA_BRST_L2_ION | ISTP.DISPLAY_TYPE.Empty:
  Epoch: Epoch DISPLAY_TYPE.strip() = ''. Removing attribute DISPLAY_TYPE.
  Epoch_MINUS: Epoch_MINUS DISPLAY_TYPE.strip() = ''. Removing attribute DISPLAY_TYPE.
  Epoch_PLUS: Epoch_PLUS DISPLAY_TYPE.strip() = ''. Removing attribute DISPLAY_TYPE.
  mms3_hpca_polar_anode_number: mms3_hpca_polar_anode_number DISPLAY_TYPE.strip() = ''. Removing attribute DISPLAY_TYPE.
  mms3_hpca_polar_anode_number_int2: mms3_hpca_polar_anode_number_int2 DISPLAY_TYPE.strip() = ''. Removing attribute DISPLAY_TYPE.
  mms3_hpca_centroid_elevation_angle: mms3_hpca_centroid_elevation_angle DISPLAY_TYPE.strip() = ''. Removing attribute DISPLAY_TYPE.
  mms3_hpca_sweep_table_number: mms3_hpca_sweep_table_number DISPLAY_TYPE.strip() = ''. Removing attribute DISPLAY_TYPE.
  mms3_hpca_start_azimuth: mms3_hpca_start_azimuth DISPLAY_TYPE.strip() = ''. Removing attribute DISPLAY_TYPE.
  mms3_hpca_ion_energy: mms3_hpca_ion_energy DISPLAY_TYPE.strip() = ''. Removing attribute DISPLAY_TYPE.
  Epoch_Angles: Epoch_Angles DISPLAY_TYPE.strip() = ''. Removing attribute DISPLAY_TYPE.
  Epoch_MINUS_Angles: Epoch_MINUS_Angles DISPLAY_TYPE.strip() = ''. Removing attribute DISPLAY_TYPE.
  Epoch_PLUS_Angles: Epoch_PLUS_Angles DISPLAY_TYPE.strip() = ''. Removing attribute DISPLAY_TYPE.
  mms3_hpca_azimuth_index: mms3_hpca_azimuth_index DISPLAY_TYPE.strip() = ''. Removing attribute DISPLAY_TYPE.
  mms3_hpca_energy_step_number: mms3_hpca_energy_step_number DISPLAY_TYPE.strip() = ''. Removing attribute DISPLAY_TYPE.
  mms3_hpca_acquisition_time: mms3_hpca_acquisition_time DISPLAY_TYPE.strip() = ''. Removing attribute DISPLAY_TYPE.
MMS3_HPCA_BRST_L2_MOMENTS | ISTP.DISPLAY_TYPE.Empty:
  Epoch: Epoch DISPLAY_TYPE.strip() = ''. Removing attribute DISPLAY_TYPE.
  Epoch_MINUS: Epoch_MINUS DISPLAY_TYPE.strip() = ''. Removing attribute DISPLAY_TYPE.
  Epoch_PLUS: Epoch_PLUS DISPLAY_TYPE.strip() = ''. Removing attribute DISPLAY_TYPE.
  mms3_hpca_ion_energy: mms3_hpca_ion_energy DISPLAY_TYPE.strip() = ''. Removing attribute DISPLAY_TYPE.
  mms3_hpca_sweep_table_number: mms3_hpca_sweep_table_number DISPLAY_TYPE.strip() = ''. Removing attribute DISPLAY_TYPE.
  mms3_hpca_science_mode: mms3_hpca_science_mode DISPLAY_TYPE.strip() = ''. Removing attribute DISPLAY_TYPE.
  index1: index1 DISPLAY_TYPE.strip() = ''. Removing attribute DISPLAY_TYPE.
  index2: index2 DISPLAY_TYPE.strip() = ''. Removing attribute DISPLAY_TYPE.
MMS3_HPCA_SRVY_L2_ION | ISTP.DISPLAY_TYPE.Empty:
  Epoch: Epoch DISPLAY_TYPE.strip() = ''. Removing attribute DISPLAY_TYPE.
  Epoch_MINUS: Epoch_MINUS DISPLAY_TYPE.strip() = ''. Removing attribute DISPLAY_TYPE.
  Epoch_PLUS: Epoch_PLUS DISPLAY_TYPE.strip() = ''. Removing attribute DISPLAY_TYPE.
  mms3_hpca_polar_anode_number: mms3_hpca_polar_anode_number DISPLAY_TYPE.strip() = ''. Removing attribute DISPLAY_TYPE.
  mms3_hpca_polar_anode_number_int2: mms3_hpca_polar_anode_number_int2 DISPLAY_TYPE.strip() = ''. Removing attribute DISPLAY_TYPE.
  mms3_hpca_centroid_elevation_angle: mms3_hpca_centroid_elevation_angle DISPLAY_TYPE.strip() = ''. Removing attribute DISPLAY_TYPE.
  mms3_hpca_sweep_table_number: mms3_hpca_sweep_table_number DISPLAY_TYPE.strip() = ''. Removing attribute DISPLAY_TYPE.
  mms3_hpca_start_azimuth: mms3_hpca_start_azimuth DISPLAY_TYPE.strip() = ''. Removing attribute DISPLAY_TYPE.
  mms3_hpca_ion_energy: mms3_hpca_ion_energy DISPLAY_TYPE.strip() = ''. Removing attribute DISPLAY_TYPE.
  Epoch_Angles: Epoch_Angles DISPLAY_TYPE.strip() = ''. Removing attribute DISPLAY_TYPE.
  Epoch_MINUS_Angles: Epoch_MINUS_Angles DISPLAY_TYPE.strip() = ''. Removing attribute DISPLAY_TYPE.
  Epoch_PLUS_Angles: Epoch_PLUS_Angles DISPLAY_TYPE.strip() = ''. Removing attribute DISPLAY_TYPE.
  mms3_hpca_azimuth_index: mms3_hpca_azimuth_index DISPLAY_TYPE.strip() = ''. Removing attribute DISPLAY_TYPE.
  mms3_hpca_energy_step_number: mms3_hpca_energy_step_number DISPLAY_TYPE.strip() = ''. Removing attribute DISPLAY_TYPE.
  mms3_hpca_acquisition_time: mms3_hpca_acquisition_time DISPLAY_TYPE.strip() = ''. Removing attribute DISPLAY_TYPE.
MMS3_HPCA_SRVY_L2_MOMENTS | ISTP.DISPLAY_TYPE.Empty:
  Epoch: Epoch DISPLAY_TYPE.strip() = ''. Removing attribute DISPLAY_TYPE.
  Epoch_MINUS: Epoch_MINUS DISPLAY_TYPE.strip() = ''. Removing attribute DISPLAY_TYPE.
  Epoch_PLUS: Epoch_PLUS DISPLAY_TYPE.strip() = ''. Removing attribute DISPLAY_TYPE.
  mms3_hpca_ion_energy: mms3_hpca_ion_energy DISPLAY_TYPE.strip() = ''. Removing attribute DISPLAY_TYPE.
  mms3_hpca_sweep_table_number: mms3_hpca_sweep_table_number DISPLAY_TYPE.strip() = ''. Removing attribute DISPLAY_TYPE.
  mms3_hpca_science_mode: mms3_hpca_science_mode DISPLAY_TYPE.strip() = ''. Removing attribute DISPLAY_TYPE.
  index1: index1 DISPLAY_TYPE.strip() = ''. Removing attribute DISPLAY_TYPE.
  index2: index2 DISPLAY_TYPE.strip() = ''. Removing attribute DISPLAY_TYPE.
MMS3_HPCA_SRVY_L2_TOF-COUNTS | ISTP.DISPLAY_TYPE.Empty:
  Epoch: Epoch DISPLAY_TYPE.strip() = ''. Removing attribute DISPLAY_TYPE.
  Epoch_MINUS: Epoch_MINUS DISPLAY_TYPE.strip() = ''. Removing attribute DISPLAY_TYPE.
  Epoch_PLUS: Epoch_PLUS DISPLAY_TYPE.strip() = ''. Removing attribute DISPLAY_TYPE.
  mms3_hpca_tof_energy: mms3_hpca_tof_energy DISPLAY_TYPE.strip() = ''. Removing attribute DISPLAY_TYPE.
MMS4_DSP_FAST_L2_BPSD | ISTP.DISPLAY_TYPE.Empty:
  Epoch: Epoch DISPLAY_TYPE.strip() = ''. Removing attribute DISPLAY_TYPE.
MMS4_DSP_FAST_L2_EPSD | ISTP.DISPLAY_TYPE.Empty:
  Epoch_timetag: Epoch_timetag DISPLAY_TYPE.strip() = ''. Removing attribute DISPLAY_TYPE.
MMS4_DSP_SLOW_L2_BPSD | ISTP.DISPLAY_TYPE.Empty:
  Epoch: Epoch DISPLAY_TYPE.strip() = ''. Removing attribute DISPLAY_TYPE.
MMS4_DSP_SLOW_L2_EPSD | ISTP.DISPLAY_TYPE.Empty:
  Epoch_timetag: Epoch_timetag DISPLAY_TYPE.strip() = ''. Removing attribute DISPLAY_TYPE.
MMS4_HPCA_BRST_L2_ION | ISTP.DISPLAY_TYPE.Empty:
  Epoch: Epoch DISPLAY_TYPE.strip() = ''. Removing attribute DISPLAY_TYPE.
  Epoch_MINUS: Epoch_MINUS DISPLAY_TYPE.strip() = ''. Removing attribute DISPLAY_TYPE.
  Epoch_PLUS: Epoch_PLUS DISPLAY_TYPE.strip() = ''. Removing attribute DISPLAY_TYPE.
  mms4_hpca_polar_anode_number: mms4_hpca_polar_anode_number DISPLAY_TYPE.strip() = ''. Removing attribute DISPLAY_TYPE.
  mms4_hpca_polar_anode_number_int2: mms4_hpca_polar_anode_number_int2 DISPLAY_TYPE.strip() = ''. Removing attribute DISPLAY_TYPE.
  mms4_hpca_centroid_elevation_angle: mms4_hpca_centroid_elevation_angle DISPLAY_TYPE.strip() = ''. Removing attribute DISPLAY_TYPE.
  mms4_hpca_sweep_table_number: mms4_hpca_sweep_table_number DISPLAY_TYPE.strip() = ''. Removing attribute DISPLAY_TYPE.
  mms4_hpca_start_azimuth: mms4_hpca_start_azimuth DISPLAY_TYPE.strip() = ''. Removing attribute DISPLAY_TYPE.
  mms4_hpca_ion_energy: mms4_hpca_ion_energy DISPLAY_TYPE.strip() = ''. Removing attribute DISPLAY_TYPE.
  Epoch_Angles: Epoch_Angles DISPLAY_TYPE.strip() = ''. Removing attribute DISPLAY_TYPE.
  Epoch_MINUS_Angles: Epoch_MINUS_Angles DISPLAY_TYPE.strip() = ''. Removing attribute DISPLAY_TYPE.
  Epoch_PLUS_Angles: Epoch_PLUS_Angles DISPLAY_TYPE.strip() = ''. Removing attribute DISPLAY_TYPE.
  mms4_hpca_azimuth_index: mms4_hpca_azimuth_index DISPLAY_TYPE.strip() = ''. Removing attribute DISPLAY_TYPE.
  mms4_hpca_energy_step_number: mms4_hpca_energy_step_number DISPLAY_TYPE.strip() = ''. Removing attribute DISPLAY_TYPE.
  mms4_hpca_acquisition_time: mms4_hpca_acquisition_time DISPLAY_TYPE.strip() = ''. Removing attribute DISPLAY_TYPE.
MMS4_HPCA_BRST_L2_MOMENTS | ISTP.DISPLAY_TYPE.Empty:
  Epoch: Epoch DISPLAY_TYPE.strip() = ''. Removing attribute DISPLAY_TYPE.
  Epoch_MINUS: Epoch_MINUS DISPLAY_TYPE.strip() = ''. Removing attribute DISPLAY_TYPE.
  Epoch_PLUS: Epoch_PLUS DISPLAY_TYPE.strip() = ''. Removing attribute DISPLAY_TYPE.
  mms4_hpca_ion_energy: mms4_hpca_ion_energy DISPLAY_TYPE.strip() = ''. Removing attribute DISPLAY_TYPE.
  mms4_hpca_sweep_table_number: mms4_hpca_sweep_table_number DISPLAY_TYPE.strip() = ''. Removing attribute DISPLAY_TYPE.
  mms4_hpca_science_mode: mms4_hpca_science_mode DISPLAY_TYPE.strip() = ''. Removing attribute DISPLAY_TYPE.
  index1: index1 DISPLAY_TYPE.strip() = ''. Removing attribute DISPLAY_TYPE.
  index2: index2 DISPLAY_TYPE.strip() = ''. Removing attribute DISPLAY_TYPE.
MMS4_HPCA_SRVY_L2_ION | ISTP.DISPLAY_TYPE.Empty:
  Epoch: Epoch DISPLAY_TYPE.strip() = ''. Removing attribute DISPLAY_TYPE.
  Epoch_MINUS: Epoch_MINUS DISPLAY_TYPE.strip() = ''. Removing attribute DISPLAY_TYPE.
  Epoch_PLUS: Epoch_PLUS DISPLAY_TYPE.strip() = ''. Removing attribute DISPLAY_TYPE.
  mms4_hpca_polar_anode_number: mms4_hpca_polar_anode_number DISPLAY_TYPE.strip() = ''. Removing attribute DISPLAY_TYPE.
  mms4_hpca_polar_anode_number_int2: mms4_hpca_polar_anode_number_int2 DISPLAY_TYPE.strip() = ''. Removing attribute DISPLAY_TYPE.
  mms4_hpca_centroid_elevation_angle: mms4_hpca_centroid_elevation_angle DISPLAY_TYPE.strip() = ''. Removing attribute DISPLAY_TYPE.
  mms4_hpca_sweep_table_number: mms4_hpca_sweep_table_number DISPLAY_TYPE.strip() = ''. Removing attribute DISPLAY_TYPE.
  mms4_hpca_start_azimuth: mms4_hpca_start_azimuth DISPLAY_TYPE.strip() = ''. Removing attribute DISPLAY_TYPE.
  mms4_hpca_ion_energy: mms4_hpca_ion_energy DISPLAY_TYPE.strip() = ''. Removing attribute DISPLAY_TYPE.
  Epoch_Angles: Epoch_Angles DISPLAY_TYPE.strip() = ''. Removing attribute DISPLAY_TYPE.
  Epoch_MINUS_Angles: Epoch_MINUS_Angles DISPLAY_TYPE.strip() = ''. Removing attribute DISPLAY_TYPE.
  Epoch_PLUS_Angles: Epoch_PLUS_Angles DISPLAY_TYPE.strip() = ''. Removing attribute DISPLAY_TYPE.
  mms4_hpca_azimuth_index: mms4_hpca_azimuth_index DISPLAY_TYPE.strip() = ''. Removing attribute DISPLAY_TYPE.
  mms4_hpca_energy_step_number: mms4_hpca_energy_step_number DISPLAY_TYPE.strip() = ''. Removing attribute DISPLAY_TYPE.
  mms4_hpca_acquisition_time: mms4_hpca_acquisition_time DISPLAY_TYPE.strip() = ''. Removing attribute DISPLAY_TYPE.
MMS4_HPCA_SRVY_L2_MOMENTS | ISTP.DISPLAY_TYPE.Empty:
  Epoch: Epoch DISPLAY_TYPE.strip() = ''. Removing attribute DISPLAY_TYPE.
  Epoch_MINUS: Epoch_MINUS DISPLAY_TYPE.strip() = ''. Removing attribute DISPLAY_TYPE.
  Epoch_PLUS: Epoch_PLUS DISPLAY_TYPE.strip() = ''. Removing attribute DISPLAY_TYPE.
  mms4_hpca_ion_energy: mms4_hpca_ion_energy DISPLAY_TYPE.strip() = ''. Removing attribute DISPLAY_TYPE.
  mms4_hpca_sweep_table_number: mms4_hpca_sweep_table_number DISPLAY_TYPE.strip() = ''. Removing attribute DISPLAY_TYPE.
  mms4_hpca_science_mode: mms4_hpca_science_mode DISPLAY_TYPE.strip() = ''. Removing attribute DISPLAY_TYPE.
  index1: index1 DISPLAY_TYPE.strip() = ''. Removing attribute DISPLAY_TYPE.
  index2: index2 DISPLAY_TYPE.strip() = ''. Removing attribute DISPLAY_TYPE.
MMS4_HPCA_SRVY_L2_TOF-COUNTS | ISTP.DISPLAY_TYPE.Empty:
  Epoch: Epoch DISPLAY_TYPE.strip() = ''. Removing attribute DISPLAY_TYPE.
  Epoch_MINUS: Epoch_MINUS DISPLAY_TYPE.strip() = ''. Removing attribute DISPLAY_TYPE.
  Epoch_PLUS: Epoch_PLUS DISPLAY_TYPE.strip() = ''. Removing attribute DISPLAY_TYPE.
  mms4_hpca_tof_energy: mms4_hpca_tof_energy DISPLAY_TYPE.strip() = ''. Removing attribute DISPLAY_TYPE.
MSL_HELIO1DAY_POSITION | ISTP.DISPLAY_TYPE.Empty:
  Epoch: Epoch DISPLAY_TYPE.strip() = ''. Removing attribute DISPLAY_TYPE.
MUNIN_M1_MDSE | ISTP.DISPLAY_TYPE.Empty:
  Epoch: Epoch DISPLAY_TYPE.strip() = ''. Removing attribute DISPLAY_TYPE.
  Center_Scan: Center_Scan DISPLAY_TYPE.strip() = ''. Removing attribute DISPLAY_TYPE.
  Band_Low_Scan: Band_Low_Scan DISPLAY_TYPE.strip() = ''. Removing attribute DISPLAY_TYPE.
  Band_High_Scan: Band_High_Scan DISPLAY_TYPE.strip() = ''. Removing attribute DISPLAY_TYPE.
  Sensor_Index: Sensor_Index DISPLAY_TYPE.strip() = ''. Removing attribute DISPLAY_TYPE.
MUNIN_M1_MDSI | ISTP.DISPLAY_TYPE.Empty:
  Epoch: Epoch DISPLAY_TYPE.strip() = ''. Removing attribute DISPLAY_TYPE.
  Center_Scan: Center_Scan DISPLAY_TYPE.strip() = ''. Removing attribute DISPLAY_TYPE.
  Band_Low_Scan: Band_Low_Scan DISPLAY_TYPE.strip() = ''. Removing attribute DISPLAY_TYPE.
  Band_High_Scan: Band_High_Scan DISPLAY_TYPE.strip() = ''. Removing attribute DISPLAY_TYPE.
  Sensor_Index: Sensor_Index DISPLAY_TYPE.strip() = ''. Removing attribute DISPLAY_TYPE.
MUNIN_M1_OA | ISTP.DISPLAY_TYPE.Empty:
  Epoch: Epoch DISPLAY_TYPE.strip() = ''. Removing attribute DISPLAY_TYPE.
NEPTUNE_HELIO1DAY_POSITION | ISTP.DISPLAY_TYPE.Empty:
  Epoch: Epoch DISPLAY_TYPE.strip() = ''. Removing attribute DISPLAY_TYPE.
NEPTUNE_HELIO1HR_POSITION | ISTP.DISPLAY_TYPE.Empty:
  Epoch: Epoch DISPLAY_TYPE.strip() = ''. Removing attribute DISPLAY_TYPE.
NEW_HORIZONS_HELIO1HR_POSITION | ISTP.DISPLAY_TYPE.Empty:
  Epoch: Epoch DISPLAY_TYPE.strip() = ''. Removing attribute DISPLAY_TYPE.
PHOBOS2_HELIO1DAY_POSITION | ISTP.DISPLAY_TYPE.Empty:
  Epoch: Epoch DISPLAY_TYPE.strip() = ''. Removing attribute DISPLAY_TYPE.
PHOBOS2_HELIO1HR_POSITION | ISTP.DISPLAY_TYPE.Empty:
  Epoch: Epoch DISPLAY_TYPE.strip() = ''. Removing attribute DISPLAY_TYPE.
PIONEER10_HELIO1DAY_POSITION | ISTP.DISPLAY_TYPE.Empty:
  Epoch: Epoch DISPLAY_TYPE.strip() = ''. Removing attribute DISPLAY_TYPE.
PIONEER10_HELIO1HR_POSITION | ISTP.DISPLAY_TYPE.Empty:
  Epoch: Epoch DISPLAY_TYPE.strip() = ''. Removing attribute DISPLAY_TYPE.
PIONEER11_HELIO1DAY_POSITION | ISTP.DISPLAY_TYPE.Empty:
  Epoch: Epoch DISPLAY_TYPE.strip() = ''. Removing attribute DISPLAY_TYPE.
PIONEER11_HELIO1HR_POSITION | ISTP.DISPLAY_TYPE.Empty:
  Epoch: Epoch DISPLAY_TYPE.strip() = ''. Removing attribute DISPLAY_TYPE.
PIONEERVENUS_MERGED_SOLAR-WIND_10M | ISTP.DISPLAY_TYPE.Empty:
  label_msg_field_vso: label_msg_field_vso DISPLAY_TYPE.strip() = ''. Removing attribute DISPLAY_TYPE.
  label_xyz_vso: label_xyz_vso DISPLAY_TYPE.strip() = ''. Removing attribute DISPLAY_TYPE.
PLUTO_HELIO1DAY_POSITION | ISTP.DISPLAY_TYPE.Empty:
  Epoch: Epoch DISPLAY_TYPE.strip() = ''. Removing attribute DISPLAY_TYPE.
PLUTO_HELIO1HR_POSITION | ISTP.DISPLAY_TYPE.Empty:
  Epoch: Epoch DISPLAY_TYPE.strip() = ''. Removing attribute DISPLAY_TYPE.
POLAR_HYDRA_MOMENTS-14SEC | ISTP.DISPLAY_TYPE.Empty:
  U_ele_GSM: U_ele_GSM DISPLAY_TYPE.strip() = ''. Removing attribute DISPLAY_TYPE.
  U_ion_GSM: U_ion_GSM DISPLAY_TYPE.strip() = ''. Removing attribute DISPLAY_TYPE.
PO_10MINATT_EFI | ISTP.DISPLAY_TYPE.Empty:
  Epoch: Epoch DISPLAY_TYPE.strip() = ''. Removing attribute DISPLAY_TYPE.
  time: time DISPLAY_TYPE.strip() = ''. Removing attribute DISPLAY_TYPE.
PO_6SECEDSC_EFI | ISTP.DISPLAY_TYPE.Empty:
  Epoch: Epoch DISPLAY_TYPE.strip() = ''. Removing attribute DISPLAY_TYPE.
  Time: Time DISPLAY_TYPE.strip() = ''. Removing attribute DISPLAY_TYPE.
PO_6SECPOTLDENS_EFI | ISTP.DISPLAY_TYPE.Empty:
  Epoch: Epoch DISPLAY_TYPE.strip() = ''. Removing attribute DISPLAY_TYPE.
  Time: Time DISPLAY_TYPE.strip() = ''. Removing attribute DISPLAY_TYPE.
PO_AT_DEF | ISTP.DISPLAY_TYPE.Empty:
  Epoch: Epoch DISPLAY_TYPE.strip() = ''. Removing attribute DISPLAY_TYPE.
  Time_PB5: Time_PB5 DISPLAY_TYPE.strip() = ''. Removing attribute DISPLAY_TYPE.
  label_time: label_time DISPLAY_TYPE.strip() = ''. Removing attribute DISPLAY_TYPE.
  unit_time: unit_time DISPLAY_TYPE.strip() = ''. Removing attribute DISPLAY_TYPE.
  format_time: format_time DISPLAY_TYPE.strip() = ''. Removing attribute DISPLAY_TYPE.
  BODY_SPIN_RATE: BODY_SPIN_RATE DISPLAY_TYPE.strip() = ''. Removing attribute DISPLAY_TYPE.
  GCI_R_ASCENSION: GCI_R_ASCENSION DISPLAY_TYPE.strip() = ''. Removing attribute DISPLAY_TYPE.
  GCI_DECLINATION: GCI_DECLINATION DISPLAY_TYPE.strip() = ''. Removing attribute DISPLAY_TYPE.
  GSE_R_ASCENSION: GSE_R_ASCENSION DISPLAY_TYPE.strip() = ''. Removing attribute DISPLAY_TYPE.
  GSE_DECLINATION: GSE_DECLINATION DISPLAY_TYPE.strip() = ''. Removing attribute DISPLAY_TYPE.
  GSM_R_ASCENSION: GSM_R_ASCENSION DISPLAY_TYPE.strip() = ''. Removing attribute DISPLAY_TYPE.
  GSM_DECLINATION: GSM_DECLINATION DISPLAY_TYPE.strip() = ''. Removing attribute DISPLAY_TYPE.
PO_AT_PRE | ISTP.DISPLAY_TYPE.Empty:
  Epoch: Epoch DISPLAY_TYPE.strip() = ''. Removing attribute DISPLAY_TYPE.
  Time_PB5: Time_PB5 DISPLAY_TYPE.strip() = ''. Removing attribute DISPLAY_TYPE.
  label_time: label_time DISPLAY_TYPE.strip() = ''. Removing attribute DISPLAY_TYPE.
  unit_time: unit_time DISPLAY_TYPE.strip() = ''. Removing attribute DISPLAY_TYPE.
  format_time: format_time DISPLAY_TYPE.strip() = ''. Removing attribute DISPLAY_TYPE.
  BODY_SPIN_RATE: BODY_SPIN_RATE DISPLAY_TYPE.strip() = ''. Removing attribute DISPLAY_TYPE.
  GCI_R_ASCENSION: GCI_R_ASCENSION DISPLAY_TYPE.strip() = ''. Removing attribute DISPLAY_TYPE.
  GCI_DECLINATION: GCI_DECLINATION DISPLAY_TYPE.strip() = ''. Removing attribute DISPLAY_TYPE.
  GSE_R_ASCENSION: GSE_R_ASCENSION DISPLAY_TYPE.strip() = ''. Removing attribute DISPLAY_TYPE.
  GSE_DECLINATION: GSE_DECLINATION DISPLAY_TYPE.strip() = ''. Removing attribute DISPLAY_TYPE.
  GSM_R_ASCENSION: GSM_R_ASCENSION DISPLAY_TYPE.strip() = ''. Removing attribute DISPLAY_TYPE.
  GSM_DECLINATION: GSM_DECLINATION DISPLAY_TYPE.strip() = ''. Removing attribute DISPLAY_TYPE.
PO_H0_PWI | ISTP.DISPLAY_TYPE.Empty:
  Epoch: Epoch DISPLAY_TYPE.strip() = ''. Removing attribute DISPLAY_TYPE.
  EpochB: EpochB DISPLAY_TYPE.strip() = ''. Removing attribute DISPLAY_TYPE.
  Time_PB5: Time_PB5 DISPLAY_TYPE.strip() = ''. Removing attribute DISPLAY_TYPE.
PO_H0_TIM | ISTP.DISPLAY_TYPE.Empty:
  Epoch_H: Epoch_H DISPLAY_TYPE.strip() = ''. Removing attribute DISPLAY_TYPE.
  Epoch_O: Epoch_O DISPLAY_TYPE.strip() = ''. Removing attribute DISPLAY_TYPE.
  Epoch_He_1: Epoch_He_1 DISPLAY_TYPE.strip() = ''. Removing attribute DISPLAY_TYPE.
  Epoch_He_2: Epoch_He_2 DISPLAY_TYPE.strip() = ''. Removing attribute DISPLAY_TYPE.
  Epoch_start: Epoch_start DISPLAY_TYPE.strip() = ''. Removing attribute DISPLAY_TYPE.
  Epoch_stop: Epoch_stop DISPLAY_TYPE.strip() = ''. Removing attribute DISPLAY_TYPE.
  Even_odd: Even_odd DISPLAY_TYPE.strip() = ''. Removing attribute DISPLAY_TYPE.
PO_H0_UVI | ISTP.DISPLAY_TYPE.Empty:
  Epoch: Epoch DISPLAY_TYPE.strip() = ''. Removing attribute DISPLAY_TYPE.
  IMAGE_DATA: IMAGE_DATA DISPLAY_TYPE.strip() = ''. Removing attribute DISPLAY_TYPE.
PO_H1_PWI | ISTP.DISPLAY_TYPE.Empty:
  Epoch: Epoch DISPLAY_TYPE.strip() = ''. Removing attribute DISPLAY_TYPE.
  SFRA_Antenna: SFRA_Antenna DISPLAY_TYPE.strip() = ''. Removing attribute DISPLAY_TYPE.
  SFRB_Antenna: SFRB_Antenna DISPLAY_TYPE.strip() = ''. Removing attribute DISPLAY_TYPE.
  SFR_Mode: SFR_Mode DISPLAY_TYPE.strip() = ''. Removing attribute DISPLAY_TYPE.
  SFR2_count: SFR2_count DISPLAY_TYPE.strip() = ''. Removing attribute DISPLAY_TYPE.
  SFR3_count: SFR3_count DISPLAY_TYPE.strip() = ''. Removing attribute DISPLAY_TYPE.
  SFR4_count: SFR4_count DISPLAY_TYPE.strip() = ''. Removing attribute DISPLAY_TYPE.
  fUHR_count: fUHR_count DISPLAY_TYPE.strip() = ''. Removing attribute DISPLAY_TYPE.
  Fce_count: Fce_count DISPLAY_TYPE.strip() = ''. Removing attribute DISPLAY_TYPE.
  Epoch2: Epoch2 DISPLAY_TYPE.strip() = ''. Removing attribute DISPLAY_TYPE.
  Epochfc: Epochfc DISPLAY_TYPE.strip() = ''. Removing attribute DISPLAY_TYPE.
  Fce: Fce DISPLAY_TYPE.strip() = ''. Removing attribute DISPLAY_TYPE.
  Epochf: Epochf DISPLAY_TYPE.strip() = ''. Removing attribute DISPLAY_TYPE.
  fUHR: fUHR DISPLAY_TYPE.strip() = ''. Removing attribute DISPLAY_TYPE.
  Ne: Ne DISPLAY_TYPE.strip() = ''. Removing attribute DISPLAY_TYPE.
PO_H1_UVI | ISTP.DISPLAY_TYPE.Empty:
  Epoch: Epoch DISPLAY_TYPE.strip() = ''. Removing attribute DISPLAY_TYPE.
  IMAGE_DATA: IMAGE_DATA DISPLAY_TYPE.strip() = ''. Removing attribute DISPLAY_TYPE.
PO_H2_PWI | ISTP.DISPLAY_TYPE.Empty:
  Epoch: Epoch DISPLAY_TYPE.strip() = ''. Removing attribute DISPLAY_TYPE.
  Epoch0: Epoch0 DISPLAY_TYPE.strip() = ''. Removing attribute DISPLAY_TYPE.
PO_H2_TIM | ISTP.DISPLAY_TYPE.Empty:
  H_Epoch: H_Epoch DISPLAY_TYPE.strip() = ''. Removing attribute DISPLAY_TYPE.
  O_Epoch: O_Epoch DISPLAY_TYPE.strip() = ''. Removing attribute DISPLAY_TYPE.
  He1_Epoch: He1_Epoch DISPLAY_TYPE.strip() = ''. Removing attribute DISPLAY_TYPE.
  He2_Epoch: He2_Epoch DISPLAY_TYPE.strip() = ''. Removing attribute DISPLAY_TYPE.
  H_spins: H_spins DISPLAY_TYPE.strip() = ''. Removing attribute DISPLAY_TYPE.
  O_spins: O_spins DISPLAY_TYPE.strip() = ''. Removing attribute DISPLAY_TYPE.
  He1_spins: He1_spins DISPLAY_TYPE.strip() = ''. Removing attribute DISPLAY_TYPE.
  He2_spins: He2_spins DISPLAY_TYPE.strip() = ''. Removing attribute DISPLAY_TYPE.
  SZA_status: SZA_status DISPLAY_TYPE.strip() = ''. Removing attribute DISPLAY_TYPE.
  Conjugate_SZA_status: Conjugate_SZA_status DISPLAY_TYPE.strip() = ''. Removing attribute DISPLAY_TYPE.
  Fec: Fec DISPLAY_TYPE.strip() = ''. Removing attribute DISPLAY_TYPE.
  Bcr: Bcr DISPLAY_TYPE.strip() = ''. Removing attribute DISPLAY_TYPE.
  Intervals: Intervals DISPLAY_TYPE.strip() = ''. Removing attribute DISPLAY_TYPE.
  SCPot_status: SCPot_status DISPLAY_TYPE.strip() = ''. Removing attribute DISPLAY_TYPE.
  IMF_status: IMF_status DISPLAY_TYPE.strip() = ''. Removing attribute DISPLAY_TYPE.
  SW_status: SW_status DISPLAY_TYPE.strip() = ''. Removing attribute DISPLAY_TYPE.
  Mag_status: Mag_status DISPLAY_TYPE.strip() = ''. Removing attribute DISPLAY_TYPE.
  Orbit_status: Orbit_status DISPLAY_TYPE.strip() = ''. Removing attribute DISPLAY_TYPE.
PO_H3_PWI | ISTP.DISPLAY_TYPE.Empty:
  Epoch: Epoch DISPLAY_TYPE.strip() = ''. Removing attribute DISPLAY_TYPE.
  FilterMode: FilterMode DISPLAY_TYPE.strip() = ''. Removing attribute DISPLAY_TYPE.
  FFT_SIZE: FFT_SIZE DISPLAY_TYPE.strip() = ''. Removing attribute DISPLAY_TYPE.
  Num_Spec: Num_Spec DISPLAY_TYPE.strip() = ''. Removing attribute DISPLAY_TYPE.
  Epoch0: Epoch0 DISPLAY_TYPE.strip() = ''. Removing attribute DISPLAY_TYPE.
PO_H4_PWI | ISTP.DISPLAY_TYPE.Empty:
  Epoch: Epoch DISPLAY_TYPE.strip() = ''. Removing attribute DISPLAY_TYPE.
  FilterMode: FilterMode DISPLAY_TYPE.strip() = ''. Removing attribute DISPLAY_TYPE.
  FFT_SIZE: FFT_SIZE DISPLAY_TYPE.strip() = ''. Removing attribute DISPLAY_TYPE.
  Num_Spec: Num_Spec DISPLAY_TYPE.strip() = ''. Removing attribute DISPLAY_TYPE.
  Epoch0: Epoch0 DISPLAY_TYPE.strip() = ''. Removing attribute DISPLAY_TYPE.
  Gain1: Gain1 DISPLAY_TYPE.strip() = ''. Removing attribute DISPLAY_TYPE.
  Gain2: Gain2 DISPLAY_TYPE.strip() = ''. Removing attribute DISPLAY_TYPE.
  Gain3: Gain3 DISPLAY_TYPE.strip() = ''. Removing attribute DISPLAY_TYPE.
  MGain: MGain DISPLAY_TYPE.strip() = ''. Removing attribute DISPLAY_TYPE.
PO_H5_PWI | ISTP.DISPLAY_TYPE.Empty:
  Epoch: Epoch DISPLAY_TYPE.strip() = ''. Removing attribute DISPLAY_TYPE.
  FilterMode: FilterMode DISPLAY_TYPE.strip() = ''. Removing attribute DISPLAY_TYPE.
  FFT_SIZE: FFT_SIZE DISPLAY_TYPE.strip() = ''. Removing attribute DISPLAY_TYPE.
  Num_Spec: Num_Spec DISPLAY_TYPE.strip() = ''. Removing attribute DISPLAY_TYPE.
  Epoch0: Epoch0 DISPLAY_TYPE.strip() = ''. Removing attribute DISPLAY_TYPE.
  Gain1: Gain1 DISPLAY_TYPE.strip() = ''. Removing attribute DISPLAY_TYPE.
  Gain2: Gain2 DISPLAY_TYPE.strip() = ''. Removing attribute DISPLAY_TYPE.
  Gain3: Gain3 DISPLAY_TYPE.strip() = ''. Removing attribute DISPLAY_TYPE.
  MGain: MGain DISPLAY_TYPE.strip() = ''. Removing attribute DISPLAY_TYPE.
PO_H7_PWI | ISTP.DISPLAY_TYPE.Empty:
  Epoch: Epoch DISPLAY_TYPE.strip() = ''. Removing attribute DISPLAY_TYPE.
  FilterMode: FilterMode DISPLAY_TYPE.strip() = ''. Removing attribute DISPLAY_TYPE.
  FFT_size: FFT_size DISPLAY_TYPE.strip() = ''. Removing attribute DISPLAY_TYPE.
  NUM_FFT: NUM_FFT DISPLAY_TYPE.strip() = ''. Removing attribute DISPLAY_TYPE.
  NUM_SNAP: NUM_SNAP DISPLAY_TYPE.strip() = ''. Removing attribute DISPLAY_TYPE.
PO_H8_PWI | ISTP.DISPLAY_TYPE.Empty:
  Epoch: Epoch DISPLAY_TYPE.strip() = ''. Removing attribute DISPLAY_TYPE.
  FilterMode: FilterMode DISPLAY_TYPE.strip() = ''. Removing attribute DISPLAY_TYPE.
  FFT_size: FFT_size DISPLAY_TYPE.strip() = ''. Removing attribute DISPLAY_TYPE.
  NUM_SNAP: NUM_SNAP DISPLAY_TYPE.strip() = ''. Removing attribute DISPLAY_TYPE.
  HFWR1_Flag: HFWR1_Flag DISPLAY_TYPE.strip() = ''. Removing attribute DISPLAY_TYPE.
  HFWR2_Flag: HFWR2_Flag DISPLAY_TYPE.strip() = ''. Removing attribute DISPLAY_TYPE.
  HFWR3_Flag: HFWR3_Flag DISPLAY_TYPE.strip() = ''. Removing attribute DISPLAY_TYPE.
  HFWR4_Flag: HFWR4_Flag DISPLAY_TYPE.strip() = ''. Removing attribute DISPLAY_TYPE.
  HFWR5_Flag: HFWR5_Flag DISPLAY_TYPE.strip() = ''. Removing attribute DISPLAY_TYPE.
  HFWR6_Flag: HFWR6_Flag DISPLAY_TYPE.strip() = ''. Removing attribute DISPLAY_TYPE.
  Data_No: Data_No DISPLAY_TYPE.strip() = ''. Removing attribute DISPLAY_TYPE.
PO_H9_PWI | ISTP.DISPLAY_TYPE.Empty:
  Epoch: Epoch DISPLAY_TYPE.strip() = ''. Removing attribute DISPLAY_TYPE.
  Num_Snap: Num_Snap DISPLAY_TYPE.strip() = ''. Removing attribute DISPLAY_TYPE.
  FFT_size: FFT_size DISPLAY_TYPE.strip() = ''. Removing attribute DISPLAY_TYPE.
PO_K0_CAM | ISTP.DISPLAY_TYPE.Empty:
  Epoch: Epoch DISPLAY_TYPE.strip() = ''. Removing attribute DISPLAY_TYPE.
  Time_PB5: Time_PB5 DISPLAY_TYPE.strip() = ''. Removing attribute DISPLAY_TYPE.
  label_time: label_time DISPLAY_TYPE.strip() = ''. Removing attribute DISPLAY_TYPE.
  unit_time: unit_time DISPLAY_TYPE.strip() = ''. Removing attribute DISPLAY_TYPE.
  format_time: format_time DISPLAY_TYPE.strip() = ''. Removing attribute DISPLAY_TYPE.
PO_K0_CEP | ISTP.DISPLAY_TYPE.Empty:
  Epoch: Epoch DISPLAY_TYPE.strip() = ''. Removing attribute DISPLAY_TYPE.
  Time_PB5: Time_PB5 DISPLAY_TYPE.strip() = ''. Removing attribute DISPLAY_TYPE.
  label_time: label_time DISPLAY_TYPE.strip() = ''. Removing attribute DISPLAY_TYPE.
  unit_time: unit_time DISPLAY_TYPE.strip() = ''. Removing attribute DISPLAY_TYPE.
  format_time: format_time DISPLAY_TYPE.strip() = ''. Removing attribute DISPLAY_TYPE.
PO_K0_EFI | ISTP.DISPLAY_TYPE.Empty:
  Epoch: Epoch DISPLAY_TYPE.strip() = ''. Removing attribute DISPLAY_TYPE.
  Time_PB5: Time_PB5 DISPLAY_TYPE.strip() = ''. Removing attribute DISPLAY_TYPE.
  label_time: label_time DISPLAY_TYPE.strip() = ''. Removing attribute DISPLAY_TYPE.
  unit_time: unit_time DISPLAY_TYPE.strip() = ''. Removing attribute DISPLAY_TYPE.
  format_time: format_time DISPLAY_TYPE.strip() = ''. Removing attribute DISPLAY_TYPE.
PO_K0_HYD | ISTP.DISPLAY_TYPE.Empty:
  Epoch: Epoch DISPLAY_TYPE.strip() = ''. Removing attribute DISPLAY_TYPE.
  Time_PB5: Time_PB5 DISPLAY_TYPE.strip() = ''. Removing attribute DISPLAY_TYPE.
  POST_GAP: POST_GAP DISPLAY_TYPE.strip() = ''. Removing attribute DISPLAY_TYPE.
  DQF: DQF DISPLAY_TYPE.strip() = ''. Removing attribute DISPLAY_TYPE.
  INSTR_MODE: INSTR_MODE DISPLAY_TYPE.strip() = ''. Removing attribute DISPLAY_TYPE.
  SC_pos_gsm: SC_pos_gsm DISPLAY_TYPE.strip() = ''. Removing attribute DISPLAY_TYPE.
  MAX_ENERGY: MAX_ENERGY DISPLAY_TYPE.strip() = ''. Removing attribute DISPLAY_TYPE.
  MIN_ENERGY: MIN_ENERGY DISPLAY_TYPE.strip() = ''. Removing attribute DISPLAY_TYPE.
  ELE_DENSITY: ELE_DENSITY DISPLAY_TYPE.strip() = ''. Removing attribute DISPLAY_TYPE.
  ELE_MEAN_ENERGY: ELE_MEAN_ENERGY DISPLAY_TYPE.strip() = ''. Removing attribute DISPLAY_TYPE.
  label_time: label_time DISPLAY_TYPE.strip() = ''. Removing attribute DISPLAY_TYPE.
  unit_time: unit_time DISPLAY_TYPE.strip() = ''. Removing attribute DISPLAY_TYPE.
  format_time: format_time DISPLAY_TYPE.strip() = ''. Removing attribute DISPLAY_TYPE.
  label_PGSM: label_PGSM DISPLAY_TYPE.strip() = ''. Removing attribute DISPLAY_TYPE.
  cartesian: cartesian DISPLAY_TYPE.strip() = ''. Removing attribute DISPLAY_TYPE.
PO_K0_MFE | ISTP.DISPLAY_TYPE.Empty:
  Epoch: Epoch DISPLAY_TYPE.strip() = ''. Removing attribute DISPLAY_TYPE.
  Epoch6: Epoch6 DISPLAY_TYPE.strip() = ''. Removing attribute DISPLAY_TYPE.
  Time_PB5: Time_PB5 DISPLAY_TYPE.strip() = ''. Removing attribute DISPLAY_TYPE.
PO_K0_PWI | ISTP.DISPLAY_TYPE.Empty:
  Epoch: Epoch DISPLAY_TYPE.strip() = ''. Removing attribute DISPLAY_TYPE.
  Time_PB5: Time_PB5 DISPLAY_TYPE.strip() = ''. Removing attribute DISPLAY_TYPE.
  Fce: Fce DISPLAY_TYPE.strip() = ''. Removing attribute DISPLAY_TYPE.
  Fcp: Fcp DISPLAY_TYPE.strip() = ''. Removing attribute DISPLAY_TYPE.
  FcO: FcO DISPLAY_TYPE.strip() = ''. Removing attribute DISPLAY_TYPE.
  MLAT: MLAT DISPLAY_TYPE.strip() = ''. Removing attribute DISPLAY_TYPE.
  EDMLT: EDMLT DISPLAY_TYPE.strip() = ''. Removing attribute DISPLAY_TYPE.
  L_Shell: L_Shell DISPLAY_TYPE.strip() = ''. Removing attribute DISPLAY_TYPE.
  GR_DIST: GR_DIST DISPLAY_TYPE.strip() = ''. Removing attribute DISPLAY_TYPE.
  SFR_MODE: SFR_MODE DISPLAY_TYPE.strip() = ''. Removing attribute DISPLAY_TYPE.
  SFRA_Antenna: SFRA_Antenna DISPLAY_TYPE.strip() = ''. Removing attribute DISPLAY_TYPE.
  SFRB_Antenna: SFRB_Antenna DISPLAY_TYPE.strip() = ''. Removing attribute DISPLAY_TYPE.
  DATA_QUALITY: DATA_QUALITY DISPLAY_TYPE.strip() = ''. Removing attribute DISPLAY_TYPE.
  POST_GAP_FLAG: POST_GAP_FLAG DISPLAY_TYPE.strip() = ''. Removing attribute DISPLAY_TYPE.
  label_time: label_time DISPLAY_TYPE.strip() = ''. Removing attribute DISPLAY_TYPE.
  unit_time: unit_time DISPLAY_TYPE.strip() = ''. Removing attribute DISPLAY_TYPE.
  format_time: format_time DISPLAY_TYPE.strip() = ''. Removing attribute DISPLAY_TYPE.
PO_K0_SPHA | ISTP.DISPLAY_TYPE.Empty:
  Epoch: Epoch DISPLAY_TYPE.strip() = ''. Removing attribute DISPLAY_TYPE.
  Time_PB5: Time_PB5 DISPLAY_TYPE.strip() = ''. Removing attribute DISPLAY_TYPE.
  label_time: label_time DISPLAY_TYPE.strip() = ''. Removing attribute DISPLAY_TYPE.
  unit_time: unit_time DISPLAY_TYPE.strip() = ''. Removing attribute DISPLAY_TYPE.
  format_time: format_time DISPLAY_TYPE.strip() = ''. Removing attribute DISPLAY_TYPE.
  SPIN_PHASE: SPIN_PHASE DISPLAY_TYPE.strip() = ''. Removing attribute DISPLAY_TYPE.
  AVG_SPIN_RATE: AVG_SPIN_RATE DISPLAY_TYPE.strip() = ''. Removing attribute DISPLAY_TYPE.
  STNDEV_SPIN_RATE: STNDEV_SPIN_RATE DISPLAY_TYPE.strip() = ''. Removing attribute DISPLAY_TYPE.
  FAULT: FAULT DISPLAY_TYPE.strip() = ''. Removing attribute DISPLAY_TYPE.
PO_K0_UVI | ISTP.DISPLAY_TYPE.Empty:
  Epoch: Epoch DISPLAY_TYPE.strip() = ''. Removing attribute DISPLAY_TYPE.
  Time_PB5: Time_PB5 DISPLAY_TYPE.strip() = ''. Removing attribute DISPLAY_TYPE.
  IMG_MINUS_MSEC: IMG_MINUS_MSEC DISPLAY_TYPE.strip() = ''. Removing attribute DISPLAY_TYPE.
  IMG_PLUS_MSEC: IMG_PLUS_MSEC DISPLAY_TYPE.strip() = ''. Removing attribute DISPLAY_TYPE.
  POST_GAP_FLAG: POST_GAP_FLAG DISPLAY_TYPE.strip() = ''. Removing attribute DISPLAY_TYPE.
  QUALITY_FLAG: QUALITY_FLAG DISPLAY_TYPE.strip() = ''. Removing attribute DISPLAY_TYPE.
  KPGS_VERSION: KPGS_VERSION DISPLAY_TYPE.strip() = ''. Removing attribute DISPLAY_TYPE.
  NOMINAL_OUTPUT_PERIOD: NOMINAL_OUTPUT_PERIOD DISPLAY_TYPE.strip() = ''. Removing attribute DISPLAY_TYPE.
  SYSTEM: SYSTEM DISPLAY_TYPE.strip() = ''. Removing attribute DISPLAY_TYPE.
  SEQ: SEQ DISPLAY_TYPE.strip() = ''. Removing attribute DISPLAY_TYPE.
  MODE: MODE DISPLAY_TYPE.strip() = ''. Removing attribute DISPLAY_TYPE.
  GAIN: GAIN DISPLAY_TYPE.strip() = ''. Removing attribute DISPLAY_TYPE.
  DOOR: DOOR DISPLAY_TYPE.strip() = ''. Removing attribute DISPLAY_TYPE.
  GEODETIC_LAT: GEODETIC_LAT DISPLAY_TYPE.strip() = ''. Removing attribute DISPLAY_TYPE.
  GEODETIC_LONG: GEODETIC_LONG DISPLAY_TYPE.strip() = ''. Removing attribute DISPLAY_TYPE.
  label_time: label_time DISPLAY_TYPE.strip() = ''. Removing attribute DISPLAY_TYPE.
  unit_time: unit_time DISPLAY_TYPE.strip() = ''. Removing attribute DISPLAY_TYPE.
  format_time: format_time DISPLAY_TYPE.strip() = ''. Removing attribute DISPLAY_TYPE.
  label_GCIpos: label_GCIpos DISPLAY_TYPE.strip() = ''. Removing attribute DISPLAY_TYPE.
  cartesian: cartesian DISPLAY_TYPE.strip() = ''. Removing attribute DISPLAY_TYPE.
  ptr_row: ptr_row DISPLAY_TYPE.strip() = ''. Removing attribute DISPLAY_TYPE.
  ptr_col: ptr_col DISPLAY_TYPE.strip() = ''. Removing attribute DISPLAY_TYPE.
  row: row DISPLAY_TYPE.strip() = ''. Removing attribute DISPLAY_TYPE.
  col: col DISPLAY_TYPE.strip() = ''. Removing attribute DISPLAY_TYPE.
  GEOD_LAT: GEOD_LAT DISPLAY_TYPE.strip() = ''. Removing attribute DISPLAY_TYPE.
  GEOD_LONG: GEOD_LONG DISPLAY_TYPE.strip() = ''. Removing attribute DISPLAY_TYPE.
  DSP_ANGLE: DSP_ANGLE DISPLAY_TYPE.strip() = ''. Removing attribute DISPLAY_TYPE.
  FILTER: FILTER DISPLAY_TYPE.strip() = ''. Removing attribute DISPLAY_TYPE.
PO_K1_TIM | ISTP.DISPLAY_TYPE.Empty:
  Epoch: Epoch DISPLAY_TYPE.strip() = ''. Removing attribute DISPLAY_TYPE.
PO_OR_DEF | ISTP.DISPLAY_TYPE.Empty:
  Epoch: Epoch DISPLAY_TYPE.strip() = ''. Removing attribute DISPLAY_TYPE.
  Time_PB5: Time_PB5 DISPLAY_TYPE.strip() = ''. Removing attribute DISPLAY_TYPE.
  label_time: label_time DISPLAY_TYPE.strip() = ''. Removing attribute DISPLAY_TYPE.
  unit_time: unit_time DISPLAY_TYPE.strip() = ''. Removing attribute DISPLAY_TYPE.
  format_time: format_time DISPLAY_TYPE.strip() = ''. Removing attribute DISPLAY_TYPE.
  GCI_VEL: GCI_VEL DISPLAY_TYPE.strip() = ''. Removing attribute DISPLAY_TYPE.
  label_v: label_v DISPLAY_TYPE.strip() = ''. Removing attribute DISPLAY_TYPE.
  cartesian: cartesian DISPLAY_TYPE.strip() = ''. Removing attribute DISPLAY_TYPE.
  GSE_VEL: GSE_VEL DISPLAY_TYPE.strip() = ''. Removing attribute DISPLAY_TYPE.
  GSM_VEL: GSM_VEL DISPLAY_TYPE.strip() = ''. Removing attribute DISPLAY_TYPE.
  SUN_VECTOR: SUN_VECTOR DISPLAY_TYPE.strip() = ''. Removing attribute DISPLAY_TYPE.
  HEC_VEL: HEC_VEL DISPLAY_TYPE.strip() = ''. Removing attribute DISPLAY_TYPE.
  CRN_EARTH: CRN_EARTH DISPLAY_TYPE.strip() = ''. Removing attribute DISPLAY_TYPE.
  LONG_EARTH: LONG_EARTH DISPLAY_TYPE.strip() = ''. Removing attribute DISPLAY_TYPE.
  LAT_EARTH: LAT_EARTH DISPLAY_TYPE.strip() = ''. Removing attribute DISPLAY_TYPE.
  LONG_SPACE: LONG_SPACE DISPLAY_TYPE.strip() = ''. Removing attribute DISPLAY_TYPE.
  LAT_SPACE: LAT_SPACE DISPLAY_TYPE.strip() = ''. Removing attribute DISPLAY_TYPE.
  EDMLT_TIME: EDMLT_TIME DISPLAY_TYPE.strip() = ''. Removing attribute DISPLAY_TYPE.
  MAG_LATITUDE: MAG_LATITUDE DISPLAY_TYPE.strip() = ''. Removing attribute DISPLAY_TYPE.
  L_SHELL: L_SHELL DISPLAY_TYPE.strip() = ''. Removing attribute DISPLAY_TYPE.
  ORB_REV_NUM: ORB_REV_NUM DISPLAY_TYPE.strip() = ''. Removing attribute DISPLAY_TYPE.
  NEXT_CROSS: NEXT_CROSS DISPLAY_TYPE.strip() = ''. Removing attribute DISPLAY_TYPE.
  ORB_CROSSING_TIME: ORB_CROSSING_TIME DISPLAY_TYPE.strip() = ''. Removing attribute DISPLAY_TYPE.
PO_OR_PRE | ISTP.DISPLAY_TYPE.Empty:
  Epoch: Epoch DISPLAY_TYPE.strip() = ''. Removing attribute DISPLAY_TYPE.
  Time_PB5: Time_PB5 DISPLAY_TYPE.strip() = ''. Removing attribute DISPLAY_TYPE.
  label_time: label_time DISPLAY_TYPE.strip() = ''. Removing attribute DISPLAY_TYPE.
  unit_time: unit_time DISPLAY_TYPE.strip() = ''. Removing attribute DISPLAY_TYPE.
  format_time: format_time DISPLAY_TYPE.strip() = ''. Removing attribute DISPLAY_TYPE.
  GCI_VEL: GCI_VEL DISPLAY_TYPE.strip() = ''. Removing attribute DISPLAY_TYPE.
  label_v: label_v DISPLAY_TYPE.strip() = ''. Removing attribute DISPLAY_TYPE.
  cartesian: cartesian DISPLAY_TYPE.strip() = ''. Removing attribute DISPLAY_TYPE.
  GSE_VEL: GSE_VEL DISPLAY_TYPE.strip() = ''. Removing attribute DISPLAY_TYPE.
  GSM_VEL: GSM_VEL DISPLAY_TYPE.strip() = ''. Removing attribute DISPLAY_TYPE.
  SUN_VECTOR: SUN_VECTOR DISPLAY_TYPE.strip() = ''. Removing attribute DISPLAY_TYPE.
  HEC_VEL: HEC_VEL DISPLAY_TYPE.strip() = ''. Removing attribute DISPLAY_TYPE.
  CRN_EARTH: CRN_EARTH DISPLAY_TYPE.strip() = ''. Removing attribute DISPLAY_TYPE.
  LONG_EARTH: LONG_EARTH DISPLAY_TYPE.strip() = ''. Removing attribute DISPLAY_TYPE.
  LAT_EARTH: LAT_EARTH DISPLAY_TYPE.strip() = ''. Removing attribute DISPLAY_TYPE.
  LONG_SPACE: LONG_SPACE DISPLAY_TYPE.strip() = ''. Removing attribute DISPLAY_TYPE.
  LAT_SPACE: LAT_SPACE DISPLAY_TYPE.strip() = ''. Removing attribute DISPLAY_TYPE.
  EDMLT_TIME: EDMLT_TIME DISPLAY_TYPE.strip() = ''. Removing attribute DISPLAY_TYPE.
  MAG_LATITUDE: MAG_LATITUDE DISPLAY_TYPE.strip() = ''. Removing attribute DISPLAY_TYPE.
  L_SHELL: L_SHELL DISPLAY_TYPE.strip() = ''. Removing attribute DISPLAY_TYPE.
  ORB_REV_NUM: ORB_REV_NUM DISPLAY_TYPE.strip() = ''. Removing attribute DISPLAY_TYPE.
  NEXT_CROSS: NEXT_CROSS DISPLAY_TYPE.strip() = ''. Removing attribute DISPLAY_TYPE.
  ORB_CROSSING_TIME: ORB_CROSSING_TIME DISPLAY_TYPE.strip() = ''. Removing attribute DISPLAY_TYPE.
PO_PA_DEF | ISTP.DISPLAY_TYPE.Empty:
  Epoch: Epoch DISPLAY_TYPE.strip() = ''. Removing attribute DISPLAY_TYPE.
  Time_PB5: Time_PB5 DISPLAY_TYPE.strip() = ''. Removing attribute DISPLAY_TYPE.
  label_time: label_time DISPLAY_TYPE.strip() = ''. Removing attribute DISPLAY_TYPE.
  unit_time: unit_time DISPLAY_TYPE.strip() = ''. Removing attribute DISPLAY_TYPE.
  format_time: format_time DISPLAY_TYPE.strip() = ''. Removing attribute DISPLAY_TYPE.
  ORB_PITCH: ORB_PITCH DISPLAY_TYPE.strip() = ''. Removing attribute DISPLAY_TYPE.
  ORB_ROLL: ORB_ROLL DISPLAY_TYPE.strip() = ''. Removing attribute DISPLAY_TYPE.
  ORB_YAW: ORB_YAW DISPLAY_TYPE.strip() = ''. Removing attribute DISPLAY_TYPE.
  GCI_PITCH: GCI_PITCH DISPLAY_TYPE.strip() = ''. Removing attribute DISPLAY_TYPE.
  GCI_ROLL: GCI_ROLL DISPLAY_TYPE.strip() = ''. Removing attribute DISPLAY_TYPE.
  GCI_YAW: GCI_YAW DISPLAY_TYPE.strip() = ''. Removing attribute DISPLAY_TYPE.
  GSE_PITCH: GSE_PITCH DISPLAY_TYPE.strip() = ''. Removing attribute DISPLAY_TYPE.
  GSE_ROLL: GSE_ROLL DISPLAY_TYPE.strip() = ''. Removing attribute DISPLAY_TYPE.
  GSE_YAW: GSE_YAW DISPLAY_TYPE.strip() = ''. Removing attribute DISPLAY_TYPE.
  GSM_PITCH: GSM_PITCH DISPLAY_TYPE.strip() = ''. Removing attribute DISPLAY_TYPE.
  GSM_ROLL: GSM_ROLL DISPLAY_TYPE.strip() = ''. Removing attribute DISPLAY_TYPE.
  GSM_YAW: GSM_YAW DISPLAY_TYPE.strip() = ''. Removing attribute DISPLAY_TYPE.
  DPA_INDICATOR: DPA_INDICATOR DISPLAY_TYPE.strip() = ''. Removing attribute DISPLAY_TYPE.
  DSP_ANGLE: DSP_ANGLE DISPLAY_TYPE.strip() = ''. Removing attribute DISPLAY_TYPE.
  LOCK_STATUS: LOCK_STATUS DISPLAY_TYPE.strip() = ''. Removing attribute DISPLAY_TYPE.
PSP_COHO1HR_MERGED_MAG_PLASMA | ISTP.DISPLAY_TYPE.Empty:
  Epoch: Epoch DISPLAY_TYPE.strip() = ''. Removing attribute DISPLAY_TYPE.
PSP_HELIO1DAY_POSITION | ISTP.DISPLAY_TYPE.Empty:
  Epoch: Epoch DISPLAY_TYPE.strip() = ''. Removing attribute DISPLAY_TYPE.
PSP_HELIO1HR_POSITION | ISTP.DISPLAY_TYPE.Empty:
  Epoch: Epoch DISPLAY_TYPE.strip() = ''. Removing attribute DISPLAY_TYPE.
RBSPA_REL03_ECT-REPT-SCI-L3 | ISTP.DISPLAY_TYPE.Empty:
  Pos_label: Pos_label DISPLAY_TYPE.strip() = ''. Removing attribute DISPLAY_TYPE.
RBSPB_REL03_ECT-REPT-SCI-L3 | ISTP.DISPLAY_TYPE.Empty:
  Pos_label: Pos_label DISPLAY_TYPE.strip() = ''. Removing attribute DISPLAY_TYPE.
ROSETTA_HELIO1DAY_POSITION | ISTP.DISPLAY_TYPE.Empty:
  Epoch: Epoch DISPLAY_TYPE.strip() = ''. Removing attribute DISPLAY_TYPE.
ROSETTA_HELIO1HR_POSITION | ISTP.DISPLAY_TYPE.Empty:
  Epoch: Epoch DISPLAY_TYPE.strip() = ''. Removing attribute DISPLAY_TYPE.
RS_K0_IPEI | ISTP.DISPLAY_TYPE.Empty:
  Epoch: Epoch DISPLAY_TYPE.strip() = ''. Removing attribute DISPLAY_TYPE.
  Time_PB5: Time_PB5 DISPLAY_TYPE.strip() = ''. Removing attribute DISPLAY_TYPE.
  label_time: label_time DISPLAY_TYPE.strip() = ''. Removing attribute DISPLAY_TYPE.
  unit_time: unit_time DISPLAY_TYPE.strip() = ''. Removing attribute DISPLAY_TYPE.
  format_time: format_time DISPLAY_TYPE.strip() = ''. Removing attribute DISPLAY_TYPE.
SAKIGAKE_HELIO1DAY_POSITION | ISTP.DISPLAY_TYPE.Empty:
  Epoch: Epoch DISPLAY_TYPE.strip() = ''. Removing attribute DISPLAY_TYPE.
SAKIGAKE_HELIO1HR_POSITION | ISTP.DISPLAY_TYPE.Empty:
  Epoch: Epoch DISPLAY_TYPE.strip() = ''. Removing attribute DISPLAY_TYPE.
SATURN_HELIO1DAY_POSITION | ISTP.DISPLAY_TYPE.Empty:
  Epoch: Epoch DISPLAY_TYPE.strip() = ''. Removing attribute DISPLAY_TYPE.
SATURN_HELIO1HR_POSITION | ISTP.DISPLAY_TYPE.Empty:
  Epoch: Epoch DISPLAY_TYPE.strip() = ''. Removing attribute DISPLAY_TYPE.
SE_K0_AIS | ISTP.DISPLAY_TYPE.Empty:
  Epoch: Epoch DISPLAY_TYPE.strip() = ''. Removing attribute DISPLAY_TYPE.
  Time_PB5: Time_PB5 DISPLAY_TYPE.strip() = ''. Removing attribute DISPLAY_TYPE.
  label_time: label_time DISPLAY_TYPE.strip() = ''. Removing attribute DISPLAY_TYPE.
  unit_time: unit_time DISPLAY_TYPE.strip() = ''. Removing attribute DISPLAY_TYPE.
  format_time: format_time DISPLAY_TYPE.strip() = ''. Removing attribute DISPLAY_TYPE.
  half_duration: half_duration DISPLAY_TYPE.strip() = ''. Removing attribute DISPLAY_TYPE.
  quality_flag: quality_flag DISPLAY_TYPE.strip() = ''. Removing attribute DISPLAY_TYPE.
  feature_flag: feature_flag DISPLAY_TYPE.strip() = ''. Removing attribute DISPLAY_TYPE.
  post_gap: post_gap DISPLAY_TYPE.strip() = ''. Removing attribute DISPLAY_TYPE.
SE_K0_FPI | ISTP.DISPLAY_TYPE.Empty:
  Epoch: Epoch DISPLAY_TYPE.strip() = ''. Removing attribute DISPLAY_TYPE.
  Time_PB5: Time_PB5 DISPLAY_TYPE.strip() = ''. Removing attribute DISPLAY_TYPE.
  label_time: label_time DISPLAY_TYPE.strip() = ''. Removing attribute DISPLAY_TYPE.
  unit_time: unit_time DISPLAY_TYPE.strip() = ''. Removing attribute DISPLAY_TYPE.
  format_time: format_time DISPLAY_TYPE.strip() = ''. Removing attribute DISPLAY_TYPE.
  Velocity_South: Velocity_South DISPLAY_TYPE.strip() = ''. Removing attribute DISPLAY_TYPE.
  Velocity_East : Velocity_East  DISPLAY_TYPE.strip() = ''. Removing attribute DISPLAY_TYPE.
  Wavelength: Wavelength DISPLAY_TYPE.strip() = ''. Removing attribute DISPLAY_TYPE.
  quality_flag: quality_flag DISPLAY_TYPE.strip() = ''. Removing attribute DISPLAY_TYPE.
  post_gap: post_gap DISPLAY_TYPE.strip() = ''. Removing attribute DISPLAY_TYPE.
SE_K0_MAG | ISTP.DISPLAY_TYPE.Empty:
  Epoch: Epoch DISPLAY_TYPE.strip() = ''. Removing attribute DISPLAY_TYPE.
  Time_PB5: Time_PB5 DISPLAY_TYPE.strip() = ''. Removing attribute DISPLAY_TYPE.
  label_time: label_time DISPLAY_TYPE.strip() = ''. Removing attribute DISPLAY_TYPE.
  unit_time: unit_time DISPLAY_TYPE.strip() = ''. Removing attribute DISPLAY_TYPE.
  format_time: format_time DISPLAY_TYPE.strip() = ''. Removing attribute DISPLAY_TYPE.
  HDZ_system: HDZ_system DISPLAY_TYPE.strip() = ''. Removing attribute DISPLAY_TYPE.
  label_1: label_1 DISPLAY_TYPE.strip() = ''. Removing attribute DISPLAY_TYPE.
  quality_flag: quality_flag DISPLAY_TYPE.strip() = ''. Removing attribute DISPLAY_TYPE.
  post_gap: post_gap DISPLAY_TYPE.strip() = ''. Removing attribute DISPLAY_TYPE.
SE_K0_RIO | ISTP.DISPLAY_TYPE.Empty:
  Epoch: Epoch DISPLAY_TYPE.strip() = ''. Removing attribute DISPLAY_TYPE.
  Time_PB5: Time_PB5 DISPLAY_TYPE.strip() = ''. Removing attribute DISPLAY_TYPE.
  label_time: label_time DISPLAY_TYPE.strip() = ''. Removing attribute DISPLAY_TYPE.
  unit_time: unit_time DISPLAY_TYPE.strip() = ''. Removing attribute DISPLAY_TYPE.
  format_time: format_time DISPLAY_TYPE.strip() = ''. Removing attribute DISPLAY_TYPE.
  label_1: label_1 DISPLAY_TYPE.strip() = ''. Removing attribute DISPLAY_TYPE.
  quality_flag: quality_flag DISPLAY_TYPE.strip() = ''. Removing attribute DISPLAY_TYPE.
  post_gap: post_gap DISPLAY_TYPE.strip() = ''. Removing attribute DISPLAY_TYPE.
SE_K0_VLF | ISTP.DISPLAY_TYPE.Empty:
  Epoch: Epoch DISPLAY_TYPE.strip() = ''. Removing attribute DISPLAY_TYPE.
  Time_PB5: Time_PB5 DISPLAY_TYPE.strip() = ''. Removing attribute DISPLAY_TYPE.
  label_time: label_time DISPLAY_TYPE.strip() = ''. Removing attribute DISPLAY_TYPE.
  unit_time: unit_time DISPLAY_TYPE.strip() = ''. Removing attribute DISPLAY_TYPE.
  format_time: format_time DISPLAY_TYPE.strip() = ''. Removing attribute DISPLAY_TYPE.
  quality_flag: quality_flag DISPLAY_TYPE.strip() = ''. Removing attribute DISPLAY_TYPE.
  post_gap: post_gap DISPLAY_TYPE.strip() = ''. Removing attribute DISPLAY_TYPE.
SOHO_HELIO1DAY_POSITION | ISTP.DISPLAY_TYPE.Empty:
  Epoch: Epoch DISPLAY_TYPE.strip() = ''. Removing attribute DISPLAY_TYPE.
SOHO_HELIO1HR_POSITION | ISTP.DISPLAY_TYPE.Empty:
  Epoch: Epoch DISPLAY_TYPE.strip() = ''. Removing attribute DISPLAY_TYPE.
SOLO_COHO1HR_MERGED_MAG_PLASMA | ISTP.DISPLAY_TYPE.Empty:
  Epoch: Epoch DISPLAY_TYPE.strip() = ''. Removing attribute DISPLAY_TYPE.
SOLO_HELIO1DAY_POSITION | ISTP.DISPLAY_TYPE.Empty:
  Epoch: Epoch DISPLAY_TYPE.strip() = ''. Removing attribute DISPLAY_TYPE.
SOLO_HELIO1HR_POSITION | ISTP.DISPLAY_TYPE.Empty:
  Epoch: Epoch DISPLAY_TYPE.strip() = ''. Removing attribute DISPLAY_TYPE.
SOLO_L2_RPW-LFR-SURV-CWF-E | ISTP.DISPLAY_TYPE.Empty:
  BW: BW DISPLAY_TYPE.strip() = ''. Removing attribute DISPLAY_TYPE.
SO_AT_DEF | ISTP.DISPLAY_TYPE.Empty:
  Epoch: Epoch DISPLAY_TYPE.strip() = ''. Removing attribute DISPLAY_TYPE.
  Time_PB5: Time_PB5 DISPLAY_TYPE.strip() = ''. Removing attribute DISPLAY_TYPE.
  label_time: label_time DISPLAY_TYPE.strip() = ''. Removing attribute DISPLAY_TYPE.
  unit_time: unit_time DISPLAY_TYPE.strip() = ''. Removing attribute DISPLAY_TYPE.
  format_time: format_time DISPLAY_TYPE.strip() = ''. Removing attribute DISPLAY_TYPE.
  SAT_PITCH_AVG: SAT_PITCH_AVG DISPLAY_TYPE.strip() = ''. Removing attribute DISPLAY_TYPE.
  SAT_ROLL_AVG: SAT_ROLL_AVG DISPLAY_TYPE.strip() = ''. Removing attribute DISPLAY_TYPE.
  SAT_YAW_AVG: SAT_YAW_AVG DISPLAY_TYPE.strip() = ''. Removing attribute DISPLAY_TYPE.
  SAR_PITCH_AVG: SAR_PITCH_AVG DISPLAY_TYPE.strip() = ''. Removing attribute DISPLAY_TYPE.
  SAR_ROLL_AVG: SAR_ROLL_AVG DISPLAY_TYPE.strip() = ''. Removing attribute DISPLAY_TYPE.
  SAR_YAW_AVG: SAR_YAW_AVG DISPLAY_TYPE.strip() = ''. Removing attribute DISPLAY_TYPE.
  GCI_PITCH_AVG: GCI_PITCH_AVG DISPLAY_TYPE.strip() = ''. Removing attribute DISPLAY_TYPE.
  GCI_ROLL_AVG: GCI_ROLL_AVG DISPLAY_TYPE.strip() = ''. Removing attribute DISPLAY_TYPE.
  GCI_YAW_AVG: GCI_YAW_AVG DISPLAY_TYPE.strip() = ''. Removing attribute DISPLAY_TYPE.
  GSE_PITCH_AVG: GSE_PITCH_AVG DISPLAY_TYPE.strip() = ''. Removing attribute DISPLAY_TYPE.
  GSE_ROLL_AVG: GSE_ROLL_AVG DISPLAY_TYPE.strip() = ''. Removing attribute DISPLAY_TYPE.
  GSE_YAW_AVG: GSE_YAW_AVG DISPLAY_TYPE.strip() = ''. Removing attribute DISPLAY_TYPE.
  GSM_PITCH_AVG: GSM_PITCH_AVG DISPLAY_TYPE.strip() = ''. Removing attribute DISPLAY_TYPE.
  GSM_ROLL_AVG: GSM_ROLL_AVG DISPLAY_TYPE.strip() = ''. Removing attribute DISPLAY_TYPE.
  GSM_YAW_AVG: GSM_YAW_AVG DISPLAY_TYPE.strip() = ''. Removing attribute DISPLAY_TYPE.
  SAT_PITCH_STDDEV: SAT_PITCH_STDDEV DISPLAY_TYPE.strip() = ''. Removing attribute DISPLAY_TYPE.
  SAT_ROLL_STDDEV: SAT_ROLL_STDDEV DISPLAY_TYPE.strip() = ''. Removing attribute DISPLAY_TYPE.
  SAT_YAW_STDDEV: SAT_YAW_STDDEV DISPLAY_TYPE.strip() = ''. Removing attribute DISPLAY_TYPE.
  SAT_PITCH_MIN: SAT_PITCH_MIN DISPLAY_TYPE.strip() = ''. Removing attribute DISPLAY_TYPE.
  SAT_ROLL_MIN: SAT_ROLL_MIN DISPLAY_TYPE.strip() = ''. Removing attribute DISPLAY_TYPE.
  SAT_YAW_MIN: SAT_YAW_MIN DISPLAY_TYPE.strip() = ''. Removing attribute DISPLAY_TYPE.
  SAT_PITCH_MAX: SAT_PITCH_MAX DISPLAY_TYPE.strip() = ''. Removing attribute DISPLAY_TYPE.
  SAT_ROLL_MAX: SAT_ROLL_MAX DISPLAY_TYPE.strip() = ''. Removing attribute DISPLAY_TYPE.
  SAT_YAW_MAX: SAT_YAW_MAX DISPLAY_TYPE.strip() = ''. Removing attribute DISPLAY_TYPE.
SO_K0_CEL | ISTP.DISPLAY_TYPE.Empty:
  Time_PB5: Time_PB5 DISPLAY_TYPE.strip() = ''. Removing attribute DISPLAY_TYPE.
  SW_Quality: SW_Quality DISPLAY_TYPE.strip() = ''. Removing attribute DISPLAY_TYPE.
  EUV_Quality: EUV_Quality DISPLAY_TYPE.strip() = ''. Removing attribute DISPLAY_TYPE.
  HIR_Quality: HIR_Quality DISPLAY_TYPE.strip() = ''. Removing attribute DISPLAY_TYPE.
  Gap_Flag: Gap_Flag DISPLAY_TYPE.strip() = ''. Removing attribute DISPLAY_TYPE.
  label_time: label_time DISPLAY_TYPE.strip() = ''. Removing attribute DISPLAY_TYPE.
  unit_time: unit_time DISPLAY_TYPE.strip() = ''. Removing attribute DISPLAY_TYPE.
  unit_energy: unit_energy DISPLAY_TYPE.strip() = ''. Removing attribute DISPLAY_TYPE.
  label_energy: label_energy DISPLAY_TYPE.strip() = ''. Removing attribute DISPLAY_TYPE.
  format_time: format_time DISPLAY_TYPE.strip() = ''. Removing attribute DISPLAY_TYPE.
SO_K0_CST | ISTP.DISPLAY_TYPE.Empty:
  Epoch: Epoch DISPLAY_TYPE.strip() = ''. Removing attribute DISPLAY_TYPE.
  Time_PB5: Time_PB5 DISPLAY_TYPE.strip() = ''. Removing attribute DISPLAY_TYPE.
  label_time: label_time DISPLAY_TYPE.strip() = ''. Removing attribute DISPLAY_TYPE.
  unit_time: unit_time DISPLAY_TYPE.strip() = ''. Removing attribute DISPLAY_TYPE.
  format_time: format_time DISPLAY_TYPE.strip() = ''. Removing attribute DISPLAY_TYPE.
  E_Energy: E_Energy DISPLAY_TYPE.strip() = ''. Removing attribute DISPLAY_TYPE.
  E_Delta: E_Delta DISPLAY_TYPE.strip() = ''. Removing attribute DISPLAY_TYPE.
  E_Label: E_Label DISPLAY_TYPE.strip() = ''. Removing attribute DISPLAY_TYPE.
  P_Energy: P_Energy DISPLAY_TYPE.strip() = ''. Removing attribute DISPLAY_TYPE.
  P_Delta: P_Delta DISPLAY_TYPE.strip() = ''. Removing attribute DISPLAY_TYPE.
  P_Label: P_Label DISPLAY_TYPE.strip() = ''. Removing attribute DISPLAY_TYPE.
  He_Energy: He_Energy DISPLAY_TYPE.strip() = ''. Removing attribute DISPLAY_TYPE.
  He_Delta: He_Delta DISPLAY_TYPE.strip() = ''. Removing attribute DISPLAY_TYPE.
  He_Label: He_Label DISPLAY_TYPE.strip() = ''. Removing attribute DISPLAY_TYPE.
  Ephin_Cover: Ephin_Cover DISPLAY_TYPE.strip() = ''. Removing attribute DISPLAY_TYPE.
  Lion_Cover: Lion_Cover DISPLAY_TYPE.strip() = ''. Removing attribute DISPLAY_TYPE.
  Rollang: Rollang DISPLAY_TYPE.strip() = ''. Removing attribute DISPLAY_TYPE.
  Ephin_Stat: Ephin_Stat DISPLAY_TYPE.strip() = ''. Removing attribute DISPLAY_TYPE.
  Lion_Stat: Lion_Stat DISPLAY_TYPE.strip() = ''. Removing attribute DISPLAY_TYPE.
  Ephin_DQF: Ephin_DQF DISPLAY_TYPE.strip() = ''. Removing attribute DISPLAY_TYPE.
  Lion_DQF: Lion_DQF DISPLAY_TYPE.strip() = ''. Removing attribute DISPLAY_TYPE.
  PGF: PGF DISPLAY_TYPE.strip() = ''. Removing attribute DISPLAY_TYPE.
SO_K0_ERN | ISTP.DISPLAY_TYPE.Empty:
  Epoch: Epoch DISPLAY_TYPE.strip() = ''. Removing attribute DISPLAY_TYPE.
  Time_PB5: Time_PB5 DISPLAY_TYPE.strip() = ''. Removing attribute DISPLAY_TYPE.
  label_time: label_time DISPLAY_TYPE.strip() = ''. Removing attribute DISPLAY_TYPE.
  unit_time: unit_time DISPLAY_TYPE.strip() = ''. Removing attribute DISPLAY_TYPE.
  format_time: format_time DISPLAY_TYPE.strip() = ''. Removing attribute DISPLAY_TYPE.
  Energy: Energy DISPLAY_TYPE.strip() = ''. Removing attribute DISPLAY_TYPE.
  Energy_Delta: Energy_Delta DISPLAY_TYPE.strip() = ''. Removing attribute DISPLAY_TYPE.
  E_Channel: E_Channel DISPLAY_TYPE.strip() = ''. Removing attribute DISPLAY_TYPE.
  E_Delta: E_Delta DISPLAY_TYPE.strip() = ''. Removing attribute DISPLAY_TYPE.
  R_Channel: R_Channel DISPLAY_TYPE.strip() = ''. Removing attribute DISPLAY_TYPE.
  R_Delta: R_Delta DISPLAY_TYPE.strip() = ''. Removing attribute DISPLAY_TYPE.
  label_E: label_E DISPLAY_TYPE.strip() = ''. Removing attribute DISPLAY_TYPE.
  label_Energy: label_Energy DISPLAY_TYPE.strip() = ''. Removing attribute DISPLAY_TYPE.
  label_R: label_R DISPLAY_TYPE.strip() = ''. Removing attribute DISPLAY_TYPE.
  label_H: label_H DISPLAY_TYPE.strip() = ''. Removing attribute DISPLAY_TYPE.
  DQF: DQF DISPLAY_TYPE.strip() = ''. Removing attribute DISPLAY_TYPE.
  Gap_Flag: Gap_Flag DISPLAY_TYPE.strip() = ''. Removing attribute DISPLAY_TYPE.
SO_OR_DEF | ISTP.DISPLAY_TYPE.Empty:
  Epoch: Epoch DISPLAY_TYPE.strip() = ''. Removing attribute DISPLAY_TYPE.
  Time_PB5: Time_PB5 DISPLAY_TYPE.strip() = ''. Removing attribute DISPLAY_TYPE.
  label_time: label_time DISPLAY_TYPE.strip() = ''. Removing attribute DISPLAY_TYPE.
  unit_time: unit_time DISPLAY_TYPE.strip() = ''. Removing attribute DISPLAY_TYPE.
  format_time: format_time DISPLAY_TYPE.strip() = ''. Removing attribute DISPLAY_TYPE.
  GCI_VEL: GCI_VEL DISPLAY_TYPE.strip() = ''. Removing attribute DISPLAY_TYPE.
  label_v: label_v DISPLAY_TYPE.strip() = ''. Removing attribute DISPLAY_TYPE.
  cartesian: cartesian DISPLAY_TYPE.strip() = ''. Removing attribute DISPLAY_TYPE.
  GSE_VEL: GSE_VEL DISPLAY_TYPE.strip() = ''. Removing attribute DISPLAY_TYPE.
  GSM_VEL: GSM_VEL DISPLAY_TYPE.strip() = ''. Removing attribute DISPLAY_TYPE.
  SUN_VECTOR: SUN_VECTOR DISPLAY_TYPE.strip() = ''. Removing attribute DISPLAY_TYPE.
  HEC_VEL: HEC_VEL DISPLAY_TYPE.strip() = ''. Removing attribute DISPLAY_TYPE.
  CRN_EARTH: CRN_EARTH DISPLAY_TYPE.strip() = ''. Removing attribute DISPLAY_TYPE.
  LONG_EARTH: LONG_EARTH DISPLAY_TYPE.strip() = ''. Removing attribute DISPLAY_TYPE.
  LAT_EARTH: LAT_EARTH DISPLAY_TYPE.strip() = ''. Removing attribute DISPLAY_TYPE.
  LONG_SPACE: LONG_SPACE DISPLAY_TYPE.strip() = ''. Removing attribute DISPLAY_TYPE.
  LAT_SPACE: LAT_SPACE DISPLAY_TYPE.strip() = ''. Removing attribute DISPLAY_TYPE.
SO_OR_PRE | ISTP.DISPLAY_TYPE.Empty:
  Epoch: Epoch DISPLAY_TYPE.strip() = ''. Removing attribute DISPLAY_TYPE.
  Time_PB5: Time_PB5 DISPLAY_TYPE.strip() = ''. Removing attribute DISPLAY_TYPE.
  label_time: label_time DISPLAY_TYPE.strip() = ''. Removing attribute DISPLAY_TYPE.
  unit_time: unit_time DISPLAY_TYPE.strip() = ''. Removing attribute DISPLAY_TYPE.
  format_time: format_time DISPLAY_TYPE.strip() = ''. Removing attribute DISPLAY_TYPE.
  GCI_VEL: GCI_VEL DISPLAY_TYPE.strip() = ''. Removing attribute DISPLAY_TYPE.
  label_v: label_v DISPLAY_TYPE.strip() = ''. Removing attribute DISPLAY_TYPE.
  cartesian: cartesian DISPLAY_TYPE.strip() = ''. Removing attribute DISPLAY_TYPE.
  GSE_VEL: GSE_VEL DISPLAY_TYPE.strip() = ''. Removing attribute DISPLAY_TYPE.
  GSM_VEL: GSM_VEL DISPLAY_TYPE.strip() = ''. Removing attribute DISPLAY_TYPE.
  HEC_VEL: HEC_VEL DISPLAY_TYPE.strip() = ''. Removing attribute DISPLAY_TYPE.
  CRN_EARTH: CRN_EARTH DISPLAY_TYPE.strip() = ''. Removing attribute DISPLAY_TYPE.
  LONG_EARTH: LONG_EARTH DISPLAY_TYPE.strip() = ''. Removing attribute DISPLAY_TYPE.
  LAT_EARTH: LAT_EARTH DISPLAY_TYPE.strip() = ''. Removing attribute DISPLAY_TYPE.
  LONG_SPACE: LONG_SPACE DISPLAY_TYPE.strip() = ''. Removing attribute DISPLAY_TYPE.
  LAT_SPACE: LAT_SPACE DISPLAY_TYPE.strip() = ''. Removing attribute DISPLAY_TYPE.
STA_COHO1HR_MERGED_MAG_PLASMA | ISTP.DISPLAY_TYPE.Empty:
  Epoch: Epoch DISPLAY_TYPE.strip() = ''. Removing attribute DISPLAY_TYPE.
STA_HELIO1DAY_POSITION | ISTP.DISPLAY_TYPE.Empty:
  Epoch: Epoch DISPLAY_TYPE.strip() = ''. Removing attribute DISPLAY_TYPE.
STA_HELIO1HR_POSITION | ISTP.DISPLAY_TYPE.Empty:
  Epoch: Epoch DISPLAY_TYPE.strip() = ''. Removing attribute DISPLAY_TYPE.
STA_L2_PLA_IRON_Q_2HR | ISTP.DISPLAY_TYPE.Empty:
  label_Fe_Q: label_Fe_Q DISPLAY_TYPE.strip() = ''. Removing attribute DISPLAY_TYPE.
STB_COHO1HR_MERGED_MAG_PLASMA | ISTP.DISPLAY_TYPE.Empty:
  Epoch: Epoch DISPLAY_TYPE.strip() = ''. Removing attribute DISPLAY_TYPE.
STB_HELIO1DAY_POSITION | ISTP.DISPLAY_TYPE.Empty:
  Epoch: Epoch DISPLAY_TYPE.strip() = ''. Removing attribute DISPLAY_TYPE.
STB_HELIO1HR_POSITION | ISTP.DISPLAY_TYPE.Empty:
  Epoch: Epoch DISPLAY_TYPE.strip() = ''. Removing attribute DISPLAY_TYPE.
STB_L2_PLA_IRON_Q_2HR | ISTP.DISPLAY_TYPE.Empty:
  label_Fe_Q: label_Fe_Q DISPLAY_TYPE.strip() = ''. Removing attribute DISPLAY_TYPE.
SUISEI_HELIO1DAY_POSITION | ISTP.DISPLAY_TYPE.Empty:
  Epoch: Epoch DISPLAY_TYPE.strip() = ''. Removing attribute DISPLAY_TYPE.
SUISEI_HELIO1HR_POSITION | ISTP.DISPLAY_TYPE.Empty:
  Epoch: Epoch DISPLAY_TYPE.strip() = ''. Removing attribute DISPLAY_TYPE.
SX_K0_30F | ISTP.DISPLAY_TYPE.Empty:
  Epoch: Epoch DISPLAY_TYPE.strip() = ''. Removing attribute DISPLAY_TYPE.
  sampex_time: sampex_time DISPLAY_TYPE.strip() = ''. Removing attribute DISPLAY_TYPE.
  iso_time: iso_time DISPLAY_TYPE.strip() = ''. Removing attribute DISPLAY_TYPE.
  orbit: orbit DISPLAY_TYPE.strip() = ''. Removing attribute DISPLAY_TYPE.
  mdf_vers: mdf_vers DISPLAY_TYPE.strip() = ''. Removing attribute DISPLAY_TYPE.
  bl_igrf_vers: bl_igrf_vers DISPLAY_TYPE.strip() = ''. Removing attribute DISPLAY_TYPE.
  mag_eph_vers: mag_eph_vers DISPLAY_TYPE.strip() = ''. Removing attribute DISPLAY_TYPE.
  geo_POS: geo_POS DISPLAY_TYPE.strip() = ''. Removing attribute DISPLAY_TYPE.
  geo_alt: geo_alt DISPLAY_TYPE.strip() = ''. Removing attribute DISPLAY_TYPE.
  gei_pos: gei_pos DISPLAY_TYPE.strip() = ''. Removing attribute DISPLAY_TYPE.
  gei_vel: gei_vel DISPLAY_TYPE.strip() = ''. Removing attribute DISPLAY_TYPE.
  dir_cos: dir_cos DISPLAY_TYPE.strip() = ''. Removing attribute DISPLAY_TYPE.
  exo_temp: exo_temp DISPLAY_TYPE.strip() = ''. Removing attribute DISPLAY_TYPE.
  drag: drag DISPLAY_TYPE.strip() = ''. Removing attribute DISPLAY_TYPE.
  geomag_index: geomag_index DISPLAY_TYPE.strip() = ''. Removing attribute DISPLAY_TYPE.
  ecd_pos: ecd_pos DISPLAY_TYPE.strip() = ''. Removing attribute DISPLAY_TYPE.
  ecd_lt: ecd_lt DISPLAY_TYPE.strip() = ''. Removing attribute DISPLAY_TYPE.
  L_shell: L_shell DISPLAY_TYPE.strip() = ''. Removing attribute DISPLAY_TYPE.
  Bfield_mag: Bfield_mag DISPLAY_TYPE.strip() = ''. Removing attribute DISPLAY_TYPE.
  equat_lt: equat_lt DISPLAY_TYPE.strip() = ''. Removing attribute DISPLAY_TYPE.
  invlat: invlat DISPLAY_TYPE.strip() = ''. Removing attribute DISPLAY_TYPE.
  pitch: pitch DISPLAY_TYPE.strip() = ''. Removing attribute DISPLAY_TYPE.
  losscone1: losscone1 DISPLAY_TYPE.strip() = ''. Removing attribute DISPLAY_TYPE.
  losscone2: losscone2 DISPLAY_TYPE.strip() = ''. Removing attribute DISPLAY_TYPE.
  b_vect_gei: b_vect_gei DISPLAY_TYPE.strip() = ''. Removing attribute DISPLAY_TYPE.
  b_vect_geogr: b_vect_geogr DISPLAY_TYPE.strip() = ''. Removing attribute DISPLAY_TYPE.
  dipole_mom: dipole_mom DISPLAY_TYPE.strip() = ''. Removing attribute DISPLAY_TYPE.
  dipole_displace: dipole_displace DISPLAY_TYPE.strip() = ''. Removing attribute DISPLAY_TYPE.
  declination: declination DISPLAY_TYPE.strip() = ''. Removing attribute DISPLAY_TYPE.
  dip: dip DISPLAY_TYPE.strip() = ''. Removing attribute DISPLAY_TYPE.
  mag_rad: mag_rad DISPLAY_TYPE.strip() = ''. Removing attribute DISPLAY_TYPE.
  mag_lat: mag_lat DISPLAY_TYPE.strip() = ''. Removing attribute DISPLAY_TYPE.
  mirror_point: mirror_point DISPLAY_TYPE.strip() = ''. Removing attribute DISPLAY_TYPE.
  cutoff: cutoff DISPLAY_TYPE.strip() = ''. Removing attribute DISPLAY_TYPE.
  saa_flag: saa_flag DISPLAY_TYPE.strip() = ''. Removing attribute DISPLAY_TYPE.
  zenith_z: zenith_z DISPLAY_TYPE.strip() = ''. Removing attribute DISPLAY_TYPE.
  azimuth_z: azimuth_z DISPLAY_TYPE.strip() = ''. Removing attribute DISPLAY_TYPE.
  ctrl_mode: ctrl_mode DISPLAY_TYPE.strip() = ''. Removing attribute DISPLAY_TYPE.
  sun_b_angle: sun_b_angle DISPLAY_TYPE.strip() = ''. Removing attribute DISPLAY_TYPE.
  Prot_Dif_Flux: Prot_Dif_Flux DISPLAY_TYPE.strip() = ''. Removing attribute DISPLAY_TYPE.
  Elect_Dif_Flx: Elect_Dif_Flx DISPLAY_TYPE.strip() = ''. Removing attribute DISPLAY_TYPE.
  Int_Flux: Int_Flux DISPLAY_TYPE.strip() = ''. Removing attribute DISPLAY_TYPE.
  Prot_Flux_Sigma: Prot_Flux_Sigma DISPLAY_TYPE.strip() = ''. Removing attribute DISPLAY_TYPE.
  Elect_Flx_Sigma: Elect_Flx_Sigma DISPLAY_TYPE.strip() = ''. Removing attribute DISPLAY_TYPE.
  Int_Flux_sigma: Int_Flux_sigma DISPLAY_TYPE.strip() = ''. Removing attribute DISPLAY_TYPE.
  zGT2_Energy: zGT2_Energy DISPLAY_TYPE.strip() = ''. Removing attribute DISPLAY_TYPE.
  zGT2_Halfwide: zGT2_Halfwide DISPLAY_TYPE.strip() = ''. Removing attribute DISPLAY_TYPE.
  zGT2_Channels: zGT2_Channels DISPLAY_TYPE.strip() = ''. Removing attribute DISPLAY_TYPE.
  He_Energy: He_Energy DISPLAY_TYPE.strip() = ''. Removing attribute DISPLAY_TYPE.
  He_Halfwide: He_Halfwide DISPLAY_TYPE.strip() = ''. Removing attribute DISPLAY_TYPE.
  He_Channels: He_Channels DISPLAY_TYPE.strip() = ''. Removing attribute DISPLAY_TYPE.
  Proton_Energy: Proton_Energy DISPLAY_TYPE.strip() = ''. Removing attribute DISPLAY_TYPE.
  Proton_Halfwide: Proton_Halfwide DISPLAY_TYPE.strip() = ''. Removing attribute DISPLAY_TYPE.
  Proton_Channels: Proton_Channels DISPLAY_TYPE.strip() = ''. Removing attribute DISPLAY_TYPE.
  Ele_Energy: Ele_Energy DISPLAY_TYPE.strip() = ''. Removing attribute DISPLAY_TYPE.
  Ele_Halfwide: Ele_Halfwide DISPLAY_TYPE.strip() = ''. Removing attribute DISPLAY_TYPE.
  Ele_Channels: Ele_Channels DISPLAY_TYPE.strip() = ''. Removing attribute DISPLAY_TYPE.
  label_geogrpos: label_geogrpos DISPLAY_TYPE.strip() = ''. Removing attribute DISPLAY_TYPE.
  label_gei: label_gei DISPLAY_TYPE.strip() = ''. Removing attribute DISPLAY_TYPE.
  label_body: label_body DISPLAY_TYPE.strip() = ''. Removing attribute DISPLAY_TYPE.
  label_vgei: label_vgei DISPLAY_TYPE.strip() = ''. Removing attribute DISPLAY_TYPE.
  label_dircos: label_dircos DISPLAY_TYPE.strip() = ''. Removing attribute DISPLAY_TYPE.
  label_ecd: label_ecd DISPLAY_TYPE.strip() = ''. Removing attribute DISPLAY_TYPE.
  label_bgei: label_bgei DISPLAY_TYPE.strip() = ''. Removing attribute DISPLAY_TYPE.
  label_bgeogr: label_bgeogr DISPLAY_TYPE.strip() = ''. Removing attribute DISPLAY_TYPE.
  label_dipole: label_dipole DISPLAY_TYPE.strip() = ''. Removing attribute DISPLAY_TYPE.
  label_displace: label_displace DISPLAY_TYPE.strip() = ''. Removing attribute DISPLAY_TYPE.
  label_mirror: label_mirror DISPLAY_TYPE.strip() = ''. Removing attribute DISPLAY_TYPE.
  label_4element: label_4element DISPLAY_TYPE.strip() = ''. Removing attribute DISPLAY_TYPE.
  unit_kdd: unit_kdd DISPLAY_TYPE.strip() = ''. Removing attribute DISPLAY_TYPE.
  unit_Gkdd: unit_Gkdd DISPLAY_TYPE.strip() = ''. Removing attribute DISPLAY_TYPE.
  label_LICAflg: label_LICAflg DISPLAY_TYPE.strip() = ''. Removing attribute DISPLAY_TYPE.
  label_HILTflg: label_HILTflg DISPLAY_TYPE.strip() = ''. Removing attribute DISPLAY_TYPE.
  label_MASTflg: label_MASTflg DISPLAY_TYPE.strip() = ''. Removing attribute DISPLAY_TYPE.
  label_PETflg: label_PETflg DISPLAY_TYPE.strip() = ''. Removing attribute DISPLAY_TYPE.
SX_K0_POF | ISTP.DISPLAY_TYPE.Empty:
  Epoch: Epoch DISPLAY_TYPE.strip() = ''. Removing attribute DISPLAY_TYPE.
  entry_time: entry_time DISPLAY_TYPE.strip() = ''. Removing attribute DISPLAY_TYPE.
  entry_iso_time: entry_iso_time DISPLAY_TYPE.strip() = ''. Removing attribute DISPLAY_TYPE.
  exit_iso_time: exit_iso_time DISPLAY_TYPE.strip() = ''. Removing attribute DISPLAY_TYPE.
  Prot_Dif_Flux: Prot_Dif_Flux DISPLAY_TYPE.strip() = ''. Removing attribute DISPLAY_TYPE.
  Elect_Dif_Flx: Elect_Dif_Flx DISPLAY_TYPE.strip() = ''. Removing attribute DISPLAY_TYPE.
  Int_Flux: Int_Flux DISPLAY_TYPE.strip() = ''. Removing attribute DISPLAY_TYPE.
  Prot_Flux_Sigma: Prot_Flux_Sigma DISPLAY_TYPE.strip() = ''. Removing attribute DISPLAY_TYPE.
  Elect_Flx_Sigma: Elect_Flx_Sigma DISPLAY_TYPE.strip() = ''. Removing attribute DISPLAY_TYPE.
  Int_Flux_sigma: Int_Flux_sigma DISPLAY_TYPE.strip() = ''. Removing attribute DISPLAY_TYPE.
  zGT2_Energy: zGT2_Energy DISPLAY_TYPE.strip() = ''. Removing attribute DISPLAY_TYPE.
  zGT2_Halfwide: zGT2_Halfwide DISPLAY_TYPE.strip() = ''. Removing attribute DISPLAY_TYPE.
  zGT2_Channels: zGT2_Channels DISPLAY_TYPE.strip() = ''. Removing attribute DISPLAY_TYPE.
  He_Energy: He_Energy DISPLAY_TYPE.strip() = ''. Removing attribute DISPLAY_TYPE.
  He_Halfwide: He_Halfwide DISPLAY_TYPE.strip() = ''. Removing attribute DISPLAY_TYPE.
  He_Channels: He_Channels DISPLAY_TYPE.strip() = ''. Removing attribute DISPLAY_TYPE.
  Proton_Energy: Proton_Energy DISPLAY_TYPE.strip() = ''. Removing attribute DISPLAY_TYPE.
  Proton_Halfwide: Proton_Halfwide DISPLAY_TYPE.strip() = ''. Removing attribute DISPLAY_TYPE.
  Proton_Channels: Proton_Channels DISPLAY_TYPE.strip() = ''. Removing attribute DISPLAY_TYPE.
  Ele_Energy: Ele_Energy DISPLAY_TYPE.strip() = ''. Removing attribute DISPLAY_TYPE.
  Ele_Halfwide: Ele_Halfwide DISPLAY_TYPE.strip() = ''. Removing attribute DISPLAY_TYPE.
  Ele_Channels: Ele_Channels DISPLAY_TYPE.strip() = ''. Removing attribute DISPLAY_TYPE.
  label_LICAflg: label_LICAflg DISPLAY_TYPE.strip() = ''. Removing attribute DISPLAY_TYPE.
  label_HILTflg: label_HILTflg DISPLAY_TYPE.strip() = ''. Removing attribute DISPLAY_TYPE.
  label_MASTflg: label_MASTflg DISPLAY_TYPE.strip() = ''. Removing attribute DISPLAY_TYPE.
  label_PETflg: label_PETflg DISPLAY_TYPE.strip() = ''. Removing attribute DISPLAY_TYPE.
THAPRED_OR_SSC | ISTP.DISPLAY_TYPE.Empty:
  Epoch: Epoch DISPLAY_TYPE.strip() = ''. Removing attribute DISPLAY_TYPE.
THA_OR_SSC | ISTP.DISPLAY_TYPE.Empty:
  Epoch: Epoch DISPLAY_TYPE.strip() = ''. Removing attribute DISPLAY_TYPE.
THBPRED_OR_SSC | ISTP.DISPLAY_TYPE.Empty:
  Epoch: Epoch DISPLAY_TYPE.strip() = ''. Removing attribute DISPLAY_TYPE.
THB_HELIO1DAY_POSITION | ISTP.DISPLAY_TYPE.Empty:
  Epoch: Epoch DISPLAY_TYPE.strip() = ''. Removing attribute DISPLAY_TYPE.
THB_HELIO1HR_POSITION | ISTP.DISPLAY_TYPE.Empty:
  Epoch: Epoch DISPLAY_TYPE.strip() = ''. Removing attribute DISPLAY_TYPE.
THB_OR_SSC | ISTP.DISPLAY_TYPE.Empty:
  Epoch: Epoch DISPLAY_TYPE.strip() = ''. Removing attribute DISPLAY_TYPE.
THCPRED_OR_SSC | ISTP.DISPLAY_TYPE.Empty:
  Epoch: Epoch DISPLAY_TYPE.strip() = ''. Removing attribute DISPLAY_TYPE.
THC_HELIO1DAY_POSITION | ISTP.DISPLAY_TYPE.Empty:
  Epoch: Epoch DISPLAY_TYPE.strip() = ''. Removing attribute DISPLAY_TYPE.
THC_HELIO1HR_POSITION | ISTP.DISPLAY_TYPE.Empty:
  Epoch: Epoch DISPLAY_TYPE.strip() = ''. Removing attribute DISPLAY_TYPE.
THC_OR_SSC | ISTP.DISPLAY_TYPE.Empty:
  Epoch: Epoch DISPLAY_TYPE.strip() = ''. Removing attribute DISPLAY_TYPE.
THDPRED_OR_SSC | ISTP.DISPLAY_TYPE.Empty:
  Epoch: Epoch DISPLAY_TYPE.strip() = ''. Removing attribute DISPLAY_TYPE.
THD_OR_SSC | ISTP.DISPLAY_TYPE.Empty:
  Epoch: Epoch DISPLAY_TYPE.strip() = ''. Removing attribute DISPLAY_TYPE.
THEPRED_OR_SSC | ISTP.DISPLAY_TYPE.Empty:
  Epoch: Epoch DISPLAY_TYPE.strip() = ''. Removing attribute DISPLAY_TYPE.
THE_OR_SSC | ISTP.DISPLAY_TYPE.Empty:
  Epoch: Epoch DISPLAY_TYPE.strip() = ''. Removing attribute DISPLAY_TYPE.
TIMED_EDP_GUVI | ISTP.DISPLAY_TYPE.Empty:
  label_norbp_VER0: label_norbp_VER0 DISPLAY_TYPE.strip() = ''. Removing attribute DISPLAY_TYPE.
  norbp_PROF: norbp_PROF DISPLAY_TYPE.strip() = ''. Removing attribute DISPLAY_TYPE.
  norbp_DPROF: norbp_DPROF DISPLAY_TYPE.strip() = ''. Removing attribute DISPLAY_TYPE.
  label_profile_altitude: label_profile_altitude DISPLAY_TYPE.strip() = ''. Removing attribute DISPLAY_TYPE.
TSS-1R_M1_CSAA | ISTP.DISPLAY_TYPE.Empty:
  Epoch: Epoch DISPLAY_TYPE.strip() = ''. Removing attribute DISPLAY_TYPE.
TSS-1R_M1_CSAB | ISTP.DISPLAY_TYPE.Empty:
  Epoch: Epoch DISPLAY_TYPE.strip() = ''. Removing attribute DISPLAY_TYPE.
TSS-1R_M1_CSCA | ISTP.DISPLAY_TYPE.Empty:
  Epoch: Epoch DISPLAY_TYPE.strip() = ''. Removing attribute DISPLAY_TYPE.
TSS-1R_M1_CSCB | ISTP.DISPLAY_TYPE.Empty:
  Epoch: Epoch DISPLAY_TYPE.strip() = ''. Removing attribute DISPLAY_TYPE.
TSS-1R_M1_CSEA | ISTP.DISPLAY_TYPE.Empty:
  Epoch: Epoch DISPLAY_TYPE.strip() = ''. Removing attribute DISPLAY_TYPE.
TSS-1R_M1_CSEB | ISTP.DISPLAY_TYPE.Empty:
  Epoch: Epoch DISPLAY_TYPE.strip() = ''. Removing attribute DISPLAY_TYPE.
TSS-1R_M1_CSMA | ISTP.DISPLAY_TYPE.Empty:
  Epoch: Epoch DISPLAY_TYPE.strip() = ''. Removing attribute DISPLAY_TYPE.
TSS-1R_M1_CSMB | ISTP.DISPLAY_TYPE.Empty:
  Epoch: Epoch DISPLAY_TYPE.strip() = ''. Removing attribute DISPLAY_TYPE.
TSS-1R_M1_CSSA | ISTP.DISPLAY_TYPE.Empty:
  Epoch: Epoch DISPLAY_TYPE.strip() = ''. Removing attribute DISPLAY_TYPE.
TSS-1R_M1_CSSB | ISTP.DISPLAY_TYPE.Empty:
  Epoch: Epoch DISPLAY_TYPE.strip() = ''. Removing attribute DISPLAY_TYPE.
TSS-1R_M1_CSSC | ISTP.DISPLAY_TYPE.Empty:
  Epoch: Epoch DISPLAY_TYPE.strip() = ''. Removing attribute DISPLAY_TYPE.
TSS-1R_M1_CSTA | ISTP.DISPLAY_TYPE.Empty:
  Epoch: Epoch DISPLAY_TYPE.strip() = ''. Removing attribute DISPLAY_TYPE.
TSS-1R_M1_DBPO | ISTP.DISPLAY_TYPE.Empty:
  Epoch: Epoch DISPLAY_TYPE.strip() = ''. Removing attribute DISPLAY_TYPE.
  Epoch_TO1: Epoch_TO1 DISPLAY_TYPE.strip() = ''. Removing attribute DISPLAY_TYPE.
TSS-1R_M1_DBSA | ISTP.DISPLAY_TYPE.Empty:
  Epoch: Epoch DISPLAY_TYPE.strip() = ''. Removing attribute DISPLAY_TYPE.
  Epoch_TO1: Epoch_TO1 DISPLAY_TYPE.strip() = ''. Removing attribute DISPLAY_TYPE.
TSS-1R_M1_DBSB | ISTP.DISPLAY_TYPE.Empty:
  Epoch: Epoch DISPLAY_TYPE.strip() = ''. Removing attribute DISPLAY_TYPE.
  Epoch_TO1: Epoch_TO1 DISPLAY_TYPE.strip() = ''. Removing attribute DISPLAY_TYPE.
  Epoch_TO2: Epoch_TO2 DISPLAY_TYPE.strip() = ''. Removing attribute DISPLAY_TYPE.
TSS-1R_M1_DBSC | ISTP.DISPLAY_TYPE.Empty:
  Epoch: Epoch DISPLAY_TYPE.strip() = ''. Removing attribute DISPLAY_TYPE.
TSS-1R_M1_DBTA | ISTP.DISPLAY_TYPE.Empty:
  Epoch: Epoch DISPLAY_TYPE.strip() = ''. Removing attribute DISPLAY_TYPE.
  Epoch_TO1: Epoch_TO1 DISPLAY_TYPE.strip() = ''. Removing attribute DISPLAY_TYPE.
  Epoch_TO2: Epoch_TO2 DISPLAY_TYPE.strip() = ''. Removing attribute DISPLAY_TYPE.
TSS-1R_M1_DCDV | ISTP.DISPLAY_TYPE.Empty:
  Epoch: Epoch DISPLAY_TYPE.strip() = ''. Removing attribute DISPLAY_TYPE.
  Mode_Epoch: Mode_Epoch DISPLAY_TYPE.strip() = ''. Removing attribute DISPLAY_TYPE.
TSS-1R_M1_DCGA | ISTP.DISPLAY_TYPE.Empty:
  Epoch: Epoch DISPLAY_TYPE.strip() = ''. Removing attribute DISPLAY_TYPE.
TSS-1R_M1_DCGB | ISTP.DISPLAY_TYPE.Empty:
  Epoch: Epoch DISPLAY_TYPE.strip() = ''. Removing attribute DISPLAY_TYPE.
TSS-1R_M1_DCGC | ISTP.DISPLAY_TYPE.Empty:
  Epoch: Epoch DISPLAY_TYPE.strip() = ''. Removing attribute DISPLAY_TYPE.
TSS-1R_M1_DCMA | ISTP.DISPLAY_TYPE.Empty:
  Epoch: Epoch DISPLAY_TYPE.strip() = ''. Removing attribute DISPLAY_TYPE.
  Epoch_TO1: Epoch_TO1 DISPLAY_TYPE.strip() = ''. Removing attribute DISPLAY_TYPE.
  Epoch_TO2: Epoch_TO2 DISPLAY_TYPE.strip() = ''. Removing attribute DISPLAY_TYPE.
  Epoch_TO3: Epoch_TO3 DISPLAY_TYPE.strip() = ''. Removing attribute DISPLAY_TYPE.
  Epoch_TO4: Epoch_TO4 DISPLAY_TYPE.strip() = ''. Removing attribute DISPLAY_TYPE.
TSS-1R_M1_DCMB | ISTP.DISPLAY_TYPE.Empty:
  Epoch: Epoch DISPLAY_TYPE.strip() = ''. Removing attribute DISPLAY_TYPE.
  Epoch_TO1: Epoch_TO1 DISPLAY_TYPE.strip() = ''. Removing attribute DISPLAY_TYPE.
  Epoch_TO2: Epoch_TO2 DISPLAY_TYPE.strip() = ''. Removing attribute DISPLAY_TYPE.
  Epoch_TO3: Epoch_TO3 DISPLAY_TYPE.strip() = ''. Removing attribute DISPLAY_TYPE.
  Epoch_TO4: Epoch_TO4 DISPLAY_TYPE.strip() = ''. Removing attribute DISPLAY_TYPE.
  Epoch_TO5: Epoch_TO5 DISPLAY_TYPE.strip() = ''. Removing attribute DISPLAY_TYPE.
TSS-1R_M1_DCMC | ISTP.DISPLAY_TYPE.Empty:
  Epoch: Epoch DISPLAY_TYPE.strip() = ''. Removing attribute DISPLAY_TYPE.
  Epoch_TO1: Epoch_TO1 DISPLAY_TYPE.strip() = ''. Removing attribute DISPLAY_TYPE.
TSS-1R_M1_DCMD | ISTP.DISPLAY_TYPE.Empty:
  Epoch: Epoch DISPLAY_TYPE.strip() = ''. Removing attribute DISPLAY_TYPE.
  Epoch_TO1: Epoch_TO1 DISPLAY_TYPE.strip() = ''. Removing attribute DISPLAY_TYPE.
TSS-1R_M1_DCME | ISTP.DISPLAY_TYPE.Empty:
  Epoch: Epoch DISPLAY_TYPE.strip() = ''. Removing attribute DISPLAY_TYPE.
  Epoch_TO1: Epoch_TO1 DISPLAY_TYPE.strip() = ''. Removing attribute DISPLAY_TYPE.
TSS-1R_M1_DCSA | ISTP.DISPLAY_TYPE.Empty:
  Epoch: Epoch DISPLAY_TYPE.strip() = ''. Removing attribute DISPLAY_TYPE.
TSS-1R_M1_DCSB | ISTP.DISPLAY_TYPE.Empty:
  Epoch: Epoch DISPLAY_TYPE.strip() = ''. Removing attribute DISPLAY_TYPE.
  Epoch_TO1: Epoch_TO1 DISPLAY_TYPE.strip() = ''. Removing attribute DISPLAY_TYPE.
  Epoch_TO2: Epoch_TO2 DISPLAY_TYPE.strip() = ''. Removing attribute DISPLAY_TYPE.
TSS-1R_M1_DCTA | ISTP.DISPLAY_TYPE.Empty:
  Epoch: Epoch DISPLAY_TYPE.strip() = ''. Removing attribute DISPLAY_TYPE.
  Epoch_TO1: Epoch_TO1 DISPLAY_TYPE.strip() = ''. Removing attribute DISPLAY_TYPE.
  Epoch_TO2: Epoch_TO2 DISPLAY_TYPE.strip() = ''. Removing attribute DISPLAY_TYPE.
  Epoch_TO3: Epoch_TO3 DISPLAY_TYPE.strip() = ''. Removing attribute DISPLAY_TYPE.
  Epoch_TO4: Epoch_TO4 DISPLAY_TYPE.strip() = ''. Removing attribute DISPLAY_TYPE.
TSS-1R_M1_DPHA | ISTP.DISPLAY_TYPE.Empty:
  Epoch: Epoch DISPLAY_TYPE.strip() = ''. Removing attribute DISPLAY_TYPE.
TSS-1R_M1_DPHB | ISTP.DISPLAY_TYPE.Empty:
  Epoch: Epoch DISPLAY_TYPE.strip() = ''. Removing attribute DISPLAY_TYPE.
TSS-1R_M1_DPHC | ISTP.DISPLAY_TYPE.Empty:
  Epoch: Epoch DISPLAY_TYPE.strip() = ''. Removing attribute DISPLAY_TYPE.
TSS-1R_M1_DPHD | ISTP.DISPLAY_TYPE.Empty:
  Epoch: Epoch DISPLAY_TYPE.strip() = ''. Removing attribute DISPLAY_TYPE.
TSS-1R_M1_DPHE | ISTP.DISPLAY_TYPE.Empty:
  Epoch: Epoch DISPLAY_TYPE.strip() = ''. Removing attribute DISPLAY_TYPE.
TSS-1R_M1_DPMA | ISTP.DISPLAY_TYPE.Empty:
  Epoch: Epoch DISPLAY_TYPE.strip() = ''. Removing attribute DISPLAY_TYPE.
TSS-1R_M1_DPMB | ISTP.DISPLAY_TYPE.Empty:
  Epoch: Epoch DISPLAY_TYPE.strip() = ''. Removing attribute DISPLAY_TYPE.
TSS-1R_M1_DPMC | ISTP.DISPLAY_TYPE.Empty:
  Epoch: Epoch DISPLAY_TYPE.strip() = ''. Removing attribute DISPLAY_TYPE.
TSS-1R_M1_DPMD | ISTP.DISPLAY_TYPE.Empty:
  Epoch: Epoch DISPLAY_TYPE.strip() = ''. Removing attribute DISPLAY_TYPE.
TSS-1R_M1_DPME | ISTP.DISPLAY_TYPE.Empty:
  Epoch: Epoch DISPLAY_TYPE.strip() = ''. Removing attribute DISPLAY_TYPE.
TSS-1R_M1_DPMF | ISTP.DISPLAY_TYPE.Empty:
  Epoch: Epoch DISPLAY_TYPE.strip() = ''. Removing attribute DISPLAY_TYPE.
TSS-1R_M1_DPMG | ISTP.DISPLAY_TYPE.Empty:
  Epoch: Epoch DISPLAY_TYPE.strip() = ''. Removing attribute DISPLAY_TYPE.
TSS-1R_M1_DPMH | ISTP.DISPLAY_TYPE.Empty:
  Epoch: Epoch DISPLAY_TYPE.strip() = ''. Removing attribute DISPLAY_TYPE.
TSS-1R_M1_DPMI | ISTP.DISPLAY_TYPE.Empty:
  Epoch: Epoch DISPLAY_TYPE.strip() = ''. Removing attribute DISPLAY_TYPE.
TSS-1R_M1_DPMJ | ISTP.DISPLAY_TYPE.Empty:
  Epoch: Epoch DISPLAY_TYPE.strip() = ''. Removing attribute DISPLAY_TYPE.
TSS-1R_M1_DPMK | ISTP.DISPLAY_TYPE.Empty:
  Epoch: Epoch DISPLAY_TYPE.strip() = ''. Removing attribute DISPLAY_TYPE.
TSS-1R_M1_DPSA | ISTP.DISPLAY_TYPE.Empty:
  Epoch: Epoch DISPLAY_TYPE.strip() = ''. Removing attribute DISPLAY_TYPE.
TSS-1R_M1_DPSC | ISTP.DISPLAY_TYPE.Empty:
  Epoch: Epoch DISPLAY_TYPE.strip() = ''. Removing attribute DISPLAY_TYPE.
TSS-1R_M1_DPSD | ISTP.DISPLAY_TYPE.Empty:
  Epoch: Epoch DISPLAY_TYPE.strip() = ''. Removing attribute DISPLAY_TYPE.
TSS-1R_M1_DPSE | ISTP.DISPLAY_TYPE.Empty:
  Epoch: Epoch DISPLAY_TYPE.strip() = ''. Removing attribute DISPLAY_TYPE.
TSS-1R_M1_DPSF | ISTP.DISPLAY_TYPE.Empty:
  Epoch: Epoch DISPLAY_TYPE.strip() = ''. Removing attribute DISPLAY_TYPE.
TSS-1R_M1_DPSG | ISTP.DISPLAY_TYPE.Empty:
  Epoch: Epoch DISPLAY_TYPE.strip() = ''. Removing attribute DISPLAY_TYPE.
TSS-1R_M1_DPSH | ISTP.DISPLAY_TYPE.Empty:
  Epoch: Epoch DISPLAY_TYPE.strip() = ''. Removing attribute DISPLAY_TYPE.
TSS-1R_M1_DPSI | ISTP.DISPLAY_TYPE.Empty:
  Epoch: Epoch DISPLAY_TYPE.strip() = ''. Removing attribute DISPLAY_TYPE.
TSS-1R_M1_DPSJ | ISTP.DISPLAY_TYPE.Empty:
  Epoch: Epoch DISPLAY_TYPE.strip() = ''. Removing attribute DISPLAY_TYPE.
TSS-1R_M1_DPTA | ISTP.DISPLAY_TYPE.Empty:
  Epoch: Epoch DISPLAY_TYPE.strip() = ''. Removing attribute DISPLAY_TYPE.
TSS-1R_M1_DPTB | ISTP.DISPLAY_TYPE.Empty:
  Epoch: Epoch DISPLAY_TYPE.strip() = ''. Removing attribute DISPLAY_TYPE.
TSS-1R_M1_EPMA | ISTP.DISPLAY_TYPE.Empty:
  Epoch: Epoch DISPLAY_TYPE.strip() = ''. Removing attribute DISPLAY_TYPE.
  Epoch_TO1: Epoch_TO1 DISPLAY_TYPE.strip() = ''. Removing attribute DISPLAY_TYPE.
TSS-1R_M1_EPMB | ISTP.DISPLAY_TYPE.Empty:
  Epoch: Epoch DISPLAY_TYPE.strip() = ''. Removing attribute DISPLAY_TYPE.
  Epoch_TO1: Epoch_TO1 DISPLAY_TYPE.strip() = ''. Removing attribute DISPLAY_TYPE.
  Epoch_TO2: Epoch_TO2 DISPLAY_TYPE.strip() = ''. Removing attribute DISPLAY_TYPE.
  Epoch_TO3: Epoch_TO3 DISPLAY_TYPE.strip() = ''. Removing attribute DISPLAY_TYPE.
  Epoch_TO4: Epoch_TO4 DISPLAY_TYPE.strip() = ''. Removing attribute DISPLAY_TYPE.
TSS-1R_M1_EPMC | ISTP.DISPLAY_TYPE.Empty:
  Epoch: Epoch DISPLAY_TYPE.strip() = ''. Removing attribute DISPLAY_TYPE.
TSS-1R_M1_EPMF | ISTP.DISPLAY_TYPE.Empty:
  Epoch: Epoch DISPLAY_TYPE.strip() = ''. Removing attribute DISPLAY_TYPE.
  Epoch_TO1: Epoch_TO1 DISPLAY_TYPE.strip() = ''. Removing attribute DISPLAY_TYPE.
  Epoch_TO2: Epoch_TO2 DISPLAY_TYPE.strip() = ''. Removing attribute DISPLAY_TYPE.
TSS-1R_M1_EPMG | ISTP.DISPLAY_TYPE.Empty:
  Epoch: Epoch DISPLAY_TYPE.strip() = ''. Removing attribute DISPLAY_TYPE.
  Epoch_TO1: Epoch_TO1 DISPLAY_TYPE.strip() = ''. Removing attribute DISPLAY_TYPE.
TSS-1R_M1_EPMH | ISTP.DISPLAY_TYPE.Empty:
  Epoch: Epoch DISPLAY_TYPE.strip() = ''. Removing attribute DISPLAY_TYPE.
TSS-1R_M1_EPSA | ISTP.DISPLAY_TYPE.Empty:
  Epoch: Epoch DISPLAY_TYPE.strip() = ''. Removing attribute DISPLAY_TYPE.
  Epoch_TO1: Epoch_TO1 DISPLAY_TYPE.strip() = ''. Removing attribute DISPLAY_TYPE.
TSS-1R_M1_EPSB | ISTP.DISPLAY_TYPE.Empty:
  Epoch: Epoch DISPLAY_TYPE.strip() = ''. Removing attribute DISPLAY_TYPE.
  Epoch_TO1: Epoch_TO1 DISPLAY_TYPE.strip() = ''. Removing attribute DISPLAY_TYPE.
TSS-1R_M1_EPSC | ISTP.DISPLAY_TYPE.Empty:
  Epoch: Epoch DISPLAY_TYPE.strip() = ''. Removing attribute DISPLAY_TYPE.
TSS-1R_M1_EPSD | ISTP.DISPLAY_TYPE.Empty:
  Epoch: Epoch DISPLAY_TYPE.strip() = ''. Removing attribute DISPLAY_TYPE.
TSS-1R_M1_RPBB | ISTP.DISPLAY_TYPE.Empty:
  Epoch: Epoch DISPLAY_TYPE.strip() = ''. Removing attribute DISPLAY_TYPE.
TSS-1R_M1_RPDM | ISTP.DISPLAY_TYPE.Empty:
  Epoch: Epoch DISPLAY_TYPE.strip() = ''. Removing attribute DISPLAY_TYPE.
TSS-1R_M1_RPDP | ISTP.DISPLAY_TYPE.Empty:
  Epoch: Epoch DISPLAY_TYPE.strip() = ''. Removing attribute DISPLAY_TYPE.
  Mode_Epoch: Mode_Epoch DISPLAY_TYPE.strip() = ''. Removing attribute DISPLAY_TYPE.
  Center_Scan: Center_Scan DISPLAY_TYPE.strip() = ''. Removing attribute DISPLAY_TYPE.
  Band_Low_Scan: Band_Low_Scan DISPLAY_TYPE.strip() = ''. Removing attribute DISPLAY_TYPE.
  Band_High_Scan: Band_High_Scan DISPLAY_TYPE.strip() = ''. Removing attribute DISPLAY_TYPE.
TSS-1R_M1_RPEA | ISTP.DISPLAY_TYPE.Empty:
  Epoch: Epoch DISPLAY_TYPE.strip() = ''. Removing attribute DISPLAY_TYPE.
  Mode_Epoch: Mode_Epoch DISPLAY_TYPE.strip() = ''. Removing attribute DISPLAY_TYPE.
  Center_Scan: Center_Scan DISPLAY_TYPE.strip() = ''. Removing attribute DISPLAY_TYPE.
  Band_Low_Scan: Band_Low_Scan DISPLAY_TYPE.strip() = ''. Removing attribute DISPLAY_TYPE.
  Band_High_Scan: Band_High_Scan DISPLAY_TYPE.strip() = ''. Removing attribute DISPLAY_TYPE.
TSS-1R_M1_RPEB | ISTP.DISPLAY_TYPE.Empty:
  Epoch: Epoch DISPLAY_TYPE.strip() = ''. Removing attribute DISPLAY_TYPE.
  Mode_Epoch: Mode_Epoch DISPLAY_TYPE.strip() = ''. Removing attribute DISPLAY_TYPE.
  Center_Scan: Center_Scan DISPLAY_TYPE.strip() = ''. Removing attribute DISPLAY_TYPE.
  Band_Low_Scan: Band_Low_Scan DISPLAY_TYPE.strip() = ''. Removing attribute DISPLAY_TYPE.
  Band_High_Scan: Band_High_Scan DISPLAY_TYPE.strip() = ''. Removing attribute DISPLAY_TYPE.
TSS-1R_M1_RPEM | ISTP.DISPLAY_TYPE.Empty:
  Epoch: Epoch DISPLAY_TYPE.strip() = ''. Removing attribute DISPLAY_TYPE.
TSS-1R_M1_RPHA | ISTP.DISPLAY_TYPE.Empty:
  Epoch: Epoch DISPLAY_TYPE.strip() = ''. Removing attribute DISPLAY_TYPE.
TSS-1R_M1_RPHB | ISTP.DISPLAY_TYPE.Empty:
  Epoch: Epoch DISPLAY_TYPE.strip() = ''. Removing attribute DISPLAY_TYPE.
TSS-1R_M1_RPHC | ISTP.DISPLAY_TYPE.Empty:
  Epoch: Epoch DISPLAY_TYPE.strip() = ''. Removing attribute DISPLAY_TYPE.
TSS-1R_M1_RPHD | ISTP.DISPLAY_TYPE.Empty:
  Epoch: Epoch DISPLAY_TYPE.strip() = ''. Removing attribute DISPLAY_TYPE.
TSS-1R_M1_RPHE | ISTP.DISPLAY_TYPE.Empty:
  Epoch: Epoch DISPLAY_TYPE.strip() = ''. Removing attribute DISPLAY_TYPE.
TSS-1R_M1_RPHF | ISTP.DISPLAY_TYPE.Empty:
  Epoch: Epoch DISPLAY_TYPE.strip() = ''. Removing attribute DISPLAY_TYPE.
  Center_Scan: Center_Scan DISPLAY_TYPE.strip() = ''. Removing attribute DISPLAY_TYPE.
  Band_Low_Scan: Band_Low_Scan DISPLAY_TYPE.strip() = ''. Removing attribute DISPLAY_TYPE.
  Band_High_Scan: Band_High_Scan DISPLAY_TYPE.strip() = ''. Removing attribute DISPLAY_TYPE.
TSS-1R_M1_RPHG | ISTP.DISPLAY_TYPE.Empty:
  Epoch: Epoch DISPLAY_TYPE.strip() = ''. Removing attribute DISPLAY_TYPE.
TSS-1R_M1_RPIA | ISTP.DISPLAY_TYPE.Empty:
  Epoch: Epoch DISPLAY_TYPE.strip() = ''. Removing attribute DISPLAY_TYPE.
  Mode_Epoch: Mode_Epoch DISPLAY_TYPE.strip() = ''. Removing attribute DISPLAY_TYPE.
  Center_Scan: Center_Scan DISPLAY_TYPE.strip() = ''. Removing attribute DISPLAY_TYPE.
  Band_Low_Scan: Band_Low_Scan DISPLAY_TYPE.strip() = ''. Removing attribute DISPLAY_TYPE.
  Band_High_Scan: Band_High_Scan DISPLAY_TYPE.strip() = ''. Removing attribute DISPLAY_TYPE.
TSS-1R_M1_RPIB | ISTP.DISPLAY_TYPE.Empty:
  Epoch: Epoch DISPLAY_TYPE.strip() = ''. Removing attribute DISPLAY_TYPE.
  Mode_Epoch: Mode_Epoch DISPLAY_TYPE.strip() = ''. Removing attribute DISPLAY_TYPE.
  Center_Scan: Center_Scan DISPLAY_TYPE.strip() = ''. Removing attribute DISPLAY_TYPE.
  Band_Low_Scan: Band_Low_Scan DISPLAY_TYPE.strip() = ''. Removing attribute DISPLAY_TYPE.
  Band_High_Scan: Band_High_Scan DISPLAY_TYPE.strip() = ''. Removing attribute DISPLAY_TYPE.
TSS-1R_M1_RPSA | ISTP.DISPLAY_TYPE.Empty:
  Epoch: Epoch DISPLAY_TYPE.strip() = ''. Removing attribute DISPLAY_TYPE.
TSS-1R_M1_RPSB | ISTP.DISPLAY_TYPE.Empty:
  Epoch: Epoch DISPLAY_TYPE.strip() = ''. Removing attribute DISPLAY_TYPE.
  Epoch_TO1: Epoch_TO1 DISPLAY_TYPE.strip() = ''. Removing attribute DISPLAY_TYPE.
  Epoch_TO2: Epoch_TO2 DISPLAY_TYPE.strip() = ''. Removing attribute DISPLAY_TYPE.
  Epoch_TO3: Epoch_TO3 DISPLAY_TYPE.strip() = ''. Removing attribute DISPLAY_TYPE.
TSS-1R_M1_RPSC | ISTP.DISPLAY_TYPE.Empty:
  Epoch: Epoch DISPLAY_TYPE.strip() = ''. Removing attribute DISPLAY_TYPE.
TSS-1R_M1_RPSD | ISTP.DISPLAY_TYPE.Empty:
  Epoch: Epoch DISPLAY_TYPE.strip() = ''. Removing attribute DISPLAY_TYPE.
TSS-1R_M1_RTEF | ISTP.DISPLAY_TYPE.Empty:
  Epoch: Epoch DISPLAY_TYPE.strip() = ''. Removing attribute DISPLAY_TYPE.
  Mode_Epoch: Mode_Epoch DISPLAY_TYPE.strip() = ''. Removing attribute DISPLAY_TYPE.
TSS-1R_M1_RTHF | ISTP.DISPLAY_TYPE.Empty:
  Epoch: Epoch DISPLAY_TYPE.strip() = ''. Removing attribute DISPLAY_TYPE.
  Center_Scan: Center_Scan DISPLAY_TYPE.strip() = ''. Removing attribute DISPLAY_TYPE.
  Band_Low_Scan: Band_Low_Scan DISPLAY_TYPE.strip() = ''. Removing attribute DISPLAY_TYPE.
  Band_High_Scan: Band_High_Scan DISPLAY_TYPE.strip() = ''. Removing attribute DISPLAY_TYPE.
TSS-1R_M1_RTIP | ISTP.DISPLAY_TYPE.Empty:
  Epoch: Epoch DISPLAY_TYPE.strip() = ''. Removing attribute DISPLAY_TYPE.
TSS-1R_M1_RTKA | ISTP.DISPLAY_TYPE.Empty:
  Epoch: Epoch DISPLAY_TYPE.strip() = ''. Removing attribute DISPLAY_TYPE.
TSS-1R_M1_RTKC | ISTP.DISPLAY_TYPE.Empty:
  Epoch: Epoch DISPLAY_TYPE.strip() = ''. Removing attribute DISPLAY_TYPE.
TSS-1R_M1_RTKD | ISTP.DISPLAY_TYPE.Empty:
  Epoch: Epoch DISPLAY_TYPE.strip() = ''. Removing attribute DISPLAY_TYPE.
TSS-1R_M1_RTKE | ISTP.DISPLAY_TYPE.Empty:
  Epoch: Epoch DISPLAY_TYPE.strip() = ''. Removing attribute DISPLAY_TYPE.
TSS-1R_M1_RTKF | ISTP.DISPLAY_TYPE.Empty:
  Epoch: Epoch DISPLAY_TYPE.strip() = ''. Removing attribute DISPLAY_TYPE.
TSS-1R_M1_RTKG | ISTP.DISPLAY_TYPE.Empty:
  Epoch: Epoch DISPLAY_TYPE.strip() = ''. Removing attribute DISPLAY_TYPE.
TSS-1R_M1_RTKH | ISTP.DISPLAY_TYPE.Empty:
  Epoch: Epoch DISPLAY_TYPE.strip() = ''. Removing attribute DISPLAY_TYPE.
TSS-1R_M1_RTKI | ISTP.DISPLAY_TYPE.Empty:
  Epoch: Epoch DISPLAY_TYPE.strip() = ''. Removing attribute DISPLAY_TYPE.
TSS-1R_M1_RTLA | ISTP.DISPLAY_TYPE.Empty:
  Epoch: Epoch DISPLAY_TYPE.strip() = ''. Removing attribute DISPLAY_TYPE.
  Center_Scan: Center_Scan DISPLAY_TYPE.strip() = ''. Removing attribute DISPLAY_TYPE.
  Band_Low_Scan: Band_Low_Scan DISPLAY_TYPE.strip() = ''. Removing attribute DISPLAY_TYPE.
  Band_High_Scan: Band_High_Scan DISPLAY_TYPE.strip() = ''. Removing attribute DISPLAY_TYPE.
TSS-1R_M1_RTLB | ISTP.DISPLAY_TYPE.Empty:
  Epoch: Epoch DISPLAY_TYPE.strip() = ''. Removing attribute DISPLAY_TYPE.
  Center_Scan: Center_Scan DISPLAY_TYPE.strip() = ''. Removing attribute DISPLAY_TYPE.
  Band_Low_Scan: Band_Low_Scan DISPLAY_TYPE.strip() = ''. Removing attribute DISPLAY_TYPE.
  Band_High_Scan: Band_High_Scan DISPLAY_TYPE.strip() = ''. Removing attribute DISPLAY_TYPE.
TSS-1R_M1_RTMC | ISTP.DISPLAY_TYPE.Empty:
  Epoch: Epoch DISPLAY_TYPE.strip() = ''. Removing attribute DISPLAY_TYPE.
  Center_Scan: Center_Scan DISPLAY_TYPE.strip() = ''. Removing attribute DISPLAY_TYPE.
  Band_Low_Scan: Band_Low_Scan DISPLAY_TYPE.strip() = ''. Removing attribute DISPLAY_TYPE.
  Band_High_Scan: Band_High_Scan DISPLAY_TYPE.strip() = ''. Removing attribute DISPLAY_TYPE.
TSS-1R_M1_RTMD | ISTP.DISPLAY_TYPE.Empty:
  Epoch: Epoch DISPLAY_TYPE.strip() = ''. Removing attribute DISPLAY_TYPE.
  Center_Scan: Center_Scan DISPLAY_TYPE.strip() = ''. Removing attribute DISPLAY_TYPE.
  Band_Low_Scan: Band_Low_Scan DISPLAY_TYPE.strip() = ''. Removing attribute DISPLAY_TYPE.
  Band_High_Scan: Band_High_Scan DISPLAY_TYPE.strip() = ''. Removing attribute DISPLAY_TYPE.
TSS-1R_M1_RTME | ISTP.DISPLAY_TYPE.Empty:
  Epoch: Epoch DISPLAY_TYPE.strip() = ''. Removing attribute DISPLAY_TYPE.
  Center_Scan: Center_Scan DISPLAY_TYPE.strip() = ''. Removing attribute DISPLAY_TYPE.
  Band_Low_Scan: Band_Low_Scan DISPLAY_TYPE.strip() = ''. Removing attribute DISPLAY_TYPE.
  Band_High_Scan: Band_High_Scan DISPLAY_TYPE.strip() = ''. Removing attribute DISPLAY_TYPE.
TSS-1R_M1_RTMF | ISTP.DISPLAY_TYPE.Empty:
  Epoch: Epoch DISPLAY_TYPE.strip() = ''. Removing attribute DISPLAY_TYPE.
  Center_Scan: Center_Scan DISPLAY_TYPE.strip() = ''. Removing attribute DISPLAY_TYPE.
  Band_Low_Scan: Band_Low_Scan DISPLAY_TYPE.strip() = ''. Removing attribute DISPLAY_TYPE.
  Band_High_Scan: Band_High_Scan DISPLAY_TYPE.strip() = ''. Removing attribute DISPLAY_TYPE.
TSS-1R_M1_RTRLP | ISTP.DISPLAY_TYPE.Empty:
  Epoch: Epoch DISPLAY_TYPE.strip() = ''. Removing attribute DISPLAY_TYPE.
TSS-1R_M1_SCAC | ISTP.DISPLAY_TYPE.Empty:
  Epoch: Epoch DISPLAY_TYPE.strip() = ''. Removing attribute DISPLAY_TYPE.
  Epoch_TO1: Epoch_TO1 DISPLAY_TYPE.strip() = ''. Removing attribute DISPLAY_TYPE.
  Epoch_TO2: Epoch_TO2 DISPLAY_TYPE.strip() = ''. Removing attribute DISPLAY_TYPE.
TSS-1R_M1_SCAF | ISTP.DISPLAY_TYPE.Empty:
  Epoch: Epoch DISPLAY_TYPE.strip() = ''. Removing attribute DISPLAY_TYPE.
TSS-1R_M1_SCMA | ISTP.DISPLAY_TYPE.Empty:
  Epoch: Epoch DISPLAY_TYPE.strip() = ''. Removing attribute DISPLAY_TYPE.
  Epoch_TO1: Epoch_TO1 DISPLAY_TYPE.strip() = ''. Removing attribute DISPLAY_TYPE.
  Epoch_TO2: Epoch_TO2 DISPLAY_TYPE.strip() = ''. Removing attribute DISPLAY_TYPE.
  Epoch_TO3: Epoch_TO3 DISPLAY_TYPE.strip() = ''. Removing attribute DISPLAY_TYPE.
TSS-1R_M1_SCMB | ISTP.DISPLAY_TYPE.Empty:
  Epoch: Epoch DISPLAY_TYPE.strip() = ''. Removing attribute DISPLAY_TYPE.
  Epoch_TO1: Epoch_TO1 DISPLAY_TYPE.strip() = ''. Removing attribute DISPLAY_TYPE.
TSS-1R_M1_SCMC | ISTP.DISPLAY_TYPE.Empty:
  Epoch: Epoch DISPLAY_TYPE.strip() = ''. Removing attribute DISPLAY_TYPE.
  Mode_Epoch: Mode_Epoch DISPLAY_TYPE.strip() = ''. Removing attribute DISPLAY_TYPE.
TSS-1R_M1_SCSA | ISTP.DISPLAY_TYPE.Empty:
  Epoch: Epoch DISPLAY_TYPE.strip() = ''. Removing attribute DISPLAY_TYPE.
  Epoch_TO1: Epoch_TO1 DISPLAY_TYPE.strip() = ''. Removing attribute DISPLAY_TYPE.
  Epoch_TO2: Epoch_TO2 DISPLAY_TYPE.strip() = ''. Removing attribute DISPLAY_TYPE.
TSS-1R_M1_SCSB | ISTP.DISPLAY_TYPE.Empty:
  Epoch: Epoch DISPLAY_TYPE.strip() = ''. Removing attribute DISPLAY_TYPE.
TSS-1R_M1_SHAA | ISTP.DISPLAY_TYPE.Empty:
  Epoch: Epoch DISPLAY_TYPE.strip() = ''. Removing attribute DISPLAY_TYPE.
TSS-1R_M1_SHAB | ISTP.DISPLAY_TYPE.Empty:
  Epoch: Epoch DISPLAY_TYPE.strip() = ''. Removing attribute DISPLAY_TYPE.
  Epoch_TO1: Epoch_TO1 DISPLAY_TYPE.strip() = ''. Removing attribute DISPLAY_TYPE.
TSS-1R_M1_SHAC | ISTP.DISPLAY_TYPE.Empty:
  Epoch: Epoch DISPLAY_TYPE.strip() = ''. Removing attribute DISPLAY_TYPE.
  Epoch_TO1: Epoch_TO1 DISPLAY_TYPE.strip() = ''. Removing attribute DISPLAY_TYPE.
  Mode_Epoch: Mode_Epoch DISPLAY_TYPE.strip() = ''. Removing attribute DISPLAY_TYPE.
TSS-1R_M1_SHAD | ISTP.DISPLAY_TYPE.Empty:
  Epoch: Epoch DISPLAY_TYPE.strip() = ''. Removing attribute DISPLAY_TYPE.
  Mode_Epoch: Mode_Epoch DISPLAY_TYPE.strip() = ''. Removing attribute DISPLAY_TYPE.
TSS-1R_M1_SHAE | ISTP.DISPLAY_TYPE.Empty:
  Epoch: Epoch DISPLAY_TYPE.strip() = ''. Removing attribute DISPLAY_TYPE.
  Epoch_TO1: Epoch_TO1 DISPLAY_TYPE.strip() = ''. Removing attribute DISPLAY_TYPE.
  Epoch_TO2: Epoch_TO2 DISPLAY_TYPE.strip() = ''. Removing attribute DISPLAY_TYPE.
  Epoch_TO3: Epoch_TO3 DISPLAY_TYPE.strip() = ''. Removing attribute DISPLAY_TYPE.
  Epoch_TO4: Epoch_TO4 DISPLAY_TYPE.strip() = ''. Removing attribute DISPLAY_TYPE.
  Epoch_TO5: Epoch_TO5 DISPLAY_TYPE.strip() = ''. Removing attribute DISPLAY_TYPE.
  Epoch_TO6: Epoch_TO6 DISPLAY_TYPE.strip() = ''. Removing attribute DISPLAY_TYPE.
  Epoch_TO7: Epoch_TO7 DISPLAY_TYPE.strip() = ''. Removing attribute DISPLAY_TYPE.
  Epoch_TO8: Epoch_TO8 DISPLAY_TYPE.strip() = ''. Removing attribute DISPLAY_TYPE.
  Epoch_TO9: Epoch_TO9 DISPLAY_TYPE.strip() = ''. Removing attribute DISPLAY_TYPE.
  Epoch_TO10: Epoch_TO10 DISPLAY_TYPE.strip() = ''. Removing attribute DISPLAY_TYPE.
TSS-1R_M1_SHAF | ISTP.DISPLAY_TYPE.Empty:
  Epoch: Epoch DISPLAY_TYPE.strip() = ''. Removing attribute DISPLAY_TYPE.
  Epoch_TO1: Epoch_TO1 DISPLAY_TYPE.strip() = ''. Removing attribute DISPLAY_TYPE.
TSS-1R_M1_SHAG | ISTP.DISPLAY_TYPE.Empty:
  Epoch: Epoch DISPLAY_TYPE.strip() = ''. Removing attribute DISPLAY_TYPE.
TSS-1R_M1_SHHA | ISTP.DISPLAY_TYPE.Empty:
  Epoch: Epoch DISPLAY_TYPE.strip() = ''. Removing attribute DISPLAY_TYPE.
  Epoch_TO1: Epoch_TO1 DISPLAY_TYPE.strip() = ''. Removing attribute DISPLAY_TYPE.
  Epoch_TO2: Epoch_TO2 DISPLAY_TYPE.strip() = ''. Removing attribute DISPLAY_TYPE.
  Epoch_TO3: Epoch_TO3 DISPLAY_TYPE.strip() = ''. Removing attribute DISPLAY_TYPE.
  Epoch_TO4: Epoch_TO4 DISPLAY_TYPE.strip() = ''. Removing attribute DISPLAY_TYPE.
  Epoch_TO5: Epoch_TO5 DISPLAY_TYPE.strip() = ''. Removing attribute DISPLAY_TYPE.
  Epoch_TO6: Epoch_TO6 DISPLAY_TYPE.strip() = ''. Removing attribute DISPLAY_TYPE.
  Epoch_TO7: Epoch_TO7 DISPLAY_TYPE.strip() = ''. Removing attribute DISPLAY_TYPE.
  Epoch_TO8: Epoch_TO8 DISPLAY_TYPE.strip() = ''. Removing attribute DISPLAY_TYPE.
  Epoch_TO9: Epoch_TO9 DISPLAY_TYPE.strip() = ''. Removing attribute DISPLAY_TYPE.
  Epoch_TO10: Epoch_TO10 DISPLAY_TYPE.strip() = ''. Removing attribute DISPLAY_TYPE.
  Epoch_TO11: Epoch_TO11 DISPLAY_TYPE.strip() = ''. Removing attribute DISPLAY_TYPE.
  Epoch_TO12: Epoch_TO12 DISPLAY_TYPE.strip() = ''. Removing attribute DISPLAY_TYPE.
TSS-1R_M1_SHHB | ISTP.DISPLAY_TYPE.Empty:
  Epoch: Epoch DISPLAY_TYPE.strip() = ''. Removing attribute DISPLAY_TYPE.
  Epoch_TO1: Epoch_TO1 DISPLAY_TYPE.strip() = ''. Removing attribute DISPLAY_TYPE.
  Epoch_TO2: Epoch_TO2 DISPLAY_TYPE.strip() = ''. Removing attribute DISPLAY_TYPE.
  Epoch_TO3: Epoch_TO3 DISPLAY_TYPE.strip() = ''. Removing attribute DISPLAY_TYPE.
  Epoch_TO4: Epoch_TO4 DISPLAY_TYPE.strip() = ''. Removing attribute DISPLAY_TYPE.
TSS-1R_M1_SHHC | ISTP.DISPLAY_TYPE.Empty:
  Epoch: Epoch DISPLAY_TYPE.strip() = ''. Removing attribute DISPLAY_TYPE.
  Epoch_TO1: Epoch_TO1 DISPLAY_TYPE.strip() = ''. Removing attribute DISPLAY_TYPE.
  Epoch_TO2: Epoch_TO2 DISPLAY_TYPE.strip() = ''. Removing attribute DISPLAY_TYPE.
  Epoch_TO3: Epoch_TO3 DISPLAY_TYPE.strip() = ''. Removing attribute DISPLAY_TYPE.
  Epoch_TO4: Epoch_TO4 DISPLAY_TYPE.strip() = ''. Removing attribute DISPLAY_TYPE.
  Epoch_TO5: Epoch_TO5 DISPLAY_TYPE.strip() = ''. Removing attribute DISPLAY_TYPE.
TSS-1R_M1_SHHD | ISTP.DISPLAY_TYPE.Empty:
  Epoch: Epoch DISPLAY_TYPE.strip() = ''. Removing attribute DISPLAY_TYPE.
  Epoch_TO1: Epoch_TO1 DISPLAY_TYPE.strip() = ''. Removing attribute DISPLAY_TYPE.
TSS-1R_M1_SHHE | ISTP.DISPLAY_TYPE.Empty:
  Epoch: Epoch DISPLAY_TYPE.strip() = ''. Removing attribute DISPLAY_TYPE.
  Epoch_TO1: Epoch_TO1 DISPLAY_TYPE.strip() = ''. Removing attribute DISPLAY_TYPE.
TSS-1R_M1_SHHF | ISTP.DISPLAY_TYPE.Empty:
  Epoch: Epoch DISPLAY_TYPE.strip() = ''. Removing attribute DISPLAY_TYPE.
  Mode_Epoch: Mode_Epoch DISPLAY_TYPE.strip() = ''. Removing attribute DISPLAY_TYPE.
TSS-1R_M1_SHMA | ISTP.DISPLAY_TYPE.Empty:
  Epoch: Epoch DISPLAY_TYPE.strip() = ''. Removing attribute DISPLAY_TYPE.
TSS-1R_M1_SHMB | ISTP.DISPLAY_TYPE.Empty:
  Epoch: Epoch DISPLAY_TYPE.strip() = ''. Removing attribute DISPLAY_TYPE.
  Epoch_TO1: Epoch_TO1 DISPLAY_TYPE.strip() = ''. Removing attribute DISPLAY_TYPE.
TSS-1R_M1_SHMC | ISTP.DISPLAY_TYPE.Empty:
  Epoch: Epoch DISPLAY_TYPE.strip() = ''. Removing attribute DISPLAY_TYPE.
  Epoch_TO1: Epoch_TO1 DISPLAY_TYPE.strip() = ''. Removing attribute DISPLAY_TYPE.
  Epoch_TO2: Epoch_TO2 DISPLAY_TYPE.strip() = ''. Removing attribute DISPLAY_TYPE.
  Epoch_TO3: Epoch_TO3 DISPLAY_TYPE.strip() = ''. Removing attribute DISPLAY_TYPE.
  Epoch_TO4: Epoch_TO4 DISPLAY_TYPE.strip() = ''. Removing attribute DISPLAY_TYPE.
  Epoch_TO5: Epoch_TO5 DISPLAY_TYPE.strip() = ''. Removing attribute DISPLAY_TYPE.
  Epoch_TO6: Epoch_TO6 DISPLAY_TYPE.strip() = ''. Removing attribute DISPLAY_TYPE.
  Epoch_TO7: Epoch_TO7 DISPLAY_TYPE.strip() = ''. Removing attribute DISPLAY_TYPE.
  Epoch_TO8: Epoch_TO8 DISPLAY_TYPE.strip() = ''. Removing attribute DISPLAY_TYPE.
  Epoch_TO9: Epoch_TO9 DISPLAY_TYPE.strip() = ''. Removing attribute DISPLAY_TYPE.
  Epoch_TO10: Epoch_TO10 DISPLAY_TYPE.strip() = ''. Removing attribute DISPLAY_TYPE.
  Epoch_TO11: Epoch_TO11 DISPLAY_TYPE.strip() = ''. Removing attribute DISPLAY_TYPE.
  Epoch_TO12: Epoch_TO12 DISPLAY_TYPE.strip() = ''. Removing attribute DISPLAY_TYPE.
TSS-1R_M1_SHMD | ISTP.DISPLAY_TYPE.Empty:
  Epoch: Epoch DISPLAY_TYPE.strip() = ''. Removing attribute DISPLAY_TYPE.
  Epoch_TO1: Epoch_TO1 DISPLAY_TYPE.strip() = ''. Removing attribute DISPLAY_TYPE.
  Epoch_TO2: Epoch_TO2 DISPLAY_TYPE.strip() = ''. Removing attribute DISPLAY_TYPE.
  Epoch_TO3: Epoch_TO3 DISPLAY_TYPE.strip() = ''. Removing attribute DISPLAY_TYPE.
  Epoch_TO4: Epoch_TO4 DISPLAY_TYPE.strip() = ''. Removing attribute DISPLAY_TYPE.
TSS-1R_M1_SHME | ISTP.DISPLAY_TYPE.Empty:
  Epoch: Epoch DISPLAY_TYPE.strip() = ''. Removing attribute DISPLAY_TYPE.
  Epoch_TO1: Epoch_TO1 DISPLAY_TYPE.strip() = ''. Removing attribute DISPLAY_TYPE.
  Epoch_TO2: Epoch_TO2 DISPLAY_TYPE.strip() = ''. Removing attribute DISPLAY_TYPE.
  Epoch_TO3: Epoch_TO3 DISPLAY_TYPE.strip() = ''. Removing attribute DISPLAY_TYPE.
TSS-1R_M1_SHPA | ISTP.DISPLAY_TYPE.Empty:
  Epoch: Epoch DISPLAY_TYPE.strip() = ''. Removing attribute DISPLAY_TYPE.
  Epoch_TO1: Epoch_TO1 DISPLAY_TYPE.strip() = ''. Removing attribute DISPLAY_TYPE.
  Epoch_TO2: Epoch_TO2 DISPLAY_TYPE.strip() = ''. Removing attribute DISPLAY_TYPE.
  Epoch_TO3: Epoch_TO3 DISPLAY_TYPE.strip() = ''. Removing attribute DISPLAY_TYPE.
  Epoch_TO4: Epoch_TO4 DISPLAY_TYPE.strip() = ''. Removing attribute DISPLAY_TYPE.
  Epoch_TO5: Epoch_TO5 DISPLAY_TYPE.strip() = ''. Removing attribute DISPLAY_TYPE.
  Epoch_TO6: Epoch_TO6 DISPLAY_TYPE.strip() = ''. Removing attribute DISPLAY_TYPE.
TSS-1R_M1_SHSA | ISTP.DISPLAY_TYPE.Empty:
  Epoch: Epoch DISPLAY_TYPE.strip() = ''. Removing attribute DISPLAY_TYPE.
  Epoch_TO1: Epoch_TO1 DISPLAY_TYPE.strip() = ''. Removing attribute DISPLAY_TYPE.
  Epoch_TO2: Epoch_TO2 DISPLAY_TYPE.strip() = ''. Removing attribute DISPLAY_TYPE.
  Epoch_TO3: Epoch_TO3 DISPLAY_TYPE.strip() = ''. Removing attribute DISPLAY_TYPE.
  Epoch_TO4: Epoch_TO4 DISPLAY_TYPE.strip() = ''. Removing attribute DISPLAY_TYPE.
TSS-1R_M1_SHSB | ISTP.DISPLAY_TYPE.Empty:
  Epoch: Epoch DISPLAY_TYPE.strip() = ''. Removing attribute DISPLAY_TYPE.
TSS-1R_M1_SHSC | ISTP.DISPLAY_TYPE.Empty:
  Epoch: Epoch DISPLAY_TYPE.strip() = ''. Removing attribute DISPLAY_TYPE.
TSS-1R_M1_SHSD | ISTP.DISPLAY_TYPE.Empty:
  Epoch: Epoch DISPLAY_TYPE.strip() = ''. Removing attribute DISPLAY_TYPE.
  Epoch_TO1: Epoch_TO1 DISPLAY_TYPE.strip() = ''. Removing attribute DISPLAY_TYPE.
  Epoch_TO2: Epoch_TO2 DISPLAY_TYPE.strip() = ''. Removing attribute DISPLAY_TYPE.
  Epoch_TO3: Epoch_TO3 DISPLAY_TYPE.strip() = ''. Removing attribute DISPLAY_TYPE.
TSS-1R_M1_SHSE | ISTP.DISPLAY_TYPE.Empty:
  Epoch: Epoch DISPLAY_TYPE.strip() = ''. Removing attribute DISPLAY_TYPE.
  Epoch_TO1: Epoch_TO1 DISPLAY_TYPE.strip() = ''. Removing attribute DISPLAY_TYPE.
  Epoch_TO2: Epoch_TO2 DISPLAY_TYPE.strip() = ''. Removing attribute DISPLAY_TYPE.
  Epoch_TO3: Epoch_TO3 DISPLAY_TYPE.strip() = ''. Removing attribute DISPLAY_TYPE.
TSS-1R_M1_SHSF | ISTP.DISPLAY_TYPE.Empty:
  Epoch: Epoch DISPLAY_TYPE.strip() = ''. Removing attribute DISPLAY_TYPE.
TSS-1R_M1_SHSG | ISTP.DISPLAY_TYPE.Empty:
  Epoch: Epoch DISPLAY_TYPE.strip() = ''. Removing attribute DISPLAY_TYPE.
  Epoch_TO1: Epoch_TO1 DISPLAY_TYPE.strip() = ''. Removing attribute DISPLAY_TYPE.
  Epoch_TO2: Epoch_TO2 DISPLAY_TYPE.strip() = ''. Removing attribute DISPLAY_TYPE.
  Epoch_TO3: Epoch_TO3 DISPLAY_TYPE.strip() = ''. Removing attribute DISPLAY_TYPE.
  Epoch_TO4: Epoch_TO4 DISPLAY_TYPE.strip() = ''. Removing attribute DISPLAY_TYPE.
  Epoch_TO5: Epoch_TO5 DISPLAY_TYPE.strip() = ''. Removing attribute DISPLAY_TYPE.
  Epoch_TO6: Epoch_TO6 DISPLAY_TYPE.strip() = ''. Removing attribute DISPLAY_TYPE.
  Epoch_TO7: Epoch_TO7 DISPLAY_TYPE.strip() = ''. Removing attribute DISPLAY_TYPE.
  Epoch_TO8: Epoch_TO8 DISPLAY_TYPE.strip() = ''. Removing attribute DISPLAY_TYPE.
  Epoch_TO9: Epoch_TO9 DISPLAY_TYPE.strip() = ''. Removing attribute DISPLAY_TYPE.
TSS-1R_M1_SHSH | ISTP.DISPLAY_TYPE.Empty:
  Epoch: Epoch DISPLAY_TYPE.strip() = ''. Removing attribute DISPLAY_TYPE.
TSS-1R_M1_SHSI | ISTP.DISPLAY_TYPE.Empty:
  Epoch: Epoch DISPLAY_TYPE.strip() = ''. Removing attribute DISPLAY_TYPE.
  Epoch_TO1: Epoch_TO1 DISPLAY_TYPE.strip() = ''. Removing attribute DISPLAY_TYPE.
  Epoch_TO2: Epoch_TO2 DISPLAY_TYPE.strip() = ''. Removing attribute DISPLAY_TYPE.
TSS-1R_M1_SHSJ | ISTP.DISPLAY_TYPE.Empty:
  Epoch: Epoch DISPLAY_TYPE.strip() = ''. Removing attribute DISPLAY_TYPE.
TSS-1R_M1_SHSK | ISTP.DISPLAY_TYPE.Empty:
  Epoch: Epoch DISPLAY_TYPE.strip() = ''. Removing attribute DISPLAY_TYPE.
TSS-1R_M1_SHTA | ISTP.DISPLAY_TYPE.Empty:
  Epoch: Epoch DISPLAY_TYPE.strip() = ''. Removing attribute DISPLAY_TYPE.
  Epoch_TO1: Epoch_TO1 DISPLAY_TYPE.strip() = ''. Removing attribute DISPLAY_TYPE.
TSS-1R_M1_SHTB | ISTP.DISPLAY_TYPE.Empty:
  Epoch: Epoch DISPLAY_TYPE.strip() = ''. Removing attribute DISPLAY_TYPE.
  Epoch_TO1: Epoch_TO1 DISPLAY_TYPE.strip() = ''. Removing attribute DISPLAY_TYPE.
  Epoch_TO2: Epoch_TO2 DISPLAY_TYPE.strip() = ''. Removing attribute DISPLAY_TYPE.
  Epoch_TO3: Epoch_TO3 DISPLAY_TYPE.strip() = ''. Removing attribute DISPLAY_TYPE.
  Epoch_TO4: Epoch_TO4 DISPLAY_TYPE.strip() = ''. Removing attribute DISPLAY_TYPE.
  Epoch_TO5: Epoch_TO5 DISPLAY_TYPE.strip() = ''. Removing attribute DISPLAY_TYPE.
  Epoch_TO6: Epoch_TO6 DISPLAY_TYPE.strip() = ''. Removing attribute DISPLAY_TYPE.
  Epoch_TO7: Epoch_TO7 DISPLAY_TYPE.strip() = ''. Removing attribute DISPLAY_TYPE.
  Epoch_TO8: Epoch_TO8 DISPLAY_TYPE.strip() = ''. Removing attribute DISPLAY_TYPE.
  Epoch_TO9: Epoch_TO9 DISPLAY_TYPE.strip() = ''. Removing attribute DISPLAY_TYPE.
  Epoch_TO10: Epoch_TO10 DISPLAY_TYPE.strip() = ''. Removing attribute DISPLAY_TYPE.
  Epoch_TO11: Epoch_TO11 DISPLAY_TYPE.strip() = ''. Removing attribute DISPLAY_TYPE.
  Epoch_TO12: Epoch_TO12 DISPLAY_TYPE.strip() = ''. Removing attribute DISPLAY_TYPE.
  Epoch_TO13: Epoch_TO13 DISPLAY_TYPE.strip() = ''. Removing attribute DISPLAY_TYPE.
  Epoch_TO14: Epoch_TO14 DISPLAY_TYPE.strip() = ''. Removing attribute DISPLAY_TYPE.
  Epoch_TO15: Epoch_TO15 DISPLAY_TYPE.strip() = ''. Removing attribute DISPLAY_TYPE.
TSS-1R_M1_SHTC | ISTP.DISPLAY_TYPE.Empty:
  Epoch: Epoch DISPLAY_TYPE.strip() = ''. Removing attribute DISPLAY_TYPE.
  Epoch_TO1: Epoch_TO1 DISPLAY_TYPE.strip() = ''. Removing attribute DISPLAY_TYPE.
  Epoch_TO2: Epoch_TO2 DISPLAY_TYPE.strip() = ''. Removing attribute DISPLAY_TYPE.
  Epoch_TO3: Epoch_TO3 DISPLAY_TYPE.strip() = ''. Removing attribute DISPLAY_TYPE.
  Epoch_TO4: Epoch_TO4 DISPLAY_TYPE.strip() = ''. Removing attribute DISPLAY_TYPE.
  Epoch_TO5: Epoch_TO5 DISPLAY_TYPE.strip() = ''. Removing attribute DISPLAY_TYPE.
  Epoch_TO6: Epoch_TO6 DISPLAY_TYPE.strip() = ''. Removing attribute DISPLAY_TYPE.
  Epoch_TO7: Epoch_TO7 DISPLAY_TYPE.strip() = ''. Removing attribute DISPLAY_TYPE.
  Epoch_TO8: Epoch_TO8 DISPLAY_TYPE.strip() = ''. Removing attribute DISPLAY_TYPE.
  Epoch_TO9: Epoch_TO9 DISPLAY_TYPE.strip() = ''. Removing attribute DISPLAY_TYPE.
  Epoch_TO10: Epoch_TO10 DISPLAY_TYPE.strip() = ''. Removing attribute DISPLAY_TYPE.
TSS-1R_M1_SPBA | ISTP.DISPLAY_TYPE.Empty:
  Epoch: Epoch DISPLAY_TYPE.strip() = ''. Removing attribute DISPLAY_TYPE.
TSS-1R_M1_SPEA | ISTP.DISPLAY_TYPE.Empty:
  Epoch: Epoch DISPLAY_TYPE.strip() = ''. Removing attribute DISPLAY_TYPE.
  Mode_Epoch: Mode_Epoch DISPLAY_TYPE.strip() = ''. Removing attribute DISPLAY_TYPE.
  Center_Scan: Center_Scan DISPLAY_TYPE.strip() = ''. Removing attribute DISPLAY_TYPE.
  Band_Low_Scan: Band_Low_Scan DISPLAY_TYPE.strip() = ''. Removing attribute DISPLAY_TYPE.
  Band_High_Scan: Band_High_Scan DISPLAY_TYPE.strip() = ''. Removing attribute DISPLAY_TYPE.
  Sensor_Index: Sensor_Index DISPLAY_TYPE.strip() = ''. Removing attribute DISPLAY_TYPE.
TSS-1R_M1_SPEB | ISTP.DISPLAY_TYPE.Empty:
  Epoch: Epoch DISPLAY_TYPE.strip() = ''. Removing attribute DISPLAY_TYPE.
  Mode_Epoch: Mode_Epoch DISPLAY_TYPE.strip() = ''. Removing attribute DISPLAY_TYPE.
  Center_Scan: Center_Scan DISPLAY_TYPE.strip() = ''. Removing attribute DISPLAY_TYPE.
  Band_Low_Scan: Band_Low_Scan DISPLAY_TYPE.strip() = ''. Removing attribute DISPLAY_TYPE.
  Band_High_Scan: Band_High_Scan DISPLAY_TYPE.strip() = ''. Removing attribute DISPLAY_TYPE.
  Sensor_Index: Sensor_Index DISPLAY_TYPE.strip() = ''. Removing attribute DISPLAY_TYPE.
TSS-1R_M1_SPEC | ISTP.DISPLAY_TYPE.Empty:
  Epoch: Epoch DISPLAY_TYPE.strip() = ''. Removing attribute DISPLAY_TYPE.
  Mode_Epoch: Mode_Epoch DISPLAY_TYPE.strip() = ''. Removing attribute DISPLAY_TYPE.
  Center_Scan: Center_Scan DISPLAY_TYPE.strip() = ''. Removing attribute DISPLAY_TYPE.
  Band_Low_Scan: Band_Low_Scan DISPLAY_TYPE.strip() = ''. Removing attribute DISPLAY_TYPE.
  Band_High_Scan: Band_High_Scan DISPLAY_TYPE.strip() = ''. Removing attribute DISPLAY_TYPE.
  Sensor_Index: Sensor_Index DISPLAY_TYPE.strip() = ''. Removing attribute DISPLAY_TYPE.
TSS-1R_M1_SPED | ISTP.DISPLAY_TYPE.Empty:
  Epoch: Epoch DISPLAY_TYPE.strip() = ''. Removing attribute DISPLAY_TYPE.
  Mode_Epoch: Mode_Epoch DISPLAY_TYPE.strip() = ''. Removing attribute DISPLAY_TYPE.
  Center_Scan: Center_Scan DISPLAY_TYPE.strip() = ''. Removing attribute DISPLAY_TYPE.
  Band_Low_Scan: Band_Low_Scan DISPLAY_TYPE.strip() = ''. Removing attribute DISPLAY_TYPE.
  Band_High_Scan: Band_High_Scan DISPLAY_TYPE.strip() = ''. Removing attribute DISPLAY_TYPE.
  Sensor_Index: Sensor_Index DISPLAY_TYPE.strip() = ''. Removing attribute DISPLAY_TYPE.
TSS-1R_M1_SPFA | ISTP.DISPLAY_TYPE.Empty:
  Epoch: Epoch DISPLAY_TYPE.strip() = ''. Removing attribute DISPLAY_TYPE.
  Mode_Epoch: Mode_Epoch DISPLAY_TYPE.strip() = ''. Removing attribute DISPLAY_TYPE.
  Center_Scan: Center_Scan DISPLAY_TYPE.strip() = ''. Removing attribute DISPLAY_TYPE.
  Band_Low_Scan: Band_Low_Scan DISPLAY_TYPE.strip() = ''. Removing attribute DISPLAY_TYPE.
  Band_High_Scan: Band_High_Scan DISPLAY_TYPE.strip() = ''. Removing attribute DISPLAY_TYPE.
TSS-1R_M1_SPFB | ISTP.DISPLAY_TYPE.Empty:
  Epoch: Epoch DISPLAY_TYPE.strip() = ''. Removing attribute DISPLAY_TYPE.
  Mode_Epoch: Mode_Epoch DISPLAY_TYPE.strip() = ''. Removing attribute DISPLAY_TYPE.
  Center_Scan: Center_Scan DISPLAY_TYPE.strip() = ''. Removing attribute DISPLAY_TYPE.
  Band_Low_Scan: Band_Low_Scan DISPLAY_TYPE.strip() = ''. Removing attribute DISPLAY_TYPE.
  Band_High_Scan: Band_High_Scan DISPLAY_TYPE.strip() = ''. Removing attribute DISPLAY_TYPE.
TSS-1R_M1_SPHA | ISTP.DISPLAY_TYPE.Empty:
  Epoch: Epoch DISPLAY_TYPE.strip() = ''. Removing attribute DISPLAY_TYPE.
TSS-1R_M1_SPHB | ISTP.DISPLAY_TYPE.Empty:
  Epoch: Epoch DISPLAY_TYPE.strip() = ''. Removing attribute DISPLAY_TYPE.
TSS-1R_M1_SPHC | ISTP.DISPLAY_TYPE.Empty:
  Epoch: Epoch DISPLAY_TYPE.strip() = ''. Removing attribute DISPLAY_TYPE.
TSS-1R_M1_SPHD | ISTP.DISPLAY_TYPE.Empty:
  Epoch: Epoch DISPLAY_TYPE.strip() = ''. Removing attribute DISPLAY_TYPE.
TSS-1R_M1_SPHE | ISTP.DISPLAY_TYPE.Empty:
  Epoch: Epoch DISPLAY_TYPE.strip() = ''. Removing attribute DISPLAY_TYPE.
TSS-1R_M1_SPIA | ISTP.DISPLAY_TYPE.Empty:
  Epoch: Epoch DISPLAY_TYPE.strip() = ''. Removing attribute DISPLAY_TYPE.
  Mode_Epoch: Mode_Epoch DISPLAY_TYPE.strip() = ''. Removing attribute DISPLAY_TYPE.
  Center_Scan: Center_Scan DISPLAY_TYPE.strip() = ''. Removing attribute DISPLAY_TYPE.
  Band_Low_Scan: Band_Low_Scan DISPLAY_TYPE.strip() = ''. Removing attribute DISPLAY_TYPE.
  Band_High_Scan: Band_High_Scan DISPLAY_TYPE.strip() = ''. Removing attribute DISPLAY_TYPE.
TSS-1R_M1_SPIB | ISTP.DISPLAY_TYPE.Empty:
  Epoch: Epoch DISPLAY_TYPE.strip() = ''. Removing attribute DISPLAY_TYPE.
  Mode_Epoch: Mode_Epoch DISPLAY_TYPE.strip() = ''. Removing attribute DISPLAY_TYPE.
  Center_Scan: Center_Scan DISPLAY_TYPE.strip() = ''. Removing attribute DISPLAY_TYPE.
  Band_Low_Scan: Band_Low_Scan DISPLAY_TYPE.strip() = ''. Removing attribute DISPLAY_TYPE.
  Band_High_Scan: Band_High_Scan DISPLAY_TYPE.strip() = ''. Removing attribute DISPLAY_TYPE.
TSS-1R_M1_SPIC | ISTP.DISPLAY_TYPE.Empty:
  Epoch: Epoch DISPLAY_TYPE.strip() = ''. Removing attribute DISPLAY_TYPE.
  Mode_Epoch: Mode_Epoch DISPLAY_TYPE.strip() = ''. Removing attribute DISPLAY_TYPE.
  Center_Scan: Center_Scan DISPLAY_TYPE.strip() = ''. Removing attribute DISPLAY_TYPE.
  Band_Low_Scan: Band_Low_Scan DISPLAY_TYPE.strip() = ''. Removing attribute DISPLAY_TYPE.
  Band_High_Scan: Band_High_Scan DISPLAY_TYPE.strip() = ''. Removing attribute DISPLAY_TYPE.
  Sensor_Index: Sensor_Index DISPLAY_TYPE.strip() = ''. Removing attribute DISPLAY_TYPE.
TSS-1R_M1_SPID | ISTP.DISPLAY_TYPE.Empty:
  Epoch: Epoch DISPLAY_TYPE.strip() = ''. Removing attribute DISPLAY_TYPE.
  Mode_Epoch: Mode_Epoch DISPLAY_TYPE.strip() = ''. Removing attribute DISPLAY_TYPE.
  Center_Scan: Center_Scan DISPLAY_TYPE.strip() = ''. Removing attribute DISPLAY_TYPE.
  Band_Low_Scan: Band_Low_Scan DISPLAY_TYPE.strip() = ''. Removing attribute DISPLAY_TYPE.
  Band_High_Scan: Band_High_Scan DISPLAY_TYPE.strip() = ''. Removing attribute DISPLAY_TYPE.
  Sensor_Index: Sensor_Index DISPLAY_TYPE.strip() = ''. Removing attribute DISPLAY_TYPE.
TSS-1R_M1_SPIE | ISTP.DISPLAY_TYPE.Empty:
  Epoch: Epoch DISPLAY_TYPE.strip() = ''. Removing attribute DISPLAY_TYPE.
  Mode_Epoch: Mode_Epoch DISPLAY_TYPE.strip() = ''. Removing attribute DISPLAY_TYPE.
  Center_Scan: Center_Scan DISPLAY_TYPE.strip() = ''. Removing attribute DISPLAY_TYPE.
  Band_Low_Scan: Band_Low_Scan DISPLAY_TYPE.strip() = ''. Removing attribute DISPLAY_TYPE.
  Band_High_Scan: Band_High_Scan DISPLAY_TYPE.strip() = ''. Removing attribute DISPLAY_TYPE.
  Sensor_Index: Sensor_Index DISPLAY_TYPE.strip() = ''. Removing attribute DISPLAY_TYPE.
TSS-1R_M1_SPIF | ISTP.DISPLAY_TYPE.Empty:
  Epoch: Epoch DISPLAY_TYPE.strip() = ''. Removing attribute DISPLAY_TYPE.
  Mode_Epoch: Mode_Epoch DISPLAY_TYPE.strip() = ''. Removing attribute DISPLAY_TYPE.
  Center_Scan: Center_Scan DISPLAY_TYPE.strip() = ''. Removing attribute DISPLAY_TYPE.
  Band_Low_Scan: Band_Low_Scan DISPLAY_TYPE.strip() = ''. Removing attribute DISPLAY_TYPE.
  Band_High_Scan: Band_High_Scan DISPLAY_TYPE.strip() = ''. Removing attribute DISPLAY_TYPE.
  Sensor_Index: Sensor_Index DISPLAY_TYPE.strip() = ''. Removing attribute DISPLAY_TYPE.
TSS-1R_M1_SPLA | ISTP.DISPLAY_TYPE.Empty:
  Epoch: Epoch DISPLAY_TYPE.strip() = ''. Removing attribute DISPLAY_TYPE.
  Mode_Epoch: Mode_Epoch DISPLAY_TYPE.strip() = ''. Removing attribute DISPLAY_TYPE.
  Center_Scan: Center_Scan DISPLAY_TYPE.strip() = ''. Removing attribute DISPLAY_TYPE.
  Band_Low_Scan: Band_Low_Scan DISPLAY_TYPE.strip() = ''. Removing attribute DISPLAY_TYPE.
  Band_High_Scan: Band_High_Scan DISPLAY_TYPE.strip() = ''. Removing attribute DISPLAY_TYPE.
TSS-1R_M1_SPLB | ISTP.DISPLAY_TYPE.Empty:
  Epoch: Epoch DISPLAY_TYPE.strip() = ''. Removing attribute DISPLAY_TYPE.
  Mode_Epoch: Mode_Epoch DISPLAY_TYPE.strip() = ''. Removing attribute DISPLAY_TYPE.
  Center_Scan: Center_Scan DISPLAY_TYPE.strip() = ''. Removing attribute DISPLAY_TYPE.
  Band_Low_Scan: Band_Low_Scan DISPLAY_TYPE.strip() = ''. Removing attribute DISPLAY_TYPE.
  Band_High_Scan: Band_High_Scan DISPLAY_TYPE.strip() = ''. Removing attribute DISPLAY_TYPE.
TSS-1R_M1_SPLC | ISTP.DISPLAY_TYPE.Empty:
  Epoch: Epoch DISPLAY_TYPE.strip() = ''. Removing attribute DISPLAY_TYPE.
  Mode_Epoch: Mode_Epoch DISPLAY_TYPE.strip() = ''. Removing attribute DISPLAY_TYPE.
  Center_Scan: Center_Scan DISPLAY_TYPE.strip() = ''. Removing attribute DISPLAY_TYPE.
  Band_Low_Scan: Band_Low_Scan DISPLAY_TYPE.strip() = ''. Removing attribute DISPLAY_TYPE.
  Band_High_Scan: Band_High_Scan DISPLAY_TYPE.strip() = ''. Removing attribute DISPLAY_TYPE.
TSS-1R_M1_SPLD | ISTP.DISPLAY_TYPE.Empty:
  Epoch: Epoch DISPLAY_TYPE.strip() = ''. Removing attribute DISPLAY_TYPE.
  Mode_Epoch: Mode_Epoch DISPLAY_TYPE.strip() = ''. Removing attribute DISPLAY_TYPE.
  Center_Scan: Center_Scan DISPLAY_TYPE.strip() = ''. Removing attribute DISPLAY_TYPE.
  Band_Low_Scan: Band_Low_Scan DISPLAY_TYPE.strip() = ''. Removing attribute DISPLAY_TYPE.
  Band_High_Scan: Band_High_Scan DISPLAY_TYPE.strip() = ''. Removing attribute DISPLAY_TYPE.
TSS-1R_M1_SPMF | ISTP.DISPLAY_TYPE.Empty:
  Epoch: Epoch DISPLAY_TYPE.strip() = ''. Removing attribute DISPLAY_TYPE.
TSS-1R_M1_SPOP | ISTP.DISPLAY_TYPE.Empty:
  Epoch: Epoch DISPLAY_TYPE.strip() = ''. Removing attribute DISPLAY_TYPE.
  Mode_Epoch: Mode_Epoch DISPLAY_TYPE.strip() = ''. Removing attribute DISPLAY_TYPE.
TSS-1R_M1_SPSA | ISTP.DISPLAY_TYPE.Empty:
  Epoch: Epoch DISPLAY_TYPE.strip() = ''. Removing attribute DISPLAY_TYPE.
TSS-1R_M1_SPSB | ISTP.DISPLAY_TYPE.Empty:
  Epoch: Epoch DISPLAY_TYPE.strip() = ''. Removing attribute DISPLAY_TYPE.
TSS-1R_M1_SPSC | ISTP.DISPLAY_TYPE.Empty:
  Epoch: Epoch DISPLAY_TYPE.strip() = ''. Removing attribute DISPLAY_TYPE.
TSS-1R_M1_SPSD | ISTP.DISPLAY_TYPE.Empty:
  Epoch: Epoch DISPLAY_TYPE.strip() = ''. Removing attribute DISPLAY_TYPE.
TSS-1R_M1_STAA | ISTP.DISPLAY_TYPE.Empty:
  Epoch: Epoch DISPLAY_TYPE.strip() = ''. Removing attribute DISPLAY_TYPE.
TSS-1R_M1_STCA | ISTP.DISPLAY_TYPE.Empty:
  Epoch: Epoch DISPLAY_TYPE.strip() = ''. Removing attribute DISPLAY_TYPE.
  Mode_Epoch: Mode_Epoch DISPLAY_TYPE.strip() = ''. Removing attribute DISPLAY_TYPE.
TSS-1R_M1_STCB | ISTP.DISPLAY_TYPE.Empty:
  Epoch: Epoch DISPLAY_TYPE.strip() = ''. Removing attribute DISPLAY_TYPE.
  Mode_Epoch: Mode_Epoch DISPLAY_TYPE.strip() = ''. Removing attribute DISPLAY_TYPE.
TSS-1R_M1_STCC | ISTP.DISPLAY_TYPE.Empty:
  Epoch: Epoch DISPLAY_TYPE.strip() = ''. Removing attribute DISPLAY_TYPE.
TSS-1R_M1_STCD | ISTP.DISPLAY_TYPE.Empty:
  Epoch: Epoch DISPLAY_TYPE.strip() = ''. Removing attribute DISPLAY_TYPE.
TSS-1R_M1_STDA | ISTP.DISPLAY_TYPE.Empty:
  Epoch: Epoch DISPLAY_TYPE.strip() = ''. Removing attribute DISPLAY_TYPE.
TSS-1R_M1_STDB | ISTP.DISPLAY_TYPE.Empty:
  Epoch: Epoch DISPLAY_TYPE.strip() = ''. Removing attribute DISPLAY_TYPE.
TSS-1R_M1_STDC | ISTP.DISPLAY_TYPE.Empty:
  Epoch: Epoch DISPLAY_TYPE.strip() = ''. Removing attribute DISPLAY_TYPE.
TSS-1R_M1_STFA | ISTP.DISPLAY_TYPE.Empty:
  Epoch: Epoch DISPLAY_TYPE.strip() = ''. Removing attribute DISPLAY_TYPE.
TSS-1R_M1_STFB | ISTP.DISPLAY_TYPE.Empty:
  Epoch: Epoch DISPLAY_TYPE.strip() = ''. Removing attribute DISPLAY_TYPE.
TSS-1R_M1_STMA | ISTP.DISPLAY_TYPE.Empty:
  Epoch: Epoch DISPLAY_TYPE.strip() = ''. Removing attribute DISPLAY_TYPE.
TSS-1R_M1_STMB | ISTP.DISPLAY_TYPE.Empty:
  Epoch: Epoch DISPLAY_TYPE.strip() = ''. Removing attribute DISPLAY_TYPE.
TSS-1R_M1_STSA | ISTP.DISPLAY_TYPE.Empty:
  Epoch: Epoch DISPLAY_TYPE.strip() = ''. Removing attribute DISPLAY_TYPE.
  Center_Scan: Center_Scan DISPLAY_TYPE.strip() = ''. Removing attribute DISPLAY_TYPE.
  Band_Low_Scan: Band_Low_Scan DISPLAY_TYPE.strip() = ''. Removing attribute DISPLAY_TYPE.
  Band_High_Scan: Band_High_Scan DISPLAY_TYPE.strip() = ''. Removing attribute DISPLAY_TYPE.
TSS-1R_M1_STSB | ISTP.DISPLAY_TYPE.Empty:
  Epoch: Epoch DISPLAY_TYPE.strip() = ''. Removing attribute DISPLAY_TYPE.
  Mode_Epoch: Mode_Epoch DISPLAY_TYPE.strip() = ''. Removing attribute DISPLAY_TYPE.
  Center_Scan: Center_Scan DISPLAY_TYPE.strip() = ''. Removing attribute DISPLAY_TYPE.
  Band_Low_Scan: Band_Low_Scan DISPLAY_TYPE.strip() = ''. Removing attribute DISPLAY_TYPE.
  Band_High_Scan: Band_High_Scan DISPLAY_TYPE.strip() = ''. Removing attribute DISPLAY_TYPE.
TSS-1R_M1_STSC | ISTP.DISPLAY_TYPE.Empty:
  Epoch: Epoch DISPLAY_TYPE.strip() = ''. Removing attribute DISPLAY_TYPE.
TSS-1R_M1_STTA | ISTP.DISPLAY_TYPE.Empty:
  Epoch: Epoch DISPLAY_TYPE.strip() = ''. Removing attribute DISPLAY_TYPE.
TSS-1R_M1_STTB | ISTP.DISPLAY_TYPE.Empty:
  Epoch: Epoch DISPLAY_TYPE.strip() = ''. Removing attribute DISPLAY_TYPE.
  Mode_Epoch: Mode_Epoch DISPLAY_TYPE.strip() = ''. Removing attribute DISPLAY_TYPE.
TSS-1R_M1_STTC | ISTP.DISPLAY_TYPE.Empty:
  Epoch: Epoch DISPLAY_TYPE.strip() = ''. Removing attribute DISPLAY_TYPE.
TSS-1R_M1_STTD | ISTP.DISPLAY_TYPE.Empty:
  Epoch: Epoch DISPLAY_TYPE.strip() = ''. Removing attribute DISPLAY_TYPE.
TSS-1R_M1_TMHA | ISTP.DISPLAY_TYPE.Empty:
  Epoch: Epoch DISPLAY_TYPE.strip() = ''. Removing attribute DISPLAY_TYPE.
TSS-1R_M1_TMHB | ISTP.DISPLAY_TYPE.Empty:
  Epoch: Epoch DISPLAY_TYPE.strip() = ''. Removing attribute DISPLAY_TYPE.
TSS-1R_M1_TMMI | ISTP.DISPLAY_TYPE.Empty:
  Epoch: Epoch DISPLAY_TYPE.strip() = ''. Removing attribute DISPLAY_TYPE.
  Mode_Epoch: Mode_Epoch DISPLAY_TYPE.strip() = ''. Removing attribute DISPLAY_TYPE.
TSS-1R_M1_TMMO | ISTP.DISPLAY_TYPE.Empty:
  Epoch: Epoch DISPLAY_TYPE.strip() = ''. Removing attribute DISPLAY_TYPE.
  Mode_Epoch: Mode_Epoch DISPLAY_TYPE.strip() = ''. Removing attribute DISPLAY_TYPE.
TSS-1R_M1_TMTA | ISTP.DISPLAY_TYPE.Empty:
  Epoch: Epoch DISPLAY_TYPE.strip() = ''. Removing attribute DISPLAY_TYPE.
ULYSSES_HELIO1DAY_POSITION | ISTP.DISPLAY_TYPE.Empty:
  Epoch: Epoch DISPLAY_TYPE.strip() = ''. Removing attribute DISPLAY_TYPE.
ULYSSES_HELIO1HR_POSITION | ISTP.DISPLAY_TYPE.Empty:
  Epoch: Epoch DISPLAY_TYPE.strip() = ''. Removing attribute DISPLAY_TYPE.
URANUS_HELIO1DAY_POSITION | ISTP.DISPLAY_TYPE.Empty:
  Epoch: Epoch DISPLAY_TYPE.strip() = ''. Removing attribute DISPLAY_TYPE.
URANUS_HELIO1HR_POSITION | ISTP.DISPLAY_TYPE.Empty:
  Epoch: Epoch DISPLAY_TYPE.strip() = ''. Removing attribute DISPLAY_TYPE.
UY_ALPHA-DISTRIBUTIONS_SWOOPS | ISTP.DISPLAY_TYPE.Empty:
  Vpar: Vpar DISPLAY_TYPE.strip() = ''. Removing attribute DISPLAY_TYPE.
  Vper: Vper DISPLAY_TYPE.strip() = ''. Removing attribute DISPLAY_TYPE.
UY_COHO1HR_MERGED_MAG_PLASMA | ISTP.DISPLAY_TYPE.Empty:
  Epoch: Epoch DISPLAY_TYPE.strip() = ''. Removing attribute DISPLAY_TYPE.
UY_PROTON-DISTRIBUTIONS_SWOOPS | ISTP.DISPLAY_TYPE.Empty:
  Vpar: Vpar DISPLAY_TYPE.strip() = ''. Removing attribute DISPLAY_TYPE.
  Vper: Vper DISPLAY_TYPE.strip() = ''. Removing attribute DISPLAY_TYPE.
VENUS_HELIO1DAY_POSITION | ISTP.DISPLAY_TYPE.Empty:
  Epoch: Epoch DISPLAY_TYPE.strip() = ''. Removing attribute DISPLAY_TYPE.
VENUS_HELIO1HR_POSITION | ISTP.DISPLAY_TYPE.Empty:
  Epoch: Epoch DISPLAY_TYPE.strip() = ''. Removing attribute DISPLAY_TYPE.
VOYAGER-1_LECP_ELEC-BGND-COR-1D | ISTP.DISPLAY_TYPE.Empty:
  Epoch: Epoch DISPLAY_TYPE.strip() = ''. Removing attribute DISPLAY_TYPE.
  year: year DISPLAY_TYPE.strip() = ''. Removing attribute DISPLAY_TYPE.
  doy: doy DISPLAY_TYPE.strip() = ''. Removing attribute DISPLAY_TYPE.
VOYAGER-2_LECP_ELEC-BGND-COR-1D | ISTP.DISPLAY_TYPE.Empty:
  Epoch: Epoch DISPLAY_TYPE.strip() = ''. Removing attribute DISPLAY_TYPE.
  year: year DISPLAY_TYPE.strip() = ''. Removing attribute DISPLAY_TYPE.
  doy: doy DISPLAY_TYPE.strip() = ''. Removing attribute DISPLAY_TYPE.
VOYAGER1_10S_MAG | ISTP.DISPLAY_TYPE.Empty:
  Epoch: Epoch DISPLAY_TYPE.strip() = ''. Removing attribute DISPLAY_TYPE.
  Epoch2: Epoch2 DISPLAY_TYPE.strip() = ''. Removing attribute DISPLAY_TYPE.
VOYAGER1_1HR_MAG | ISTP.DISPLAY_TYPE.Empty:
  Epoch: Epoch DISPLAY_TYPE.strip() = ''. Removing attribute DISPLAY_TYPE.
VOYAGER1_2S_MAG | ISTP.DISPLAY_TYPE.Empty:
  Epoch: Epoch DISPLAY_TYPE.strip() = ''. Removing attribute DISPLAY_TYPE.
  Epoch2: Epoch2 DISPLAY_TYPE.strip() = ''. Removing attribute DISPLAY_TYPE.
VOYAGER1_48S_MAG | ISTP.DISPLAY_TYPE.Empty:
  Epoch: Epoch DISPLAY_TYPE.strip() = ''. Removing attribute DISPLAY_TYPE.
VOYAGER1_48S_MAG-VIM | ISTP.DISPLAY_TYPE.Empty:
  Epoch: Epoch DISPLAY_TYPE.strip() = ''. Removing attribute DISPLAY_TYPE.
  Epoch_ephem: Epoch_ephem DISPLAY_TYPE.strip() = ''. Removing attribute DISPLAY_TYPE.
VOYAGER1_COHO1HR_MERGED_MAG_PLASMA | ISTP.DISPLAY_TYPE.Empty:
  Epoch: Epoch DISPLAY_TYPE.strip() = ''. Removing attribute DISPLAY_TYPE.
VOYAGER2_10S_MAG | ISTP.DISPLAY_TYPE.Empty:
  Epoch: Epoch DISPLAY_TYPE.strip() = ''. Removing attribute DISPLAY_TYPE.
  Epoch2: Epoch2 DISPLAY_TYPE.strip() = ''. Removing attribute DISPLAY_TYPE.
VOYAGER2_1HR_MAG | ISTP.DISPLAY_TYPE.Empty:
  Epoch: Epoch DISPLAY_TYPE.strip() = ''. Removing attribute DISPLAY_TYPE.
VOYAGER2_2S_MAG | ISTP.DISPLAY_TYPE.Empty:
  Epoch: Epoch DISPLAY_TYPE.strip() = ''. Removing attribute DISPLAY_TYPE.
  Epoch2: Epoch2 DISPLAY_TYPE.strip() = ''. Removing attribute DISPLAY_TYPE.
VOYAGER2_48S_MAG | ISTP.DISPLAY_TYPE.Empty:
  Epoch: Epoch DISPLAY_TYPE.strip() = ''. Removing attribute DISPLAY_TYPE.
VOYAGER2_48S_MAG-VIM | ISTP.DISPLAY_TYPE.Empty:
  Epoch: Epoch DISPLAY_TYPE.strip() = ''. Removing attribute DISPLAY_TYPE.
  Epoch_ephem: Epoch_ephem DISPLAY_TYPE.strip() = ''. Removing attribute DISPLAY_TYPE.
VOYAGER2_COHO1HR_MERGED_MAG_PLASMA | ISTP.DISPLAY_TYPE.Empty:
  Epoch: Epoch DISPLAY_TYPE.strip() = ''. Removing attribute DISPLAY_TYPE.
WILD2_HELIO1DAY_POSITION | ISTP.DISPLAY_TYPE.Empty:
  Epoch: Epoch DISPLAY_TYPE.strip() = ''. Removing attribute DISPLAY_TYPE.
WILD2_HELIO1HR_POSITION | ISTP.DISPLAY_TYPE.Empty:
  Epoch: Epoch DISPLAY_TYPE.strip() = ''. Removing attribute DISPLAY_TYPE.
WIND_HELIO1HR_POSITION | ISTP.DISPLAY_TYPE.Empty:
  Epoch: Epoch DISPLAY_TYPE.strip() = ''. Removing attribute DISPLAY_TYPE.
WI_AT_DEF | ISTP.DISPLAY_TYPE.Empty:
  Epoch: Epoch DISPLAY_TYPE.strip() = ''. Removing attribute DISPLAY_TYPE.
  Time_PB5: Time_PB5 DISPLAY_TYPE.strip() = ''. Removing attribute DISPLAY_TYPE.
  label_time: label_time DISPLAY_TYPE.strip() = ''. Removing attribute DISPLAY_TYPE.
  unit_time: unit_time DISPLAY_TYPE.strip() = ''. Removing attribute DISPLAY_TYPE.
  format_time: format_time DISPLAY_TYPE.strip() = ''. Removing attribute DISPLAY_TYPE.
  BODY_SPIN_RATE: BODY_SPIN_RATE DISPLAY_TYPE.strip() = ''. Removing attribute DISPLAY_TYPE.
  GCI_R_ASCENSION: GCI_R_ASCENSION DISPLAY_TYPE.strip() = ''. Removing attribute DISPLAY_TYPE.
  GCI_DECLINATION: GCI_DECLINATION DISPLAY_TYPE.strip() = ''. Removing attribute DISPLAY_TYPE.
  GSE_R_ASCENSION: GSE_R_ASCENSION DISPLAY_TYPE.strip() = ''. Removing attribute DISPLAY_TYPE.
  GSE_DECLINATION: GSE_DECLINATION DISPLAY_TYPE.strip() = ''. Removing attribute DISPLAY_TYPE.
  GSM_R_ASCENSION: GSM_R_ASCENSION DISPLAY_TYPE.strip() = ''. Removing attribute DISPLAY_TYPE.
  GSM_DECLINATION: GSM_DECLINATION DISPLAY_TYPE.strip() = ''. Removing attribute DISPLAY_TYPE.
WI_AT_PRE | ISTP.DISPLAY_TYPE.Empty:
  Epoch: Epoch DISPLAY_TYPE.strip() = ''. Removing attribute DISPLAY_TYPE.
  Time_PB5: Time_PB5 DISPLAY_TYPE.strip() = ''. Removing attribute DISPLAY_TYPE.
  label_time: label_time DISPLAY_TYPE.strip() = ''. Removing attribute DISPLAY_TYPE.
  unit_time: unit_time DISPLAY_TYPE.strip() = ''. Removing attribute DISPLAY_TYPE.
  format_time: format_time DISPLAY_TYPE.strip() = ''. Removing attribute DISPLAY_TYPE.
  BODY_SPIN_RATE: BODY_SPIN_RATE DISPLAY_TYPE.strip() = ''. Removing attribute DISPLAY_TYPE.
  GCI_R_ASCENSION: GCI_R_ASCENSION DISPLAY_TYPE.strip() = ''. Removing attribute DISPLAY_TYPE.
  GCI_DECLINATION: GCI_DECLINATION DISPLAY_TYPE.strip() = ''. Removing attribute DISPLAY_TYPE.
  GSE_R_ASCENSION: GSE_R_ASCENSION DISPLAY_TYPE.strip() = ''. Removing attribute DISPLAY_TYPE.
  GSE_DECLINATION: GSE_DECLINATION DISPLAY_TYPE.strip() = ''. Removing attribute DISPLAY_TYPE.
  GSM_R_ASCENSION: GSM_R_ASCENSION DISPLAY_TYPE.strip() = ''. Removing attribute DISPLAY_TYPE.
  GSM_DECLINATION: GSM_DECLINATION DISPLAY_TYPE.strip() = ''. Removing attribute DISPLAY_TYPE.
WI_EPACT_STEP-DIFFERENTIAL-ION-FLUX-1HR | ISTP.DISPLAY_TYPE.Empty:
  Epoch: Epoch DISPLAY_TYPE.strip() = ''. Removing attribute DISPLAY_TYPE.
WI_EPACT_STEP-DIRECTIONAL-DIFF-CNO-FLUX-10MIN | ISTP.DISPLAY_TYPE.Empty:
  Epoch: Epoch DISPLAY_TYPE.strip() = ''. Removing attribute DISPLAY_TYPE.
WI_EPACT_STEP-DIRECTIONAL-DIFF-FE-FLUX-10MIN | ISTP.DISPLAY_TYPE.Empty:
  Epoch: Epoch DISPLAY_TYPE.strip() = ''. Removing attribute DISPLAY_TYPE.
WI_EPACT_STEP-DIRECTIONAL-DIFF-H-FLUX-10MIN | ISTP.DISPLAY_TYPE.Empty:
  Epoch: Epoch DISPLAY_TYPE.strip() = ''. Removing attribute DISPLAY_TYPE.
WI_EPACT_STEP-DIRECTIONAL-DIFF-HE-FLUX-10MIN | ISTP.DISPLAY_TYPE.Empty:
  Epoch: Epoch DISPLAY_TYPE.strip() = ''. Removing attribute DISPLAY_TYPE.
WI_H0_WAV | ISTP.DISPLAY_TYPE.Empty:
  Epoch: Epoch DISPLAY_TYPE.strip() = ''. Removing attribute DISPLAY_TYPE.
  Time_PB5: Time_PB5 DISPLAY_TYPE.strip() = ''. Removing attribute DISPLAY_TYPE.
  GAP_FLAG: GAP_FLAG DISPLAY_TYPE.strip() = ''. Removing attribute DISPLAY_TYPE.
  unit_time: unit_time DISPLAY_TYPE.strip() = ''. Removing attribute DISPLAY_TYPE.
  label_time: label_time DISPLAY_TYPE.strip() = ''. Removing attribute DISPLAY_TYPE.
  format_time: format_time DISPLAY_TYPE.strip() = ''. Removing attribute DISPLAY_TYPE.
WI_H1_WAV | ISTP.DISPLAY_TYPE.Empty:
  Epoch: Epoch DISPLAY_TYPE.strip() = ''. Removing attribute DISPLAY_TYPE.
  Frequency_RAD2: Frequency_RAD2 DISPLAY_TYPE.strip() = ''. Removing attribute DISPLAY_TYPE.
  Frequency_RAD1: Frequency_RAD1 DISPLAY_TYPE.strip() = ''. Removing attribute DISPLAY_TYPE.
  Frequency_TNR: Frequency_TNR DISPLAY_TYPE.strip() = ''. Removing attribute DISPLAY_TYPE.
  Epoch2: Epoch2 DISPLAY_TYPE.strip() = ''. Removing attribute DISPLAY_TYPE.
WI_K0_3DP | ISTP.DISPLAY_TYPE.Empty:
  Epoch: Epoch DISPLAY_TYPE.strip() = ''. Removing attribute DISPLAY_TYPE.
  Time_PB5: Time_PB5 DISPLAY_TYPE.strip() = ''. Removing attribute DISPLAY_TYPE.
  unit_time: unit_time DISPLAY_TYPE.strip() = ''. Removing attribute DISPLAY_TYPE.
  label_time: label_time DISPLAY_TYPE.strip() = ''. Removing attribute DISPLAY_TYPE.
  format_time: format_time DISPLAY_TYPE.strip() = ''. Removing attribute DISPLAY_TYPE.
  cartesian: cartesian DISPLAY_TYPE.strip() = ''. Removing attribute DISPLAY_TYPE.
  DQ_Flag: DQ_Flag DISPLAY_TYPE.strip() = ''. Removing attribute DISPLAY_TYPE.
  PG_Flag: PG_Flag DISPLAY_TYPE.strip() = ''. Removing attribute DISPLAY_TYPE.
  instr_mode: instr_mode DISPLAY_TYPE.strip() = ''. Removing attribute DISPLAY_TYPE.
  label_v_sc: label_v_sc DISPLAY_TYPE.strip() = ''. Removing attribute DISPLAY_TYPE.
  e_flux_energy: e_flux_energy DISPLAY_TYPE.strip() = ''. Removing attribute DISPLAY_TYPE.
  label_e_energy: label_e_energy DISPLAY_TYPE.strip() = ''. Removing attribute DISPLAY_TYPE.
  minus_e_energy: minus_e_energy DISPLAY_TYPE.strip() = ''. Removing attribute DISPLAY_TYPE.
  plus_e_energy: plus_e_energy DISPLAY_TYPE.strip() = ''. Removing attribute DISPLAY_TYPE.
  label_ve: label_ve DISPLAY_TYPE.strip() = ''. Removing attribute DISPLAY_TYPE.
  ion_flux_energy: ion_flux_energy DISPLAY_TYPE.strip() = ''. Removing attribute DISPLAY_TYPE.
  label_i_energy: label_i_energy DISPLAY_TYPE.strip() = ''. Removing attribute DISPLAY_TYPE.
  minus_i_energy: minus_i_energy DISPLAY_TYPE.strip() = ''. Removing attribute DISPLAY_TYPE.
  plus_i_energy: plus_i_energy DISPLAY_TYPE.strip() = ''. Removing attribute DISPLAY_TYPE.
  label_vi: label_vi DISPLAY_TYPE.strip() = ''. Removing attribute DISPLAY_TYPE.
WI_K0_EPA | ISTP.DISPLAY_TYPE.Empty:
  Epoch: Epoch DISPLAY_TYPE.strip() = ''. Removing attribute DISPLAY_TYPE.
  Time_PB5: Time_PB5 DISPLAY_TYPE.strip() = ''. Removing attribute DISPLAY_TYPE.
  label_time: label_time DISPLAY_TYPE.strip() = ''. Removing attribute DISPLAY_TYPE.
  unit_time: unit_time DISPLAY_TYPE.strip() = ''. Removing attribute DISPLAY_TYPE.
  format_time: format_time DISPLAY_TYPE.strip() = ''. Removing attribute DISPLAY_TYPE.
  DQF: DQF DISPLAY_TYPE.strip() = ''. Removing attribute DISPLAY_TYPE.
  Gap_Flag: Gap_Flag DISPLAY_TYPE.strip() = ''. Removing attribute DISPLAY_TYPE.
WI_K0_MFI | ISTP.DISPLAY_TYPE.Empty:
  Epoch: Epoch DISPLAY_TYPE.strip() = ''. Removing attribute DISPLAY_TYPE.
  Time_PB5: Time_PB5 DISPLAY_TYPE.strip() = ''. Removing attribute DISPLAY_TYPE.
  MODE: MODE DISPLAY_TYPE.strip() = ''. Removing attribute DISPLAY_TYPE.
  N: N DISPLAY_TYPE.strip() = ''. Removing attribute DISPLAY_TYPE.
  BF1: BF1 DISPLAY_TYPE.strip() = ''. Removing attribute DISPLAY_TYPE.
  RMS: RMS DISPLAY_TYPE.strip() = ''. Removing attribute DISPLAY_TYPE.
  BGSMc: BGSMc DISPLAY_TYPE.strip() = ''. Removing attribute DISPLAY_TYPE.
  BGSMa: BGSMa DISPLAY_TYPE.strip() = ''. Removing attribute DISPLAY_TYPE.
  BGSEc: BGSEc DISPLAY_TYPE.strip() = ''. Removing attribute DISPLAY_TYPE.
  BGSEa: BGSEa DISPLAY_TYPE.strip() = ''. Removing attribute DISPLAY_TYPE.
  DIST: DIST DISPLAY_TYPE.strip() = ''. Removing attribute DISPLAY_TYPE.
  PGSM: PGSM DISPLAY_TYPE.strip() = ''. Removing attribute DISPLAY_TYPE.
  PGSE: PGSE DISPLAY_TYPE.strip() = ''. Removing attribute DISPLAY_TYPE.
  DQF: DQF DISPLAY_TYPE.strip() = ''. Removing attribute DISPLAY_TYPE.
  Gap_Flag: Gap_Flag DISPLAY_TYPE.strip() = ''. Removing attribute DISPLAY_TYPE.
  CDAY: CDAY DISPLAY_TYPE.strip() = ''. Removing attribute DISPLAY_TYPE.
  ORTH_I: ORTH_I DISPLAY_TYPE.strip() = ''. Removing attribute DISPLAY_TYPE.
  PAYLD_I: PAYLD_I DISPLAY_TYPE.strip() = ''. Removing attribute DISPLAY_TYPE.
  ORTH_O: ORTH_O DISPLAY_TYPE.strip() = ''. Removing attribute DISPLAY_TYPE.
  PAYLD_O: PAYLD_O DISPLAY_TYPE.strip() = ''. Removing attribute DISPLAY_TYPE.
  ZERO_I: ZERO_I DISPLAY_TYPE.strip() = ''. Removing attribute DISPLAY_TYPE.
  SENS_I: SENS_I DISPLAY_TYPE.strip() = ''. Removing attribute DISPLAY_TYPE.
  AMPL_I: AMPL_I DISPLAY_TYPE.strip() = ''. Removing attribute DISPLAY_TYPE.
  ZERO_O: ZERO_O DISPLAY_TYPE.strip() = ''. Removing attribute DISPLAY_TYPE.
  SENS_O: SENS_O DISPLAY_TYPE.strip() = ''. Removing attribute DISPLAY_TYPE.
  AMPL_O: AMPL_O DISPLAY_TYPE.strip() = ''. Removing attribute DISPLAY_TYPE.
  unit_time: unit_time DISPLAY_TYPE.strip() = ''. Removing attribute DISPLAY_TYPE.
  label_time: label_time DISPLAY_TYPE.strip() = ''. Removing attribute DISPLAY_TYPE.
  format_time: format_time DISPLAY_TYPE.strip() = ''. Removing attribute DISPLAY_TYPE.
  unit_angle: unit_angle DISPLAY_TYPE.strip() = ''. Removing attribute DISPLAY_TYPE.
  label1_BGSE: label1_BGSE DISPLAY_TYPE.strip() = ''. Removing attribute DISPLAY_TYPE.
  label2_BGSE: label2_BGSE DISPLAY_TYPE.strip() = ''. Removing attribute DISPLAY_TYPE.
  label1_BGSM: label1_BGSM DISPLAY_TYPE.strip() = ''. Removing attribute DISPLAY_TYPE.
  label_PGSM: label_PGSM DISPLAY_TYPE.strip() = ''. Removing attribute DISPLAY_TYPE.
  label_PGSE: label_PGSE DISPLAY_TYPE.strip() = ''. Removing attribute DISPLAY_TYPE.
  label2_BGSM: label2_BGSM DISPLAY_TYPE.strip() = ''. Removing attribute DISPLAY_TYPE.
  cartesian: cartesian DISPLAY_TYPE.strip() = ''. Removing attribute DISPLAY_TYPE.
  angle: angle DISPLAY_TYPE.strip() = ''. Removing attribute DISPLAY_TYPE.
WI_K0_SMS | ISTP.DISPLAY_TYPE.Empty:
  Epoch: Epoch DISPLAY_TYPE.strip() = ''. Removing attribute DISPLAY_TYPE.
  Time_PB5: Time_PB5 DISPLAY_TYPE.strip() = ''. Removing attribute DISPLAY_TYPE.
  label_time: label_time DISPLAY_TYPE.strip() = ''. Removing attribute DISPLAY_TYPE.
  unit_time: unit_time DISPLAY_TYPE.strip() = ''. Removing attribute DISPLAY_TYPE.
  format_time: format_time DISPLAY_TYPE.strip() = ''. Removing attribute DISPLAY_TYPE.
  DQF_1: DQF_1 DISPLAY_TYPE.strip() = ''. Removing attribute DISPLAY_TYPE.
  PGF: PGF DISPLAY_TYPE.strip() = ''. Removing attribute DISPLAY_TYPE.
WI_K0_SPHA | ISTP.DISPLAY_TYPE.Empty:
  Epoch: Epoch DISPLAY_TYPE.strip() = ''. Removing attribute DISPLAY_TYPE.
  Time_PB5: Time_PB5 DISPLAY_TYPE.strip() = ''. Removing attribute DISPLAY_TYPE.
  label_time: label_time DISPLAY_TYPE.strip() = ''. Removing attribute DISPLAY_TYPE.
  unit_time: unit_time DISPLAY_TYPE.strip() = ''. Removing attribute DISPLAY_TYPE.
  format_time: format_time DISPLAY_TYPE.strip() = ''. Removing attribute DISPLAY_TYPE.
  SPIN_PHASE: SPIN_PHASE DISPLAY_TYPE.strip() = ''. Removing attribute DISPLAY_TYPE.
  AVG_SPIN_RATE: AVG_SPIN_RATE DISPLAY_TYPE.strip() = ''. Removing attribute DISPLAY_TYPE.
  STNDEV_SPIN_RATE: STNDEV_SPIN_RATE DISPLAY_TYPE.strip() = ''. Removing attribute DISPLAY_TYPE.
  FAULT: FAULT DISPLAY_TYPE.strip() = ''. Removing attribute DISPLAY_TYPE.
WI_K0_SWE | ISTP.DISPLAY_TYPE.Empty:
  Epoch: Epoch DISPLAY_TYPE.strip() = ''. Removing attribute DISPLAY_TYPE.
  Delta_time: Delta_time DISPLAY_TYPE.strip() = ''. Removing attribute DISPLAY_TYPE.
  Time_PB5: Time_PB5 DISPLAY_TYPE.strip() = ''. Removing attribute DISPLAY_TYPE.
  unit_time: unit_time DISPLAY_TYPE.strip() = ''. Removing attribute DISPLAY_TYPE.
  label_time: label_time DISPLAY_TYPE.strip() = ''. Removing attribute DISPLAY_TYPE.
  format_time: format_time DISPLAY_TYPE.strip() = ''. Removing attribute DISPLAY_TYPE.
  MODE: MODE DISPLAY_TYPE.strip() = ''. Removing attribute DISPLAY_TYPE.
  label_pos_GSE: label_pos_GSE DISPLAY_TYPE.strip() = ''. Removing attribute DISPLAY_TYPE.
  label_pos_GSM: label_pos_GSM DISPLAY_TYPE.strip() = ''. Removing attribute DISPLAY_TYPE.
  DQF: DQF DISPLAY_TYPE.strip() = ''. Removing attribute DISPLAY_TYPE.
  QF_V: QF_V DISPLAY_TYPE.strip() = ''. Removing attribute DISPLAY_TYPE.
  QF_Vth: QF_Vth DISPLAY_TYPE.strip() = ''. Removing attribute DISPLAY_TYPE.
  QF_Np: QF_Np DISPLAY_TYPE.strip() = ''. Removing attribute DISPLAY_TYPE.
  QF_a/p: QF_a/p DISPLAY_TYPE.strip() = ''. Removing attribute DISPLAY_TYPE.
  label_V_GSE: label_V_GSE DISPLAY_TYPE.strip() = ''. Removing attribute DISPLAY_TYPE.
  label_V_GSM: label_V_GSM DISPLAY_TYPE.strip() = ''. Removing attribute DISPLAY_TYPE.
  label_V_polar: label_V_polar DISPLAY_TYPE.strip() = ''. Removing attribute DISPLAY_TYPE.
  unit_polar: unit_polar DISPLAY_TYPE.strip() = ''. Removing attribute DISPLAY_TYPE.
  cartesian: cartesian DISPLAY_TYPE.strip() = ''. Removing attribute DISPLAY_TYPE.
  polar: polar DISPLAY_TYPE.strip() = ''. Removing attribute DISPLAY_TYPE.
WI_K0_SWE_RTN | ISTP.DISPLAY_TYPE.Empty:
  Epoch: Epoch DISPLAY_TYPE.strip() = ''. Removing attribute DISPLAY_TYPE.
  Delta_time: Delta_time DISPLAY_TYPE.strip() = ''. Removing attribute DISPLAY_TYPE.
  Time_PB5: Time_PB5 DISPLAY_TYPE.strip() = ''. Removing attribute DISPLAY_TYPE.
  unit_time: unit_time DISPLAY_TYPE.strip() = ''. Removing attribute DISPLAY_TYPE.
  label_time: label_time DISPLAY_TYPE.strip() = ''. Removing attribute DISPLAY_TYPE.
  format_time: format_time DISPLAY_TYPE.strip() = ''. Removing attribute DISPLAY_TYPE.
  MODE: MODE DISPLAY_TYPE.strip() = ''. Removing attribute DISPLAY_TYPE.
  label_pos_GSE: label_pos_GSE DISPLAY_TYPE.strip() = ''. Removing attribute DISPLAY_TYPE.
  label_pos_GSM: label_pos_GSM DISPLAY_TYPE.strip() = ''. Removing attribute DISPLAY_TYPE.
  DQF: DQF DISPLAY_TYPE.strip() = ''. Removing attribute DISPLAY_TYPE.
  QF_V: QF_V DISPLAY_TYPE.strip() = ''. Removing attribute DISPLAY_TYPE.
  QF_Vth: QF_Vth DISPLAY_TYPE.strip() = ''. Removing attribute DISPLAY_TYPE.
  QF_Np: QF_Np DISPLAY_TYPE.strip() = ''. Removing attribute DISPLAY_TYPE.
  QF_ap: QF_ap DISPLAY_TYPE.strip() = ''. Removing attribute DISPLAY_TYPE.
  label_V_RTN: label_V_RTN DISPLAY_TYPE.strip() = ''. Removing attribute DISPLAY_TYPE.
  label_V_polar: label_V_polar DISPLAY_TYPE.strip() = ''. Removing attribute DISPLAY_TYPE.
  unit_polar: unit_polar DISPLAY_TYPE.strip() = ''. Removing attribute DISPLAY_TYPE.
  cartesian: cartesian DISPLAY_TYPE.strip() = ''. Removing attribute DISPLAY_TYPE.
  polar: polar DISPLAY_TYPE.strip() = ''. Removing attribute DISPLAY_TYPE.
WI_K0_WAV | ISTP.DISPLAY_TYPE.Empty:
  Epoch: Epoch DISPLAY_TYPE.strip() = ''. Removing attribute DISPLAY_TYPE.
  Time_PB5: Time_PB5 DISPLAY_TYPE.strip() = ''. Removing attribute DISPLAY_TYPE.
  Moon_pos: Moon_pos DISPLAY_TYPE.strip() = ''. Removing attribute DISPLAY_TYPE.
  GAP_FLAG: GAP_FLAG DISPLAY_TYPE.strip() = ''. Removing attribute DISPLAY_TYPE.
  unit_time: unit_time DISPLAY_TYPE.strip() = ''. Removing attribute DISPLAY_TYPE.
  label_time: label_time DISPLAY_TYPE.strip() = ''. Removing attribute DISPLAY_TYPE.
  format_time: format_time DISPLAY_TYPE.strip() = ''. Removing attribute DISPLAY_TYPE.
  E_freq_val: E_freq_val DISPLAY_TYPE.strip() = ''. Removing attribute DISPLAY_TYPE.
  freq_minus: freq_minus DISPLAY_TYPE.strip() = ''. Removing attribute DISPLAY_TYPE.
  freq_plus: freq_plus DISPLAY_TYPE.strip() = ''. Removing attribute DISPLAY_TYPE.
  Moon_label: Moon_label DISPLAY_TYPE.strip() = ''. Removing attribute DISPLAY_TYPE.
WI_K1-RTN_MFI | ISTP.DISPLAY_TYPE.Empty:
  Epoch: Epoch DISPLAY_TYPE.strip() = ''. Removing attribute DISPLAY_TYPE.
  Time_PB5: Time_PB5 DISPLAY_TYPE.strip() = ''. Removing attribute DISPLAY_TYPE.
  MODE: MODE DISPLAY_TYPE.strip() = ''. Removing attribute DISPLAY_TYPE.
  N: N DISPLAY_TYPE.strip() = ''. Removing attribute DISPLAY_TYPE.
  DQF: DQF DISPLAY_TYPE.strip() = ''. Removing attribute DISPLAY_TYPE.
  Gap_Flag: Gap_Flag DISPLAY_TYPE.strip() = ''. Removing attribute DISPLAY_TYPE.
  CDAY: CDAY DISPLAY_TYPE.strip() = ''. Removing attribute DISPLAY_TYPE.
  ORTH_I: ORTH_I DISPLAY_TYPE.strip() = ''. Removing attribute DISPLAY_TYPE.
  PAYLD_I: PAYLD_I DISPLAY_TYPE.strip() = ''. Removing attribute DISPLAY_TYPE.
  ORTH_O: ORTH_O DISPLAY_TYPE.strip() = ''. Removing attribute DISPLAY_TYPE.
  PAYLD_O: PAYLD_O DISPLAY_TYPE.strip() = ''. Removing attribute DISPLAY_TYPE.
  ZERO_I: ZERO_I DISPLAY_TYPE.strip() = ''. Removing attribute DISPLAY_TYPE.
  SENS_I: SENS_I DISPLAY_TYPE.strip() = ''. Removing attribute DISPLAY_TYPE.
  AMPL_I: AMPL_I DISPLAY_TYPE.strip() = ''. Removing attribute DISPLAY_TYPE.
  ZERO_O: ZERO_O DISPLAY_TYPE.strip() = ''. Removing attribute DISPLAY_TYPE.
  SENS_O: SENS_O DISPLAY_TYPE.strip() = ''. Removing attribute DISPLAY_TYPE.
  AMPL_O: AMPL_O DISPLAY_TYPE.strip() = ''. Removing attribute DISPLAY_TYPE.
  unit_time: unit_time DISPLAY_TYPE.strip() = ''. Removing attribute DISPLAY_TYPE.
  label_time: label_time DISPLAY_TYPE.strip() = ''. Removing attribute DISPLAY_TYPE.
  format_time: format_time DISPLAY_TYPE.strip() = ''. Removing attribute DISPLAY_TYPE.
  unit_angle: unit_angle DISPLAY_TYPE.strip() = ''. Removing attribute DISPLAY_TYPE.
  label1_BRTN: label1_BRTN DISPLAY_TYPE.strip() = ''. Removing attribute DISPLAY_TYPE.
  label2_BRTN: label2_BRTN DISPLAY_TYPE.strip() = ''. Removing attribute DISPLAY_TYPE.
  label_PGSM: label_PGSM DISPLAY_TYPE.strip() = ''. Removing attribute DISPLAY_TYPE.
  label_PGSE: label_PGSE DISPLAY_TYPE.strip() = ''. Removing attribute DISPLAY_TYPE.
  cartesian: cartesian DISPLAY_TYPE.strip() = ''. Removing attribute DISPLAY_TYPE.
  angle: angle DISPLAY_TYPE.strip() = ''. Removing attribute DISPLAY_TYPE.
WI_L2-1HOUR-SEP_EPACT-APE_B | ISTP.DISPLAY_TYPE.Empty:
  Epoch: Epoch DISPLAY_TYPE.strip() = ''. Removing attribute DISPLAY_TYPE.
WI_L2-1HOUR-SEP_EPACT-LEMT | ISTP.DISPLAY_TYPE.Empty:
  Epoch: Epoch DISPLAY_TYPE.strip() = ''. Removing attribute DISPLAY_TYPE.
WI_L2-30MIN_SMS-STICS-AFM-MAGNETOSPHERE | ISTP.DISPLAY_TYPE.Empty:
  Epoch: Epoch DISPLAY_TYPE.strip() = ''. Removing attribute DISPLAY_TYPE.
WI_L2-30MIN_SMS-STICS-AFM-SOLARWIND | ISTP.DISPLAY_TYPE.Empty:
  Epoch: Epoch DISPLAY_TYPE.strip() = ''. Removing attribute DISPLAY_TYPE.
WI_L2-30MIN_SMS-STICS-ERPA-MAGNETOSPHERE | ISTP.DISPLAY_TYPE.Empty:
  Epoch: Epoch DISPLAY_TYPE.strip() = ''. Removing attribute DISPLAY_TYPE.
WI_L2-30MIN_SMS-STICS-ERPA-SOLARWIND | ISTP.DISPLAY_TYPE.Empty:
  Epoch: Epoch DISPLAY_TYPE.strip() = ''. Removing attribute DISPLAY_TYPE.
WI_L2-3MIN_SMS-STICS-VDF-MAGNETOSPHERE | ISTP.DISPLAY_TYPE.Empty:
  Epoch: Epoch DISPLAY_TYPE.strip() = ''. Removing attribute DISPLAY_TYPE.
WI_L2-3MIN_SMS-STICS-VDF-SOLARWIND | ISTP.DISPLAY_TYPE.Empty:
  Epoch: Epoch DISPLAY_TYPE.strip() = ''. Removing attribute DISPLAY_TYPE.
WI_L2-5MIN-SEP_EPACT-LEMT | ISTP.DISPLAY_TYPE.Empty:
  Epoch: Epoch DISPLAY_TYPE.strip() = ''. Removing attribute DISPLAY_TYPE.
WI_L2_3MIN_SMS-STICS-NVT-MAGNETOSPHERE | ISTP.DISPLAY_TYPE.Empty:
  Epoch: Epoch DISPLAY_TYPE.strip() = ''. Removing attribute DISPLAY_TYPE.
WI_L2_3MIN_SMS-STICS-NVT-SOLARWIND | ISTP.DISPLAY_TYPE.Empty:
  Epoch: Epoch DISPLAY_TYPE.strip() = ''. Removing attribute DISPLAY_TYPE.
WI_OR_DEF | ISTP.DISPLAY_TYPE.Empty:
  Epoch: Epoch DISPLAY_TYPE.strip() = ''. Removing attribute DISPLAY_TYPE.
  Time_PB5: Time_PB5 DISPLAY_TYPE.strip() = ''. Removing attribute DISPLAY_TYPE.
  label_time: label_time DISPLAY_TYPE.strip() = ''. Removing attribute DISPLAY_TYPE.
  unit_time: unit_time DISPLAY_TYPE.strip() = ''. Removing attribute DISPLAY_TYPE.
  format_time: format_time DISPLAY_TYPE.strip() = ''. Removing attribute DISPLAY_TYPE.
  GCI_VEL: GCI_VEL DISPLAY_TYPE.strip() = ''. Removing attribute DISPLAY_TYPE.
  GSE_VEL: GSE_VEL DISPLAY_TYPE.strip() = ''. Removing attribute DISPLAY_TYPE.
  GSM_VEL: GSM_VEL DISPLAY_TYPE.strip() = ''. Removing attribute DISPLAY_TYPE.
  SUN_VECTOR: SUN_VECTOR DISPLAY_TYPE.strip() = ''. Removing attribute DISPLAY_TYPE.
  HEC_VEL: HEC_VEL DISPLAY_TYPE.strip() = ''. Removing attribute DISPLAY_TYPE.
  CRN_EARTH: CRN_EARTH DISPLAY_TYPE.strip() = ''. Removing attribute DISPLAY_TYPE.
  LONG_EARTH: LONG_EARTH DISPLAY_TYPE.strip() = ''. Removing attribute DISPLAY_TYPE.
  LAT_EARTH: LAT_EARTH DISPLAY_TYPE.strip() = ''. Removing attribute DISPLAY_TYPE.
  CRN_SPACE: CRN_SPACE DISPLAY_TYPE.strip() = ''. Removing attribute DISPLAY_TYPE.
  LONG_SPACE: LONG_SPACE DISPLAY_TYPE.strip() = ''. Removing attribute DISPLAY_TYPE.
  LAT_SPACE: LAT_SPACE DISPLAY_TYPE.strip() = ''. Removing attribute DISPLAY_TYPE.
  labl_gci_pos: labl_gci_pos DISPLAY_TYPE.strip() = ''. Removing attribute DISPLAY_TYPE.
  labl_gci_vel: labl_gci_vel DISPLAY_TYPE.strip() = ''. Removing attribute DISPLAY_TYPE.
  labl_gse_pos: labl_gse_pos DISPLAY_TYPE.strip() = ''. Removing attribute DISPLAY_TYPE.
  labl_gse_vel: labl_gse_vel DISPLAY_TYPE.strip() = ''. Removing attribute DISPLAY_TYPE.
  labl_gsm_pos: labl_gsm_pos DISPLAY_TYPE.strip() = ''. Removing attribute DISPLAY_TYPE.
  labl_gsm_vel: labl_gsm_vel DISPLAY_TYPE.strip() = ''. Removing attribute DISPLAY_TYPE.
  labl_gci_sun_pos: labl_gci_sun_pos DISPLAY_TYPE.strip() = ''. Removing attribute DISPLAY_TYPE.
  labl_hec_pos: labl_hec_pos DISPLAY_TYPE.strip() = ''. Removing attribute DISPLAY_TYPE.
  labl_hec_vel: labl_hec_vel DISPLAY_TYPE.strip() = ''. Removing attribute DISPLAY_TYPE.
WI_OR_PRE | ISTP.DISPLAY_TYPE.Empty:
  Epoch: Epoch DISPLAY_TYPE.strip() = ''. Removing attribute DISPLAY_TYPE.
  Time_PB5: Time_PB5 DISPLAY_TYPE.strip() = ''. Removing attribute DISPLAY_TYPE.
  label_time: label_time DISPLAY_TYPE.strip() = ''. Removing attribute DISPLAY_TYPE.
  unit_time: unit_time DISPLAY_TYPE.strip() = ''. Removing attribute DISPLAY_TYPE.
  format_time: format_time DISPLAY_TYPE.strip() = ''. Removing attribute DISPLAY_TYPE.
  GCI_VEL: GCI_VEL DISPLAY_TYPE.strip() = ''. Removing attribute DISPLAY_TYPE.
  GSE_VEL: GSE_VEL DISPLAY_TYPE.strip() = ''. Removing attribute DISPLAY_TYPE.
  GSM_VEL: GSM_VEL DISPLAY_TYPE.strip() = ''. Removing attribute DISPLAY_TYPE.
  SUN_VECTOR: SUN_VECTOR DISPLAY_TYPE.strip() = ''. Removing attribute DISPLAY_TYPE.
  HEC_VEL: HEC_VEL DISPLAY_TYPE.strip() = ''. Removing attribute DISPLAY_TYPE.
  CRN_EARTH: CRN_EARTH DISPLAY_TYPE.strip() = ''. Removing attribute DISPLAY_TYPE.
  LONG_EARTH: LONG_EARTH DISPLAY_TYPE.strip() = ''. Removing attribute DISPLAY_TYPE.
  LAT_EARTH: LAT_EARTH DISPLAY_TYPE.strip() = ''. Removing attribute DISPLAY_TYPE.
  CRN_SPACE: CRN_SPACE DISPLAY_TYPE.strip() = ''. Removing attribute DISPLAY_TYPE.
  LONG_SPACE: LONG_SPACE DISPLAY_TYPE.strip() = ''. Removing attribute DISPLAY_TYPE.
  LAT_SPACE: LAT_SPACE DISPLAY_TYPE.strip() = ''. Removing attribute DISPLAY_TYPE.
  labl_gci_pos: labl_gci_pos DISPLAY_TYPE.strip() = ''. Removing attribute DISPLAY_TYPE.
  labl_gci_vel: labl_gci_vel DISPLAY_TYPE.strip() = ''. Removing attribute DISPLAY_TYPE.
  labl_gse_pos: labl_gse_pos DISPLAY_TYPE.strip() = ''. Removing attribute DISPLAY_TYPE.
  labl_gse_vel: labl_gse_vel DISPLAY_TYPE.strip() = ''. Removing attribute DISPLAY_TYPE.
  labl_gsm_pos: labl_gsm_pos DISPLAY_TYPE.strip() = ''. Removing attribute DISPLAY_TYPE.
  labl_gsm_vel: labl_gsm_vel DISPLAY_TYPE.strip() = ''. Removing attribute DISPLAY_TYPE.
  labl_gci_sun_pos: labl_gci_sun_pos DISPLAY_TYPE.strip() = ''. Removing attribute DISPLAY_TYPE.
  labl_hec_pos: labl_hec_pos DISPLAY_TYPE.strip() = ''. Removing attribute DISPLAY_TYPE.
  labl_hec_vel: labl_hec_vel DISPLAY_TYPE.strip() = ''. Removing attribute DISPLAY_TYPE.