APOLLO12_SWS_1HR | ISTP.UNITS:
  Epoch: VAR_TYPE = 'support_data' and no UNITS or UNIT_PTR.
  NSpectra_1: VAR_TYPE = 'data' and no UNITS or UNIT_PTR.
  AP_Ratio_1: VAR_TYPE = 'data' and no UNITS or UNIT_PTR.
  AP_Ratio_DEV_1: VAR_TYPE = 'data' and no UNITS or UNIT_PTR.
  NSpectra_2: VAR_TYPE = 'data' and no UNITS or UNIT_PTR.
  AP_Ratio_2: VAR_TYPE = 'data' and no UNITS or UNIT_PTR.
  AP_Ratio_DEV_2: VAR_TYPE = 'data' and no UNITS or UNIT_PTR.
  NSpectra_3: VAR_TYPE = 'data' and no UNITS or UNIT_PTR.
  AP_Ratio_3: VAR_TYPE = 'data' and no UNITS or UNIT_PTR.
  AP_Ratio_DEV_3: VAR_TYPE = 'data' and no UNITS or UNIT_PTR.
  NSpectra_4: VAR_TYPE = 'data' and no UNITS or UNIT_PTR.
  AP_Ratio_4: VAR_TYPE = 'data' and no UNITS or UNIT_PTR.
  AP_Ratio_DEV_4: VAR_TYPE = 'data' and no UNITS or UNIT_PTR.
APOLLO12_SWS_28S | ISTP.UNITS:
  Epoch: VAR_TYPE = 'support_data' and no UNITS or UNIT_PTR.
  AP_Ratio: VAR_TYPE = 'data' and no UNITS or UNIT_PTR.
  FLAG: VAR_TYPE = 'data' and no UNITS or UNIT_PTR.
  IA: VAR_TYPE = 'data' and no UNITS or UNIT_PTR.
  IB: VAR_TYPE = 'data' and no UNITS or UNIT_PTR.
  IDISCP: VAR_TYPE = 'data' and no UNITS or UNIT_PTR.
  GAIN: VAR_TYPE = 'data' and no UNITS or UNIT_PTR.
  FACTD: VAR_TYPE = 'data' and no UNITS or UNIT_PTR.
APOLLO15_SWS_1HR | ISTP.UNITS:
  Epoch: VAR_TYPE = 'support_data' and no UNITS or UNIT_PTR.
  NSpectra_1: VAR_TYPE = 'data' and no UNITS or UNIT_PTR.
  AP_Ratio_1: VAR_TYPE = 'data' and no UNITS or UNIT_PTR.
  AP_Ratio_DEV_1: VAR_TYPE = 'data' and no UNITS or UNIT_PTR.
  NSpectra_2: VAR_TYPE = 'data' and no UNITS or UNIT_PTR.
  AP_Ratio_2: VAR_TYPE = 'data' and no UNITS or UNIT_PTR.
  AP_Ratio_DEV_2: VAR_TYPE = 'data' and no UNITS or UNIT_PTR.
  NSpectra_3: VAR_TYPE = 'data' and no UNITS or UNIT_PTR.
  AP_Ratio_3: VAR_TYPE = 'data' and no UNITS or UNIT_PTR.
  AP_Ratio_DEV_3: VAR_TYPE = 'data' and no UNITS or UNIT_PTR.
  NSpectra_4: VAR_TYPE = 'data' and no UNITS or UNIT_PTR.
  AP_Ratio_4: VAR_TYPE = 'data' and no UNITS or UNIT_PTR.
  AP_Ratio_DEV_4: VAR_TYPE = 'data' and no UNITS or UNIT_PTR.
APOLLO15_SWS_28S | ISTP.UNITS:
  Epoch: VAR_TYPE = 'support_data' and no UNITS or UNIT_PTR.
  AP_Ratio: VAR_TYPE = 'data' and no UNITS or UNIT_PTR.
  FLAG: VAR_TYPE = 'data' and no UNITS or UNIT_PTR.
  IA: VAR_TYPE = 'data' and no UNITS or UNIT_PTR.
  IB: VAR_TYPE = 'data' and no UNITS or UNIT_PTR.
  IDISCP: VAR_TYPE = 'data' and no UNITS or UNIT_PTR.
  GAIN: VAR_TYPE = 'data' and no UNITS or UNIT_PTR.
  FACTD: VAR_TYPE = 'data' and no UNITS or UNIT_PTR.
AWE_L3A_TMP | ISTP.UNITS:
  time: VAR_TYPE = 'support_data' and no UNITS or UNIT_PTR.
AWE_L3C_Q20 | ISTP.UNITS:
  time: VAR_TYPE = 'support_data' and no UNITS or UNIT_PTR.
BAR_1A_L2_EPHM | ISTP.UNITS:
  FrameGroup: VAR_TYPE = 'support_data' and no UNITS or UNIT_PTR.
  L_Kp2: VAR_TYPE = 'data' and no UNITS or UNIT_PTR.
  L_Kp6: VAR_TYPE = 'data' and no UNITS or UNIT_PTR.
BAR_1A_L2_FSPC | ISTP.UNITS:
  FrameGroup: VAR_TYPE = 'support_data' and no UNITS or UNIT_PTR.
BAR_1A_L2_MAGN | ISTP.UNITS:
  FrameGroup: VAR_TYPE = 'support_data' and no UNITS or UNIT_PTR.
BAR_1A_L2_MSPC | ISTP.UNITS:
  FrameGroup: VAR_TYPE = 'support_data' and no UNITS or UNIT_PTR.
  channel: VAR_TYPE = 'support_data' and no UNITS or UNIT_PTR.
BAR_1A_L2_RCNT | ISTP.UNITS:
  FrameGroup: VAR_TYPE = 'support_data' and no UNITS or UNIT_PTR.
BAR_1A_L2_SSPC | ISTP.UNITS:
  FrameGroup: VAR_TYPE = 'support_data' and no UNITS or UNIT_PTR.
  channel: VAR_TYPE = 'support_data' and no UNITS or UNIT_PTR.
BAR_1B_L2_EPHM | ISTP.UNITS:
  FrameGroup: VAR_TYPE = 'support_data' and no UNITS or UNIT_PTR.
  L_Kp2: VAR_TYPE = 'data' and no UNITS or UNIT_PTR.
  L_Kp6: VAR_TYPE = 'data' and no UNITS or UNIT_PTR.
BAR_1B_L2_FSPC | ISTP.UNITS:
  FrameGroup: VAR_TYPE = 'support_data' and no UNITS or UNIT_PTR.
BAR_1B_L2_MAGN | ISTP.UNITS:
  FrameGroup: VAR_TYPE = 'support_data' and no UNITS or UNIT_PTR.
BAR_1B_L2_MSPC | ISTP.UNITS:
  FrameGroup: VAR_TYPE = 'support_data' and no UNITS or UNIT_PTR.
  channel: VAR_TYPE = 'support_data' and no UNITS or UNIT_PTR.
BAR_1B_L2_RCNT | ISTP.UNITS:
  FrameGroup: VAR_TYPE = 'support_data' and no UNITS or UNIT_PTR.
BAR_1B_L2_SSPC | ISTP.UNITS:
  FrameGroup: VAR_TYPE = 'support_data' and no UNITS or UNIT_PTR.
  channel: VAR_TYPE = 'support_data' and no UNITS or UNIT_PTR.
BAR_1C_L2_EPHM | ISTP.UNITS:
  FrameGroup: VAR_TYPE = 'support_data' and no UNITS or UNIT_PTR.
  L_Kp2: VAR_TYPE = 'data' and no UNITS or UNIT_PTR.
  L_Kp6: VAR_TYPE = 'data' and no UNITS or UNIT_PTR.
BAR_1C_L2_FSPC | ISTP.UNITS:
  FrameGroup: VAR_TYPE = 'support_data' and no UNITS or UNIT_PTR.
BAR_1C_L2_MAGN | ISTP.UNITS:
  FrameGroup: VAR_TYPE = 'support_data' and no UNITS or UNIT_PTR.
BAR_1C_L2_MSPC | ISTP.UNITS:
  FrameGroup: VAR_TYPE = 'support_data' and no UNITS or UNIT_PTR.
  channel: VAR_TYPE = 'support_data' and no UNITS or UNIT_PTR.
BAR_1C_L2_RCNT | ISTP.UNITS:
  FrameGroup: VAR_TYPE = 'support_data' and no UNITS or UNIT_PTR.
BAR_1C_L2_SSPC | ISTP.UNITS:
  FrameGroup: VAR_TYPE = 'support_data' and no UNITS or UNIT_PTR.
  channel: VAR_TYPE = 'support_data' and no UNITS or UNIT_PTR.
BAR_1D_L2_EPHM | ISTP.UNITS:
  FrameGroup: VAR_TYPE = 'support_data' and no UNITS or UNIT_PTR.
  L_Kp2: VAR_TYPE = 'data' and no UNITS or UNIT_PTR.
  L_Kp6: VAR_TYPE = 'data' and no UNITS or UNIT_PTR.
BAR_1D_L2_FSPC | ISTP.UNITS:
  FrameGroup: VAR_TYPE = 'support_data' and no UNITS or UNIT_PTR.
BAR_1D_L2_MAGN | ISTP.UNITS:
  FrameGroup: VAR_TYPE = 'support_data' and no UNITS or UNIT_PTR.
BAR_1D_L2_MSPC | ISTP.UNITS:
  FrameGroup: VAR_TYPE = 'support_data' and no UNITS or UNIT_PTR.
  channel: VAR_TYPE = 'support_data' and no UNITS or UNIT_PTR.
BAR_1D_L2_RCNT | ISTP.UNITS:
  FrameGroup: VAR_TYPE = 'support_data' and no UNITS or UNIT_PTR.
BAR_1D_L2_SSPC | ISTP.UNITS:
  FrameGroup: VAR_TYPE = 'support_data' and no UNITS or UNIT_PTR.
  channel: VAR_TYPE = 'support_data' and no UNITS or UNIT_PTR.
BAR_1G_L2_EPHM | ISTP.UNITS:
  FrameGroup: VAR_TYPE = 'support_data' and no UNITS or UNIT_PTR.
  L_Kp2: VAR_TYPE = 'data' and no UNITS or UNIT_PTR.
  L_Kp6: VAR_TYPE = 'data' and no UNITS or UNIT_PTR.
BAR_1G_L2_FSPC | ISTP.UNITS:
  FrameGroup: VAR_TYPE = 'support_data' and no UNITS or UNIT_PTR.
BAR_1G_L2_MAGN | ISTP.UNITS:
  FrameGroup: VAR_TYPE = 'support_data' and no UNITS or UNIT_PTR.
BAR_1G_L2_MSPC | ISTP.UNITS:
  FrameGroup: VAR_TYPE = 'support_data' and no UNITS or UNIT_PTR.
  channel: VAR_TYPE = 'support_data' and no UNITS or UNIT_PTR.
BAR_1G_L2_RCNT | ISTP.UNITS:
  FrameGroup: VAR_TYPE = 'support_data' and no UNITS or UNIT_PTR.
BAR_1G_L2_SSPC | ISTP.UNITS:
  FrameGroup: VAR_TYPE = 'support_data' and no UNITS or UNIT_PTR.
  channel: VAR_TYPE = 'support_data' and no UNITS or UNIT_PTR.
BAR_1H_L2_EPHM | ISTP.UNITS:
  FrameGroup: VAR_TYPE = 'support_data' and no UNITS or UNIT_PTR.
  L_Kp2: VAR_TYPE = 'data' and no UNITS or UNIT_PTR.
  L_Kp6: VAR_TYPE = 'data' and no UNITS or UNIT_PTR.
BAR_1H_L2_FSPC | ISTP.UNITS:
  FrameGroup: VAR_TYPE = 'support_data' and no UNITS or UNIT_PTR.
BAR_1H_L2_MAGN | ISTP.UNITS:
  FrameGroup: VAR_TYPE = 'support_data' and no UNITS or UNIT_PTR.
BAR_1H_L2_MSPC | ISTP.UNITS:
  FrameGroup: VAR_TYPE = 'support_data' and no UNITS or UNIT_PTR.
  channel: VAR_TYPE = 'support_data' and no UNITS or UNIT_PTR.
BAR_1H_L2_RCNT | ISTP.UNITS:
  FrameGroup: VAR_TYPE = 'support_data' and no UNITS or UNIT_PTR.
BAR_1H_L2_SSPC | ISTP.UNITS:
  FrameGroup: VAR_TYPE = 'support_data' and no UNITS or UNIT_PTR.
  channel: VAR_TYPE = 'support_data' and no UNITS or UNIT_PTR.
BAR_1I_L2_EPHM | ISTP.UNITS:
  FrameGroup: VAR_TYPE = 'support_data' and no UNITS or UNIT_PTR.
  L_Kp2: VAR_TYPE = 'data' and no UNITS or UNIT_PTR.
  L_Kp6: VAR_TYPE = 'data' and no UNITS or UNIT_PTR.
BAR_1I_L2_FSPC | ISTP.UNITS:
  FrameGroup: VAR_TYPE = 'support_data' and no UNITS or UNIT_PTR.
BAR_1I_L2_MAGN | ISTP.UNITS:
  FrameGroup: VAR_TYPE = 'support_data' and no UNITS or UNIT_PTR.
BAR_1I_L2_MSPC | ISTP.UNITS:
  FrameGroup: VAR_TYPE = 'support_data' and no UNITS or UNIT_PTR.
  channel: VAR_TYPE = 'support_data' and no UNITS or UNIT_PTR.
BAR_1I_L2_RCNT | ISTP.UNITS:
  FrameGroup: VAR_TYPE = 'support_data' and no UNITS or UNIT_PTR.
BAR_1I_L2_SSPC | ISTP.UNITS:
  FrameGroup: VAR_TYPE = 'support_data' and no UNITS or UNIT_PTR.
  channel: VAR_TYPE = 'support_data' and no UNITS or UNIT_PTR.
BAR_1J_L2_EPHM | ISTP.UNITS:
  FrameGroup: VAR_TYPE = 'support_data' and no UNITS or UNIT_PTR.
  L_Kp2: VAR_TYPE = 'data' and no UNITS or UNIT_PTR.
  L_Kp6: VAR_TYPE = 'data' and no UNITS or UNIT_PTR.
BAR_1J_L2_FSPC | ISTP.UNITS:
  FrameGroup: VAR_TYPE = 'support_data' and no UNITS or UNIT_PTR.
BAR_1J_L2_MAGN | ISTP.UNITS:
  FrameGroup: VAR_TYPE = 'support_data' and no UNITS or UNIT_PTR.
BAR_1J_L2_MSPC | ISTP.UNITS:
  FrameGroup: VAR_TYPE = 'support_data' and no UNITS or UNIT_PTR.
  channel: VAR_TYPE = 'support_data' and no UNITS or UNIT_PTR.
BAR_1J_L2_RCNT | ISTP.UNITS:
  FrameGroup: VAR_TYPE = 'support_data' and no UNITS or UNIT_PTR.
BAR_1J_L2_SSPC | ISTP.UNITS:
  FrameGroup: VAR_TYPE = 'support_data' and no UNITS or UNIT_PTR.
  channel: VAR_TYPE = 'support_data' and no UNITS or UNIT_PTR.
BAR_1K_L2_EPHM | ISTP.UNITS:
  FrameGroup: VAR_TYPE = 'support_data' and no UNITS or UNIT_PTR.
  L_Kp2: VAR_TYPE = 'data' and no UNITS or UNIT_PTR.
  L_Kp6: VAR_TYPE = 'data' and no UNITS or UNIT_PTR.
BAR_1K_L2_FSPC | ISTP.UNITS:
  FrameGroup: VAR_TYPE = 'support_data' and no UNITS or UNIT_PTR.
BAR_1K_L2_MAGN | ISTP.UNITS:
  FrameGroup: VAR_TYPE = 'support_data' and no UNITS or UNIT_PTR.
BAR_1K_L2_MSPC | ISTP.UNITS:
  FrameGroup: VAR_TYPE = 'support_data' and no UNITS or UNIT_PTR.
  channel: VAR_TYPE = 'support_data' and no UNITS or UNIT_PTR.
BAR_1K_L2_RCNT | ISTP.UNITS:
  FrameGroup: VAR_TYPE = 'support_data' and no UNITS or UNIT_PTR.
BAR_1K_L2_SSPC | ISTP.UNITS:
  FrameGroup: VAR_TYPE = 'support_data' and no UNITS or UNIT_PTR.
  channel: VAR_TYPE = 'support_data' and no UNITS or UNIT_PTR.
BAR_1M_L2_EPHM | ISTP.UNITS:
  FrameGroup: VAR_TYPE = 'support_data' and no UNITS or UNIT_PTR.
  L_Kp2: VAR_TYPE = 'data' and no UNITS or UNIT_PTR.
  L_Kp6: VAR_TYPE = 'data' and no UNITS or UNIT_PTR.
BAR_1M_L2_FSPC | ISTP.UNITS:
  FrameGroup: VAR_TYPE = 'support_data' and no UNITS or UNIT_PTR.
BAR_1M_L2_MAGN | ISTP.UNITS:
  FrameGroup: VAR_TYPE = 'support_data' and no UNITS or UNIT_PTR.
BAR_1M_L2_MSPC | ISTP.UNITS:
  FrameGroup: VAR_TYPE = 'support_data' and no UNITS or UNIT_PTR.
  channel: VAR_TYPE = 'support_data' and no UNITS or UNIT_PTR.
BAR_1M_L2_RCNT | ISTP.UNITS:
  FrameGroup: VAR_TYPE = 'support_data' and no UNITS or UNIT_PTR.
BAR_1M_L2_SSPC | ISTP.UNITS:
  FrameGroup: VAR_TYPE = 'support_data' and no UNITS or UNIT_PTR.
  channel: VAR_TYPE = 'support_data' and no UNITS or UNIT_PTR.
BAR_1N_L2_EPHM | ISTP.UNITS:
  FrameGroup: VAR_TYPE = 'support_data' and no UNITS or UNIT_PTR.
  L_Kp2: VAR_TYPE = 'data' and no UNITS or UNIT_PTR.
  L_Kp6: VAR_TYPE = 'data' and no UNITS or UNIT_PTR.
BAR_1N_L2_FSPC | ISTP.UNITS:
  FrameGroup: VAR_TYPE = 'support_data' and no UNITS or UNIT_PTR.
BAR_1N_L2_MSPC | ISTP.UNITS:
  FrameGroup: VAR_TYPE = 'support_data' and no UNITS or UNIT_PTR.
  channel: VAR_TYPE = 'support_data' and no UNITS or UNIT_PTR.
BAR_1N_L2_SSPC | ISTP.UNITS:
  FrameGroup: VAR_TYPE = 'support_data' and no UNITS or UNIT_PTR.
  channel: VAR_TYPE = 'support_data' and no UNITS or UNIT_PTR.
BAR_1O_L2_EPHM | ISTP.UNITS:
  FrameGroup: VAR_TYPE = 'support_data' and no UNITS or UNIT_PTR.
  L_Kp2: VAR_TYPE = 'data' and no UNITS or UNIT_PTR.
  L_Kp6: VAR_TYPE = 'data' and no UNITS or UNIT_PTR.
BAR_1O_L2_FSPC | ISTP.UNITS:
  FrameGroup: VAR_TYPE = 'support_data' and no UNITS or UNIT_PTR.
BAR_1O_L2_MAGN | ISTP.UNITS:
  FrameGroup: VAR_TYPE = 'support_data' and no UNITS or UNIT_PTR.
BAR_1O_L2_MSPC | ISTP.UNITS:
  FrameGroup: VAR_TYPE = 'support_data' and no UNITS or UNIT_PTR.
  channel: VAR_TYPE = 'support_data' and no UNITS or UNIT_PTR.
BAR_1O_L2_RCNT | ISTP.UNITS:
  FrameGroup: VAR_TYPE = 'support_data' and no UNITS or UNIT_PTR.
BAR_1O_L2_SSPC | ISTP.UNITS:
  FrameGroup: VAR_TYPE = 'support_data' and no UNITS or UNIT_PTR.
  channel: VAR_TYPE = 'support_data' and no UNITS or UNIT_PTR.
BAR_1Q_L2_EPHM | ISTP.UNITS:
  FrameGroup: VAR_TYPE = 'support_data' and no UNITS or UNIT_PTR.
  L_Kp2: VAR_TYPE = 'data' and no UNITS or UNIT_PTR.
  L_Kp6: VAR_TYPE = 'data' and no UNITS or UNIT_PTR.
BAR_1Q_L2_FSPC | ISTP.UNITS:
  FrameGroup: VAR_TYPE = 'support_data' and no UNITS or UNIT_PTR.
BAR_1Q_L2_MAGN | ISTP.UNITS:
  FrameGroup: VAR_TYPE = 'support_data' and no UNITS or UNIT_PTR.
BAR_1Q_L2_MSPC | ISTP.UNITS:
  FrameGroup: VAR_TYPE = 'support_data' and no UNITS or UNIT_PTR.
  channel: VAR_TYPE = 'support_data' and no UNITS or UNIT_PTR.
BAR_1Q_L2_RCNT | ISTP.UNITS:
  FrameGroup: VAR_TYPE = 'support_data' and no UNITS or UNIT_PTR.
BAR_1Q_L2_SSPC | ISTP.UNITS:
  FrameGroup: VAR_TYPE = 'support_data' and no UNITS or UNIT_PTR.
  channel: VAR_TYPE = 'support_data' and no UNITS or UNIT_PTR.
BAR_1R_L2_EPHM | ISTP.UNITS:
  FrameGroup: VAR_TYPE = 'support_data' and no UNITS or UNIT_PTR.
  L_Kp2: VAR_TYPE = 'data' and no UNITS or UNIT_PTR.
  L_Kp6: VAR_TYPE = 'data' and no UNITS or UNIT_PTR.
BAR_1R_L2_FSPC | ISTP.UNITS:
  FrameGroup: VAR_TYPE = 'support_data' and no UNITS or UNIT_PTR.
BAR_1R_L2_MAGN | ISTP.UNITS:
  FrameGroup: VAR_TYPE = 'support_data' and no UNITS or UNIT_PTR.
BAR_1R_L2_MSPC | ISTP.UNITS:
  FrameGroup: VAR_TYPE = 'support_data' and no UNITS or UNIT_PTR.
  channel: VAR_TYPE = 'support_data' and no UNITS or UNIT_PTR.
BAR_1R_L2_RCNT | ISTP.UNITS:
  FrameGroup: VAR_TYPE = 'support_data' and no UNITS or UNIT_PTR.
BAR_1R_L2_SSPC | ISTP.UNITS:
  FrameGroup: VAR_TYPE = 'support_data' and no UNITS or UNIT_PTR.
  channel: VAR_TYPE = 'support_data' and no UNITS or UNIT_PTR.
BAR_1S_L2_EPHM | ISTP.UNITS:
  FrameGroup: VAR_TYPE = 'support_data' and no UNITS or UNIT_PTR.
  L_Kp2: VAR_TYPE = 'data' and no UNITS or UNIT_PTR.
  L_Kp6: VAR_TYPE = 'data' and no UNITS or UNIT_PTR.
BAR_1S_L2_FSPC | ISTP.UNITS:
  FrameGroup: VAR_TYPE = 'support_data' and no UNITS or UNIT_PTR.
BAR_1S_L2_MAGN | ISTP.UNITS:
  FrameGroup: VAR_TYPE = 'support_data' and no UNITS or UNIT_PTR.
BAR_1S_L2_MSPC | ISTP.UNITS:
  FrameGroup: VAR_TYPE = 'support_data' and no UNITS or UNIT_PTR.
  channel: VAR_TYPE = 'support_data' and no UNITS or UNIT_PTR.
BAR_1S_L2_RCNT | ISTP.UNITS:
  FrameGroup: VAR_TYPE = 'support_data' and no UNITS or UNIT_PTR.
BAR_1S_L2_SSPC | ISTP.UNITS:
  FrameGroup: VAR_TYPE = 'support_data' and no UNITS or UNIT_PTR.
  channel: VAR_TYPE = 'support_data' and no UNITS or UNIT_PTR.
BAR_1T_L2_EPHM | ISTP.UNITS:
  FrameGroup: VAR_TYPE = 'support_data' and no UNITS or UNIT_PTR.
  L_Kp2: VAR_TYPE = 'data' and no UNITS or UNIT_PTR.
  L_Kp6: VAR_TYPE = 'data' and no UNITS or UNIT_PTR.
BAR_1T_L2_FSPC | ISTP.UNITS:
  FrameGroup: VAR_TYPE = 'support_data' and no UNITS or UNIT_PTR.
BAR_1T_L2_MAGN | ISTP.UNITS:
  FrameGroup: VAR_TYPE = 'support_data' and no UNITS or UNIT_PTR.
BAR_1T_L2_MSPC | ISTP.UNITS:
  FrameGroup: VAR_TYPE = 'support_data' and no UNITS or UNIT_PTR.
  channel: VAR_TYPE = 'support_data' and no UNITS or UNIT_PTR.
BAR_1T_L2_RCNT | ISTP.UNITS:
  FrameGroup: VAR_TYPE = 'support_data' and no UNITS or UNIT_PTR.
BAR_1T_L2_SSPC | ISTP.UNITS:
  FrameGroup: VAR_TYPE = 'support_data' and no UNITS or UNIT_PTR.
  channel: VAR_TYPE = 'support_data' and no UNITS or UNIT_PTR.
BAR_1U_L2_EPHM | ISTP.UNITS:
  FrameGroup: VAR_TYPE = 'support_data' and no UNITS or UNIT_PTR.
  L_Kp2: VAR_TYPE = 'data' and no UNITS or UNIT_PTR.
  L_Kp6: VAR_TYPE = 'data' and no UNITS or UNIT_PTR.
BAR_1U_L2_FSPC | ISTP.UNITS:
  FrameGroup: VAR_TYPE = 'support_data' and no UNITS or UNIT_PTR.
BAR_1U_L2_MAGN | ISTP.UNITS:
  FrameGroup: VAR_TYPE = 'support_data' and no UNITS or UNIT_PTR.
BAR_1U_L2_MSPC | ISTP.UNITS:
  FrameGroup: VAR_TYPE = 'support_data' and no UNITS or UNIT_PTR.
  channel: VAR_TYPE = 'support_data' and no UNITS or UNIT_PTR.
BAR_1U_L2_RCNT | ISTP.UNITS:
  FrameGroup: VAR_TYPE = 'support_data' and no UNITS or UNIT_PTR.
BAR_1U_L2_SSPC | ISTP.UNITS:
  FrameGroup: VAR_TYPE = 'support_data' and no UNITS or UNIT_PTR.
  channel: VAR_TYPE = 'support_data' and no UNITS or UNIT_PTR.
BAR_1V_L2_EPHM | ISTP.UNITS:
  FrameGroup: VAR_TYPE = 'support_data' and no UNITS or UNIT_PTR.
  L_Kp2: VAR_TYPE = 'data' and no UNITS or UNIT_PTR.
  L_Kp6: VAR_TYPE = 'data' and no UNITS or UNIT_PTR.
BAR_1V_L2_FSPC | ISTP.UNITS:
  FrameGroup: VAR_TYPE = 'support_data' and no UNITS or UNIT_PTR.
BAR_1V_L2_MAGN | ISTP.UNITS:
  FrameGroup: VAR_TYPE = 'support_data' and no UNITS or UNIT_PTR.
BAR_1V_L2_MSPC | ISTP.UNITS:
  FrameGroup: VAR_TYPE = 'support_data' and no UNITS or UNIT_PTR.
  channel: VAR_TYPE = 'support_data' and no UNITS or UNIT_PTR.
BAR_1V_L2_RCNT | ISTP.UNITS:
  FrameGroup: VAR_TYPE = 'support_data' and no UNITS or UNIT_PTR.
BAR_1V_L2_SSPC | ISTP.UNITS:
  FrameGroup: VAR_TYPE = 'support_data' and no UNITS or UNIT_PTR.
  channel: VAR_TYPE = 'support_data' and no UNITS or UNIT_PTR.
BAR_2A_L2_EPHM | ISTP.UNITS:
  FrameGroup: VAR_TYPE = 'support_data' and no UNITS or UNIT_PTR.
  L_Kp2: VAR_TYPE = 'data' and no UNITS or UNIT_PTR.
  L_Kp6: VAR_TYPE = 'data' and no UNITS or UNIT_PTR.
BAR_2A_L2_FSPC | ISTP.UNITS:
  FrameGroup: VAR_TYPE = 'support_data' and no UNITS or UNIT_PTR.
BAR_2A_L2_MAGN | ISTP.UNITS:
  FrameGroup: VAR_TYPE = 'support_data' and no UNITS or UNIT_PTR.
BAR_2A_L2_MSPC | ISTP.UNITS:
  FrameGroup: VAR_TYPE = 'support_data' and no UNITS or UNIT_PTR.
  channel: VAR_TYPE = 'support_data' and no UNITS or UNIT_PTR.
BAR_2A_L2_RCNT | ISTP.UNITS:
  FrameGroup: VAR_TYPE = 'support_data' and no UNITS or UNIT_PTR.
BAR_2A_L2_SSPC | ISTP.UNITS:
  FrameGroup: VAR_TYPE = 'support_data' and no UNITS or UNIT_PTR.
  channel: VAR_TYPE = 'support_data' and no UNITS or UNIT_PTR.
BAR_2B_L2_EPHM | ISTP.UNITS:
  FrameGroup: VAR_TYPE = 'support_data' and no UNITS or UNIT_PTR.
  L_Kp2: VAR_TYPE = 'data' and no UNITS or UNIT_PTR.
  L_Kp6: VAR_TYPE = 'data' and no UNITS or UNIT_PTR.
BAR_2B_L2_FSPC | ISTP.UNITS:
  FrameGroup: VAR_TYPE = 'support_data' and no UNITS or UNIT_PTR.
BAR_2B_L2_MAGN | ISTP.UNITS:
  FrameGroup: VAR_TYPE = 'support_data' and no UNITS or UNIT_PTR.
BAR_2B_L2_MSPC | ISTP.UNITS:
  FrameGroup: VAR_TYPE = 'support_data' and no UNITS or UNIT_PTR.
  channel: VAR_TYPE = 'support_data' and no UNITS or UNIT_PTR.
BAR_2B_L2_RCNT | ISTP.UNITS:
  FrameGroup: VAR_TYPE = 'support_data' and no UNITS or UNIT_PTR.
BAR_2B_L2_SSPC | ISTP.UNITS:
  FrameGroup: VAR_TYPE = 'support_data' and no UNITS or UNIT_PTR.
  channel: VAR_TYPE = 'support_data' and no UNITS or UNIT_PTR.
BAR_2C_L2_EPHM | ISTP.UNITS:
  FrameGroup: VAR_TYPE = 'support_data' and no UNITS or UNIT_PTR.
  L_Kp2: VAR_TYPE = 'data' and no UNITS or UNIT_PTR.
  L_Kp6: VAR_TYPE = 'data' and no UNITS or UNIT_PTR.
BAR_2C_L2_FSPC | ISTP.UNITS:
  FrameGroup: VAR_TYPE = 'support_data' and no UNITS or UNIT_PTR.
BAR_2C_L2_MAGN | ISTP.UNITS:
  FrameGroup: VAR_TYPE = 'support_data' and no UNITS or UNIT_PTR.
BAR_2C_L2_MSPC | ISTP.UNITS:
  FrameGroup: VAR_TYPE = 'support_data' and no UNITS or UNIT_PTR.
  channel: VAR_TYPE = 'support_data' and no UNITS or UNIT_PTR.
BAR_2C_L2_RCNT | ISTP.UNITS:
  FrameGroup: VAR_TYPE = 'support_data' and no UNITS or UNIT_PTR.
BAR_2C_L2_SSPC | ISTP.UNITS:
  FrameGroup: VAR_TYPE = 'support_data' and no UNITS or UNIT_PTR.
  channel: VAR_TYPE = 'support_data' and no UNITS or UNIT_PTR.
BAR_2D_L2_EPHM | ISTP.UNITS:
  FrameGroup: VAR_TYPE = 'support_data' and no UNITS or UNIT_PTR.
  L_Kp2: VAR_TYPE = 'data' and no UNITS or UNIT_PTR.
  L_Kp6: VAR_TYPE = 'data' and no UNITS or UNIT_PTR.
BAR_2D_L2_FSPC | ISTP.UNITS:
  FrameGroup: VAR_TYPE = 'support_data' and no UNITS or UNIT_PTR.
BAR_2D_L2_MAGN | ISTP.UNITS:
  FrameGroup: VAR_TYPE = 'support_data' and no UNITS or UNIT_PTR.
BAR_2D_L2_MSPC | ISTP.UNITS:
  FrameGroup: VAR_TYPE = 'support_data' and no UNITS or UNIT_PTR.
  channel: VAR_TYPE = 'support_data' and no UNITS or UNIT_PTR.
BAR_2D_L2_RCNT | ISTP.UNITS:
  FrameGroup: VAR_TYPE = 'support_data' and no UNITS or UNIT_PTR.
BAR_2D_L2_SSPC | ISTP.UNITS:
  FrameGroup: VAR_TYPE = 'support_data' and no UNITS or UNIT_PTR.
  channel: VAR_TYPE = 'support_data' and no UNITS or UNIT_PTR.
BAR_2E_L2_EPHM | ISTP.UNITS:
  FrameGroup: VAR_TYPE = 'support_data' and no UNITS or UNIT_PTR.
  L_Kp2: VAR_TYPE = 'data' and no UNITS or UNIT_PTR.
  L_Kp6: VAR_TYPE = 'data' and no UNITS or UNIT_PTR.
BAR_2E_L2_FSPC | ISTP.UNITS:
  FrameGroup: VAR_TYPE = 'support_data' and no UNITS or UNIT_PTR.
BAR_2E_L2_MAGN | ISTP.UNITS:
  FrameGroup: VAR_TYPE = 'support_data' and no UNITS or UNIT_PTR.
BAR_2E_L2_MSPC | ISTP.UNITS:
  FrameGroup: VAR_TYPE = 'support_data' and no UNITS or UNIT_PTR.
  channel: VAR_TYPE = 'support_data' and no UNITS or UNIT_PTR.
BAR_2E_L2_RCNT | ISTP.UNITS:
  FrameGroup: VAR_TYPE = 'support_data' and no UNITS or UNIT_PTR.
BAR_2E_L2_SSPC | ISTP.UNITS:
  FrameGroup: VAR_TYPE = 'support_data' and no UNITS or UNIT_PTR.
  channel: VAR_TYPE = 'support_data' and no UNITS or UNIT_PTR.
BAR_2F_L2_EPHM | ISTP.UNITS:
  FrameGroup: VAR_TYPE = 'support_data' and no UNITS or UNIT_PTR.
  L_Kp2: VAR_TYPE = 'data' and no UNITS or UNIT_PTR.
  L_Kp6: VAR_TYPE = 'data' and no UNITS or UNIT_PTR.
BAR_2F_L2_FSPC | ISTP.UNITS:
  FrameGroup: VAR_TYPE = 'support_data' and no UNITS or UNIT_PTR.
BAR_2F_L2_MAGN | ISTP.UNITS:
  FrameGroup: VAR_TYPE = 'support_data' and no UNITS or UNIT_PTR.
BAR_2F_L2_MSPC | ISTP.UNITS:
  FrameGroup: VAR_TYPE = 'support_data' and no UNITS or UNIT_PTR.
  channel: VAR_TYPE = 'support_data' and no UNITS or UNIT_PTR.
BAR_2F_L2_RCNT | ISTP.UNITS:
  FrameGroup: VAR_TYPE = 'support_data' and no UNITS or UNIT_PTR.
BAR_2F_L2_SSPC | ISTP.UNITS:
  FrameGroup: VAR_TYPE = 'support_data' and no UNITS or UNIT_PTR.
  channel: VAR_TYPE = 'support_data' and no UNITS or UNIT_PTR.
BAR_2I_L2_EPHM | ISTP.UNITS:
  FrameGroup: VAR_TYPE = 'support_data' and no UNITS or UNIT_PTR.
  L_Kp2: VAR_TYPE = 'data' and no UNITS or UNIT_PTR.
  L_Kp6: VAR_TYPE = 'data' and no UNITS or UNIT_PTR.
BAR_2I_L2_FSPC | ISTP.UNITS:
  FrameGroup: VAR_TYPE = 'support_data' and no UNITS or UNIT_PTR.
BAR_2I_L2_MAGN | ISTP.UNITS:
  FrameGroup: VAR_TYPE = 'support_data' and no UNITS or UNIT_PTR.
BAR_2I_L2_MSPC | ISTP.UNITS:
  FrameGroup: VAR_TYPE = 'support_data' and no UNITS or UNIT_PTR.
  channel: VAR_TYPE = 'support_data' and no UNITS or UNIT_PTR.
BAR_2I_L2_RCNT | ISTP.UNITS:
  FrameGroup: VAR_TYPE = 'support_data' and no UNITS or UNIT_PTR.
BAR_2I_L2_SSPC | ISTP.UNITS:
  FrameGroup: VAR_TYPE = 'support_data' and no UNITS or UNIT_PTR.
  channel: VAR_TYPE = 'support_data' and no UNITS or UNIT_PTR.
BAR_2K_L2_EPHM | ISTP.UNITS:
  FrameGroup: VAR_TYPE = 'support_data' and no UNITS or UNIT_PTR.
  L_Kp2: VAR_TYPE = 'data' and no UNITS or UNIT_PTR.
  L_Kp6: VAR_TYPE = 'data' and no UNITS or UNIT_PTR.
BAR_2K_L2_FSPC | ISTP.UNITS:
  FrameGroup: VAR_TYPE = 'support_data' and no UNITS or UNIT_PTR.
BAR_2K_L2_MAGN | ISTP.UNITS:
  FrameGroup: VAR_TYPE = 'support_data' and no UNITS or UNIT_PTR.
BAR_2K_L2_MSPC | ISTP.UNITS:
  FrameGroup: VAR_TYPE = 'support_data' and no UNITS or UNIT_PTR.
  channel: VAR_TYPE = 'support_data' and no UNITS or UNIT_PTR.
BAR_2K_L2_RCNT | ISTP.UNITS:
  FrameGroup: VAR_TYPE = 'support_data' and no UNITS or UNIT_PTR.
BAR_2K_L2_SSPC | ISTP.UNITS:
  FrameGroup: VAR_TYPE = 'support_data' and no UNITS or UNIT_PTR.
  channel: VAR_TYPE = 'support_data' and no UNITS or UNIT_PTR.
BAR_2L_L2_EPHM | ISTP.UNITS:
  FrameGroup: VAR_TYPE = 'support_data' and no UNITS or UNIT_PTR.
  L_Kp2: VAR_TYPE = 'data' and no UNITS or UNIT_PTR.
  L_Kp6: VAR_TYPE = 'data' and no UNITS or UNIT_PTR.
BAR_2L_L2_FSPC | ISTP.UNITS:
  FrameGroup: VAR_TYPE = 'support_data' and no UNITS or UNIT_PTR.
BAR_2L_L2_HKPG | ISTP.UNITS:
  FrameGroup: VAR_TYPE = 'support_data' and no UNITS or UNIT_PTR.
BAR_2L_L2_MAGN | ISTP.UNITS:
  FrameGroup: VAR_TYPE = 'support_data' and no UNITS or UNIT_PTR.
BAR_2L_L2_MSPC | ISTP.UNITS:
  FrameGroup: VAR_TYPE = 'support_data' and no UNITS or UNIT_PTR.
  channel: VAR_TYPE = 'support_data' and no UNITS or UNIT_PTR.
BAR_2L_L2_RCNT | ISTP.UNITS:
  FrameGroup: VAR_TYPE = 'support_data' and no UNITS or UNIT_PTR.
BAR_2L_L2_SSPC | ISTP.UNITS:
  FrameGroup: VAR_TYPE = 'support_data' and no UNITS or UNIT_PTR.
  channel: VAR_TYPE = 'support_data' and no UNITS or UNIT_PTR.
BAR_2M_L2_EPHM | ISTP.UNITS:
  FrameGroup: VAR_TYPE = 'support_data' and no UNITS or UNIT_PTR.
  L_Kp2: VAR_TYPE = 'data' and no UNITS or UNIT_PTR.
  L_Kp6: VAR_TYPE = 'data' and no UNITS or UNIT_PTR.
BAR_2M_L2_FSPC | ISTP.UNITS:
  FrameGroup: VAR_TYPE = 'support_data' and no UNITS or UNIT_PTR.
BAR_2M_L2_MAGN | ISTP.UNITS:
  FrameGroup: VAR_TYPE = 'support_data' and no UNITS or UNIT_PTR.
BAR_2M_L2_MSPC | ISTP.UNITS:
  FrameGroup: VAR_TYPE = 'support_data' and no UNITS or UNIT_PTR.
  channel: VAR_TYPE = 'support_data' and no UNITS or UNIT_PTR.
BAR_2M_L2_RCNT | ISTP.UNITS:
  FrameGroup: VAR_TYPE = 'support_data' and no UNITS or UNIT_PTR.
BAR_2M_L2_SSPC | ISTP.UNITS:
  FrameGroup: VAR_TYPE = 'support_data' and no UNITS or UNIT_PTR.
  channel: VAR_TYPE = 'support_data' and no UNITS or UNIT_PTR.
BAR_2N_L2_EPHM | ISTP.UNITS:
  FrameGroup: VAR_TYPE = 'support_data' and no UNITS or UNIT_PTR.
  L_Kp2: VAR_TYPE = 'data' and no UNITS or UNIT_PTR.
  L_Kp6: VAR_TYPE = 'data' and no UNITS or UNIT_PTR.
BAR_2N_L2_FSPC | ISTP.UNITS:
  FrameGroup: VAR_TYPE = 'support_data' and no UNITS or UNIT_PTR.
BAR_2N_L2_MAGN | ISTP.UNITS:
  FrameGroup: VAR_TYPE = 'support_data' and no UNITS or UNIT_PTR.
BAR_2N_L2_MSPC | ISTP.UNITS:
  FrameGroup: VAR_TYPE = 'support_data' and no UNITS or UNIT_PTR.
  channel: VAR_TYPE = 'support_data' and no UNITS or UNIT_PTR.
BAR_2N_L2_RCNT | ISTP.UNITS:
  FrameGroup: VAR_TYPE = 'support_data' and no UNITS or UNIT_PTR.
BAR_2N_L2_SSPC | ISTP.UNITS:
  FrameGroup: VAR_TYPE = 'support_data' and no UNITS or UNIT_PTR.
  channel: VAR_TYPE = 'support_data' and no UNITS or UNIT_PTR.
BAR_2O_L2_EPHM | ISTP.UNITS:
  FrameGroup: VAR_TYPE = 'support_data' and no UNITS or UNIT_PTR.
  L_Kp2: VAR_TYPE = 'data' and no UNITS or UNIT_PTR.
  L_Kp6: VAR_TYPE = 'data' and no UNITS or UNIT_PTR.
BAR_2O_L2_FSPC | ISTP.UNITS:
  FrameGroup: VAR_TYPE = 'support_data' and no UNITS or UNIT_PTR.
BAR_2O_L2_MAGN | ISTP.UNITS:
  FrameGroup: VAR_TYPE = 'support_data' and no UNITS or UNIT_PTR.
BAR_2O_L2_MSPC | ISTP.UNITS:
  FrameGroup: VAR_TYPE = 'support_data' and no UNITS or UNIT_PTR.
  channel: VAR_TYPE = 'support_data' and no UNITS or UNIT_PTR.
BAR_2O_L2_RCNT | ISTP.UNITS:
  FrameGroup: VAR_TYPE = 'support_data' and no UNITS or UNIT_PTR.
BAR_2O_L2_SSPC | ISTP.UNITS:
  FrameGroup: VAR_TYPE = 'support_data' and no UNITS or UNIT_PTR.
  channel: VAR_TYPE = 'support_data' and no UNITS or UNIT_PTR.
BAR_2P_L2_EPHM | ISTP.UNITS:
  FrameGroup: VAR_TYPE = 'support_data' and no UNITS or UNIT_PTR.
  L_Kp2: VAR_TYPE = 'data' and no UNITS or UNIT_PTR.
  L_Kp6: VAR_TYPE = 'data' and no UNITS or UNIT_PTR.
BAR_2P_L2_FSPC | ISTP.UNITS:
  FrameGroup: VAR_TYPE = 'support_data' and no UNITS or UNIT_PTR.
BAR_2P_L2_MAGN | ISTP.UNITS:
  FrameGroup: VAR_TYPE = 'support_data' and no UNITS or UNIT_PTR.
BAR_2P_L2_MSPC | ISTP.UNITS:
  FrameGroup: VAR_TYPE = 'support_data' and no UNITS or UNIT_PTR.
  channel: VAR_TYPE = 'support_data' and no UNITS or UNIT_PTR.
BAR_2P_L2_RCNT | ISTP.UNITS:
  FrameGroup: VAR_TYPE = 'support_data' and no UNITS or UNIT_PTR.
BAR_2P_L2_SSPC | ISTP.UNITS:
  FrameGroup: VAR_TYPE = 'support_data' and no UNITS or UNIT_PTR.
  channel: VAR_TYPE = 'support_data' and no UNITS or UNIT_PTR.
BAR_2Q_L2_EPHM | ISTP.UNITS:
  FrameGroup: VAR_TYPE = 'support_data' and no UNITS or UNIT_PTR.
  L_Kp2: VAR_TYPE = 'data' and no UNITS or UNIT_PTR.
  L_Kp6: VAR_TYPE = 'data' and no UNITS or UNIT_PTR.
BAR_2Q_L2_FSPC | ISTP.UNITS:
  FrameGroup: VAR_TYPE = 'support_data' and no UNITS or UNIT_PTR.
BAR_2Q_L2_MAGN | ISTP.UNITS:
  FrameGroup: VAR_TYPE = 'support_data' and no UNITS or UNIT_PTR.
BAR_2Q_L2_MSPC | ISTP.UNITS:
  FrameGroup: VAR_TYPE = 'support_data' and no UNITS or UNIT_PTR.
  channel: VAR_TYPE = 'support_data' and no UNITS or UNIT_PTR.
BAR_2Q_L2_RCNT | ISTP.UNITS:
  FrameGroup: VAR_TYPE = 'support_data' and no UNITS or UNIT_PTR.
BAR_2Q_L2_SSPC | ISTP.UNITS:
  FrameGroup: VAR_TYPE = 'support_data' and no UNITS or UNIT_PTR.
  channel: VAR_TYPE = 'support_data' and no UNITS or UNIT_PTR.
BAR_2T_L2_EPHM | ISTP.UNITS:
  FrameGroup: VAR_TYPE = 'support_data' and no UNITS or UNIT_PTR.
  L_Kp2: VAR_TYPE = 'data' and no UNITS or UNIT_PTR.
  L_Kp6: VAR_TYPE = 'data' and no UNITS or UNIT_PTR.
BAR_2T_L2_FSPC | ISTP.UNITS:
  FrameGroup: VAR_TYPE = 'support_data' and no UNITS or UNIT_PTR.
BAR_2T_L2_MAGN | ISTP.UNITS:
  FrameGroup: VAR_TYPE = 'support_data' and no UNITS or UNIT_PTR.
BAR_2T_L2_MSPC | ISTP.UNITS:
  FrameGroup: VAR_TYPE = 'support_data' and no UNITS or UNIT_PTR.
  channel: VAR_TYPE = 'support_data' and no UNITS or UNIT_PTR.
BAR_2T_L2_RCNT | ISTP.UNITS:
  FrameGroup: VAR_TYPE = 'support_data' and no UNITS or UNIT_PTR.
BAR_2T_L2_SSPC | ISTP.UNITS:
  FrameGroup: VAR_TYPE = 'support_data' and no UNITS or UNIT_PTR.
  channel: VAR_TYPE = 'support_data' and no UNITS or UNIT_PTR.
BAR_2W_L2_EPHM | ISTP.UNITS:
  FrameGroup: VAR_TYPE = 'support_data' and no UNITS or UNIT_PTR.
  L_Kp2: VAR_TYPE = 'data' and no UNITS or UNIT_PTR.
  L_Kp6: VAR_TYPE = 'data' and no UNITS or UNIT_PTR.
BAR_2W_L2_FSPC | ISTP.UNITS:
  FrameGroup: VAR_TYPE = 'support_data' and no UNITS or UNIT_PTR.
BAR_2W_L2_MAGN | ISTP.UNITS:
  FrameGroup: VAR_TYPE = 'support_data' and no UNITS or UNIT_PTR.
BAR_2W_L2_MSPC | ISTP.UNITS:
  FrameGroup: VAR_TYPE = 'support_data' and no UNITS or UNIT_PTR.
  channel: VAR_TYPE = 'support_data' and no UNITS or UNIT_PTR.
BAR_2W_L2_RCNT | ISTP.UNITS:
  FrameGroup: VAR_TYPE = 'support_data' and no UNITS or UNIT_PTR.
BAR_2W_L2_SSPC | ISTP.UNITS:
  FrameGroup: VAR_TYPE = 'support_data' and no UNITS or UNIT_PTR.
  channel: VAR_TYPE = 'support_data' and no UNITS or UNIT_PTR.
BAR_2X_L2_EPHM | ISTP.UNITS:
  FrameGroup: VAR_TYPE = 'support_data' and no UNITS or UNIT_PTR.
  L_Kp2: VAR_TYPE = 'data' and no UNITS or UNIT_PTR.
  L_Kp6: VAR_TYPE = 'data' and no UNITS or UNIT_PTR.
BAR_2X_L2_FSPC | ISTP.UNITS:
  FrameGroup: VAR_TYPE = 'support_data' and no UNITS or UNIT_PTR.
BAR_2X_L2_MAGN | ISTP.UNITS:
  FrameGroup: VAR_TYPE = 'support_data' and no UNITS or UNIT_PTR.
BAR_2X_L2_MSPC | ISTP.UNITS:
  FrameGroup: VAR_TYPE = 'support_data' and no UNITS or UNIT_PTR.
  channel: VAR_TYPE = 'support_data' and no UNITS or UNIT_PTR.
BAR_2X_L2_RCNT | ISTP.UNITS:
  FrameGroup: VAR_TYPE = 'support_data' and no UNITS or UNIT_PTR.
BAR_2X_L2_SSPC | ISTP.UNITS:
  FrameGroup: VAR_TYPE = 'support_data' and no UNITS or UNIT_PTR.
  channel: VAR_TYPE = 'support_data' and no UNITS or UNIT_PTR.
BAR_2Y_L2_EPHM | ISTP.UNITS:
  FrameGroup: VAR_TYPE = 'support_data' and no UNITS or UNIT_PTR.
  L_Kp2: VAR_TYPE = 'data' and no UNITS or UNIT_PTR.
  L_Kp6: VAR_TYPE = 'data' and no UNITS or UNIT_PTR.
BAR_2Y_L2_FSPC | ISTP.UNITS:
  FrameGroup: VAR_TYPE = 'support_data' and no UNITS or UNIT_PTR.
BAR_2Y_L2_MAGN | ISTP.UNITS:
  FrameGroup: VAR_TYPE = 'support_data' and no UNITS or UNIT_PTR.
BAR_2Y_L2_MSPC | ISTP.UNITS:
  FrameGroup: VAR_TYPE = 'support_data' and no UNITS or UNIT_PTR.
  channel: VAR_TYPE = 'support_data' and no UNITS or UNIT_PTR.
BAR_2Y_L2_RCNT | ISTP.UNITS:
  FrameGroup: VAR_TYPE = 'support_data' and no UNITS or UNIT_PTR.
BAR_2Y_L2_SSPC | ISTP.UNITS:
  FrameGroup: VAR_TYPE = 'support_data' and no UNITS or UNIT_PTR.
  channel: VAR_TYPE = 'support_data' and no UNITS or UNIT_PTR.
BAR_3A_L2_EPHM | ISTP.UNITS:
  FrameGroup: VAR_TYPE = 'support_data' and no UNITS or UNIT_PTR.
  L_Kp2: VAR_TYPE = 'data' and no UNITS or UNIT_PTR.
  L_Kp6: VAR_TYPE = 'data' and no UNITS or UNIT_PTR.
BAR_3A_L2_FSPC | ISTP.UNITS:
  FrameGroup: VAR_TYPE = 'support_data' and no UNITS or UNIT_PTR.
BAR_3A_L2_MSPC | ISTP.UNITS:
  FrameGroup: VAR_TYPE = 'support_data' and no UNITS or UNIT_PTR.
  channel: VAR_TYPE = 'support_data' and no UNITS or UNIT_PTR.
BAR_3A_L2_SSPC | ISTP.UNITS:
  FrameGroup: VAR_TYPE = 'support_data' and no UNITS or UNIT_PTR.
  channel: VAR_TYPE = 'support_data' and no UNITS or UNIT_PTR.
BAR_3B_L2_EPHM | ISTP.UNITS:
  FrameGroup: VAR_TYPE = 'support_data' and no UNITS or UNIT_PTR.
  L_Kp2: VAR_TYPE = 'data' and no UNITS or UNIT_PTR.
  L_Kp6: VAR_TYPE = 'data' and no UNITS or UNIT_PTR.
BAR_3B_L2_FSPC | ISTP.UNITS:
  FrameGroup: VAR_TYPE = 'support_data' and no UNITS or UNIT_PTR.
BAR_3B_L2_MSPC | ISTP.UNITS:
  FrameGroup: VAR_TYPE = 'support_data' and no UNITS or UNIT_PTR.
  channel: VAR_TYPE = 'support_data' and no UNITS or UNIT_PTR.
BAR_3B_L2_SSPC | ISTP.UNITS:
  FrameGroup: VAR_TYPE = 'support_data' and no UNITS or UNIT_PTR.
  channel: VAR_TYPE = 'support_data' and no UNITS or UNIT_PTR.
BAR_3C_L2_EPHM | ISTP.UNITS:
  FrameGroup: VAR_TYPE = 'support_data' and no UNITS or UNIT_PTR.
  L_Kp2: VAR_TYPE = 'data' and no UNITS or UNIT_PTR.
  L_Kp6: VAR_TYPE = 'data' and no UNITS or UNIT_PTR.
BAR_3C_L2_FSPC | ISTP.UNITS:
  FrameGroup: VAR_TYPE = 'support_data' and no UNITS or UNIT_PTR.
BAR_3C_L2_MSPC | ISTP.UNITS:
  FrameGroup: VAR_TYPE = 'support_data' and no UNITS or UNIT_PTR.
  channel: VAR_TYPE = 'support_data' and no UNITS or UNIT_PTR.
BAR_3C_L2_SSPC | ISTP.UNITS:
  FrameGroup: VAR_TYPE = 'support_data' and no UNITS or UNIT_PTR.
  channel: VAR_TYPE = 'support_data' and no UNITS or UNIT_PTR.
BAR_3D_L2_EPHM | ISTP.UNITS:
  FrameGroup: VAR_TYPE = 'support_data' and no UNITS or UNIT_PTR.
  L_Kp2: VAR_TYPE = 'data' and no UNITS or UNIT_PTR.
  L_Kp6: VAR_TYPE = 'data' and no UNITS or UNIT_PTR.
BAR_3D_L2_FSPC | ISTP.UNITS:
  FrameGroup: VAR_TYPE = 'support_data' and no UNITS or UNIT_PTR.
BAR_3D_L2_MSPC | ISTP.UNITS:
  FrameGroup: VAR_TYPE = 'support_data' and no UNITS or UNIT_PTR.
  channel: VAR_TYPE = 'support_data' and no UNITS or UNIT_PTR.
BAR_3D_L2_SSPC | ISTP.UNITS:
  FrameGroup: VAR_TYPE = 'support_data' and no UNITS or UNIT_PTR.
  channel: VAR_TYPE = 'support_data' and no UNITS or UNIT_PTR.
BAR_3E_L2_EPHM | ISTP.UNITS:
  FrameGroup: VAR_TYPE = 'support_data' and no UNITS or UNIT_PTR.
  L_Kp2: VAR_TYPE = 'data' and no UNITS or UNIT_PTR.
  L_Kp6: VAR_TYPE = 'data' and no UNITS or UNIT_PTR.
BAR_3E_L2_FSPC | ISTP.UNITS:
  FrameGroup: VAR_TYPE = 'support_data' and no UNITS or UNIT_PTR.
BAR_3E_L2_MSPC | ISTP.UNITS:
  FrameGroup: VAR_TYPE = 'support_data' and no UNITS or UNIT_PTR.
  channel: VAR_TYPE = 'support_data' and no UNITS or UNIT_PTR.
BAR_3E_L2_SSPC | ISTP.UNITS:
  FrameGroup: VAR_TYPE = 'support_data' and no UNITS or UNIT_PTR.
  channel: VAR_TYPE = 'support_data' and no UNITS or UNIT_PTR.
BAR_3F_L2_EPHM | ISTP.UNITS:
  FrameGroup: VAR_TYPE = 'support_data' and no UNITS or UNIT_PTR.
  L_Kp2: VAR_TYPE = 'data' and no UNITS or UNIT_PTR.
  L_Kp6: VAR_TYPE = 'data' and no UNITS or UNIT_PTR.
BAR_3F_L2_FSPC | ISTP.UNITS:
  FrameGroup: VAR_TYPE = 'support_data' and no UNITS or UNIT_PTR.
BAR_3F_L2_MSPC | ISTP.UNITS:
  FrameGroup: VAR_TYPE = 'support_data' and no UNITS or UNIT_PTR.
  channel: VAR_TYPE = 'support_data' and no UNITS or UNIT_PTR.
BAR_3F_L2_SSPC | ISTP.UNITS:
  FrameGroup: VAR_TYPE = 'support_data' and no UNITS or UNIT_PTR.
  channel: VAR_TYPE = 'support_data' and no UNITS or UNIT_PTR.
BAR_3G_L2_EPHM | ISTP.UNITS:
  FrameGroup: VAR_TYPE = 'support_data' and no UNITS or UNIT_PTR.
  L_Kp2: VAR_TYPE = 'data' and no UNITS or UNIT_PTR.
  L_Kp6: VAR_TYPE = 'data' and no UNITS or UNIT_PTR.
BAR_3G_L2_FSPC | ISTP.UNITS:
  FrameGroup: VAR_TYPE = 'support_data' and no UNITS or UNIT_PTR.
BAR_3G_L2_MSPC | ISTP.UNITS:
  FrameGroup: VAR_TYPE = 'support_data' and no UNITS or UNIT_PTR.
  channel: VAR_TYPE = 'support_data' and no UNITS or UNIT_PTR.
BAR_3G_L2_SSPC | ISTP.UNITS:
  FrameGroup: VAR_TYPE = 'support_data' and no UNITS or UNIT_PTR.
  channel: VAR_TYPE = 'support_data' and no UNITS or UNIT_PTR.
BAR_4A_L2_EPHM | ISTP.UNITS:
  FrameGroup: VAR_TYPE = 'support_data' and no UNITS or UNIT_PTR.
  L_Kp2: VAR_TYPE = 'data' and no UNITS or UNIT_PTR.
  L_Kp6: VAR_TYPE = 'data' and no UNITS or UNIT_PTR.
BAR_4A_L2_FSPC | ISTP.UNITS:
  FrameGroup: VAR_TYPE = 'support_data' and no UNITS or UNIT_PTR.
BAR_4A_L2_MSPC | ISTP.UNITS:
  FrameGroup: VAR_TYPE = 'support_data' and no UNITS or UNIT_PTR.
  channel: VAR_TYPE = 'support_data' and no UNITS or UNIT_PTR.
BAR_4A_L2_SSPC | ISTP.UNITS:
  FrameGroup: VAR_TYPE = 'support_data' and no UNITS or UNIT_PTR.
  channel: VAR_TYPE = 'support_data' and no UNITS or UNIT_PTR.
BAR_4A_L2_USPC | ISTP.UNITS:
  channel: VAR_TYPE = 'support_data' and no UNITS or UNIT_PTR.
  HalfBinWidth: VAR_TYPE = 'support_data' and no UNITS or UNIT_PTR.
BAR_4A_L2_XSPC | ISTP.UNITS:
  channel: VAR_TYPE = 'support_data' and no UNITS or UNIT_PTR.
  energy: VAR_TYPE = 'support_data' and no UNITS or UNIT_PTR.
  HalfBinWidth: VAR_TYPE = 'support_data' and no UNITS or UNIT_PTR.
BAR_4B_L2_EPHM | ISTP.UNITS:
  FrameGroup: VAR_TYPE = 'support_data' and no UNITS or UNIT_PTR.
  L_Kp2: VAR_TYPE = 'data' and no UNITS or UNIT_PTR.
  L_Kp6: VAR_TYPE = 'data' and no UNITS or UNIT_PTR.
BAR_4B_L2_FSPC | ISTP.UNITS:
  FrameGroup: VAR_TYPE = 'support_data' and no UNITS or UNIT_PTR.
BAR_4B_L2_MSPC | ISTP.UNITS:
  FrameGroup: VAR_TYPE = 'support_data' and no UNITS or UNIT_PTR.
  channel: VAR_TYPE = 'support_data' and no UNITS or UNIT_PTR.
BAR_4B_L2_SSPC | ISTP.UNITS:
  FrameGroup: VAR_TYPE = 'support_data' and no UNITS or UNIT_PTR.
  channel: VAR_TYPE = 'support_data' and no UNITS or UNIT_PTR.
BAR_4B_L2_USPC | ISTP.UNITS:
  channel: VAR_TYPE = 'support_data' and no UNITS or UNIT_PTR.
  HalfBinWidth: VAR_TYPE = 'support_data' and no UNITS or UNIT_PTR.
BAR_4B_L2_XSPC | ISTP.UNITS:
  channel: VAR_TYPE = 'support_data' and no UNITS or UNIT_PTR.
  energy: VAR_TYPE = 'support_data' and no UNITS or UNIT_PTR.
  HalfBinWidth: VAR_TYPE = 'support_data' and no UNITS or UNIT_PTR.
BAR_4C_L2_EPHM | ISTP.UNITS:
  FrameGroup: VAR_TYPE = 'support_data' and no UNITS or UNIT_PTR.
  L_Kp2: VAR_TYPE = 'data' and no UNITS or UNIT_PTR.
  L_Kp6: VAR_TYPE = 'data' and no UNITS or UNIT_PTR.
BAR_4C_L2_FSPC | ISTP.UNITS:
  FrameGroup: VAR_TYPE = 'support_data' and no UNITS or UNIT_PTR.
BAR_4C_L2_MSPC | ISTP.UNITS:
  FrameGroup: VAR_TYPE = 'support_data' and no UNITS or UNIT_PTR.
  channel: VAR_TYPE = 'support_data' and no UNITS or UNIT_PTR.
BAR_4C_L2_SSPC | ISTP.UNITS:
  FrameGroup: VAR_TYPE = 'support_data' and no UNITS or UNIT_PTR.
  channel: VAR_TYPE = 'support_data' and no UNITS or UNIT_PTR.
BAR_4C_L2_USPC | ISTP.UNITS:
  channel: VAR_TYPE = 'support_data' and no UNITS or UNIT_PTR.
  HalfBinWidth: VAR_TYPE = 'support_data' and no UNITS or UNIT_PTR.
BAR_4C_L2_XSPC | ISTP.UNITS:
  channel: VAR_TYPE = 'support_data' and no UNITS or UNIT_PTR.
  energy: VAR_TYPE = 'support_data' and no UNITS or UNIT_PTR.
  HalfBinWidth: VAR_TYPE = 'support_data' and no UNITS or UNIT_PTR.
BAR_4D_L2_EPHM | ISTP.UNITS:
  FrameGroup: VAR_TYPE = 'support_data' and no UNITS or UNIT_PTR.
  L_Kp2: VAR_TYPE = 'data' and no UNITS or UNIT_PTR.
  L_Kp6: VAR_TYPE = 'data' and no UNITS or UNIT_PTR.
BAR_4D_L2_FSPC | ISTP.UNITS:
  FrameGroup: VAR_TYPE = 'support_data' and no UNITS or UNIT_PTR.
BAR_4D_L2_MSPC | ISTP.UNITS:
  FrameGroup: VAR_TYPE = 'support_data' and no UNITS or UNIT_PTR.
  channel: VAR_TYPE = 'support_data' and no UNITS or UNIT_PTR.
BAR_4D_L2_SSPC | ISTP.UNITS:
  FrameGroup: VAR_TYPE = 'support_data' and no UNITS or UNIT_PTR.
  channel: VAR_TYPE = 'support_data' and no UNITS or UNIT_PTR.
BAR_4D_L2_USPC | ISTP.UNITS:
  channel: VAR_TYPE = 'support_data' and no UNITS or UNIT_PTR.
  HalfBinWidth: VAR_TYPE = 'support_data' and no UNITS or UNIT_PTR.
BAR_4D_L2_XSPC | ISTP.UNITS:
  channel: VAR_TYPE = 'support_data' and no UNITS or UNIT_PTR.
  energy: VAR_TYPE = 'support_data' and no UNITS or UNIT_PTR.
  HalfBinWidth: VAR_TYPE = 'support_data' and no UNITS or UNIT_PTR.
BAR_4E_L2_EPHM | ISTP.UNITS:
  FrameGroup: VAR_TYPE = 'support_data' and no UNITS or UNIT_PTR.
  L_Kp2: VAR_TYPE = 'data' and no UNITS or UNIT_PTR.
  L_Kp6: VAR_TYPE = 'data' and no UNITS or UNIT_PTR.
BAR_4E_L2_FSPC | ISTP.UNITS:
  FrameGroup: VAR_TYPE = 'support_data' and no UNITS or UNIT_PTR.
BAR_4E_L2_MSPC | ISTP.UNITS:
  FrameGroup: VAR_TYPE = 'support_data' and no UNITS or UNIT_PTR.
  channel: VAR_TYPE = 'support_data' and no UNITS or UNIT_PTR.
BAR_4E_L2_SSPC | ISTP.UNITS:
  FrameGroup: VAR_TYPE = 'support_data' and no UNITS or UNIT_PTR.
  channel: VAR_TYPE = 'support_data' and no UNITS or UNIT_PTR.
BAR_4E_L2_USPC | ISTP.UNITS:
  channel: VAR_TYPE = 'support_data' and no UNITS or UNIT_PTR.
  HalfBinWidth: VAR_TYPE = 'support_data' and no UNITS or UNIT_PTR.
BAR_4E_L2_XSPC | ISTP.UNITS:
  channel: VAR_TYPE = 'support_data' and no UNITS or UNIT_PTR.
  energy: VAR_TYPE = 'support_data' and no UNITS or UNIT_PTR.
  HalfBinWidth: VAR_TYPE = 'support_data' and no UNITS or UNIT_PTR.
BAR_4F_L2_EPHM | ISTP.UNITS:
  FrameGroup: VAR_TYPE = 'support_data' and no UNITS or UNIT_PTR.
  L_Kp2: VAR_TYPE = 'data' and no UNITS or UNIT_PTR.
  L_Kp6: VAR_TYPE = 'data' and no UNITS or UNIT_PTR.
BAR_4F_L2_FSPC | ISTP.UNITS:
  FrameGroup: VAR_TYPE = 'support_data' and no UNITS or UNIT_PTR.
BAR_4F_L2_MSPC | ISTP.UNITS:
  FrameGroup: VAR_TYPE = 'support_data' and no UNITS or UNIT_PTR.
  channel: VAR_TYPE = 'support_data' and no UNITS or UNIT_PTR.
BAR_4F_L2_SSPC | ISTP.UNITS:
  FrameGroup: VAR_TYPE = 'support_data' and no UNITS or UNIT_PTR.
  channel: VAR_TYPE = 'support_data' and no UNITS or UNIT_PTR.
BAR_4F_L2_USPC | ISTP.UNITS:
  channel: VAR_TYPE = 'support_data' and no UNITS or UNIT_PTR.
  HalfBinWidth: VAR_TYPE = 'support_data' and no UNITS or UNIT_PTR.
BAR_4F_L2_XSPC | ISTP.UNITS:
  channel: VAR_TYPE = 'support_data' and no UNITS or UNIT_PTR.
  energy: VAR_TYPE = 'support_data' and no UNITS or UNIT_PTR.
  HalfBinWidth: VAR_TYPE = 'support_data' and no UNITS or UNIT_PTR.
BAR_4G_L2_EPHM | ISTP.UNITS:
  FrameGroup: VAR_TYPE = 'support_data' and no UNITS or UNIT_PTR.
  L_Kp2: VAR_TYPE = 'data' and no UNITS or UNIT_PTR.
  L_Kp6: VAR_TYPE = 'data' and no UNITS or UNIT_PTR.
BAR_4G_L2_FSPC | ISTP.UNITS:
  FrameGroup: VAR_TYPE = 'support_data' and no UNITS or UNIT_PTR.
BAR_4G_L2_MSPC | ISTP.UNITS:
  FrameGroup: VAR_TYPE = 'support_data' and no UNITS or UNIT_PTR.
  channel: VAR_TYPE = 'support_data' and no UNITS or UNIT_PTR.
BAR_4G_L2_SSPC | ISTP.UNITS:
  FrameGroup: VAR_TYPE = 'support_data' and no UNITS or UNIT_PTR.
  channel: VAR_TYPE = 'support_data' and no UNITS or UNIT_PTR.
BAR_4G_L2_USPC | ISTP.UNITS:
  channel: VAR_TYPE = 'support_data' and no UNITS or UNIT_PTR.
  HalfBinWidth: VAR_TYPE = 'support_data' and no UNITS or UNIT_PTR.
BAR_4G_L2_XSPC | ISTP.UNITS:
  channel: VAR_TYPE = 'support_data' and no UNITS or UNIT_PTR.
  energy: VAR_TYPE = 'support_data' and no UNITS or UNIT_PTR.
  HalfBinWidth: VAR_TYPE = 'support_data' and no UNITS or UNIT_PTR.
BAR_4H_L2_EPHM | ISTP.UNITS:
  FrameGroup: VAR_TYPE = 'support_data' and no UNITS or UNIT_PTR.
  L_Kp2: VAR_TYPE = 'data' and no UNITS or UNIT_PTR.
  L_Kp6: VAR_TYPE = 'data' and no UNITS or UNIT_PTR.
BAR_4H_L2_FSPC | ISTP.UNITS:
  FrameGroup: VAR_TYPE = 'support_data' and no UNITS or UNIT_PTR.
BAR_4H_L2_MSPC | ISTP.UNITS:
  FrameGroup: VAR_TYPE = 'support_data' and no UNITS or UNIT_PTR.
  channel: VAR_TYPE = 'support_data' and no UNITS or UNIT_PTR.
BAR_4H_L2_SSPC | ISTP.UNITS:
  FrameGroup: VAR_TYPE = 'support_data' and no UNITS or UNIT_PTR.
  channel: VAR_TYPE = 'support_data' and no UNITS or UNIT_PTR.
BAR_4H_L2_USPC | ISTP.UNITS:
  channel: VAR_TYPE = 'support_data' and no UNITS or UNIT_PTR.
  HalfBinWidth: VAR_TYPE = 'support_data' and no UNITS or UNIT_PTR.
BAR_4H_L2_XSPC | ISTP.UNITS:
  channel: VAR_TYPE = 'support_data' and no UNITS or UNIT_PTR.
  energy: VAR_TYPE = 'support_data' and no UNITS or UNIT_PTR.
  HalfBinWidth: VAR_TYPE = 'support_data' and no UNITS or UNIT_PTR.
BAR_5A_L2_EPHM | ISTP.UNITS:
  FrameGroup: VAR_TYPE = 'support_data' and no UNITS or UNIT_PTR.
  L_Kp2: VAR_TYPE = 'data' and no UNITS or UNIT_PTR.
  L_Kp6: VAR_TYPE = 'data' and no UNITS or UNIT_PTR.
BAR_5A_L2_FSPC | ISTP.UNITS:
  FrameGroup: VAR_TYPE = 'support_data' and no UNITS or UNIT_PTR.
BAR_5A_L2_MSPC | ISTP.UNITS:
  FrameGroup: VAR_TYPE = 'support_data' and no UNITS or UNIT_PTR.
  channel: VAR_TYPE = 'support_data' and no UNITS or UNIT_PTR.
BAR_5A_L2_SSPC | ISTP.UNITS:
  FrameGroup: VAR_TYPE = 'support_data' and no UNITS or UNIT_PTR.
  channel: VAR_TYPE = 'support_data' and no UNITS or UNIT_PTR.
BAR_5A_L2_USPC | ISTP.UNITS:
  channel: VAR_TYPE = 'support_data' and no UNITS or UNIT_PTR.
  HalfBinWidth: VAR_TYPE = 'support_data' and no UNITS or UNIT_PTR.
BAR_5A_L2_XSPC | ISTP.UNITS:
  channel: VAR_TYPE = 'support_data' and no UNITS or UNIT_PTR.
  energy: VAR_TYPE = 'support_data' and no UNITS or UNIT_PTR.
  HalfBinWidth: VAR_TYPE = 'support_data' and no UNITS or UNIT_PTR.
BAR_6A_L2_EPHM | ISTP.UNITS:
  L_Kp2: VAR_TYPE = 'data' and no UNITS or UNIT_PTR.
  L_Kp6: VAR_TYPE = 'data' and no UNITS or UNIT_PTR.
BAR_7A_L2_EPHM | ISTP.UNITS:
  L_Kp2: VAR_TYPE = 'data' and no UNITS or UNIT_PTR.
  L_Kp6: VAR_TYPE = 'data' and no UNITS or UNIT_PTR.
C1_CP_FGM_SPIN | ISTP.UNITS:
  B_vec_xyz_gse__C1_CP_FGM_SPIN_REPRESENTATION_1: VAR_TYPE = 'support_data' and no UNITS or UNIT_PTR.
  B_vec_xyz_gse__C1_CP_FGM_SPIN_LABEL_1: VAR_TYPE = 'support_data' and no UNITS or UNIT_PTR.
  sc_pos_xyz_gse__C1_CP_FGM_SPIN_REPRESENTATION_1: VAR_TYPE = 'support_data' and no UNITS or UNIT_PTR.
C2_CP_FGM_SPIN | ISTP.UNITS:
  B_vec_xyz_gse__C2_CP_FGM_SPIN_REPRESENTATION_1: VAR_TYPE = 'support_data' and no UNITS or UNIT_PTR.
  B_vec_xyz_gse__C2_CP_FGM_SPIN_LABEL_1: VAR_TYPE = 'support_data' and no UNITS or UNIT_PTR.
  sc_pos_xyz_gse__C2_CP_FGM_SPIN_REPRESENTATION_1: VAR_TYPE = 'support_data' and no UNITS or UNIT_PTR.
C3_CP_FGM_SPIN | ISTP.UNITS:
  B_vec_xyz_gse__C3_CP_FGM_SPIN_REPRESENTATION_1: VAR_TYPE = 'support_data' and no UNITS or UNIT_PTR.
  B_vec_xyz_gse__C3_CP_FGM_SPIN_LABEL_1: VAR_TYPE = 'support_data' and no UNITS or UNIT_PTR.
  sc_pos_xyz_gse__C3_CP_FGM_SPIN_REPRESENTATION_1: VAR_TYPE = 'support_data' and no UNITS or UNIT_PTR.
C4_CP_FGM_SPIN | ISTP.UNITS:
  B_vec_xyz_gse__C4_CP_FGM_SPIN_REPRESENTATION_1: VAR_TYPE = 'support_data' and no UNITS or UNIT_PTR.
  B_vec_xyz_gse__C4_CP_FGM_SPIN_LABEL_1: VAR_TYPE = 'support_data' and no UNITS or UNIT_PTR.
  sc_pos_xyz_gse__C4_CP_FGM_SPIN_REPRESENTATION_1: VAR_TYPE = 'support_data' and no UNITS or UNIT_PTR.
CNOFS_CINDI_IVM_500MS | ISTP.UNITS:
  Epoch: VAR_TYPE = 'support_data' and no UNITS or UNIT_PTR.
CNOFS_VEFI_EFIELD_1SEC | ISTP.UNITS:
  Epoch: VAR_TYPE = 'support_data' and no UNITS or UNIT_PTR.
  year: VAR_TYPE = 'support_data' and no UNITS or UNIT_PTR.
  dayofyear: VAR_TYPE = 'support_data' and no UNITS or UNIT_PTR.
CNOFS_VEFI_LD_500MS | ISTP.UNITS:
  Epoch: VAR_TYPE = 'support_data' and no UNITS or UNIT_PTR.
CN_K0_MPA | ISTP.UNITS:
  station_name: VAR_TYPE = 'support_data' and no UNITS or UNIT_PTR.
CSSWE_REPTILE_6SEC-COUNTS-L1 | ISTP.UNITS:
  Epoch: VAR_TYPE = 'support_data' and no UNITS or UNIT_PTR.
CSSWE_REPTILE_6SEC-FLUX-L2 | ISTP.UNITS:
  Epoch: VAR_TYPE = 'support_data' and no UNITS or UNIT_PTR.
DE2_AC500MS_VEFI | ISTP.UNITS:
  spectAconnection: VAR_TYPE = 'support_data' and no UNITS or UNIT_PTR.
  spectBconnection: VAR_TYPE = 'support_data' and no UNITS or UNIT_PTR.
  spectCconnection: VAR_TYPE = 'support_data' and no UNITS or UNIT_PTR.
  spectAgain: VAR_TYPE = 'support_data' and no UNITS or UNIT_PTR.
  spectBgain: VAR_TYPE = 'support_data' and no UNITS or UNIT_PTR.
  spectCgain: VAR_TYPE = 'support_data' and no UNITS or UNIT_PTR.
  index8: VAR_TYPE = 'support_data' and no UNITS or UNIT_PTR.
  index4: VAR_TYPE = 'support_data' and no UNITS or UNIT_PTR.
DE_UV_SAI | ISTP.UNITS:
  imhdr_field: VAR_TYPE = 'support_data' and no UNITS or UNIT_PTR.
  shdr_field: VAR_TYPE = 'support_data' and no UNITS or UNIT_PTR.
DMSP-F16_SSIES-3_THERMAL-PLASMA | ISTP.UNITS:
  Epoch: VAR_TYPE = 'support_data' and no UNITS or UNIT_PTR.
DMSP-F17_SSIES-3_THERMAL-PLASMA | ISTP.UNITS:
  Epoch: VAR_TYPE = 'support_data' and no UNITS or UNIT_PTR.
DMSP-F18_SSIES-3_THERMAL-PLASMA | ISTP.UNITS:
  Epoch: VAR_TYPE = 'support_data' and no UNITS or UNIT_PTR.
DN_MAGN-L2-HIRES_G08 | ISTP.UNITS:
  b_ib_quality: VAR_TYPE = 'support_data' and no UNITS or UNIT_PTR.
  b_ob_quality: VAR_TYPE = 'support_data' and no UNITS or UNIT_PTR.
DN_MAGN-L2-HIRES_G09 | ISTP.UNITS:
  b_ib_quality: VAR_TYPE = 'support_data' and no UNITS or UNIT_PTR.
  b_ob_quality: VAR_TYPE = 'support_data' and no UNITS or UNIT_PTR.
DN_MAGN-L2-HIRES_G10 | ISTP.UNITS:
  b_ib_quality: VAR_TYPE = 'support_data' and no UNITS or UNIT_PTR.
  b_ob_quality: VAR_TYPE = 'support_data' and no UNITS or UNIT_PTR.
DN_MAGN-L2-HIRES_G11 | ISTP.UNITS:
  b_ib_quality: VAR_TYPE = 'support_data' and no UNITS or UNIT_PTR.
  b_ob_quality: VAR_TYPE = 'support_data' and no UNITS or UNIT_PTR.
DN_MAGN-L2-HIRES_G12 | ISTP.UNITS:
  b_ib_quality: VAR_TYPE = 'support_data' and no UNITS or UNIT_PTR.
  b_ob_quality: VAR_TYPE = 'support_data' and no UNITS or UNIT_PTR.
DN_MAGN-L2-HIRES_G13 | ISTP.UNITS:
  b_ib_quality: VAR_TYPE = 'support_data' and no UNITS or UNIT_PTR.
  b_ob_quality: VAR_TYPE = 'support_data' and no UNITS or UNIT_PTR.
DN_MAGN-L2-HIRES_G14 | ISTP.UNITS:
  b_ib_quality: VAR_TYPE = 'support_data' and no UNITS or UNIT_PTR.
  b_ob_quality: VAR_TYPE = 'support_data' and no UNITS or UNIT_PTR.
DN_MAGN-L2-HIRES_G15 | ISTP.UNITS:
  b_ib_quality: VAR_TYPE = 'support_data' and no UNITS or UNIT_PTR.
  b_ob_quality: VAR_TYPE = 'support_data' and no UNITS or UNIT_PTR.
DN_MAGN-L2-HIRES_G16 | ISTP.UNITS:
  b_ib_quality: VAR_TYPE = 'support_data' and no UNITS or UNIT_PTR.
  b_ob_quality: VAR_TYPE = 'support_data' and no UNITS or UNIT_PTR.
DN_MAGN-L2-HIRES_G17 | ISTP.UNITS:
  b_ib_quality: VAR_TYPE = 'support_data' and no UNITS or UNIT_PTR.
  b_ob_quality: VAR_TYPE = 'support_data' and no UNITS or UNIT_PTR.
DN_MAGN-L2-HIRES_G18 | ISTP.UNITS:
  b_ib_quality: VAR_TYPE = 'support_data' and no UNITS or UNIT_PTR.
  b_ob_quality: VAR_TYPE = 'support_data' and no UNITS or UNIT_PTR.
DSCOVR_H1_FC | ISTP.UNITS:
  THERMAL_SPD_DELTA: VAR_TYPE = 'support_data' and no UNITS or UNIT_PTR.
DYNAMO-2_DESA_NX02A-ESA-FLUX | ISTP.UNITS:
  energyIndex: VAR_TYPE = 'support_data' and no UNITS or UNIT_PTR.
ELB_L1_EPDIF | ISTP.UNITS:
  elb_pif_nspinsinsum: VAR_TYPE = 'data' and no UNITS or UNIT_PTR.
  elb_pif_nsectors: VAR_TYPE = 'data' and no UNITS or UNIT_PTR.
ENDURANCE_EPHEMERIS_DEF | ISTP.UNITS:
  row: VAR_TYPE = 'support_data' and no UNITS or UNIT_PTR.
  col: VAR_TYPE = 'support_data' and no UNITS or UNIT_PTR.
ENDURANCE_L1A_PES | ISTP.UNITS:
  sensor: VAR_TYPE = 'support_data' and no UNITS or UNIT_PTR.
ENDURANCE_L1B_PES | ISTP.UNITS:
  sensor: VAR_TYPE = 'support_data' and no UNITS or UNIT_PTR.
  stepIndex: VAR_TYPE = 'support_data' and no UNITS or UNIT_PTR.
ENDURANCE_L2-ESA_PES | ISTP.UNITS:
  energy: VAR_TYPE = 'support_data' and no UNITS or UNIT_PTR.
  energyIndex: VAR_TYPE = 'support_data' and no UNITS or UNIT_PTR.
ENDURANCE_L2-GF_PES | ISTP.UNITS:
  sensor: VAR_TYPE = 'support_data' and no UNITS or UNIT_PTR.
ENDURANCE_L2-RPA_PES | ISTP.UNITS:
  energyIndex: VAR_TYPE = 'support_data' and no UNITS or UNIT_PTR.
ERG_MEPE_L2_3DFLUX | ISTP.UNITS:
  FEDU_quality_index: VAR_TYPE = 'support_data' and no UNITS or UNIT_PTR.
  spin_phase: VAR_TYPE = 'data' and no UNITS or UNIT_PTR.
  mode_reduction: VAR_TYPE = 'support_data' and no UNITS or UNIT_PTR.
ERG_MEPI_L2_3DFLUX | ISTP.UNITS:
  Quality_flag: VAR_TYPE = 'data' and no UNITS or UNIT_PTR.
  spin_phase: VAR_TYPE = 'data' and no UNITS or UNIT_PTR.
  mode_reduction: VAR_TYPE = 'data' and no UNITS or UNIT_PTR.
ERG_MGF_L2_8SEC | ISTP.UNITS:
  n_rmsd_8sec: VAR_TYPE = 'data' and no UNITS or UNIT_PTR.
  dyn_rng_8sec: VAR_TYPE = 'data' and no UNITS or UNIT_PTR.
  quality_8sec: VAR_TYPE = 'data' and no UNITS or UNIT_PTR.
  quality_8sec_gc: VAR_TYPE = 'data' and no UNITS or UNIT_PTR.
ERG_ORB_L2 | ISTP.UNITS:
  spn_num: VAR_TYPE = 'data' and no UNITS or UNIT_PTR.
  man_prep_flag: VAR_TYPE = 'data' and no UNITS or UNIT_PTR.
  man_on_flag: VAR_TYPE = 'data' and no UNITS or UNIT_PTR.
  eclipse_flag: VAR_TYPE = 'data' and no UNITS or UNIT_PTR.
ERG_ORB_LPRE_L2 | ISTP.UNITS:
  spn_num: VAR_TYPE = 'data' and no UNITS or UNIT_PTR.
  man_prep_flag: VAR_TYPE = 'data' and no UNITS or UNIT_PTR.
  man_on_flag: VAR_TYPE = 'data' and no UNITS or UNIT_PTR.
  eclipse_flag: VAR_TYPE = 'data' and no UNITS or UNIT_PTR.
ERG_ORB_MPRE_L2 | ISTP.UNITS:
  spn_num: VAR_TYPE = 'data' and no UNITS or UNIT_PTR.
  man_prep_flag: VAR_TYPE = 'data' and no UNITS or UNIT_PTR.
  man_on_flag: VAR_TYPE = 'data' and no UNITS or UNIT_PTR.
  eclipse_flag: VAR_TYPE = 'data' and no UNITS or UNIT_PTR.
ERG_ORB_PRE_L2 | ISTP.UNITS:
  spn_num: VAR_TYPE = 'data' and no UNITS or UNIT_PTR.
  man_prep_flag: VAR_TYPE = 'data' and no UNITS or UNIT_PTR.
  man_on_flag: VAR_TYPE = 'data' and no UNITS or UNIT_PTR.
  eclipse_flag: VAR_TYPE = 'data' and no UNITS or UNIT_PTR.
ERG_ORB_SPRE_L2 | ISTP.UNITS:
  spn_num: VAR_TYPE = 'data' and no UNITS or UNIT_PTR.
  man_prep_flag: VAR_TYPE = 'data' and no UNITS or UNIT_PTR.
  man_on_flag: VAR_TYPE = 'data' and no UNITS or UNIT_PTR.
  eclipse_flag: VAR_TYPE = 'data' and no UNITS or UNIT_PTR.
ERG_PWE_EFD_L2_E_SPIN | ISTP.UNITS:
  quality_flag: VAR_TYPE = 'data' and no UNITS or UNIT_PTR.
  WPT1_3_BIAS_LVL: VAR_TYPE = 'support_data' and no UNITS or UNIT_PTR.
  WPT2_4_BIAS_LVL: VAR_TYPE = 'support_data' and no UNITS or UNIT_PTR.
ERG_PWE_EFD_L2_POT | ISTP.UNITS:
  quality_flag: VAR_TYPE = 'data' and no UNITS or UNIT_PTR.
  WPT1_3_BIAS_LVL: VAR_TYPE = 'support_data' and no UNITS or UNIT_PTR.
  WPT2_4_BIAS_LVL: VAR_TYPE = 'support_data' and no UNITS or UNIT_PTR.
ERG_PWE_HFA_L2_SPEC_HIGH | ISTP.UNITS:
  e_mix_content: VAR_TYPE = 'data' and no UNITS or UNIT_PTR.
  ti_corrected: VAR_TYPE = 'support_data' and no UNITS or UNIT_PTR.
  ti_original: VAR_TYPE = 'support_data' and no UNITS or UNIT_PTR.
  ch1_in: VAR_TYPE = 'data' and no UNITS or UNIT_PTR.
  ch2_in: VAR_TYPE = 'data' and no UNITS or UNIT_PTR.
  tlm_sel: VAR_TYPE = 'support_data' and no UNITS or UNIT_PTR.
  obs_stat: VAR_TYPE = 'data' and no UNITS or UNIT_PTR.
  wav_stat: VAR_TYPE = 'data' and no UNITS or UNIT_PTR.
  ave_stat: VAR_TYPE = 'data' and no UNITS or UNIT_PTR.
  wpt_ac_gain: VAR_TYPE = 'data' and no UNITS or UNIT_PTR.
  mscpa_gain: VAR_TYPE = 'data' and no UNITS or UNIT_PTR.
ERG_PWE_HFA_L2_SPEC_LOW | ISTP.UNITS:
  e_mix_content: VAR_TYPE = 'data' and no UNITS or UNIT_PTR.
  ti_corrected: VAR_TYPE = 'support_data' and no UNITS or UNIT_PTR.
  ti_original: VAR_TYPE = 'support_data' and no UNITS or UNIT_PTR.
  ch1_in: VAR_TYPE = 'data' and no UNITS or UNIT_PTR.
  ch2_in: VAR_TYPE = 'data' and no UNITS or UNIT_PTR.
  tlm_sel: VAR_TYPE = 'support_data' and no UNITS or UNIT_PTR.
  obs_stat: VAR_TYPE = 'data' and no UNITS or UNIT_PTR.
  wav_stat: VAR_TYPE = 'data' and no UNITS or UNIT_PTR.
  ave_stat: VAR_TYPE = 'data' and no UNITS or UNIT_PTR.
  wpt_ac_gain: VAR_TYPE = 'data' and no UNITS or UNIT_PTR.
  mscpa_gain: VAR_TYPE = 'data' and no UNITS or UNIT_PTR.
ERG_PWE_HFA_L2_SPEC_MONIT | ISTP.UNITS:
  e_mix_content: VAR_TYPE = 'data' and no UNITS or UNIT_PTR.
  ti_corrected: VAR_TYPE = 'support_data' and no UNITS or UNIT_PTR.
  ti_original: VAR_TYPE = 'support_data' and no UNITS or UNIT_PTR.
  ch1_in: VAR_TYPE = 'data' and no UNITS or UNIT_PTR.
  ch2_in: VAR_TYPE = 'data' and no UNITS or UNIT_PTR.
  tlm_sel: VAR_TYPE = 'support_data' and no UNITS or UNIT_PTR.
  obs_stat: VAR_TYPE = 'data' and no UNITS or UNIT_PTR.
  wav_stat: VAR_TYPE = 'data' and no UNITS or UNIT_PTR.
  ave_stat: VAR_TYPE = 'data' and no UNITS or UNIT_PTR.
  wpt_ac_gain: VAR_TYPE = 'data' and no UNITS or UNIT_PTR.
  mscpa_gain: VAR_TYPE = 'data' and no UNITS or UNIT_PTR.
ERG_PWE_OFA_L2_SPEC | ISTP.UNITS:
  ti_corrected_e132: VAR_TYPE = 'data' and no UNITS or UNIT_PTR.
  swpia_cnt_e132: VAR_TYPE = 'data' and no UNITS or UNIT_PTR.
  cmp_e132: VAR_TYPE = 'data' and no UNITS or UNIT_PTR.
  ch_e132: VAR_TYPE = 'data' and no UNITS or UNIT_PTR.
  obs_cal_e132: VAR_TYPE = 'data' and no UNITS or UNIT_PTR.
  quality_flag_e132: VAR_TYPE = 'data' and no UNITS or UNIT_PTR.
  ti_original_e132: VAR_TYPE = 'data' and no UNITS or UNIT_PTR.
  cal_table_id_e132: VAR_TYPE = 'data' and no UNITS or UNIT_PTR.
  ti_corrected_b132: VAR_TYPE = 'data' and no UNITS or UNIT_PTR.
  swpia_cnt_b132: VAR_TYPE = 'data' and no UNITS or UNIT_PTR.
  cmp_b132: VAR_TYPE = 'data' and no UNITS or UNIT_PTR.
  ch_b132: VAR_TYPE = 'data' and no UNITS or UNIT_PTR.
  obs_cal_b132: VAR_TYPE = 'data' and no UNITS or UNIT_PTR.
  quality_flag_b132: VAR_TYPE = 'data' and no UNITS or UNIT_PTR.
  ti_original_b132: VAR_TYPE = 'data' and no UNITS or UNIT_PTR.
  cal_table_id_b132: VAR_TYPE = 'data' and no UNITS or UNIT_PTR.
ERG_XEP_L2_OMNIFLUX | ISTP.UNITS:
  FEDO_SSD_Quality: VAR_TYPE = 'support_data' and no UNITS or UNIT_PTR.
  FEDO_GSO_Quality: VAR_TYPE = 'support_data' and no UNITS or UNIT_PTR.
FAST_HR_DCB | ISTP.UNITS:
  Vector_DEPEND_1: VAR_TYPE = 'support_data' and no UNITS or UNIT_PTR.
  DEL_MAG_FLAG: VAR_TYPE = 'data' and no UNITS or UNIT_PTR.
  Tweaker: VAR_TYPE = 'data' and no UNITS or UNIT_PTR.
  Orbit: VAR_TYPE = 'data' and no UNITS or UNIT_PTR.
  sun_dir_gei: VAR_TYPE = 'data' and no UNITS or UNIT_PTR.
  dip_orient_gei: VAR_TYPE = 'data' and no UNITS or UNIT_PTR.
  Orbit_Value: VAR_TYPE = 'data' and no UNITS or UNIT_PTR.
  Coupling_Matrix: VAR_TYPE = 'data' and no UNITS or UNIT_PTR.
  Tweaker_DEPEND_1: VAR_TYPE = 'support_data' and no UNITS or UNIT_PTR.
  Spin_Axis_DEPEND_1: VAR_TYPE = 'support_data' and no UNITS or UNIT_PTR.
  Matrix_DEPEND_1: VAR_TYPE = 'support_data' and no UNITS or UNIT_PTR.
FA_ESA_L2_EEB | ISTP.UNITS:
  compno_96: VAR_TYPE = 'data' and no UNITS or UNIT_PTR.
  compno_64: VAR_TYPE = 'data' and no UNITS or UNIT_PTR.
FA_ESA_L2_EES | ISTP.UNITS:
  compno_96: VAR_TYPE = 'data' and no UNITS or UNIT_PTR.
  compno_64: VAR_TYPE = 'data' and no UNITS or UNIT_PTR.
FA_ESA_L2_IEB | ISTP.UNITS:
  data_audio: VAR_TYPE = 'data' and no UNITS or UNIT_PTR.
  compno_96: VAR_TYPE = 'data' and no UNITS or UNIT_PTR.
  compno_64: VAR_TYPE = 'data' and no UNITS or UNIT_PTR.
FA_ESA_L2_IES | ISTP.UNITS:
  compno_96: VAR_TYPE = 'data' and no UNITS or UNIT_PTR.
  compno_64: VAR_TYPE = 'data' and no UNITS or UNIT_PTR.
G10_L2_MAG | ISTP.UNITS:
  g10_longitude_epoch: VAR_TYPE = 'support_data' and no UNITS or UNIT_PTR.
  g10_ephem_epoch: VAR_TYPE = 'support_data' and no UNITS or UNIT_PTR.
  g10_sample_epoch: VAR_TYPE = 'support_data' and no UNITS or UNIT_PTR.
G11_L2_MAG | ISTP.UNITS:
  g11_longitude_epoch: VAR_TYPE = 'support_data' and no UNITS or UNIT_PTR.
  g11_ephem_epoch: VAR_TYPE = 'support_data' and no UNITS or UNIT_PTR.
  g11_sample_epoch: VAR_TYPE = 'support_data' and no UNITS or UNIT_PTR.
G12_L2_MAG | ISTP.UNITS:
  g12_longitude_epoch: VAR_TYPE = 'support_data' and no UNITS or UNIT_PTR.
  g12_ephem_epoch: VAR_TYPE = 'support_data' and no UNITS or UNIT_PTR.
  g12_sample_epoch: VAR_TYPE = 'support_data' and no UNITS or UNIT_PTR.
G7_K1_MAG | ISTP.UNITS:
  Hn_psd: VAR_TYPE = 'data' and no UNITS or UNIT_PTR.
  frequency: VAR_TYPE = 'support_data' and no UNITS or UNIT_PTR.
GE_1MIN_MAG_PLASMA_SW_ONLY | ISTP.UNITS:
  IMF_PTS: VAR_TYPE = 'data' and no UNITS or UNIT_PTR.
  PLS_PTS: VAR_TYPE = 'data' and no UNITS or UNIT_PTR.
GE_SW_CPI | ISTP.UNITS:
  detectors_index: VAR_TYPE = 'support_data' and no UNITS or UNIT_PTR.
  energy_steps_index: VAR_TYPE = 'support_data' and no UNITS or UNIT_PTR.
  angular_sectors_index: VAR_TYPE = 'support_data' and no UNITS or UNIT_PTR.
GOLD_L2_NMAX | ISTP.UNITS:
  channel: VAR_TYPE = 'data' and no UNITS or UNIT_PTR.
  nmask: VAR_TYPE = 'support_data' and no UNITS or UNIT_PTR.
  nscans: VAR_TYPE = 'support_data' and no UNITS or UNIT_PTR.
  nlats: VAR_TYPE = 'support_data' and no UNITS or UNIT_PTR.
  max_string_len: VAR_TYPE = 'support_data' and no UNITS or UNIT_PTR.
  nlons: VAR_TYPE = 'support_data' and no UNITS or UNIT_PTR.
GOLD_L2_O2DEN | ISTP.UNITS:
  nevents: VAR_TYPE = 'support_data' and no UNITS or UNIT_PTR.
  nzret: VAR_TYPE = 'support_data' and no UNITS or UNIT_PTR.
  n_wavelength: VAR_TYPE = 'support_data' and no UNITS or UNIT_PTR.
  max_string_len: VAR_TYPE = 'support_data' and no UNITS or UNIT_PTR.
  nzdat: VAR_TYPE = 'support_data' and no UNITS or UNIT_PTR.
GOLD_L2_ON2 | ISTP.UNITS:
  nmask: VAR_TYPE = 'support_data' and no UNITS or UNIT_PTR.
  nscans: VAR_TYPE = 'support_data' and no UNITS or UNIT_PTR.
  nlats: VAR_TYPE = 'support_data' and no UNITS or UNIT_PTR.
  max_string_len: VAR_TYPE = 'support_data' and no UNITS or UNIT_PTR.
  nlons: VAR_TYPE = 'support_data' and no UNITS or UNIT_PTR.
GOLD_L2_TDISK | ISTP.UNITS:
  mask_wavelength: VAR_TYPE = 'support_data' and no UNITS or UNIT_PTR.
  background: VAR_TYPE = 'data' and no UNITS or UNIT_PTR.
  vibrational_populations: VAR_TYPE = 'data' and no UNITS or UNIT_PTR.
  nmask: VAR_TYPE = 'support_data' and no UNITS or UNIT_PTR.
  nscans: VAR_TYPE = 'support_data' and no UNITS or UNIT_PTR.
  nlats: VAR_TYPE = 'support_data' and no UNITS or UNIT_PTR.
  max_string_len: VAR_TYPE = 'support_data' and no UNITS or UNIT_PTR.
  nlons: VAR_TYPE = 'support_data' and no UNITS or UNIT_PTR.
  npop: VAR_TYPE = 'support_data' and no UNITS or UNIT_PTR.
GPS_RF_LANL-VTEC-1HR | ISTP.UNITS:
  nv: VAR_TYPE = 'support_data' and no UNITS or UNIT_PTR.
HK_H0_MAG | ISTP.UNITS:
  despin: VAR_TYPE = 'data' and no UNITS or UNIT_PTR.
HK_H0_VLF | ISTP.UNITS:
  BAVE: VAR_TYPE = 'data' and no UNITS or UNIT_PTR.
  activity_index: VAR_TYPE = 'support_data' and no UNITS or UNIT_PTR.
I1_NEPROF_TOPS | ISTP.UNITS:
  Index: VAR_TYPE = 'support_data' and no UNITS or UNIT_PTR.
I2_NEPROF_TOPIST | ISTP.UNITS:
  indexvar1000: VAR_TYPE = 'support_data' and no UNITS or UNIT_PTR.
I8_15SEC_MAG | ISTP.UNITS:
  SourceFlag: VAR_TYPE = 'data' and no UNITS or UNIT_PTR.
  N_of_points: VAR_TYPE = 'data' and no UNITS or UNIT_PTR.
  SW_flag: VAR_TYPE = 'data' and no UNITS or UNIT_PTR.
I8_OR_SSC | ISTP.UNITS:
  cartesian: VAR_TYPE = 'support_data' and no UNITS or UNIT_PTR.
ICON_L2-1_MIGHTI-A_LOS-WIND-GREEN | ISTP.UNITS:
  Altitude: VAR_TYPE = 'support_data' and no UNITS or UNIT_PTR.
  Vector: VAR_TYPE = 'support_data' and no UNITS or UNIT_PTR.
  N_Flags: VAR_TYPE = 'support_data' and no UNITS or UNIT_PTR.
  Start_Mid_Stop: VAR_TYPE = 'support_data' and no UNITS or UNIT_PTR.
ICON_L2-1_MIGHTI-A_LOS-WIND-RED | ISTP.UNITS:
  Altitude: VAR_TYPE = 'support_data' and no UNITS or UNIT_PTR.
  Vector: VAR_TYPE = 'support_data' and no UNITS or UNIT_PTR.
  N_Flags: VAR_TYPE = 'support_data' and no UNITS or UNIT_PTR.
  Start_Mid_Stop: VAR_TYPE = 'support_data' and no UNITS or UNIT_PTR.
  Row: VAR_TYPE = 'support_data' and no UNITS or UNIT_PTR.
ICON_L2-1_MIGHTI-B_LOS-WIND-GREEN | ISTP.UNITS:
  Altitude: VAR_TYPE = 'support_data' and no UNITS or UNIT_PTR.
  Vector: VAR_TYPE = 'support_data' and no UNITS or UNIT_PTR.
  N_Flags: VAR_TYPE = 'support_data' and no UNITS or UNIT_PTR.
  Start_Mid_Stop: VAR_TYPE = 'support_data' and no UNITS or UNIT_PTR.
ICON_L2-1_MIGHTI-B_LOS-WIND-RED | ISTP.UNITS:
  Altitude: VAR_TYPE = 'support_data' and no UNITS or UNIT_PTR.
  Vector: VAR_TYPE = 'support_data' and no UNITS or UNIT_PTR.
  N_Flags: VAR_TYPE = 'support_data' and no UNITS or UNIT_PTR.
  Start_Mid_Stop: VAR_TYPE = 'support_data' and no UNITS or UNIT_PTR.
ICON_L2-2_MIGHTI_VECTOR-WIND-GREEN | ISTP.UNITS:
  N_Flags: VAR_TYPE = 'support_data' and no UNITS or UNIT_PTR.
ICON_L2-2_MIGHTI_VECTOR-WIND-RED | ISTP.UNITS:
  N_Flags: VAR_TYPE = 'support_data' and no UNITS or UNIT_PTR.
ICON_L2-3_MIGHTI-A_TEMPERATURE | ISTP.UNITS:
  Altitude: VAR_TYPE = 'support_data' and no UNITS or UNIT_PTR.
  Wavelength: VAR_TYPE = 'support_data' and no UNITS or UNIT_PTR.
ICON_L2-3_MIGHTI-B_TEMPERATURE | ISTP.UNITS:
  Altitude: VAR_TYPE = 'support_data' and no UNITS or UNIT_PTR.
  Wavelength: VAR_TYPE = 'support_data' and no UNITS or UNIT_PTR.
ICON_L2-4_FUV_DAY | ISTP.UNITS:
  Covariance Matrix 2nd Dimension: VAR_TYPE = 'support_data' and no UNITS or UNIT_PTR.
  Model Initial Values: VAR_TYPE = 'support_data' and no UNITS or UNIT_PTR.
ICON_L2-4_FUV_DAY-LIMB | ISTP.UNITS:
  Limb Altitude Grid: VAR_TYPE = 'support_data' and no UNITS or UNIT_PTR.
  Input Data: VAR_TYPE = 'support_data' and no UNITS or UNIT_PTR.
  Limb Retrieval Flag: VAR_TYPE = 'support_data' and no UNITS or UNIT_PTR.
ICON_L2-5_FUV_NIGHT | ISTP.UNITS:
  Altitude: VAR_TYPE = 'support_data' and no UNITS or UNIT_PTR.
  Stripe: VAR_TYPE = 'support_data' and no UNITS or UNIT_PTR.
ICON_L2-6_EUV | ISTP.UNITS:
  Altitude: VAR_TYPE = 'support_data' and no UNITS or UNIT_PTR.
  Input_Data: VAR_TYPE = 'support_data' and no UNITS or UNIT_PTR.
  Model: VAR_TYPE = 'support_data' and no UNITS or UNIT_PTR.
  Vectors: VAR_TYPE = 'support_data' and no UNITS or UNIT_PTR.
IM_K0_HENA | ISTP.UNITS:
  Epoch: VAR_TYPE = 'support_data' and no UNITS or UNIT_PTR.
IM_K0_LENA | ISTP.UNITS:
  Epoch: VAR_TYPE = 'support_data' and no UNITS or UNIT_PTR.
IM_K0_RPI | ISTP.UNITS:
  Frequency_No: VAR_TYPE = 'support_data' and no UNITS or UNIT_PTR.
  Range_No: VAR_TYPE = 'support_data' and no UNITS or UNIT_PTR.
ISEE1_4SEC_MFI | ISTP.UNITS:
  Epoch: VAR_TYPE = 'support_data' and no UNITS or UNIT_PTR.
ISEE1_60SEC_MFI | ISTP.UNITS:
  Epoch: VAR_TYPE = 'support_data' and no UNITS or UNIT_PTR.
  L: VAR_TYPE = 'data' and no UNITS or UNIT_PTR.
  NMPX_GSE: VAR_TYPE = 'data' and no UNITS or UNIT_PTR.
  NMPY_GSE: VAR_TYPE = 'data' and no UNITS or UNIT_PTR.
  NMPZ_GSE: VAR_TYPE = 'data' and no UNITS or UNIT_PTR.
  NSX_GSE: VAR_TYPE = 'data' and no UNITS or UNIT_PTR.
  NSY_GSE: VAR_TYPE = 'data' and no UNITS or UNIT_PTR.
  NSZ_GSE: VAR_TYPE = 'data' and no UNITS or UNIT_PTR.
  QUAL: VAR_TYPE = 'data' and no UNITS or UNIT_PTR.
ISEE1_H0_FE | ISTP.UNITS:
  YEAR: VAR_TYPE = 'support_data' and no UNITS or UNIT_PTR.
  DECIMAL_DAY: VAR_TYPE = 'support_data' and no UNITS or UNIT_PTR.
  MILLISEC: VAR_TYPE = 'support_data' and no UNITS or UNIT_PTR.
  HARVEY STATUS: VAR_TYPE = 'data' and no UNITS or UNIT_PTR.
  MOZER STATUS: VAR_TYPE = 'data' and no UNITS or UNIT_PTR.
  MODE: VAR_TYPE = 'data' and no UNITS or UNIT_PTR.
  FORMAT: VAR_TYPE = 'data' and no UNITS or UNIT_PTR.
  ETTRT: VAR_TYPE = 'data' and no UNITS or UNIT_PTR.
  DEIG: VAR_TYPE = 'data' and no UNITS or UNIT_PTR.
  COSB: VAR_TYPE = 'data' and no UNITS or UNIT_PTR.
  INSET: VAR_TYPE = 'data' and no UNITS or UNIT_PTR.
  Tensor_index: VAR_TYPE = 'support_data' and no UNITS or UNIT_PTR.
  FP_index: VAR_TYPE = 'support_data' and no UNITS or UNIT_PTR.
  Spin_sector: VAR_TYPE = 'support_data' and no UNITS or UNIT_PTR.
ISEE1_H1_FPE | ISTP.UNITS:
  LH: VAR_TYPE = 'data' and no UNITS or UNIT_PTR.
  IFLAG: VAR_TYPE = 'data' and no UNITS or UNIT_PTR.
  IORB: VAR_TYPE = 'data' and no UNITS or UNIT_PTR.
ISEE1_H2_FPE | ISTP.UNITS:
  Alpha_P: VAR_TYPE = 'data' and no UNITS or UNIT_PTR.
ISEE2_4SEC_MFI | ISTP.UNITS:
  Epoch: VAR_TYPE = 'support_data' and no UNITS or UNIT_PTR.
ISEE2_60SEC_MFI | ISTP.UNITS:
  Epoch: VAR_TYPE = 'support_data' and no UNITS or UNIT_PTR.
  L: VAR_TYPE = 'data' and no UNITS or UNIT_PTR.
  NMPX_GSE: VAR_TYPE = 'data' and no UNITS or UNIT_PTR.
  NMPY_GSE: VAR_TYPE = 'data' and no UNITS or UNIT_PTR.
  NMPZ_GSE: VAR_TYPE = 'data' and no UNITS or UNIT_PTR.
  NSX_GSE: VAR_TYPE = 'data' and no UNITS or UNIT_PTR.
  NSY_GSE: VAR_TYPE = 'data' and no UNITS or UNIT_PTR.
  NSZ_GSE: VAR_TYPE = 'data' and no UNITS or UNIT_PTR.
  QUAL: VAR_TYPE = 'data' and no UNITS or UNIT_PTR.
ISEE2_H1_FPE | ISTP.UNITS:
  LH: VAR_TYPE = 'data' and no UNITS or UNIT_PTR.
  IFLAG: VAR_TYPE = 'data' and no UNITS or UNIT_PTR.
  IORB: VAR_TYPE = 'data' and no UNITS or UNIT_PTR.
ISS_DOSANL_TEPC | ISTP.UNITS:
  Epoch: VAR_TYPE = 'support_data' and no UNITS or UNIT_PTR.
IT_H0_MFI | ISTP.UNITS:
  Epoch: VAR_TYPE = 'support_data' and no UNITS or UNIT_PTR.
METOP1_POES-SEM2_FLUXES-2SEC | ISTP.UNITS:
  ted_telescopes: VAR_TYPE = 'support_data' and no UNITS or UNIT_PTR.
  mep_telescopes: VAR_TYPE = 'support_data' and no UNITS or UNIT_PTR.
  l_igrf: VAR_TYPE = 'data' and no UNITS or UNIT_PTR.
  l_igrf_text: VAR_TYPE = 'data' and no UNITS or UNIT_PTR.
METOP2_POES-SEM2_FLUXES-2SEC | ISTP.UNITS:
  ted_telescopes: VAR_TYPE = 'support_data' and no UNITS or UNIT_PTR.
  mep_telescopes: VAR_TYPE = 'support_data' and no UNITS or UNIT_PTR.
  l_igrf: VAR_TYPE = 'data' and no UNITS or UNIT_PTR.
  l_igrf_text: VAR_TYPE = 'data' and no UNITS or UNIT_PTR.
METOP3_POES-SEM2_FLUXES-2SEC | ISTP.UNITS:
  ted_telescopes: VAR_TYPE = 'support_data' and no UNITS or UNIT_PTR.
  mep_telescopes: VAR_TYPE = 'support_data' and no UNITS or UNIT_PTR.
  l_igrf: VAR_TYPE = 'data' and no UNITS or UNIT_PTR.
  l_igrf_text: VAR_TYPE = 'data' and no UNITS or UNIT_PTR.
MMS1_DSP_FAST_L2_BPSD | ISTP.UNITS:
  mms1_dsp_seqcnt_bpsd: VAR_TYPE = 'support_data' and no UNITS or UNIT_PTR.
MMS1_DSP_FAST_L2_EPSD | ISTP.UNITS:
  mms1_dsp_seqcnt_lfe: VAR_TYPE = 'support_data' and no UNITS or UNIT_PTR.
MMS1_DSP_SLOW_L2_BPSD | ISTP.UNITS:
  mms1_dsp_seqcnt_bpsd: VAR_TYPE = 'support_data' and no UNITS or UNIT_PTR.
MMS1_DSP_SLOW_L2_EPSD | ISTP.UNITS:
  mms1_dsp_seqcnt_lfe: VAR_TYPE = 'support_data' and no UNITS or UNIT_PTR.
MMS1_EDI_BRST_L2_AMB | ISTP.UNITS:
  mms1_edi_optics_state_brst_l2: VAR_TYPE = 'data' and no UNITS or UNIT_PTR.
  mms1_edi_gdu_0_brst_l2: VAR_TYPE = 'support_data' and no UNITS or UNIT_PTR.
  mms1_edi_gdu_180_brst_l2: VAR_TYPE = 'support_data' and no UNITS or UNIT_PTR.
MMS1_EDI_BRST_L2_AMB-PM2 | ISTP.UNITS:
  mms1_edi_optics_state_brst_l2: VAR_TYPE = 'data' and no UNITS or UNIT_PTR.
  mms1_edi_flip_0_180_brst_l2: VAR_TYPE = 'support_data' and no UNITS or UNIT_PTR.
  mms1_edi_gdu_0_brst_l2: VAR_TYPE = 'support_data' and no UNITS or UNIT_PTR.
  mms1_edi_gdu_180_brst_l2: VAR_TYPE = 'support_data' and no UNITS or UNIT_PTR.
MMS1_EDI_BRST_L2_EFIELD | ISTP.UNITS:
  mms1_edi_tri_rchisq_brst_l2: VAR_TYPE = 'support_data' and no UNITS or UNIT_PTR.
MMS1_EDI_BRST_L2_Q0 | ISTP.UNITS:
  mms1_edi_optics_state_brst_l2: VAR_TYPE = 'data' and no UNITS or UNIT_PTR.
MMS1_EDI_SRVY_L2_AMB | ISTP.UNITS:
  mms1_edi_optics_state_srvy_l2: VAR_TYPE = 'data' and no UNITS or UNIT_PTR.
  mms1_edi_gdu_0_srvy_l2: VAR_TYPE = 'support_data' and no UNITS or UNIT_PTR.
  mms1_edi_gdu_180_srvy_l2: VAR_TYPE = 'support_data' and no UNITS or UNIT_PTR.
MMS1_EDI_SRVY_L2_AMB-PM2 | ISTP.UNITS:
  mms1_edi_optics_state_srvy_l2: VAR_TYPE = 'data' and no UNITS or UNIT_PTR.
  mms1_edi_gdu_0_srvy_l2: VAR_TYPE = 'support_data' and no UNITS or UNIT_PTR.
  mms1_edi_gdu_180_srvy_l2: VAR_TYPE = 'support_data' and no UNITS or UNIT_PTR.
  mms1_edi_flip_0_180_srvy_l2: VAR_TYPE = 'support_data' and no UNITS or UNIT_PTR.
MMS1_EDI_SRVY_L2_EFIELD | ISTP.UNITS:
  mms1_edi_tri_rchisq_srvy_l2: VAR_TYPE = 'support_data' and no UNITS or UNIT_PTR.
MMS1_EDI_SRVY_L2_Q0 | ISTP.UNITS:
  mms1_edi_optics_state_srvy_l2: VAR_TYPE = 'data' and no UNITS or UNIT_PTR.
MMS1_EDP_FAST_L2_DCE | ISTP.UNITS:
  mms1_edp_dce_gain_fast_l2: VAR_TYPE = 'support_data' and no UNITS or UNIT_PTR.
  mms1_edp_dce_dsl_base_fast_l2: VAR_TYPE = 'support_data' and no UNITS or UNIT_PTR.
MMS1_EDP_SLOW_L2_DCE | ISTP.UNITS:
  mms1_edp_dce_gain_slow_l2: VAR_TYPE = 'support_data' and no UNITS or UNIT_PTR.
  mms1_edp_dce_dsl_base_slow_l2: VAR_TYPE = 'support_data' and no UNITS or UNIT_PTR.
MMS1_FPI_BRST_L2_DES-MOMS | ISTP.UNITS:
  mms1_des_pitchangdist_lowen_brst: VAR_TYPE = 'data' and no UNITS or UNIT_PTR.
  mms1_des_pitchangdist_miden_brst: VAR_TYPE = 'data' and no UNITS or UNIT_PTR.
  mms1_des_pitchangdist_highen_brst: VAR_TYPE = 'data' and no UNITS or UNIT_PTR.
  mms1_des_energyspectr_px_brst: VAR_TYPE = 'data' and no UNITS or UNIT_PTR.
  mms1_des_energyspectr_mx_brst: VAR_TYPE = 'data' and no UNITS or UNIT_PTR.
  mms1_des_energyspectr_py_brst: VAR_TYPE = 'data' and no UNITS or UNIT_PTR.
  mms1_des_energyspectr_my_brst: VAR_TYPE = 'data' and no UNITS or UNIT_PTR.
  mms1_des_energyspectr_pz_brst: VAR_TYPE = 'data' and no UNITS or UNIT_PTR.
  mms1_des_energyspectr_mz_brst: VAR_TYPE = 'data' and no UNITS or UNIT_PTR.
  mms1_des_energyspectr_par_brst: VAR_TYPE = 'data' and no UNITS or UNIT_PTR.
  mms1_des_energyspectr_anti_brst: VAR_TYPE = 'data' and no UNITS or UNIT_PTR.
  mms1_des_energyspectr_perp_brst: VAR_TYPE = 'data' and no UNITS or UNIT_PTR.
MMS1_FPI_BRST_L2_DIS-MOMS | ISTP.UNITS:
  mms1_dis_energyspectr_px_brst: VAR_TYPE = 'data' and no UNITS or UNIT_PTR.
  mms1_dis_energyspectr_mx_brst: VAR_TYPE = 'data' and no UNITS or UNIT_PTR.
  mms1_dis_energyspectr_py_brst: VAR_TYPE = 'data' and no UNITS or UNIT_PTR.
  mms1_dis_energyspectr_my_brst: VAR_TYPE = 'data' and no UNITS or UNIT_PTR.
  mms1_dis_energyspectr_pz_brst: VAR_TYPE = 'data' and no UNITS or UNIT_PTR.
  mms1_dis_energyspectr_mz_brst: VAR_TYPE = 'data' and no UNITS or UNIT_PTR.
MMS1_FPI_FAST_L2_DES-MOMS | ISTP.UNITS:
  mms1_des_pitchangdist_lowen_fast: VAR_TYPE = 'data' and no UNITS or UNIT_PTR.
  mms1_des_pitchangdist_miden_fast: VAR_TYPE = 'data' and no UNITS or UNIT_PTR.
  mms1_des_pitchangdist_highen_fast: VAR_TYPE = 'data' and no UNITS or UNIT_PTR.
  mms1_des_energyspectr_px_fast: VAR_TYPE = 'data' and no UNITS or UNIT_PTR.
  mms1_des_energyspectr_mx_fast: VAR_TYPE = 'data' and no UNITS or UNIT_PTR.
  mms1_des_energyspectr_py_fast: VAR_TYPE = 'data' and no UNITS or UNIT_PTR.
  mms1_des_energyspectr_my_fast: VAR_TYPE = 'data' and no UNITS or UNIT_PTR.
  mms1_des_energyspectr_pz_fast: VAR_TYPE = 'data' and no UNITS or UNIT_PTR.
  mms1_des_energyspectr_mz_fast: VAR_TYPE = 'data' and no UNITS or UNIT_PTR.
  mms1_des_energyspectr_par_fast: VAR_TYPE = 'data' and no UNITS or UNIT_PTR.
  mms1_des_energyspectr_anti_fast: VAR_TYPE = 'data' and no UNITS or UNIT_PTR.
  mms1_des_energyspectr_perp_fast: VAR_TYPE = 'data' and no UNITS or UNIT_PTR.
MMS1_HPCA_SRVY_L2_TOF-COUNTS | ISTP.UNITS:
  mms1_hpca_tof_bin_index: VAR_TYPE = 'support_data' and no UNITS or UNIT_PTR.
MMS1_MEC_BRST_L2_EPHT89D | ISTP.UNITS:
  Epoch: VAR_TYPE = 'support_data' and no UNITS or UNIT_PTR.
  mms1_mec_int_model: VAR_TYPE = 'support_data' and no UNITS or UNIT_PTR.
  mms1_mec_ext_model: VAR_TYPE = 'support_data' and no UNITS or UNIT_PTR.
MMS1_MEC_BRST_L2_EPHT89Q | ISTP.UNITS:
  Epoch: VAR_TYPE = 'support_data' and no UNITS or UNIT_PTR.
  mms1_mec_int_model: VAR_TYPE = 'support_data' and no UNITS or UNIT_PTR.
  mms1_mec_ext_model: VAR_TYPE = 'support_data' and no UNITS or UNIT_PTR.
MMS1_MEC_BRST_L2_EPHTS04D | ISTP.UNITS:
  Epoch: VAR_TYPE = 'support_data' and no UNITS or UNIT_PTR.
  mms1_mec_int_model: VAR_TYPE = 'support_data' and no UNITS or UNIT_PTR.
  mms1_mec_ext_model: VAR_TYPE = 'support_data' and no UNITS or UNIT_PTR.
MMS1_MEC_SRVY_L2_EPHT89D | ISTP.UNITS:
  Epoch: VAR_TYPE = 'support_data' and no UNITS or UNIT_PTR.
  mms1_mec_int_model: VAR_TYPE = 'support_data' and no UNITS or UNIT_PTR.
  mms1_mec_ext_model: VAR_TYPE = 'support_data' and no UNITS or UNIT_PTR.
MMS1_MEC_SRVY_L2_EPHT89Q | ISTP.UNITS:
  Epoch: VAR_TYPE = 'support_data' and no UNITS or UNIT_PTR.
  mms1_mec_int_model: VAR_TYPE = 'support_data' and no UNITS or UNIT_PTR.
  mms1_mec_ext_model: VAR_TYPE = 'support_data' and no UNITS or UNIT_PTR.
MMS1_MEC_SRVY_L2_EPHTS04D | ISTP.UNITS:
  Epoch: VAR_TYPE = 'support_data' and no UNITS or UNIT_PTR.
  mms1_mec_int_model: VAR_TYPE = 'support_data' and no UNITS or UNIT_PTR.
  mms1_mec_ext_model: VAR_TYPE = 'support_data' and no UNITS or UNIT_PTR.
MMS2_DSP_FAST_L2_BPSD | ISTP.UNITS:
  mms2_dsp_seqcnt_bpsd: VAR_TYPE = 'support_data' and no UNITS or UNIT_PTR.
MMS2_DSP_FAST_L2_EPSD | ISTP.UNITS:
  mms2_dsp_seqcnt_lfe: VAR_TYPE = 'support_data' and no UNITS or UNIT_PTR.
MMS2_DSP_SLOW_L2_BPSD | ISTP.UNITS:
  mms2_dsp_seqcnt_bpsd: VAR_TYPE = 'support_data' and no UNITS or UNIT_PTR.
MMS2_DSP_SLOW_L2_EPSD | ISTP.UNITS:
  mms2_dsp_seqcnt_lfe: VAR_TYPE = 'support_data' and no UNITS or UNIT_PTR.
MMS2_EDI_BRST_L2_AMB | ISTP.UNITS:
  mms2_edi_optics_state_brst_l2: VAR_TYPE = 'data' and no UNITS or UNIT_PTR.
  mms2_edi_gdu_0_brst_l2: VAR_TYPE = 'support_data' and no UNITS or UNIT_PTR.
  mms2_edi_gdu_180_brst_l2: VAR_TYPE = 'support_data' and no UNITS or UNIT_PTR.
MMS2_EDI_BRST_L2_AMB-PM2 | ISTP.UNITS:
  mms2_edi_optics_state_brst_l2: VAR_TYPE = 'data' and no UNITS or UNIT_PTR.
  mms2_edi_gdu_0_brst_l2: VAR_TYPE = 'support_data' and no UNITS or UNIT_PTR.
  mms2_edi_gdu_180_brst_l2: VAR_TYPE = 'support_data' and no UNITS or UNIT_PTR.
  mms2_edi_flip_0_180_brst_l2: VAR_TYPE = 'support_data' and no UNITS or UNIT_PTR.
MMS2_EDI_BRST_L2_EFIELD | ISTP.UNITS:
  mms2_edi_tri_rchisq_brst_l2: VAR_TYPE = 'support_data' and no UNITS or UNIT_PTR.
MMS2_EDI_BRST_L2_Q0 | ISTP.UNITS:
  mms2_edi_optics_state_brst_l2: VAR_TYPE = 'data' and no UNITS or UNIT_PTR.
MMS2_EDI_SRVY_L2_AMB | ISTP.UNITS:
  mms2_edi_optics_state_srvy_l2: VAR_TYPE = 'data' and no UNITS or UNIT_PTR.
  mms2_edi_gdu_0_srvy_l2: VAR_TYPE = 'support_data' and no UNITS or UNIT_PTR.
  mms2_edi_gdu_180_srvy_l2: VAR_TYPE = 'support_data' and no UNITS or UNIT_PTR.
MMS2_EDI_SRVY_L2_AMB-PM2 | ISTP.UNITS:
  mms2_edi_optics_state_srvy_l2: VAR_TYPE = 'data' and no UNITS or UNIT_PTR.
  mms2_edi_gdu_0_srvy_l2: VAR_TYPE = 'support_data' and no UNITS or UNIT_PTR.
  mms2_edi_gdu_180_srvy_l2: VAR_TYPE = 'support_data' and no UNITS or UNIT_PTR.
  mms2_edi_flip_0_180_srvy_l2: VAR_TYPE = 'support_data' and no UNITS or UNIT_PTR.
MMS2_EDI_SRVY_L2_EFIELD | ISTP.UNITS:
  mms2_edi_tri_rchisq_srvy_l2: VAR_TYPE = 'support_data' and no UNITS or UNIT_PTR.
MMS2_EDI_SRVY_L2_Q0 | ISTP.UNITS:
  mms2_edi_optics_state_srvy_l2: VAR_TYPE = 'data' and no UNITS or UNIT_PTR.
MMS2_EDP_FAST_L2_DCE | ISTP.UNITS:
  mms2_edp_dce_gain_fast_l2: VAR_TYPE = 'support_data' and no UNITS or UNIT_PTR.
  mms2_edp_dce_dsl_base_fast_l2: VAR_TYPE = 'support_data' and no UNITS or UNIT_PTR.
MMS2_EDP_SLOW_L2_DCE | ISTP.UNITS:
  mms2_edp_dce_gain_slow_l2: VAR_TYPE = 'support_data' and no UNITS or UNIT_PTR.
  mms2_edp_dce_dsl_base_slow_l2: VAR_TYPE = 'support_data' and no UNITS or UNIT_PTR.
MMS2_FPI_BRST_L2_DES-MOMS | ISTP.UNITS:
  mms2_des_pitchangdist_lowen_brst: VAR_TYPE = 'data' and no UNITS or UNIT_PTR.
  mms2_des_pitchangdist_miden_brst: VAR_TYPE = 'data' and no UNITS or UNIT_PTR.
  mms2_des_pitchangdist_highen_brst: VAR_TYPE = 'data' and no UNITS or UNIT_PTR.
  mms2_des_energyspectr_px_brst: VAR_TYPE = 'data' and no UNITS or UNIT_PTR.
  mms2_des_energyspectr_mx_brst: VAR_TYPE = 'data' and no UNITS or UNIT_PTR.
  mms2_des_energyspectr_py_brst: VAR_TYPE = 'data' and no UNITS or UNIT_PTR.
  mms2_des_energyspectr_my_brst: VAR_TYPE = 'data' and no UNITS or UNIT_PTR.
  mms2_des_energyspectr_pz_brst: VAR_TYPE = 'data' and no UNITS or UNIT_PTR.
  mms2_des_energyspectr_mz_brst: VAR_TYPE = 'data' and no UNITS or UNIT_PTR.
  mms2_des_energyspectr_par_brst: VAR_TYPE = 'data' and no UNITS or UNIT_PTR.
  mms2_des_energyspectr_anti_brst: VAR_TYPE = 'data' and no UNITS or UNIT_PTR.
  mms2_des_energyspectr_perp_brst: VAR_TYPE = 'data' and no UNITS or UNIT_PTR.
MMS2_FPI_BRST_L2_DIS-MOMS | ISTP.UNITS:
  mms2_dis_energyspectr_px_brst: VAR_TYPE = 'data' and no UNITS or UNIT_PTR.
  mms2_dis_energyspectr_mx_brst: VAR_TYPE = 'data' and no UNITS or UNIT_PTR.
  mms2_dis_energyspectr_py_brst: VAR_TYPE = 'data' and no UNITS or UNIT_PTR.
  mms2_dis_energyspectr_my_brst: VAR_TYPE = 'data' and no UNITS or UNIT_PTR.
  mms2_dis_energyspectr_pz_brst: VAR_TYPE = 'data' and no UNITS or UNIT_PTR.
  mms2_dis_energyspectr_mz_brst: VAR_TYPE = 'data' and no UNITS or UNIT_PTR.
MMS2_FPI_FAST_L2_DES-MOMS | ISTP.UNITS:
  mms2_des_pitchangdist_lowen_fast: VAR_TYPE = 'data' and no UNITS or UNIT_PTR.
  mms2_des_pitchangdist_miden_fast: VAR_TYPE = 'data' and no UNITS or UNIT_PTR.
  mms2_des_pitchangdist_highen_fast: VAR_TYPE = 'data' and no UNITS or UNIT_PTR.
  mms2_des_energyspectr_px_fast: VAR_TYPE = 'data' and no UNITS or UNIT_PTR.
  mms2_des_energyspectr_mx_fast: VAR_TYPE = 'data' and no UNITS or UNIT_PTR.
  mms2_des_energyspectr_py_fast: VAR_TYPE = 'data' and no UNITS or UNIT_PTR.
  mms2_des_energyspectr_my_fast: VAR_TYPE = 'data' and no UNITS or UNIT_PTR.
  mms2_des_energyspectr_pz_fast: VAR_TYPE = 'data' and no UNITS or UNIT_PTR.
  mms2_des_energyspectr_mz_fast: VAR_TYPE = 'data' and no UNITS or UNIT_PTR.
  mms2_des_energyspectr_par_fast: VAR_TYPE = 'data' and no UNITS or UNIT_PTR.
  mms2_des_energyspectr_anti_fast: VAR_TYPE = 'data' and no UNITS or UNIT_PTR.
  mms2_des_energyspectr_perp_fast: VAR_TYPE = 'data' and no UNITS or UNIT_PTR.
MMS2_HPCA_SRVY_L2_TOF-COUNTS | ISTP.UNITS:
  mms2_hpca_tof_bin_index: VAR_TYPE = 'support_data' and no UNITS or UNIT_PTR.
MMS2_MEC_BRST_L2_EPHT89D | ISTP.UNITS:
  Epoch: VAR_TYPE = 'support_data' and no UNITS or UNIT_PTR.
  mms2_mec_int_model: VAR_TYPE = 'support_data' and no UNITS or UNIT_PTR.
  mms2_mec_ext_model: VAR_TYPE = 'support_data' and no UNITS or UNIT_PTR.
MMS2_MEC_BRST_L2_EPHT89Q | ISTP.UNITS:
  Epoch: VAR_TYPE = 'support_data' and no UNITS or UNIT_PTR.
  mms2_mec_int_model: VAR_TYPE = 'support_data' and no UNITS or UNIT_PTR.
  mms2_mec_ext_model: VAR_TYPE = 'support_data' and no UNITS or UNIT_PTR.
MMS2_MEC_BRST_L2_EPHTS04D | ISTP.UNITS:
  Epoch: VAR_TYPE = 'support_data' and no UNITS or UNIT_PTR.
  mms2_mec_int_model: VAR_TYPE = 'support_data' and no UNITS or UNIT_PTR.
  mms2_mec_ext_model: VAR_TYPE = 'support_data' and no UNITS or UNIT_PTR.
MMS2_MEC_SRVY_L2_EPHT89D | ISTP.UNITS:
  Epoch: VAR_TYPE = 'support_data' and no UNITS or UNIT_PTR.
  mms2_mec_int_model: VAR_TYPE = 'support_data' and no UNITS or UNIT_PTR.
  mms2_mec_ext_model: VAR_TYPE = 'support_data' and no UNITS or UNIT_PTR.
MMS2_MEC_SRVY_L2_EPHT89Q | ISTP.UNITS:
  Epoch: VAR_TYPE = 'support_data' and no UNITS or UNIT_PTR.
  mms2_mec_int_model: VAR_TYPE = 'support_data' and no UNITS or UNIT_PTR.
  mms2_mec_ext_model: VAR_TYPE = 'support_data' and no UNITS or UNIT_PTR.
MMS2_MEC_SRVY_L2_EPHTS04D | ISTP.UNITS:
  Epoch: VAR_TYPE = 'support_data' and no UNITS or UNIT_PTR.
  mms2_mec_int_model: VAR_TYPE = 'support_data' and no UNITS or UNIT_PTR.
  mms2_mec_ext_model: VAR_TYPE = 'support_data' and no UNITS or UNIT_PTR.
MMS3_DSP_FAST_L2_BPSD | ISTP.UNITS:
  mms3_dsp_seqcnt_bpsd: VAR_TYPE = 'support_data' and no UNITS or UNIT_PTR.
MMS3_DSP_FAST_L2_EPSD | ISTP.UNITS:
  mms3_dsp_seqcnt_lfe: VAR_TYPE = 'support_data' and no UNITS or UNIT_PTR.
MMS3_DSP_SLOW_L2_BPSD | ISTP.UNITS:
  mms3_dsp_seqcnt_bpsd: VAR_TYPE = 'support_data' and no UNITS or UNIT_PTR.
MMS3_DSP_SLOW_L2_EPSD | ISTP.UNITS:
  mms3_dsp_seqcnt_lfe: VAR_TYPE = 'support_data' and no UNITS or UNIT_PTR.
MMS3_EDI_BRST_L2_AMB | ISTP.UNITS:
  mms3_edi_optics_state_brst_l2: VAR_TYPE = 'data' and no UNITS or UNIT_PTR.
  mms3_edi_gdu_0_brst_l2: VAR_TYPE = 'support_data' and no UNITS or UNIT_PTR.
  mms3_edi_gdu_180_brst_l2: VAR_TYPE = 'support_data' and no UNITS or UNIT_PTR.
MMS3_EDI_BRST_L2_AMB-PM2 | ISTP.UNITS:
  mms3_edi_optics_state_brst_l2: VAR_TYPE = 'data' and no UNITS or UNIT_PTR.
  mms3_edi_gdu_0_brst_l2: VAR_TYPE = 'support_data' and no UNITS or UNIT_PTR.
  mms3_edi_gdu_180_brst_l2: VAR_TYPE = 'support_data' and no UNITS or UNIT_PTR.
  mms3_edi_flip_0_180_brst_l2: VAR_TYPE = 'support_data' and no UNITS or UNIT_PTR.
MMS3_EDI_BRST_L2_EFIELD | ISTP.UNITS:
  mms3_edi_tri_rchisq_brst_l2: VAR_TYPE = 'support_data' and no UNITS or UNIT_PTR.
MMS3_EDI_BRST_L2_Q0 | ISTP.UNITS:
  mms3_edi_optics_state_brst_l2: VAR_TYPE = 'data' and no UNITS or UNIT_PTR.
MMS3_EDI_SRVY_L2_AMB | ISTP.UNITS:
  mms3_edi_optics_state_srvy_l2: VAR_TYPE = 'data' and no UNITS or UNIT_PTR.
  mms3_edi_gdu_0_srvy_l2: VAR_TYPE = 'support_data' and no UNITS or UNIT_PTR.
  mms3_edi_gdu_180_srvy_l2: VAR_TYPE = 'support_data' and no UNITS or UNIT_PTR.
MMS3_EDI_SRVY_L2_AMB-PM2 | ISTP.UNITS:
  mms3_edi_optics_state_srvy_l2: VAR_TYPE = 'data' and no UNITS or UNIT_PTR.
  mms3_edi_gdu_0_srvy_l2: VAR_TYPE = 'support_data' and no UNITS or UNIT_PTR.
  mms3_edi_gdu_180_srvy_l2: VAR_TYPE = 'support_data' and no UNITS or UNIT_PTR.
  mms3_edi_flip_0_180_srvy_l2: VAR_TYPE = 'support_data' and no UNITS or UNIT_PTR.
MMS3_EDI_SRVY_L2_EFIELD | ISTP.UNITS:
  mms3_edi_tri_rchisq_srvy_l2: VAR_TYPE = 'support_data' and no UNITS or UNIT_PTR.
MMS3_EDI_SRVY_L2_Q0 | ISTP.UNITS:
  mms3_edi_optics_state_srvy_l2: VAR_TYPE = 'data' and no UNITS or UNIT_PTR.
MMS3_EDP_FAST_L2_DCE | ISTP.UNITS:
  mms3_edp_dce_gain_fast_l2: VAR_TYPE = 'support_data' and no UNITS or UNIT_PTR.
  mms3_edp_dce_dsl_base_fast_l2: VAR_TYPE = 'support_data' and no UNITS or UNIT_PTR.
MMS3_EDP_SLOW_L2_DCE | ISTP.UNITS:
  mms3_edp_dce_gain_slow_l2: VAR_TYPE = 'support_data' and no UNITS or UNIT_PTR.
  mms3_edp_dce_dsl_base_slow_l2: VAR_TYPE = 'support_data' and no UNITS or UNIT_PTR.
MMS3_FPI_BRST_L2_DES-MOMS | ISTP.UNITS:
  mms3_des_pitchangdist_lowen_brst: VAR_TYPE = 'data' and no UNITS or UNIT_PTR.
  mms3_des_pitchangdist_miden_brst: VAR_TYPE = 'data' and no UNITS or UNIT_PTR.
  mms3_des_pitchangdist_highen_brst: VAR_TYPE = 'data' and no UNITS or UNIT_PTR.
  mms3_des_energyspectr_px_brst: VAR_TYPE = 'data' and no UNITS or UNIT_PTR.
  mms3_des_energyspectr_mx_brst: VAR_TYPE = 'data' and no UNITS or UNIT_PTR.
  mms3_des_energyspectr_py_brst: VAR_TYPE = 'data' and no UNITS or UNIT_PTR.
  mms3_des_energyspectr_my_brst: VAR_TYPE = 'data' and no UNITS or UNIT_PTR.
  mms3_des_energyspectr_pz_brst: VAR_TYPE = 'data' and no UNITS or UNIT_PTR.
  mms3_des_energyspectr_mz_brst: VAR_TYPE = 'data' and no UNITS or UNIT_PTR.
  mms3_des_energyspectr_par_brst: VAR_TYPE = 'data' and no UNITS or UNIT_PTR.
  mms3_des_energyspectr_anti_brst: VAR_TYPE = 'data' and no UNITS or UNIT_PTR.
  mms3_des_energyspectr_perp_brst: VAR_TYPE = 'data' and no UNITS or UNIT_PTR.
MMS3_FPI_BRST_L2_DIS-MOMS | ISTP.UNITS:
  mms3_dis_energyspectr_px_brst: VAR_TYPE = 'data' and no UNITS or UNIT_PTR.
  mms3_dis_energyspectr_mx_brst: VAR_TYPE = 'data' and no UNITS or UNIT_PTR.
  mms3_dis_energyspectr_py_brst: VAR_TYPE = 'data' and no UNITS or UNIT_PTR.
  mms3_dis_energyspectr_my_brst: VAR_TYPE = 'data' and no UNITS or UNIT_PTR.
  mms3_dis_energyspectr_pz_brst: VAR_TYPE = 'data' and no UNITS or UNIT_PTR.
  mms3_dis_energyspectr_mz_brst: VAR_TYPE = 'data' and no UNITS or UNIT_PTR.
MMS3_FPI_FAST_L2_DES-MOMS | ISTP.UNITS:
  mms3_des_pitchangdist_lowen_fast: VAR_TYPE = 'data' and no UNITS or UNIT_PTR.
  mms3_des_pitchangdist_miden_fast: VAR_TYPE = 'data' and no UNITS or UNIT_PTR.
  mms3_des_pitchangdist_highen_fast: VAR_TYPE = 'data' and no UNITS or UNIT_PTR.
  mms3_des_energyspectr_px_fast: VAR_TYPE = 'data' and no UNITS or UNIT_PTR.
  mms3_des_energyspectr_mx_fast: VAR_TYPE = 'data' and no UNITS or UNIT_PTR.
  mms3_des_energyspectr_py_fast: VAR_TYPE = 'data' and no UNITS or UNIT_PTR.
  mms3_des_energyspectr_my_fast: VAR_TYPE = 'data' and no UNITS or UNIT_PTR.
  mms3_des_energyspectr_pz_fast: VAR_TYPE = 'data' and no UNITS or UNIT_PTR.
  mms3_des_energyspectr_mz_fast: VAR_TYPE = 'data' and no UNITS or UNIT_PTR.
  mms3_des_energyspectr_par_fast: VAR_TYPE = 'data' and no UNITS or UNIT_PTR.
  mms3_des_energyspectr_anti_fast: VAR_TYPE = 'data' and no UNITS or UNIT_PTR.
  mms3_des_energyspectr_perp_fast: VAR_TYPE = 'data' and no UNITS or UNIT_PTR.
MMS3_HPCA_SRVY_L2_TOF-COUNTS | ISTP.UNITS:
  mms3_hpca_tof_bin_index: VAR_TYPE = 'support_data' and no UNITS or UNIT_PTR.
MMS3_MEC_BRST_L2_EPHT89D | ISTP.UNITS:
  Epoch: VAR_TYPE = 'support_data' and no UNITS or UNIT_PTR.
  mms3_mec_int_model: VAR_TYPE = 'support_data' and no UNITS or UNIT_PTR.
  mms3_mec_ext_model: VAR_TYPE = 'support_data' and no UNITS or UNIT_PTR.
MMS3_MEC_BRST_L2_EPHT89Q | ISTP.UNITS:
  Epoch: VAR_TYPE = 'support_data' and no UNITS or UNIT_PTR.
  mms3_mec_int_model: VAR_TYPE = 'support_data' and no UNITS or UNIT_PTR.
  mms3_mec_ext_model: VAR_TYPE = 'support_data' and no UNITS or UNIT_PTR.
MMS3_MEC_BRST_L2_EPHTS04D | ISTP.UNITS:
  Epoch: VAR_TYPE = 'support_data' and no UNITS or UNIT_PTR.
  mms3_mec_int_model: VAR_TYPE = 'support_data' and no UNITS or UNIT_PTR.
  mms3_mec_ext_model: VAR_TYPE = 'support_data' and no UNITS or UNIT_PTR.
MMS3_MEC_SRVY_L2_EPHT89D | ISTP.UNITS:
  Epoch: VAR_TYPE = 'support_data' and no UNITS or UNIT_PTR.
  mms3_mec_int_model: VAR_TYPE = 'support_data' and no UNITS or UNIT_PTR.
  mms3_mec_ext_model: VAR_TYPE = 'support_data' and no UNITS or UNIT_PTR.
MMS3_MEC_SRVY_L2_EPHT89Q | ISTP.UNITS:
  Epoch: VAR_TYPE = 'support_data' and no UNITS or UNIT_PTR.
  mms3_mec_int_model: VAR_TYPE = 'support_data' and no UNITS or UNIT_PTR.
  mms3_mec_ext_model: VAR_TYPE = 'support_data' and no UNITS or UNIT_PTR.
MMS3_MEC_SRVY_L2_EPHTS04D | ISTP.UNITS:
  Epoch: VAR_TYPE = 'support_data' and no UNITS or UNIT_PTR.
  mms3_mec_int_model: VAR_TYPE = 'support_data' and no UNITS or UNIT_PTR.
  mms3_mec_ext_model: VAR_TYPE = 'support_data' and no UNITS or UNIT_PTR.
MMS4_DSP_FAST_L2_BPSD | ISTP.UNITS:
  mms4_dsp_seqcnt_bpsd: VAR_TYPE = 'support_data' and no UNITS or UNIT_PTR.
MMS4_DSP_FAST_L2_EPSD | ISTP.UNITS:
  mms4_dsp_seqcnt_lfe: VAR_TYPE = 'support_data' and no UNITS or UNIT_PTR.
MMS4_DSP_SLOW_L2_BPSD | ISTP.UNITS:
  mms4_dsp_seqcnt_bpsd: VAR_TYPE = 'support_data' and no UNITS or UNIT_PTR.
MMS4_DSP_SLOW_L2_EPSD | ISTP.UNITS:
  mms4_dsp_seqcnt_lfe: VAR_TYPE = 'support_data' and no UNITS or UNIT_PTR.
MMS4_EDI_BRST_L2_AMB | ISTP.UNITS:
  mms4_edi_optics_state_brst_l2: VAR_TYPE = 'data' and no UNITS or UNIT_PTR.
  mms4_edi_gdu_0_brst_l2: VAR_TYPE = 'support_data' and no UNITS or UNIT_PTR.
  mms4_edi_gdu_180_brst_l2: VAR_TYPE = 'support_data' and no UNITS or UNIT_PTR.
MMS4_EDI_BRST_L2_AMB-PM2 | ISTP.UNITS:
  mms4_edi_optics_state_brst_l2: VAR_TYPE = 'data' and no UNITS or UNIT_PTR.
  mms4_edi_gdu_0_brst_l2: VAR_TYPE = 'support_data' and no UNITS or UNIT_PTR.
  mms4_edi_gdu_180_brst_l2: VAR_TYPE = 'support_data' and no UNITS or UNIT_PTR.
  mms4_edi_flip_0_180_brst_l2: VAR_TYPE = 'support_data' and no UNITS or UNIT_PTR.
MMS4_EDI_BRST_L2_EFIELD | ISTP.UNITS:
  mms4_edi_tri_rchisq_brst_l2: VAR_TYPE = 'support_data' and no UNITS or UNIT_PTR.
MMS4_EDI_BRST_L2_Q0 | ISTP.UNITS:
  mms4_edi_optics_state_brst_l2: VAR_TYPE = 'data' and no UNITS or UNIT_PTR.
MMS4_EDI_SRVY_L2_AMB | ISTP.UNITS:
  mms4_edi_optics_state_srvy_l2: VAR_TYPE = 'data' and no UNITS or UNIT_PTR.
  mms4_edi_gdu_0_srvy_l2: VAR_TYPE = 'support_data' and no UNITS or UNIT_PTR.
  mms4_edi_gdu_180_srvy_l2: VAR_TYPE = 'support_data' and no UNITS or UNIT_PTR.
MMS4_EDI_SRVY_L2_AMB-PM2 | ISTP.UNITS:
  mms4_edi_optics_state_srvy_l2: VAR_TYPE = 'data' and no UNITS or UNIT_PTR.
  mms4_edi_gdu_0_srvy_l2: VAR_TYPE = 'support_data' and no UNITS or UNIT_PTR.
  mms4_edi_gdu_180_srvy_l2: VAR_TYPE = 'support_data' and no UNITS or UNIT_PTR.
  mms4_edi_flip_0_180_srvy_l2: VAR_TYPE = 'support_data' and no UNITS or UNIT_PTR.
MMS4_EDI_SRVY_L2_EFIELD | ISTP.UNITS:
  mms4_edi_tri_rchisq_srvy_l2: VAR_TYPE = 'support_data' and no UNITS or UNIT_PTR.
MMS4_EDI_SRVY_L2_Q0 | ISTP.UNITS:
  mms4_edi_optics_state_srvy_l2: VAR_TYPE = 'data' and no UNITS or UNIT_PTR.
MMS4_EDP_FAST_L2_DCE | ISTP.UNITS:
  mms4_edp_dce_gain_fast_l2: VAR_TYPE = 'support_data' and no UNITS or UNIT_PTR.
  mms4_edp_dce_dsl_base_fast_l2: VAR_TYPE = 'support_data' and no UNITS or UNIT_PTR.
MMS4_FPI_BRST_L2_DES-MOMS | ISTP.UNITS:
  mms4_des_pitchangdist_lowen_brst: VAR_TYPE = 'data' and no UNITS or UNIT_PTR.
  mms4_des_pitchangdist_miden_brst: VAR_TYPE = 'data' and no UNITS or UNIT_PTR.
  mms4_des_pitchangdist_highen_brst: VAR_TYPE = 'data' and no UNITS or UNIT_PTR.
  mms4_des_energyspectr_px_brst: VAR_TYPE = 'data' and no UNITS or UNIT_PTR.
  mms4_des_energyspectr_mx_brst: VAR_TYPE = 'data' and no UNITS or UNIT_PTR.
  mms4_des_energyspectr_py_brst: VAR_TYPE = 'data' and no UNITS or UNIT_PTR.
  mms4_des_energyspectr_my_brst: VAR_TYPE = 'data' and no UNITS or UNIT_PTR.
  mms4_des_energyspectr_pz_brst: VAR_TYPE = 'data' and no UNITS or UNIT_PTR.
  mms4_des_energyspectr_mz_brst: VAR_TYPE = 'data' and no UNITS or UNIT_PTR.
  mms4_des_energyspectr_par_brst: VAR_TYPE = 'data' and no UNITS or UNIT_PTR.
  mms4_des_energyspectr_anti_brst: VAR_TYPE = 'data' and no UNITS or UNIT_PTR.
  mms4_des_energyspectr_perp_brst: VAR_TYPE = 'data' and no UNITS or UNIT_PTR.
MMS4_FPI_BRST_L2_DIS-MOMS | ISTP.UNITS:
  mms4_dis_energyspectr_px_brst: VAR_TYPE = 'data' and no UNITS or UNIT_PTR.
  mms4_dis_energyspectr_mx_brst: VAR_TYPE = 'data' and no UNITS or UNIT_PTR.
  mms4_dis_energyspectr_py_brst: VAR_TYPE = 'data' and no UNITS or UNIT_PTR.
  mms4_dis_energyspectr_my_brst: VAR_TYPE = 'data' and no UNITS or UNIT_PTR.
  mms4_dis_energyspectr_pz_brst: VAR_TYPE = 'data' and no UNITS or UNIT_PTR.
  mms4_dis_energyspectr_mz_brst: VAR_TYPE = 'data' and no UNITS or UNIT_PTR.
MMS4_FPI_FAST_L2_DES-MOMS | ISTP.UNITS:
  mms4_des_pitchangdist_lowen_fast: VAR_TYPE = 'data' and no UNITS or UNIT_PTR.
  mms4_des_pitchangdist_miden_fast: VAR_TYPE = 'data' and no UNITS or UNIT_PTR.
  mms4_des_pitchangdist_highen_fast: VAR_TYPE = 'data' and no UNITS or UNIT_PTR.
  mms4_des_energyspectr_px_fast: VAR_TYPE = 'data' and no UNITS or UNIT_PTR.
  mms4_des_energyspectr_mx_fast: VAR_TYPE = 'data' and no UNITS or UNIT_PTR.
  mms4_des_energyspectr_py_fast: VAR_TYPE = 'data' and no UNITS or UNIT_PTR.
  mms4_des_energyspectr_my_fast: VAR_TYPE = 'data' and no UNITS or UNIT_PTR.
  mms4_des_energyspectr_pz_fast: VAR_TYPE = 'data' and no UNITS or UNIT_PTR.
  mms4_des_energyspectr_mz_fast: VAR_TYPE = 'data' and no UNITS or UNIT_PTR.
  mms4_des_energyspectr_par_fast: VAR_TYPE = 'data' and no UNITS or UNIT_PTR.
  mms4_des_energyspectr_anti_fast: VAR_TYPE = 'data' and no UNITS or UNIT_PTR.
  mms4_des_energyspectr_perp_fast: VAR_TYPE = 'data' and no UNITS or UNIT_PTR.
MMS4_HPCA_SRVY_L2_TOF-COUNTS | ISTP.UNITS:
  mms4_hpca_tof_bin_index: VAR_TYPE = 'support_data' and no UNITS or UNIT_PTR.
MMS4_MEC_BRST_L2_EPHT89D | ISTP.UNITS:
  Epoch: VAR_TYPE = 'support_data' and no UNITS or UNIT_PTR.
  mms4_mec_int_model: VAR_TYPE = 'support_data' and no UNITS or UNIT_PTR.
  mms4_mec_ext_model: VAR_TYPE = 'support_data' and no UNITS or UNIT_PTR.
MMS4_MEC_BRST_L2_EPHT89Q | ISTP.UNITS:
  Epoch: VAR_TYPE = 'support_data' and no UNITS or UNIT_PTR.
  mms4_mec_int_model: VAR_TYPE = 'support_data' and no UNITS or UNIT_PTR.
  mms4_mec_ext_model: VAR_TYPE = 'support_data' and no UNITS or UNIT_PTR.
MMS4_MEC_BRST_L2_EPHTS04D | ISTP.UNITS:
  Epoch: VAR_TYPE = 'support_data' and no UNITS or UNIT_PTR.
  mms4_mec_int_model: VAR_TYPE = 'support_data' and no UNITS or UNIT_PTR.
  mms4_mec_ext_model: VAR_TYPE = 'support_data' and no UNITS or UNIT_PTR.
MMS4_MEC_SRVY_L2_EPHT89D | ISTP.UNITS:
  Epoch: VAR_TYPE = 'support_data' and no UNITS or UNIT_PTR.
  mms4_mec_int_model: VAR_TYPE = 'support_data' and no UNITS or UNIT_PTR.
  mms4_mec_ext_model: VAR_TYPE = 'support_data' and no UNITS or UNIT_PTR.
MMS4_MEC_SRVY_L2_EPHT89Q | ISTP.UNITS:
  Epoch: VAR_TYPE = 'support_data' and no UNITS or UNIT_PTR.
  mms4_mec_int_model: VAR_TYPE = 'support_data' and no UNITS or UNIT_PTR.
  mms4_mec_ext_model: VAR_TYPE = 'support_data' and no UNITS or UNIT_PTR.
MMS4_MEC_SRVY_L2_EPHTS04D | ISTP.UNITS:
  Epoch: VAR_TYPE = 'support_data' and no UNITS or UNIT_PTR.
  mms4_mec_int_model: VAR_TYPE = 'support_data' and no UNITS or UNIT_PTR.
  mms4_mec_ext_model: VAR_TYPE = 'support_data' and no UNITS or UNIT_PTR.
MVN_SEP_L2_S1-CAL-SVY-FULL | ISTP.UNITS:
  attenuator_state: VAR_TYPE = 'data' and no UNITS or UNIT_PTR.
  accum_time: VAR_TYPE = 'support_data' and no UNITS or UNIT_PTR.
  mapid: VAR_TYPE = 'support_data' and no UNITS or UNIT_PTR.
  seq_cntr: VAR_TYPE = 'support_data' and no UNITS or UNIT_PTR.
  f_ion_flux: VAR_TYPE = 'data' and no UNITS or UNIT_PTR.
  f_ion_flux_unc: VAR_TYPE = 'support_data' and no UNITS or UNIT_PTR.
  f_ion_flux_tot: VAR_TYPE = 'data' and no UNITS or UNIT_PTR.
  f_ion_flux_tot_unc: VAR_TYPE = 'support_data' and no UNITS or UNIT_PTR.
  f_ion_energy: VAR_TYPE = 'support_data' and no UNITS or UNIT_PTR.
  f_ion_denergy: VAR_TYPE = 'support_data' and no UNITS or UNIT_PTR.
  f_elec_flux: VAR_TYPE = 'data' and no UNITS or UNIT_PTR.
  f_elec_flux_unc: VAR_TYPE = 'support_data' and no UNITS or UNIT_PTR.
  f_elec_flux_tot: VAR_TYPE = 'data' and no UNITS or UNIT_PTR.
  f_elec_flux_tot_unc: VAR_TYPE = 'support_data' and no UNITS or UNIT_PTR.
  f_elec_energy: VAR_TYPE = 'support_data' and no UNITS or UNIT_PTR.
  f_elec_denergy: VAR_TYPE = 'support_data' and no UNITS or UNIT_PTR.
  r_ion_flux: VAR_TYPE = 'data' and no UNITS or UNIT_PTR.
  r_ion_flux_unc: VAR_TYPE = 'support_data' and no UNITS or UNIT_PTR.
  r_ion_flux_tot: VAR_TYPE = 'data' and no UNITS or UNIT_PTR.
  r_ion_flux_tot_unc: VAR_TYPE = 'support_data' and no UNITS or UNIT_PTR.
  r_ion_energy: VAR_TYPE = 'support_data' and no UNITS or UNIT_PTR.
  r_ion_denergy: VAR_TYPE = 'support_data' and no UNITS or UNIT_PTR.
  r_elec_flux: VAR_TYPE = 'data' and no UNITS or UNIT_PTR.
  r_elec_flux_unc: VAR_TYPE = 'support_data' and no UNITS or UNIT_PTR.
  r_elec_flux_tot: VAR_TYPE = 'data' and no UNITS or UNIT_PTR.
  r_elec_flux_tot_unc: VAR_TYPE = 'support_data' and no UNITS or UNIT_PTR.
  r_elec_energy: VAR_TYPE = 'support_data' and no UNITS or UNIT_PTR.
  r_elec_denergy: VAR_TYPE = 'support_data' and no UNITS or UNIT_PTR.
  a_t_rates: VAR_TYPE = 'support_data' and no UNITS or UNIT_PTR.
  b_t_rates: VAR_TYPE = 'support_data' and no UNITS or UNIT_PTR.
  a_fto_rates: VAR_TYPE = 'support_data' and no UNITS or UNIT_PTR.
  b_fto_rates: VAR_TYPE = 'support_data' and no UNITS or UNIT_PTR.
  f_o_rate: VAR_TYPE = 'support_data' and no UNITS or UNIT_PTR.
  f_f_rate: VAR_TYPE = 'support_data' and no UNITS or UNIT_PTR.
  r_o_rate: VAR_TYPE = 'support_data' and no UNITS or UNIT_PTR.
  r_f_rate: VAR_TYPE = 'support_data' and no UNITS or UNIT_PTR.
  quality_flag: VAR_TYPE = 'support_data' and no UNITS or UNIT_PTR.
MVN_SEP_L2_S2-CAL-SVY-FULL | ISTP.UNITS:
  attenuator_state: VAR_TYPE = 'data' and no UNITS or UNIT_PTR.
  accum_time: VAR_TYPE = 'support_data' and no UNITS or UNIT_PTR.
  mapid: VAR_TYPE = 'support_data' and no UNITS or UNIT_PTR.
  seq_cntr: VAR_TYPE = 'support_data' and no UNITS or UNIT_PTR.
  a_t_rates: VAR_TYPE = 'support_data' and no UNITS or UNIT_PTR.
  b_t_rates: VAR_TYPE = 'support_data' and no UNITS or UNIT_PTR.
  a_fto_rates: VAR_TYPE = 'support_data' and no UNITS or UNIT_PTR.
  b_fto_rates: VAR_TYPE = 'support_data' and no UNITS or UNIT_PTR.
  f_o_rate: VAR_TYPE = 'support_data' and no UNITS or UNIT_PTR.
  f_f_rate: VAR_TYPE = 'support_data' and no UNITS or UNIT_PTR.
  r_o_rate: VAR_TYPE = 'support_data' and no UNITS or UNIT_PTR.
  r_f_rate: VAR_TYPE = 'support_data' and no UNITS or UNIT_PTR.
  quality_flag: VAR_TYPE = 'support_data' and no UNITS or UNIT_PTR.
MVN_SWE_L2_ARC3D | ISTP.UNITS:
  binning: VAR_TYPE = 'data' and no UNITS or UNIT_PTR.
  g_engy: VAR_TYPE = 'support_data' and no UNITS or UNIT_PTR.
  g_elev: VAR_TYPE = 'support_data' and no UNITS or UNIT_PTR.
  dindex: VAR_TYPE = 'support_data' and no UNITS or UNIT_PTR.
  g_azim: VAR_TYPE = 'support_data' and no UNITS or UNIT_PTR.
  quality: VAR_TYPE = 'support_data' and no UNITS or UNIT_PTR.
  num_dists: VAR_TYPE = 'support_data' and no UNITS or UNIT_PTR.
MVN_SWE_L2_ARCPAD | ISTP.UNITS:
  counts: VAR_TYPE = 'data' and no UNITS or UNIT_PTR.
  counts_movie: VAR_TYPE = 'data' and no UNITS or UNIT_PTR.
  g_engy: VAR_TYPE = 'support_data' and no UNITS or UNIT_PTR.
  g_pa: VAR_TYPE = 'support_data' and no UNITS or UNIT_PTR.
  pindex: VAR_TYPE = 'support_data' and no UNITS or UNIT_PTR.
  pindex_alt: VAR_TYPE = 'support_data' and no UNITS or UNIT_PTR.
  binning: VAR_TYPE = 'data' and no UNITS or UNIT_PTR.
  num_dists: VAR_TYPE = 'support_data' and no UNITS or UNIT_PTR.
  quality: VAR_TYPE = 'support_data' and no UNITS or UNIT_PTR.
MVN_SWE_L2_SVY3D | ISTP.UNITS:
  binning: VAR_TYPE = 'data' and no UNITS or UNIT_PTR.
  g_engy: VAR_TYPE = 'support_data' and no UNITS or UNIT_PTR.
  g_elev: VAR_TYPE = 'support_data' and no UNITS or UNIT_PTR.
  dindex: VAR_TYPE = 'support_data' and no UNITS or UNIT_PTR.
  g_azim: VAR_TYPE = 'support_data' and no UNITS or UNIT_PTR.
  quality: VAR_TYPE = 'support_data' and no UNITS or UNIT_PTR.
  num_dists: VAR_TYPE = 'support_data' and no UNITS or UNIT_PTR.
MVN_SWE_L2_SVYPAD | ISTP.UNITS:
  counts: VAR_TYPE = 'data' and no UNITS or UNIT_PTR.
  counts_movie: VAR_TYPE = 'data' and no UNITS or UNIT_PTR.
  g_engy: VAR_TYPE = 'support_data' and no UNITS or UNIT_PTR.
  g_pa: VAR_TYPE = 'support_data' and no UNITS or UNIT_PTR.
  pindex: VAR_TYPE = 'support_data' and no UNITS or UNIT_PTR.
  pindex_alt: VAR_TYPE = 'support_data' and no UNITS or UNIT_PTR.
  quality: VAR_TYPE = 'support_data' and no UNITS or UNIT_PTR.
  binning: VAR_TYPE = 'data' and no UNITS or UNIT_PTR.
  num_dists: VAR_TYPE = 'support_data' and no UNITS or UNIT_PTR.
MVN_SWE_L2_SVYSPEC | ISTP.UNITS:
  num_accum: VAR_TYPE = 'support_data' and no UNITS or UNIT_PTR.
  weight_factor: VAR_TYPE = 'support_data' and no UNITS or UNIT_PTR.
  g_engy: VAR_TYPE = 'support_data' and no UNITS or UNIT_PTR.
  quality: VAR_TYPE = 'support_data' and no UNITS or UNIT_PTR.
  num_spec: VAR_TYPE = 'support_data' and no UNITS or UNIT_PTR.
MVN_SWI_L2_COARSEARC3D | ISTP.UNITS:
  atten_state: VAR_TYPE = 'support_data' and no UNITS or UNIT_PTR.
  grouping: VAR_TYPE = 'support_data' and no UNITS or UNIT_PTR.
  num_accum: VAR_TYPE = 'support_data' and no UNITS or UNIT_PTR.
  g_theta_coarse: VAR_TYPE = 'support_data' and no UNITS or UNIT_PTR.
  g_theta_atten_coarse: VAR_TYPE = 'support_data' and no UNITS or UNIT_PTR.
  g_phi_coarse: VAR_TYPE = 'support_data' and no UNITS or UNIT_PTR.
  g_phi_atten_coarse: VAR_TYPE = 'support_data' and no UNITS or UNIT_PTR.
  dindex: VAR_TYPE = 'support_data' and no UNITS or UNIT_PTR.
  num_dists: VAR_TYPE = 'support_data' and no UNITS or UNIT_PTR.
MVN_SWI_L2_COARSESVY3D | ISTP.UNITS:
  atten_state: VAR_TYPE = 'support_data' and no UNITS or UNIT_PTR.
  grouping: VAR_TYPE = 'support_data' and no UNITS or UNIT_PTR.
  num_accum: VAR_TYPE = 'support_data' and no UNITS or UNIT_PTR.
  g_theta_coarse: VAR_TYPE = 'support_data' and no UNITS or UNIT_PTR.
  g_theta_atten_coarse: VAR_TYPE = 'support_data' and no UNITS or UNIT_PTR.
  g_phi_coarse: VAR_TYPE = 'support_data' and no UNITS or UNIT_PTR.
  g_phi_atten_coarse: VAR_TYPE = 'support_data' and no UNITS or UNIT_PTR.
  dindex: VAR_TYPE = 'support_data' and no UNITS or UNIT_PTR.
  num_dists: VAR_TYPE = 'support_data' and no UNITS or UNIT_PTR.
MVN_SWI_L2_FINEARC3D | ISTP.UNITS:
  atten_state: VAR_TYPE = 'data' and no UNITS or UNIT_PTR.
  grouping: VAR_TYPE = 'support_data' and no UNITS or UNIT_PTR.
  estep_first: VAR_TYPE = 'data' and no UNITS or UNIT_PTR.
  dstep_first: VAR_TYPE = 'data' and no UNITS or UNIT_PTR.
  g_theta_fine: VAR_TYPE = 'support_data' and no UNITS or UNIT_PTR.
  g_theta_atten_fine: VAR_TYPE = 'support_data' and no UNITS or UNIT_PTR.
  g_phi_fine: VAR_TYPE = 'support_data' and no UNITS or UNIT_PTR.
  g_phi_atten_fine: VAR_TYPE = 'support_data' and no UNITS or UNIT_PTR.
  eindex: VAR_TYPE = 'data' and no UNITS or UNIT_PTR.
  dindex: VAR_TYPE = 'data' and no UNITS or UNIT_PTR.
  num_dists: VAR_TYPE = 'support_data' and no UNITS or UNIT_PTR.
MVN_SWI_L2_FINESVY3D | ISTP.UNITS:
  atten_state: VAR_TYPE = 'support_data' and no UNITS or UNIT_PTR.
  grouping: VAR_TYPE = 'support_data' and no UNITS or UNIT_PTR.
  estep_first: VAR_TYPE = 'support_data' and no UNITS or UNIT_PTR.
  dstep_first: VAR_TYPE = 'support_data' and no UNITS or UNIT_PTR.
  g_theta_fine: VAR_TYPE = 'support_data' and no UNITS or UNIT_PTR.
  g_theta_atten_fine: VAR_TYPE = 'support_data' and no UNITS or UNIT_PTR.
  g_phi_fine: VAR_TYPE = 'support_data' and no UNITS or UNIT_PTR.
  g_phi_atten_fine: VAR_TYPE = 'support_data' and no UNITS or UNIT_PTR.
  eindex: VAR_TYPE = 'support_data' and no UNITS or UNIT_PTR.
  dindex: VAR_TYPE = 'support_data' and no UNITS or UNIT_PTR.
  num_dists: VAR_TYPE = 'support_data' and no UNITS or UNIT_PTR.
MVN_SWI_L2_ONBOARDSVYMOM | ISTP.UNITS:
  atten_state: VAR_TYPE = 'data' and no UNITS or UNIT_PTR.
  telem_mode: VAR_TYPE = 'data' and no UNITS or UNIT_PTR.
  quality_flag: VAR_TYPE = 'data' and no UNITS or UNIT_PTR.
  decom_flag: VAR_TYPE = 'data' and no UNITS or UNIT_PTR.
  pindex: VAR_TYPE = 'support_data' and no UNITS or UNIT_PTR.
  vindex: VAR_TYPE = 'support_data' and no UNITS or UNIT_PTR.
  tindex: VAR_TYPE = 'support_data' and no UNITS or UNIT_PTR.
  num_mom: VAR_TYPE = 'support_data' and no UNITS or UNIT_PTR.
MVN_SWI_L2_ONBOARDSVYSPEC | ISTP.UNITS:
  spectra_counts: VAR_TYPE = 'data' and no UNITS or UNIT_PTR.
  spectra_counts_time: VAR_TYPE = 'data' and no UNITS or UNIT_PTR.
  atten_state: VAR_TYPE = 'data' and no UNITS or UNIT_PTR.
  num_accum: VAR_TYPE = 'data' and no UNITS or UNIT_PTR.
  decom_flag: VAR_TYPE = 'data' and no UNITS or UNIT_PTR.
  num_spec: VAR_TYPE = 'support_data' and no UNITS or UNIT_PTR.
NEW_HORIZONS_SWAP_PICKUP-IONS | ISTP.UNITS:
  START_TIME: VAR_TYPE = 'data' and no UNITS or UNIT_PTR.
  STOP_TIME: VAR_TYPE = 'data' and no UNITS or UNIT_PTR.
NEW_HORIZONS_SWAP_SOLAR-WIND | ISTP.UNITS:
  st_utc: VAR_TYPE = 'data' and no UNITS or UNIT_PTR.
  sp_utc: VAR_TYPE = 'data' and no UNITS or UNIT_PTR.
NOAA05_MEPED1MIN_SEM | ISTP.UNITS:
  Time_PB5: VAR_TYPE = 'support_data' and no UNITS or UNIT_PTR.
NOAA06_MEPED1MIN_SEM | ISTP.UNITS:
  Time_PB5: VAR_TYPE = 'support_data' and no UNITS or UNIT_PTR.
NOAA07_MEPED1MIN_SEM | ISTP.UNITS:
  Time_PB5: VAR_TYPE = 'support_data' and no UNITS or UNIT_PTR.
NOAA08_MEPED1MIN_SEM | ISTP.UNITS:
  Time_PB5: VAR_TYPE = 'support_data' and no UNITS or UNIT_PTR.
NOAA10_MEPED1MIN_SEM | ISTP.UNITS:
  Time_PB5: VAR_TYPE = 'support_data' and no UNITS or UNIT_PTR.
NOAA12_MEPED1MIN_SEM | ISTP.UNITS:
  Time_PB5: VAR_TYPE = 'support_data' and no UNITS or UNIT_PTR.
NOAA14_MEPED1MIN_SEM | ISTP.UNITS:
  Time_PB5: VAR_TYPE = 'support_data' and no UNITS or UNIT_PTR.
NOAA15_POES-SEM2_FLUXES-2SEC | ISTP.UNITS:
  ted_telescopes: VAR_TYPE = 'support_data' and no UNITS or UNIT_PTR.
  mep_telescopes: VAR_TYPE = 'support_data' and no UNITS or UNIT_PTR.
  l_igrf: VAR_TYPE = 'data' and no UNITS or UNIT_PTR.
  l_igrf_text: VAR_TYPE = 'data' and no UNITS or UNIT_PTR.
NOAA16_POES-SEM2_FLUXES-2SEC | ISTP.UNITS:
  ted_telescopes: VAR_TYPE = 'support_data' and no UNITS or UNIT_PTR.
  mep_telescopes: VAR_TYPE = 'support_data' and no UNITS or UNIT_PTR.
  l_igrf: VAR_TYPE = 'data' and no UNITS or UNIT_PTR.
  l_igrf_text: VAR_TYPE = 'data' and no UNITS or UNIT_PTR.
NOAA18_POES-SEM2_FLUXES-2SEC | ISTP.UNITS:
  ted_telescopes: VAR_TYPE = 'support_data' and no UNITS or UNIT_PTR.
  mep_telescopes: VAR_TYPE = 'support_data' and no UNITS or UNIT_PTR.
  l_igrf: VAR_TYPE = 'data' and no UNITS or UNIT_PTR.
  l_igrf_text: VAR_TYPE = 'data' and no UNITS or UNIT_PTR.
NOAA19_POES-SEM2_FLUXES-2SEC | ISTP.UNITS:
  ted_telescopes: VAR_TYPE = 'support_data' and no UNITS or UNIT_PTR.
  mep_telescopes: VAR_TYPE = 'support_data' and no UNITS or UNIT_PTR.
  l_igrf: VAR_TYPE = 'data' and no UNITS or UNIT_PTR.
  l_igrf_text: VAR_TYPE = 'data' and no UNITS or UNIT_PTR.
OMNI2_H0_MRG1HR | ISTP.UNITS:
  YR: VAR_TYPE = 'support_data' and no UNITS or UNIT_PTR.
  Day: VAR_TYPE = 'support_data' and no UNITS or UNIT_PTR.
  HR: VAR_TYPE = 'support_data' and no UNITS or UNIT_PTR.
  IMF1800: VAR_TYPE = 'data' and no UNITS or UNIT_PTR.
  PLS1800: VAR_TYPE = 'data' and no UNITS or UNIT_PTR.
  IMF_PTS1800: VAR_TYPE = 'data' and no UNITS or UNIT_PTR.
  PLS_PTS1800: VAR_TYPE = 'data' and no UNITS or UNIT_PTR.
  Ratio1800: VAR_TYPE = 'data' and no UNITS or UNIT_PTR.
  SIGMA-ratio1800: VAR_TYPE = 'data' and no UNITS or UNIT_PTR.
  Beta1800: VAR_TYPE = 'data' and no UNITS or UNIT_PTR.
  Mach_num1800: VAR_TYPE = 'data' and no UNITS or UNIT_PTR.
  Mgs_mach_num1800: VAR_TYPE = 'data' and no UNITS or UNIT_PTR.
  R1800: VAR_TYPE = 'data' and no UNITS or UNIT_PTR.
  KP1800: VAR_TYPE = 'data' and no UNITS or UNIT_PTR.
OMNI_HRO2_1MIN | ISTP.UNITS:
  YR: VAR_TYPE = 'support_data' and no UNITS or UNIT_PTR.
  Day: VAR_TYPE = 'support_data' and no UNITS or UNIT_PTR.
  HR: VAR_TYPE = 'support_data' and no UNITS or UNIT_PTR.
  Minute: VAR_TYPE = 'support_data' and no UNITS or UNIT_PTR.
  IMF: VAR_TYPE = 'data' and no UNITS or UNIT_PTR.
  PLS: VAR_TYPE = 'data' and no UNITS or UNIT_PTR.
  IMF_PTS: VAR_TYPE = 'data' and no UNITS or UNIT_PTR.
  PLS_PTS: VAR_TYPE = 'data' and no UNITS or UNIT_PTR.
  percent_interp: VAR_TYPE = 'data' and no UNITS or UNIT_PTR.
  Beta: VAR_TYPE = 'data' and no UNITS or UNIT_PTR.
  Mach_num: VAR_TYPE = 'data' and no UNITS or UNIT_PTR.
  Mgs_mach_num: VAR_TYPE = 'data' and no UNITS or UNIT_PTR.
OMNI_HRO2_5MIN | ISTP.UNITS:
  YR: VAR_TYPE = 'support_data' and no UNITS or UNIT_PTR.
  Day: VAR_TYPE = 'support_data' and no UNITS or UNIT_PTR.
  HR: VAR_TYPE = 'support_data' and no UNITS or UNIT_PTR.
  Minute: VAR_TYPE = 'support_data' and no UNITS or UNIT_PTR.
  IMF: VAR_TYPE = 'data' and no UNITS or UNIT_PTR.
  PLS: VAR_TYPE = 'data' and no UNITS or UNIT_PTR.
  IMF_PTS: VAR_TYPE = 'data' and no UNITS or UNIT_PTR.
  PLS_PTS: VAR_TYPE = 'data' and no UNITS or UNIT_PTR.
  percent_interp: VAR_TYPE = 'data' and no UNITS or UNIT_PTR.
  Beta: VAR_TYPE = 'data' and no UNITS or UNIT_PTR.
  Mach_num: VAR_TYPE = 'data' and no UNITS or UNIT_PTR.
  Mgs_mach_num: VAR_TYPE = 'data' and no UNITS or UNIT_PTR.
OMNI_HRO_1MIN | ISTP.UNITS:
  YR: VAR_TYPE = 'support_data' and no UNITS or UNIT_PTR.
  Day: VAR_TYPE = 'support_data' and no UNITS or UNIT_PTR.
  HR: VAR_TYPE = 'support_data' and no UNITS or UNIT_PTR.
  Minute: VAR_TYPE = 'support_data' and no UNITS or UNIT_PTR.
  IMF: VAR_TYPE = 'data' and no UNITS or UNIT_PTR.
  PLS: VAR_TYPE = 'data' and no UNITS or UNIT_PTR.
  IMF_PTS: VAR_TYPE = 'data' and no UNITS or UNIT_PTR.
  PLS_PTS: VAR_TYPE = 'data' and no UNITS or UNIT_PTR.
  percent_interp: VAR_TYPE = 'data' and no UNITS or UNIT_PTR.
  Beta: VAR_TYPE = 'data' and no UNITS or UNIT_PTR.
  Mach_num: VAR_TYPE = 'data' and no UNITS or UNIT_PTR.
  Mgs_mach_num: VAR_TYPE = 'data' and no UNITS or UNIT_PTR.
OMNI_HRO_5MIN | ISTP.UNITS:
  YR: VAR_TYPE = 'support_data' and no UNITS or UNIT_PTR.
  Day: VAR_TYPE = 'support_data' and no UNITS or UNIT_PTR.
  HR: VAR_TYPE = 'support_data' and no UNITS or UNIT_PTR.
  Minute: VAR_TYPE = 'support_data' and no UNITS or UNIT_PTR.
  IMF: VAR_TYPE = 'data' and no UNITS or UNIT_PTR.
  PLS: VAR_TYPE = 'data' and no UNITS or UNIT_PTR.
  IMF_PTS: VAR_TYPE = 'data' and no UNITS or UNIT_PTR.
  PLS_PTS: VAR_TYPE = 'data' and no UNITS or UNIT_PTR.
  percent_interp: VAR_TYPE = 'data' and no UNITS or UNIT_PTR.
  Beta: VAR_TYPE = 'data' and no UNITS or UNIT_PTR.
  Mach_num: VAR_TYPE = 'data' and no UNITS or UNIT_PTR.
  Mgs_mach_num: VAR_TYPE = 'data' and no UNITS or UNIT_PTR.
PIONEER10_COHO1HR_MERGED_MAG_PLASMA | ISTP.UNITS:
  Epoch: VAR_TYPE = 'support_data' and no UNITS or UNIT_PTR.
PIONEER11_COHO1HR_MERGED_MAG_PLASMA | ISTP.UNITS:
  Epoch: VAR_TYPE = 'support_data' and no UNITS or UNIT_PTR.
PIONEERVENUS_COHO1HR_MERGED_MAG_PLASMA | ISTP.UNITS:
  Epoch: VAR_TYPE = 'support_data' and no UNITS or UNIT_PTR.
PIONEERVENUS_MERGED_SOLAR-WIND_10M | ISTP.UNITS:
  Epoch: VAR_TYPE = 'support_data' and no UNITS or UNIT_PTR.
PO_H0_PWI | ISTP.UNITS:
  Time_PB5: VAR_TYPE = 'support_data' and no UNITS or UNIT_PTR.
PO_H2_TIM | ISTP.UNITS:
  MagField_DEPEND_1: VAR_TYPE = 'support_data' and no UNITS or UNIT_PTR.
PO_H9_PWI | ISTP.UNITS:
  Delta_T: VAR_TYPE = 'data' and no UNITS or UNIT_PTR.
  Translation: VAR_TYPE = 'data' and no UNITS or UNIT_PTR.
PO_K0_VIS | ISTP.UNITS:
  header_block#: VAR_TYPE = 'support_data' and no UNITS or UNIT_PTR.
  hdr_fieldname: VAR_TYPE = 'support_data' and no UNITS or UNIT_PTR.
PO_K1_VIS | ISTP.UNITS:
  header_image#: VAR_TYPE = 'support_data' and no UNITS or UNIT_PTR.
  header_block#: VAR_TYPE = 'support_data' and no UNITS or UNIT_PTR.
  hdr_fieldname: VAR_TYPE = 'support_data' and no UNITS or UNIT_PTR.
PO_LEVEL1_UVI | ISTP.UNITS:
  GAIN       : VAR_TYPE = 'data' and no UNITS or UNIT_PTR.
  OBSEQNUM   : VAR_TYPE = 'data' and no UNITS or UNIT_PTR.
  SEQSTEP    : VAR_TYPE = 'support_data' and no UNITS or UNIT_PTR.
  RECORD     : VAR_TYPE = 'support_data' and no UNITS or UNIT_PTR.
  LOOP       : VAR_TYPE = 'support_data' and no UNITS or UNIT_PTR.
  IMGNUM     : VAR_TYPE = 'support_data' and no UNITS or UNIT_PTR.
  TBLNUM     : VAR_TYPE = 'support_data' and no UNITS or UNIT_PTR.
  NFRM       : VAR_TYPE = 'support_data' and no UNITS or UNIT_PTR.
  NSPIN      : VAR_TYPE = 'support_data' and no UNITS or UNIT_PTR.
  NFRMSUM    : VAR_TYPE = 'support_data' and no UNITS or UNIT_PTR.
  NIMAGE     : VAR_TYPE = 'support_data' and no UNITS or UNIT_PTR.
  NROWS      : VAR_TYPE = 'support_data' and no UNITS or UNIT_PTR.
  STARTROW   : VAR_TYPE = 'support_data' and no UNITS or UNIT_PTR.
  RESOLUTION : VAR_TYPE = 'support_data' and no UNITS or UNIT_PTR.
  PAD        : VAR_TYPE = 'support_data' and no UNITS or UNIT_PTR.
  PAD1       : VAR_TYPE = 'support_data' and no UNITS or UNIT_PTR.
PO_VIS_EARTH-CAMERA-CALIBRATED | ISTP.UNITS:
  header_block: VAR_TYPE = 'support_data' and no UNITS or UNIT_PTR.
  hdr_fieldname: VAR_TYPE = 'support_data' and no UNITS or UNIT_PTR.
PO_VIS_VISIBLE-IMAGER-CALIBRATED | ISTP.UNITS:
  header_block: VAR_TYPE = 'support_data' and no UNITS or UNIT_PTR.
  hdr_fieldname: VAR_TYPE = 'support_data' and no UNITS or UNIT_PTR.
PSP_SWP_SPA_SF0_L2_16AX8DX32E | ISTP.UNITS:
  QUALITY_FLAG: VAR_TYPE = 'support_data' and no UNITS or UNIT_PTR.
PSP_SWP_SPA_SF1_L2_32E | ISTP.UNITS:
  QUALITY_FLAG: VAR_TYPE = 'support_data' and no UNITS or UNIT_PTR.
PSP_SWP_SPC_L3I | ISTP.UNITS:
  array32_index: VAR_TYPE = 'support_data' and no UNITS or UNIT_PTR.
RBSP-A-RBSPICE_LEV-2_ESRHELT | ISTP.UNITS:
  UTC: VAR_TYPE = 'support_data' and no UNITS or UNIT_PTR.
  SCLOCK_Full: VAR_TYPE = 'support_data' and no UNITS or UNIT_PTR.
  Telescope: VAR_TYPE = 'support_data' and no UNITS or UNIT_PTR.
  Channel: VAR_TYPE = 'support_data' and no UNITS or UNIT_PTR.
  FEDU_Error: VAR_TYPE = 'data' and no UNITS or UNIT_PTR.
  FEDU_Crosscalib_RMSE: VAR_TYPE = 'support_data' and no UNITS or UNIT_PTR.
  Sector: VAR_TYPE = 'data' and no UNITS or UNIT_PTR.
  Spin: VAR_TYPE = 'data' and no UNITS or UNIT_PTR.
  OrbitNumber: VAR_TYPE = 'data' and no UNITS or UNIT_PTR.
  OrbitNumber_TT: VAR_TYPE = 'data' and no UNITS or UNIT_PTR.
RBSP-A-RBSPICE_LEV-2_ESRLEHT | ISTP.UNITS:
  UTC: VAR_TYPE = 'support_data' and no UNITS or UNIT_PTR.
  SCLOCK_Full: VAR_TYPE = 'support_data' and no UNITS or UNIT_PTR.
  Telescope: VAR_TYPE = 'support_data' and no UNITS or UNIT_PTR.
  Channel: VAR_TYPE = 'support_data' and no UNITS or UNIT_PTR.
  FEDU_Error: VAR_TYPE = 'data' and no UNITS or UNIT_PTR.
  FEDU_Crosscalib_RMSE: VAR_TYPE = 'support_data' and no UNITS or UNIT_PTR.
  Sector: VAR_TYPE = 'data' and no UNITS or UNIT_PTR.
  Spin: VAR_TYPE = 'data' and no UNITS or UNIT_PTR.
  OrbitNumber: VAR_TYPE = 'data' and no UNITS or UNIT_PTR.
  OrbitNumber_TT: VAR_TYPE = 'data' and no UNITS or UNIT_PTR.
RBSP-A-RBSPICE_LEV-2_ISRHELT | ISTP.UNITS:
  UTC: VAR_TYPE = 'support_data' and no UNITS or UNIT_PTR.
  SCLOCK_Full: VAR_TYPE = 'support_data' and no UNITS or UNIT_PTR.
  Telescope: VAR_TYPE = 'support_data' and no UNITS or UNIT_PTR.
  Channel: VAR_TYPE = 'support_data' and no UNITS or UNIT_PTR.
  FIDU_Error: VAR_TYPE = 'data' and no UNITS or UNIT_PTR.
  FIDU_Crosscalib_RMSE: VAR_TYPE = 'support_data' and no UNITS or UNIT_PTR.
  Sector: VAR_TYPE = 'data' and no UNITS or UNIT_PTR.
  Spin: VAR_TYPE = 'data' and no UNITS or UNIT_PTR.
  OrbitNumber: VAR_TYPE = 'data' and no UNITS or UNIT_PTR.
  OrbitNumber_TT: VAR_TYPE = 'data' and no UNITS or UNIT_PTR.
RBSP-A-RBSPICE_LEV-2_TOFXEH | ISTP.UNITS:
  Telescope: VAR_TYPE = 'support_data' and no UNITS or UNIT_PTR.
  Channel: VAR_TYPE = 'support_data' and no UNITS or UNIT_PTR.
  FPDU_Error: VAR_TYPE = 'data' and no UNITS or UNIT_PTR.
  FPDU_Crosscalib_RMSE: VAR_TYPE = 'support_data' and no UNITS or UNIT_PTR.
  Sector: VAR_TYPE = 'data' and no UNITS or UNIT_PTR.
  Spin: VAR_TYPE = 'data' and no UNITS or UNIT_PTR.
  OrbitNumber: VAR_TYPE = 'data' and no UNITS or UNIT_PTR.
  OrbitNumber_TT: VAR_TYPE = 'data' and no UNITS or UNIT_PTR.
RBSP-A-RBSPICE_LEV-2_TOFXEION | ISTP.UNITS:
  UTC: VAR_TYPE = 'support_data' and no UNITS or UNIT_PTR.
  SCLOCK_Full: VAR_TYPE = 'support_data' and no UNITS or UNIT_PTR.
  Telescope: VAR_TYPE = 'support_data' and no UNITS or UNIT_PTR.
  Channel: VAR_TYPE = 'support_data' and no UNITS or UNIT_PTR.
  FIDU_Error: VAR_TYPE = 'data' and no UNITS or UNIT_PTR.
  FIDU_Crosscalib_RMSE: VAR_TYPE = 'support_data' and no UNITS or UNIT_PTR.
  Sector: VAR_TYPE = 'data' and no UNITS or UNIT_PTR.
  Spin: VAR_TYPE = 'data' and no UNITS or UNIT_PTR.
  OrbitNumber: VAR_TYPE = 'data' and no UNITS or UNIT_PTR.
  OrbitNumber_TT: VAR_TYPE = 'data' and no UNITS or UNIT_PTR.
RBSP-A-RBSPICE_LEV-2_TOFXENONH | ISTP.UNITS:
  UTC: VAR_TYPE = 'support_data' and no UNITS or UNIT_PTR.
  SCLOCK_Full: VAR_TYPE = 'support_data' and no UNITS or UNIT_PTR.
  Telescope: VAR_TYPE = 'support_data' and no UNITS or UNIT_PTR.
  Channel: VAR_TYPE = 'support_data' and no UNITS or UNIT_PTR.
  FHeDU_Error: VAR_TYPE = 'data' and no UNITS or UNIT_PTR.
  FHeDU_Crosscalib_RMSE: VAR_TYPE = 'support_data' and no UNITS or UNIT_PTR.
  Sector: VAR_TYPE = 'data' and no UNITS or UNIT_PTR.
  Spin: VAR_TYPE = 'data' and no UNITS or UNIT_PTR.
  FODU_Error: VAR_TYPE = 'data' and no UNITS or UNIT_PTR.
  FODU_Crosscalib_RMSE: VAR_TYPE = 'support_data' and no UNITS or UNIT_PTR.
  OrbitNumber: VAR_TYPE = 'data' and no UNITS or UNIT_PTR.
  OrbitNumber_TT: VAR_TYPE = 'data' and no UNITS or UNIT_PTR.
RBSP-A-RBSPICE_LEV-2_TOFXPHHHELT | ISTP.UNITS:
  Telescope: VAR_TYPE = 'support_data' and no UNITS or UNIT_PTR.
  Channel: VAR_TYPE = 'support_data' and no UNITS or UNIT_PTR.
  FPDU_Error: VAR_TYPE = 'data' and no UNITS or UNIT_PTR.
  FPDU_Crosscalib_RMSE: VAR_TYPE = 'support_data' and no UNITS or UNIT_PTR.
  Sector: VAR_TYPE = 'data' and no UNITS or UNIT_PTR.
  Spin: VAR_TYPE = 'data' and no UNITS or UNIT_PTR.
  FODU_Error: VAR_TYPE = 'data' and no UNITS or UNIT_PTR.
  FODU_Crosscalib_RMSE: VAR_TYPE = 'support_data' and no UNITS or UNIT_PTR.
  OrbitNumber: VAR_TYPE = 'data' and no UNITS or UNIT_PTR.
  OrbitNumber_TT: VAR_TYPE = 'data' and no UNITS or UNIT_PTR.
RBSP-A-RBSPICE_LEV-2_TOFXPHHLEHT | ISTP.UNITS:
  UTC: VAR_TYPE = 'support_data' and no UNITS or UNIT_PTR.
  SCLOCK_Full: VAR_TYPE = 'support_data' and no UNITS or UNIT_PTR.
  ET: VAR_TYPE = 'support_data' and no UNITS or UNIT_PTR.
  Telescope: VAR_TYPE = 'support_data' and no UNITS or UNIT_PTR.
  Channel: VAR_TYPE = 'support_data' and no UNITS or UNIT_PTR.
  FPDU_Error: VAR_TYPE = 'data' and no UNITS or UNIT_PTR.
  FPDU_Crosscalib_RMSE: VAR_TYPE = 'support_data' and no UNITS or UNIT_PTR.
  Sector: VAR_TYPE = 'data' and no UNITS or UNIT_PTR.
  Spin: VAR_TYPE = 'data' and no UNITS or UNIT_PTR.
  FODU_Error: VAR_TYPE = 'data' and no UNITS or UNIT_PTR.
  FODU_Crosscalib_RMSE: VAR_TYPE = 'support_data' and no UNITS or UNIT_PTR.
  OrbitNumber: VAR_TYPE = 'data' and no UNITS or UNIT_PTR.
  OrbitNumber_TT: VAR_TYPE = 'data' and no UNITS or UNIT_PTR.
  FODU_Energy: VAR_TYPE = 'support_data' and no UNITS or UNIT_PTR.
  FODU_EnergyRange: VAR_TYPE = 'support_data' and no UNITS or UNIT_PTR.
RBSP-A-RBSPICE_LEV-3-PAP_ESRHELT | ISTP.UNITS:
  Spin: VAR_TYPE = 'support_data' and no UNITS or UNIT_PTR.
  FEDU_Weight: VAR_TYPE = 'support_data' and no UNITS or UNIT_PTR.
  PA_Range: VAR_TYPE = 'support_data' and no UNITS or UNIT_PTR.
  OrbitNumber: VAR_TYPE = 'data' and no UNITS or UNIT_PTR.
  OrbitNumber_TT: VAR_TYPE = 'data' and no UNITS or UNIT_PTR.
RBSP-A-RBSPICE_LEV-3-PAP_ESRLEHT | ISTP.UNITS:
  Spin: VAR_TYPE = 'support_data' and no UNITS or UNIT_PTR.
  FEDU_Weight: VAR_TYPE = 'support_data' and no UNITS or UNIT_PTR.
  PA_Range: VAR_TYPE = 'support_data' and no UNITS or UNIT_PTR.
  OrbitNumber: VAR_TYPE = 'data' and no UNITS or UNIT_PTR.
  OrbitNumber_TT: VAR_TYPE = 'data' and no UNITS or UNIT_PTR.
RBSP-A-RBSPICE_LEV-3-PAP_TOFXEH | ISTP.UNITS:
  Spin: VAR_TYPE = 'support_data' and no UNITS or UNIT_PTR.
  FPDU_Weight: VAR_TYPE = 'support_data' and no UNITS or UNIT_PTR.
  PA_Range: VAR_TYPE = 'support_data' and no UNITS or UNIT_PTR.
  OrbitNumber: VAR_TYPE = 'data' and no UNITS or UNIT_PTR.
  OrbitNumber_TT: VAR_TYPE = 'data' and no UNITS or UNIT_PTR.
RBSP-A-RBSPICE_LEV-3-PAP_TOFXEHE | ISTP.UNITS:
  Spin: VAR_TYPE = 'support_data' and no UNITS or UNIT_PTR.
  FHeDU_Weight: VAR_TYPE = 'support_data' and no UNITS or UNIT_PTR.
  PA_Range: VAR_TYPE = 'support_data' and no UNITS or UNIT_PTR.
  OrbitNumber: VAR_TYPE = 'data' and no UNITS or UNIT_PTR.
  OrbitNumber_TT: VAR_TYPE = 'data' and no UNITS or UNIT_PTR.
RBSP-A-RBSPICE_LEV-3-PAP_TOFXEHE-0 | ISTP.UNITS:
  Spin: VAR_TYPE = 'support_data' and no UNITS or UNIT_PTR.
  FHeDU_Weight: VAR_TYPE = 'support_data' and no UNITS or UNIT_PTR.
  PA_Range: VAR_TYPE = 'support_data' and no UNITS or UNIT_PTR.
  OrbitNumber: VAR_TYPE = 'data' and no UNITS or UNIT_PTR.
  OrbitNumber_TT: VAR_TYPE = 'data' and no UNITS or UNIT_PTR.
RBSP-A-RBSPICE_LEV-3-PAP_TOFXEION | ISTP.UNITS:
  Spin: VAR_TYPE = 'support_data' and no UNITS or UNIT_PTR.
  FIDU_Weight: VAR_TYPE = 'support_data' and no UNITS or UNIT_PTR.
  PA_Range: VAR_TYPE = 'support_data' and no UNITS or UNIT_PTR.
  OrbitNumber: VAR_TYPE = 'data' and no UNITS or UNIT_PTR.
  OrbitNumber_TT: VAR_TYPE = 'data' and no UNITS or UNIT_PTR.
RBSP-A-RBSPICE_LEV-3-PAP_TOFXEO | ISTP.UNITS:
  Spin: VAR_TYPE = 'support_data' and no UNITS or UNIT_PTR.
  FODU_Weight: VAR_TYPE = 'support_data' and no UNITS or UNIT_PTR.
  PA_Range: VAR_TYPE = 'support_data' and no UNITS or UNIT_PTR.
  OrbitNumber: VAR_TYPE = 'data' and no UNITS or UNIT_PTR.
  OrbitNumber_TT: VAR_TYPE = 'data' and no UNITS or UNIT_PTR.
RBSP-A-RBSPICE_LEV-3-PAP_TOFXEO-0 | ISTP.UNITS:
  Spin: VAR_TYPE = 'support_data' and no UNITS or UNIT_PTR.
  FODU_Weight: VAR_TYPE = 'support_data' and no UNITS or UNIT_PTR.
  PA_Range: VAR_TYPE = 'support_data' and no UNITS or UNIT_PTR.
  OrbitNumber: VAR_TYPE = 'data' and no UNITS or UNIT_PTR.
  OrbitNumber_TT: VAR_TYPE = 'data' and no UNITS or UNIT_PTR.
RBSP-A-RBSPICE_LEV-3-PAP_TOFXPHHHELT | ISTP.UNITS:
  Spin: VAR_TYPE = 'support_data' and no UNITS or UNIT_PTR.
  FPDU_Weight: VAR_TYPE = 'support_data' and no UNITS or UNIT_PTR.
  PA_Range: VAR_TYPE = 'support_data' and no UNITS or UNIT_PTR.
  OrbitNumber: VAR_TYPE = 'data' and no UNITS or UNIT_PTR.
  OrbitNumber_TT: VAR_TYPE = 'data' and no UNITS or UNIT_PTR.
RBSP-A-RBSPICE_LEV-3-PAP_TOFXPHHLEHT | ISTP.UNITS:
  Spin: VAR_TYPE = 'support_data' and no UNITS or UNIT_PTR.
  FPDU_Weight: VAR_TYPE = 'support_data' and no UNITS or UNIT_PTR.
  PA_Range: VAR_TYPE = 'support_data' and no UNITS or UNIT_PTR.
  OrbitNumber: VAR_TYPE = 'data' and no UNITS or UNIT_PTR.
  OrbitNumber_TT: VAR_TYPE = 'data' and no UNITS or UNIT_PTR.
RBSP-A-RBSPICE_LEV-3-PAP_TOFXPHOHELT | ISTP.UNITS:
  Spin: VAR_TYPE = 'support_data' and no UNITS or UNIT_PTR.
  FODU_Weight: VAR_TYPE = 'support_data' and no UNITS or UNIT_PTR.
  PA_Range: VAR_TYPE = 'support_data' and no UNITS or UNIT_PTR.
  OrbitNumber: VAR_TYPE = 'data' and no UNITS or UNIT_PTR.
  OrbitNumber_TT: VAR_TYPE = 'data' and no UNITS or UNIT_PTR.
RBSP-A-RBSPICE_LEV-3-PAP_TOFXPHOLEHT | ISTP.UNITS:
  Spin: VAR_TYPE = 'support_data' and no UNITS or UNIT_PTR.
  FODU_Weight: VAR_TYPE = 'support_data' and no UNITS or UNIT_PTR.
  PA_Range: VAR_TYPE = 'support_data' and no UNITS or UNIT_PTR.
  OrbitNumber: VAR_TYPE = 'data' and no UNITS or UNIT_PTR.
  OrbitNumber_TT: VAR_TYPE = 'data' and no UNITS or UNIT_PTR.
RBSP-A-RBSPICE_LEV-3_ESRHELT | ISTP.UNITS:
  UTC: VAR_TYPE = 'support_data' and no UNITS or UNIT_PTR.
  SCLOCK_Full: VAR_TYPE = 'support_data' and no UNITS or UNIT_PTR.
  Telescope: VAR_TYPE = 'support_data' and no UNITS or UNIT_PTR.
  Channel: VAR_TYPE = 'support_data' and no UNITS or UNIT_PTR.
  FEDU_Error: VAR_TYPE = 'data' and no UNITS or UNIT_PTR.
  FEDU_Crosscalib_RMSE: VAR_TYPE = 'support_data' and no UNITS or UNIT_PTR.
  Sector: VAR_TYPE = 'data' and no UNITS or UNIT_PTR.
  Spin: VAR_TYPE = 'data' and no UNITS or UNIT_PTR.
  OrbitNumber: VAR_TYPE = 'data' and no UNITS or UNIT_PTR.
  MinMax: VAR_TYPE = 'support_data' and no UNITS or UNIT_PTR.
  OrbitNumber_TT: VAR_TYPE = 'data' and no UNITS or UNIT_PTR.
RBSP-A-RBSPICE_LEV-3_ESRLEHT | ISTP.UNITS:
  UTC: VAR_TYPE = 'support_data' and no UNITS or UNIT_PTR.
  SCLOCK_Full: VAR_TYPE = 'support_data' and no UNITS or UNIT_PTR.
  Telescope: VAR_TYPE = 'support_data' and no UNITS or UNIT_PTR.
  Channel: VAR_TYPE = 'support_data' and no UNITS or UNIT_PTR.
  FEDU_Error: VAR_TYPE = 'data' and no UNITS or UNIT_PTR.
  FEDU_Crosscalib_RMSE: VAR_TYPE = 'support_data' and no UNITS or UNIT_PTR.
  Sector: VAR_TYPE = 'data' and no UNITS or UNIT_PTR.
  Spin: VAR_TYPE = 'data' and no UNITS or UNIT_PTR.
  OrbitNumber: VAR_TYPE = 'data' and no UNITS or UNIT_PTR.
  MinMax: VAR_TYPE = 'support_data' and no UNITS or UNIT_PTR.
  OrbitNumber_TT: VAR_TYPE = 'data' and no UNITS or UNIT_PTR.
RBSP-A-RBSPICE_LEV-3_ISRHELT | ISTP.UNITS:
  UTC: VAR_TYPE = 'support_data' and no UNITS or UNIT_PTR.
  SCLOCK_Full: VAR_TYPE = 'support_data' and no UNITS or UNIT_PTR.
  Telescope: VAR_TYPE = 'support_data' and no UNITS or UNIT_PTR.
  Channel: VAR_TYPE = 'support_data' and no UNITS or UNIT_PTR.
  FIDU_Error: VAR_TYPE = 'data' and no UNITS or UNIT_PTR.
  FIDU_Crosscalib_RMSE: VAR_TYPE = 'support_data' and no UNITS or UNIT_PTR.
  Sector: VAR_TYPE = 'data' and no UNITS or UNIT_PTR.
  Spin: VAR_TYPE = 'data' and no UNITS or UNIT_PTR.
  OrbitNumber: VAR_TYPE = 'data' and no UNITS or UNIT_PTR.
  MinMax: VAR_TYPE = 'support_data' and no UNITS or UNIT_PTR.
  OrbitNumber_TT: VAR_TYPE = 'data' and no UNITS or UNIT_PTR.
RBSP-A-RBSPICE_LEV-3_TOFXEH | ISTP.UNITS:
  Telescope: VAR_TYPE = 'support_data' and no UNITS or UNIT_PTR.
  Channel: VAR_TYPE = 'support_data' and no UNITS or UNIT_PTR.
  FPDU_Error: VAR_TYPE = 'data' and no UNITS or UNIT_PTR.
  FPDU_Crosscalib_RMSE: VAR_TYPE = 'support_data' and no UNITS or UNIT_PTR.
  Sector: VAR_TYPE = 'data' and no UNITS or UNIT_PTR.
  Spin: VAR_TYPE = 'data' and no UNITS or UNIT_PTR.
  OrbitNumber: VAR_TYPE = 'data' and no UNITS or UNIT_PTR.
  MinMax: VAR_TYPE = 'support_data' and no UNITS or UNIT_PTR.
  OrbitNumber_TT: VAR_TYPE = 'data' and no UNITS or UNIT_PTR.
RBSP-A-RBSPICE_LEV-3_TOFXEION | ISTP.UNITS:
  UTC: VAR_TYPE = 'support_data' and no UNITS or UNIT_PTR.
  SCLOCK_Full: VAR_TYPE = 'support_data' and no UNITS or UNIT_PTR.
  Telescope: VAR_TYPE = 'support_data' and no UNITS or UNIT_PTR.
  Channel: VAR_TYPE = 'support_data' and no UNITS or UNIT_PTR.
  FIDU_Error: VAR_TYPE = 'data' and no UNITS or UNIT_PTR.
  FIDU_Crosscalib_RMSE: VAR_TYPE = 'support_data' and no UNITS or UNIT_PTR.
  Sector: VAR_TYPE = 'data' and no UNITS or UNIT_PTR.
  Spin: VAR_TYPE = 'data' and no UNITS or UNIT_PTR.
  OrbitNumber: VAR_TYPE = 'data' and no UNITS or UNIT_PTR.
  MinMax: VAR_TYPE = 'support_data' and no UNITS or UNIT_PTR.
  OrbitNumber_TT: VAR_TYPE = 'data' and no UNITS or UNIT_PTR.
RBSP-A-RBSPICE_LEV-3_TOFXENONH | ISTP.UNITS:
  UTC: VAR_TYPE = 'support_data' and no UNITS or UNIT_PTR.
  SCLOCK_Full: VAR_TYPE = 'support_data' and no UNITS or UNIT_PTR.
  Telescope: VAR_TYPE = 'support_data' and no UNITS or UNIT_PTR.
  Channel: VAR_TYPE = 'support_data' and no UNITS or UNIT_PTR.
  FHeDU_Error: VAR_TYPE = 'data' and no UNITS or UNIT_PTR.
  FHeDU_Crosscalib_RMSE: VAR_TYPE = 'support_data' and no UNITS or UNIT_PTR.
  Sector: VAR_TYPE = 'data' and no UNITS or UNIT_PTR.
  Spin: VAR_TYPE = 'data' and no UNITS or UNIT_PTR.
  FODU_Error: VAR_TYPE = 'data' and no UNITS or UNIT_PTR.
  FODU_Crosscalib_RMSE: VAR_TYPE = 'support_data' and no UNITS or UNIT_PTR.
  OrbitNumber: VAR_TYPE = 'data' and no UNITS or UNIT_PTR.
  MinMax: VAR_TYPE = 'support_data' and no UNITS or UNIT_PTR.
  OrbitNumber_TT: VAR_TYPE = 'data' and no UNITS or UNIT_PTR.
RBSP-A-RBSPICE_LEV-3_TOFXPHHHELT | ISTP.UNITS:
  Telescope: VAR_TYPE = 'support_data' and no UNITS or UNIT_PTR.
  Channel: VAR_TYPE = 'support_data' and no UNITS or UNIT_PTR.
  FPDU_Error: VAR_TYPE = 'data' and no UNITS or UNIT_PTR.
  FPDU_Crosscalib_RMSE: VAR_TYPE = 'support_data' and no UNITS or UNIT_PTR.
  Sector: VAR_TYPE = 'data' and no UNITS or UNIT_PTR.
  Spin: VAR_TYPE = 'data' and no UNITS or UNIT_PTR.
  FODU_Error: VAR_TYPE = 'data' and no UNITS or UNIT_PTR.
  FODU_Crosscalib_RMSE: VAR_TYPE = 'support_data' and no UNITS or UNIT_PTR.
  OrbitNumber: VAR_TYPE = 'data' and no UNITS or UNIT_PTR.
  MinMax: VAR_TYPE = 'support_data' and no UNITS or UNIT_PTR.
  OrbitNumber_TT: VAR_TYPE = 'data' and no UNITS or UNIT_PTR.
RBSP-A-RBSPICE_LEV-3_TOFXPHHLEHT | ISTP.UNITS:
  UTC: VAR_TYPE = 'support_data' and no UNITS or UNIT_PTR.
  SCLOCK_Full: VAR_TYPE = 'support_data' and no UNITS or UNIT_PTR.
  ET: VAR_TYPE = 'support_data' and no UNITS or UNIT_PTR.
  Telescope: VAR_TYPE = 'support_data' and no UNITS or UNIT_PTR.
  Channel: VAR_TYPE = 'support_data' and no UNITS or UNIT_PTR.
  FPDU_Error: VAR_TYPE = 'data' and no UNITS or UNIT_PTR.
  FPDU_Crosscalib_RMSE: VAR_TYPE = 'support_data' and no UNITS or UNIT_PTR.
  Sector: VAR_TYPE = 'data' and no UNITS or UNIT_PTR.
  Spin: VAR_TYPE = 'data' and no UNITS or UNIT_PTR.
  FODU_Error: VAR_TYPE = 'data' and no UNITS or UNIT_PTR.
  FODU_Crosscalib_RMSE: VAR_TYPE = 'support_data' and no UNITS or UNIT_PTR.
  FODU_Energy: VAR_TYPE = 'support_data' and no UNITS or UNIT_PTR.
  FODU_EnergyRange: VAR_TYPE = 'support_data' and no UNITS or UNIT_PTR.
  OrbitNumber: VAR_TYPE = 'data' and no UNITS or UNIT_PTR.
  MinMax: VAR_TYPE = 'support_data' and no UNITS or UNIT_PTR.
  OrbitNumber_TT: VAR_TYPE = 'data' and no UNITS or UNIT_PTR.
RBSP-A_DENSITY_EMFISIS-L4 | ISTP.UNITS:
  wpe_over_wce: VAR_TYPE = 'data' and no UNITS or UNIT_PTR.
  digi_type: VAR_TYPE = 'data' and no UNITS or UNIT_PTR.
RBSP-A_HFR-SPECTRA-BURST_EMFISIS-L2 | ISTP.UNITS:
  HFR_bins: VAR_TYPE = 'data' and no UNITS or UNIT_PTR.
  MET: VAR_TYPE = 'data' and no UNITS or UNIT_PTR.
  APID: VAR_TYPE = 'support_data' and no UNITS or UNIT_PTR.
RBSP-A_HFR-SPECTRA-MERGED_EMFISIS-L2 | ISTP.UNITS:
  HFR_bins: VAR_TYPE = 'data' and no UNITS or UNIT_PTR.
  MET: VAR_TYPE = 'data' and no UNITS or UNIT_PTR.
  APID: VAR_TYPE = 'support_data' and no UNITS or UNIT_PTR.
RBSP-A_HFR-SPECTRA_EMFISIS-L2 | ISTP.UNITS:
  HFR_bins: VAR_TYPE = 'data' and no UNITS or UNIT_PTR.
  MET: VAR_TYPE = 'data' and no UNITS or UNIT_PTR.
  APID: VAR_TYPE = 'support_data' and no UNITS or UNIT_PTR.
RBSP-A_HFR-WAVEFORM_EMFISIS-L2 | ISTP.UNITS:
  MET: VAR_TYPE = 'data' and no UNITS or UNIT_PTR.
  APID: VAR_TYPE = 'support_data' and no UNITS or UNIT_PTR.
RBSP-A_MAGNETOMETER_1SEC-GEI_EMFISIS-L3 | ISTP.UNITS:
  range_flag: VAR_TYPE = 'data' and no UNITS or UNIT_PTR.
  partition: VAR_TYPE = 'data' and no UNITS or UNIT_PTR.
  MET: VAR_TYPE = 'data' and no UNITS or UNIT_PTR.
  calState: VAR_TYPE = 'data' and no UNITS or UNIT_PTR.
  magInvalid: VAR_TYPE = 'data' and no UNITS or UNIT_PTR.
  magFill: VAR_TYPE = 'data' and no UNITS or UNIT_PTR.
RBSP-A_MAGNETOMETER_1SEC-GEO_EMFISIS-L3 | ISTP.UNITS:
  range_flag: VAR_TYPE = 'data' and no UNITS or UNIT_PTR.
  partition: VAR_TYPE = 'data' and no UNITS or UNIT_PTR.
  MET: VAR_TYPE = 'data' and no UNITS or UNIT_PTR.
  calState: VAR_TYPE = 'data' and no UNITS or UNIT_PTR.
  magInvalid: VAR_TYPE = 'data' and no UNITS or UNIT_PTR.
  magFill: VAR_TYPE = 'data' and no UNITS or UNIT_PTR.
RBSP-A_MAGNETOMETER_1SEC-GSE_EMFISIS-L3 | ISTP.UNITS:
  range_flag: VAR_TYPE = 'data' and no UNITS or UNIT_PTR.
  partition: VAR_TYPE = 'data' and no UNITS or UNIT_PTR.
  MET: VAR_TYPE = 'data' and no UNITS or UNIT_PTR.
  calState: VAR_TYPE = 'data' and no UNITS or UNIT_PTR.
  magInvalid: VAR_TYPE = 'data' and no UNITS or UNIT_PTR.
  magFill: VAR_TYPE = 'data' and no UNITS or UNIT_PTR.
RBSP-A_MAGNETOMETER_1SEC-GSM_EMFISIS-L3 | ISTP.UNITS:
  range_flag: VAR_TYPE = 'data' and no UNITS or UNIT_PTR.
  partition: VAR_TYPE = 'data' and no UNITS or UNIT_PTR.
  MET: VAR_TYPE = 'data' and no UNITS or UNIT_PTR.
  calState: VAR_TYPE = 'data' and no UNITS or UNIT_PTR.
  magInvalid: VAR_TYPE = 'data' and no UNITS or UNIT_PTR.
  magFill: VAR_TYPE = 'data' and no UNITS or UNIT_PTR.
RBSP-A_MAGNETOMETER_1SEC-SM_EMFISIS-L3 | ISTP.UNITS:
  range_flag: VAR_TYPE = 'data' and no UNITS or UNIT_PTR.
  partition: VAR_TYPE = 'data' and no UNITS or UNIT_PTR.
  MET: VAR_TYPE = 'data' and no UNITS or UNIT_PTR.
  calState: VAR_TYPE = 'data' and no UNITS or UNIT_PTR.
  magInvalid: VAR_TYPE = 'data' and no UNITS or UNIT_PTR.
  magFill: VAR_TYPE = 'data' and no UNITS or UNIT_PTR.
RBSP-A_MAGNETOMETER_4SEC-GEI_EMFISIS-L3 | ISTP.UNITS:
  range_flag: VAR_TYPE = 'data' and no UNITS or UNIT_PTR.
  partition: VAR_TYPE = 'data' and no UNITS or UNIT_PTR.
  MET: VAR_TYPE = 'data' and no UNITS or UNIT_PTR.
  calState: VAR_TYPE = 'data' and no UNITS or UNIT_PTR.
  magInvalid: VAR_TYPE = 'data' and no UNITS or UNIT_PTR.
  magFill: VAR_TYPE = 'data' and no UNITS or UNIT_PTR.
RBSP-A_MAGNETOMETER_4SEC-GEO_EMFISIS-L3 | ISTP.UNITS:
  range_flag: VAR_TYPE = 'data' and no UNITS or UNIT_PTR.
  partition: VAR_TYPE = 'data' and no UNITS or UNIT_PTR.
  MET: VAR_TYPE = 'data' and no UNITS or UNIT_PTR.
  calState: VAR_TYPE = 'data' and no UNITS or UNIT_PTR.
  magInvalid: VAR_TYPE = 'data' and no UNITS or UNIT_PTR.
  magFill: VAR_TYPE = 'data' and no UNITS or UNIT_PTR.
RBSP-A_MAGNETOMETER_4SEC-GSE_EMFISIS-L3 | ISTP.UNITS:
  range_flag: VAR_TYPE = 'data' and no UNITS or UNIT_PTR.
  partition: VAR_TYPE = 'data' and no UNITS or UNIT_PTR.
  MET: VAR_TYPE = 'data' and no UNITS or UNIT_PTR.
  calState: VAR_TYPE = 'data' and no UNITS or UNIT_PTR.
  magInvalid: VAR_TYPE = 'data' and no UNITS or UNIT_PTR.
  magFill: VAR_TYPE = 'data' and no UNITS or UNIT_PTR.
RBSP-A_MAGNETOMETER_4SEC-GSM_EMFISIS-L3 | ISTP.UNITS:
  range_flag: VAR_TYPE = 'data' and no UNITS or UNIT_PTR.
  partition: VAR_TYPE = 'data' and no UNITS or UNIT_PTR.
  MET: VAR_TYPE = 'data' and no UNITS or UNIT_PTR.
  calState: VAR_TYPE = 'data' and no UNITS or UNIT_PTR.
  magInvalid: VAR_TYPE = 'data' and no UNITS or UNIT_PTR.
  magFill: VAR_TYPE = 'data' and no UNITS or UNIT_PTR.
RBSP-A_MAGNETOMETER_4SEC-SM_EMFISIS-L3 | ISTP.UNITS:
  range_flag: VAR_TYPE = 'data' and no UNITS or UNIT_PTR.
  partition: VAR_TYPE = 'data' and no UNITS or UNIT_PTR.
  MET: VAR_TYPE = 'data' and no UNITS or UNIT_PTR.
  calState: VAR_TYPE = 'data' and no UNITS or UNIT_PTR.
  magInvalid: VAR_TYPE = 'data' and no UNITS or UNIT_PTR.
  magFill: VAR_TYPE = 'data' and no UNITS or UNIT_PTR.
RBSP-A_MAGNETOMETER_HIRES-GEI_EMFISIS-L3 | ISTP.UNITS:
  range_flag: VAR_TYPE = 'data' and no UNITS or UNIT_PTR.
  partition: VAR_TYPE = 'data' and no UNITS or UNIT_PTR.
  MET: VAR_TYPE = 'data' and no UNITS or UNIT_PTR.
  calState: VAR_TYPE = 'data' and no UNITS or UNIT_PTR.
  magInvalid: VAR_TYPE = 'data' and no UNITS or UNIT_PTR.
  magFill: VAR_TYPE = 'data' and no UNITS or UNIT_PTR.
RBSP-A_MAGNETOMETER_HIRES-GEO_EMFISIS-L3 | ISTP.UNITS:
  range_flag: VAR_TYPE = 'data' and no UNITS or UNIT_PTR.
  partition: VAR_TYPE = 'data' and no UNITS or UNIT_PTR.
  MET: VAR_TYPE = 'data' and no UNITS or UNIT_PTR.
  calState: VAR_TYPE = 'data' and no UNITS or UNIT_PTR.
  magInvalid: VAR_TYPE = 'data' and no UNITS or UNIT_PTR.
  magFill: VAR_TYPE = 'data' and no UNITS or UNIT_PTR.
RBSP-A_MAGNETOMETER_HIRES-GSE_EMFISIS-L3 | ISTP.UNITS:
  range_flag: VAR_TYPE = 'data' and no UNITS or UNIT_PTR.
  partition: VAR_TYPE = 'data' and no UNITS or UNIT_PTR.
  MET: VAR_TYPE = 'data' and no UNITS or UNIT_PTR.
  calState: VAR_TYPE = 'data' and no UNITS or UNIT_PTR.
  magInvalid: VAR_TYPE = 'data' and no UNITS or UNIT_PTR.
  magFill: VAR_TYPE = 'data' and no UNITS or UNIT_PTR.
RBSP-A_MAGNETOMETER_HIRES-GSM_EMFISIS-L3 | ISTP.UNITS:
  range_flag: VAR_TYPE = 'data' and no UNITS or UNIT_PTR.
  partition: VAR_TYPE = 'data' and no UNITS or UNIT_PTR.
  MET: VAR_TYPE = 'data' and no UNITS or UNIT_PTR.
  calState: VAR_TYPE = 'data' and no UNITS or UNIT_PTR.
  magInvalid: VAR_TYPE = 'data' and no UNITS or UNIT_PTR.
  magFill: VAR_TYPE = 'data' and no UNITS or UNIT_PTR.
RBSP-A_MAGNETOMETER_HIRES-SM_EMFISIS-L3 | ISTP.UNITS:
  range_flag: VAR_TYPE = 'data' and no UNITS or UNIT_PTR.
  partition: VAR_TYPE = 'data' and no UNITS or UNIT_PTR.
  MET: VAR_TYPE = 'data' and no UNITS or UNIT_PTR.
  calState: VAR_TYPE = 'data' and no UNITS or UNIT_PTR.
  magInvalid: VAR_TYPE = 'data' and no UNITS or UNIT_PTR.
  magFill: VAR_TYPE = 'data' and no UNITS or UNIT_PTR.
RBSP-A_MAGNETOMETER_UVW_EMFISIS-L2 | ISTP.UNITS:
  range_flag: VAR_TYPE = 'data' and no UNITS or UNIT_PTR.
  partition: VAR_TYPE = 'data' and no UNITS or UNIT_PTR.
  MET: VAR_TYPE = 'data' and no UNITS or UNIT_PTR.
  calState: VAR_TYPE = 'data' and no UNITS or UNIT_PTR.
  magInvalid: VAR_TYPE = 'data' and no UNITS or UNIT_PTR.
  magFill: VAR_TYPE = 'data' and no UNITS or UNIT_PTR.
RBSP-A_WFR-SPECTRAL-MATRIX-DIAGONAL-MERGED_EMFISIS-L2 | ISTP.UNITS:
  chorusQF: VAR_TYPE = 'support_data' and no UNITS or UNIT_PTR.
  JCBflagsFiveChanWNA: VAR_TYPE = 'support_data' and no UNITS or UNIT_PTR.
  JCBflagsUseCalibratedWFRData: VAR_TYPE = 'support_data' and no UNITS or UNIT_PTR.
  JCBflagsUseDespinData: VAR_TYPE = 'support_data' and no UNITS or UNIT_PTR.
  MET: VAR_TYPE = 'data' and no UNITS or UNIT_PTR.
  APID: VAR_TYPE = 'support_data' and no UNITS or UNIT_PTR.
RBSP-A_WFR-SPECTRAL-MATRIX-DIAGONAL_EMFISIS-L2 | ISTP.UNITS:
  chorusQF: VAR_TYPE = 'support_data' and no UNITS or UNIT_PTR.
  JCBflagsFiveChanWNA: VAR_TYPE = 'support_data' and no UNITS or UNIT_PTR.
  JCBflagsUseCalibratedWFRData: VAR_TYPE = 'support_data' and no UNITS or UNIT_PTR.
  JCBflagsUseDespinData: VAR_TYPE = 'support_data' and no UNITS or UNIT_PTR.
  MET: VAR_TYPE = 'data' and no UNITS or UNIT_PTR.
  APID: VAR_TYPE = 'support_data' and no UNITS or UNIT_PTR.
RBSP-A_WFR-SPECTRAL-MATRIX_EMFISIS-L2 | ISTP.UNITS:
  chorusQF: VAR_TYPE = 'support_data' and no UNITS or UNIT_PTR.
  JCBflagsFiveChanWNA: VAR_TYPE = 'support_data' and no UNITS or UNIT_PTR.
  JCBflagsUseCalibratedWFRData: VAR_TYPE = 'support_data' and no UNITS or UNIT_PTR.
  JCBflagsUseDespinData: VAR_TYPE = 'support_data' and no UNITS or UNIT_PTR.
  MET: VAR_TYPE = 'data' and no UNITS or UNIT_PTR.
  APID: VAR_TYPE = 'support_data' and no UNITS or UNIT_PTR.
  complex_component: VAR_TYPE = 'support_data' and no UNITS or UNIT_PTR.
RBSP-A_WFR-WAVEFORM-CONTINUOUS-BURST_EMFISIS-L2 | ISTP.UNITS:
  MET: VAR_TYPE = 'support_data' and no UNITS or UNIT_PTR.
  APID: VAR_TYPE = 'support_data' and no UNITS or UNIT_PTR.
  BCalibrationCoef: VAR_TYPE = 'support_data' and no UNITS or UNIT_PTR.
  ECalibrationCoef: VAR_TYPE = 'support_data' and no UNITS or UNIT_PTR.
  CalibrationCoef_LABL: VAR_TYPE = 'support_data' and no UNITS or UNIT_PTR.
  chorusQF: VAR_TYPE = 'support_data' and no UNITS or UNIT_PTR.
RBSP-A_WFR-WAVEFORM_EMFISIS-L2 | ISTP.UNITS:
  MET: VAR_TYPE = 'support_data' and no UNITS or UNIT_PTR.
  APID: VAR_TYPE = 'support_data' and no UNITS or UNIT_PTR.
  BCalibrationCoef: VAR_TYPE = 'support_data' and no UNITS or UNIT_PTR.
  ECalibrationCoef: VAR_TYPE = 'support_data' and no UNITS or UNIT_PTR.
  CalibrationCoef_LABL: VAR_TYPE = 'support_data' and no UNITS or UNIT_PTR.
  chorusQF: VAR_TYPE = 'support_data' and no UNITS or UNIT_PTR.
RBSP-A_WNA-SURVEY_EMFISIS-L4 | ISTP.UNITS:
  cohb1_2: VAR_TYPE = 'data' and no UNITS or UNIT_PTR.
  cohb1_3: VAR_TYPE = 'data' and no UNITS or UNIT_PTR.
  cohb2_3: VAR_TYPE = 'data' and no UNITS or UNIT_PTR.
  eigen: VAR_TYPE = 'data' and no UNITS or UNIT_PTR.
  ellsvd: VAR_TYPE = 'data' and no UNITS or UNIT_PTR.
  plansvd: VAR_TYPE = 'data' and no UNITS or UNIT_PTR.
  plansvde: VAR_TYPE = 'data' and no UNITS or UNIT_PTR.
  polsvd: VAR_TYPE = 'data' and no UNITS or UNIT_PTR.
RBSP-B-RBSPICE_LEV-2_ESRHELT | ISTP.UNITS:
  UTC: VAR_TYPE = 'support_data' and no UNITS or UNIT_PTR.
  SCLOCK_Full: VAR_TYPE = 'support_data' and no UNITS or UNIT_PTR.
  Telescope: VAR_TYPE = 'support_data' and no UNITS or UNIT_PTR.
  Channel: VAR_TYPE = 'support_data' and no UNITS or UNIT_PTR.
  FEDU_Error: VAR_TYPE = 'data' and no UNITS or UNIT_PTR.
  FEDU_Crosscalib_RMSE: VAR_TYPE = 'support_data' and no UNITS or UNIT_PTR.
  Sector: VAR_TYPE = 'data' and no UNITS or UNIT_PTR.
  Spin: VAR_TYPE = 'data' and no UNITS or UNIT_PTR.
  OrbitNumber: VAR_TYPE = 'data' and no UNITS or UNIT_PTR.
  OrbitNumber_TT: VAR_TYPE = 'data' and no UNITS or UNIT_PTR.
RBSP-B-RBSPICE_LEV-2_ESRLEHT | ISTP.UNITS:
  UTC: VAR_TYPE = 'support_data' and no UNITS or UNIT_PTR.
  SCLOCK_Full: VAR_TYPE = 'support_data' and no UNITS or UNIT_PTR.
  Telescope: VAR_TYPE = 'support_data' and no UNITS or UNIT_PTR.
  Channel: VAR_TYPE = 'support_data' and no UNITS or UNIT_PTR.
  FEDU_Error: VAR_TYPE = 'data' and no UNITS or UNIT_PTR.
  FEDU_Crosscalib_RMSE: VAR_TYPE = 'support_data' and no UNITS or UNIT_PTR.
  Sector: VAR_TYPE = 'data' and no UNITS or UNIT_PTR.
  Spin: VAR_TYPE = 'data' and no UNITS or UNIT_PTR.
  OrbitNumber: VAR_TYPE = 'data' and no UNITS or UNIT_PTR.
  OrbitNumber_TT: VAR_TYPE = 'data' and no UNITS or UNIT_PTR.
RBSP-B-RBSPICE_LEV-2_ISRHELT | ISTP.UNITS:
  UTC: VAR_TYPE = 'support_data' and no UNITS or UNIT_PTR.
  SCLOCK_Full: VAR_TYPE = 'support_data' and no UNITS or UNIT_PTR.
  Telescope: VAR_TYPE = 'support_data' and no UNITS or UNIT_PTR.
  Channel: VAR_TYPE = 'support_data' and no UNITS or UNIT_PTR.
  FIDU_Error: VAR_TYPE = 'data' and no UNITS or UNIT_PTR.
  FIDU_Crosscalib_RMSE: VAR_TYPE = 'support_data' and no UNITS or UNIT_PTR.
  Sector: VAR_TYPE = 'data' and no UNITS or UNIT_PTR.
  Spin: VAR_TYPE = 'data' and no UNITS or UNIT_PTR.
  OrbitNumber: VAR_TYPE = 'data' and no UNITS or UNIT_PTR.
  OrbitNumber_TT: VAR_TYPE = 'data' and no UNITS or UNIT_PTR.
RBSP-B-RBSPICE_LEV-2_TOFXEH | ISTP.UNITS:
  Telescope: VAR_TYPE = 'support_data' and no UNITS or UNIT_PTR.
  Channel: VAR_TYPE = 'support_data' and no UNITS or UNIT_PTR.
  FPDU_Error: VAR_TYPE = 'data' and no UNITS or UNIT_PTR.
  FPDU_Crosscalib_RMSE: VAR_TYPE = 'support_data' and no UNITS or UNIT_PTR.
  Sector: VAR_TYPE = 'data' and no UNITS or UNIT_PTR.
  Spin: VAR_TYPE = 'data' and no UNITS or UNIT_PTR.
  OrbitNumber: VAR_TYPE = 'data' and no UNITS or UNIT_PTR.
  OrbitNumber_TT: VAR_TYPE = 'data' and no UNITS or UNIT_PTR.
RBSP-B-RBSPICE_LEV-2_TOFXEION | ISTP.UNITS:
  UTC: VAR_TYPE = 'support_data' and no UNITS or UNIT_PTR.
  SCLOCK_Full: VAR_TYPE = 'support_data' and no UNITS or UNIT_PTR.
  Telescope: VAR_TYPE = 'support_data' and no UNITS or UNIT_PTR.
  Channel: VAR_TYPE = 'support_data' and no UNITS or UNIT_PTR.
  FIDU_Error: VAR_TYPE = 'data' and no UNITS or UNIT_PTR.
  FIDU_Crosscalib_RMSE: VAR_TYPE = 'support_data' and no UNITS or UNIT_PTR.
  Sector: VAR_TYPE = 'data' and no UNITS or UNIT_PTR.
  Spin: VAR_TYPE = 'data' and no UNITS or UNIT_PTR.
  OrbitNumber: VAR_TYPE = 'data' and no UNITS or UNIT_PTR.
  OrbitNumber_TT: VAR_TYPE = 'data' and no UNITS or UNIT_PTR.
RBSP-B-RBSPICE_LEV-2_TOFXENONH | ISTP.UNITS:
  UTC: VAR_TYPE = 'support_data' and no UNITS or UNIT_PTR.
  SCLOCK_Full: VAR_TYPE = 'support_data' and no UNITS or UNIT_PTR.
  Telescope: VAR_TYPE = 'support_data' and no UNITS or UNIT_PTR.
  Channel: VAR_TYPE = 'support_data' and no UNITS or UNIT_PTR.
  FHeDU_Error: VAR_TYPE = 'data' and no UNITS or UNIT_PTR.
  FHeDU_Crosscalib_RMSE: VAR_TYPE = 'support_data' and no UNITS or UNIT_PTR.
  Sector: VAR_TYPE = 'data' and no UNITS or UNIT_PTR.
  Spin: VAR_TYPE = 'data' and no UNITS or UNIT_PTR.
  FODU_Error: VAR_TYPE = 'data' and no UNITS or UNIT_PTR.
  FODU_Crosscalib_RMSE: VAR_TYPE = 'support_data' and no UNITS or UNIT_PTR.
  OrbitNumber: VAR_TYPE = 'data' and no UNITS or UNIT_PTR.
  OrbitNumber_TT: VAR_TYPE = 'data' and no UNITS or UNIT_PTR.
RBSP-B-RBSPICE_LEV-2_TOFXPHHHELT | ISTP.UNITS:
  Telescope: VAR_TYPE = 'support_data' and no UNITS or UNIT_PTR.
  Channel: VAR_TYPE = 'support_data' and no UNITS or UNIT_PTR.
  FPDU_Error: VAR_TYPE = 'data' and no UNITS or UNIT_PTR.
  FPDU_Crosscalib_RMSE: VAR_TYPE = 'support_data' and no UNITS or UNIT_PTR.
  Sector: VAR_TYPE = 'data' and no UNITS or UNIT_PTR.
  Spin: VAR_TYPE = 'data' and no UNITS or UNIT_PTR.
  FODU_Error: VAR_TYPE = 'data' and no UNITS or UNIT_PTR.
  FODU_Crosscalib_RMSE: VAR_TYPE = 'support_data' and no UNITS or UNIT_PTR.
  OrbitNumber: VAR_TYPE = 'data' and no UNITS or UNIT_PTR.
  OrbitNumber_TT: VAR_TYPE = 'data' and no UNITS or UNIT_PTR.
RBSP-B-RBSPICE_LEV-2_TOFXPHHLEHT | ISTP.UNITS:
  UTC: VAR_TYPE = 'support_data' and no UNITS or UNIT_PTR.
  SCLOCK_Full: VAR_TYPE = 'support_data' and no UNITS or UNIT_PTR.
  ET: VAR_TYPE = 'support_data' and no UNITS or UNIT_PTR.
  Telescope: VAR_TYPE = 'support_data' and no UNITS or UNIT_PTR.
  Channel: VAR_TYPE = 'support_data' and no UNITS or UNIT_PTR.
  FPDU_Error: VAR_TYPE = 'data' and no UNITS or UNIT_PTR.
  FPDU_Crosscalib_RMSE: VAR_TYPE = 'support_data' and no UNITS or UNIT_PTR.
  Sector: VAR_TYPE = 'data' and no UNITS or UNIT_PTR.
  Spin: VAR_TYPE = 'data' and no UNITS or UNIT_PTR.
  FODU_Error: VAR_TYPE = 'data' and no UNITS or UNIT_PTR.
  FODU_Crosscalib_RMSE: VAR_TYPE = 'support_data' and no UNITS or UNIT_PTR.
  OrbitNumber: VAR_TYPE = 'data' and no UNITS or UNIT_PTR.
  OrbitNumber_TT: VAR_TYPE = 'data' and no UNITS or UNIT_PTR.
  FODU_Energy: VAR_TYPE = 'support_data' and no UNITS or UNIT_PTR.
  FODU_EnergyRange: VAR_TYPE = 'support_data' and no UNITS or UNIT_PTR.
RBSP-B-RBSPICE_LEV-3-PAP_ESRHELT | ISTP.UNITS:
  Spin: VAR_TYPE = 'support_data' and no UNITS or UNIT_PTR.
  FEDU_Weight: VAR_TYPE = 'support_data' and no UNITS or UNIT_PTR.
  PA_Range: VAR_TYPE = 'support_data' and no UNITS or UNIT_PTR.
  OrbitNumber: VAR_TYPE = 'data' and no UNITS or UNIT_PTR.
  OrbitNumber_TT: VAR_TYPE = 'data' and no UNITS or UNIT_PTR.
RBSP-B-RBSPICE_LEV-3-PAP_ESRLEHT | ISTP.UNITS:
  Spin: VAR_TYPE = 'support_data' and no UNITS or UNIT_PTR.
  FEDU_Weight: VAR_TYPE = 'support_data' and no UNITS or UNIT_PTR.
  PA_Range: VAR_TYPE = 'support_data' and no UNITS or UNIT_PTR.
  OrbitNumber: VAR_TYPE = 'data' and no UNITS or UNIT_PTR.
  OrbitNumber_TT: VAR_TYPE = 'data' and no UNITS or UNIT_PTR.
RBSP-B-RBSPICE_LEV-3-PAP_TOFXEH | ISTP.UNITS:
  Spin: VAR_TYPE = 'support_data' and no UNITS or UNIT_PTR.
  FPDU_Weight: VAR_TYPE = 'support_data' and no UNITS or UNIT_PTR.
  PA_Range: VAR_TYPE = 'support_data' and no UNITS or UNIT_PTR.
  OrbitNumber: VAR_TYPE = 'data' and no UNITS or UNIT_PTR.
  OrbitNumber_TT: VAR_TYPE = 'data' and no UNITS or UNIT_PTR.
RBSP-B-RBSPICE_LEV-3-PAP_TOFXEHE | ISTP.UNITS:
  Spin: VAR_TYPE = 'support_data' and no UNITS or UNIT_PTR.
  FHeDU_Weight: VAR_TYPE = 'support_data' and no UNITS or UNIT_PTR.
  PA_Range: VAR_TYPE = 'support_data' and no UNITS or UNIT_PTR.
  OrbitNumber: VAR_TYPE = 'data' and no UNITS or UNIT_PTR.
  OrbitNumber_TT: VAR_TYPE = 'data' and no UNITS or UNIT_PTR.
RBSP-B-RBSPICE_LEV-3-PAP_TOFXEHE-0 | ISTP.UNITS:
  Spin: VAR_TYPE = 'support_data' and no UNITS or UNIT_PTR.
  FHeDU_Weight: VAR_TYPE = 'support_data' and no UNITS or UNIT_PTR.
  PA_Range: VAR_TYPE = 'support_data' and no UNITS or UNIT_PTR.
  OrbitNumber: VAR_TYPE = 'data' and no UNITS or UNIT_PTR.
  OrbitNumber_TT: VAR_TYPE = 'data' and no UNITS or UNIT_PTR.
RBSP-B-RBSPICE_LEV-3-PAP_TOFXEION | ISTP.UNITS:
  Spin: VAR_TYPE = 'support_data' and no UNITS or UNIT_PTR.
  FIDU_Weight: VAR_TYPE = 'support_data' and no UNITS or UNIT_PTR.
  PA_Range: VAR_TYPE = 'support_data' and no UNITS or UNIT_PTR.
  OrbitNumber: VAR_TYPE = 'data' and no UNITS or UNIT_PTR.
  OrbitNumber_TT: VAR_TYPE = 'data' and no UNITS or UNIT_PTR.
RBSP-B-RBSPICE_LEV-3-PAP_TOFXEO | ISTP.UNITS:
  Spin: VAR_TYPE = 'support_data' and no UNITS or UNIT_PTR.
  FODU_Weight: VAR_TYPE = 'support_data' and no UNITS or UNIT_PTR.
  PA_Range: VAR_TYPE = 'support_data' and no UNITS or UNIT_PTR.
  OrbitNumber: VAR_TYPE = 'data' and no UNITS or UNIT_PTR.
  OrbitNumber_TT: VAR_TYPE = 'data' and no UNITS or UNIT_PTR.
RBSP-B-RBSPICE_LEV-3-PAP_TOFXEO-0 | ISTP.UNITS:
  Spin: VAR_TYPE = 'support_data' and no UNITS or UNIT_PTR.
  FODU_Weight: VAR_TYPE = 'support_data' and no UNITS or UNIT_PTR.
  PA_Range: VAR_TYPE = 'support_data' and no UNITS or UNIT_PTR.
  OrbitNumber: VAR_TYPE = 'data' and no UNITS or UNIT_PTR.
  OrbitNumber_TT: VAR_TYPE = 'data' and no UNITS or UNIT_PTR.
RBSP-B-RBSPICE_LEV-3-PAP_TOFXPHHHELT | ISTP.UNITS:
  Spin: VAR_TYPE = 'support_data' and no UNITS or UNIT_PTR.
  FPDU_Weight: VAR_TYPE = 'support_data' and no UNITS or UNIT_PTR.
  PA_Range: VAR_TYPE = 'support_data' and no UNITS or UNIT_PTR.
  OrbitNumber: VAR_TYPE = 'data' and no UNITS or UNIT_PTR.
  OrbitNumber_TT: VAR_TYPE = 'data' and no UNITS or UNIT_PTR.
RBSP-B-RBSPICE_LEV-3-PAP_TOFXPHHLEHT | ISTP.UNITS:
  Spin: VAR_TYPE = 'support_data' and no UNITS or UNIT_PTR.
  FPDU_Weight: VAR_TYPE = 'support_data' and no UNITS or UNIT_PTR.
  PA_Range: VAR_TYPE = 'support_data' and no UNITS or UNIT_PTR.
  OrbitNumber: VAR_TYPE = 'data' and no UNITS or UNIT_PTR.
  OrbitNumber_TT: VAR_TYPE = 'data' and no UNITS or UNIT_PTR.
RBSP-B-RBSPICE_LEV-3-PAP_TOFXPHOHELT | ISTP.UNITS:
  Spin: VAR_TYPE = 'support_data' and no UNITS or UNIT_PTR.
  FODU_Weight: VAR_TYPE = 'support_data' and no UNITS or UNIT_PTR.
  PA_Range: VAR_TYPE = 'support_data' and no UNITS or UNIT_PTR.
  OrbitNumber: VAR_TYPE = 'data' and no UNITS or UNIT_PTR.
  OrbitNumber_TT: VAR_TYPE = 'data' and no UNITS or UNIT_PTR.
RBSP-B-RBSPICE_LEV-3-PAP_TOFXPHOLEHT | ISTP.UNITS:
  Spin: VAR_TYPE = 'support_data' and no UNITS or UNIT_PTR.
  FODU_Weight: VAR_TYPE = 'support_data' and no UNITS or UNIT_PTR.
  PA_Range: VAR_TYPE = 'support_data' and no UNITS or UNIT_PTR.
  OrbitNumber: VAR_TYPE = 'data' and no UNITS or UNIT_PTR.
  OrbitNumber_TT: VAR_TYPE = 'data' and no UNITS or UNIT_PTR.
RBSP-B-RBSPICE_LEV-3_ESRHELT | ISTP.UNITS:
  UTC: VAR_TYPE = 'support_data' and no UNITS or UNIT_PTR.
  SCLOCK_Full: VAR_TYPE = 'support_data' and no UNITS or UNIT_PTR.
  Telescope: VAR_TYPE = 'support_data' and no UNITS or UNIT_PTR.
  Channel: VAR_TYPE = 'support_data' and no UNITS or UNIT_PTR.
  FEDU_Error: VAR_TYPE = 'data' and no UNITS or UNIT_PTR.
  FEDU_Crosscalib_RMSE: VAR_TYPE = 'support_data' and no UNITS or UNIT_PTR.
  Sector: VAR_TYPE = 'data' and no UNITS or UNIT_PTR.
  Spin: VAR_TYPE = 'data' and no UNITS or UNIT_PTR.
  OrbitNumber: VAR_TYPE = 'data' and no UNITS or UNIT_PTR.
  MinMax: VAR_TYPE = 'support_data' and no UNITS or UNIT_PTR.
  OrbitNumber_TT: VAR_TYPE = 'data' and no UNITS or UNIT_PTR.
RBSP-B-RBSPICE_LEV-3_ESRLEHT | ISTP.UNITS:
  UTC: VAR_TYPE = 'support_data' and no UNITS or UNIT_PTR.
  SCLOCK_Full: VAR_TYPE = 'support_data' and no UNITS or UNIT_PTR.
  Telescope: VAR_TYPE = 'support_data' and no UNITS or UNIT_PTR.
  Channel: VAR_TYPE = 'support_data' and no UNITS or UNIT_PTR.
  FEDU_Error: VAR_TYPE = 'data' and no UNITS or UNIT_PTR.
  FEDU_Crosscalib_RMSE: VAR_TYPE = 'support_data' and no UNITS or UNIT_PTR.
  Sector: VAR_TYPE = 'data' and no UNITS or UNIT_PTR.
  Spin: VAR_TYPE = 'data' and no UNITS or UNIT_PTR.
  OrbitNumber: VAR_TYPE = 'data' and no UNITS or UNIT_PTR.
  MinMax: VAR_TYPE = 'support_data' and no UNITS or UNIT_PTR.
  OrbitNumber_TT: VAR_TYPE = 'data' and no UNITS or UNIT_PTR.
RBSP-B-RBSPICE_LEV-3_ISRHELT | ISTP.UNITS:
  UTC: VAR_TYPE = 'support_data' and no UNITS or UNIT_PTR.
  SCLOCK_Full: VAR_TYPE = 'support_data' and no UNITS or UNIT_PTR.
  Telescope: VAR_TYPE = 'support_data' and no UNITS or UNIT_PTR.
  Channel: VAR_TYPE = 'support_data' and no UNITS or UNIT_PTR.
  FIDU_Error: VAR_TYPE = 'data' and no UNITS or UNIT_PTR.
  FIDU_Crosscalib_RMSE: VAR_TYPE = 'support_data' and no UNITS or UNIT_PTR.
  Sector: VAR_TYPE = 'data' and no UNITS or UNIT_PTR.
  Spin: VAR_TYPE = 'data' and no UNITS or UNIT_PTR.
  OrbitNumber: VAR_TYPE = 'data' and no UNITS or UNIT_PTR.
  MinMax: VAR_TYPE = 'support_data' and no UNITS or UNIT_PTR.
  OrbitNumber_TT: VAR_TYPE = 'data' and no UNITS or UNIT_PTR.
RBSP-B-RBSPICE_LEV-3_TOFXEH | ISTP.UNITS:
  Telescope: VAR_TYPE = 'support_data' and no UNITS or UNIT_PTR.
  Channel: VAR_TYPE = 'support_data' and no UNITS or UNIT_PTR.
  FPDU_Error: VAR_TYPE = 'data' and no UNITS or UNIT_PTR.
  FPDU_Crosscalib_RMSE: VAR_TYPE = 'support_data' and no UNITS or UNIT_PTR.
  Sector: VAR_TYPE = 'data' and no UNITS or UNIT_PTR.
  Spin: VAR_TYPE = 'data' and no UNITS or UNIT_PTR.
  OrbitNumber: VAR_TYPE = 'data' and no UNITS or UNIT_PTR.
  MinMax: VAR_TYPE = 'support_data' and no UNITS or UNIT_PTR.
  OrbitNumber_TT: VAR_TYPE = 'data' and no UNITS or UNIT_PTR.
RBSP-B-RBSPICE_LEV-3_TOFXEION | ISTP.UNITS:
  UTC: VAR_TYPE = 'support_data' and no UNITS or UNIT_PTR.
  SCLOCK_Full: VAR_TYPE = 'support_data' and no UNITS or UNIT_PTR.
  Telescope: VAR_TYPE = 'support_data' and no UNITS or UNIT_PTR.
  Channel: VAR_TYPE = 'support_data' and no UNITS or UNIT_PTR.
  FIDU_Error: VAR_TYPE = 'data' and no UNITS or UNIT_PTR.
  FIDU_Crosscalib_RMSE: VAR_TYPE = 'support_data' and no UNITS or UNIT_PTR.
  Sector: VAR_TYPE = 'data' and no UNITS or UNIT_PTR.
  Spin: VAR_TYPE = 'data' and no UNITS or UNIT_PTR.
  OrbitNumber: VAR_TYPE = 'data' and no UNITS or UNIT_PTR.
  MinMax: VAR_TYPE = 'support_data' and no UNITS or UNIT_PTR.
  OrbitNumber_TT: VAR_TYPE = 'data' and no UNITS or UNIT_PTR.
RBSP-B-RBSPICE_LEV-3_TOFXENONH | ISTP.UNITS:
  UTC: VAR_TYPE = 'support_data' and no UNITS or UNIT_PTR.
  SCLOCK_Full: VAR_TYPE = 'support_data' and no UNITS or UNIT_PTR.
  Telescope: VAR_TYPE = 'support_data' and no UNITS or UNIT_PTR.
  Channel: VAR_TYPE = 'support_data' and no UNITS or UNIT_PTR.
  FHeDU_Error: VAR_TYPE = 'data' and no UNITS or UNIT_PTR.
  FHeDU_Crosscalib_RMSE: VAR_TYPE = 'support_data' and no UNITS or UNIT_PTR.
  Sector: VAR_TYPE = 'data' and no UNITS or UNIT_PTR.
  Spin: VAR_TYPE = 'data' and no UNITS or UNIT_PTR.
  FODU_Error: VAR_TYPE = 'data' and no UNITS or UNIT_PTR.
  FODU_Crosscalib_RMSE: VAR_TYPE = 'support_data' and no UNITS or UNIT_PTR.
  OrbitNumber: VAR_TYPE = 'data' and no UNITS or UNIT_PTR.
  MinMax: VAR_TYPE = 'support_data' and no UNITS or UNIT_PTR.
  OrbitNumber_TT: VAR_TYPE = 'data' and no UNITS or UNIT_PTR.
RBSP-B-RBSPICE_LEV-3_TOFXPHHHELT | ISTP.UNITS:
  Telescope: VAR_TYPE = 'support_data' and no UNITS or UNIT_PTR.
  Channel: VAR_TYPE = 'support_data' and no UNITS or UNIT_PTR.
  FPDU_Error: VAR_TYPE = 'data' and no UNITS or UNIT_PTR.
  FPDU_Crosscalib_RMSE: VAR_TYPE = 'support_data' and no UNITS or UNIT_PTR.
  Sector: VAR_TYPE = 'data' and no UNITS or UNIT_PTR.
  Spin: VAR_TYPE = 'data' and no UNITS or UNIT_PTR.
  FODU_Error: VAR_TYPE = 'data' and no UNITS or UNIT_PTR.
  FODU_Crosscalib_RMSE: VAR_TYPE = 'support_data' and no UNITS or UNIT_PTR.
  OrbitNumber: VAR_TYPE = 'data' and no UNITS or UNIT_PTR.
  MinMax: VAR_TYPE = 'support_data' and no UNITS or UNIT_PTR.
  OrbitNumber_TT: VAR_TYPE = 'data' and no UNITS or UNIT_PTR.
RBSP-B-RBSPICE_LEV-3_TOFXPHHLEHT | ISTP.UNITS:
  UTC: VAR_TYPE = 'support_data' and no UNITS or UNIT_PTR.
  SCLOCK_Full: VAR_TYPE = 'support_data' and no UNITS or UNIT_PTR.
  ET: VAR_TYPE = 'support_data' and no UNITS or UNIT_PTR.
  Telescope: VAR_TYPE = 'support_data' and no UNITS or UNIT_PTR.
  Channel: VAR_TYPE = 'support_data' and no UNITS or UNIT_PTR.
  FPDU_Error: VAR_TYPE = 'data' and no UNITS or UNIT_PTR.
  FPDU_Crosscalib_RMSE: VAR_TYPE = 'support_data' and no UNITS or UNIT_PTR.
  Sector: VAR_TYPE = 'data' and no UNITS or UNIT_PTR.
  Spin: VAR_TYPE = 'data' and no UNITS or UNIT_PTR.
  FODU_Error: VAR_TYPE = 'data' and no UNITS or UNIT_PTR.
  FODU_Crosscalib_RMSE: VAR_TYPE = 'support_data' and no UNITS or UNIT_PTR.
  FODU_Energy: VAR_TYPE = 'support_data' and no UNITS or UNIT_PTR.
  FODU_EnergyRange: VAR_TYPE = 'support_data' and no UNITS or UNIT_PTR.
  OrbitNumber: VAR_TYPE = 'data' and no UNITS or UNIT_PTR.
  MinMax: VAR_TYPE = 'support_data' and no UNITS or UNIT_PTR.
  OrbitNumber_TT: VAR_TYPE = 'data' and no UNITS or UNIT_PTR.
RBSP-B_DENSITY_EMFISIS-L4 | ISTP.UNITS:
  wpe_over_wce: VAR_TYPE = 'data' and no UNITS or UNIT_PTR.
  digi_type: VAR_TYPE = 'data' and no UNITS or UNIT_PTR.
RBSP-B_HFR-SPECTRA-BURST_EMFISIS-L2 | ISTP.UNITS:
  HFR_bins: VAR_TYPE = 'data' and no UNITS or UNIT_PTR.
  MET: VAR_TYPE = 'data' and no UNITS or UNIT_PTR.
  APID: VAR_TYPE = 'support_data' and no UNITS or UNIT_PTR.
RBSP-B_HFR-SPECTRA-MERGED_EMFISIS-L2 | ISTP.UNITS:
  HFR_bins: VAR_TYPE = 'data' and no UNITS or UNIT_PTR.
  MET: VAR_TYPE = 'data' and no UNITS or UNIT_PTR.
  APID: VAR_TYPE = 'support_data' and no UNITS or UNIT_PTR.
RBSP-B_HFR-SPECTRA_EMFISIS-L2 | ISTP.UNITS:
  HFR_bins: VAR_TYPE = 'data' and no UNITS or UNIT_PTR.
  MET: VAR_TYPE = 'data' and no UNITS or UNIT_PTR.
  APID: VAR_TYPE = 'support_data' and no UNITS or UNIT_PTR.
RBSP-B_HFR-WAVEFORM_EMFISIS-L2 | ISTP.UNITS:
  MET: VAR_TYPE = 'data' and no UNITS or UNIT_PTR.
  APID: VAR_TYPE = 'support_data' and no UNITS or UNIT_PTR.
RBSP-B_MAGNETOMETER_1SEC-GEI_EMFISIS-L3 | ISTP.UNITS:
  range_flag: VAR_TYPE = 'data' and no UNITS or UNIT_PTR.
  partition: VAR_TYPE = 'data' and no UNITS or UNIT_PTR.
  MET: VAR_TYPE = 'data' and no UNITS or UNIT_PTR.
  calState: VAR_TYPE = 'data' and no UNITS or UNIT_PTR.
  magInvalid: VAR_TYPE = 'data' and no UNITS or UNIT_PTR.
  magFill: VAR_TYPE = 'data' and no UNITS or UNIT_PTR.
RBSP-B_MAGNETOMETER_1SEC-GEO_EMFISIS-L3 | ISTP.UNITS:
  range_flag: VAR_TYPE = 'data' and no UNITS or UNIT_PTR.
  partition: VAR_TYPE = 'data' and no UNITS or UNIT_PTR.
  MET: VAR_TYPE = 'data' and no UNITS or UNIT_PTR.
  calState: VAR_TYPE = 'data' and no UNITS or UNIT_PTR.
  magInvalid: VAR_TYPE = 'data' and no UNITS or UNIT_PTR.
  magFill: VAR_TYPE = 'data' and no UNITS or UNIT_PTR.
RBSP-B_MAGNETOMETER_1SEC-GSE_EMFISIS-L3 | ISTP.UNITS:
  range_flag: VAR_TYPE = 'data' and no UNITS or UNIT_PTR.
  partition: VAR_TYPE = 'data' and no UNITS or UNIT_PTR.
  MET: VAR_TYPE = 'data' and no UNITS or UNIT_PTR.
  calState: VAR_TYPE = 'data' and no UNITS or UNIT_PTR.
  magInvalid: VAR_TYPE = 'data' and no UNITS or UNIT_PTR.
  magFill: VAR_TYPE = 'data' and no UNITS or UNIT_PTR.
RBSP-B_MAGNETOMETER_1SEC-GSM_EMFISIS-L3 | ISTP.UNITS:
  range_flag: VAR_TYPE = 'data' and no UNITS or UNIT_PTR.
  partition: VAR_TYPE = 'data' and no UNITS or UNIT_PTR.
  MET: VAR_TYPE = 'data' and no UNITS or UNIT_PTR.
  calState: VAR_TYPE = 'data' and no UNITS or UNIT_PTR.
  magInvalid: VAR_TYPE = 'data' and no UNITS or UNIT_PTR.
  magFill: VAR_TYPE = 'data' and no UNITS or UNIT_PTR.
RBSP-B_MAGNETOMETER_1SEC-SM_EMFISIS-L3 | ISTP.UNITS:
  range_flag: VAR_TYPE = 'data' and no UNITS or UNIT_PTR.
  partition: VAR_TYPE = 'data' and no UNITS or UNIT_PTR.
  MET: VAR_TYPE = 'data' and no UNITS or UNIT_PTR.
  calState: VAR_TYPE = 'data' and no UNITS or UNIT_PTR.
  magInvalid: VAR_TYPE = 'data' and no UNITS or UNIT_PTR.
  magFill: VAR_TYPE = 'data' and no UNITS or UNIT_PTR.
RBSP-B_MAGNETOMETER_4SEC-GEI_EMFISIS-L3 | ISTP.UNITS:
  range_flag: VAR_TYPE = 'data' and no UNITS or UNIT_PTR.
  partition: VAR_TYPE = 'data' and no UNITS or UNIT_PTR.
  MET: VAR_TYPE = 'data' and no UNITS or UNIT_PTR.
  calState: VAR_TYPE = 'data' and no UNITS or UNIT_PTR.
  magInvalid: VAR_TYPE = 'data' and no UNITS or UNIT_PTR.
  magFill: VAR_TYPE = 'data' and no UNITS or UNIT_PTR.
RBSP-B_MAGNETOMETER_4SEC-GEO_EMFISIS-L3 | ISTP.UNITS:
  range_flag: VAR_TYPE = 'data' and no UNITS or UNIT_PTR.
  partition: VAR_TYPE = 'data' and no UNITS or UNIT_PTR.
  MET: VAR_TYPE = 'data' and no UNITS or UNIT_PTR.
  calState: VAR_TYPE = 'data' and no UNITS or UNIT_PTR.
  magInvalid: VAR_TYPE = 'data' and no UNITS or UNIT_PTR.
  magFill: VAR_TYPE = 'data' and no UNITS or UNIT_PTR.
RBSP-B_MAGNETOMETER_4SEC-GSE_EMFISIS-L3 | ISTP.UNITS:
  range_flag: VAR_TYPE = 'data' and no UNITS or UNIT_PTR.
  partition: VAR_TYPE = 'data' and no UNITS or UNIT_PTR.
  MET: VAR_TYPE = 'data' and no UNITS or UNIT_PTR.
  calState: VAR_TYPE = 'data' and no UNITS or UNIT_PTR.
  magInvalid: VAR_TYPE = 'data' and no UNITS or UNIT_PTR.
  magFill: VAR_TYPE = 'data' and no UNITS or UNIT_PTR.
RBSP-B_MAGNETOMETER_4SEC-GSM_EMFISIS-L3 | ISTP.UNITS:
  range_flag: VAR_TYPE = 'data' and no UNITS or UNIT_PTR.
  partition: VAR_TYPE = 'data' and no UNITS or UNIT_PTR.
  MET: VAR_TYPE = 'data' and no UNITS or UNIT_PTR.
  calState: VAR_TYPE = 'data' and no UNITS or UNIT_PTR.
  magInvalid: VAR_TYPE = 'data' and no UNITS or UNIT_PTR.
  magFill: VAR_TYPE = 'data' and no UNITS or UNIT_PTR.
RBSP-B_MAGNETOMETER_4SEC-SM_EMFISIS-L3 | ISTP.UNITS:
  range_flag: VAR_TYPE = 'data' and no UNITS or UNIT_PTR.
  partition: VAR_TYPE = 'data' and no UNITS or UNIT_PTR.
  MET: VAR_TYPE = 'data' and no UNITS or UNIT_PTR.
  calState: VAR_TYPE = 'data' and no UNITS or UNIT_PTR.
  magInvalid: VAR_TYPE = 'data' and no UNITS or UNIT_PTR.
  magFill: VAR_TYPE = 'data' and no UNITS or UNIT_PTR.
RBSP-B_MAGNETOMETER_HIRES-GEI_EMFISIS-L3 | ISTP.UNITS:
  range_flag: VAR_TYPE = 'data' and no UNITS or UNIT_PTR.
  partition: VAR_TYPE = 'data' and no UNITS or UNIT_PTR.
  MET: VAR_TYPE = 'data' and no UNITS or UNIT_PTR.
  calState: VAR_TYPE = 'data' and no UNITS or UNIT_PTR.
  magInvalid: VAR_TYPE = 'data' and no UNITS or UNIT_PTR.
  magFill: VAR_TYPE = 'data' and no UNITS or UNIT_PTR.
RBSP-B_MAGNETOMETER_HIRES-GEO_EMFISIS-L3 | ISTP.UNITS:
  range_flag: VAR_TYPE = 'data' and no UNITS or UNIT_PTR.
  partition: VAR_TYPE = 'data' and no UNITS or UNIT_PTR.
  MET: VAR_TYPE = 'data' and no UNITS or UNIT_PTR.
  calState: VAR_TYPE = 'data' and no UNITS or UNIT_PTR.
  magInvalid: VAR_TYPE = 'data' and no UNITS or UNIT_PTR.
  magFill: VAR_TYPE = 'data' and no UNITS or UNIT_PTR.
RBSP-B_MAGNETOMETER_HIRES-GSE_EMFISIS-L3 | ISTP.UNITS:
  range_flag: VAR_TYPE = 'data' and no UNITS or UNIT_PTR.
  partition: VAR_TYPE = 'data' and no UNITS or UNIT_PTR.
  MET: VAR_TYPE = 'data' and no UNITS or UNIT_PTR.
  calState: VAR_TYPE = 'data' and no UNITS or UNIT_PTR.
  magInvalid: VAR_TYPE = 'data' and no UNITS or UNIT_PTR.
  magFill: VAR_TYPE = 'data' and no UNITS or UNIT_PTR.
RBSP-B_MAGNETOMETER_HIRES-GSM_EMFISIS-L3 | ISTP.UNITS:
  range_flag: VAR_TYPE = 'data' and no UNITS or UNIT_PTR.
  partition: VAR_TYPE = 'data' and no UNITS or UNIT_PTR.
  MET: VAR_TYPE = 'data' and no UNITS or UNIT_PTR.
  calState: VAR_TYPE = 'data' and no UNITS or UNIT_PTR.
  magInvalid: VAR_TYPE = 'data' and no UNITS or UNIT_PTR.
  magFill: VAR_TYPE = 'data' and no UNITS or UNIT_PTR.
RBSP-B_MAGNETOMETER_HIRES-SM_EMFISIS-L3 | ISTP.UNITS:
  range_flag: VAR_TYPE = 'data' and no UNITS or UNIT_PTR.
  partition: VAR_TYPE = 'data' and no UNITS or UNIT_PTR.
  MET: VAR_TYPE = 'data' and no UNITS or UNIT_PTR.
  calState: VAR_TYPE = 'data' and no UNITS or UNIT_PTR.
  magInvalid: VAR_TYPE = 'data' and no UNITS or UNIT_PTR.
  magFill: VAR_TYPE = 'data' and no UNITS or UNIT_PTR.
RBSP-B_MAGNETOMETER_UVW_EMFISIS-L2 | ISTP.UNITS:
  range_flag: VAR_TYPE = 'data' and no UNITS or UNIT_PTR.
  partition: VAR_TYPE = 'data' and no UNITS or UNIT_PTR.
  MET: VAR_TYPE = 'data' and no UNITS or UNIT_PTR.
  calState: VAR_TYPE = 'data' and no UNITS or UNIT_PTR.
  magInvalid: VAR_TYPE = 'data' and no UNITS or UNIT_PTR.
  magFill: VAR_TYPE = 'data' and no UNITS or UNIT_PTR.
RBSP-B_WFR-SPECTRAL-MATRIX-DIAGONAL-MERGED_EMFISIS-L2 | ISTP.UNITS:
  chorusQF: VAR_TYPE = 'support_data' and no UNITS or UNIT_PTR.
  JCBflagsFiveChanWNA: VAR_TYPE = 'support_data' and no UNITS or UNIT_PTR.
  JCBflagsUseCalibratedWFRData: VAR_TYPE = 'support_data' and no UNITS or UNIT_PTR.
  JCBflagsUseDespinData: VAR_TYPE = 'support_data' and no UNITS or UNIT_PTR.
  MET: VAR_TYPE = 'data' and no UNITS or UNIT_PTR.
  APID: VAR_TYPE = 'support_data' and no UNITS or UNIT_PTR.
RBSP-B_WFR-SPECTRAL-MATRIX-DIAGONAL_EMFISIS-L2 | ISTP.UNITS:
  chorusQF: VAR_TYPE = 'support_data' and no UNITS or UNIT_PTR.
  JCBflagsFiveChanWNA: VAR_TYPE = 'support_data' and no UNITS or UNIT_PTR.
  JCBflagsUseCalibratedWFRData: VAR_TYPE = 'support_data' and no UNITS or UNIT_PTR.
  JCBflagsUseDespinData: VAR_TYPE = 'support_data' and no UNITS or UNIT_PTR.
  MET: VAR_TYPE = 'data' and no UNITS or UNIT_PTR.
  APID: VAR_TYPE = 'support_data' and no UNITS or UNIT_PTR.
RBSP-B_WFR-SPECTRAL-MATRIX_EMFISIS-L2 | ISTP.UNITS:
  chorusQF: VAR_TYPE = 'support_data' and no UNITS or UNIT_PTR.
  JCBflagsFiveChanWNA: VAR_TYPE = 'support_data' and no UNITS or UNIT_PTR.
  JCBflagsUseCalibratedWFRData: VAR_TYPE = 'support_data' and no UNITS or UNIT_PTR.
  JCBflagsUseDespinData: VAR_TYPE = 'support_data' and no UNITS or UNIT_PTR.
  MET: VAR_TYPE = 'data' and no UNITS or UNIT_PTR.
  APID: VAR_TYPE = 'support_data' and no UNITS or UNIT_PTR.
  complex_component: VAR_TYPE = 'support_data' and no UNITS or UNIT_PTR.
RBSP-B_WFR-WAVEFORM-CONTINUOUS-BURST_EMFISIS-L2 | ISTP.UNITS:
  MET: VAR_TYPE = 'support_data' and no UNITS or UNIT_PTR.
  APID: VAR_TYPE = 'support_data' and no UNITS or UNIT_PTR.
  BCalibrationCoef: VAR_TYPE = 'support_data' and no UNITS or UNIT_PTR.
  ECalibrationCoef: VAR_TYPE = 'support_data' and no UNITS or UNIT_PTR.
  CalibrationCoef_LABL: VAR_TYPE = 'support_data' and no UNITS or UNIT_PTR.
  chorusQF: VAR_TYPE = 'support_data' and no UNITS or UNIT_PTR.
RBSP-B_WFR-WAVEFORM_EMFISIS-L2 | ISTP.UNITS:
  MET: VAR_TYPE = 'support_data' and no UNITS or UNIT_PTR.
  APID: VAR_TYPE = 'support_data' and no UNITS or UNIT_PTR.
  BCalibrationCoef: VAR_TYPE = 'support_data' and no UNITS or UNIT_PTR.
  ECalibrationCoef: VAR_TYPE = 'support_data' and no UNITS or UNIT_PTR.
  CalibrationCoef_LABL: VAR_TYPE = 'support_data' and no UNITS or UNIT_PTR.
  chorusQF: VAR_TYPE = 'support_data' and no UNITS or UNIT_PTR.
RBSP-B_WNA-SURVEY_EMFISIS-L4 | ISTP.UNITS:
  cohb1_2: VAR_TYPE = 'data' and no UNITS or UNIT_PTR.
  cohb1_3: VAR_TYPE = 'data' and no UNITS or UNIT_PTR.
  cohb2_3: VAR_TYPE = 'data' and no UNITS or UNIT_PTR.
  eigen: VAR_TYPE = 'data' and no UNITS or UNIT_PTR.
  ellsvd: VAR_TYPE = 'data' and no UNITS or UNIT_PTR.
  plansvd: VAR_TYPE = 'data' and no UNITS or UNIT_PTR.
  plansvde: VAR_TYPE = 'data' and no UNITS or UNIT_PTR.
  polsvd: VAR_TYPE = 'data' and no UNITS or UNIT_PTR.
RBSPA_EFW-L2_E-HIRES-UVW | ISTP.UNITS:
  E_vector_compno: VAR_TYPE = 'support_data' and no UNITS or UNIT_PTR.
  efw_qual_compno: VAR_TYPE = 'support_data' and no UNITS or UNIT_PTR.
  L_vector: VAR_TYPE = 'data' and no UNITS or UNIT_PTR.
RBSPA_EFW-L2_E-SPINFIT-MGSE | ISTP.UNITS:
  sfit_compno: VAR_TYPE = 'support_data' and no UNITS or UNIT_PTR.
  efw_qual_compno: VAR_TYPE = 'support_data' and no UNITS or UNIT_PTR.
  spinaxis_gse: VAR_TYPE = 'data' and no UNITS or UNIT_PTR.
  flags_all: VAR_TYPE = 'data' and no UNITS or UNIT_PTR.
  mlt: VAR_TYPE = 'data' and no UNITS or UNIT_PTR.
  lshell: VAR_TYPE = 'data' and no UNITS or UNIT_PTR.
  Lstar: VAR_TYPE = 'data' and no UNITS or UNIT_PTR.
  diagBratio: VAR_TYPE = 'data' and no UNITS or UNIT_PTR.
  flags_charging_bias_eclipse: VAR_TYPE = 'data' and no UNITS or UNIT_PTR.
RBSPA_EFW-L2_ESVY_DESPUN | ISTP.UNITS:
  sfit_compno: VAR_TYPE = 'support_data' and no UNITS or UNIT_PTR.
  efw_qual_compno: VAR_TYPE = 'support_data' and no UNITS or UNIT_PTR.
  lshell: VAR_TYPE = 'data' and no UNITS or UNIT_PTR.
  spinaxis_gse: VAR_TYPE = 'data' and no UNITS or UNIT_PTR.
  gse_pos_compno: VAR_TYPE = 'support_data' and no UNITS or UNIT_PTR.
  gse_vel_compno: VAR_TYPE = 'support_data' and no UNITS or UNIT_PTR.
  diagBratio: VAR_TYPE = 'data' and no UNITS or UNIT_PTR.
  flags_charging_bias_eclipse: VAR_TYPE = 'data' and no UNITS or UNIT_PTR.
RBSPA_EFW-L2_FBK | ISTP.UNITS:
  fbk13_compno: VAR_TYPE = 'support_data' and no UNITS or UNIT_PTR.
  fbk7_compno: VAR_TYPE = 'support_data' and no UNITS or UNIT_PTR.
  fbk7_flow: VAR_TYPE = 'support_data' and no UNITS or UNIT_PTR.
  fbk7_fhigh: VAR_TYPE = 'support_data' and no UNITS or UNIT_PTR.
  efw_qual: VAR_TYPE = 'data' and no UNITS or UNIT_PTR.
  efw_qual_compno: VAR_TYPE = 'support_data' and no UNITS or UNIT_PTR.
RBSPA_EFW-L2_SPEC | ISTP.UNITS:
  spec64_compno: VAR_TYPE = 'support_data' and no UNITS or UNIT_PTR.
  epoch_qual_compno: VAR_TYPE = 'support_data' and no UNITS or UNIT_PTR.
  efw_qual: VAR_TYPE = 'data' and no UNITS or UNIT_PTR.
  efw_qual_compno: VAR_TYPE = 'support_data' and no UNITS or UNIT_PTR.
RBSPA_EFW-L2_VSVY-HIRES | ISTP.UNITS:
  mlt: VAR_TYPE = 'data' and no UNITS or UNIT_PTR.
  lshell: VAR_TYPE = 'data' and no UNITS or UNIT_PTR.
RBSPA_L2-1MIN_PSBR-RPS | ISTP.UNITS:
  Mission_Day: VAR_TYPE = 'data' and no UNITS or UNIT_PTR.
  Orbit_Number: VAR_TYPE = 'data' and no UNITS or UNIT_PTR.
  FPDI_RMSE: VAR_TYPE = 'data' and no UNITS or UNIT_PTR.
  FPDI_Crosscalib: VAR_TYPE = 'support_data' and no UNITS or UNIT_PTR.
  FPDI_Crosscalib_RMSE: VAR_TYPE = 'support_data' and no UNITS or UNIT_PTR.
RBSPA_L2_PSBR-RPS | ISTP.UNITS:
  Mission_Day: VAR_TYPE = 'data' and no UNITS or UNIT_PTR.
  Orbit_Number: VAR_TYPE = 'data' and no UNITS or UNIT_PTR.
  BORE_SIGHT: VAR_TYPE = 'data' and no UNITS or UNIT_PTR.
  FPDU_RMSE: VAR_TYPE = 'data' and no UNITS or UNIT_PTR.
  EVENT_Mission_Day: VAR_TYPE = 'data' and no UNITS or UNIT_PTR.
  EVENT_L1_SERIAL: VAR_TYPE = 'support_data' and no UNITS or UNIT_PTR.
  EVENT_L0_SERIAL: VAR_TYPE = 'support_data' and no UNITS or UNIT_PTR.
  EVENT_PACKET_SERIAL: VAR_TYPE = 'support_data' and no UNITS or UNIT_PTR.
  EVENT_SLOT_SERIAL: VAR_TYPE = 'support_data' and no UNITS or UNIT_PTR.
  EVENT_Orbit_Number: VAR_TYPE = 'data' and no UNITS or UNIT_PTR.
  EVENT_PULSEHEIGHTS: VAR_TYPE = 'data' and no UNITS or UNIT_PTR.
  EVENT_CHE_PHOTONS: VAR_TYPE = 'data' and no UNITS or UNIT_PTR.
  EVENT_DIRECTION: VAR_TYPE = 'data' and no UNITS or UNIT_PTR.
  EVENT_CHANNEL_ID: VAR_TYPE = 'data' and no UNITS or UNIT_PTR.
  EVENT_TYPE: VAR_TYPE = 'data' and no UNITS or UNIT_PTR.
  FPDU_Crosscalib: VAR_TYPE = 'support_data' and no UNITS or UNIT_PTR.
  FPDU_Crosscalib_RMSE: VAR_TYPE = 'support_data' and no UNITS or UNIT_PTR.
RBSPA_REL03_ECT-REPT-SCI-L2 | ISTP.UNITS:
  Epoch: VAR_TYPE = 'support_data' and no UNITS or UNIT_PTR.
  FESA_Delta_Energy: VAR_TYPE = 'support_data' and no UNITS or UNIT_PTR.
  FEDU_Delta_Energy: VAR_TYPE = 'support_data' and no UNITS or UNIT_PTR.
  FPSA_Efficiency: VAR_TYPE = 'support_data' and no UNITS or UNIT_PTR.
  FPDU_Efficiency: VAR_TYPE = 'support_data' and no UNITS or UNIT_PTR.
RBSPA_REL03_ECT-REPT-SCI-L3 | ISTP.UNITS:
  Epoch: VAR_TYPE = 'support_data' and no UNITS or UNIT_PTR.
  Epoch_prot: VAR_TYPE = 'support_data' and no UNITS or UNIT_PTR.
  FEDU_PA_LABL: VAR_TYPE = 'support_data' and no UNITS or UNIT_PTR.
  FEDU_PA_0TO180_LABL: VAR_TYPE = 'support_data' and no UNITS or UNIT_PTR.
  FEDU_PA_180TO360_LABL: VAR_TYPE = 'support_data' and no UNITS or UNIT_PTR.
  FPDU_PA_LABL: VAR_TYPE = 'support_data' and no UNITS or UNIT_PTR.
  FPDU_PA_0TO180_LABL: VAR_TYPE = 'support_data' and no UNITS or UNIT_PTR.
  FPDU_PA_180TO360_LABL: VAR_TYPE = 'support_data' and no UNITS or UNIT_PTR.
  L_star: VAR_TYPE = 'data' and no UNITS or UNIT_PTR.
  L: VAR_TYPE = 'data' and no UNITS or UNIT_PTR.
  L_star_TT: VAR_TYPE = 'data' and no UNITS or UNIT_PTR.
  L_TT: VAR_TYPE = 'data' and no UNITS or UNIT_PTR.
RBSPA_REL04_ECT-HOPE-MOM-L3 | ISTP.UNITS:
  Epoch_Ion: VAR_TYPE = 'support_data' and no UNITS or UNIT_PTR.
  Epoch_Ele: VAR_TYPE = 'support_data' and no UNITS or UNIT_PTR.
RBSPA_REL04_ECT-HOPE-PA-L3 | ISTP.UNITS:
  Epoch_Ele: VAR_TYPE = 'support_data' and no UNITS or UNIT_PTR.
  Epoch_Ion: VAR_TYPE = 'support_data' and no UNITS or UNIT_PTR.
  Ele_SAMPLES_Omni: VAR_TYPE = 'support_data' and no UNITS or UNIT_PTR.
  Ele_SAMPLES: VAR_TYPE = 'support_data' and no UNITS or UNIT_PTR.
  Ion_SAMPLES_Omni: VAR_TYPE = 'support_data' and no UNITS or UNIT_PTR.
  Ion_SAMPLES: VAR_TYPE = 'support_data' and no UNITS or UNIT_PTR.
RBSPA_REL04_ECT-HOPE-SCI-L2 | ISTP.UNITS:
  HOPE_DETECTOR: VAR_TYPE = 'data' and no UNITS or UNIT_PTR.
  HOPE_SECTOR: VAR_TYPE = 'data' and no UNITS or UNIT_PTR.
  Sector_Collapse_Cntr: VAR_TYPE = 'support_data' and no UNITS or UNIT_PTR.
  Plan: VAR_TYPE = 'support_data' and no UNITS or UNIT_PTR.
  Plan_Step: VAR_TYPE = 'support_data' and no UNITS or UNIT_PTR.
  ESA_Polarity: VAR_TYPE = 'support_data' and no UNITS or UNIT_PTR.
  ESA_Sweep: VAR_TYPE = 'support_data' and no UNITS or UNIT_PTR.
  Energy_Collapsed: VAR_TYPE = 'support_data' and no UNITS or UNIT_PTR.
  Flags_Ion: VAR_TYPE = 'support_data' and no UNITS or UNIT_PTR.
  Flags_Ele: VAR_TYPE = 'support_data' and no UNITS or UNIT_PTR.
RBSPA_REL04_ECT-HOPE-SCI-L2SA | ISTP.UNITS:
  HOPE_DETECTOR: VAR_TYPE = 'data' and no UNITS or UNIT_PTR.
  HOPE_SECTOR: VAR_TYPE = 'data' and no UNITS or UNIT_PTR.
  Sector_Collapse_Cntr: VAR_TYPE = 'support_data' and no UNITS or UNIT_PTR.
  Plan: VAR_TYPE = 'support_data' and no UNITS or UNIT_PTR.
  Plan_Step: VAR_TYPE = 'support_data' and no UNITS or UNIT_PTR.
  ESA_Polarity: VAR_TYPE = 'support_data' and no UNITS or UNIT_PTR.
  ESA_Sweep: VAR_TYPE = 'support_data' and no UNITS or UNIT_PTR.
  Energy_Collapsed: VAR_TYPE = 'support_data' and no UNITS or UNIT_PTR.
  Flags_Ion: VAR_TYPE = 'support_data' and no UNITS or UNIT_PTR.
  Flags_Ele: VAR_TYPE = 'support_data' and no UNITS or UNIT_PTR.
RBSPA_REL04_ECT-MAGEIS-L3 | ISTP.UNITS:
  Epoch: VAR_TYPE = 'support_data' and no UNITS or UNIT_PTR.
  FEDU_ENERGY_LABL: VAR_TYPE = 'support_data' and no UNITS or UNIT_PTR.
  FEDU_PA_LABL: VAR_TYPE = 'support_data' and no UNITS or UNIT_PTR.
  FPDU_Epoch: VAR_TYPE = 'support_data' and no UNITS or UNIT_PTR.
  FPDU_ENERGY_LABL: VAR_TYPE = 'support_data' and no UNITS or UNIT_PTR.
  FPDU_PA_LABL: VAR_TYPE = 'support_data' and no UNITS or UNIT_PTR.
  FPDU_pix1_ENERGY_LABL: VAR_TYPE = 'support_data' and no UNITS or UNIT_PTR.
  FPDU_pix2_ENERGY_LABL: VAR_TYPE = 'support_data' and no UNITS or UNIT_PTR.
  L_star: VAR_TYPE = 'data' and no UNITS or UNIT_PTR.
  L: VAR_TYPE = 'data' and no UNITS or UNIT_PTR.
  LstarVsAlpha: VAR_TYPE = 'data' and no UNITS or UNIT_PTR.
  L_star_TT: VAR_TYPE = 'data' and no UNITS or UNIT_PTR.
  L_TT: VAR_TYPE = 'data' and no UNITS or UNIT_PTR.
RBSPB_EFW-L2_E-HIRES-UVW | ISTP.UNITS:
  E_vector_compno: VAR_TYPE = 'support_data' and no UNITS or UNIT_PTR.
  efw_qual_compno: VAR_TYPE = 'support_data' and no UNITS or UNIT_PTR.
  L_vector: VAR_TYPE = 'data' and no UNITS or UNIT_PTR.
RBSPB_EFW-L2_E-SPINFIT-MGSE | ISTP.UNITS:
  sfit_compno: VAR_TYPE = 'support_data' and no UNITS or UNIT_PTR.
  efw_qual_compno: VAR_TYPE = 'support_data' and no UNITS or UNIT_PTR.
  spinaxis_gse: VAR_TYPE = 'data' and no UNITS or UNIT_PTR.
  flags_all: VAR_TYPE = 'data' and no UNITS or UNIT_PTR.
  mlt: VAR_TYPE = 'data' and no UNITS or UNIT_PTR.
  lshell: VAR_TYPE = 'data' and no UNITS or UNIT_PTR.
  Lstar: VAR_TYPE = 'data' and no UNITS or UNIT_PTR.
  diagBratio: VAR_TYPE = 'data' and no UNITS or UNIT_PTR.
  flags_charging_bias_eclipse: VAR_TYPE = 'data' and no UNITS or UNIT_PTR.
RBSPB_EFW-L2_ESVY_DESPUN | ISTP.UNITS:
  sfit_compno: VAR_TYPE = 'support_data' and no UNITS or UNIT_PTR.
  efw_qual_compno: VAR_TYPE = 'support_data' and no UNITS or UNIT_PTR.
  lshell: VAR_TYPE = 'data' and no UNITS or UNIT_PTR.
  spinaxis_gse: VAR_TYPE = 'data' and no UNITS or UNIT_PTR.
  gse_pos_compno: VAR_TYPE = 'support_data' and no UNITS or UNIT_PTR.
  gse_vel_compno: VAR_TYPE = 'support_data' and no UNITS or UNIT_PTR.
  diagBratio: VAR_TYPE = 'data' and no UNITS or UNIT_PTR.
  flags_charging_bias_eclipse: VAR_TYPE = 'data' and no UNITS or UNIT_PTR.
RBSPB_EFW-L2_FBK | ISTP.UNITS:
  fbk13_compno: VAR_TYPE = 'support_data' and no UNITS or UNIT_PTR.
  fbk7_compno: VAR_TYPE = 'support_data' and no UNITS or UNIT_PTR.
  fbk7_flow: VAR_TYPE = 'support_data' and no UNITS or UNIT_PTR.
  fbk7_fhigh: VAR_TYPE = 'support_data' and no UNITS or UNIT_PTR.
  efw_qual: VAR_TYPE = 'data' and no UNITS or UNIT_PTR.
  efw_qual_compno: VAR_TYPE = 'support_data' and no UNITS or UNIT_PTR.
RBSPB_EFW-L2_SPEC | ISTP.UNITS:
  spec64_compno: VAR_TYPE = 'support_data' and no UNITS or UNIT_PTR.
  epoch_qual_compno: VAR_TYPE = 'support_data' and no UNITS or UNIT_PTR.
  efw_qual: VAR_TYPE = 'data' and no UNITS or UNIT_PTR.
  efw_qual_compno: VAR_TYPE = 'support_data' and no UNITS or UNIT_PTR.
RBSPB_EFW-L2_VSVY-HIRES | ISTP.UNITS:
  mlt: VAR_TYPE = 'data' and no UNITS or UNIT_PTR.
  lshell: VAR_TYPE = 'data' and no UNITS or UNIT_PTR.
RBSPB_L2-1MIN_PSBR-RPS | ISTP.UNITS:
  Mission_Day: VAR_TYPE = 'data' and no UNITS or UNIT_PTR.
  Orbit_Number: VAR_TYPE = 'data' and no UNITS or UNIT_PTR.
  FPDI_RMSE: VAR_TYPE = 'data' and no UNITS or UNIT_PTR.
  FPDI_Crosscalib: VAR_TYPE = 'support_data' and no UNITS or UNIT_PTR.
  FPDI_Crosscalib_RMSE: VAR_TYPE = 'support_data' and no UNITS or UNIT_PTR.
RBSPB_L2_PSBR-RPS | ISTP.UNITS:
  Mission_Day: VAR_TYPE = 'data' and no UNITS or UNIT_PTR.
  Orbit_Number: VAR_TYPE = 'data' and no UNITS or UNIT_PTR.
  BORE_SIGHT: VAR_TYPE = 'data' and no UNITS or UNIT_PTR.
  FPDU_RMSE: VAR_TYPE = 'data' and no UNITS or UNIT_PTR.
  EVENT_Mission_Day: VAR_TYPE = 'data' and no UNITS or UNIT_PTR.
  EVENT_L1_SERIAL: VAR_TYPE = 'support_data' and no UNITS or UNIT_PTR.
  EVENT_L0_SERIAL: VAR_TYPE = 'support_data' and no UNITS or UNIT_PTR.
  EVENT_PACKET_SERIAL: VAR_TYPE = 'support_data' and no UNITS or UNIT_PTR.
  EVENT_SLOT_SERIAL: VAR_TYPE = 'support_data' and no UNITS or UNIT_PTR.
  EVENT_Orbit_Number: VAR_TYPE = 'data' and no UNITS or UNIT_PTR.
  EVENT_PULSEHEIGHTS: VAR_TYPE = 'data' and no UNITS or UNIT_PTR.
  EVENT_CHE_PHOTONS: VAR_TYPE = 'data' and no UNITS or UNIT_PTR.
  EVENT_DIRECTION: VAR_TYPE = 'data' and no UNITS or UNIT_PTR.
  EVENT_CHANNEL_ID: VAR_TYPE = 'data' and no UNITS or UNIT_PTR.
  EVENT_TYPE: VAR_TYPE = 'data' and no UNITS or UNIT_PTR.
  FPDU_Crosscalib: VAR_TYPE = 'support_data' and no UNITS or UNIT_PTR.
  FPDU_Crosscalib_RMSE: VAR_TYPE = 'support_data' and no UNITS or UNIT_PTR.
RBSPB_REL03_ECT-REPT-SCI-L2 | ISTP.UNITS:
  Epoch: VAR_TYPE = 'support_data' and no UNITS or UNIT_PTR.
  FESA_Delta_Energy: VAR_TYPE = 'support_data' and no UNITS or UNIT_PTR.
  FEDU_Delta_Energy: VAR_TYPE = 'support_data' and no UNITS or UNIT_PTR.
  FPSA_Efficiency: VAR_TYPE = 'support_data' and no UNITS or UNIT_PTR.
  FPDU_Efficiency: VAR_TYPE = 'support_data' and no UNITS or UNIT_PTR.
RBSPB_REL03_ECT-REPT-SCI-L3 | ISTP.UNITS:
  Epoch: VAR_TYPE = 'support_data' and no UNITS or UNIT_PTR.
  Epoch_prot: VAR_TYPE = 'support_data' and no UNITS or UNIT_PTR.
  FEDU_PA_LABL: VAR_TYPE = 'support_data' and no UNITS or UNIT_PTR.
  FEDU_PA_0TO180_LABL: VAR_TYPE = 'support_data' and no UNITS or UNIT_PTR.
  FEDU_PA_180TO360_LABL: VAR_TYPE = 'support_data' and no UNITS or UNIT_PTR.
  FPDU_PA_LABL: VAR_TYPE = 'support_data' and no UNITS or UNIT_PTR.
  FPDU_PA_0TO180_LABL: VAR_TYPE = 'support_data' and no UNITS or UNIT_PTR.
  FPDU_PA_180TO360_LABL: VAR_TYPE = 'support_data' and no UNITS or UNIT_PTR.
  L_star: VAR_TYPE = 'data' and no UNITS or UNIT_PTR.
  L: VAR_TYPE = 'data' and no UNITS or UNIT_PTR.
  L_star_TT: VAR_TYPE = 'data' and no UNITS or UNIT_PTR.
  L_TT: VAR_TYPE = 'data' and no UNITS or UNIT_PTR.
RBSPB_REL04_ECT-HOPE-MOM-L3 | ISTP.UNITS:
  Epoch_Ion: VAR_TYPE = 'support_data' and no UNITS or UNIT_PTR.
  Epoch_Ele: VAR_TYPE = 'support_data' and no UNITS or UNIT_PTR.
RBSPB_REL04_ECT-HOPE-PA-L3 | ISTP.UNITS:
  Epoch_Ele: VAR_TYPE = 'support_data' and no UNITS or UNIT_PTR.
  Epoch_Ion: VAR_TYPE = 'support_data' and no UNITS or UNIT_PTR.
  Ele_SAMPLES_Omni: VAR_TYPE = 'support_data' and no UNITS or UNIT_PTR.
  Ele_SAMPLES: VAR_TYPE = 'support_data' and no UNITS or UNIT_PTR.
  Ion_SAMPLES_Omni: VAR_TYPE = 'support_data' and no UNITS or UNIT_PTR.
  Ion_SAMPLES: VAR_TYPE = 'support_data' and no UNITS or UNIT_PTR.
RBSPB_REL04_ECT-HOPE-SCI-L2 | ISTP.UNITS:
  HOPE_DETECTOR: VAR_TYPE = 'data' and no UNITS or UNIT_PTR.
  HOPE_SECTOR: VAR_TYPE = 'data' and no UNITS or UNIT_PTR.
  Sector_Collapse_Cntr: VAR_TYPE = 'support_data' and no UNITS or UNIT_PTR.
  Plan: VAR_TYPE = 'support_data' and no UNITS or UNIT_PTR.
  Plan_Step: VAR_TYPE = 'support_data' and no UNITS or UNIT_PTR.
  ESA_Polarity: VAR_TYPE = 'support_data' and no UNITS or UNIT_PTR.
  ESA_Sweep: VAR_TYPE = 'support_data' and no UNITS or UNIT_PTR.
  Energy_Collapsed: VAR_TYPE = 'support_data' and no UNITS or UNIT_PTR.
  Flags_Ion: VAR_TYPE = 'support_data' and no UNITS or UNIT_PTR.
  Flags_Ele: VAR_TYPE = 'support_data' and no UNITS or UNIT_PTR.
RBSPB_REL04_ECT-HOPE-SCI-L2SA | ISTP.UNITS:
  HOPE_DETECTOR: VAR_TYPE = 'data' and no UNITS or UNIT_PTR.
  HOPE_SECTOR: VAR_TYPE = 'data' and no UNITS or UNIT_PTR.
  Sector_Collapse_Cntr: VAR_TYPE = 'support_data' and no UNITS or UNIT_PTR.
  Plan: VAR_TYPE = 'support_data' and no UNITS or UNIT_PTR.
  Plan_Step: VAR_TYPE = 'support_data' and no UNITS or UNIT_PTR.
  ESA_Polarity: VAR_TYPE = 'support_data' and no UNITS or UNIT_PTR.
  ESA_Sweep: VAR_TYPE = 'support_data' and no UNITS or UNIT_PTR.
  Energy_Collapsed: VAR_TYPE = 'support_data' and no UNITS or UNIT_PTR.
  Flags_Ion: VAR_TYPE = 'support_data' and no UNITS or UNIT_PTR.
  Flags_Ele: VAR_TYPE = 'support_data' and no UNITS or UNIT_PTR.
RBSPB_REL04_ECT-MAGEIS-L3 | ISTP.UNITS:
  Epoch: VAR_TYPE = 'support_data' and no UNITS or UNIT_PTR.
  FEDU_ENERGY_LABL: VAR_TYPE = 'support_data' and no UNITS or UNIT_PTR.
  FEDU_PA_LABL: VAR_TYPE = 'support_data' and no UNITS or UNIT_PTR.
  FPDU_Epoch: VAR_TYPE = 'support_data' and no UNITS or UNIT_PTR.
  FPDU_ENERGY_LABL: VAR_TYPE = 'support_data' and no UNITS or UNIT_PTR.
  FPDU_PA_LABL: VAR_TYPE = 'support_data' and no UNITS or UNIT_PTR.
  FPDU_pix1_ENERGY_LABL: VAR_TYPE = 'support_data' and no UNITS or UNIT_PTR.
  FPDU_pix2_ENERGY_LABL: VAR_TYPE = 'support_data' and no UNITS or UNIT_PTR.
  L_star: VAR_TYPE = 'data' and no UNITS or UNIT_PTR.
  L: VAR_TYPE = 'data' and no UNITS or UNIT_PTR.
  LstarVsAlpha: VAR_TYPE = 'data' and no UNITS or UNIT_PTR.
  L_star_TT: VAR_TYPE = 'data' and no UNITS or UNIT_PTR.
  L_TT: VAR_TYPE = 'data' and no UNITS or UNIT_PTR.
RBSP_ECT-REPT-SCI-L3-SELESNICK-MODEL | ISTP.UNITS:
  Epoch: VAR_TYPE = 'support_data' and no UNITS or UNIT_PTR.
SOLO_L2_MAG-RTN-BURST | ISTP.UNITS:
  REP1_B_RTN: VAR_TYPE = 'support_data' and no UNITS or UNIT_PTR.
SOLO_L2_MAG-RTN-LL | ISTP.UNITS:
  REP1_B_RTN: VAR_TYPE = 'support_data' and no UNITS or UNIT_PTR.
SOLO_L2_MAG-RTN-LL-1-MINUTE | ISTP.UNITS:
  REP1_B_RTN: VAR_TYPE = 'support_data' and no UNITS or UNIT_PTR.
SOLO_L2_MAG-RTN-NORMAL | ISTP.UNITS:
  REP1_B_RTN: VAR_TYPE = 'support_data' and no UNITS or UNIT_PTR.
SOLO_L2_MAG-RTN-NORMAL-1-MINUTE | ISTP.UNITS:
  REP1_B_RTN: VAR_TYPE = 'support_data' and no UNITS or UNIT_PTR.
SOLO_L2_MAG-VSO-BURST | ISTP.UNITS:
  REP1_B_VSO: VAR_TYPE = 'support_data' and no UNITS or UNIT_PTR.
SOLO_L2_MAG-VSO-NORMAL | ISTP.UNITS:
  REP1_B_VSO: VAR_TYPE = 'support_data' and no UNITS or UNIT_PTR.
SOLO_L2_MAG-VSO-NORMAL-1-MINUTE | ISTP.UNITS:
  REP1_B_VSO: VAR_TYPE = 'support_data' and no UNITS or UNIT_PTR.
SOLO_L2_SWA-EAS-PAD-DEF | ISTP.UNITS:
  SWA_EAS_EasUsed: VAR_TYPE = 'support_data' and no UNITS or UNIT_PTR.
  EAS_TO_SRF: VAR_TYPE = 'support_data' and no UNITS or UNIT_PTR.
  QUALITY_FLAG: VAR_TYPE = 'support_data' and no UNITS or UNIT_PTR.
SOLO_L2_SWA-EAS-PAD-DNF | ISTP.UNITS:
  SWA_EAS_EasUsed: VAR_TYPE = 'support_data' and no UNITS or UNIT_PTR.
  EAS_TO_SRF: VAR_TYPE = 'support_data' and no UNITS or UNIT_PTR.
  QUALITY_FLAG: VAR_TYPE = 'support_data' and no UNITS or UNIT_PTR.
SOLO_L2_SWA-EAS-PAD-PSD | ISTP.UNITS:
  SWA_EAS_EasUsed: VAR_TYPE = 'support_data' and no UNITS or UNIT_PTR.
  EAS_TO_SRF: VAR_TYPE = 'support_data' and no UNITS or UNIT_PTR.
  QUALITY_FLAG: VAR_TYPE = 'support_data' and no UNITS or UNIT_PTR.
SOLO_L2_SWA-EAS1-NM3D-DEF | ISTP.UNITS:
  EAS1_TO_RTN: VAR_TYPE = 'support_data' and no UNITS or UNIT_PTR.
SOLO_L2_SWA-EAS2-NM3D-DEF | ISTP.UNITS:
  EAS2_TO_RTN: VAR_TYPE = 'support_data' and no UNITS or UNIT_PTR.
  QUALITY_FLAG: VAR_TYPE = 'support_data' and no UNITS or UNIT_PTR.
SOLO_LL02_EPD-EPT-ASUN-RATES | ISTP.UNITS:
  QUALITY_FLAG: VAR_TYPE = 'support_data' and no UNITS or UNIT_PTR.
SOLO_LL02_EPD-EPT-NORTH-RATES | ISTP.UNITS:
  QUALITY_FLAG: VAR_TYPE = 'support_data' and no UNITS or UNIT_PTR.
SOLO_LL02_EPD-EPT-SOUTH-RATES | ISTP.UNITS:
  QUALITY_FLAG: VAR_TYPE = 'support_data' and no UNITS or UNIT_PTR.
SOLO_LL02_EPD-EPT-SUN-RATES | ISTP.UNITS:
  QUALITY_FLAG: VAR_TYPE = 'support_data' and no UNITS or UNIT_PTR.
SOLO_LL02_EPD-HET-ASUN-RATES | ISTP.UNITS:
  QUALITY_FLAG: VAR_TYPE = 'support_data' and no UNITS or UNIT_PTR.
SOLO_LL02_EPD-HET-NORTH-RATES | ISTP.UNITS:
  QUALITY_FLAG: VAR_TYPE = 'support_data' and no UNITS or UNIT_PTR.
SOLO_LL02_EPD-HET-SOUTH-RATES | ISTP.UNITS:
  QUALITY_FLAG: VAR_TYPE = 'support_data' and no UNITS or UNIT_PTR.
SOLO_LL02_EPD-HET-SUN-RATES | ISTP.UNITS:
  QUALITY_FLAG: VAR_TYPE = 'support_data' and no UNITS or UNIT_PTR.
SOLO_LL02_EPD-SIS-A-RATES | ISTP.UNITS:
  QUALITY_FLAG: VAR_TYPE = 'support_data' and no UNITS or UNIT_PTR.
SOLO_LL02_EPD-SIS-B-RATES | ISTP.UNITS:
  QUALITY_FLAG: VAR_TYPE = 'support_data' and no UNITS or UNIT_PTR.
SOLO_LL02_EPD-STEP-RATES | ISTP.UNITS:
  QUALITY_FLAG: VAR_TYPE = 'support_data' and no UNITS or UNIT_PTR.
SOLO_LL02_MAG | ISTP.UNITS:
  REP1_B_RTN: VAR_TYPE = 'support_data' and no UNITS or UNIT_PTR.
SOLO_LL02_SWA-EAS-SS | ISTP.UNITS:
  SWA_EAS1_ELEV_DELTA: VAR_TYPE = 'support_data' and no UNITS or UNIT_PTR.
  SWA_EAS2_ELEV_DELTA: VAR_TYPE = 'support_data' and no UNITS or UNIT_PTR.
  EAS1_ROT_MATRIX: VAR_TYPE = 'support_data' and no UNITS or UNIT_PTR.
  EAS2_ROT_MATRIX: VAR_TYPE = 'support_data' and no UNITS or UNIT_PTR.
  QUALITY_FLAG: VAR_TYPE = 'support_data' and no UNITS or UNIT_PTR.
  QUALITY_FLAG_1: VAR_TYPE = 'support_data' and no UNITS or UNIT_PTR.
SOLO_LL02_SWA-HIS-RAT | ISTP.UNITS:
  SWA_HIS_RATIO1: VAR_TYPE = 'data' and no UNITS or UNIT_PTR.
  SWA_HIS_RATIO2: VAR_TYPE = 'data' and no UNITS or UNIT_PTR.
  SWA_HIS_SPECIES1: VAR_TYPE = 'support_data' and no UNITS or UNIT_PTR.
  SWA_HIS_SPECIES2: VAR_TYPE = 'support_data' and no UNITS or UNIT_PTR.
  SWA_HIS_RATIO1_SPECIES: VAR_TYPE = 'support_data' and no UNITS or UNIT_PTR.
  SWA_HIS_RATIO2_SPECIES: VAR_TYPE = 'support_data' and no UNITS or UNIT_PTR.
  QUALITY_FLAG: VAR_TYPE = 'support_data' and no UNITS or UNIT_PTR.
  SWA_HIS_DIFF_FLUX1_ERROR: VAR_TYPE = 'support_data' and no UNITS or UNIT_PTR.
  SWA_HIS_N1_ERROR: VAR_TYPE = 'support_data' and no UNITS or UNIT_PTR.
  SWA_HIS_DIFF_FLUX2_ERROR: VAR_TYPE = 'support_data' and no UNITS or UNIT_PTR.
  SWA_HIS_N2_ERROR: VAR_TYPE = 'support_data' and no UNITS or UNIT_PTR.
SOLO_LL02_SWA-PAS-MOM | ISTP.UNITS:
  PAS_ROT_MATRIX: VAR_TYPE = 'support_data' and no UNITS or UNIT_PTR.
  REP_PAS_VEL: VAR_TYPE = 'support_data' and no UNITS or UNIT_PTR.
  REP_PAS_PRES_1: VAR_TYPE = 'support_data' and no UNITS or UNIT_PTR.
  REP_PAS_PRES_2: VAR_TYPE = 'support_data' and no UNITS or UNIT_PTR.
  QUALITY_FLAG: VAR_TYPE = 'support_data' and no UNITS or UNIT_PTR.
STA_L1_HET | ISTP.UNITS:
  Mode: VAR_TYPE = 'support_data' and no UNITS or UNIT_PTR.
STA_L1_IMPACT_BURST | ISTP.UNITS:
  BurstTableID: VAR_TYPE = 'data' and no UNITS or UNIT_PTR.
  SWEAModeID: VAR_TYPE = 'data' and no UNITS or UNIT_PTR.
  STEModeID: VAR_TYPE = 'data' and no UNITS or UNIT_PTR.
  SWEARate: VAR_TYPE = 'data' and no UNITS or UNIT_PTR.
  STERate: VAR_TYPE = 'data' and no UNITS or UNIT_PTR.
  MAGDelB: VAR_TYPE = 'data' and no UNITS or UNIT_PTR.
  PLASTICDelV: VAR_TYPE = 'data' and no UNITS or UNIT_PTR.
  SWAVESNTDS: VAR_TYPE = 'data' and no UNITS or UNIT_PTR.
  SWAVESPlasma: VAR_TYPE = 'data' and no UNITS or UNIT_PTR.
  SWAVESHFR1: VAR_TYPE = 'data' and no UNITS or UNIT_PTR.
  SWAVESHFR2: VAR_TYPE = 'data' and no UNITS or UNIT_PTR.
STA_L1_IMPACT_HKP | ISTP.UNITS:
  SoftwareVersion: VAR_TYPE = 'data' and no UNITS or UNIT_PTR.
  HardwareVersion: VAR_TYPE = 'data' and no UNITS or UNIT_PTR.
  ErrorCode: VAR_TYPE = 'data' and no UNITS or UNIT_PTR.
  ErrorData: VAR_TYPE = 'data' and no UNITS or UNIT_PTR.
  ErrorCount: VAR_TYPE = 'data' and no UNITS or UNIT_PTR.
  CommandCount: VAR_TYPE = 'data' and no UNITS or UNIT_PTR.
  CommandLastID: VAR_TYPE = 'data' and no UNITS or UNIT_PTR.
  CommandLastSeq: VAR_TYPE = 'data' and no UNITS or UNIT_PTR.
  PCommandCount: VAR_TYPE = 'data' and no UNITS or UNIT_PTR.
  PCommandLastID: VAR_TYPE = 'data' and no UNITS or UNIT_PTR.
  PCommandLastSeq: VAR_TYPE = 'data' and no UNITS or UNIT_PTR.
  SCStatus: VAR_TYPE = 'data' and no UNITS or UNIT_PTR.
  BootSelect: VAR_TYPE = 'data' and no UNITS or UNIT_PTR.
  CodePage: VAR_TYPE = 'data' and no UNITS or UNIT_PTR.
  CodePageStatus: VAR_TYPE = 'data' and no UNITS or UNIT_PTR.
  CmdSeqRunning: VAR_TYPE = 'data' and no UNITS or UNIT_PTR.
  InterfaceEnables: VAR_TYPE = 'data' and no UNITS or UNIT_PTR.
  ITelemEnables: VAR_TYPE = 'data' and no UNITS or UNIT_PTR.
  PTelemEnables: VAR_TYPE = 'data' and no UNITS or UNIT_PTR.
  InterfaceActive: VAR_TYPE = 'data' and no UNITS or UNIT_PTR.
  MaxIMPACTQ: VAR_TYPE = 'data' and no UNITS or UNIT_PTR.
  MaxPLASTICQ: VAR_TYPE = 'data' and no UNITS or UNIT_PTR.
  CmdSeqMask: VAR_TYPE = 'data' and no UNITS or UNIT_PTR.
  BurstModeID: VAR_TYPE = 'data' and no UNITS or UNIT_PTR.
  BurstCurCriteria: VAR_TYPE = 'data' and no UNITS or UNIT_PTR.
  STEUDoorCount: VAR_TYPE = 'data' and no UNITS or UNIT_PTR.
  STEDDoorCount: VAR_TYPE = 'data' and no UNITS or UNIT_PTR.
  AutoLUT: VAR_TYPE = 'data' and no UNITS or UNIT_PTR.
  STEModeID: VAR_TYPE = 'data' and no UNITS or UNIT_PTR.
  SWEAModeID: VAR_TYPE = 'data' and no UNITS or UNIT_PTR.
  BurstSavePage: VAR_TYPE = 'data' and no UNITS or UNIT_PTR.
  BurstSendPage: VAR_TYPE = 'data' and no UNITS or UNIT_PTR.
  BurstBestCriteria: VAR_TYPE = 'data' and no UNITS or UNIT_PTR.
  MAGHKP: VAR_TYPE = 'data' and no UNITS or UNIT_PTR.
  STEUDig: VAR_TYPE = 'data' and no UNITS or UNIT_PTR.
  SWEASTEDDig: VAR_TYPE = 'data' and no UNITS or UNIT_PTR.
  BLK_ID: VAR_TYPE = 'data' and no UNITS or UNIT_PTR.
  DEV_ID: VAR_TYPE = 'data' and no UNITS or UNIT_PTR.
  PLRNM_SPARE: VAR_TYPE = 'data' and no UNITS or UNIT_PTR.
  PLRPM_SPARE: VAR_TYPE = 'data' and no UNITS or UNIT_PTR.
  PPAC_CM_AC: VAR_TYPE = 'data' and no UNITS or UNIT_PTR.
  PMCP_CM_AC: VAR_TYPE = 'data' and no UNITS or UNIT_PTR.
  PPLUG_ID: VAR_TYPE = 'data' and no UNITS or UNIT_PTR.
  PADC_LU_FLAG: VAR_TYPE = 'data' and no UNITS or UNIT_PTR.
  PDAC_STATUS: VAR_TYPE = 'data' and no UNITS or UNIT_PTR.
  PADC_LU_CTR: VAR_TYPE = 'data' and no UNITS or UNIT_PTR.
  PDHK_SPARE: VAR_TYPE = 'data' and no UNITS or UNIT_PTR.
  PADC0_AGND: VAR_TYPE = 'data' and no UNITS or UNIT_PTR.
  PADC1_AGND: VAR_TYPE = 'data' and no UNITS or UNIT_PTR.
  PRA_E0: VAR_TYPE = 'data' and no UNITS or UNIT_PTR.
  PRA_E1: VAR_TYPE = 'data' and no UNITS or UNIT_PTR.
  PSSD_STATUS: VAR_TYPE = 'data' and no UNITS or UNIT_PTR.
  SampleTime: VAR_TYPE = 'data' and no UNITS or UNIT_PTR.
STA_L1_LET | ISTP.UNITS:
  SWVersion: VAR_TYPE = 'support_data' and no UNITS or UNIT_PTR.
  CodeOK: VAR_TYPE = 'support_data' and no UNITS or UNIT_PTR.
  LeakConv: VAR_TYPE = 'support_data' and no UNITS or UNIT_PTR.
  DyThState: VAR_TYPE = 'support_data' and no UNITS or UNIT_PTR.
  HHe4_summed_flux_DEPEND_1_DELTA_VAR: VAR_TYPE = 'support_data' and no UNITS or UNIT_PTR.
STA_L1_MAGB_RTN | ISTP.UNITS:
  MAGFLAGUC: VAR_TYPE = 'support_data' and no UNITS or UNIT_PTR.
STA_L1_MAGB_SC | ISTP.UNITS:
  MAGFLAGUC: VAR_TYPE = 'support_data' and no UNITS or UNIT_PTR.
STA_L1_MAG_RTN | ISTP.UNITS:
  MAGFLAGUC: VAR_TYPE = 'data' and no UNITS or UNIT_PTR.
STA_L1_MAG_SC | ISTP.UNITS:
  MAGFLAGUC: VAR_TYPE = 'data' and no UNITS or UNIT_PTR.
STA_L1_SEPT | ISTP.UNITS:
  Version: VAR_TYPE = 'support_data' and no UNITS or UNIT_PTR.
  Single_Counter_ID_NS: VAR_TYPE = 'support_data' and no UNITS or UNIT_PTR.
  Single_Counter_ID_E: VAR_TYPE = 'support_data' and no UNITS or UNIT_PTR.
  Interrupts_NS: VAR_TYPE = 'support_data' and no UNITS or UNIT_PTR.
  Interrupts_E: VAR_TYPE = 'support_data' and no UNITS or UNIT_PTR.
  PDFE_NS: VAR_TYPE = 'support_data' and no UNITS or UNIT_PTR.
  PDFE_E: VAR_TYPE = 'support_data' and no UNITS or UNIT_PTR.
  Pulser_NS: VAR_TYPE = 'support_data' and no UNITS or UNIT_PTR.
  Pulser_E: VAR_TYPE = 'support_data' and no UNITS or UNIT_PTR.
  Filter_NS: VAR_TYPE = 'support_data' and no UNITS or UNIT_PTR.
  Filter_E: VAR_TYPE = 'support_data' and no UNITS or UNIT_PTR.
  Alive_NS: VAR_TYPE = 'support_data' and no UNITS or UNIT_PTR.
  Alive_E: VAR_TYPE = 'support_data' and no UNITS or UNIT_PTR.
  Sequence_NS: VAR_TYPE = 'support_data' and no UNITS or UNIT_PTR.
  Sequence_E: VAR_TYPE = 'support_data' and no UNITS or UNIT_PTR.
  State_NS: VAR_TYPE = 'support_data' and no UNITS or UNIT_PTR.
  State_E: VAR_TYPE = 'support_data' and no UNITS or UNIT_PTR.
  Status_NS: VAR_TYPE = 'support_data' and no UNITS or UNIT_PTR.
  Status_E: VAR_TYPE = 'support_data' and no UNITS or UNIT_PTR.
  Heater_NS: VAR_TYPE = 'data' and no UNITS or UNIT_PTR.
  Heater_E: VAR_TYPE = 'data' and no UNITS or UNIT_PTR.
STA_L1_STE | ISTP.UNITS:
  STE_mode: VAR_TYPE = 'data' and no UNITS or UNIT_PTR.
STA_L1_SWEA_DISB | ISTP.UNITS:
  SWEAModeID: VAR_TYPE = 'support_data' and no UNITS or UNIT_PTR.
  Angle_Bins: VAR_TYPE = 'support_data' and no UNITS or UNIT_PTR.
  V0: VAR_TYPE = 'support_data' and no UNITS or UNIT_PTR.
STA_L1_SWEA_DIST | ISTP.UNITS:
  SWEAModeID: VAR_TYPE = 'support_data' and no UNITS or UNIT_PTR.
  Angle_Bins: VAR_TYPE = 'support_data' and no UNITS or UNIT_PTR.
  V0: VAR_TYPE = 'support_data' and no UNITS or UNIT_PTR.
STA_L1_SWEA_SPEC | ISTP.UNITS:
  IAutoLUT: VAR_TYPE = 'data' and no UNITS or UNIT_PTR.
  SWEAMCPDACSet: VAR_TYPE = 'data' and no UNITS or UNIT_PTR.
  SWEAMCPHeater: VAR_TYPE = 'data' and no UNITS or UNIT_PTR.
  SWEARot: VAR_TYPE = 'data' and no UNITS or UNIT_PTR.
  SWEAModeID: VAR_TYPE = 'data' and no UNITS or UNIT_PTR.
  SWEAManualV0: VAR_TYPE = 'data' and no UNITS or UNIT_PTR.
  SWEASweepMax: VAR_TYPE = 'data' and no UNITS or UNIT_PTR.
  SWEASweepRate: VAR_TYPE = 'data' and no UNITS or UNIT_PTR.
  SWEASweepOffset: VAR_TYPE = 'data' and no UNITS or UNIT_PTR.
  SWEASweepDeflStep: VAR_TYPE = 'data' and no UNITS or UNIT_PTR.
STA_L2_MAGPLASMA_1M | ISTP.UNITS:
  CART_COMPNO: VAR_TYPE = 'support_data' and no UNITS or UNIT_PTR.
STA_L2_PLA_1DMAX_10MIN | ISTP.UNITS:
  error_10min: VAR_TYPE = 'data' and no UNITS or UNIT_PTR.
  caution_10min: VAR_TYPE = 'data' and no UNITS or UNIT_PTR.
  cycles_den_10min: VAR_TYPE = 'data' and no UNITS or UNIT_PTR.
  cycles_speed_10min: VAR_TYPE = 'support_data' and no UNITS or UNIT_PTR.
  cycles_ns_inst_10min: VAR_TYPE = 'support_data' and no UNITS or UNIT_PTR.
  cycles_vel_10min: VAR_TYPE = 'data' and no UNITS or UNIT_PTR.
  attitude_flag_10min: VAR_TYPE = 'data' and no UNITS or UNIT_PTR.
  ew_source_flag_10min: VAR_TYPE = 'data' and no UNITS or UNIT_PTR.
  1DMax_Reduced_Chi2_10min: VAR_TYPE = 'support_data' and no UNITS or UNIT_PTR.
  processing_date_10min: VAR_TYPE = 'support_data' and no UNITS or UNIT_PTR.
STA_L2_PLA_1DMAX_1HR | ISTP.UNITS:
  error_1hr: VAR_TYPE = 'data' and no UNITS or UNIT_PTR.
  caution_1hr: VAR_TYPE = 'data' and no UNITS or UNIT_PTR.
  cycles_den_1hr: VAR_TYPE = 'data' and no UNITS or UNIT_PTR.
  cycles_speed_1hr: VAR_TYPE = 'support_data' and no UNITS or UNIT_PTR.
  cycles_ns_inst_1hr: VAR_TYPE = 'support_data' and no UNITS or UNIT_PTR.
  cycles_vel_1hr: VAR_TYPE = 'data' and no UNITS or UNIT_PTR.
  attitude_flag_1hr: VAR_TYPE = 'data' and no UNITS or UNIT_PTR.
  ew_source_flag_1hr: VAR_TYPE = 'data' and no UNITS or UNIT_PTR.
  1DMax_Reduced_Chi2_1hr: VAR_TYPE = 'support_data' and no UNITS or UNIT_PTR.
  processing_date_1hr: VAR_TYPE = 'support_data' and no UNITS or UNIT_PTR.
STA_L2_PLA_1DMAX_1MIN | ISTP.UNITS:
  error: VAR_TYPE = 'data' and no UNITS or UNIT_PTR.
  caution: VAR_TYPE = 'data' and no UNITS or UNIT_PTR.
  attitude_flag: VAR_TYPE = 'data' and no UNITS or UNIT_PTR.
  ew_source_flag: VAR_TYPE = 'data' and no UNITS or UNIT_PTR.
  ew_boxcar: VAR_TYPE = 'data' and no UNITS or UNIT_PTR.
  1DMax_Reduced_Chi2: VAR_TYPE = 'support_data' and no UNITS or UNIT_PTR.
  processing_date: VAR_TYPE = 'support_data' and no UNITS or UNIT_PTR.
STA_LB_IMPACT | ISTP.UNITS:
  LETCodeOK: VAR_TYPE = 'data' and no UNITS or UNIT_PTR.
  LETHeaterDutyCycle: VAR_TYPE = 'data' and no UNITS or UNIT_PTR.
  LETLeakConv: VAR_TYPE = 'data' and no UNITS or UNIT_PTR.
  LETDyThState: VAR_TYPE = 'data' and no UNITS or UNIT_PTR.
  LETMinute: VAR_TYPE = 'data' and no UNITS or UNIT_PTR.
  SEPTStatus: VAR_TYPE = 'data' and no UNITS or UNIT_PTR.
  ISCStatus: VAR_TYPE = 'data' and no UNITS or UNIT_PTR.
  InterfaceActive: VAR_TYPE = 'data' and no UNITS or UNIT_PTR.
  SWEAModeID: VAR_TYPE = 'data' and no UNITS or UNIT_PTR.
  STEModeID: VAR_TYPE = 'data' and no UNITS or UNIT_PTR.
  MAGHKP: VAR_TYPE = 'data' and no UNITS or UNIT_PTR.
  SITEnergyBins: VAR_TYPE = 'support_data' and no UNITS or UNIT_PTR.
  LETProtonBins: VAR_TYPE = 'support_data' and no UNITS or UNIT_PTR.
  LET4HeBins: VAR_TYPE = 'support_data' and no UNITS or UNIT_PTR.
  LET3HeBins: VAR_TYPE = 'support_data' and no UNITS or UNIT_PTR.
  LETCNOBins: VAR_TYPE = 'support_data' and no UNITS or UNIT_PTR.
  LETFeBins: VAR_TYPE = 'support_data' and no UNITS or UNIT_PTR.
  SEPTElectronBins: VAR_TYPE = 'support_data' and no UNITS or UNIT_PTR.
  SEPTIonBins: VAR_TYPE = 'support_data' and no UNITS or UNIT_PTR.
  HETMode: VAR_TYPE = 'support_data' and no UNITS or UNIT_PTR.
STA_LB_MAG_RTN | ISTP.UNITS:
  MAGFLAGUC: VAR_TYPE = 'support_data' and no UNITS or UNIT_PTR.
STB_L1_HET | ISTP.UNITS:
  Mode: VAR_TYPE = 'support_data' and no UNITS or UNIT_PTR.
STB_L1_IMPACT_BURST | ISTP.UNITS:
  BurstTableID: VAR_TYPE = 'data' and no UNITS or UNIT_PTR.
  SWEAModeID: VAR_TYPE = 'data' and no UNITS or UNIT_PTR.
  STEModeID: VAR_TYPE = 'data' and no UNITS or UNIT_PTR.
  SWEARate: VAR_TYPE = 'data' and no UNITS or UNIT_PTR.
  STERate: VAR_TYPE = 'data' and no UNITS or UNIT_PTR.
  MAGDelB: VAR_TYPE = 'data' and no UNITS or UNIT_PTR.
  PLASTICDelV: VAR_TYPE = 'data' and no UNITS or UNIT_PTR.
  SWAVESNTDS: VAR_TYPE = 'data' and no UNITS or UNIT_PTR.
  SWAVESPlasma: VAR_TYPE = 'data' and no UNITS or UNIT_PTR.
  SWAVESHFR1: VAR_TYPE = 'data' and no UNITS or UNIT_PTR.
  SWAVESHFR2: VAR_TYPE = 'data' and no UNITS or UNIT_PTR.
STB_L1_IMPACT_HKP | ISTP.UNITS:
  SoftwareVersion: VAR_TYPE = 'data' and no UNITS or UNIT_PTR.
  HardwareVersion: VAR_TYPE = 'data' and no UNITS or UNIT_PTR.
  ErrorCode: VAR_TYPE = 'data' and no UNITS or UNIT_PTR.
  ErrorData: VAR_TYPE = 'data' and no UNITS or UNIT_PTR.
  ErrorCount: VAR_TYPE = 'data' and no UNITS or UNIT_PTR.
  CommandCount: VAR_TYPE = 'data' and no UNITS or UNIT_PTR.
  CommandLastID: VAR_TYPE = 'data' and no UNITS or UNIT_PTR.
  CommandLastSeq: VAR_TYPE = 'data' and no UNITS or UNIT_PTR.
  PCommandCount: VAR_TYPE = 'data' and no UNITS or UNIT_PTR.
  PCommandLastID: VAR_TYPE = 'data' and no UNITS or UNIT_PTR.
  PCommandLastSeq: VAR_TYPE = 'data' and no UNITS or UNIT_PTR.
  SCStatus: VAR_TYPE = 'data' and no UNITS or UNIT_PTR.
  BootSelect: VAR_TYPE = 'data' and no UNITS or UNIT_PTR.
  CodePage: VAR_TYPE = 'data' and no UNITS or UNIT_PTR.
  CodePageStatus: VAR_TYPE = 'data' and no UNITS or UNIT_PTR.
  CmdSeqRunning: VAR_TYPE = 'data' and no UNITS or UNIT_PTR.
  InterfaceEnables: VAR_TYPE = 'data' and no UNITS or UNIT_PTR.
  ITelemEnables: VAR_TYPE = 'data' and no UNITS or UNIT_PTR.
  PTelemEnables: VAR_TYPE = 'data' and no UNITS or UNIT_PTR.
  InterfaceActive: VAR_TYPE = 'data' and no UNITS or UNIT_PTR.
  MaxIMPACTQ: VAR_TYPE = 'data' and no UNITS or UNIT_PTR.
  MaxPLASTICQ: VAR_TYPE = 'data' and no UNITS or UNIT_PTR.
  CmdSeqMask: VAR_TYPE = 'data' and no UNITS or UNIT_PTR.
  BurstModeID: VAR_TYPE = 'data' and no UNITS or UNIT_PTR.
  BurstCurCriteria: VAR_TYPE = 'data' and no UNITS or UNIT_PTR.
  STEUDoorCount: VAR_TYPE = 'data' and no UNITS or UNIT_PTR.
  STEDDoorCount: VAR_TYPE = 'data' and no UNITS or UNIT_PTR.
  AutoLUT: VAR_TYPE = 'data' and no UNITS or UNIT_PTR.
  STEModeID: VAR_TYPE = 'data' and no UNITS or UNIT_PTR.
  SWEAModeID: VAR_TYPE = 'data' and no UNITS or UNIT_PTR.
  BurstSavePage: VAR_TYPE = 'data' and no UNITS or UNIT_PTR.
  BurstSendPage: VAR_TYPE = 'data' and no UNITS or UNIT_PTR.
  BurstBestCriteria: VAR_TYPE = 'data' and no UNITS or UNIT_PTR.
  MAGHKP: VAR_TYPE = 'data' and no UNITS or UNIT_PTR.
  STEUDig: VAR_TYPE = 'data' and no UNITS or UNIT_PTR.
  SWEASTEDDig: VAR_TYPE = 'data' and no UNITS or UNIT_PTR.
  BLK_ID: VAR_TYPE = 'data' and no UNITS or UNIT_PTR.
  DEV_ID: VAR_TYPE = 'data' and no UNITS or UNIT_PTR.
  PLRNM_SPARE: VAR_TYPE = 'data' and no UNITS or UNIT_PTR.
  PLRPM_SPARE: VAR_TYPE = 'data' and no UNITS or UNIT_PTR.
  PPAC_CM_AC: VAR_TYPE = 'data' and no UNITS or UNIT_PTR.
  PMCP_CM_AC: VAR_TYPE = 'data' and no UNITS or UNIT_PTR.
  PPLUG_ID: VAR_TYPE = 'data' and no UNITS or UNIT_PTR.
  PADC_LU_FLAG: VAR_TYPE = 'data' and no UNITS or UNIT_PTR.
  PDAC_STATUS: VAR_TYPE = 'data' and no UNITS or UNIT_PTR.
  PADC_LU_CTR: VAR_TYPE = 'data' and no UNITS or UNIT_PTR.
  PDHK_SPARE: VAR_TYPE = 'data' and no UNITS or UNIT_PTR.
  PADC0_AGND: VAR_TYPE = 'data' and no UNITS or UNIT_PTR.
  PADC1_AGND: VAR_TYPE = 'data' and no UNITS or UNIT_PTR.
  PRA_E0: VAR_TYPE = 'data' and no UNITS or UNIT_PTR.
  PRA_E1: VAR_TYPE = 'data' and no UNITS or UNIT_PTR.
  PSSD_STATUS: VAR_TYPE = 'data' and no UNITS or UNIT_PTR.
  SampleTime: VAR_TYPE = 'data' and no UNITS or UNIT_PTR.
STB_L1_LET | ISTP.UNITS:
  SWVersion: VAR_TYPE = 'support_data' and no UNITS or UNIT_PTR.
  CodeOK: VAR_TYPE = 'support_data' and no UNITS or UNIT_PTR.
  LeakConv: VAR_TYPE = 'support_data' and no UNITS or UNIT_PTR.
  DyThState: VAR_TYPE = 'support_data' and no UNITS or UNIT_PTR.
  HHe4_summed_flux_DEPEND_1_DELTA_VAR: VAR_TYPE = 'support_data' and no UNITS or UNIT_PTR.
STB_L1_MAGB_RTN | ISTP.UNITS:
  MAGFLAGUC: VAR_TYPE = 'support_data' and no UNITS or UNIT_PTR.
STB_L1_MAGB_SC | ISTP.UNITS:
  MAGFLAGUC: VAR_TYPE = 'support_data' and no UNITS or UNIT_PTR.
STB_L1_MAG_RTN | ISTP.UNITS:
  BFIELD: VAR_TYPE = 'data' and no UNITS or UNIT_PTR.
  MAGFLAGUC: VAR_TYPE = 'data' and no UNITS or UNIT_PTR.
STB_L1_MAG_SC | ISTP.UNITS:
  MAGFLAGUC: VAR_TYPE = 'data' and no UNITS or UNIT_PTR.
STB_L1_SEPT | ISTP.UNITS:
  Version: VAR_TYPE = 'support_data' and no UNITS or UNIT_PTR.
  Single_Counter_ID_NS: VAR_TYPE = 'support_data' and no UNITS or UNIT_PTR.
  Single_Counter_ID_E: VAR_TYPE = 'support_data' and no UNITS or UNIT_PTR.
  Interrupts_NS: VAR_TYPE = 'support_data' and no UNITS or UNIT_PTR.
  Interrupts_E: VAR_TYPE = 'support_data' and no UNITS or UNIT_PTR.
  PDFE_NS: VAR_TYPE = 'support_data' and no UNITS or UNIT_PTR.
  PDFE_E: VAR_TYPE = 'support_data' and no UNITS or UNIT_PTR.
  Pulser_NS: VAR_TYPE = 'support_data' and no UNITS or UNIT_PTR.
  Pulser_E: VAR_TYPE = 'support_data' and no UNITS or UNIT_PTR.
  Filter_NS: VAR_TYPE = 'support_data' and no UNITS or UNIT_PTR.
  Filter_E: VAR_TYPE = 'support_data' and no UNITS or UNIT_PTR.
  Alive_NS: VAR_TYPE = 'support_data' and no UNITS or UNIT_PTR.
  Alive_E: VAR_TYPE = 'support_data' and no UNITS or UNIT_PTR.
  Sequence_NS: VAR_TYPE = 'support_data' and no UNITS or UNIT_PTR.
  Sequence_E: VAR_TYPE = 'support_data' and no UNITS or UNIT_PTR.
  State_NS: VAR_TYPE = 'support_data' and no UNITS or UNIT_PTR.
  State_E: VAR_TYPE = 'support_data' and no UNITS or UNIT_PTR.
  Status_NS: VAR_TYPE = 'support_data' and no UNITS or UNIT_PTR.
  Status_E: VAR_TYPE = 'support_data' and no UNITS or UNIT_PTR.
  Heater_NS: VAR_TYPE = 'data' and no UNITS or UNIT_PTR.
  Heater_E: VAR_TYPE = 'data' and no UNITS or UNIT_PTR.
STB_L1_STE | ISTP.UNITS:
  STE_mode: VAR_TYPE = 'data' and no UNITS or UNIT_PTR.
STB_L1_SWEA_DISB | ISTP.UNITS:
  SWEAModeID: VAR_TYPE = 'support_data' and no UNITS or UNIT_PTR.
  Angle_Bins: VAR_TYPE = 'support_data' and no UNITS or UNIT_PTR.
  V0: VAR_TYPE = 'support_data' and no UNITS or UNIT_PTR.
STB_L1_SWEA_DIST | ISTP.UNITS:
  SWEAModeID: VAR_TYPE = 'support_data' and no UNITS or UNIT_PTR.
  Angle_Bins: VAR_TYPE = 'support_data' and no UNITS or UNIT_PTR.
  V0: VAR_TYPE = 'support_data' and no UNITS or UNIT_PTR.
STB_L1_SWEA_SPEC | ISTP.UNITS:
  IAutoLUT: VAR_TYPE = 'data' and no UNITS or UNIT_PTR.
  SWEAMCPDACSet: VAR_TYPE = 'data' and no UNITS or UNIT_PTR.
  SWEAMCPHeater: VAR_TYPE = 'data' and no UNITS or UNIT_PTR.
  SWEARot: VAR_TYPE = 'data' and no UNITS or UNIT_PTR.
  SWEAModeID: VAR_TYPE = 'data' and no UNITS or UNIT_PTR.
  SWEAManualV0: VAR_TYPE = 'data' and no UNITS or UNIT_PTR.
  SWEASweepMax: VAR_TYPE = 'data' and no UNITS or UNIT_PTR.
  SWEASweepRate: VAR_TYPE = 'data' and no UNITS or UNIT_PTR.
  SWEASweepOffset: VAR_TYPE = 'data' and no UNITS or UNIT_PTR.
  SWEASweepDeflStep: VAR_TYPE = 'data' and no UNITS or UNIT_PTR.
STB_L2_MAGPLASMA_1M | ISTP.UNITS:
  CART_COMPNO: VAR_TYPE = 'support_data' and no UNITS or UNIT_PTR.
STB_L2_PLA_1DMAX_10MIN | ISTP.UNITS:
  error_10min: VAR_TYPE = 'data' and no UNITS or UNIT_PTR.
  caution_10min: VAR_TYPE = 'data' and no UNITS or UNIT_PTR.
  cycles_den_10min: VAR_TYPE = 'support_data' and no UNITS or UNIT_PTR.
  cycles_speed_10min: VAR_TYPE = 'support_data' and no UNITS or UNIT_PTR.
  cycles_ns_inst_10min: VAR_TYPE = 'support_data' and no UNITS or UNIT_PTR.
  cycles_vel_10min: VAR_TYPE = 'data' and no UNITS or UNIT_PTR.
  attitude_flag_10min: VAR_TYPE = 'data' and no UNITS or UNIT_PTR.
  ew_source_flag_10min: VAR_TYPE = 'data' and no UNITS or UNIT_PTR.
  1DMax_Reduced_Chi2_10min: VAR_TYPE = 'support_data' and no UNITS or UNIT_PTR.
  processing_date_10min: VAR_TYPE = 'support_data' and no UNITS or UNIT_PTR.
STB_L2_PLA_1DMAX_1HR | ISTP.UNITS:
  error_1hr: VAR_TYPE = 'data' and no UNITS or UNIT_PTR.
  caution_1hr: VAR_TYPE = 'data' and no UNITS or UNIT_PTR.
  cycles_den_1hr: VAR_TYPE = 'data' and no UNITS or UNIT_PTR.
  cycles_speed_1hr: VAR_TYPE = 'support_data' and no UNITS or UNIT_PTR.
  cycles_ns_inst_1hr: VAR_TYPE = 'support_data' and no UNITS or UNIT_PTR.
  cycles_vel_1hr: VAR_TYPE = 'data' and no UNITS or UNIT_PTR.
  attitude_flag_1hr: VAR_TYPE = 'data' and no UNITS or UNIT_PTR.
  ew_source_flag_1hr: VAR_TYPE = 'data' and no UNITS or UNIT_PTR.
  1DMax_Reduced_Chi2_1hr: VAR_TYPE = 'support_data' and no UNITS or UNIT_PTR.
  processing_date_1hr: VAR_TYPE = 'support_data' and no UNITS or UNIT_PTR.
STB_L2_PLA_1DMAX_1MIN | ISTP.UNITS:
  error: VAR_TYPE = 'data' and no UNITS or UNIT_PTR.
  caution: VAR_TYPE = 'data' and no UNITS or UNIT_PTR.
  attitude_flag: VAR_TYPE = 'data' and no UNITS or UNIT_PTR.
  ew_source_flag: VAR_TYPE = 'data' and no UNITS or UNIT_PTR.
  1DMax_Reduced_Chi2: VAR_TYPE = 'support_data' and no UNITS or UNIT_PTR.
  processing_date: VAR_TYPE = 'support_data' and no UNITS or UNIT_PTR.
STB_LB_IMPACT | ISTP.UNITS:
  LETCodeOK: VAR_TYPE = 'data' and no UNITS or UNIT_PTR.
  LETHeaterDutyCycle: VAR_TYPE = 'data' and no UNITS or UNIT_PTR.
  LETLeakConv: VAR_TYPE = 'data' and no UNITS or UNIT_PTR.
  LETDyThState: VAR_TYPE = 'data' and no UNITS or UNIT_PTR.
  LETMinute: VAR_TYPE = 'data' and no UNITS or UNIT_PTR.
  SEPTStatus: VAR_TYPE = 'data' and no UNITS or UNIT_PTR.
  ISCStatus: VAR_TYPE = 'data' and no UNITS or UNIT_PTR.
  InterfaceActive: VAR_TYPE = 'data' and no UNITS or UNIT_PTR.
  SWEAModeID: VAR_TYPE = 'data' and no UNITS or UNIT_PTR.
  STEModeID: VAR_TYPE = 'data' and no UNITS or UNIT_PTR.
  MAGHKP: VAR_TYPE = 'data' and no UNITS or UNIT_PTR.
  SITEnergyBins: VAR_TYPE = 'support_data' and no UNITS or UNIT_PTR.
  LETProtonBins: VAR_TYPE = 'support_data' and no UNITS or UNIT_PTR.
  LET4HeBins: VAR_TYPE = 'support_data' and no UNITS or UNIT_PTR.
  LET3HeBins: VAR_TYPE = 'support_data' and no UNITS or UNIT_PTR.
  LETCNOBins: VAR_TYPE = 'support_data' and no UNITS or UNIT_PTR.
  LETFeBins: VAR_TYPE = 'support_data' and no UNITS or UNIT_PTR.
  SEPTElectronBins: VAR_TYPE = 'support_data' and no UNITS or UNIT_PTR.
  SEPTIonBins: VAR_TYPE = 'support_data' and no UNITS or UNIT_PTR.
  HETMode: VAR_TYPE = 'support_data' and no UNITS or UNIT_PTR.
SX_K0_30F | ISTP.UNITS:
  zGT2_Channels: VAR_TYPE = 'support_data' and no UNITS or UNIT_PTR.
  He_Channels: VAR_TYPE = 'support_data' and no UNITS or UNIT_PTR.
  Proton_Channels: VAR_TYPE = 'support_data' and no UNITS or UNIT_PTR.
  Ele_Channels: VAR_TYPE = 'support_data' and no UNITS or UNIT_PTR.
  label_geogrpos: VAR_TYPE = 'support_data' and no UNITS or UNIT_PTR.
  label_gei: VAR_TYPE = 'support_data' and no UNITS or UNIT_PTR.
  label_body: VAR_TYPE = 'support_data' and no UNITS or UNIT_PTR.
  label_vgei: VAR_TYPE = 'support_data' and no UNITS or UNIT_PTR.
  label_dircos: VAR_TYPE = 'support_data' and no UNITS or UNIT_PTR.
  label_ecd: VAR_TYPE = 'support_data' and no UNITS or UNIT_PTR.
  label_bgei: VAR_TYPE = 'support_data' and no UNITS or UNIT_PTR.
  label_bgeogr: VAR_TYPE = 'support_data' and no UNITS or UNIT_PTR.
  label_dipole: VAR_TYPE = 'support_data' and no UNITS or UNIT_PTR.
  label_displace: VAR_TYPE = 'support_data' and no UNITS or UNIT_PTR.
  label_mirror: VAR_TYPE = 'support_data' and no UNITS or UNIT_PTR.
  label_4element: VAR_TYPE = 'support_data' and no UNITS or UNIT_PTR.
  unit_kdd: VAR_TYPE = 'support_data' and no UNITS or UNIT_PTR.
  unit_Gkdd: VAR_TYPE = 'support_data' and no UNITS or UNIT_PTR.
  label_LICAflg: VAR_TYPE = 'support_data' and no UNITS or UNIT_PTR.
  label_HILTflg: VAR_TYPE = 'support_data' and no UNITS or UNIT_PTR.
  label_MASTflg: VAR_TYPE = 'support_data' and no UNITS or UNIT_PTR.
SX_K0_POF | ISTP.UNITS:
  zGT2_Channels: VAR_TYPE = 'support_data' and no UNITS or UNIT_PTR.
  Proton_Channels: VAR_TYPE = 'support_data' and no UNITS or UNIT_PTR.
  Ele_Channels: VAR_TYPE = 'support_data' and no UNITS or UNIT_PTR.
  label_LICAflg: VAR_TYPE = 'support_data' and no UNITS or UNIT_PTR.
  label_HILTflg: VAR_TYPE = 'support_data' and no UNITS or UNIT_PTR.
  label_PETflg: VAR_TYPE = 'support_data' and no UNITS or UNIT_PTR.
THA_L1_STATE | ISTP.UNITS:
  tha_state_epoch: VAR_TYPE = 'support_data' and no UNITS or UNIT_PTR.
  tha_spin_correction_epoch: VAR_TYPE = 'support_data' and no UNITS or UNIT_PTR.
  tha_spin_epoch: VAR_TYPE = 'support_data' and no UNITS or UNIT_PTR.
  tha_spin_fgm_corr_epoch: VAR_TYPE = 'support_data' and no UNITS or UNIT_PTR.
  tha_spin_ecl_fgm_corr_epoch: VAR_TYPE = 'support_data' and no UNITS or UNIT_PTR.
  tha_spin_ecl_epoch: VAR_TYPE = 'support_data' and no UNITS or UNIT_PTR.
THA_L2_EFI | ISTP.UNITS:
  tha_efs_dot0_epoch: VAR_TYPE = 'support_data' and no UNITS or UNIT_PTR.
  tha_efs_q_mag_epoch: VAR_TYPE = 'support_data' and no UNITS or UNIT_PTR.
  tha_efs_q_pha_epoch: VAR_TYPE = 'support_data' and no UNITS or UNIT_PTR.
  tha_eff_dot0_epoch: VAR_TYPE = 'support_data' and no UNITS or UNIT_PTR.
  tha_eff_q_mag_epoch: VAR_TYPE = 'support_data' and no UNITS or UNIT_PTR.
  tha_eff_q_pha_epoch: VAR_TYPE = 'support_data' and no UNITS or UNIT_PTR.
  tha_eff_e12_efs_epoch: VAR_TYPE = 'support_data' and no UNITS or UNIT_PTR.
  tha_eff_e34_efs_epoch: VAR_TYPE = 'support_data' and no UNITS or UNIT_PTR.
THA_L2_ESA | ISTP.UNITS:
  tha_peif_data_quality: VAR_TYPE = 'data' and no UNITS or UNIT_PTR.
  tha_peef_data_quality: VAR_TYPE = 'data' and no UNITS or UNIT_PTR.
  tha_peir_data_quality: VAR_TYPE = 'data' and no UNITS or UNIT_PTR.
  tha_peer_data_quality: VAR_TYPE = 'data' and no UNITS or UNIT_PTR.
  tha_peib_data_quality: VAR_TYPE = 'data' and no UNITS or UNIT_PTR.
  tha_peeb_data_quality: VAR_TYPE = 'data' and no UNITS or UNIT_PTR.
  tha_peif_epoch: VAR_TYPE = 'support_data' and no UNITS or UNIT_PTR.
  tha_peef_epoch: VAR_TYPE = 'support_data' and no UNITS or UNIT_PTR.
  tha_peir_epoch: VAR_TYPE = 'support_data' and no UNITS or UNIT_PTR.
  tha_peer_epoch: VAR_TYPE = 'support_data' and no UNITS or UNIT_PTR.
  tha_peib_epoch: VAR_TYPE = 'support_data' and no UNITS or UNIT_PTR.
  tha_peeb_epoch: VAR_TYPE = 'support_data' and no UNITS or UNIT_PTR.
  tha_eesa_solarwind_flag_epoch: VAR_TYPE = 'support_data' and no UNITS or UNIT_PTR.
  tha_iesa_solarwind_flag_epoch: VAR_TYPE = 'support_data' and no UNITS or UNIT_PTR.
THA_L2_FBK | ISTP.UNITS:
  tha_fb_hff_epoch: VAR_TYPE = 'support_data' and no UNITS or UNIT_PTR.
  tha_fb_v1_epoch: VAR_TYPE = 'support_data' and no UNITS or UNIT_PTR.
  tha_fb_v2_epoch: VAR_TYPE = 'support_data' and no UNITS or UNIT_PTR.
  tha_fb_v3_epoch: VAR_TYPE = 'support_data' and no UNITS or UNIT_PTR.
  tha_fb_v4_epoch: VAR_TYPE = 'support_data' and no UNITS or UNIT_PTR.
  tha_fb_v5_epoch: VAR_TYPE = 'support_data' and no UNITS or UNIT_PTR.
  tha_fb_v6_epoch: VAR_TYPE = 'support_data' and no UNITS or UNIT_PTR.
  tha_fb_edc12_epoch: VAR_TYPE = 'support_data' and no UNITS or UNIT_PTR.
  tha_fb_edc34_epoch: VAR_TYPE = 'support_data' and no UNITS or UNIT_PTR.
  tha_fb_edc56_epoch: VAR_TYPE = 'support_data' and no UNITS or UNIT_PTR.
  tha_fb_scm1_epoch: VAR_TYPE = 'support_data' and no UNITS or UNIT_PTR.
  tha_fb_scm2_epoch: VAR_TYPE = 'support_data' and no UNITS or UNIT_PTR.
  tha_fb_scm3_epoch: VAR_TYPE = 'support_data' and no UNITS or UNIT_PTR.
  tha_fb_eac12_epoch: VAR_TYPE = 'support_data' and no UNITS or UNIT_PTR.
  tha_fb_eac34_epoch: VAR_TYPE = 'support_data' and no UNITS or UNIT_PTR.
  tha_fb_eac56_epoch: VAR_TYPE = 'support_data' and no UNITS or UNIT_PTR.
THA_L2_FFT | ISTP.UNITS:
  tha_fff_16_epoch: VAR_TYPE = 'support_data' and no UNITS or UNIT_PTR.
  tha_fff_32_epoch: VAR_TYPE = 'support_data' and no UNITS or UNIT_PTR.
  tha_fff_64_epoch: VAR_TYPE = 'support_data' and no UNITS or UNIT_PTR.
  tha_ffp_16_epoch: VAR_TYPE = 'support_data' and no UNITS or UNIT_PTR.
  tha_ffp_32_epoch: VAR_TYPE = 'support_data' and no UNITS or UNIT_PTR.
  tha_ffp_64_epoch: VAR_TYPE = 'support_data' and no UNITS or UNIT_PTR.
  tha_ffw_16_epoch: VAR_TYPE = 'support_data' and no UNITS or UNIT_PTR.
  tha_ffw_32_epoch: VAR_TYPE = 'support_data' and no UNITS or UNIT_PTR.
  tha_ffw_64_epoch: VAR_TYPE = 'support_data' and no UNITS or UNIT_PTR.
THA_L2_FGM | ISTP.UNITS:
  tha_fgm_fgs_quality: VAR_TYPE = 'data' and no UNITS or UNIT_PTR.
  tha_fgs_epoch: VAR_TYPE = 'support_data' and no UNITS or UNIT_PTR.
  tha_fgm_fgl_quality: VAR_TYPE = 'data' and no UNITS or UNIT_PTR.
  tha_fgl_epoch16: VAR_TYPE = 'support_data' and no UNITS or UNIT_PTR.
  tha_fgm_fgh_quality: VAR_TYPE = 'data' and no UNITS or UNIT_PTR.
  tha_fgh_epoch16: VAR_TYPE = 'support_data' and no UNITS or UNIT_PTR.
  tha_fgm_fge_quality: VAR_TYPE = 'data' and no UNITS or UNIT_PTR.
  tha_fge_epoch16: VAR_TYPE = 'support_data' and no UNITS or UNIT_PTR.
THA_L2_FIT | ISTP.UNITS:
  tha_fgs_epoch: VAR_TYPE = 'support_data' and no UNITS or UNIT_PTR.
  tha_efs_epoch: VAR_TYPE = 'support_data' and no UNITS or UNIT_PTR.
  tha_fit_bfit_epoch: VAR_TYPE = 'support_data' and no UNITS or UNIT_PTR.
  tha_fit_efit_epoch: VAR_TYPE = 'support_data' and no UNITS or UNIT_PTR.
THA_L2_GMOM | ISTP.UNITS:
  tha_ptiff_epoch: VAR_TYPE = 'support_data' and no UNITS or UNIT_PTR.
  tha_pteff_epoch: VAR_TYPE = 'support_data' and no UNITS or UNIT_PTR.
  tha_ptirf_epoch: VAR_TYPE = 'support_data' and no UNITS or UNIT_PTR.
  tha_pterf_epoch: VAR_TYPE = 'support_data' and no UNITS or UNIT_PTR.
  tha_ptibb_epoch: VAR_TYPE = 'support_data' and no UNITS or UNIT_PTR.
  tha_ptebb_epoch: VAR_TYPE = 'support_data' and no UNITS or UNIT_PTR.
  tha_eesa_solarwind_flag_epoch: VAR_TYPE = 'support_data' and no UNITS or UNIT_PTR.
  tha_iesa_solarwind_flag_epoch: VAR_TYPE = 'support_data' and no UNITS or UNIT_PTR.
THA_L2_MOM | ISTP.UNITS:
  tha_peim_epoch: VAR_TYPE = 'support_data' and no UNITS or UNIT_PTR.
  tha_peem_epoch: VAR_TYPE = 'support_data' and no UNITS or UNIT_PTR.
  tha_pxxm_epoch: VAR_TYPE = 'support_data' and no UNITS or UNIT_PTR.
  tha_eesa_solarwind_flag_epoch: VAR_TYPE = 'support_data' and no UNITS or UNIT_PTR.
  tha_iesa_solarwind_flag_epoch: VAR_TYPE = 'support_data' and no UNITS or UNIT_PTR.
THA_L2_SCM | ISTP.UNITS:
  tha_scf_epoch: VAR_TYPE = 'support_data' and no UNITS or UNIT_PTR.
  tha_scp_epoch16: VAR_TYPE = 'support_data' and no UNITS or UNIT_PTR.
  tha_scw_epoch16: VAR_TYPE = 'support_data' and no UNITS or UNIT_PTR.
THA_L2_SST | ISTP.UNITS:
  tha_psif_epoch: VAR_TYPE = 'support_data' and no UNITS or UNIT_PTR.
  tha_psef_epoch: VAR_TYPE = 'support_data' and no UNITS or UNIT_PTR.
  tha_psib_epoch: VAR_TYPE = 'support_data' and no UNITS or UNIT_PTR.
  tha_pseb_epoch: VAR_TYPE = 'support_data' and no UNITS or UNIT_PTR.
  tha_eesa_solarwind_flag_epoch: VAR_TYPE = 'support_data' and no UNITS or UNIT_PTR.
  tha_iesa_solarwind_flag_epoch: VAR_TYPE = 'support_data' and no UNITS or UNIT_PTR.
THB_L1_STATE | ISTP.UNITS:
  thb_state_epoch: VAR_TYPE = 'support_data' and no UNITS or UNIT_PTR.
  thb_spin_correction_epoch: VAR_TYPE = 'support_data' and no UNITS or UNIT_PTR.
  thb_spin_epoch: VAR_TYPE = 'support_data' and no UNITS or UNIT_PTR.
  thb_spin_fgm_corr_epoch: VAR_TYPE = 'support_data' and no UNITS or UNIT_PTR.
  thb_spin_ecl_fgm_corr_epoch: VAR_TYPE = 'support_data' and no UNITS or UNIT_PTR.
  thb_spin_ecl_epoch: VAR_TYPE = 'support_data' and no UNITS or UNIT_PTR.
THB_L2_EFI | ISTP.UNITS:
  thb_efs_dot0_epoch: VAR_TYPE = 'support_data' and no UNITS or UNIT_PTR.
  thb_efs_q_mag_epoch: VAR_TYPE = 'support_data' and no UNITS or UNIT_PTR.
  thb_efs_q_pha_epoch: VAR_TYPE = 'support_data' and no UNITS or UNIT_PTR.
  thb_eff_dot0_epoch: VAR_TYPE = 'support_data' and no UNITS or UNIT_PTR.
  thb_eff_q_mag_epoch: VAR_TYPE = 'support_data' and no UNITS or UNIT_PTR.
  thb_eff_q_pha_epoch: VAR_TYPE = 'support_data' and no UNITS or UNIT_PTR.
  thb_eff_e12_efs_epoch: VAR_TYPE = 'support_data' and no UNITS or UNIT_PTR.
  thb_eff_e34_efs_epoch: VAR_TYPE = 'support_data' and no UNITS or UNIT_PTR.
THB_L2_ESA | ISTP.UNITS:
  thb_peif_data_quality: VAR_TYPE = 'data' and no UNITS or UNIT_PTR.
  thb_peef_data_quality: VAR_TYPE = 'data' and no UNITS or UNIT_PTR.
  thb_peir_data_quality: VAR_TYPE = 'data' and no UNITS or UNIT_PTR.
  thb_peer_data_quality: VAR_TYPE = 'data' and no UNITS or UNIT_PTR.
  thb_peib_data_quality: VAR_TYPE = 'data' and no UNITS or UNIT_PTR.
  thb_peeb_data_quality: VAR_TYPE = 'data' and no UNITS or UNIT_PTR.
  thb_peif_epoch: VAR_TYPE = 'support_data' and no UNITS or UNIT_PTR.
  thb_peef_epoch: VAR_TYPE = 'support_data' and no UNITS or UNIT_PTR.
  thb_peir_epoch: VAR_TYPE = 'support_data' and no UNITS or UNIT_PTR.
  thb_peer_epoch: VAR_TYPE = 'support_data' and no UNITS or UNIT_PTR.
  thb_peib_epoch: VAR_TYPE = 'support_data' and no UNITS or UNIT_PTR.
  thb_peeb_epoch: VAR_TYPE = 'support_data' and no UNITS or UNIT_PTR.
  thb_eesa_solarwind_flag_epoch: VAR_TYPE = 'support_data' and no UNITS or UNIT_PTR.
  thb_iesa_solarwind_flag_epoch: VAR_TYPE = 'support_data' and no UNITS or UNIT_PTR.
THB_L2_FBK | ISTP.UNITS:
  thb_fb_hff_epoch: VAR_TYPE = 'support_data' and no UNITS or UNIT_PTR.
  thb_fb_v1_epoch: VAR_TYPE = 'support_data' and no UNITS or UNIT_PTR.
  thb_fb_v2_epoch: VAR_TYPE = 'support_data' and no UNITS or UNIT_PTR.
  thb_fb_v3_epoch: VAR_TYPE = 'support_data' and no UNITS or UNIT_PTR.
  thb_fb_v4_epoch: VAR_TYPE = 'support_data' and no UNITS or UNIT_PTR.
  thb_fb_v5_epoch: VAR_TYPE = 'support_data' and no UNITS or UNIT_PTR.
  thb_fb_v6_epoch: VAR_TYPE = 'support_data' and no UNITS or UNIT_PTR.
  thb_fb_edc12_epoch: VAR_TYPE = 'support_data' and no UNITS or UNIT_PTR.
  thb_fb_edc34_epoch: VAR_TYPE = 'support_data' and no UNITS or UNIT_PTR.
  thb_fb_edc56_epoch: VAR_TYPE = 'support_data' and no UNITS or UNIT_PTR.
  thb_fb_scm1_epoch: VAR_TYPE = 'support_data' and no UNITS or UNIT_PTR.
  thb_fb_scm2_epoch: VAR_TYPE = 'support_data' and no UNITS or UNIT_PTR.
  thb_fb_scm3_epoch: VAR_TYPE = 'support_data' and no UNITS or UNIT_PTR.
  thb_fb_eac12_epoch: VAR_TYPE = 'support_data' and no UNITS or UNIT_PTR.
  thb_fb_eac34_epoch: VAR_TYPE = 'support_data' and no UNITS or UNIT_PTR.
  thb_fb_eac56_epoch: VAR_TYPE = 'support_data' and no UNITS or UNIT_PTR.
THB_L2_FFT | ISTP.UNITS:
  thb_fff_16_epoch: VAR_TYPE = 'support_data' and no UNITS or UNIT_PTR.
  thb_fff_32_epoch: VAR_TYPE = 'support_data' and no UNITS or UNIT_PTR.
  thb_fff_64_epoch: VAR_TYPE = 'support_data' and no UNITS or UNIT_PTR.
  thb_ffp_16_epoch: VAR_TYPE = 'support_data' and no UNITS or UNIT_PTR.
  thb_ffp_32_epoch: VAR_TYPE = 'support_data' and no UNITS or UNIT_PTR.
  thb_ffp_64_epoch: VAR_TYPE = 'support_data' and no UNITS or UNIT_PTR.
  thb_ffw_16_epoch: VAR_TYPE = 'support_data' and no UNITS or UNIT_PTR.
  thb_ffw_32_epoch: VAR_TYPE = 'support_data' and no UNITS or UNIT_PTR.
  thb_ffw_64_epoch: VAR_TYPE = 'support_data' and no UNITS or UNIT_PTR.
THB_L2_FGM | ISTP.UNITS:
  thb_fgm_fgs_quality: VAR_TYPE = 'data' and no UNITS or UNIT_PTR.
  thb_fgs_epoch: VAR_TYPE = 'support_data' and no UNITS or UNIT_PTR.
  thb_fgm_fgl_quality: VAR_TYPE = 'data' and no UNITS or UNIT_PTR.
  thb_fgl_epoch16: VAR_TYPE = 'support_data' and no UNITS or UNIT_PTR.
  thb_fgm_fgh_quality: VAR_TYPE = 'data' and no UNITS or UNIT_PTR.
  thb_fgh_epoch16: VAR_TYPE = 'support_data' and no UNITS or UNIT_PTR.
  thb_fgm_fge_quality: VAR_TYPE = 'data' and no UNITS or UNIT_PTR.
  thb_fge_epoch16: VAR_TYPE = 'support_data' and no UNITS or UNIT_PTR.
THB_L2_FIT | ISTP.UNITS:
  thb_fgs_epoch: VAR_TYPE = 'support_data' and no UNITS or UNIT_PTR.
  thb_efs_epoch: VAR_TYPE = 'support_data' and no UNITS or UNIT_PTR.
  thb_fit_bfit_epoch: VAR_TYPE = 'support_data' and no UNITS or UNIT_PTR.
  thb_fit_efit_epoch: VAR_TYPE = 'support_data' and no UNITS or UNIT_PTR.
THB_L2_GMOM | ISTP.UNITS:
  thb_ptiff_epoch: VAR_TYPE = 'support_data' and no UNITS or UNIT_PTR.
  thb_pteff_epoch: VAR_TYPE = 'support_data' and no UNITS or UNIT_PTR.
  thb_ptirf_epoch: VAR_TYPE = 'support_data' and no UNITS or UNIT_PTR.
  thb_pterf_epoch: VAR_TYPE = 'support_data' and no UNITS or UNIT_PTR.
  thb_ptibb_epoch: VAR_TYPE = 'support_data' and no UNITS or UNIT_PTR.
  thb_ptebb_epoch: VAR_TYPE = 'support_data' and no UNITS or UNIT_PTR.
  thb_eesa_solarwind_flag_epoch: VAR_TYPE = 'support_data' and no UNITS or UNIT_PTR.
  thb_iesa_solarwind_flag_epoch: VAR_TYPE = 'support_data' and no UNITS or UNIT_PTR.
THB_L2_MOM | ISTP.UNITS:
  thb_peim_epoch: VAR_TYPE = 'support_data' and no UNITS or UNIT_PTR.
  thb_peem_epoch: VAR_TYPE = 'support_data' and no UNITS or UNIT_PTR.
  thb_pxxm_epoch: VAR_TYPE = 'support_data' and no UNITS or UNIT_PTR.
  thb_eesa_solarwind_flag_epoch: VAR_TYPE = 'support_data' and no UNITS or UNIT_PTR.
  thb_iesa_solarwind_flag_epoch: VAR_TYPE = 'support_data' and no UNITS or UNIT_PTR.
THB_L2_SCM | ISTP.UNITS:
  thb_scf_epoch: VAR_TYPE = 'support_data' and no UNITS or UNIT_PTR.
  thb_scp_epoch16: VAR_TYPE = 'support_data' and no UNITS or UNIT_PTR.
  thb_scw_epoch16: VAR_TYPE = 'support_data' and no UNITS or UNIT_PTR.
THB_L2_SST | ISTP.UNITS:
  thb_psif_epoch: VAR_TYPE = 'support_data' and no UNITS or UNIT_PTR.
  thb_psef_epoch: VAR_TYPE = 'support_data' and no UNITS or UNIT_PTR.
  thb_psib_epoch: VAR_TYPE = 'support_data' and no UNITS or UNIT_PTR.
  thb_pseb_epoch: VAR_TYPE = 'support_data' and no UNITS or UNIT_PTR.
  thb_eesa_solarwind_flag_epoch: VAR_TYPE = 'support_data' and no UNITS or UNIT_PTR.
  thb_iesa_solarwind_flag_epoch: VAR_TYPE = 'support_data' and no UNITS or UNIT_PTR.
THC_L1_STATE | ISTP.UNITS:
  thc_state_epoch: VAR_TYPE = 'support_data' and no UNITS or UNIT_PTR.
  thc_spin_correction_epoch: VAR_TYPE = 'support_data' and no UNITS or UNIT_PTR.
  thc_spin_epoch: VAR_TYPE = 'support_data' and no UNITS or UNIT_PTR.
  thc_spin_fgm_corr_epoch: VAR_TYPE = 'support_data' and no UNITS or UNIT_PTR.
  thc_spin_ecl_fgm_corr_epoch: VAR_TYPE = 'support_data' and no UNITS or UNIT_PTR.
  thc_spin_ecl_epoch: VAR_TYPE = 'support_data' and no UNITS or UNIT_PTR.
THC_L2_EFI | ISTP.UNITS:
  thc_efs_dot0_epoch: VAR_TYPE = 'support_data' and no UNITS or UNIT_PTR.
  thc_efs_q_mag_epoch: VAR_TYPE = 'support_data' and no UNITS or UNIT_PTR.
  thc_efs_q_pha_epoch: VAR_TYPE = 'support_data' and no UNITS or UNIT_PTR.
  thc_eff_dot0_epoch: VAR_TYPE = 'support_data' and no UNITS or UNIT_PTR.
  thc_eff_q_mag_epoch: VAR_TYPE = 'support_data' and no UNITS or UNIT_PTR.
  thc_eff_q_pha_epoch: VAR_TYPE = 'support_data' and no UNITS or UNIT_PTR.
  thc_eff_e12_efs_epoch: VAR_TYPE = 'support_data' and no UNITS or UNIT_PTR.
  thc_eff_e34_efs_epoch: VAR_TYPE = 'support_data' and no UNITS or UNIT_PTR.
THC_L2_ESA | ISTP.UNITS:
  thc_peif_data_quality: VAR_TYPE = 'data' and no UNITS or UNIT_PTR.
  thc_peef_data_quality: VAR_TYPE = 'data' and no UNITS or UNIT_PTR.
  thc_peir_data_quality: VAR_TYPE = 'data' and no UNITS or UNIT_PTR.
  thc_peer_data_quality: VAR_TYPE = 'data' and no UNITS or UNIT_PTR.
  thc_peib_data_quality: VAR_TYPE = 'data' and no UNITS or UNIT_PTR.
  thc_peeb_data_quality: VAR_TYPE = 'data' and no UNITS or UNIT_PTR.
  thc_peif_epoch: VAR_TYPE = 'support_data' and no UNITS or UNIT_PTR.
  thc_peef_epoch: VAR_TYPE = 'support_data' and no UNITS or UNIT_PTR.
  thc_peir_epoch: VAR_TYPE = 'support_data' and no UNITS or UNIT_PTR.
  thc_peer_epoch: VAR_TYPE = 'support_data' and no UNITS or UNIT_PTR.
  thc_peib_epoch: VAR_TYPE = 'support_data' and no UNITS or UNIT_PTR.
  thc_peeb_epoch: VAR_TYPE = 'support_data' and no UNITS or UNIT_PTR.
  thc_eesa_solarwind_flag_epoch: VAR_TYPE = 'support_data' and no UNITS or UNIT_PTR.
  thc_iesa_solarwind_flag_epoch: VAR_TYPE = 'support_data' and no UNITS or UNIT_PTR.
THC_L2_FBK | ISTP.UNITS:
  thc_fb_hff_epoch: VAR_TYPE = 'support_data' and no UNITS or UNIT_PTR.
  thc_fb_v1_epoch: VAR_TYPE = 'support_data' and no UNITS or UNIT_PTR.
  thc_fb_v2_epoch: VAR_TYPE = 'support_data' and no UNITS or UNIT_PTR.
  thc_fb_v3_epoch: VAR_TYPE = 'support_data' and no UNITS or UNIT_PTR.
  thc_fb_v4_epoch: VAR_TYPE = 'support_data' and no UNITS or UNIT_PTR.
  thc_fb_v5_epoch: VAR_TYPE = 'support_data' and no UNITS or UNIT_PTR.
  thc_fb_v6_epoch: VAR_TYPE = 'support_data' and no UNITS or UNIT_PTR.
  thc_fb_edc12_epoch: VAR_TYPE = 'support_data' and no UNITS or UNIT_PTR.
  thc_fb_edc34_epoch: VAR_TYPE = 'support_data' and no UNITS or UNIT_PTR.
  thc_fb_edc56_epoch: VAR_TYPE = 'support_data' and no UNITS or UNIT_PTR.
  thc_fb_scm1_epoch: VAR_TYPE = 'support_data' and no UNITS or UNIT_PTR.
  thc_fb_scm2_epoch: VAR_TYPE = 'support_data' and no UNITS or UNIT_PTR.
  thc_fb_scm3_epoch: VAR_TYPE = 'support_data' and no UNITS or UNIT_PTR.
  thc_fb_eac12_epoch: VAR_TYPE = 'support_data' and no UNITS or UNIT_PTR.
  thc_fb_eac34_epoch: VAR_TYPE = 'support_data' and no UNITS or UNIT_PTR.
  thc_fb_eac56_epoch: VAR_TYPE = 'support_data' and no UNITS or UNIT_PTR.
THC_L2_FFT | ISTP.UNITS:
  thc_fff_16_epoch: VAR_TYPE = 'support_data' and no UNITS or UNIT_PTR.
  thc_fff_32_epoch: VAR_TYPE = 'support_data' and no UNITS or UNIT_PTR.
  thc_fff_64_epoch: VAR_TYPE = 'support_data' and no UNITS or UNIT_PTR.
  thc_ffp_16_epoch: VAR_TYPE = 'support_data' and no UNITS or UNIT_PTR.
  thc_ffp_32_epoch: VAR_TYPE = 'support_data' and no UNITS or UNIT_PTR.
  thc_ffp_64_epoch: VAR_TYPE = 'support_data' and no UNITS or UNIT_PTR.
  thc_ffw_16_epoch: VAR_TYPE = 'support_data' and no UNITS or UNIT_PTR.
  thc_ffw_32_epoch: VAR_TYPE = 'support_data' and no UNITS or UNIT_PTR.
  thc_ffw_64_epoch: VAR_TYPE = 'support_data' and no UNITS or UNIT_PTR.
THC_L2_FGM | ISTP.UNITS:
  thc_fgm_fgs_quality: VAR_TYPE = 'data' and no UNITS or UNIT_PTR.
  thc_fgs_epoch: VAR_TYPE = 'support_data' and no UNITS or UNIT_PTR.
  thc_fgm_fgl_quality: VAR_TYPE = 'data' and no UNITS or UNIT_PTR.
  thc_fgl_epoch16: VAR_TYPE = 'support_data' and no UNITS or UNIT_PTR.
  thc_fgm_fgh_quality: VAR_TYPE = 'data' and no UNITS or UNIT_PTR.
  thc_fgh_epoch16: VAR_TYPE = 'support_data' and no UNITS or UNIT_PTR.
  thc_fgm_fge_quality: VAR_TYPE = 'data' and no UNITS or UNIT_PTR.
  thc_fge_epoch16: VAR_TYPE = 'support_data' and no UNITS or UNIT_PTR.
THC_L2_FIT | ISTP.UNITS:
  thc_fgs_epoch: VAR_TYPE = 'support_data' and no UNITS or UNIT_PTR.
  thc_efs_epoch: VAR_TYPE = 'support_data' and no UNITS or UNIT_PTR.
  thc_fit_bfit_epoch: VAR_TYPE = 'support_data' and no UNITS or UNIT_PTR.
  thc_fit_efit_epoch: VAR_TYPE = 'support_data' and no UNITS or UNIT_PTR.
THC_L2_GMOM | ISTP.UNITS:
  thc_ptiff_epoch: VAR_TYPE = 'support_data' and no UNITS or UNIT_PTR.
  thc_pteff_epoch: VAR_TYPE = 'support_data' and no UNITS or UNIT_PTR.
  thc_ptirf_epoch: VAR_TYPE = 'support_data' and no UNITS or UNIT_PTR.
  thc_pterf_epoch: VAR_TYPE = 'support_data' and no UNITS or UNIT_PTR.
  thc_ptibb_epoch: VAR_TYPE = 'support_data' and no UNITS or UNIT_PTR.
  thc_ptebb_epoch: VAR_TYPE = 'support_data' and no UNITS or UNIT_PTR.
  thc_eesa_solarwind_flag_epoch: VAR_TYPE = 'support_data' and no UNITS or UNIT_PTR.
  thc_iesa_solarwind_flag_epoch: VAR_TYPE = 'support_data' and no UNITS or UNIT_PTR.
THC_L2_MOM | ISTP.UNITS:
  thc_peim_epoch: VAR_TYPE = 'support_data' and no UNITS or UNIT_PTR.
  thc_peem_epoch: VAR_TYPE = 'support_data' and no UNITS or UNIT_PTR.
  thc_pxxm_epoch: VAR_TYPE = 'support_data' and no UNITS or UNIT_PTR.
  thc_eesa_solarwind_flag_epoch: VAR_TYPE = 'support_data' and no UNITS or UNIT_PTR.
  thc_iesa_solarwind_flag_epoch: VAR_TYPE = 'support_data' and no UNITS or UNIT_PTR.
THC_L2_SCM | ISTP.UNITS:
  thc_scf_epoch: VAR_TYPE = 'support_data' and no UNITS or UNIT_PTR.
  thc_scp_epoch16: VAR_TYPE = 'support_data' and no UNITS or UNIT_PTR.
  thc_scw_epoch16: VAR_TYPE = 'support_data' and no UNITS or UNIT_PTR.
THC_L2_SST | ISTP.UNITS:
  thc_psif_epoch: VAR_TYPE = 'support_data' and no UNITS or UNIT_PTR.
  thc_psef_epoch: VAR_TYPE = 'support_data' and no UNITS or UNIT_PTR.
  thc_psib_epoch: VAR_TYPE = 'support_data' and no UNITS or UNIT_PTR.
  thc_pseb_epoch: VAR_TYPE = 'support_data' and no UNITS or UNIT_PTR.
  thc_eesa_solarwind_flag_epoch: VAR_TYPE = 'support_data' and no UNITS or UNIT_PTR.
  thc_iesa_solarwind_flag_epoch: VAR_TYPE = 'support_data' and no UNITS or UNIT_PTR.
THD_L1_STATE | ISTP.UNITS:
  thd_state_epoch: VAR_TYPE = 'support_data' and no UNITS or UNIT_PTR.
  thd_spin_correction_epoch: VAR_TYPE = 'support_data' and no UNITS or UNIT_PTR.
  thd_spin_epoch: VAR_TYPE = 'support_data' and no UNITS or UNIT_PTR.
  thd_spin_fgm_corr_epoch: VAR_TYPE = 'support_data' and no UNITS or UNIT_PTR.
  thd_spin_ecl_fgm_corr_epoch: VAR_TYPE = 'support_data' and no UNITS or UNIT_PTR.
  thd_spin_ecl_epoch: VAR_TYPE = 'support_data' and no UNITS or UNIT_PTR.
THD_L2_EFI | ISTP.UNITS:
  thd_efs_dot0_epoch: VAR_TYPE = 'support_data' and no UNITS or UNIT_PTR.
  thd_efs_q_mag_epoch: VAR_TYPE = 'support_data' and no UNITS or UNIT_PTR.
  thd_efs_q_pha_epoch: VAR_TYPE = 'support_data' and no UNITS or UNIT_PTR.
  thd_eff_dot0_epoch: VAR_TYPE = 'support_data' and no UNITS or UNIT_PTR.
  thd_eff_q_mag_epoch: VAR_TYPE = 'support_data' and no UNITS or UNIT_PTR.
  thd_eff_q_pha_epoch: VAR_TYPE = 'support_data' and no UNITS or UNIT_PTR.
  thd_eff_e12_efs_epoch: VAR_TYPE = 'support_data' and no UNITS or UNIT_PTR.
  thd_eff_e34_efs_epoch: VAR_TYPE = 'support_data' and no UNITS or UNIT_PTR.
THD_L2_ESA | ISTP.UNITS:
  thd_peif_data_quality: VAR_TYPE = 'data' and no UNITS or UNIT_PTR.
  thd_peef_data_quality: VAR_TYPE = 'data' and no UNITS or UNIT_PTR.
  thd_peir_data_quality: VAR_TYPE = 'data' and no UNITS or UNIT_PTR.
  thd_peer_data_quality: VAR_TYPE = 'data' and no UNITS or UNIT_PTR.
  thd_peib_data_quality: VAR_TYPE = 'data' and no UNITS or UNIT_PTR.
  thd_peeb_data_quality: VAR_TYPE = 'data' and no UNITS or UNIT_PTR.
  thd_peif_epoch: VAR_TYPE = 'support_data' and no UNITS or UNIT_PTR.
  thd_peef_epoch: VAR_TYPE = 'support_data' and no UNITS or UNIT_PTR.
  thd_peir_epoch: VAR_TYPE = 'support_data' and no UNITS or UNIT_PTR.
  thd_peer_epoch: VAR_TYPE = 'support_data' and no UNITS or UNIT_PTR.
  thd_peib_epoch: VAR_TYPE = 'support_data' and no UNITS or UNIT_PTR.
  thd_peeb_epoch: VAR_TYPE = 'support_data' and no UNITS or UNIT_PTR.
  thd_eesa_solarwind_flag_epoch: VAR_TYPE = 'support_data' and no UNITS or UNIT_PTR.
  thd_iesa_solarwind_flag_epoch: VAR_TYPE = 'support_data' and no UNITS or UNIT_PTR.
THD_L2_FBK | ISTP.UNITS:
  thd_fb_hff_epoch: VAR_TYPE = 'support_data' and no UNITS or UNIT_PTR.
  thd_fb_v1_epoch: VAR_TYPE = 'support_data' and no UNITS or UNIT_PTR.
  thd_fb_v2_epoch: VAR_TYPE = 'support_data' and no UNITS or UNIT_PTR.
  thd_fb_v3_epoch: VAR_TYPE = 'support_data' and no UNITS or UNIT_PTR.
  thd_fb_v4_epoch: VAR_TYPE = 'support_data' and no UNITS or UNIT_PTR.
  thd_fb_v5_epoch: VAR_TYPE = 'support_data' and no UNITS or UNIT_PTR.
  thd_fb_v6_epoch: VAR_TYPE = 'support_data' and no UNITS or UNIT_PTR.
  thd_fb_edc12_epoch: VAR_TYPE = 'support_data' and no UNITS or UNIT_PTR.
  thd_fb_edc34_epoch: VAR_TYPE = 'support_data' and no UNITS or UNIT_PTR.
  thd_fb_edc56_epoch: VAR_TYPE = 'support_data' and no UNITS or UNIT_PTR.
  thd_fb_scm1_epoch: VAR_TYPE = 'support_data' and no UNITS or UNIT_PTR.
  thd_fb_scm2_epoch: VAR_TYPE = 'support_data' and no UNITS or UNIT_PTR.
  thd_fb_scm3_epoch: VAR_TYPE = 'support_data' and no UNITS or UNIT_PTR.
  thd_fb_eac12_epoch: VAR_TYPE = 'support_data' and no UNITS or UNIT_PTR.
  thd_fb_eac34_epoch: VAR_TYPE = 'support_data' and no UNITS or UNIT_PTR.
  thd_fb_eac56_epoch: VAR_TYPE = 'support_data' and no UNITS or UNIT_PTR.
THD_L2_FFT | ISTP.UNITS:
  thd_fff_16_epoch: VAR_TYPE = 'support_data' and no UNITS or UNIT_PTR.
  thd_fff_32_epoch: VAR_TYPE = 'support_data' and no UNITS or UNIT_PTR.
  thd_fff_64_epoch: VAR_TYPE = 'support_data' and no UNITS or UNIT_PTR.
  thd_ffp_16_epoch: VAR_TYPE = 'support_data' and no UNITS or UNIT_PTR.
  thd_ffp_32_epoch: VAR_TYPE = 'support_data' and no UNITS or UNIT_PTR.
  thd_ffp_64_epoch: VAR_TYPE = 'support_data' and no UNITS or UNIT_PTR.
  thd_ffw_16_epoch: VAR_TYPE = 'support_data' and no UNITS or UNIT_PTR.
  thd_ffw_32_epoch: VAR_TYPE = 'support_data' and no UNITS or UNIT_PTR.
  thd_ffw_64_epoch: VAR_TYPE = 'support_data' and no UNITS or UNIT_PTR.
THD_L2_FGM | ISTP.UNITS:
  thd_fgm_fgs_quality: VAR_TYPE = 'data' and no UNITS or UNIT_PTR.
  thd_fgs_epoch: VAR_TYPE = 'support_data' and no UNITS or UNIT_PTR.
  thd_fgm_fgl_quality: VAR_TYPE = 'data' and no UNITS or UNIT_PTR.
  thd_fgl_epoch16: VAR_TYPE = 'support_data' and no UNITS or UNIT_PTR.
  thd_fgm_fgh_quality: VAR_TYPE = 'data' and no UNITS or UNIT_PTR.
  thd_fgh_epoch16: VAR_TYPE = 'support_data' and no UNITS or UNIT_PTR.
  thd_fgm_fge_quality: VAR_TYPE = 'data' and no UNITS or UNIT_PTR.
  thd_fge_epoch16: VAR_TYPE = 'support_data' and no UNITS or UNIT_PTR.
THD_L2_FIT | ISTP.UNITS:
  thd_fgs_epoch: VAR_TYPE = 'support_data' and no UNITS or UNIT_PTR.
  thd_efs_epoch: VAR_TYPE = 'support_data' and no UNITS or UNIT_PTR.
  thd_fit_bfit_epoch: VAR_TYPE = 'support_data' and no UNITS or UNIT_PTR.
  thd_fit_efit_epoch: VAR_TYPE = 'support_data' and no UNITS or UNIT_PTR.
THD_L2_GMOM | ISTP.UNITS:
  thd_ptiff_epoch: VAR_TYPE = 'support_data' and no UNITS or UNIT_PTR.
  thd_pteff_epoch: VAR_TYPE = 'support_data' and no UNITS or UNIT_PTR.
  thd_ptirf_epoch: VAR_TYPE = 'support_data' and no UNITS or UNIT_PTR.
  thd_pterf_epoch: VAR_TYPE = 'support_data' and no UNITS or UNIT_PTR.
  thd_ptibb_epoch: VAR_TYPE = 'support_data' and no UNITS or UNIT_PTR.
  thd_ptebb_epoch: VAR_TYPE = 'support_data' and no UNITS or UNIT_PTR.
  thd_eesa_solarwind_flag_epoch: VAR_TYPE = 'support_data' and no UNITS or UNIT_PTR.
  thd_iesa_solarwind_flag_epoch: VAR_TYPE = 'support_data' and no UNITS or UNIT_PTR.
THD_L2_MOM | ISTP.UNITS:
  thd_peim_epoch: VAR_TYPE = 'support_data' and no UNITS or UNIT_PTR.
  thd_peem_epoch: VAR_TYPE = 'support_data' and no UNITS or UNIT_PTR.
  thd_pxxm_epoch: VAR_TYPE = 'support_data' and no UNITS or UNIT_PTR.
  thd_eesa_solarwind_flag_epoch: VAR_TYPE = 'support_data' and no UNITS or UNIT_PTR.
  thd_iesa_solarwind_flag_epoch: VAR_TYPE = 'support_data' and no UNITS or UNIT_PTR.
THD_L2_SCM | ISTP.UNITS:
  thd_scf_epoch: VAR_TYPE = 'support_data' and no UNITS or UNIT_PTR.
  thd_scp_epoch16: VAR_TYPE = 'support_data' and no UNITS or UNIT_PTR.
  thd_scw_epoch16: VAR_TYPE = 'support_data' and no UNITS or UNIT_PTR.
THD_L2_SST | ISTP.UNITS:
  thd_psif_epoch: VAR_TYPE = 'support_data' and no UNITS or UNIT_PTR.
  thd_psef_epoch: VAR_TYPE = 'support_data' and no UNITS or UNIT_PTR.
  thd_psib_epoch: VAR_TYPE = 'support_data' and no UNITS or UNIT_PTR.
  thd_pseb_epoch: VAR_TYPE = 'support_data' and no UNITS or UNIT_PTR.
  thd_eesa_solarwind_flag_epoch: VAR_TYPE = 'support_data' and no UNITS or UNIT_PTR.
  thd_iesa_solarwind_flag_epoch: VAR_TYPE = 'support_data' and no UNITS or UNIT_PTR.
THE_L1_STATE | ISTP.UNITS:
  the_state_epoch: VAR_TYPE = 'support_data' and no UNITS or UNIT_PTR.
  the_spin_correction_epoch: VAR_TYPE = 'support_data' and no UNITS or UNIT_PTR.
  the_spin_epoch: VAR_TYPE = 'support_data' and no UNITS or UNIT_PTR.
  the_spin_fgm_corr_epoch: VAR_TYPE = 'support_data' and no UNITS or UNIT_PTR.
  the_spin_ecl_fgm_corr_epoch: VAR_TYPE = 'support_data' and no UNITS or UNIT_PTR.
  the_spin_ecl_epoch: VAR_TYPE = 'support_data' and no UNITS or UNIT_PTR.
THE_L2_EFI | ISTP.UNITS:
  the_efs_dot0_epoch: VAR_TYPE = 'support_data' and no UNITS or UNIT_PTR.
  the_efs_q_mag_epoch: VAR_TYPE = 'support_data' and no UNITS or UNIT_PTR.
  the_efs_q_pha_epoch: VAR_TYPE = 'support_data' and no UNITS or UNIT_PTR.
  the_eff_dot0_epoch: VAR_TYPE = 'support_data' and no UNITS or UNIT_PTR.
  the_eff_q_mag_epoch: VAR_TYPE = 'support_data' and no UNITS or UNIT_PTR.
  the_eff_q_pha_epoch: VAR_TYPE = 'support_data' and no UNITS or UNIT_PTR.
  the_eff_e12_efs_epoch: VAR_TYPE = 'support_data' and no UNITS or UNIT_PTR.
  the_eff_e34_efs_epoch: VAR_TYPE = 'support_data' and no UNITS or UNIT_PTR.
THE_L2_ESA | ISTP.UNITS:
  the_peif_data_quality: VAR_TYPE = 'data' and no UNITS or UNIT_PTR.
  the_peef_data_quality: VAR_TYPE = 'data' and no UNITS or UNIT_PTR.
  the_peir_data_quality: VAR_TYPE = 'data' and no UNITS or UNIT_PTR.
  the_peer_data_quality: VAR_TYPE = 'data' and no UNITS or UNIT_PTR.
  the_peib_data_quality: VAR_TYPE = 'data' and no UNITS or UNIT_PTR.
  the_peeb_data_quality: VAR_TYPE = 'data' and no UNITS or UNIT_PTR.
  the_peif_epoch: VAR_TYPE = 'support_data' and no UNITS or UNIT_PTR.
  the_peef_epoch: VAR_TYPE = 'support_data' and no UNITS or UNIT_PTR.
  the_peir_epoch: VAR_TYPE = 'support_data' and no UNITS or UNIT_PTR.
  the_peer_epoch: VAR_TYPE = 'support_data' and no UNITS or UNIT_PTR.
  the_peib_epoch: VAR_TYPE = 'support_data' and no UNITS or UNIT_PTR.
  the_peeb_epoch: VAR_TYPE = 'support_data' and no UNITS or UNIT_PTR.
  the_eesa_solarwind_flag_epoch: VAR_TYPE = 'support_data' and no UNITS or UNIT_PTR.
  the_iesa_solarwind_flag_epoch: VAR_TYPE = 'support_data' and no UNITS or UNIT_PTR.
THE_L2_FBK | ISTP.UNITS:
  the_fb_hff_epoch: VAR_TYPE = 'support_data' and no UNITS or UNIT_PTR.
  the_fb_v1_epoch: VAR_TYPE = 'support_data' and no UNITS or UNIT_PTR.
  the_fb_v2_epoch: VAR_TYPE = 'support_data' and no UNITS or UNIT_PTR.
  the_fb_v3_epoch: VAR_TYPE = 'support_data' and no UNITS or UNIT_PTR.
  the_fb_v4_epoch: VAR_TYPE = 'support_data' and no UNITS or UNIT_PTR.
  the_fb_v5_epoch: VAR_TYPE = 'support_data' and no UNITS or UNIT_PTR.
  the_fb_v6_epoch: VAR_TYPE = 'support_data' and no UNITS or UNIT_PTR.
  the_fb_edc12_epoch: VAR_TYPE = 'support_data' and no UNITS or UNIT_PTR.
  the_fb_edc34_epoch: VAR_TYPE = 'support_data' and no UNITS or UNIT_PTR.
  the_fb_edc56_epoch: VAR_TYPE = 'support_data' and no UNITS or UNIT_PTR.
  the_fb_scm1_epoch: VAR_TYPE = 'support_data' and no UNITS or UNIT_PTR.
  the_fb_scm2_epoch: VAR_TYPE = 'support_data' and no UNITS or UNIT_PTR.
  the_fb_scm3_epoch: VAR_TYPE = 'support_data' and no UNITS or UNIT_PTR.
  the_fb_eac12_epoch: VAR_TYPE = 'support_data' and no UNITS or UNIT_PTR.
  the_fb_eac34_epoch: VAR_TYPE = 'support_data' and no UNITS or UNIT_PTR.
  the_fb_eac56_epoch: VAR_TYPE = 'support_data' and no UNITS or UNIT_PTR.
THE_L2_FFT | ISTP.UNITS:
  the_fff_16_epoch: VAR_TYPE = 'support_data' and no UNITS or UNIT_PTR.
  the_fff_32_epoch: VAR_TYPE = 'support_data' and no UNITS or UNIT_PTR.
  the_fff_64_epoch: VAR_TYPE = 'support_data' and no UNITS or UNIT_PTR.
  the_ffp_16_epoch: VAR_TYPE = 'support_data' and no UNITS or UNIT_PTR.
  the_ffp_32_epoch: VAR_TYPE = 'support_data' and no UNITS or UNIT_PTR.
  the_ffp_64_epoch: VAR_TYPE = 'support_data' and no UNITS or UNIT_PTR.
  the_ffw_16_epoch: VAR_TYPE = 'support_data' and no UNITS or UNIT_PTR.
  the_ffw_32_epoch: VAR_TYPE = 'support_data' and no UNITS or UNIT_PTR.
  the_ffw_64_epoch: VAR_TYPE = 'support_data' and no UNITS or UNIT_PTR.
THE_L2_FGM | ISTP.UNITS:
  the_fgm_fgs_quality: VAR_TYPE = 'data' and no UNITS or UNIT_PTR.
  the_fgs_epoch: VAR_TYPE = 'support_data' and no UNITS or UNIT_PTR.
  the_fgm_fgl_quality: VAR_TYPE = 'data' and no UNITS or UNIT_PTR.
  the_fgl_epoch16: VAR_TYPE = 'support_data' and no UNITS or UNIT_PTR.
  the_fgm_fgh_quality: VAR_TYPE = 'data' and no UNITS or UNIT_PTR.
  the_fgh_epoch16: VAR_TYPE = 'support_data' and no UNITS or UNIT_PTR.
  the_fgm_fge_quality: VAR_TYPE = 'data' and no UNITS or UNIT_PTR.
  the_fge_epoch16: VAR_TYPE = 'support_data' and no UNITS or UNIT_PTR.
THE_L2_FIT | ISTP.UNITS:
  the_fgs_epoch: VAR_TYPE = 'support_data' and no UNITS or UNIT_PTR.
  the_efs_epoch: VAR_TYPE = 'support_data' and no UNITS or UNIT_PTR.
  the_fit_bfit_epoch: VAR_TYPE = 'support_data' and no UNITS or UNIT_PTR.
  the_fit_efit_epoch: VAR_TYPE = 'support_data' and no UNITS or UNIT_PTR.
THE_L2_GMOM | ISTP.UNITS:
  the_ptiff_epoch: VAR_TYPE = 'support_data' and no UNITS or UNIT_PTR.
  the_pteff_epoch: VAR_TYPE = 'support_data' and no UNITS or UNIT_PTR.
  the_ptirf_epoch: VAR_TYPE = 'support_data' and no UNITS or UNIT_PTR.
  the_pterf_epoch: VAR_TYPE = 'support_data' and no UNITS or UNIT_PTR.
  the_ptibb_epoch: VAR_TYPE = 'support_data' and no UNITS or UNIT_PTR.
  the_ptebb_epoch: VAR_TYPE = 'support_data' and no UNITS or UNIT_PTR.
  the_eesa_solarwind_flag_epoch: VAR_TYPE = 'support_data' and no UNITS or UNIT_PTR.
  the_iesa_solarwind_flag_epoch: VAR_TYPE = 'support_data' and no UNITS or UNIT_PTR.
THE_L2_MOM | ISTP.UNITS:
  the_peim_epoch: VAR_TYPE = 'support_data' and no UNITS or UNIT_PTR.
  the_peem_epoch: VAR_TYPE = 'support_data' and no UNITS or UNIT_PTR.
  the_pxxm_epoch: VAR_TYPE = 'support_data' and no UNITS or UNIT_PTR.
  the_eesa_solarwind_flag_epoch: VAR_TYPE = 'support_data' and no UNITS or UNIT_PTR.
  the_iesa_solarwind_flag_epoch: VAR_TYPE = 'support_data' and no UNITS or UNIT_PTR.
THE_L2_SCM | ISTP.UNITS:
  the_scf_epoch: VAR_TYPE = 'support_data' and no UNITS or UNIT_PTR.
  the_scp_epoch16: VAR_TYPE = 'support_data' and no UNITS or UNIT_PTR.
  the_scw_epoch16: VAR_TYPE = 'support_data' and no UNITS or UNIT_PTR.
THE_L2_SST | ISTP.UNITS:
  the_psif_epoch: VAR_TYPE = 'support_data' and no UNITS or UNIT_PTR.
  the_psef_epoch: VAR_TYPE = 'support_data' and no UNITS or UNIT_PTR.
  the_psib_epoch: VAR_TYPE = 'support_data' and no UNITS or UNIT_PTR.
  the_pseb_epoch: VAR_TYPE = 'support_data' and no UNITS or UNIT_PTR.
  the_eesa_solarwind_flag_epoch: VAR_TYPE = 'support_data' and no UNITS or UNIT_PTR.
  the_iesa_solarwind_flag_epoch: VAR_TYPE = 'support_data' and no UNITS or UNIT_PTR.
THG_L1_ASK | ISTP.UNITS:
  thg_ask_stations: VAR_TYPE = 'support_data' and no UNITS or UNIT_PTR.
  thg_ask_nrsq_tend: VAR_TYPE = 'support_data' and no UNITS or UNIT_PTR.
  thg_ask_nrsq_epoch: VAR_TYPE = 'support_data' and no UNITS or UNIT_PTR.
  thg_ask_gbay_tend: VAR_TYPE = 'support_data' and no UNITS or UNIT_PTR.
  thg_ask_gbay_epoch: VAR_TYPE = 'support_data' and no UNITS or UNIT_PTR.
  thg_ask_kuuj_tend: VAR_TYPE = 'support_data' and no UNITS or UNIT_PTR.
  thg_ask_kuuj_epoch: VAR_TYPE = 'support_data' and no UNITS or UNIT_PTR.
  thg_ask_chbg_tend: VAR_TYPE = 'support_data' and no UNITS or UNIT_PTR.
  thg_ask_chbg_epoch: VAR_TYPE = 'support_data' and no UNITS or UNIT_PTR.
  thg_ask_snkq_tend: VAR_TYPE = 'support_data' and no UNITS or UNIT_PTR.
  thg_ask_snkq_epoch: VAR_TYPE = 'support_data' and no UNITS or UNIT_PTR.
  thg_ask_kapu_tend: VAR_TYPE = 'support_data' and no UNITS or UNIT_PTR.
  thg_ask_kapu_epoch: VAR_TYPE = 'support_data' and no UNITS or UNIT_PTR.
  thg_ask_rank_tend: VAR_TYPE = 'support_data' and no UNITS or UNIT_PTR.
  thg_ask_rank_epoch: VAR_TYPE = 'support_data' and no UNITS or UNIT_PTR.
  thg_ask_talo_tend: VAR_TYPE = 'support_data' and no UNITS or UNIT_PTR.
  thg_ask_talo_epoch: VAR_TYPE = 'support_data' and no UNITS or UNIT_PTR.
  thg_ask_gill_tend: VAR_TYPE = 'support_data' and no UNITS or UNIT_PTR.
  thg_ask_gill_epoch: VAR_TYPE = 'support_data' and no UNITS or UNIT_PTR.
  thg_ask_pina_tend: VAR_TYPE = 'support_data' and no UNITS or UNIT_PTR.
  thg_ask_pina_epoch: VAR_TYPE = 'support_data' and no UNITS or UNIT_PTR.
  thg_ask_tpas_tend: VAR_TYPE = 'support_data' and no UNITS or UNIT_PTR.
  thg_ask_tpas_epoch: VAR_TYPE = 'support_data' and no UNITS or UNIT_PTR.
  thg_ask_ekat_tend: VAR_TYPE = 'support_data' and no UNITS or UNIT_PTR.
  thg_ask_ekat_epoch: VAR_TYPE = 'support_data' and no UNITS or UNIT_PTR.
  thg_ask_snap_tend: VAR_TYPE = 'support_data' and no UNITS or UNIT_PTR.
  thg_ask_snap_epoch: VAR_TYPE = 'support_data' and no UNITS or UNIT_PTR.
  thg_ask_fsmi_tend: VAR_TYPE = 'support_data' and no UNITS or UNIT_PTR.
  thg_ask_fsmi_epoch: VAR_TYPE = 'support_data' and no UNITS or UNIT_PTR.
  thg_ask_atha_tend: VAR_TYPE = 'support_data' and no UNITS or UNIT_PTR.
  thg_ask_atha_epoch: VAR_TYPE = 'support_data' and no UNITS or UNIT_PTR.
  thg_ask_yknf_tend: VAR_TYPE = 'support_data' and no UNITS or UNIT_PTR.
  thg_ask_yknf_epoch: VAR_TYPE = 'support_data' and no UNITS or UNIT_PTR.
  thg_ask_fsim_tend: VAR_TYPE = 'support_data' and no UNITS or UNIT_PTR.
  thg_ask_fsim_epoch: VAR_TYPE = 'support_data' and no UNITS or UNIT_PTR.
  thg_ask_pgeo_tend: VAR_TYPE = 'support_data' and no UNITS or UNIT_PTR.
  thg_ask_pgeo_epoch: VAR_TYPE = 'support_data' and no UNITS or UNIT_PTR.
  thg_ask_inuv_tend: VAR_TYPE = 'support_data' and no UNITS or UNIT_PTR.
  thg_ask_inuv_epoch: VAR_TYPE = 'support_data' and no UNITS or UNIT_PTR.
  thg_ask_whit_tend: VAR_TYPE = 'support_data' and no UNITS or UNIT_PTR.
  thg_ask_whit_epoch: VAR_TYPE = 'support_data' and no UNITS or UNIT_PTR.
  thg_ask_gako_tend: VAR_TYPE = 'support_data' and no UNITS or UNIT_PTR.
  thg_ask_gako_epoch: VAR_TYPE = 'support_data' and no UNITS or UNIT_PTR.
  thg_ask_fykn_tend: VAR_TYPE = 'support_data' and no UNITS or UNIT_PTR.
  thg_ask_fykn_epoch: VAR_TYPE = 'support_data' and no UNITS or UNIT_PTR.
  thg_ask_mcgr_tend: VAR_TYPE = 'support_data' and no UNITS or UNIT_PTR.
  thg_ask_mcgr_epoch: VAR_TYPE = 'support_data' and no UNITS or UNIT_PTR.
  thg_ask_kian_tend: VAR_TYPE = 'support_data' and no UNITS or UNIT_PTR.
  thg_ask_kian_epoch: VAR_TYPE = 'support_data' and no UNITS or UNIT_PTR.
THG_L2_MAG_AKUL | ISTP.UNITS:
  thg_mag_akul_compno: VAR_TYPE = 'support_data' and no UNITS or UNIT_PTR.
  thg_mag_akul_epoch: VAR_TYPE = 'support_data' and no UNITS or UNIT_PTR.
THG_L2_MAG_AMD | ISTP.UNITS:
  thg_mag_amd_compno: VAR_TYPE = 'support_data' and no UNITS or UNIT_PTR.
  thg_mag_amd_epoch: VAR_TYPE = 'support_data' and no UNITS or UNIT_PTR.
THG_L2_MAG_AMER | ISTP.UNITS:
  thg_mag_amer_compno: VAR_TYPE = 'support_data' and no UNITS or UNIT_PTR.
  thg_mag_amer_epoch: VAR_TYPE = 'support_data' and no UNITS or UNIT_PTR.
THG_L2_MAG_AMK | ISTP.UNITS:
  thg_mag_amk_compno: VAR_TYPE = 'support_data' and no UNITS or UNIT_PTR.
  thg_mag_amk_epoch: VAR_TYPE = 'support_data' and no UNITS or UNIT_PTR.
THG_L2_MAG_AND | ISTP.UNITS:
  thg_mag_and_compno: VAR_TYPE = 'support_data' and no UNITS or UNIT_PTR.
  thg_mag_and_epoch: VAR_TYPE = 'support_data' and no UNITS or UNIT_PTR.
THG_L2_MAG_ARCT | ISTP.UNITS:
  thg_mag_arct_compno: VAR_TYPE = 'support_data' and no UNITS or UNIT_PTR.
  thg_mag_arct_epoch: VAR_TYPE = 'support_data' and no UNITS or UNIT_PTR.
THG_L2_MAG_ATHA | ISTP.UNITS:
  thg_mag_atha_compno: VAR_TYPE = 'support_data' and no UNITS or UNIT_PTR.
  thg_mag_atha_epoch: VAR_TYPE = 'support_data' and no UNITS or UNIT_PTR.
THG_L2_MAG_ATU | ISTP.UNITS:
  thg_mag_atu_compno: VAR_TYPE = 'support_data' and no UNITS or UNIT_PTR.
  thg_mag_atu_epoch: VAR_TYPE = 'support_data' and no UNITS or UNIT_PTR.
THG_L2_MAG_BBG | ISTP.UNITS:
  thg_mag_bbg_compno: VAR_TYPE = 'support_data' and no UNITS or UNIT_PTR.
  thg_mag_bbg_epoch: VAR_TYPE = 'support_data' and no UNITS or UNIT_PTR.
THG_L2_MAG_BENN | ISTP.UNITS:
  thg_mag_benn_compno: VAR_TYPE = 'support_data' and no UNITS or UNIT_PTR.
  thg_mag_benn_epoch: VAR_TYPE = 'support_data' and no UNITS or UNIT_PTR.
THG_L2_MAG_BETT | ISTP.UNITS:
  thg_mag_bett_compno: VAR_TYPE = 'support_data' and no UNITS or UNIT_PTR.
  thg_mag_bett_epoch: VAR_TYPE = 'support_data' and no UNITS or UNIT_PTR.
THG_L2_MAG_BFE | ISTP.UNITS:
  thg_mag_bfe_compno: VAR_TYPE = 'support_data' and no UNITS or UNIT_PTR.
  thg_mag_bfe_epoch: VAR_TYPE = 'support_data' and no UNITS or UNIT_PTR.
THG_L2_MAG_BJN | ISTP.UNITS:
  thg_mag_bjn_compno: VAR_TYPE = 'support_data' and no UNITS or UNIT_PTR.
  thg_mag_bjn_epoch: VAR_TYPE = 'support_data' and no UNITS or UNIT_PTR.
THG_L2_MAG_BLC | ISTP.UNITS:
  thg_mag_blc_compno: VAR_TYPE = 'support_data' and no UNITS or UNIT_PTR.
  thg_mag_blc_epoch: VAR_TYPE = 'support_data' and no UNITS or UNIT_PTR.
THG_L2_MAG_BMLS | ISTP.UNITS:
  thg_mag_bmls_compno: VAR_TYPE = 'support_data' and no UNITS or UNIT_PTR.
  thg_mag_bmls_epoch: VAR_TYPE = 'support_data' and no UNITS or UNIT_PTR.
THG_L2_MAG_BOU | ISTP.UNITS:
  thg_mag_bou_compno: VAR_TYPE = 'support_data' and no UNITS or UNIT_PTR.
  thg_mag_bou_epoch: VAR_TYPE = 'support_data' and no UNITS or UNIT_PTR.
THG_L2_MAG_BRN | ISTP.UNITS:
  thg_mag_brn_compno: VAR_TYPE = 'support_data' and no UNITS or UNIT_PTR.
  thg_mag_brn_epoch: VAR_TYPE = 'support_data' and no UNITS or UNIT_PTR.
THG_L2_MAG_BRW | ISTP.UNITS:
  thg_mag_brw_compno: VAR_TYPE = 'support_data' and no UNITS or UNIT_PTR.
  thg_mag_brw_epoch: VAR_TYPE = 'support_data' and no UNITS or UNIT_PTR.
THG_L2_MAG_BSL | ISTP.UNITS:
  thg_mag_bsl_compno: VAR_TYPE = 'support_data' and no UNITS or UNIT_PTR.
  thg_mag_bsl_epoch: VAR_TYPE = 'support_data' and no UNITS or UNIT_PTR.
THG_L2_MAG_CBB | ISTP.UNITS:
  thg_mag_cbb_compno: VAR_TYPE = 'support_data' and no UNITS or UNIT_PTR.
  thg_mag_cbb_epoch: VAR_TYPE = 'support_data' and no UNITS or UNIT_PTR.
THG_L2_MAG_CCNV | ISTP.UNITS:
  thg_mag_ccnv_compno: VAR_TYPE = 'support_data' and no UNITS or UNIT_PTR.
  thg_mag_ccnv_epoch: VAR_TYPE = 'support_data' and no UNITS or UNIT_PTR.
THG_L2_MAG_CDRT | ISTP.UNITS:
  thg_mag_cdrt_compno: VAR_TYPE = 'support_data' and no UNITS or UNIT_PTR.
  thg_mag_cdrt_epoch: VAR_TYPE = 'support_data' and no UNITS or UNIT_PTR.
THG_L2_MAG_CHBG | ISTP.UNITS:
  thg_mag_chbg_compno: VAR_TYPE = 'support_data' and no UNITS or UNIT_PTR.
  thg_mag_chbg_epoch: VAR_TYPE = 'support_data' and no UNITS or UNIT_PTR.
THG_L2_MAG_CHBR | ISTP.UNITS:
  thg_mag_chbr_compno: VAR_TYPE = 'support_data' and no UNITS or UNIT_PTR.
  thg_mag_chbr_epoch: VAR_TYPE = 'support_data' and no UNITS or UNIT_PTR.
THG_L2_MAG_CIGO | ISTP.UNITS:
  thg_mag_cigo_compno: VAR_TYPE = 'support_data' and no UNITS or UNIT_PTR.
  thg_mag_cigo_epoch: VAR_TYPE = 'support_data' and no UNITS or UNIT_PTR.
THG_L2_MAG_CMO | ISTP.UNITS:
  thg_mag_cmo_compno: VAR_TYPE = 'support_data' and no UNITS or UNIT_PTR.
  thg_mag_cmo_epoch: VAR_TYPE = 'support_data' and no UNITS or UNIT_PTR.
THG_L2_MAG_COL | ISTP.UNITS:
  thg_mag_col_compno: VAR_TYPE = 'support_data' and no UNITS or UNIT_PTR.
THG_L2_MAG_CRVR | ISTP.UNITS:
  thg_mag_crvr_compno: VAR_TYPE = 'support_data' and no UNITS or UNIT_PTR.
  thg_mag_crvr_epoch: VAR_TYPE = 'support_data' and no UNITS or UNIT_PTR.
THG_L2_MAG_DAT | ISTP.UNITS:
  thg_mag_dat_compno: VAR_TYPE = 'support_data' and no UNITS or UNIT_PTR.
THG_L2_MAG_DBO | ISTP.UNITS:
  thg_mag_dbo_compno: VAR_TYPE = 'support_data' and no UNITS or UNIT_PTR.
THG_L2_MAG_DCT | ISTP.UNITS:
  thg_mag_dct_compno: VAR_TYPE = 'support_data' and no UNITS or UNIT_PTR.
THG_L2_MAG_DED | ISTP.UNITS:
  thg_mag_ded_compno: VAR_TYPE = 'support_data' and no UNITS or UNIT_PTR.
  thg_mag_ded_epoch: VAR_TYPE = 'support_data' and no UNITS or UNIT_PTR.
THG_L2_MAG_DHE | ISTP.UNITS:
  thg_mag_dhe_compno: VAR_TYPE = 'support_data' and no UNITS or UNIT_PTR.
THG_L2_MAG_DIK | ISTP.UNITS:
  thg_mag_dik_compno: VAR_TYPE = 'support_data' and no UNITS or UNIT_PTR.
  thg_mag_dik_epoch: VAR_TYPE = 'support_data' and no UNITS or UNIT_PTR.
THG_L2_MAG_DMA | ISTP.UNITS:
  thg_mag_dma_compno: VAR_TYPE = 'support_data' and no UNITS or UNIT_PTR.
THG_L2_MAG_DME | ISTP.UNITS:
  thg_mag_dme_compno: VAR_TYPE = 'support_data' and no UNITS or UNIT_PTR.
THG_L2_MAG_DMH | ISTP.UNITS:
  thg_mag_dmh_compno: VAR_TYPE = 'support_data' and no UNITS or UNIT_PTR.
  thg_mag_dmh_epoch: VAR_TYPE = 'support_data' and no UNITS or UNIT_PTR.
THG_L2_MAG_DMO | ISTP.UNITS:
  thg_mag_dmo_compno: VAR_TYPE = 'support_data' and no UNITS or UNIT_PTR.
THG_L2_MAG_DNB | ISTP.UNITS:
  thg_mag_dnb_compno: VAR_TYPE = 'support_data' and no UNITS or UNIT_PTR.
  thg_mag_dnb_epoch: VAR_TYPE = 'support_data' and no UNITS or UNIT_PTR.
THG_L2_MAG_DOB | ISTP.UNITS:
  thg_mag_dob_compno: VAR_TYPE = 'support_data' and no UNITS or UNIT_PTR.
  thg_mag_dob_epoch: VAR_TYPE = 'support_data' and no UNITS or UNIT_PTR.
THG_L2_MAG_DOH | ISTP.UNITS:
  thg_mag_doh_compno: VAR_TYPE = 'support_data' and no UNITS or UNIT_PTR.
THG_L2_MAG_DON | ISTP.UNITS:
  thg_mag_don_compno: VAR_TYPE = 'support_data' and no UNITS or UNIT_PTR.
  thg_mag_don_epoch: VAR_TYPE = 'support_data' and no UNITS or UNIT_PTR.
THG_L2_MAG_DRBY | ISTP.UNITS:
  thg_mag_drby_compno: VAR_TYPE = 'support_data' and no UNITS or UNIT_PTR.
  thg_mag_drby_epoch: VAR_TYPE = 'support_data' and no UNITS or UNIT_PTR.
THG_L2_MAG_DSH | ISTP.UNITS:
  thg_mag_dsh_compno: VAR_TYPE = 'support_data' and no UNITS or UNIT_PTR.
THG_L2_MAG_DTX | ISTP.UNITS:
  thg_mag_dtx_compno: VAR_TYPE = 'support_data' and no UNITS or UNIT_PTR.
THG_L2_MAG_DVA | ISTP.UNITS:
  thg_mag_dva_compno: VAR_TYPE = 'support_data' and no UNITS or UNIT_PTR.
THG_L2_MAG_EAGL | ISTP.UNITS:
  thg_mag_eagl_compno: VAR_TYPE = 'support_data' and no UNITS or UNIT_PTR.
  thg_mag_eagl_epoch: VAR_TYPE = 'support_data' and no UNITS or UNIT_PTR.
THG_L2_MAG_EKAT | ISTP.UNITS:
  thg_mag_ekat_compno: VAR_TYPE = 'support_data' and no UNITS or UNIT_PTR.
  thg_mag_ekat_epoch: VAR_TYPE = 'support_data' and no UNITS or UNIT_PTR.
THG_L2_MAG_FCC | ISTP.UNITS:
  thg_mag_fcc_compno: VAR_TYPE = 'support_data' and no UNITS or UNIT_PTR.
  thg_mag_fcc_epoch: VAR_TYPE = 'support_data' and no UNITS or UNIT_PTR.
THG_L2_MAG_FHB | ISTP.UNITS:
  thg_mag_fhb_compno: VAR_TYPE = 'support_data' and no UNITS or UNIT_PTR.
  thg_mag_fhb_epoch: VAR_TYPE = 'support_data' and no UNITS or UNIT_PTR.
THG_L2_MAG_FRD | ISTP.UNITS:
  thg_mag_frd_compno: VAR_TYPE = 'support_data' and no UNITS or UNIT_PTR.
  thg_mag_frd_epoch: VAR_TYPE = 'support_data' and no UNITS or UNIT_PTR.
THG_L2_MAG_FRN | ISTP.UNITS:
  thg_mag_frn_compno: VAR_TYPE = 'support_data' and no UNITS or UNIT_PTR.
  thg_mag_frn_epoch: VAR_TYPE = 'support_data' and no UNITS or UNIT_PTR.
THG_L2_MAG_FSIM | ISTP.UNITS:
  thg_mag_fsim_compno: VAR_TYPE = 'support_data' and no UNITS or UNIT_PTR.
  thg_mag_fsim_epoch: VAR_TYPE = 'support_data' and no UNITS or UNIT_PTR.
THG_L2_MAG_FSJ | ISTP.UNITS:
  thg_mag_fsj_compno: VAR_TYPE = 'support_data' and no UNITS or UNIT_PTR.
  thg_mag_fsj_epoch: VAR_TYPE = 'support_data' and no UNITS or UNIT_PTR.
THG_L2_MAG_FSMI | ISTP.UNITS:
  thg_mag_fsmi_compno: VAR_TYPE = 'support_data' and no UNITS or UNIT_PTR.
  thg_mag_fsmi_epoch: VAR_TYPE = 'support_data' and no UNITS or UNIT_PTR.
THG_L2_MAG_FTN | ISTP.UNITS:
  thg_mag_ftn_compno: VAR_TYPE = 'support_data' and no UNITS or UNIT_PTR.
  thg_mag_ftn_epoch: VAR_TYPE = 'support_data' and no UNITS or UNIT_PTR.
THG_L2_MAG_FYKN | ISTP.UNITS:
  thg_mag_fykn_compno: VAR_TYPE = 'support_data' and no UNITS or UNIT_PTR.
  thg_mag_fykn_epoch: VAR_TYPE = 'support_data' and no UNITS or UNIT_PTR.
THG_L2_MAG_FYTS | ISTP.UNITS:
  thg_mag_fyts_compno: VAR_TYPE = 'support_data' and no UNITS or UNIT_PTR.
  thg_mag_fyts_epoch: VAR_TYPE = 'support_data' and no UNITS or UNIT_PTR.
THG_L2_MAG_GAKO | ISTP.UNITS:
  thg_mag_gako_compno: VAR_TYPE = 'support_data' and no UNITS or UNIT_PTR.
  thg_mag_gako_epoch: VAR_TYPE = 'support_data' and no UNITS or UNIT_PTR.
THG_L2_MAG_GBAY | ISTP.UNITS:
  thg_mag_gbay_compno: VAR_TYPE = 'support_data' and no UNITS or UNIT_PTR.
  thg_mag_gbay_epoch: VAR_TYPE = 'support_data' and no UNITS or UNIT_PTR.
THG_L2_MAG_GDH | ISTP.UNITS:
  thg_mag_gdh_compno: VAR_TYPE = 'support_data' and no UNITS or UNIT_PTR.
  thg_mag_gdh_epoch: VAR_TYPE = 'support_data' and no UNITS or UNIT_PTR.
THG_L2_MAG_GHB | ISTP.UNITS:
  thg_mag_ghb_compno: VAR_TYPE = 'support_data' and no UNITS or UNIT_PTR.
  thg_mag_ghb_epoch: VAR_TYPE = 'support_data' and no UNITS or UNIT_PTR.
THG_L2_MAG_GILL | ISTP.UNITS:
  thg_mag_gill_compno: VAR_TYPE = 'support_data' and no UNITS or UNIT_PTR.
  thg_mag_gill_epoch: VAR_TYPE = 'support_data' and no UNITS or UNIT_PTR.
THG_L2_MAG_GJOA | ISTP.UNITS:
  thg_mag_gjoa_compno: VAR_TYPE = 'support_data' and no UNITS or UNIT_PTR.
  thg_mag_gjoa_epoch: VAR_TYPE = 'support_data' and no UNITS or UNIT_PTR.
THG_L2_MAG_GLYN | ISTP.UNITS:
  thg_mag_glyn_compno: VAR_TYPE = 'support_data' and no UNITS or UNIT_PTR.
  thg_mag_glyn_epoch: VAR_TYPE = 'support_data' and no UNITS or UNIT_PTR.
THG_L2_MAG_GUA | ISTP.UNITS:
  thg_mag_gua_compno: VAR_TYPE = 'support_data' and no UNITS or UNIT_PTR.
  thg_mag_gua_epoch: VAR_TYPE = 'support_data' and no UNITS or UNIT_PTR.
THG_L2_MAG_HAN | ISTP.UNITS:
  thg_mag_han_compno: VAR_TYPE = 'support_data' and no UNITS or UNIT_PTR.
  thg_mag_han_epoch: VAR_TYPE = 'support_data' and no UNITS or UNIT_PTR.
THG_L2_MAG_HLMS | ISTP.UNITS:
  thg_mag_hlms_compno: VAR_TYPE = 'support_data' and no UNITS or UNIT_PTR.
  thg_mag_hlms_epoch: VAR_TYPE = 'support_data' and no UNITS or UNIT_PTR.
THG_L2_MAG_HOMR | ISTP.UNITS:
  thg_mag_homr_compno: VAR_TYPE = 'support_data' and no UNITS or UNIT_PTR.
  thg_mag_homr_epoch: VAR_TYPE = 'support_data' and no UNITS or UNIT_PTR.
THG_L2_MAG_HON | ISTP.UNITS:
  thg_mag_hon_compno: VAR_TYPE = 'support_data' and no UNITS or UNIT_PTR.
  thg_mag_hon_epoch: VAR_TYPE = 'support_data' and no UNITS or UNIT_PTR.
THG_L2_MAG_HOP | ISTP.UNITS:
  thg_mag_hop_compno: VAR_TYPE = 'support_data' and no UNITS or UNIT_PTR.
  thg_mag_hop_epoch: VAR_TYPE = 'support_data' and no UNITS or UNIT_PTR.
THG_L2_MAG_HOTS | ISTP.UNITS:
  thg_mag_hots_compno: VAR_TYPE = 'support_data' and no UNITS or UNIT_PTR.
  thg_mag_hots_epoch: VAR_TYPE = 'support_data' and no UNITS or UNIT_PTR.
THG_L2_MAG_HOV | ISTP.UNITS:
  thg_mag_hov_compno: VAR_TYPE = 'support_data' and no UNITS or UNIT_PTR.
  thg_mag_hov_epoch: VAR_TYPE = 'support_data' and no UNITS or UNIT_PTR.
THG_L2_MAG_HRIS | ISTP.UNITS:
  thg_mag_hris_compno: VAR_TYPE = 'support_data' and no UNITS or UNIT_PTR.
  thg_mag_hris_epoch: VAR_TYPE = 'support_data' and no UNITS or UNIT_PTR.
THG_L2_MAG_HRP | ISTP.UNITS:
  thg_mag_hrp_compno: VAR_TYPE = 'support_data' and no UNITS or UNIT_PTR.
  thg_mag_hrp_epoch: VAR_TYPE = 'support_data' and no UNITS or UNIT_PTR.
THG_L2_MAG_IGLO | ISTP.UNITS:
  thg_mag_iglo_compno: VAR_TYPE = 'support_data' and no UNITS or UNIT_PTR.
  thg_mag_iglo_epoch: VAR_TYPE = 'support_data' and no UNITS or UNIT_PTR.
THG_L2_MAG_INUK | ISTP.UNITS:
  thg_mag_inuk_compno: VAR_TYPE = 'support_data' and no UNITS or UNIT_PTR.
  thg_mag_inuk_epoch: VAR_TYPE = 'support_data' and no UNITS or UNIT_PTR.
THG_L2_MAG_INUV | ISTP.UNITS:
  thg_mag_inuv_compno: VAR_TYPE = 'support_data' and no UNITS or UNIT_PTR.
  thg_mag_inuv_epoch: VAR_TYPE = 'support_data' and no UNITS or UNIT_PTR.
THG_L2_MAG_IQA | ISTP.UNITS:
  thg_mag_iqa_compno: VAR_TYPE = 'support_data' and no UNITS or UNIT_PTR.
  thg_mag_iqa_epoch: VAR_TYPE = 'support_data' and no UNITS or UNIT_PTR.
THG_L2_MAG_IVA | ISTP.UNITS:
  thg_mag_iva_compno: VAR_TYPE = 'support_data' and no UNITS or UNIT_PTR.
  thg_mag_iva_epoch: VAR_TYPE = 'support_data' and no UNITS or UNIT_PTR.
THG_L2_MAG_JAN | ISTP.UNITS:
  thg_mag_jan_compno: VAR_TYPE = 'support_data' and no UNITS or UNIT_PTR.
  thg_mag_jan_epoch: VAR_TYPE = 'support_data' and no UNITS or UNIT_PTR.
THG_L2_MAG_JCK | ISTP.UNITS:
  thg_mag_jck_compno: VAR_TYPE = 'support_data' and no UNITS or UNIT_PTR.
  thg_mag_jck_epoch: VAR_TYPE = 'support_data' and no UNITS or UNIT_PTR.
THG_L2_MAG_KAKO | ISTP.UNITS:
  thg_mag_kako_compno: VAR_TYPE = 'support_data' and no UNITS or UNIT_PTR.
  thg_mag_kako_epoch: VAR_TYPE = 'support_data' and no UNITS or UNIT_PTR.
THG_L2_MAG_KAPU | ISTP.UNITS:
  thg_mag_kapu_compno: VAR_TYPE = 'support_data' and no UNITS or UNIT_PTR.
  thg_mag_kapu_epoch: VAR_TYPE = 'support_data' and no UNITS or UNIT_PTR.
THG_L2_MAG_KAR | ISTP.UNITS:
  thg_mag_kar_compno: VAR_TYPE = 'support_data' and no UNITS or UNIT_PTR.
  thg_mag_kar_epoch: VAR_TYPE = 'support_data' and no UNITS or UNIT_PTR.
THG_L2_MAG_KENA | ISTP.UNITS:
  thg_mag_kena_compno: VAR_TYPE = 'support_data' and no UNITS or UNIT_PTR.
  thg_mag_kena_epoch: VAR_TYPE = 'support_data' and no UNITS or UNIT_PTR.
THG_L2_MAG_KEV | ISTP.UNITS:
  thg_mag_kev_compno: VAR_TYPE = 'support_data' and no UNITS or UNIT_PTR.
  thg_mag_kev_epoch: VAR_TYPE = 'support_data' and no UNITS or UNIT_PTR.
THG_L2_MAG_KIAN | ISTP.UNITS:
  thg_mag_kian_compno: VAR_TYPE = 'support_data' and no UNITS or UNIT_PTR.
  thg_mag_kian_epoch: VAR_TYPE = 'support_data' and no UNITS or UNIT_PTR.
THG_L2_MAG_KIL | ISTP.UNITS:
  thg_mag_kil_compno: VAR_TYPE = 'support_data' and no UNITS or UNIT_PTR.
  thg_mag_kil_epoch: VAR_TYPE = 'support_data' and no UNITS or UNIT_PTR.
THG_L2_MAG_KJPK | ISTP.UNITS:
  thg_mag_kjpk_compno: VAR_TYPE = 'support_data' and no UNITS or UNIT_PTR.
  thg_mag_kjpk_epoch: VAR_TYPE = 'support_data' and no UNITS or UNIT_PTR.
THG_L2_MAG_KODK | ISTP.UNITS:
  thg_mag_kodk_compno: VAR_TYPE = 'support_data' and no UNITS or UNIT_PTR.
  thg_mag_kodk_epoch: VAR_TYPE = 'support_data' and no UNITS or UNIT_PTR.
THG_L2_MAG_KUUJ | ISTP.UNITS:
  thg_mag_kuuj_compno: VAR_TYPE = 'support_data' and no UNITS or UNIT_PTR.
  thg_mag_kuuj_epoch: VAR_TYPE = 'support_data' and no UNITS or UNIT_PTR.
THG_L2_MAG_KUV | ISTP.UNITS:
  thg_mag_kuv_compno: VAR_TYPE = 'support_data' and no UNITS or UNIT_PTR.
  thg_mag_kuv_epoch: VAR_TYPE = 'support_data' and no UNITS or UNIT_PTR.
THG_L2_MAG_LARG | ISTP.UNITS:
  thg_mag_larg_compno: VAR_TYPE = 'support_data' and no UNITS or UNIT_PTR.
  thg_mag_larg_epoch: VAR_TYPE = 'support_data' and no UNITS or UNIT_PTR.
THG_L2_MAG_LCL | ISTP.UNITS:
  thg_mag_lcl_compno: VAR_TYPE = 'support_data' and no UNITS or UNIT_PTR.
  thg_mag_lcl_epoch: VAR_TYPE = 'support_data' and no UNITS or UNIT_PTR.
THG_L2_MAG_LETH | ISTP.UNITS:
  thg_mag_leth_compno: VAR_TYPE = 'support_data' and no UNITS or UNIT_PTR.
  thg_mag_leth_epoch: VAR_TYPE = 'support_data' and no UNITS or UNIT_PTR.
THG_L2_MAG_LOYS | ISTP.UNITS:
  thg_mag_loys_compno: VAR_TYPE = 'support_data' and no UNITS or UNIT_PTR.
  thg_mag_loys_epoch: VAR_TYPE = 'support_data' and no UNITS or UNIT_PTR.
THG_L2_MAG_LOZ | ISTP.UNITS:
  thg_mag_loz_compno: VAR_TYPE = 'support_data' and no UNITS or UNIT_PTR.
  thg_mag_loz_epoch: VAR_TYPE = 'support_data' and no UNITS or UNIT_PTR.
THG_L2_MAG_LREL | ISTP.UNITS:
  thg_mag_lrel_compno: VAR_TYPE = 'support_data' and no UNITS or UNIT_PTR.
  thg_mag_lrel_epoch: VAR_TYPE = 'support_data' and no UNITS or UNIT_PTR.
THG_L2_MAG_LRES | ISTP.UNITS:
  thg_mag_lres_compno: VAR_TYPE = 'support_data' and no UNITS or UNIT_PTR.
  thg_mag_lres_epoch: VAR_TYPE = 'support_data' and no UNITS or UNIT_PTR.
THG_L2_MAG_LRG | ISTP.UNITS:
  thg_mag_lrg_compno: VAR_TYPE = 'support_data' and no UNITS or UNIT_PTR.
  thg_mag_lrg_epoch: VAR_TYPE = 'support_data' and no UNITS or UNIT_PTR.
THG_L2_MAG_LRV | ISTP.UNITS:
  thg_mag_lrv_compno: VAR_TYPE = 'support_data' and no UNITS or UNIT_PTR.
  thg_mag_lrv_epoch: VAR_TYPE = 'support_data' and no UNITS or UNIT_PTR.
THG_L2_MAG_LYFD | ISTP.UNITS:
  thg_mag_lyfd_compno: VAR_TYPE = 'support_data' and no UNITS or UNIT_PTR.
  thg_mag_lyfd_epoch: VAR_TYPE = 'support_data' and no UNITS or UNIT_PTR.
THG_L2_MAG_LYR | ISTP.UNITS:
  thg_mag_lyr_compno: VAR_TYPE = 'support_data' and no UNITS or UNIT_PTR.
  thg_mag_lyr_epoch: VAR_TYPE = 'support_data' and no UNITS or UNIT_PTR.
THG_L2_MAG_MAS | ISTP.UNITS:
  thg_mag_mas_compno: VAR_TYPE = 'support_data' and no UNITS or UNIT_PTR.
  thg_mag_mas_epoch: VAR_TYPE = 'support_data' and no UNITS or UNIT_PTR.
THG_L2_MAG_MCGR | ISTP.UNITS:
  thg_mag_mcgr_compno: VAR_TYPE = 'support_data' and no UNITS or UNIT_PTR.
  thg_mag_mcgr_epoch: VAR_TYPE = 'support_data' and no UNITS or UNIT_PTR.
THG_L2_MAG_MEA | ISTP.UNITS:
  thg_mag_mea_compno: VAR_TYPE = 'support_data' and no UNITS or UNIT_PTR.
  thg_mag_mea_epoch: VAR_TYPE = 'support_data' and no UNITS or UNIT_PTR.
THG_L2_MAG_MEK | ISTP.UNITS:
  thg_mag_mek_compno: VAR_TYPE = 'support_data' and no UNITS or UNIT_PTR.
  thg_mag_mek_epoch: VAR_TYPE = 'support_data' and no UNITS or UNIT_PTR.
THG_L2_MAG_MUO | ISTP.UNITS:
  thg_mag_muo_compno: VAR_TYPE = 'support_data' and no UNITS or UNIT_PTR.
  thg_mag_muo_epoch: VAR_TYPE = 'support_data' and no UNITS or UNIT_PTR.
THG_L2_MAG_NAIN | ISTP.UNITS:
  thg_mag_nain_compno: VAR_TYPE = 'support_data' and no UNITS or UNIT_PTR.
  thg_mag_nain_epoch: VAR_TYPE = 'support_data' and no UNITS or UNIT_PTR.
THG_L2_MAG_NAL | ISTP.UNITS:
  thg_mag_nal_compno: VAR_TYPE = 'support_data' and no UNITS or UNIT_PTR.
  thg_mag_nal_epoch: VAR_TYPE = 'support_data' and no UNITS or UNIT_PTR.
THG_L2_MAG_NAQ | ISTP.UNITS:
  thg_mag_naq_compno: VAR_TYPE = 'support_data' and no UNITS or UNIT_PTR.
  thg_mag_naq_epoch: VAR_TYPE = 'support_data' and no UNITS or UNIT_PTR.
THG_L2_MAG_NEW | ISTP.UNITS:
  thg_mag_new_compno: VAR_TYPE = 'support_data' and no UNITS or UNIT_PTR.
  thg_mag_new_epoch: VAR_TYPE = 'support_data' and no UNITS or UNIT_PTR.
THG_L2_MAG_NOR | ISTP.UNITS:
  thg_mag_nor_compno: VAR_TYPE = 'support_data' and no UNITS or UNIT_PTR.
  thg_mag_nor_epoch: VAR_TYPE = 'support_data' and no UNITS or UNIT_PTR.
THG_L2_MAG_NRD | ISTP.UNITS:
  thg_mag_nrd_compno: VAR_TYPE = 'support_data' and no UNITS or UNIT_PTR.
  thg_mag_nrd_epoch: VAR_TYPE = 'support_data' and no UNITS or UNIT_PTR.
THG_L2_MAG_NRSQ | ISTP.UNITS:
  thg_mag_nrsq_compno: VAR_TYPE = 'support_data' and no UNITS or UNIT_PTR.
  thg_mag_nrsq_epoch: VAR_TYPE = 'support_data' and no UNITS or UNIT_PTR.
THG_L2_MAG_NUR | ISTP.UNITS:
  thg_mag_nur_compno: VAR_TYPE = 'support_data' and no UNITS or UNIT_PTR.
  thg_mag_nur_epoch: VAR_TYPE = 'support_data' and no UNITS or UNIT_PTR.
THG_L2_MAG_OTT | ISTP.UNITS:
  thg_mag_ott_compno: VAR_TYPE = 'support_data' and no UNITS or UNIT_PTR.
  thg_mag_ott_epoch: VAR_TYPE = 'support_data' and no UNITS or UNIT_PTR.
THG_L2_MAG_OUJ | ISTP.UNITS:
  thg_mag_ouj_compno: VAR_TYPE = 'support_data' and no UNITS or UNIT_PTR.
  thg_mag_ouj_epoch: VAR_TYPE = 'support_data' and no UNITS or UNIT_PTR.
THG_L2_MAG_PANG | ISTP.UNITS:
  thg_mag_pang_compno: VAR_TYPE = 'support_data' and no UNITS or UNIT_PTR.
  thg_mag_pang_epoch: VAR_TYPE = 'support_data' and no UNITS or UNIT_PTR.
THG_L2_MAG_PBK | ISTP.UNITS:
  thg_mag_pbk_compno: VAR_TYPE = 'support_data' and no UNITS or UNIT_PTR.
  thg_mag_pbk_epoch: VAR_TYPE = 'support_data' and no UNITS or UNIT_PTR.
THG_L2_MAG_PBLO | ISTP.UNITS:
  thg_mag_pblo_compno: VAR_TYPE = 'support_data' and no UNITS or UNIT_PTR.
  thg_mag_pblo_epoch: VAR_TYPE = 'support_data' and no UNITS or UNIT_PTR.
THG_L2_MAG_PCEL | ISTP.UNITS:
  thg_mag_pcel_compno: VAR_TYPE = 'support_data' and no UNITS or UNIT_PTR.
  thg_mag_pcel_epoch: VAR_TYPE = 'support_data' and no UNITS or UNIT_PTR.
THG_L2_MAG_PEL | ISTP.UNITS:
  thg_mag_pel_compno: VAR_TYPE = 'support_data' and no UNITS or UNIT_PTR.
  thg_mag_pel_epoch: VAR_TYPE = 'support_data' and no UNITS or UNIT_PTR.
THG_L2_MAG_PG0 | ISTP.UNITS:
  thg_mag_pg0_compno: VAR_TYPE = 'support_data' and no UNITS or UNIT_PTR.
  thg_mag_pg0_epoch: VAR_TYPE = 'support_data' and no UNITS or UNIT_PTR.
THG_L2_MAG_PG1 | ISTP.UNITS:
  thg_mag_pg1_compno: VAR_TYPE = 'support_data' and no UNITS or UNIT_PTR.
  thg_mag_pg1_epoch: VAR_TYPE = 'support_data' and no UNITS or UNIT_PTR.
THG_L2_MAG_PG2 | ISTP.UNITS:
  thg_mag_pg2_compno: VAR_TYPE = 'support_data' and no UNITS or UNIT_PTR.
  thg_mag_pg2_epoch: VAR_TYPE = 'support_data' and no UNITS or UNIT_PTR.
THG_L2_MAG_PG3 | ISTP.UNITS:
  thg_mag_pg3_compno: VAR_TYPE = 'support_data' and no UNITS or UNIT_PTR.
  thg_mag_pg3_epoch: VAR_TYPE = 'support_data' and no UNITS or UNIT_PTR.
THG_L2_MAG_PG4 | ISTP.UNITS:
  thg_mag_pg4_compno: VAR_TYPE = 'support_data' and no UNITS or UNIT_PTR.
  thg_mag_pg4_epoch: VAR_TYPE = 'support_data' and no UNITS or UNIT_PTR.
THG_L2_MAG_PG5 | ISTP.UNITS:
  thg_mag_pg5_compno: VAR_TYPE = 'support_data' and no UNITS or UNIT_PTR.
  thg_mag_pg5_epoch: VAR_TYPE = 'support_data' and no UNITS or UNIT_PTR.
THG_L2_MAG_PGEO | ISTP.UNITS:
  thg_mag_pgeo_compno: VAR_TYPE = 'support_data' and no UNITS or UNIT_PTR.
  thg_mag_pgeo_epoch: VAR_TYPE = 'support_data' and no UNITS or UNIT_PTR.
THG_L2_MAG_PINA | ISTP.UNITS:
  thg_mag_pina_compno: VAR_TYPE = 'support_data' and no UNITS or UNIT_PTR.
  thg_mag_pina_epoch: VAR_TYPE = 'support_data' and no UNITS or UNIT_PTR.
THG_L2_MAG_PINE | ISTP.UNITS:
  thg_mag_pine_compno: VAR_TYPE = 'support_data' and no UNITS or UNIT_PTR.
  thg_mag_pine_epoch: VAR_TYPE = 'support_data' and no UNITS or UNIT_PTR.
THG_L2_MAG_PKS | ISTP.UNITS:
  thg_mag_pks_compno: VAR_TYPE = 'support_data' and no UNITS or UNIT_PTR.
  thg_mag_pks_epoch: VAR_TYPE = 'support_data' and no UNITS or UNIT_PTR.
THG_L2_MAG_POKR | ISTP.UNITS:
  thg_mag_pokr_compno: VAR_TYPE = 'support_data' and no UNITS or UNIT_PTR.
  thg_mag_pokr_epoch: VAR_TYPE = 'support_data' and no UNITS or UNIT_PTR.
THG_L2_MAG_PTRS | ISTP.UNITS:
  thg_mag_ptrs_compno: VAR_TYPE = 'support_data' and no UNITS or UNIT_PTR.
  thg_mag_ptrs_epoch: VAR_TYPE = 'support_data' and no UNITS or UNIT_PTR.
THG_L2_MAG_PUVR | ISTP.UNITS:
  thg_mag_puvr_compno: VAR_TYPE = 'support_data' and no UNITS or UNIT_PTR.
  thg_mag_puvr_epoch: VAR_TYPE = 'support_data' and no UNITS or UNIT_PTR.
THG_L2_MAG_RADI | ISTP.UNITS:
  thg_mag_radi_compno: VAR_TYPE = 'support_data' and no UNITS or UNIT_PTR.
  thg_mag_radi_epoch: VAR_TYPE = 'support_data' and no UNITS or UNIT_PTR.
THG_L2_MAG_RAN | ISTP.UNITS:
  thg_mag_ran_compno: VAR_TYPE = 'support_data' and no UNITS or UNIT_PTR.
  thg_mag_ran_epoch: VAR_TYPE = 'support_data' and no UNITS or UNIT_PTR.
THG_L2_MAG_RANK | ISTP.UNITS:
  thg_mag_rank_compno: VAR_TYPE = 'support_data' and no UNITS or UNIT_PTR.
  thg_mag_rank_epoch: VAR_TYPE = 'support_data' and no UNITS or UNIT_PTR.
THG_L2_MAG_RBAY | ISTP.UNITS:
  thg_mag_rbay_compno: VAR_TYPE = 'support_data' and no UNITS or UNIT_PTR.
  thg_mag_rbay_epoch: VAR_TYPE = 'support_data' and no UNITS or UNIT_PTR.
THG_L2_MAG_REDR | ISTP.UNITS:
  thg_mag_redr_compno: VAR_TYPE = 'support_data' and no UNITS or UNIT_PTR.
  thg_mag_redr_epoch: VAR_TYPE = 'support_data' and no UNITS or UNIT_PTR.
THG_L2_MAG_RICH | ISTP.UNITS:
  thg_mag_rich_compno: VAR_TYPE = 'support_data' and no UNITS or UNIT_PTR.
  thg_mag_rich_epoch: VAR_TYPE = 'support_data' and no UNITS or UNIT_PTR.
THG_L2_MAG_RMUS | ISTP.UNITS:
  thg_mag_rmus_compno: VAR_TYPE = 'support_data' and no UNITS or UNIT_PTR.
  thg_mag_rmus_epoch: VAR_TYPE = 'support_data' and no UNITS or UNIT_PTR.
THG_L2_MAG_ROE | ISTP.UNITS:
  thg_mag_roe_compno: VAR_TYPE = 'support_data' and no UNITS or UNIT_PTR.
  thg_mag_roe_epoch: VAR_TYPE = 'support_data' and no UNITS or UNIT_PTR.
THG_L2_MAG_ROTH | ISTP.UNITS:
  thg_mag_roth_compno: VAR_TYPE = 'support_data' and no UNITS or UNIT_PTR.
  thg_mag_roth_epoch: VAR_TYPE = 'support_data' and no UNITS or UNIT_PTR.
THG_L2_MAG_RVK | ISTP.UNITS:
  thg_mag_rvk_compno: VAR_TYPE = 'support_data' and no UNITS or UNIT_PTR.
  thg_mag_rvk_epoch: VAR_TYPE = 'support_data' and no UNITS or UNIT_PTR.
THG_L2_MAG_SALU | ISTP.UNITS:
  thg_mag_salu_compno: VAR_TYPE = 'support_data' and no UNITS or UNIT_PTR.
  thg_mag_salu_epoch: VAR_TYPE = 'support_data' and no UNITS or UNIT_PTR.
THG_L2_MAG_SATX | ISTP.UNITS:
  thg_mag_satx_compno: VAR_TYPE = 'support_data' and no UNITS or UNIT_PTR.
  thg_mag_satx_epoch: VAR_TYPE = 'support_data' and no UNITS or UNIT_PTR.
THG_L2_MAG_SCHF | ISTP.UNITS:
  thg_mag_schf_compno: VAR_TYPE = 'support_data' and no UNITS or UNIT_PTR.
  thg_mag_schf_epoch: VAR_TYPE = 'support_data' and no UNITS or UNIT_PTR.
THG_L2_MAG_SCO | ISTP.UNITS:
  thg_mag_sco_compno: VAR_TYPE = 'support_data' and no UNITS or UNIT_PTR.
  thg_mag_sco_epoch: VAR_TYPE = 'support_data' and no UNITS or UNIT_PTR.
THG_L2_MAG_SEPT | ISTP.UNITS:
  thg_mag_sept_compno: VAR_TYPE = 'support_data' and no UNITS or UNIT_PTR.
  thg_mag_sept_epoch: VAR_TYPE = 'support_data' and no UNITS or UNIT_PTR.
THG_L2_MAG_SHU | ISTP.UNITS:
  thg_mag_shu_compno: VAR_TYPE = 'support_data' and no UNITS or UNIT_PTR.
  thg_mag_shu_epoch: VAR_TYPE = 'support_data' and no UNITS or UNIT_PTR.
THG_L2_MAG_SIT | ISTP.UNITS:
  thg_mag_sit_compno: VAR_TYPE = 'support_data' and no UNITS or UNIT_PTR.
  thg_mag_sit_epoch: VAR_TYPE = 'support_data' and no UNITS or UNIT_PTR.
THG_L2_MAG_SJG | ISTP.UNITS:
  thg_mag_sjg_compno: VAR_TYPE = 'support_data' and no UNITS or UNIT_PTR.
  thg_mag_sjg_epoch: VAR_TYPE = 'support_data' and no UNITS or UNIT_PTR.
THG_L2_MAG_SKT | ISTP.UNITS:
  thg_mag_skt_compno: VAR_TYPE = 'support_data' and no UNITS or UNIT_PTR.
  thg_mag_skt_epoch: VAR_TYPE = 'support_data' and no UNITS or UNIT_PTR.
THG_L2_MAG_SNAP | ISTP.UNITS:
  thg_mag_snap_compno: VAR_TYPE = 'support_data' and no UNITS or UNIT_PTR.
  thg_mag_snap_epoch: VAR_TYPE = 'support_data' and no UNITS or UNIT_PTR.
THG_L2_MAG_SNKQ | ISTP.UNITS:
  thg_mag_snkq_compno: VAR_TYPE = 'support_data' and no UNITS or UNIT_PTR.
  thg_mag_snkq_epoch: VAR_TYPE = 'support_data' and no UNITS or UNIT_PTR.
THG_L2_MAG_SOL | ISTP.UNITS:
  thg_mag_sol_compno: VAR_TYPE = 'support_data' and no UNITS or UNIT_PTR.
  thg_mag_sol_epoch: VAR_TYPE = 'support_data' and no UNITS or UNIT_PTR.
THG_L2_MAG_SOR | ISTP.UNITS:
  thg_mag_sor_compno: VAR_TYPE = 'support_data' and no UNITS or UNIT_PTR.
  thg_mag_sor_epoch: VAR_TYPE = 'support_data' and no UNITS or UNIT_PTR.
THG_L2_MAG_STF | ISTP.UNITS:
  thg_mag_stf_compno: VAR_TYPE = 'support_data' and no UNITS or UNIT_PTR.
  thg_mag_stf_epoch: VAR_TYPE = 'support_data' and no UNITS or UNIT_PTR.
THG_L2_MAG_STFD | ISTP.UNITS:
  thg_mag_stfd_compno: VAR_TYPE = 'support_data' and no UNITS or UNIT_PTR.
  thg_mag_stfd_epoch: VAR_TYPE = 'support_data' and no UNITS or UNIT_PTR.
THG_L2_MAG_STFL | ISTP.UNITS:
  thg_mag_stfl_compno: VAR_TYPE = 'support_data' and no UNITS or UNIT_PTR.
  thg_mag_stfl_epoch: VAR_TYPE = 'support_data' and no UNITS or UNIT_PTR.
THG_L2_MAG_STJ | ISTP.UNITS:
  thg_mag_stj_compno: VAR_TYPE = 'support_data' and no UNITS or UNIT_PTR.
  thg_mag_stj_epoch: VAR_TYPE = 'support_data' and no UNITS or UNIT_PTR.
THG_L2_MAG_SUM | ISTP.UNITS:
  thg_mag_sum_compno: VAR_TYPE = 'support_data' and no UNITS or UNIT_PTR.
  thg_mag_sum_epoch: VAR_TYPE = 'support_data' and no UNITS or UNIT_PTR.
THG_L2_MAG_SVS | ISTP.UNITS:
  thg_mag_svs_compno: VAR_TYPE = 'support_data' and no UNITS or UNIT_PTR.
  thg_mag_svs_epoch: VAR_TYPE = 'support_data' and no UNITS or UNIT_PTR.
THG_L2_MAG_SWNO | ISTP.UNITS:
  thg_mag_swno_compno: VAR_TYPE = 'support_data' and no UNITS or UNIT_PTR.
  thg_mag_swno_epoch: VAR_TYPE = 'support_data' and no UNITS or UNIT_PTR.
THG_L2_MAG_TAB | ISTP.UNITS:
  thg_mag_tab_compno: VAR_TYPE = 'support_data' and no UNITS or UNIT_PTR.
  thg_mag_tab_epoch: VAR_TYPE = 'support_data' and no UNITS or UNIT_PTR.
THG_L2_MAG_TAR | ISTP.UNITS:
  thg_mag_tar_compno: VAR_TYPE = 'support_data' and no UNITS or UNIT_PTR.
  thg_mag_tar_epoch: VAR_TYPE = 'support_data' and no UNITS or UNIT_PTR.
THG_L2_MAG_TDC | ISTP.UNITS:
  thg_mag_tdc_compno: VAR_TYPE = 'support_data' and no UNITS or UNIT_PTR.
  thg_mag_tdc_epoch: VAR_TYPE = 'support_data' and no UNITS or UNIT_PTR.
THG_L2_MAG_THL | ISTP.UNITS:
  thg_mag_thl_compno: VAR_TYPE = 'support_data' and no UNITS or UNIT_PTR.
  thg_mag_thl_epoch: VAR_TYPE = 'support_data' and no UNITS or UNIT_PTR.
THG_L2_MAG_TIK | ISTP.UNITS:
  thg_mag_tik_compno: VAR_TYPE = 'support_data' and no UNITS or UNIT_PTR.
  thg_mag_tik_epoch: VAR_TYPE = 'support_data' and no UNITS or UNIT_PTR.
THG_L2_MAG_TOOL | ISTP.UNITS:
  thg_mag_tool_compno: VAR_TYPE = 'support_data' and no UNITS or UNIT_PTR.
  thg_mag_tool_epoch: VAR_TYPE = 'support_data' and no UNITS or UNIT_PTR.
THG_L2_MAG_TPAS | ISTP.UNITS:
  thg_mag_tpas_compno: VAR_TYPE = 'support_data' and no UNITS or UNIT_PTR.
  thg_mag_tpas_epoch: VAR_TYPE = 'support_data' and no UNITS or UNIT_PTR.
THG_L2_MAG_TRAP | ISTP.UNITS:
  thg_mag_trap_compno: VAR_TYPE = 'support_data' and no UNITS or UNIT_PTR.
  thg_mag_trap_epoch: VAR_TYPE = 'support_data' and no UNITS or UNIT_PTR.
THG_L2_MAG_TRO | ISTP.UNITS:
  thg_mag_tro_compno: VAR_TYPE = 'support_data' and no UNITS or UNIT_PTR.
  thg_mag_tro_epoch: VAR_TYPE = 'support_data' and no UNITS or UNIT_PTR.
THG_L2_MAG_TUC | ISTP.UNITS:
  thg_mag_tuc_compno: VAR_TYPE = 'support_data' and no UNITS or UNIT_PTR.
  thg_mag_tuc_epoch: VAR_TYPE = 'support_data' and no UNITS or UNIT_PTR.
THG_L2_MAG_UKIA | ISTP.UNITS:
  thg_mag_ukia_compno: VAR_TYPE = 'support_data' and no UNITS or UNIT_PTR.
  thg_mag_ukia_epoch: VAR_TYPE = 'support_data' and no UNITS or UNIT_PTR.
THG_L2_MAG_UMQ | ISTP.UNITS:
  thg_mag_umq_compno: VAR_TYPE = 'support_data' and no UNITS or UNIT_PTR.
  thg_mag_umq_epoch: VAR_TYPE = 'support_data' and no UNITS or UNIT_PTR.
THG_L2_MAG_UPN | ISTP.UNITS:
  thg_mag_upn_compno: VAR_TYPE = 'support_data' and no UNITS or UNIT_PTR.
  thg_mag_upn_epoch: VAR_TYPE = 'support_data' and no UNITS or UNIT_PTR.
THG_L2_MAG_VIC | ISTP.UNITS:
  thg_mag_vic_compno: VAR_TYPE = 'support_data' and no UNITS or UNIT_PTR.
  thg_mag_vic_epoch: VAR_TYPE = 'support_data' and no UNITS or UNIT_PTR.
THG_L2_MAG_VIZ | ISTP.UNITS:
  thg_mag_viz_compno: VAR_TYPE = 'support_data' and no UNITS or UNIT_PTR.
  thg_mag_viz_epoch: VAR_TYPE = 'support_data' and no UNITS or UNIT_PTR.
THG_L2_MAG_VLDR | ISTP.UNITS:
  thg_mag_vldr_compno: VAR_TYPE = 'support_data' and no UNITS or UNIT_PTR.
  thg_mag_vldr_epoch: VAR_TYPE = 'support_data' and no UNITS or UNIT_PTR.
THG_L2_MAG_WHIT | ISTP.UNITS:
  thg_mag_whit_compno: VAR_TYPE = 'support_data' and no UNITS or UNIT_PTR.
  thg_mag_whit_epoch: VAR_TYPE = 'support_data' and no UNITS or UNIT_PTR.
THG_L2_MAG_WHS | ISTP.UNITS:
  thg_mag_whs_compno: VAR_TYPE = 'support_data' and no UNITS or UNIT_PTR.
  thg_mag_whs_epoch: VAR_TYPE = 'support_data' and no UNITS or UNIT_PTR.
THG_L2_MAG_WLPS | ISTP.UNITS:
  thg_mag_wlps_compno: VAR_TYPE = 'support_data' and no UNITS or UNIT_PTR.
  thg_mag_wlps_epoch: VAR_TYPE = 'support_data' and no UNITS or UNIT_PTR.
THG_L2_MAG_WRTH | ISTP.UNITS:
  thg_mag_wrth_compno: VAR_TYPE = 'support_data' and no UNITS or UNIT_PTR.
  thg_mag_wrth_epoch: VAR_TYPE = 'support_data' and no UNITS or UNIT_PTR.
THG_L2_MAG_YKC | ISTP.UNITS:
  thg_mag_ykc_compno: VAR_TYPE = 'support_data' and no UNITS or UNIT_PTR.
  thg_mag_ykc_epoch: VAR_TYPE = 'support_data' and no UNITS or UNIT_PTR.
THG_L2_MAG_YKNF | ISTP.UNITS:
  thg_mag_yknf_compno: VAR_TYPE = 'support_data' and no UNITS or UNIT_PTR.
  thg_mag_yknf_epoch: VAR_TYPE = 'support_data' and no UNITS or UNIT_PTR.
TIMED_EDP_GUVI | ISTP.UNITS:
  indexvar14: VAR_TYPE = 'support_data' and no UNITS or UNIT_PTR.
  indexvar2: VAR_TYPE = 'support_data' and no UNITS or UNIT_PTR.
  indexvar448: VAR_TYPE = 'support_data' and no UNITS or UNIT_PTR.
TIMED_L1BV20_SABER | ISTP.UNITS:
  Epoch: VAR_TYPE = 'support_data' and no UNITS or UNIT_PTR.
TIMED_L1CDISK_GUVI | ISTP.UNITS:
  scan_number: VAR_TYPE = 'support_data' and no UNITS or UNIT_PTR.
  row: VAR_TYPE = 'support_data' and no UNITS or UNIT_PTR.
  col: VAR_TYPE = 'support_data' and no UNITS or UNIT_PTR.
TIMED_L2A_SABER | ISTP.UNITS:
  Epoch: VAR_TYPE = 'support_data' and no UNITS or UNIT_PTR.
TIMED_WINDVECTORSNCAR_TIDI | ISTP.UNITS:
  Epochcold_ascend: VAR_TYPE = 'support_data' and no UNITS or UNIT_PTR.
  Epochcold_descend: VAR_TYPE = 'support_data' and no UNITS or UNIT_PTR.
  Epochwarm_ascend: VAR_TYPE = 'support_data' and no UNITS or UNIT_PTR.
  Epochwarm_descend: VAR_TYPE = 'support_data' and no UNITS or UNIT_PTR.
  Epochcold: VAR_TYPE = 'support_data' and no UNITS or UNIT_PTR.
  Epochwarm: VAR_TYPE = 'support_data' and no UNITS or UNIT_PTR.
  Epoch: VAR_TYPE = 'support_data' and no UNITS or UNIT_PTR.
  ad_wc_flags: VAR_TYPE = 'support_data' and no UNITS or UNIT_PTR.
TWINS1_AT_DEF | ISTP.UNITS:
  Epoch: VAR_TYPE = 'support_data' and no UNITS or UNIT_PTR.
TWINS1_HK_1SEC | ISTP.UNITS:
  Epoch: VAR_TYPE = 'support_data' and no UNITS or UNIT_PTR.
TWINS1_L1_IMAGER | ISTP.UNITS:
  Epoch: VAR_TYPE = 'support_data' and no UNITS or UNIT_PTR.
  time_YYMMDD: VAR_TYPE = 'support_data' and no UNITS or UNIT_PTR.
  title: VAR_TYPE = 'data' and no UNITS or UNIT_PTR.
  indexvar9: VAR_TYPE = 'support_data' and no UNITS or UNIT_PTR.
TWINS1_L1_LAD | ISTP.UNITS:
  Epoch: VAR_TYPE = 'support_data' and no UNITS or UNIT_PTR.
TWINS1_OR_DEF | ISTP.UNITS:
  Epoch: VAR_TYPE = 'support_data' and no UNITS or UNIT_PTR.
  FLSHELL: VAR_TYPE = 'data' and no UNITS or UNIT_PTR.
  NDATAFILEID: VAR_TYPE = 'data' and no UNITS or UNIT_PTR.
TWINS1_TISTORM_IMAGER | ISTP.UNITS:
  Epoch: VAR_TYPE = 'support_data' and no UNITS or UNIT_PTR.
  energys: VAR_TYPE = 'support_data' and no UNITS or UNIT_PTR.
TWINS2_AT_DEF | ISTP.UNITS:
  Epoch: VAR_TYPE = 'support_data' and no UNITS or UNIT_PTR.
TWINS2_HK_1SEC | ISTP.UNITS:
  Epoch: VAR_TYPE = 'support_data' and no UNITS or UNIT_PTR.
TWINS2_L1_IMAGER | ISTP.UNITS:
  Epoch: VAR_TYPE = 'support_data' and no UNITS or UNIT_PTR.
  time_YYMMDD: VAR_TYPE = 'support_data' and no UNITS or UNIT_PTR.
  title: VAR_TYPE = 'data' and no UNITS or UNIT_PTR.
  indexvar9: VAR_TYPE = 'support_data' and no UNITS or UNIT_PTR.
TWINS2_L1_LAD | ISTP.UNITS:
  Epoch: VAR_TYPE = 'support_data' and no UNITS or UNIT_PTR.
TWINS2_OR_DEF | ISTP.UNITS:
  Epoch: VAR_TYPE = 'support_data' and no UNITS or UNIT_PTR.
  FLSHELL: VAR_TYPE = 'data' and no UNITS or UNIT_PTR.
  NDATAFILEID: VAR_TYPE = 'data' and no UNITS or UNIT_PTR.
TWINS2_TISTORM_IMAGER | ISTP.UNITS:
  Epoch: VAR_TYPE = 'support_data' and no UNITS or UNIT_PTR.
  energys: VAR_TYPE = 'support_data' and no UNITS or UNIT_PTR.
WI_ELM2_3DP | ISTP.UNITS:
  SYMM: VAR_TYPE = 'data' and no UNITS or UNIT_PTR.
WI_EMFITS_E0_3DP | ISTP.UNITS:
  Quality0_wi_3dp: VAR_TYPE = 'data' and no UNITS or UNIT_PTR.
WI_H0_SWE | ISTP.UNITS:
  Epoch: VAR_TYPE = 'support_data' and no UNITS or UNIT_PTR.
  Te_anisotropy: VAR_TYPE = 'data' and no UNITS or UNIT_PTR.
  pa_dot_B: VAR_TYPE = 'data' and no UNITS or UNIT_PTR.
  Q_dot_B: VAR_TYPE = 'data' and no UNITS or UNIT_PTR.
  flag: VAR_TYPE = 'data' and no UNITS or UNIT_PTR.
  major_fr_rec: VAR_TYPE = 'data' and no UNITS or UNIT_PTR.
  major_fr_spin_number: VAR_TYPE = 'data' and no UNITS or UNIT_PTR.
WI_H1_SWE | ISTP.UNITS:
  ChisQ_DOF_nonlin: VAR_TYPE = 'data' and no UNITS or UNIT_PTR.
WI_H3_SWE | ISTP.UNITS:
  Epoch: VAR_TYPE = 'support_data' and no UNITS or UNIT_PTR.
WI_H4_SWE | ISTP.UNITS:
  Epoch: VAR_TYPE = 'support_data' and no UNITS or UNIT_PTR.
  Echan_vals: VAR_TYPE = 'support_data' and no UNITS or UNIT_PTR.
WI_H5_SWE | ISTP.UNITS:
  Epoch: VAR_TYPE = 'support_data' and no UNITS or UNIT_PTR.
WI_L2-5MIN-SEP_EPACT-LEMT | ISTP.UNITS:
  duration: VAR_TYPE = 'data' and no UNITS or UNIT_PTR.
WI_M0_SWE | ISTP.UNITS:
  Epoch: VAR_TYPE = 'support_data' and no UNITS or UNIT_PTR.
WI_M2_SWE | ISTP.UNITS:
  Epoch: VAR_TYPE = 'support_data' and no UNITS or UNIT_PTR.
  Echan_vals: VAR_TYPE = 'support_data' and no UNITS or UNIT_PTR.
WI_PLSP_3DP | ISTP.UNITS:
  MOM.P.SYMM: VAR_TYPE = 'data' and no UNITS or UNIT_PTR.
  MOM.A.SYMM: VAR_TYPE = 'data' and no UNITS or UNIT_PTR.
WI_STRAHL0_SWE | ISTP.UNITS:
  f_strahl_counts: VAR_TYPE = 'data' and no UNITS or UNIT_PTR.
  f_strahl_counts_lin: VAR_TYPE = 'data' and no UNITS or UNIT_PTR.
  f_antistrahl_counts: VAR_TYPE = 'data' and no UNITS or UNIT_PTR.
  f_antistrahl_counts_lin: VAR_TYPE = 'data' and no UNITS or UNIT_PTR.
WI_SW-ION-DIST_SWE-FARADAY | ISTP.UNITS:
  calibration_effArea: VAR_TYPE = 'support_data' and no UNITS or UNIT_PTR.