AC_K0_EPM | ISTP.DISPLAY_TYPE.Missing:
  H_lo: H_lo DISPLAY_TYPE for variable with VAR_TYPE = 'data'.
  Ion_very_lo: Ion_very_lo DISPLAY_TYPE for variable with VAR_TYPE = 'data'.
  Ion_lo: Ion_lo DISPLAY_TYPE for variable with VAR_TYPE = 'data'.
  Ion_mid: Ion_mid DISPLAY_TYPE for variable with VAR_TYPE = 'data'.
  Ion_hi: Ion_hi DISPLAY_TYPE for variable with VAR_TYPE = 'data'.
  Electron_lo: Electron_lo DISPLAY_TYPE for variable with VAR_TYPE = 'data'.
  Electron_hi: Electron_hi DISPLAY_TYPE for variable with VAR_TYPE = 'data'.
AC_K0_SIS | ISTP.DISPLAY_TYPE.Missing:
  H_lo: H_lo DISPLAY_TYPE for variable with VAR_TYPE = 'data'.
  H_hi: H_hi DISPLAY_TYPE for variable with VAR_TYPE = 'data'.
  CNO_lo: CNO_lo DISPLAY_TYPE for variable with VAR_TYPE = 'data'.
  CNO_hi: CNO_hi DISPLAY_TYPE for variable with VAR_TYPE = 'data'.
  Z_ge_10: Z_ge_10 DISPLAY_TYPE for variable with VAR_TYPE = 'data'.
AC_K1_EPM | ISTP.DISPLAY_TYPE.Missing:
  H_lo: H_lo DISPLAY_TYPE for variable with VAR_TYPE = 'data'.
  Ion_very_lo: Ion_very_lo DISPLAY_TYPE for variable with VAR_TYPE = 'data'.
  Ion_lo: Ion_lo DISPLAY_TYPE for variable with VAR_TYPE = 'data'.
  Ion_mid: Ion_mid DISPLAY_TYPE for variable with VAR_TYPE = 'data'.
  Ion_hi: Ion_hi DISPLAY_TYPE for variable with VAR_TYPE = 'data'.
  Electron_lo: Electron_lo DISPLAY_TYPE for variable with VAR_TYPE = 'data'.
  Electron_hi: Electron_hi DISPLAY_TYPE for variable with VAR_TYPE = 'data'.
ALOUETTE2_NEPROF_TOPS | ISTP.DISPLAY_TYPE.Missing:
  tec: tec DISPLAY_TYPE for variable with VAR_TYPE = 'data'.
  tec_iri: tec_iri DISPLAY_TYPE for variable with VAR_TYPE = 'data'.
  IRI_F2peak: IRI_F2peak DISPLAY_TYPE for variable with VAR_TYPE = 'data'.
  IRI_F2peakHeight: IRI_F2peakHeight DISPLAY_TYPE for variable with VAR_TYPE = 'data'.
  numDataPoints: numDataPoints DISPLAY_TYPE for variable with VAR_TYPE = 'data'.
  qualityIndex: qualityIndex DISPLAY_TYPE for variable with VAR_TYPE = 'data'.
  lon: lon DISPLAY_TYPE for variable with VAR_TYPE = 'data'.
  lat: lat DISPLAY_TYPE for variable with VAR_TYPE = 'data'.
  dip: dip DISPLAY_TYPE for variable with VAR_TYPE = 'data'.
  L: L DISPLAY_TYPE for variable with VAR_TYPE = 'data'.
  sza: sza DISPLAY_TYPE for variable with VAR_TYPE = 'data'.
  sunspotNumber: sunspotNumber DISPLAY_TYPE for variable with VAR_TYPE = 'data'.
  IGindex: IGindex DISPLAY_TYPE for variable with VAR_TYPE = 'data'.
C1_CP_FGM_SPIN | ISTP.DISPLAY_TYPE.Missing:
  B_vec_xyz_gse__C1_CP_FGM_SPIN: B_vec_xyz_gse__C1_CP_FGM_SPIN DISPLAY_TYPE for variable with VAR_TYPE = 'data'.
  B_mag__C1_CP_FGM_SPIN: B_mag__C1_CP_FGM_SPIN DISPLAY_TYPE for variable with VAR_TYPE = 'data'.
  sc_pos_xyz_gse__C1_CP_FGM_SPIN: sc_pos_xyz_gse__C1_CP_FGM_SPIN DISPLAY_TYPE for variable with VAR_TYPE = 'data'.
C1_JP_PMP | ISTP.DISPLAY_TYPE.Missing:
  Invar_Lat__C1_JP_PMP: Invar_Lat__C1_JP_PMP DISPLAY_TYPE for variable with VAR_TYPE = 'data'.
  Mag_Local_time__C1_JP_PMP: Mag_Local_time__C1_JP_PMP DISPLAY_TYPE for variable with VAR_TYPE = 'data'.
  L_value__C1_JP_PMP: L_value__C1_JP_PMP DISPLAY_TYPE for variable with VAR_TYPE = 'data'.
  Pred_B_mag__C1_JP_PMP: Pred_B_mag__C1_JP_PMP DISPLAY_TYPE for variable with VAR_TYPE = 'data'.
C1_JP_PSE | ISTP.DISPLAY_TYPE.Missing:
  event_code__C1_JP_PSE: event_code__C1_JP_PSE DISPLAY_TYPE for variable with VAR_TYPE = 'data'.
  orbit_num__C1_JP_PSE: orbit_num__C1_JP_PSE DISPLAY_TYPE for variable with VAR_TYPE = 'data'.
  event_sub_code__C1_JP_PSE: event_sub_code__C1_JP_PSE DISPLAY_TYPE for variable with VAR_TYPE = 'data'.
  orbit_phase__C1_JP_PSE: orbit_phase__C1_JP_PSE DISPLAY_TYPE for variable with VAR_TYPE = 'data'.
  sc_lat__C1_JP_PSE: sc_lat__C1_JP_PSE DISPLAY_TYPE for variable with VAR_TYPE = 'data'.
  sc_mag_local_time__C1_JP_PSE: sc_mag_local_time__C1_JP_PSE DISPLAY_TYPE for variable with VAR_TYPE = 'data'.
  sc_r1_xyz_gse__C1_JP_PSE: sc_r1_xyz_gse__C1_JP_PSE DISPLAY_TYPE for variable with VAR_TYPE = 'data'.
C1_PP_ASP | ISTP.DISPLAY_TYPE.Missing:
  I_ion__C1_PP_ASP: I_ion__C1_PP_ASP DISPLAY_TYPE for variable with VAR_TYPE = 'data'.
C1_PP_CIS | ISTP.DISPLAY_TYPE.Missing:
  N_p__C1_PP_CIS: N_p__C1_PP_CIS DISPLAY_TYPE for variable with VAR_TYPE = 'data'.
  N_O1__C1_PP_CIS: N_O1__C1_PP_CIS DISPLAY_TYPE for variable with VAR_TYPE = 'data'.
  N_He1__C1_PP_CIS: N_He1__C1_PP_CIS DISPLAY_TYPE for variable with VAR_TYPE = 'data'.
  N_He2__C1_PP_CIS: N_He2__C1_PP_CIS DISPLAY_TYPE for variable with VAR_TYPE = 'data'.
  N_HIA__C1_PP_CIS: N_HIA__C1_PP_CIS DISPLAY_TYPE for variable with VAR_TYPE = 'data'.
  V_p_xyz_gse__C1_PP_CIS: V_p_xyz_gse__C1_PP_CIS DISPLAY_TYPE for variable with VAR_TYPE = 'data'.
  V_HIA_xyz_gse__C1_PP_CIS: V_HIA_xyz_gse__C1_PP_CIS DISPLAY_TYPE for variable with VAR_TYPE = 'data'.
  T_p_par__C1_PP_CIS: T_p_par__C1_PP_CIS DISPLAY_TYPE for variable with VAR_TYPE = 'data'.
  T_p_perp__C1_PP_CIS: T_p_perp__C1_PP_CIS DISPLAY_TYPE for variable with VAR_TYPE = 'data'.
  T_HIA_par__C1_PP_CIS: T_HIA_par__C1_PP_CIS DISPLAY_TYPE for variable with VAR_TYPE = 'data'.
  T_HIA_perp__C1_PP_CIS: T_HIA_perp__C1_PP_CIS DISPLAY_TYPE for variable with VAR_TYPE = 'data'.
C1_PP_DWP | ISTP.DISPLAY_TYPE.Missing:
  Correl_signif__C1_PP_DWP: Correl_signif__C1_PP_DWP DISPLAY_TYPE for variable with VAR_TYPE = 'data'.
  Correl_P__C1_PP_DWP: Correl_P__C1_PP_DWP DISPLAY_TYPE for variable with VAR_TYPE = 'data'.
  Correl_freq__C1_PP_DWP: Correl_freq__C1_PP_DWP DISPLAY_TYPE for variable with VAR_TYPE = 'data'.
C1_PP_EDI | ISTP.DISPLAY_TYPE.Missing:
  V_ed_xyz_gse__C1_PP_EDI: V_ed_xyz_gse__C1_PP_EDI DISPLAY_TYPE for variable with VAR_TYPE = 'data'.
  E_xyz_gse__C1_PP_EDI: E_xyz_gse__C1_PP_EDI DISPLAY_TYPE for variable with VAR_TYPE = 'data'.
C1_PP_EFW | ISTP.DISPLAY_TYPE.Missing:
  E_dusk__C1_PP_EFW: E_dusk__C1_PP_EFW DISPLAY_TYPE for variable with VAR_TYPE = 'data'.
  E_pow_f1__C1_PP_EFW: E_pow_f1__C1_PP_EFW DISPLAY_TYPE for variable with VAR_TYPE = 'data'.
  E_pow_f2__C1_PP_EFW: E_pow_f2__C1_PP_EFW DISPLAY_TYPE for variable with VAR_TYPE = 'data'.
  E_sigma__C1_PP_EFW: E_sigma__C1_PP_EFW DISPLAY_TYPE for variable with VAR_TYPE = 'data'.
  U_probe_sc__C1_PP_EFW: U_probe_sc__C1_PP_EFW DISPLAY_TYPE for variable with VAR_TYPE = 'data'.
C1_PP_PEA | ISTP.DISPLAY_TYPE.Missing:
  N_e_den__C1_PP_PEA: N_e_den__C1_PP_PEA DISPLAY_TYPE for variable with VAR_TYPE = 'data'.
  V_e_xyz_gse__C1_PP_PEA: V_e_xyz_gse__C1_PP_PEA DISPLAY_TYPE for variable with VAR_TYPE = 'data'.
  T_e_par__C1_PP_PEA: T_e_par__C1_PP_PEA DISPLAY_TYPE for variable with VAR_TYPE = 'data'.
  T_e_perp__C1_PP_PEA: T_e_perp__C1_PP_PEA DISPLAY_TYPE for variable with VAR_TYPE = 'data'.
  Q_e_par__C1_PP_PEA: Q_e_par__C1_PP_PEA DISPLAY_TYPE for variable with VAR_TYPE = 'data'.
C1_PP_RAP | ISTP.DISPLAY_TYPE.Missing:
  J_e_lo__C1_PP_RAP: J_e_lo__C1_PP_RAP DISPLAY_TYPE for variable with VAR_TYPE = 'data'.
  J_e_hi__C1_PP_RAP: J_e_hi__C1_PP_RAP DISPLAY_TYPE for variable with VAR_TYPE = 'data'.
  J_p_lo__C1_PP_RAP: J_p_lo__C1_PP_RAP DISPLAY_TYPE for variable with VAR_TYPE = 'data'.
  J_p_hi__C1_PP_RAP: J_p_hi__C1_PP_RAP DISPLAY_TYPE for variable with VAR_TYPE = 'data'.
  J_He_lo__C1_PP_RAP: J_He_lo__C1_PP_RAP DISPLAY_TYPE for variable with VAR_TYPE = 'data'.
  J_He_hi__C1_PP_RAP: J_He_hi__C1_PP_RAP DISPLAY_TYPE for variable with VAR_TYPE = 'data'.
  J_hvy_lo__C1_PP_RAP: J_hvy_lo__C1_PP_RAP DISPLAY_TYPE for variable with VAR_TYPE = 'data'.
  J_hvy_hi__C1_PP_RAP: J_hvy_hi__C1_PP_RAP DISPLAY_TYPE for variable with VAR_TYPE = 'data'.
  A_e_par__C1_PP_RAP: A_e_par__C1_PP_RAP DISPLAY_TYPE for variable with VAR_TYPE = 'data'.
  A_p_par__C1_PP_RAP: A_p_par__C1_PP_RAP DISPLAY_TYPE for variable with VAR_TYPE = 'data'.
C1_PP_STA | ISTP.DISPLAY_TYPE.Missing:
  B_par_f1__C1_PP_STA: B_par_f1__C1_PP_STA DISPLAY_TYPE for variable with VAR_TYPE = 'data'.
  B_par_f2__C1_PP_STA: B_par_f2__C1_PP_STA DISPLAY_TYPE for variable with VAR_TYPE = 'data'.
  B_par_f3__C1_PP_STA: B_par_f3__C1_PP_STA DISPLAY_TYPE for variable with VAR_TYPE = 'data'.
  B_perp_f1__C1_PP_STA: B_perp_f1__C1_PP_STA DISPLAY_TYPE for variable with VAR_TYPE = 'data'.
  B_perp_f2__C1_PP_STA: B_perp_f2__C1_PP_STA DISPLAY_TYPE for variable with VAR_TYPE = 'data'.
  B_perp_f3__C1_PP_STA: B_perp_f3__C1_PP_STA DISPLAY_TYPE for variable with VAR_TYPE = 'data'.
  E_pow_f2__C1_PP_STA: E_pow_f2__C1_PP_STA DISPLAY_TYPE for variable with VAR_TYPE = 'data'.
  E_pow_f3__C1_PP_STA: E_pow_f3__C1_PP_STA DISPLAY_TYPE for variable with VAR_TYPE = 'data'.
C1_PP_WHI | ISTP.DISPLAY_TYPE.Missing:
  N_e_res__C1_PP_WHI: N_e_res__C1_PP_WHI DISPLAY_TYPE for variable with VAR_TYPE = 'data'.
  N_e_res_qual__C1_PP_WHI: N_e_res_qual__C1_PP_WHI DISPLAY_TYPE for variable with VAR_TYPE = 'data'.
  E_pow_f4__C1_PP_WHI: E_pow_f4__C1_PP_WHI DISPLAY_TYPE for variable with VAR_TYPE = 'data'.
  E_pow_f5__C1_PP_WHI: E_pow_f5__C1_PP_WHI DISPLAY_TYPE for variable with VAR_TYPE = 'data'.
  E_pow_f6__C1_PP_WHI: E_pow_f6__C1_PP_WHI DISPLAY_TYPE for variable with VAR_TYPE = 'data'.
  E_var_ts__C1_PP_WHI: E_var_ts__C1_PP_WHI DISPLAY_TYPE for variable with VAR_TYPE = 'data'.
C1_UP_FGM | ISTP.DISPLAY_TYPE.Missing:
  B_xyz_gse__C1_UP_FGM: B_xyz_gse__C1_UP_FGM DISPLAY_TYPE for variable with VAR_TYPE = 'data'.
  B_nsigma_t__C1_UP_FGM: B_nsigma_t__C1_UP_FGM DISPLAY_TYPE for variable with VAR_TYPE = 'data'.
  B_nsigma_b__C1_UP_FGM: B_nsigma_b__C1_UP_FGM DISPLAY_TYPE for variable with VAR_TYPE = 'data'.
C2_CP_FGM_SPIN | ISTP.DISPLAY_TYPE.Missing:
  B_vec_xyz_gse__C2_CP_FGM_SPIN: B_vec_xyz_gse__C2_CP_FGM_SPIN DISPLAY_TYPE for variable with VAR_TYPE = 'data'.
  B_mag__C2_CP_FGM_SPIN: B_mag__C2_CP_FGM_SPIN DISPLAY_TYPE for variable with VAR_TYPE = 'data'.
  sc_pos_xyz_gse__C2_CP_FGM_SPIN: sc_pos_xyz_gse__C2_CP_FGM_SPIN DISPLAY_TYPE for variable with VAR_TYPE = 'data'.
C2_JP_PMP | ISTP.DISPLAY_TYPE.Missing:
  Invar_Lat__C2_JP_PMP: Invar_Lat__C2_JP_PMP DISPLAY_TYPE for variable with VAR_TYPE = 'data'.
  Mag_Local_time__C2_JP_PMP: Mag_Local_time__C2_JP_PMP DISPLAY_TYPE for variable with VAR_TYPE = 'data'.
  L_value__C2_JP_PMP: L_value__C2_JP_PMP DISPLAY_TYPE for variable with VAR_TYPE = 'data'.
  Pred_B_mag__C2_JP_PMP: Pred_B_mag__C2_JP_PMP DISPLAY_TYPE for variable with VAR_TYPE = 'data'.
C2_JP_PSE | ISTP.DISPLAY_TYPE.Missing:
  event_code__C2_JP_PSE: event_code__C2_JP_PSE DISPLAY_TYPE for variable with VAR_TYPE = 'data'.
  orbit_num__C2_JP_PSE: orbit_num__C2_JP_PSE DISPLAY_TYPE for variable with VAR_TYPE = 'data'.
  event_sub_code__C2_JP_PSE: event_sub_code__C2_JP_PSE DISPLAY_TYPE for variable with VAR_TYPE = 'data'.
  orbit_phase__C2_JP_PSE: orbit_phase__C2_JP_PSE DISPLAY_TYPE for variable with VAR_TYPE = 'data'.
  sc_lat__C2_JP_PSE: sc_lat__C2_JP_PSE DISPLAY_TYPE for variable with VAR_TYPE = 'data'.
  sc_mag_local_time__C2_JP_PSE: sc_mag_local_time__C2_JP_PSE DISPLAY_TYPE for variable with VAR_TYPE = 'data'.
  sc_r2_xyz_gse__C2_JP_PSE: sc_r2_xyz_gse__C2_JP_PSE DISPLAY_TYPE for variable with VAR_TYPE = 'data'.
C2_PP_ASP | ISTP.DISPLAY_TYPE.Missing:
  I_ion__C2_PP_ASP: I_ion__C2_PP_ASP DISPLAY_TYPE for variable with VAR_TYPE = 'data'.
C2_PP_DWP | ISTP.DISPLAY_TYPE.Missing:
  Correl_signif__C2_PP_DWP: Correl_signif__C2_PP_DWP DISPLAY_TYPE for variable with VAR_TYPE = 'data'.
  Correl_P__C2_PP_DWP: Correl_P__C2_PP_DWP DISPLAY_TYPE for variable with VAR_TYPE = 'data'.
  Correl_freq__C2_PP_DWP: Correl_freq__C2_PP_DWP DISPLAY_TYPE for variable with VAR_TYPE = 'data'.
C2_PP_EDI | ISTP.DISPLAY_TYPE.Missing:
  V_ed_xyz_gse__C2_PP_EDI: V_ed_xyz_gse__C2_PP_EDI DISPLAY_TYPE for variable with VAR_TYPE = 'data'.
  E_xyz_gse__C2_PP_EDI: E_xyz_gse__C2_PP_EDI DISPLAY_TYPE for variable with VAR_TYPE = 'data'.
  Reduced_chi_sq__C2_PP_EDI: Reduced_chi_sq__C2_PP_EDI DISPLAY_TYPE for variable with VAR_TYPE = 'data'.
C2_PP_EFW | ISTP.DISPLAY_TYPE.Missing:
  E_dusk__C2_PP_EFW: E_dusk__C2_PP_EFW DISPLAY_TYPE for variable with VAR_TYPE = 'data'.
  E_pow_f1__C2_PP_EFW: E_pow_f1__C2_PP_EFW DISPLAY_TYPE for variable with VAR_TYPE = 'data'.
  E_pow_f2__C2_PP_EFW: E_pow_f2__C2_PP_EFW DISPLAY_TYPE for variable with VAR_TYPE = 'data'.
  E_sigma__C2_PP_EFW: E_sigma__C2_PP_EFW DISPLAY_TYPE for variable with VAR_TYPE = 'data'.
  U_probe_sc__C2_PP_EFW: U_probe_sc__C2_PP_EFW DISPLAY_TYPE for variable with VAR_TYPE = 'data'.
C2_PP_PEA | ISTP.DISPLAY_TYPE.Missing:
  N_e_den__C2_PP_PEA: N_e_den__C2_PP_PEA DISPLAY_TYPE for variable with VAR_TYPE = 'data'.
  V_e_xyz_gse__C2_PP_PEA: V_e_xyz_gse__C2_PP_PEA DISPLAY_TYPE for variable with VAR_TYPE = 'data'.
  T_e_par__C2_PP_PEA: T_e_par__C2_PP_PEA DISPLAY_TYPE for variable with VAR_TYPE = 'data'.
  T_e_perp__C2_PP_PEA: T_e_perp__C2_PP_PEA DISPLAY_TYPE for variable with VAR_TYPE = 'data'.
  Q_e_par__C2_PP_PEA: Q_e_par__C2_PP_PEA DISPLAY_TYPE for variable with VAR_TYPE = 'data'.
C2_PP_RAP | ISTP.DISPLAY_TYPE.Missing:
  J_e_lo__C2_PP_RAP: J_e_lo__C2_PP_RAP DISPLAY_TYPE for variable with VAR_TYPE = 'data'.
  J_e_hi__C2_PP_RAP: J_e_hi__C2_PP_RAP DISPLAY_TYPE for variable with VAR_TYPE = 'data'.
  J_p_lo__C2_PP_RAP: J_p_lo__C2_PP_RAP DISPLAY_TYPE for variable with VAR_TYPE = 'data'.
  J_p_hi__C2_PP_RAP: J_p_hi__C2_PP_RAP DISPLAY_TYPE for variable with VAR_TYPE = 'data'.
  J_He_lo__C2_PP_RAP: J_He_lo__C2_PP_RAP DISPLAY_TYPE for variable with VAR_TYPE = 'data'.
  J_He_hi__C2_PP_RAP: J_He_hi__C2_PP_RAP DISPLAY_TYPE for variable with VAR_TYPE = 'data'.
  J_hvy_lo__C2_PP_RAP: J_hvy_lo__C2_PP_RAP DISPLAY_TYPE for variable with VAR_TYPE = 'data'.
  J_hvy_hi__C2_PP_RAP: J_hvy_hi__C2_PP_RAP DISPLAY_TYPE for variable with VAR_TYPE = 'data'.
  A_e_par__C2_PP_RAP: A_e_par__C2_PP_RAP DISPLAY_TYPE for variable with VAR_TYPE = 'data'.
  A_p_par__C2_PP_RAP: A_p_par__C2_PP_RAP DISPLAY_TYPE for variable with VAR_TYPE = 'data'.
C2_PP_STA | ISTP.DISPLAY_TYPE.Missing:
  B_par_f1__C2_PP_STA: B_par_f1__C2_PP_STA DISPLAY_TYPE for variable with VAR_TYPE = 'data'.
  B_par_f2__C2_PP_STA: B_par_f2__C2_PP_STA DISPLAY_TYPE for variable with VAR_TYPE = 'data'.
  B_par_f3__C2_PP_STA: B_par_f3__C2_PP_STA DISPLAY_TYPE for variable with VAR_TYPE = 'data'.
  B_perp_f1__C2_PP_STA: B_perp_f1__C2_PP_STA DISPLAY_TYPE for variable with VAR_TYPE = 'data'.
  B_perp_f2__C2_PP_STA: B_perp_f2__C2_PP_STA DISPLAY_TYPE for variable with VAR_TYPE = 'data'.
  B_perp_f3__C2_PP_STA: B_perp_f3__C2_PP_STA DISPLAY_TYPE for variable with VAR_TYPE = 'data'.
  E_pow_f2__C2_PP_STA: E_pow_f2__C2_PP_STA DISPLAY_TYPE for variable with VAR_TYPE = 'data'.
  E_pow_f3__C2_PP_STA: E_pow_f3__C2_PP_STA DISPLAY_TYPE for variable with VAR_TYPE = 'data'.
C2_PP_WHI | ISTP.DISPLAY_TYPE.Missing:
  N_e_res__C2_PP_WHI: N_e_res__C2_PP_WHI DISPLAY_TYPE for variable with VAR_TYPE = 'data'.
  N_e_res_qual__C2_PP_WHI: N_e_res_qual__C2_PP_WHI DISPLAY_TYPE for variable with VAR_TYPE = 'data'.
  E_pow_f4__C2_PP_WHI: E_pow_f4__C2_PP_WHI DISPLAY_TYPE for variable with VAR_TYPE = 'data'.
  E_pow_f5__C2_PP_WHI: E_pow_f5__C2_PP_WHI DISPLAY_TYPE for variable with VAR_TYPE = 'data'.
  E_pow_f6__C2_PP_WHI: E_pow_f6__C2_PP_WHI DISPLAY_TYPE for variable with VAR_TYPE = 'data'.
  E_var_ts__C2_PP_WHI: E_var_ts__C2_PP_WHI DISPLAY_TYPE for variable with VAR_TYPE = 'data'.
C2_UP_FGM | ISTP.DISPLAY_TYPE.Missing:
  B_xyz_gse__C2_UP_FGM: B_xyz_gse__C2_UP_FGM DISPLAY_TYPE for variable with VAR_TYPE = 'data'.
  B_nsigma_t__C2_UP_FGM: B_nsigma_t__C2_UP_FGM DISPLAY_TYPE for variable with VAR_TYPE = 'data'.
  B_nsigma_b__C2_UP_FGM: B_nsigma_b__C2_UP_FGM DISPLAY_TYPE for variable with VAR_TYPE = 'data'.
C3_CP_FGM_SPIN | ISTP.DISPLAY_TYPE.Missing:
  B_vec_xyz_gse__C3_CP_FGM_SPIN: B_vec_xyz_gse__C3_CP_FGM_SPIN DISPLAY_TYPE for variable with VAR_TYPE = 'data'.
  B_mag__C3_CP_FGM_SPIN: B_mag__C3_CP_FGM_SPIN DISPLAY_TYPE for variable with VAR_TYPE = 'data'.
  sc_pos_xyz_gse__C3_CP_FGM_SPIN: sc_pos_xyz_gse__C3_CP_FGM_SPIN DISPLAY_TYPE for variable with VAR_TYPE = 'data'.
C3_JP_PMP | ISTP.DISPLAY_TYPE.Missing:
  Invar_Lat__C3_JP_PMP: Invar_Lat__C3_JP_PMP DISPLAY_TYPE for variable with VAR_TYPE = 'data'.
  Mag_Local_time__C3_JP_PMP: Mag_Local_time__C3_JP_PMP DISPLAY_TYPE for variable with VAR_TYPE = 'data'.
  L_value__C3_JP_PMP: L_value__C3_JP_PMP DISPLAY_TYPE for variable with VAR_TYPE = 'data'.
  Pred_B_mag__C3_JP_PMP: Pred_B_mag__C3_JP_PMP DISPLAY_TYPE for variable with VAR_TYPE = 'data'.
C3_JP_PSE | ISTP.DISPLAY_TYPE.Missing:
  event_code__C3_JP_PSE: event_code__C3_JP_PSE DISPLAY_TYPE for variable with VAR_TYPE = 'data'.
  orbit_num__C3_JP_PSE: orbit_num__C3_JP_PSE DISPLAY_TYPE for variable with VAR_TYPE = 'data'.
  event_sub_code__C3_JP_PSE: event_sub_code__C3_JP_PSE DISPLAY_TYPE for variable with VAR_TYPE = 'data'.
  orbit_phase__C3_JP_PSE: orbit_phase__C3_JP_PSE DISPLAY_TYPE for variable with VAR_TYPE = 'data'.
  sc_lat__C3_JP_PSE: sc_lat__C3_JP_PSE DISPLAY_TYPE for variable with VAR_TYPE = 'data'.
  sc_mag_local_time__C3_JP_PSE: sc_mag_local_time__C3_JP_PSE DISPLAY_TYPE for variable with VAR_TYPE = 'data'.
  sc_r3_xyz_gse__C3_JP_PSE: sc_r3_xyz_gse__C3_JP_PSE DISPLAY_TYPE for variable with VAR_TYPE = 'data'.
C3_PP_ASP | ISTP.DISPLAY_TYPE.Missing:
  I_ion__C3_PP_ASP: I_ion__C3_PP_ASP DISPLAY_TYPE for variable with VAR_TYPE = 'data'.
C3_PP_CIS | ISTP.DISPLAY_TYPE.Missing:
  N_p__C3_PP_CIS: N_p__C3_PP_CIS DISPLAY_TYPE for variable with VAR_TYPE = 'data'.
  N_O1__C3_PP_CIS: N_O1__C3_PP_CIS DISPLAY_TYPE for variable with VAR_TYPE = 'data'.
  N_He1__C3_PP_CIS: N_He1__C3_PP_CIS DISPLAY_TYPE for variable with VAR_TYPE = 'data'.
  N_He2__C3_PP_CIS: N_He2__C3_PP_CIS DISPLAY_TYPE for variable with VAR_TYPE = 'data'.
  N_HIA__C3_PP_CIS: N_HIA__C3_PP_CIS DISPLAY_TYPE for variable with VAR_TYPE = 'data'.
  V_p_xyz_gse__C3_PP_CIS: V_p_xyz_gse__C3_PP_CIS DISPLAY_TYPE for variable with VAR_TYPE = 'data'.
  V_HIA_xyz_gse__C3_PP_CIS: V_HIA_xyz_gse__C3_PP_CIS DISPLAY_TYPE for variable with VAR_TYPE = 'data'.
  T_p_par__C3_PP_CIS: T_p_par__C3_PP_CIS DISPLAY_TYPE for variable with VAR_TYPE = 'data'.
  T_p_perp__C3_PP_CIS: T_p_perp__C3_PP_CIS DISPLAY_TYPE for variable with VAR_TYPE = 'data'.
  T_HIA_par__C3_PP_CIS: T_HIA_par__C3_PP_CIS DISPLAY_TYPE for variable with VAR_TYPE = 'data'.
  T_HIA_perp__C3_PP_CIS: T_HIA_perp__C3_PP_CIS DISPLAY_TYPE for variable with VAR_TYPE = 'data'.
C3_PP_EDI | ISTP.DISPLAY_TYPE.Missing:
  V_ed_xyz_gse__C3_PP_EDI: V_ed_xyz_gse__C3_PP_EDI DISPLAY_TYPE for variable with VAR_TYPE = 'data'.
  E_xyz_gse__C3_PP_EDI: E_xyz_gse__C3_PP_EDI DISPLAY_TYPE for variable with VAR_TYPE = 'data'.
  Reduced_chi_sq__C3_PP_EDI: Reduced_chi_sq__C3_PP_EDI DISPLAY_TYPE for variable with VAR_TYPE = 'data'.
C3_PP_EFW | ISTP.DISPLAY_TYPE.Missing:
  E_dusk__C3_PP_EFW: E_dusk__C3_PP_EFW DISPLAY_TYPE for variable with VAR_TYPE = 'data'.
  E_pow_f1__C3_PP_EFW: E_pow_f1__C3_PP_EFW DISPLAY_TYPE for variable with VAR_TYPE = 'data'.
  E_pow_f2__C3_PP_EFW: E_pow_f2__C3_PP_EFW DISPLAY_TYPE for variable with VAR_TYPE = 'data'.
  E_sigma__C3_PP_EFW: E_sigma__C3_PP_EFW DISPLAY_TYPE for variable with VAR_TYPE = 'data'.
  U_probe_sc__C3_PP_EFW: U_probe_sc__C3_PP_EFW DISPLAY_TYPE for variable with VAR_TYPE = 'data'.
C3_PP_PEA | ISTP.DISPLAY_TYPE.Missing:
  N_e_den__C3_PP_PEA: N_e_den__C3_PP_PEA DISPLAY_TYPE for variable with VAR_TYPE = 'data'.
  V_e_xyz_gse__C3_PP_PEA: V_e_xyz_gse__C3_PP_PEA DISPLAY_TYPE for variable with VAR_TYPE = 'data'.
  T_e_par__C3_PP_PEA: T_e_par__C3_PP_PEA DISPLAY_TYPE for variable with VAR_TYPE = 'data'.
  T_e_perp__C3_PP_PEA: T_e_perp__C3_PP_PEA DISPLAY_TYPE for variable with VAR_TYPE = 'data'.
  Q_e_par__C3_PP_PEA: Q_e_par__C3_PP_PEA DISPLAY_TYPE for variable with VAR_TYPE = 'data'.
C3_PP_RAP | ISTP.DISPLAY_TYPE.Missing:
  J_e_lo__C3_PP_RAP: J_e_lo__C3_PP_RAP DISPLAY_TYPE for variable with VAR_TYPE = 'data'.
  J_e_hi__C3_PP_RAP: J_e_hi__C3_PP_RAP DISPLAY_TYPE for variable with VAR_TYPE = 'data'.
  J_p_lo__C3_PP_RAP: J_p_lo__C3_PP_RAP DISPLAY_TYPE for variable with VAR_TYPE = 'data'.
  J_p_hi__C3_PP_RAP: J_p_hi__C3_PP_RAP DISPLAY_TYPE for variable with VAR_TYPE = 'data'.
  J_He_lo__C3_PP_RAP: J_He_lo__C3_PP_RAP DISPLAY_TYPE for variable with VAR_TYPE = 'data'.
  J_He_hi__C3_PP_RAP: J_He_hi__C3_PP_RAP DISPLAY_TYPE for variable with VAR_TYPE = 'data'.
  J_hvy_lo__C3_PP_RAP: J_hvy_lo__C3_PP_RAP DISPLAY_TYPE for variable with VAR_TYPE = 'data'.
  J_hvy_hi__C3_PP_RAP: J_hvy_hi__C3_PP_RAP DISPLAY_TYPE for variable with VAR_TYPE = 'data'.
  A_e_par__C3_PP_RAP: A_e_par__C3_PP_RAP DISPLAY_TYPE for variable with VAR_TYPE = 'data'.
  A_p_par__C3_PP_RAP: A_p_par__C3_PP_RAP DISPLAY_TYPE for variable with VAR_TYPE = 'data'.
C3_PP_STA | ISTP.DISPLAY_TYPE.Missing:
  B_par_f1__C3_PP_STA: B_par_f1__C3_PP_STA DISPLAY_TYPE for variable with VAR_TYPE = 'data'.
  B_par_f2__C3_PP_STA: B_par_f2__C3_PP_STA DISPLAY_TYPE for variable with VAR_TYPE = 'data'.
  B_par_f3__C3_PP_STA: B_par_f3__C3_PP_STA DISPLAY_TYPE for variable with VAR_TYPE = 'data'.
  B_perp_f1__C3_PP_STA: B_perp_f1__C3_PP_STA DISPLAY_TYPE for variable with VAR_TYPE = 'data'.
  B_perp_f2__C3_PP_STA: B_perp_f2__C3_PP_STA DISPLAY_TYPE for variable with VAR_TYPE = 'data'.
  B_perp_f3__C3_PP_STA: B_perp_f3__C3_PP_STA DISPLAY_TYPE for variable with VAR_TYPE = 'data'.
  E_pow_f2__C3_PP_STA: E_pow_f2__C3_PP_STA DISPLAY_TYPE for variable with VAR_TYPE = 'data'.
  E_pow_f3__C3_PP_STA: E_pow_f3__C3_PP_STA DISPLAY_TYPE for variable with VAR_TYPE = 'data'.
C3_PP_WHI | ISTP.DISPLAY_TYPE.Missing:
  N_e_res__C3_PP_WHI: N_e_res__C3_PP_WHI DISPLAY_TYPE for variable with VAR_TYPE = 'data'.
  N_e_res_qual__C3_PP_WHI: N_e_res_qual__C3_PP_WHI DISPLAY_TYPE for variable with VAR_TYPE = 'data'.
  E_pow_f4__C3_PP_WHI: E_pow_f4__C3_PP_WHI DISPLAY_TYPE for variable with VAR_TYPE = 'data'.
  E_pow_f5__C3_PP_WHI: E_pow_f5__C3_PP_WHI DISPLAY_TYPE for variable with VAR_TYPE = 'data'.
  E_pow_f6__C3_PP_WHI: E_pow_f6__C3_PP_WHI DISPLAY_TYPE for variable with VAR_TYPE = 'data'.
  E_var_ts__C3_PP_WHI: E_var_ts__C3_PP_WHI DISPLAY_TYPE for variable with VAR_TYPE = 'data'.
C3_UP_FGM | ISTP.DISPLAY_TYPE.Missing:
  B_xyz_gse__C3_UP_FGM: B_xyz_gse__C3_UP_FGM DISPLAY_TYPE for variable with VAR_TYPE = 'data'.
  B_nsigma_t__C3_UP_FGM: B_nsigma_t__C3_UP_FGM DISPLAY_TYPE for variable with VAR_TYPE = 'data'.
  B_nsigma_b__C3_UP_FGM: B_nsigma_b__C3_UP_FGM DISPLAY_TYPE for variable with VAR_TYPE = 'data'.
C4_CP_FGM_SPIN | ISTP.DISPLAY_TYPE.Missing:
  B_vec_xyz_gse__C4_CP_FGM_SPIN: B_vec_xyz_gse__C4_CP_FGM_SPIN DISPLAY_TYPE for variable with VAR_TYPE = 'data'.
  B_mag__C4_CP_FGM_SPIN: B_mag__C4_CP_FGM_SPIN DISPLAY_TYPE for variable with VAR_TYPE = 'data'.
  sc_pos_xyz_gse__C4_CP_FGM_SPIN: sc_pos_xyz_gse__C4_CP_FGM_SPIN DISPLAY_TYPE for variable with VAR_TYPE = 'data'.
C4_JP_PMP | ISTP.DISPLAY_TYPE.Missing:
  Invar_Lat__C4_JP_PMP: Invar_Lat__C4_JP_PMP DISPLAY_TYPE for variable with VAR_TYPE = 'data'.
  Mag_Local_time__C4_JP_PMP: Mag_Local_time__C4_JP_PMP DISPLAY_TYPE for variable with VAR_TYPE = 'data'.
  L_value__C4_JP_PMP: L_value__C4_JP_PMP DISPLAY_TYPE for variable with VAR_TYPE = 'data'.
  Pred_B_mag__C4_JP_PMP: Pred_B_mag__C4_JP_PMP DISPLAY_TYPE for variable with VAR_TYPE = 'data'.
C4_JP_PSE | ISTP.DISPLAY_TYPE.Missing:
  event_code__C4_JP_PSE: event_code__C4_JP_PSE DISPLAY_TYPE for variable with VAR_TYPE = 'data'.
  orbit_num__C4_JP_PSE: orbit_num__C4_JP_PSE DISPLAY_TYPE for variable with VAR_TYPE = 'data'.
  event_sub_code__C4_JP_PSE: event_sub_code__C4_JP_PSE DISPLAY_TYPE for variable with VAR_TYPE = 'data'.
  orbit_phase__C4_JP_PSE: orbit_phase__C4_JP_PSE DISPLAY_TYPE for variable with VAR_TYPE = 'data'.
  sc_lat__C4_JP_PSE: sc_lat__C4_JP_PSE DISPLAY_TYPE for variable with VAR_TYPE = 'data'.
  sc_mag_local_time__C4_JP_PSE: sc_mag_local_time__C4_JP_PSE DISPLAY_TYPE for variable with VAR_TYPE = 'data'.
  sc_r4_xyz_gse__C4_JP_PSE: sc_r4_xyz_gse__C4_JP_PSE DISPLAY_TYPE for variable with VAR_TYPE = 'data'.
C4_PP_ASP | ISTP.DISPLAY_TYPE.Missing:
  I_ion__C4_PP_ASP: I_ion__C4_PP_ASP DISPLAY_TYPE for variable with VAR_TYPE = 'data'.
C4_PP_CIS | ISTP.DISPLAY_TYPE.Missing:
  N_p__C4_PP_CIS: N_p__C4_PP_CIS DISPLAY_TYPE for variable with VAR_TYPE = 'data'.
  N_O1__C4_PP_CIS: N_O1__C4_PP_CIS DISPLAY_TYPE for variable with VAR_TYPE = 'data'.
  N_He1__C4_PP_CIS: N_He1__C4_PP_CIS DISPLAY_TYPE for variable with VAR_TYPE = 'data'.
  N_He2__C4_PP_CIS: N_He2__C4_PP_CIS DISPLAY_TYPE for variable with VAR_TYPE = 'data'.
  N_HIA__C4_PP_CIS: N_HIA__C4_PP_CIS DISPLAY_TYPE for variable with VAR_TYPE = 'data'.
  V_p_xyz_gse__C4_PP_CIS: V_p_xyz_gse__C4_PP_CIS DISPLAY_TYPE for variable with VAR_TYPE = 'data'.
  V_HIA_xyz_gse__C4_PP_CIS: V_HIA_xyz_gse__C4_PP_CIS DISPLAY_TYPE for variable with VAR_TYPE = 'data'.
  T_p_par__C4_PP_CIS: T_p_par__C4_PP_CIS DISPLAY_TYPE for variable with VAR_TYPE = 'data'.
  T_p_perp__C4_PP_CIS: T_p_perp__C4_PP_CIS DISPLAY_TYPE for variable with VAR_TYPE = 'data'.
  T_HIA_par__C4_PP_CIS: T_HIA_par__C4_PP_CIS DISPLAY_TYPE for variable with VAR_TYPE = 'data'.
  T_HIA_perp__C4_PP_CIS: T_HIA_perp__C4_PP_CIS DISPLAY_TYPE for variable with VAR_TYPE = 'data'.
C4_PP_DWP | ISTP.DISPLAY_TYPE.Missing:
  Correl_signif__C4_PP_DWP: Correl_signif__C4_PP_DWP DISPLAY_TYPE for variable with VAR_TYPE = 'data'.
  Correl_P__C4_PP_DWP: Correl_P__C4_PP_DWP DISPLAY_TYPE for variable with VAR_TYPE = 'data'.
  Correl_freq__C4_PP_DWP: Correl_freq__C4_PP_DWP DISPLAY_TYPE for variable with VAR_TYPE = 'data'.
C4_PP_EDI | ISTP.DISPLAY_TYPE.Missing:
  V_ed_xyz_gse__C4_PP_EDI: V_ed_xyz_gse__C4_PP_EDI DISPLAY_TYPE for variable with VAR_TYPE = 'data'.
  E_xyz_gse__C4_PP_EDI: E_xyz_gse__C4_PP_EDI DISPLAY_TYPE for variable with VAR_TYPE = 'data'.
C4_PP_EFW | ISTP.DISPLAY_TYPE.Missing:
  E_dusk__C4_PP_EFW: E_dusk__C4_PP_EFW DISPLAY_TYPE for variable with VAR_TYPE = 'data'.
  E_pow_f1__C4_PP_EFW: E_pow_f1__C4_PP_EFW DISPLAY_TYPE for variable with VAR_TYPE = 'data'.
  E_pow_f2__C4_PP_EFW: E_pow_f2__C4_PP_EFW DISPLAY_TYPE for variable with VAR_TYPE = 'data'.
  E_sigma__C4_PP_EFW: E_sigma__C4_PP_EFW DISPLAY_TYPE for variable with VAR_TYPE = 'data'.
  U_probe_sc__C4_PP_EFW: U_probe_sc__C4_PP_EFW DISPLAY_TYPE for variable with VAR_TYPE = 'data'.
C4_PP_PEA | ISTP.DISPLAY_TYPE.Missing:
  N_e_den__C4_PP_PEA: N_e_den__C4_PP_PEA DISPLAY_TYPE for variable with VAR_TYPE = 'data'.
  V_e_xyz_gse__C4_PP_PEA: V_e_xyz_gse__C4_PP_PEA DISPLAY_TYPE for variable with VAR_TYPE = 'data'.
  T_e_par__C4_PP_PEA: T_e_par__C4_PP_PEA DISPLAY_TYPE for variable with VAR_TYPE = 'data'.
  T_e_perp__C4_PP_PEA: T_e_perp__C4_PP_PEA DISPLAY_TYPE for variable with VAR_TYPE = 'data'.
  Q_e_par__C4_PP_PEA: Q_e_par__C4_PP_PEA DISPLAY_TYPE for variable with VAR_TYPE = 'data'.
C4_PP_RAP | ISTP.DISPLAY_TYPE.Missing:
  J_e_lo__C4_PP_RAP: J_e_lo__C4_PP_RAP DISPLAY_TYPE for variable with VAR_TYPE = 'data'.
  J_e_hi__C4_PP_RAP: J_e_hi__C4_PP_RAP DISPLAY_TYPE for variable with VAR_TYPE = 'data'.
  J_p_lo__C4_PP_RAP: J_p_lo__C4_PP_RAP DISPLAY_TYPE for variable with VAR_TYPE = 'data'.
  J_p_hi__C4_PP_RAP: J_p_hi__C4_PP_RAP DISPLAY_TYPE for variable with VAR_TYPE = 'data'.
  J_He_lo__C4_PP_RAP: J_He_lo__C4_PP_RAP DISPLAY_TYPE for variable with VAR_TYPE = 'data'.
  J_He_hi__C4_PP_RAP: J_He_hi__C4_PP_RAP DISPLAY_TYPE for variable with VAR_TYPE = 'data'.
  J_hvy_lo__C4_PP_RAP: J_hvy_lo__C4_PP_RAP DISPLAY_TYPE for variable with VAR_TYPE = 'data'.
  J_hvy_hi__C4_PP_RAP: J_hvy_hi__C4_PP_RAP DISPLAY_TYPE for variable with VAR_TYPE = 'data'.
  A_e_par__C4_PP_RAP: A_e_par__C4_PP_RAP DISPLAY_TYPE for variable with VAR_TYPE = 'data'.
  A_p_par__C4_PP_RAP: A_p_par__C4_PP_RAP DISPLAY_TYPE for variable with VAR_TYPE = 'data'.
C4_PP_STA | ISTP.DISPLAY_TYPE.Missing:
  B_par_f1__C4_PP_STA: B_par_f1__C4_PP_STA DISPLAY_TYPE for variable with VAR_TYPE = 'data'.
  B_par_f2__C4_PP_STA: B_par_f2__C4_PP_STA DISPLAY_TYPE for variable with VAR_TYPE = 'data'.
  B_par_f3__C4_PP_STA: B_par_f3__C4_PP_STA DISPLAY_TYPE for variable with VAR_TYPE = 'data'.
  B_perp_f1__C4_PP_STA: B_perp_f1__C4_PP_STA DISPLAY_TYPE for variable with VAR_TYPE = 'data'.
  B_perp_f2__C4_PP_STA: B_perp_f2__C4_PP_STA DISPLAY_TYPE for variable with VAR_TYPE = 'data'.
  B_perp_f3__C4_PP_STA: B_perp_f3__C4_PP_STA DISPLAY_TYPE for variable with VAR_TYPE = 'data'.
  E_pow_f2__C4_PP_STA: E_pow_f2__C4_PP_STA DISPLAY_TYPE for variable with VAR_TYPE = 'data'.
  E_pow_f3__C4_PP_STA: E_pow_f3__C4_PP_STA DISPLAY_TYPE for variable with VAR_TYPE = 'data'.
C4_PP_WHI | ISTP.DISPLAY_TYPE.Missing:
  N_e_res__C4_PP_WHI: N_e_res__C4_PP_WHI DISPLAY_TYPE for variable with VAR_TYPE = 'data'.
  N_e_res_qual__C4_PP_WHI: N_e_res_qual__C4_PP_WHI DISPLAY_TYPE for variable with VAR_TYPE = 'data'.
  E_pow_f4__C4_PP_WHI: E_pow_f4__C4_PP_WHI DISPLAY_TYPE for variable with VAR_TYPE = 'data'.
  E_pow_f5__C4_PP_WHI: E_pow_f5__C4_PP_WHI DISPLAY_TYPE for variable with VAR_TYPE = 'data'.
  E_pow_f6__C4_PP_WHI: E_pow_f6__C4_PP_WHI DISPLAY_TYPE for variable with VAR_TYPE = 'data'.
  E_var_ts__C4_PP_WHI: E_var_ts__C4_PP_WHI DISPLAY_TYPE for variable with VAR_TYPE = 'data'.
C4_UP_FGM | ISTP.DISPLAY_TYPE.Missing:
  B_xyz_gse__C4_UP_FGM: B_xyz_gse__C4_UP_FGM DISPLAY_TYPE for variable with VAR_TYPE = 'data'.
  B_nsigma_t__C4_UP_FGM: B_nsigma_t__C4_UP_FGM DISPLAY_TYPE for variable with VAR_TYPE = 'data'.
  B_nsigma_b__C4_UP_FGM: B_nsigma_b__C4_UP_FGM DISPLAY_TYPE for variable with VAR_TYPE = 'data'.
CL_JP_PCY | ISTP.DISPLAY_TYPE.Missing:
  Sunspot_number__CL_JP_PCY: Sunspot_number__CL_JP_PCY DISPLAY_TYPE for variable with VAR_TYPE = 'data'.
  median_P_pred__CL_JP_PCY: median_P_pred__CL_JP_PCY DISPLAY_TYPE for variable with VAR_TYPE = 'data'.
  Lower6_P_pred__CL_JP_PCY: Lower6_P_pred__CL_JP_PCY DISPLAY_TYPE for variable with VAR_TYPE = 'data'.
  Upper6_P_pred__CL_JP_PCY: Upper6_P_pred__CL_JP_PCY DISPLAY_TYPE for variable with VAR_TYPE = 'data'.
  Sigma_Bz_pred__CL_JP_PCY: Sigma_Bz_pred__CL_JP_PCY DISPLAY_TYPE for variable with VAR_TYPE = 'data'.
CL_JP_PGP | ISTP.DISPLAY_TYPE.Missing:
  sc_orbit_num__CL_JP_PGP: sc_orbit_num__CL_JP_PGP DISPLAY_TYPE for variable with VAR_TYPE = 'data'.
  sc_r_xyz_gse__CL_JP_PGP: sc_r_xyz_gse__CL_JP_PGP DISPLAY_TYPE for variable with VAR_TYPE = 'data'.
  sc_v_xyz_gse__CL_JP_PGP: sc_v_xyz_gse__CL_JP_PGP DISPLAY_TYPE for variable with VAR_TYPE = 'data'.
  sc_dr1_xyz_gse__CL_JP_PGP: sc_dr1_xyz_gse__CL_JP_PGP DISPLAY_TYPE for variable with VAR_TYPE = 'data'.
  sc_dr2_xyz_gse__CL_JP_PGP: sc_dr2_xyz_gse__CL_JP_PGP DISPLAY_TYPE for variable with VAR_TYPE = 'data'.
  sc_dr3_xyz_gse__CL_JP_PGP: sc_dr3_xyz_gse__CL_JP_PGP DISPLAY_TYPE for variable with VAR_TYPE = 'data'.
  sc_dr4_xyz_gse__CL_JP_PGP: sc_dr4_xyz_gse__CL_JP_PGP DISPLAY_TYPE for variable with VAR_TYPE = 'data'.
  sc_dr_min__CL_JP_PGP: sc_dr_min__CL_JP_PGP DISPLAY_TYPE for variable with VAR_TYPE = 'data'.
  sc_dr_max__CL_JP_PGP: sc_dr_max__CL_JP_PGP DISPLAY_TYPE for variable with VAR_TYPE = 'data'.
  gse_gsm__CL_JP_PGP: gse_gsm__CL_JP_PGP DISPLAY_TYPE for variable with VAR_TYPE = 'data'.
  dipole_tilt__CL_JP_PGP: dipole_tilt__CL_JP_PGP DISPLAY_TYPE for variable with VAR_TYPE = 'data'.
  sc_geom_size__CL_JP_PGP: sc_geom_size__CL_JP_PGP DISPLAY_TYPE for variable with VAR_TYPE = 'data'.
  sc_geom_elong__CL_JP_PGP: sc_geom_elong__CL_JP_PGP DISPLAY_TYPE for variable with VAR_TYPE = 'data'.
  sc_geom_planarity__CL_JP_PGP: sc_geom_planarity__CL_JP_PGP DISPLAY_TYPE for variable with VAR_TYPE = 'data'.
  sc_geom_E_dir_gse__CL_JP_PGP: sc_geom_E_dir_gse__CL_JP_PGP DISPLAY_TYPE for variable with VAR_TYPE = 'data'.
  sc_geom_P_nor_gse__CL_JP_PGP: sc_geom_P_nor_gse__CL_JP_PGP DISPLAY_TYPE for variable with VAR_TYPE = 'data'.
CL_SP_AUX | ISTP.DISPLAY_TYPE.Missing:
  sc_orbit_num__CL_SP_AUX: sc_orbit_num__CL_SP_AUX DISPLAY_TYPE for variable with VAR_TYPE = 'data'.
  sc_r_xyz_gse__CL_SP_AUX: sc_r_xyz_gse__CL_SP_AUX DISPLAY_TYPE for variable with VAR_TYPE = 'data'.
  sc_v_xyz_gse__CL_SP_AUX: sc_v_xyz_gse__CL_SP_AUX DISPLAY_TYPE for variable with VAR_TYPE = 'data'.
  sc_dr1_xyz_gse__CL_SP_AUX: sc_dr1_xyz_gse__CL_SP_AUX DISPLAY_TYPE for variable with VAR_TYPE = 'data'.
  sc_dr2_xyz_gse__CL_SP_AUX: sc_dr2_xyz_gse__CL_SP_AUX DISPLAY_TYPE for variable with VAR_TYPE = 'data'.
  sc_dr3_xyz_gse__CL_SP_AUX: sc_dr3_xyz_gse__CL_SP_AUX DISPLAY_TYPE for variable with VAR_TYPE = 'data'.
  sc_dr4_xyz_gse__CL_SP_AUX: sc_dr4_xyz_gse__CL_SP_AUX DISPLAY_TYPE for variable with VAR_TYPE = 'data'.
  sc_at1_lat__CL_SP_AUX: sc_at1_lat__CL_SP_AUX DISPLAY_TYPE for variable with VAR_TYPE = 'data'.
  sc_at1_long__CL_SP_AUX: sc_at1_long__CL_SP_AUX DISPLAY_TYPE for variable with VAR_TYPE = 'data'.
  sc_at2_lat__CL_SP_AUX: sc_at2_lat__CL_SP_AUX DISPLAY_TYPE for variable with VAR_TYPE = 'data'.
  sc_at2_long__CL_SP_AUX: sc_at2_long__CL_SP_AUX DISPLAY_TYPE for variable with VAR_TYPE = 'data'.
  sc_at3_lat__CL_SP_AUX: sc_at3_lat__CL_SP_AUX DISPLAY_TYPE for variable with VAR_TYPE = 'data'.
  sc_at3_long__CL_SP_AUX: sc_at3_long__CL_SP_AUX DISPLAY_TYPE for variable with VAR_TYPE = 'data'.
  sc_at4_lat__CL_SP_AUX: sc_at4_lat__CL_SP_AUX DISPLAY_TYPE for variable with VAR_TYPE = 'data'.
  sc_at4_long__CL_SP_AUX: sc_at4_long__CL_SP_AUX DISPLAY_TYPE for variable with VAR_TYPE = 'data'.
  sc_config_QG__CL_SP_AUX: sc_config_QG__CL_SP_AUX DISPLAY_TYPE for variable with VAR_TYPE = 'data'.
  sc_config_QR__CL_SP_AUX: sc_config_QR__CL_SP_AUX DISPLAY_TYPE for variable with VAR_TYPE = 'data'.
  sc_dr_min__CL_SP_AUX: sc_dr_min__CL_SP_AUX DISPLAY_TYPE for variable with VAR_TYPE = 'data'.
  sc_dr_max__CL_SP_AUX: sc_dr_max__CL_SP_AUX DISPLAY_TYPE for variable with VAR_TYPE = 'data'.
  gse_gsm__CL_SP_AUX: gse_gsm__CL_SP_AUX DISPLAY_TYPE for variable with VAR_TYPE = 'data'.
  dipole_tilt__CL_SP_AUX: dipole_tilt__CL_SP_AUX DISPLAY_TYPE for variable with VAR_TYPE = 'data'.
  sc_geom_size__CL_SP_AUX: sc_geom_size__CL_SP_AUX DISPLAY_TYPE for variable with VAR_TYPE = 'data'.
  sc_geom_elong__CL_SP_AUX: sc_geom_elong__CL_SP_AUX DISPLAY_TYPE for variable with VAR_TYPE = 'data'.
  sc_geom_planarity__CL_SP_AUX: sc_geom_planarity__CL_SP_AUX DISPLAY_TYPE for variable with VAR_TYPE = 'data'.
  sc_geom_E_dir_gse__CL_SP_AUX: sc_geom_E_dir_gse__CL_SP_AUX DISPLAY_TYPE for variable with VAR_TYPE = 'data'.
  sc_geom_P_nor_gse__CL_SP_AUX: sc_geom_P_nor_gse__CL_SP_AUX DISPLAY_TYPE for variable with VAR_TYPE = 'data'.
  sc_r_xyz_gei__CL_SP_AUX: sc_r_xyz_gei__CL_SP_AUX DISPLAY_TYPE for variable with VAR_TYPE = 'data'.
  sc_r1_xyz_gei__CL_SP_AUX: sc_r1_xyz_gei__CL_SP_AUX DISPLAY_TYPE for variable with VAR_TYPE = 'data'.
  sc_r2_xyz_gei__CL_SP_AUX: sc_r2_xyz_gei__CL_SP_AUX DISPLAY_TYPE for variable with VAR_TYPE = 'data'.
  sc_r4_xyz_gei__CL_SP_AUX: sc_r4_xyz_gei__CL_SP_AUX DISPLAY_TYPE for variable with VAR_TYPE = 'data'.
CNOFS_VEFI_LD_500MS | ISTP.DISPLAY_TYPE.Missing:
  lat: lat DISPLAY_TYPE for variable with VAR_TYPE = 'data'.
  lon: lon DISPLAY_TYPE for variable with VAR_TYPE = 'data'.
  alt: alt DISPLAY_TYPE for variable with VAR_TYPE = 'data'.
  ldn: ldn DISPLAY_TYPE for variable with VAR_TYPE = 'data'.
  lds: lds DISPLAY_TYPE for variable with VAR_TYPE = 'data'.
CT_JP_PSE | ISTP.DISPLAY_TYPE.Missing:
  event_code__CT_JP_PSE: event_code__CT_JP_PSE DISPLAY_TYPE for variable with VAR_TYPE = 'data'.
  orbit_num__CT_JP_PSE: orbit_num__CT_JP_PSE DISPLAY_TYPE for variable with VAR_TYPE = 'data'.
  event_sub_code__CT_JP_PSE: event_sub_code__CT_JP_PSE DISPLAY_TYPE for variable with VAR_TYPE = 'data'.
  orbit_phase__CT_JP_PSE: orbit_phase__CT_JP_PSE DISPLAY_TYPE for variable with VAR_TYPE = 'data'.
  sc_lat__CT_JP_PSE: sc_lat__CT_JP_PSE DISPLAY_TYPE for variable with VAR_TYPE = 'data'.
  sc_mag_local_time__CT_JP_PSE: sc_mag_local_time__CT_JP_PSE DISPLAY_TYPE for variable with VAR_TYPE = 'data'.
  sc_rT_xyz_gse__CT_JP_PSE: sc_rT_xyz_gse__CT_JP_PSE DISPLAY_TYPE for variable with VAR_TYPE = 'data'.
DE1_PWI_LFC-SPECTRA | ISTP.DISPLAY_TYPE.Missing:
  SubSweepTime: SubSweepTime DISPLAY_TYPE for variable with VAR_TYPE = 'data'.
DE1_PWI_SFC-SPECTRA | ISTP.DISPLAY_TYPE.Missing:
  WBR_xmit: WBR_xmit DISPLAY_TYPE for variable with VAR_TYPE = 'data'.
  Quality_Flag: Quality_Flag DISPLAY_TYPE for variable with VAR_TYPE = 'data'.
DE2_AC500MS_VEFI | ISTP.DISPLAY_TYPE.Missing:
  spectA: spectA DISPLAY_TYPE for variable with VAR_TYPE = 'data'.
  spectB: spectB DISPLAY_TYPE for variable with VAR_TYPE = 'data'.
  spectC: spectC DISPLAY_TYPE for variable with VAR_TYPE = 'data'.
DE_UV_SAI | ISTP.DISPLAY_TYPE.Missing:
  SC_Vel_GCI: SC_Vel_GCI DISPLAY_TYPE for variable with VAR_TYPE = 'data'.
  SC_SpinV_GCI: SC_SpinV_GCI DISPLAY_TYPE for variable with VAR_TYPE = 'data'.
DMSP-F16_SSIES-3_THERMAL-PLASMA | ISTP.DISPLAY_TYPE.Missing:
  vx: vx DISPLAY_TYPE for variable with VAR_TYPE = 'data'.
  vxqual: vxqual DISPLAY_TYPE for variable with VAR_TYPE = 'data'.
  vxrms: vxrms DISPLAY_TYPE for variable with VAR_TYPE = 'data'.
  vxraw: vxraw DISPLAY_TYPE for variable with VAR_TYPE = 'data'.
  vy: vy DISPLAY_TYPE for variable with VAR_TYPE = 'data'.
  vyqual: vyqual DISPLAY_TYPE for variable with VAR_TYPE = 'data'.
  vyrms: vyrms DISPLAY_TYPE for variable with VAR_TYPE = 'data'.
  dmhrough: dmhrough DISPLAY_TYPE for variable with VAR_TYPE = 'data'.
  vz: vz DISPLAY_TYPE for variable with VAR_TYPE = 'data'.
  vzqual: vzqual DISPLAY_TYPE for variable with VAR_TYPE = 'data'.
  vzrms: vzrms DISPLAY_TYPE for variable with VAR_TYPE = 'data'.
  dmvrough: dmvrough DISPLAY_TYPE for variable with VAR_TYPE = 'data'.
  temp: temp DISPLAY_TYPE for variable with VAR_TYPE = 'data'.
  tempqual: tempqual DISPLAY_TYPE for variable with VAR_TYPE = 'data'.
  te: te DISPLAY_TYPE for variable with VAR_TYPE = 'data'.
  dens: dens DISPLAY_TYPE for variable with VAR_TYPE = 'data'.
  densqual: densqual DISPLAY_TYPE for variable with VAR_TYPE = 'data'.
  ductdens: ductdens DISPLAY_TYPE for variable with VAR_TYPE = 'data'.
  ductdensrough: ductdensrough DISPLAY_TYPE for variable with VAR_TYPE = 'data'.
  dens0v: dens0v DISPLAY_TYPE for variable with VAR_TYPE = 'data'.
  dmdens: dmdens DISPLAY_TYPE for variable with VAR_TYPE = 'data'.
  frach: frach DISPLAY_TYPE for variable with VAR_TYPE = 'data'.
  frachqual: frachqual DISPLAY_TYPE for variable with VAR_TYPE = 'data'.
  frache: frache DISPLAY_TYPE for variable with VAR_TYPE = 'data'.
  frachequal: frachequal DISPLAY_TYPE for variable with VAR_TYPE = 'data'.
  fraco: fraco DISPLAY_TYPE for variable with VAR_TYPE = 'data'.
  fracoqual: fracoqual DISPLAY_TYPE for variable with VAR_TYPE = 'data'.
  ebm: ebm DISPLAY_TYPE for variable with VAR_TYPE = 'data'.
  corrpaqual: corrpaqual DISPLAY_TYPE for variable with VAR_TYPE = 'data'.
  rpainfo: rpainfo DISPLAY_TYPE for variable with VAR_TYPE = 'data'.
  nmbot: nmbot DISPLAY_TYPE for variable with VAR_TYPE = 'data'.
  idmqual: idmqual DISPLAY_TYPE for variable with VAR_TYPE = 'data'.
  scvel: scvel DISPLAY_TYPE for variable with VAR_TYPE = 'data'.
  rpaground: rpaground DISPLAY_TYPE for variable with VAR_TYPE = 'data'.
  pot: pot DISPLAY_TYPE for variable with VAR_TYPE = 'data'.
  bx: bx DISPLAY_TYPE for variable with VAR_TYPE = 'data'.
  by: by DISPLAY_TYPE for variable with VAR_TYPE = 'data'.
  bz: bz DISPLAY_TYPE for variable with VAR_TYPE = 'data'.
  corvelx: corvelx DISPLAY_TYPE for variable with VAR_TYPE = 'data'.
  corvely: corvely DISPLAY_TYPE for variable with VAR_TYPE = 'data'.
  corvelz: corvelz DISPLAY_TYPE for variable with VAR_TYPE = 'data'.
DMSP-F17_SSIES-3_THERMAL-PLASMA | ISTP.DISPLAY_TYPE.Missing:
  vx: vx DISPLAY_TYPE for variable with VAR_TYPE = 'data'.
  vxqual: vxqual DISPLAY_TYPE for variable with VAR_TYPE = 'data'.
  vxrms: vxrms DISPLAY_TYPE for variable with VAR_TYPE = 'data'.
  vxraw: vxraw DISPLAY_TYPE for variable with VAR_TYPE = 'data'.
  vy: vy DISPLAY_TYPE for variable with VAR_TYPE = 'data'.
  vyqual: vyqual DISPLAY_TYPE for variable with VAR_TYPE = 'data'.
  vyrms: vyrms DISPLAY_TYPE for variable with VAR_TYPE = 'data'.
  dmhrough: dmhrough DISPLAY_TYPE for variable with VAR_TYPE = 'data'.
  vz: vz DISPLAY_TYPE for variable with VAR_TYPE = 'data'.
  vzqual: vzqual DISPLAY_TYPE for variable with VAR_TYPE = 'data'.
  vzrms: vzrms DISPLAY_TYPE for variable with VAR_TYPE = 'data'.
  dmvrough: dmvrough DISPLAY_TYPE for variable with VAR_TYPE = 'data'.
  temp: temp DISPLAY_TYPE for variable with VAR_TYPE = 'data'.
  tempqual: tempqual DISPLAY_TYPE for variable with VAR_TYPE = 'data'.
  te: te DISPLAY_TYPE for variable with VAR_TYPE = 'data'.
  dens: dens DISPLAY_TYPE for variable with VAR_TYPE = 'data'.
  densqual: densqual DISPLAY_TYPE for variable with VAR_TYPE = 'data'.
  ductdens: ductdens DISPLAY_TYPE for variable with VAR_TYPE = 'data'.
  ductdensrough: ductdensrough DISPLAY_TYPE for variable with VAR_TYPE = 'data'.
  dens0v: dens0v DISPLAY_TYPE for variable with VAR_TYPE = 'data'.
  dmdens: dmdens DISPLAY_TYPE for variable with VAR_TYPE = 'data'.
  frach: frach DISPLAY_TYPE for variable with VAR_TYPE = 'data'.
  frachqual: frachqual DISPLAY_TYPE for variable with VAR_TYPE = 'data'.
  frache: frache DISPLAY_TYPE for variable with VAR_TYPE = 'data'.
  frachequal: frachequal DISPLAY_TYPE for variable with VAR_TYPE = 'data'.
  fraco: fraco DISPLAY_TYPE for variable with VAR_TYPE = 'data'.
  fracoqual: fracoqual DISPLAY_TYPE for variable with VAR_TYPE = 'data'.
  ebm: ebm DISPLAY_TYPE for variable with VAR_TYPE = 'data'.
  corrpaqual: corrpaqual DISPLAY_TYPE for variable with VAR_TYPE = 'data'.
  rpainfo: rpainfo DISPLAY_TYPE for variable with VAR_TYPE = 'data'.
  nmbot: nmbot DISPLAY_TYPE for variable with VAR_TYPE = 'data'.
  idmqual: idmqual DISPLAY_TYPE for variable with VAR_TYPE = 'data'.
  scvel: scvel DISPLAY_TYPE for variable with VAR_TYPE = 'data'.
  rpaground: rpaground DISPLAY_TYPE for variable with VAR_TYPE = 'data'.
  pot: pot DISPLAY_TYPE for variable with VAR_TYPE = 'data'.
  bx: bx DISPLAY_TYPE for variable with VAR_TYPE = 'data'.
  by: by DISPLAY_TYPE for variable with VAR_TYPE = 'data'.
  bz: bz DISPLAY_TYPE for variable with VAR_TYPE = 'data'.
  corvelx: corvelx DISPLAY_TYPE for variable with VAR_TYPE = 'data'.
  corvely: corvely DISPLAY_TYPE for variable with VAR_TYPE = 'data'.
  corvelz: corvelz DISPLAY_TYPE for variable with VAR_TYPE = 'data'.
DMSP-F18_SSIES-3_THERMAL-PLASMA | ISTP.DISPLAY_TYPE.Missing:
  vx: vx DISPLAY_TYPE for variable with VAR_TYPE = 'data'.
  vxqual: vxqual DISPLAY_TYPE for variable with VAR_TYPE = 'data'.
  vxrms: vxrms DISPLAY_TYPE for variable with VAR_TYPE = 'data'.
  vxraw: vxraw DISPLAY_TYPE for variable with VAR_TYPE = 'data'.
  vy: vy DISPLAY_TYPE for variable with VAR_TYPE = 'data'.
  vyqual: vyqual DISPLAY_TYPE for variable with VAR_TYPE = 'data'.
  vyrms: vyrms DISPLAY_TYPE for variable with VAR_TYPE = 'data'.
  dmhrough: dmhrough DISPLAY_TYPE for variable with VAR_TYPE = 'data'.
  vz: vz DISPLAY_TYPE for variable with VAR_TYPE = 'data'.
  vzqual: vzqual DISPLAY_TYPE for variable with VAR_TYPE = 'data'.
  vzrms: vzrms DISPLAY_TYPE for variable with VAR_TYPE = 'data'.
  dmvrough: dmvrough DISPLAY_TYPE for variable with VAR_TYPE = 'data'.
  temp: temp DISPLAY_TYPE for variable with VAR_TYPE = 'data'.
  tempqual: tempqual DISPLAY_TYPE for variable with VAR_TYPE = 'data'.
  te: te DISPLAY_TYPE for variable with VAR_TYPE = 'data'.
  dens: dens DISPLAY_TYPE for variable with VAR_TYPE = 'data'.
  densqual: densqual DISPLAY_TYPE for variable with VAR_TYPE = 'data'.
  ductdens: ductdens DISPLAY_TYPE for variable with VAR_TYPE = 'data'.
  ductdensrough: ductdensrough DISPLAY_TYPE for variable with VAR_TYPE = 'data'.
  dens0v: dens0v DISPLAY_TYPE for variable with VAR_TYPE = 'data'.
  dmdens: dmdens DISPLAY_TYPE for variable with VAR_TYPE = 'data'.
  frach: frach DISPLAY_TYPE for variable with VAR_TYPE = 'data'.
  frachqual: frachqual DISPLAY_TYPE for variable with VAR_TYPE = 'data'.
  frache: frache DISPLAY_TYPE for variable with VAR_TYPE = 'data'.
  frachequal: frachequal DISPLAY_TYPE for variable with VAR_TYPE = 'data'.
  fraco: fraco DISPLAY_TYPE for variable with VAR_TYPE = 'data'.
  fracoqual: fracoqual DISPLAY_TYPE for variable with VAR_TYPE = 'data'.
  ebm: ebm DISPLAY_TYPE for variable with VAR_TYPE = 'data'.
  corrpaqual: corrpaqual DISPLAY_TYPE for variable with VAR_TYPE = 'data'.
  rpainfo: rpainfo DISPLAY_TYPE for variable with VAR_TYPE = 'data'.
  nmbot: nmbot DISPLAY_TYPE for variable with VAR_TYPE = 'data'.
  idmqual: idmqual DISPLAY_TYPE for variable with VAR_TYPE = 'data'.
  scvel: scvel DISPLAY_TYPE for variable with VAR_TYPE = 'data'.
  rpaground: rpaground DISPLAY_TYPE for variable with VAR_TYPE = 'data'.
  pot: pot DISPLAY_TYPE for variable with VAR_TYPE = 'data'.
  bx: bx DISPLAY_TYPE for variable with VAR_TYPE = 'data'.
  by: by DISPLAY_TYPE for variable with VAR_TYPE = 'data'.
  bz: bz DISPLAY_TYPE for variable with VAR_TYPE = 'data'.
  corvelx: corvelx DISPLAY_TYPE for variable with VAR_TYPE = 'data'.
  corvely: corvely DISPLAY_TYPE for variable with VAR_TYPE = 'data'.
  corvelz: corvelz DISPLAY_TYPE for variable with VAR_TYPE = 'data'.
DN_MAGN-L2-HIRES_G08 | ISTP.DISPLAY_TYPE.Missing:
  b_total: b_total DISPLAY_TYPE for variable with VAR_TYPE = 'data'.
  b_quality: b_quality DISPLAY_TYPE for variable with VAR_TYPE = 'data'.
DN_MAGN-L2-HIRES_G09 | ISTP.DISPLAY_TYPE.Missing:
  b_total: b_total DISPLAY_TYPE for variable with VAR_TYPE = 'data'.
  b_quality: b_quality DISPLAY_TYPE for variable with VAR_TYPE = 'data'.
DN_MAGN-L2-HIRES_G10 | ISTP.DISPLAY_TYPE.Missing:
  b_total: b_total DISPLAY_TYPE for variable with VAR_TYPE = 'data'.
  b_quality: b_quality DISPLAY_TYPE for variable with VAR_TYPE = 'data'.
DN_MAGN-L2-HIRES_G11 | ISTP.DISPLAY_TYPE.Missing:
  b_total: b_total DISPLAY_TYPE for variable with VAR_TYPE = 'data'.
  b_quality: b_quality DISPLAY_TYPE for variable with VAR_TYPE = 'data'.
DN_MAGN-L2-HIRES_G12 | ISTP.DISPLAY_TYPE.Missing:
  b_total: b_total DISPLAY_TYPE for variable with VAR_TYPE = 'data'.
  b_quality: b_quality DISPLAY_TYPE for variable with VAR_TYPE = 'data'.
DN_MAGN-L2-HIRES_G13 | ISTP.DISPLAY_TYPE.Missing:
  b_total: b_total DISPLAY_TYPE for variable with VAR_TYPE = 'data'.
  b_quality: b_quality DISPLAY_TYPE for variable with VAR_TYPE = 'data'.
DN_MAGN-L2-HIRES_G14 | ISTP.DISPLAY_TYPE.Missing:
  b_total: b_total DISPLAY_TYPE for variable with VAR_TYPE = 'data'.
  b_quality: b_quality DISPLAY_TYPE for variable with VAR_TYPE = 'data'.
DN_MAGN-L2-HIRES_G15 | ISTP.DISPLAY_TYPE.Missing:
  b_total: b_total DISPLAY_TYPE for variable with VAR_TYPE = 'data'.
  b_quality: b_quality DISPLAY_TYPE for variable with VAR_TYPE = 'data'.
DN_MAGN-L2-HIRES_G16 | ISTP.DISPLAY_TYPE.Missing:
  b_total: b_total DISPLAY_TYPE for variable with VAR_TYPE = 'data'.
  DQF: DQF DISPLAY_TYPE for variable with VAR_TYPE = 'data'.
DN_MAGN-L2-HIRES_G17 | ISTP.DISPLAY_TYPE.Missing:
  b_total: b_total DISPLAY_TYPE for variable with VAR_TYPE = 'data'.
  DQF: DQF DISPLAY_TYPE for variable with VAR_TYPE = 'data'.
DN_MAGN-L2-HIRES_G18 | ISTP.DISPLAY_TYPE.Missing:
  b_total: b_total DISPLAY_TYPE for variable with VAR_TYPE = 'data'.
  b_epn: b_epn DISPLAY_TYPE for variable with VAR_TYPE = 'data'.
  b_eci: b_eci DISPLAY_TYPE for variable with VAR_TYPE = 'data'.
  b_gse: b_gse DISPLAY_TYPE for variable with VAR_TYPE = 'data'.
  DQF: DQF DISPLAY_TYPE for variable with VAR_TYPE = 'data'.
DSCOVR_H1_FC | ISTP.DISPLAY_TYPE.Missing:
  DQF: DQF DISPLAY_TYPE for variable with VAR_TYPE = 'data'.
DYNAMO-2_DESA_NX02A-ESA-FLUX | ISTP.DISPLAY_TYPE.Missing:
  DESA_NX_02A_ESA_L1A_COUNTS: DESA_NX_02A_ESA_L1A_COUNTS DISPLAY_TYPE for variable with VAR_TYPE = 'data'.
  DESA_NX_02A_ESA_L2_DEF: DESA_NX_02A_ESA_L2_DEF DISPLAY_TYPE for variable with VAR_TYPE = 'data'.
  DESA_NX_02A_ESA_L2_DEF_SC_POT_CORRECTED: DESA_NX_02A_ESA_L2_DEF_SC_POT_CORRECTED DISPLAY_TYPE for variable with VAR_TYPE = 'data'.
  DESA_NX_02A_ALTITUDE: DESA_NX_02A_ALTITUDE DISPLAY_TYPE for variable with VAR_TYPE = 'data'.
  DESA_NX_02A_LATITUDE: DESA_NX_02A_LATITUDE DISPLAY_TYPE for variable with VAR_TYPE = 'data'.
  DESA_NX_02A_LONGITUDE: DESA_NX_02A_LONGITUDE DISPLAY_TYPE for variable with VAR_TYPE = 'data'.
ELA_L1_EPDEF | ISTP.DISPLAY_TYPE.Missing:
  ela_pef_spinper: ela_pef_spinper DISPLAY_TYPE for variable with VAR_TYPE = 'data'.
ELA_L1_STATE_DEFN | ISTP.DISPLAY_TYPE.Missing:
  ela_att_solution_date: ela_att_solution_date DISPLAY_TYPE for variable with VAR_TYPE = 'data'.
  ela_spin_orbnorm_angle: ela_spin_orbnorm_angle DISPLAY_TYPE for variable with VAR_TYPE = 'data'.
  ela_spin_sun_angle: ela_spin_sun_angle DISPLAY_TYPE for variable with VAR_TYPE = 'data'.
ELA_L1_STATE_PRED | ISTP.DISPLAY_TYPE.Missing:
  ela_spin_orbnorm_angle: ela_spin_orbnorm_angle DISPLAY_TYPE for variable with VAR_TYPE = 'data'.
  ela_spin_sun_angle: ela_spin_sun_angle DISPLAY_TYPE for variable with VAR_TYPE = 'data'.
ELB_L1_EPDEF | ISTP.DISPLAY_TYPE.Missing:
  elb_pef_spinper: elb_pef_spinper DISPLAY_TYPE for variable with VAR_TYPE = 'data'.
ELB_L1_EPDIF | ISTP.DISPLAY_TYPE.Missing:
  elb_pif_spinper: elb_pif_spinper DISPLAY_TYPE for variable with VAR_TYPE = 'data'.
ELB_L1_STATE_DEFN | ISTP.DISPLAY_TYPE.Missing:
  elb_att_solution_date: elb_att_solution_date DISPLAY_TYPE for variable with VAR_TYPE = 'data'.
  elb_spin_orbnorm_angle: elb_spin_orbnorm_angle DISPLAY_TYPE for variable with VAR_TYPE = 'data'.
  elb_spin_sun_angle: elb_spin_sun_angle DISPLAY_TYPE for variable with VAR_TYPE = 'data'.
ELB_L1_STATE_PRED | ISTP.DISPLAY_TYPE.Missing:
  elb_spin_orbnorm_angle: elb_spin_orbnorm_angle DISPLAY_TYPE for variable with VAR_TYPE = 'data'.
  elb_spin_sun_angle: elb_spin_sun_angle DISPLAY_TYPE for variable with VAR_TYPE = 'data'.
ENDURANCE_L1A_PES | ISTP.DISPLAY_TYPE.Missing:
  stp_count_PES: stp_count_PES DISPLAY_TYPE for variable with VAR_TYPE = 'data'.
  PES_A_counts: PES_A_counts DISPLAY_TYPE for variable with VAR_TYPE = 'data'.
  PES_HV_mon: PES_HV_mon DISPLAY_TYPE for variable with VAR_TYPE = 'data'.
  PES_ESA_mon: PES_ESA_mon DISPLAY_TYPE for variable with VAR_TYPE = 'data'.
  PES_RPA_mon: PES_RPA_mon DISPLAY_TYPE for variable with VAR_TYPE = 'data'.
  PES_CEM_mon: PES_CEM_mon DISPLAY_TYPE for variable with VAR_TYPE = 'data'.
ENDURANCE_L2-ESA_PES | ISTP.DISPLAY_TYPE.Missing:
  PES_A_ESA_DEF: PES_A_ESA_DEF DISPLAY_TYPE for variable with VAR_TYPE = 'data'.
  PES_B_ESA_DEF: PES_B_ESA_DEF DISPLAY_TYPE for variable with VAR_TYPE = 'data'.
ENDURANCE_L2-GF_PES | ISTP.DISPLAY_TYPE.Missing:
  PES_A_GF: PES_A_GF DISPLAY_TYPE for variable with VAR_TYPE = 'data'.
  PES_B_GF: PES_B_GF DISPLAY_TYPE for variable with VAR_TYPE = 'data'.
ENDURANCE_L2-RPA_PES | ISTP.DISPLAY_TYPE.Missing:
  PES_A_RPA_DEF: PES_A_RPA_DEF DISPLAY_TYPE for variable with VAR_TYPE = 'data'.
  PES_B_RPA_DEF: PES_B_RPA_DEF DISPLAY_TYPE for variable with VAR_TYPE = 'data'.
  PES_A_RPA_DEF_CORR: PES_A_RPA_DEF_CORR DISPLAY_TYPE for variable with VAR_TYPE = 'data'.
  PES_B_RPA_DEF_CORR: PES_B_RPA_DEF_CORR DISPLAY_TYPE for variable with VAR_TYPE = 'data'.
  energy: energy DISPLAY_TYPE for variable with VAR_TYPE = 'data'.
ENDURANCE_L3_PES | ISTP.DISPLAY_TYPE.Missing:
  alt: alt DISPLAY_TYPE for variable with VAR_TYPE = 'data'.
  Potential_Drop: Potential_Drop DISPLAY_TYPE for variable with VAR_TYPE = 'data'.
  Potential_Drop_Error: Potential_Drop_Error DISPLAY_TYPE for variable with VAR_TYPE = 'data'.
EQ_PP_AUX | ISTP.DISPLAY_TYPE.Missing:
  sc_r_xyz_gse%eq_pp_aux: sc_r_xyz_gse%eq_pp_aux DISPLAY_TYPE for variable with VAR_TYPE = 'data'.
  sc_v_xyz_gse%eq_pp_aux: sc_v_xyz_gse%eq_pp_aux DISPLAY_TYPE for variable with VAR_TYPE = 'data'.
  sc_at_lat%eq_pp_aux: sc_at_lat%eq_pp_aux DISPLAY_TYPE for variable with VAR_TYPE = 'data'.
  sc_at_long%eq_pp_aux: sc_at_long%eq_pp_aux DISPLAY_TYPE for variable with VAR_TYPE = 'data'.
  tm_rate%eq_pp_aux: tm_rate%eq_pp_aux DISPLAY_TYPE for variable with VAR_TYPE = 'data'.
  gse_gsm%eq_pp_aux: gse_gsm%eq_pp_aux DISPLAY_TYPE for variable with VAR_TYPE = 'data'.
  dipole_tilt%eq_pp_aux: dipole_tilt%eq_pp_aux DISPLAY_TYPE for variable with VAR_TYPE = 'data'.
EQ_PP_EDI | ISTP.DISPLAY_TYPE.Missing:
  V_ed_xyz_gse%eq_pp_edi: V_ed_xyz_gse%eq_pp_edi DISPLAY_TYPE for variable with VAR_TYPE = 'data'.
  E_xyz_gse%eq_pp_edi: E_xyz_gse%eq_pp_edi DISPLAY_TYPE for variable with VAR_TYPE = 'data'.
EQ_PP_EPI | ISTP.DISPLAY_TYPE.Missing:
  J_e_1%eq_pp_epi: J_e_1%eq_pp_epi DISPLAY_TYPE for variable with VAR_TYPE = 'data'.
  J_e_2%eq_pp_epi: J_e_2%eq_pp_epi DISPLAY_TYPE for variable with VAR_TYPE = 'data'.
  J_e_3%eq_pp_epi: J_e_3%eq_pp_epi DISPLAY_TYPE for variable with VAR_TYPE = 'data'.
  J_p_1%eq_pp_epi: J_p_1%eq_pp_epi DISPLAY_TYPE for variable with VAR_TYPE = 'data'.
  J_p_2%eq_pp_epi: J_p_2%eq_pp_epi DISPLAY_TYPE for variable with VAR_TYPE = 'data'.
  J_p_3%eq_pp_epi: J_p_3%eq_pp_epi DISPLAY_TYPE for variable with VAR_TYPE = 'data'.
EQ_PP_MAM | ISTP.DISPLAY_TYPE.Missing:
  B_xyz_gse%eq_pp_mam: B_xyz_gse%eq_pp_mam DISPLAY_TYPE for variable with VAR_TYPE = 'data'.
  B_nsigma_t%eq_pp_mam: B_nsigma_t%eq_pp_mam DISPLAY_TYPE for variable with VAR_TYPE = 'data'.
  B_nsigma_b%eq_pp_mam: B_nsigma_b%eq_pp_mam DISPLAY_TYPE for variable with VAR_TYPE = 'data'.
EQ_PP_PCD | ISTP.DISPLAY_TYPE.Missing:
  I_ion%eq_pp_pcd: I_ion%eq_pp_pcd DISPLAY_TYPE for variable with VAR_TYPE = 'data'.
EQ_SP_SFD | ISTP.DISPLAY_TYPE.Missing:
  F_e>0.26%eq_sp_sfd: F_e>0.26%eq_sp_sfd DISPLAY_TYPE for variable with VAR_TYPE = 'data'.
  F_e>0.44%eq_sp_sfd: F_e>0.44%eq_sp_sfd DISPLAY_TYPE for variable with VAR_TYPE = 'data'.
  F_e>1.9%eq_sp_sfd: F_e>1.9%eq_sp_sfd DISPLAY_TYPE for variable with VAR_TYPE = 'data'.
  F_p>6.3%eq_sp_sfd: F_p>6.3%eq_sp_sfd DISPLAY_TYPE for variable with VAR_TYPE = 'data'.
  F_p>9.5%eq_sp_sfd: F_p>9.5%eq_sp_sfd DISPLAY_TYPE for variable with VAR_TYPE = 'data'.
  F_p>34.9%eq_sp_sfd: F_p>34.9%eq_sp_sfd DISPLAY_TYPE for variable with VAR_TYPE = 'data'.
ERG_PWE_OFA_L2_SPEC | ISTP.DISPLAY_TYPE.Missing:
  ti_corrected_e132: ti_corrected_e132 DISPLAY_TYPE for variable with VAR_TYPE = 'data'.
  swpia_cnt_e132: swpia_cnt_e132 DISPLAY_TYPE for variable with VAR_TYPE = 'data'.
  cmp_e132: cmp_e132 DISPLAY_TYPE for variable with VAR_TYPE = 'data'.
  ch_e132: ch_e132 DISPLAY_TYPE for variable with VAR_TYPE = 'data'.
  obs_cal_e132: obs_cal_e132 DISPLAY_TYPE for variable with VAR_TYPE = 'data'.
  main_amp_gain_e132: main_amp_gain_e132 DISPLAY_TYPE for variable with VAR_TYPE = 'data'.
  lpf_e132: lpf_e132 DISPLAY_TYPE for variable with VAR_TYPE = 'data'.
  sampling_rate_e132: sampling_rate_e132 DISPLAY_TYPE for variable with VAR_TYPE = 'data'.
  wpt_ac_gain_e132: wpt_ac_gain_e132 DISPLAY_TYPE for variable with VAR_TYPE = 'data'.
  ti_original_e132: ti_original_e132 DISPLAY_TYPE for variable with VAR_TYPE = 'data'.
  cal_table_id_e132: cal_table_id_e132 DISPLAY_TYPE for variable with VAR_TYPE = 'data'.
  ti_corrected_b132: ti_corrected_b132 DISPLAY_TYPE for variable with VAR_TYPE = 'data'.
  swpia_cnt_b132: swpia_cnt_b132 DISPLAY_TYPE for variable with VAR_TYPE = 'data'.
  cmp_b132: cmp_b132 DISPLAY_TYPE for variable with VAR_TYPE = 'data'.
  ch_b132: ch_b132 DISPLAY_TYPE for variable with VAR_TYPE = 'data'.
  obs_cal_b132: obs_cal_b132 DISPLAY_TYPE for variable with VAR_TYPE = 'data'.
  main_amp_gain_b132: main_amp_gain_b132 DISPLAY_TYPE for variable with VAR_TYPE = 'data'.
  lpf_b132: lpf_b132 DISPLAY_TYPE for variable with VAR_TYPE = 'data'.
  sampling_rate_b132: sampling_rate_b132 DISPLAY_TYPE for variable with VAR_TYPE = 'data'.
  mscpa_gain_b132: mscpa_gain_b132 DISPLAY_TYPE for variable with VAR_TYPE = 'data'.
  ti_original_b132: ti_original_b132 DISPLAY_TYPE for variable with VAR_TYPE = 'data'.
  cal_table_id_b132: cal_table_id_b132 DISPLAY_TYPE for variable with VAR_TYPE = 'data'.
FA_ESA_L2_EEB | ISTP.DISPLAY_TYPE.Missing:
  compno_96: compno_96 DISPLAY_TYPE for variable with VAR_TYPE = 'data'.
  compno_64: compno_64 DISPLAY_TYPE for variable with VAR_TYPE = 'data'.
FA_ESA_L2_EES | ISTP.DISPLAY_TYPE.Missing:
  compno_96: compno_96 DISPLAY_TYPE for variable with VAR_TYPE = 'data'.
  compno_64: compno_64 DISPLAY_TYPE for variable with VAR_TYPE = 'data'.
FA_ESA_L2_IEB | ISTP.DISPLAY_TYPE.Missing:
  compno_96: compno_96 DISPLAY_TYPE for variable with VAR_TYPE = 'data'.
  compno_64: compno_64 DISPLAY_TYPE for variable with VAR_TYPE = 'data'.
FA_ESA_L2_IES | ISTP.DISPLAY_TYPE.Missing:
  compno_96: compno_96 DISPLAY_TYPE for variable with VAR_TYPE = 'data'.
  compno_64: compno_64 DISPLAY_TYPE for variable with VAR_TYPE = 'data'.
G10_L2_MAG | ISTP.DISPLAY_TYPE.Missing:
  g10_t1_counts: g10_t1_counts DISPLAY_TYPE for variable with VAR_TYPE = 'data'.
  g10_t2_counts: g10_t2_counts DISPLAY_TYPE for variable with VAR_TYPE = 'data'.
  g10_dataqual: g10_dataqual DISPLAY_TYPE for variable with VAR_TYPE = 'data'.
G11_L2_MAG | ISTP.DISPLAY_TYPE.Missing:
  g11_t1_counts: g11_t1_counts DISPLAY_TYPE for variable with VAR_TYPE = 'data'.
  g11_t2_counts: g11_t2_counts DISPLAY_TYPE for variable with VAR_TYPE = 'data'.
  g11_dataqual: g11_dataqual DISPLAY_TYPE for variable with VAR_TYPE = 'data'.
G12_L2_MAG | ISTP.DISPLAY_TYPE.Missing:
  g12_t1_counts: g12_t1_counts DISPLAY_TYPE for variable with VAR_TYPE = 'data'.
  g12_t2_counts: g12_t2_counts DISPLAY_TYPE for variable with VAR_TYPE = 'data'.
  g12_dataqual: g12_dataqual DISPLAY_TYPE for variable with VAR_TYPE = 'data'.
GE_EDA12SEC_LEP | ISTP.DISPLAY_TYPE.Missing:
  Ni: Ni DISPLAY_TYPE for variable with VAR_TYPE = 'data'.
  T: T DISPLAY_TYPE for variable with VAR_TYPE = 'data'.
  Sensor: Sensor DISPLAY_TYPE for variable with VAR_TYPE = 'data'.
  scan_code: scan_code DISPLAY_TYPE for variable with VAR_TYPE = 'data'.
  VGSE: VGSE DISPLAY_TYPE for variable with VAR_TYPE = 'data'.
  XYZGSE: XYZGSE DISPLAY_TYPE for variable with VAR_TYPE = 'data'.
  VGSM: VGSM DISPLAY_TYPE for variable with VAR_TYPE = 'data'.
  XYZGSM: XYZGSM DISPLAY_TYPE for variable with VAR_TYPE = 'data'.
  VSM: VSM DISPLAY_TYPE for variable with VAR_TYPE = 'data'.
  XYZSM: XYZSM DISPLAY_TYPE for variable with VAR_TYPE = 'data'.
GE_EDA3SEC_MGF | ISTP.DISPLAY_TYPE.Missing:
  BGSE: BGSE DISPLAY_TYPE for variable with VAR_TYPE = 'data'.
  XYZGSE: XYZGSE DISPLAY_TYPE for variable with VAR_TYPE = 'data'.
  BGSM: BGSM DISPLAY_TYPE for variable with VAR_TYPE = 'data'.
  XYZGSM: XYZGSM DISPLAY_TYPE for variable with VAR_TYPE = 'data'.
  BSM: BSM DISPLAY_TYPE for variable with VAR_TYPE = 'data'.
  XYZSM: XYZSM DISPLAY_TYPE for variable with VAR_TYPE = 'data'.
  XYZstdev: XYZstdev DISPLAY_TYPE for variable with VAR_TYPE = 'data'.
GE_EDB12SEC_LEP | ISTP.DISPLAY_TYPE.Missing:
  Ni: Ni DISPLAY_TYPE for variable with VAR_TYPE = 'data'.
  T: T DISPLAY_TYPE for variable with VAR_TYPE = 'data'.
  Sensor: Sensor DISPLAY_TYPE for variable with VAR_TYPE = 'data'.
  scan_code: scan_code DISPLAY_TYPE for variable with VAR_TYPE = 'data'.
  VGSE: VGSE DISPLAY_TYPE for variable with VAR_TYPE = 'data'.
  XYZGSE: XYZGSE DISPLAY_TYPE for variable with VAR_TYPE = 'data'.
  VGSM: VGSM DISPLAY_TYPE for variable with VAR_TYPE = 'data'.
  XYZGSM: XYZGSM DISPLAY_TYPE for variable with VAR_TYPE = 'data'.
  VSM: VSM DISPLAY_TYPE for variable with VAR_TYPE = 'data'.
  XYZSM: XYZSM DISPLAY_TYPE for variable with VAR_TYPE = 'data'.
GE_EDB3SEC_MGF | ISTP.DISPLAY_TYPE.Missing:
  BGSE: BGSE DISPLAY_TYPE for variable with VAR_TYPE = 'data'.
  XYZGSE: XYZGSE DISPLAY_TYPE for variable with VAR_TYPE = 'data'.
  BGSM: BGSM DISPLAY_TYPE for variable with VAR_TYPE = 'data'.
  XYZGSM: XYZGSM DISPLAY_TYPE for variable with VAR_TYPE = 'data'.
  BSM: BSM DISPLAY_TYPE for variable with VAR_TYPE = 'data'.
  XYZSM: XYZSM DISPLAY_TYPE for variable with VAR_TYPE = 'data'.
  XYZstdev: XYZstdev DISPLAY_TYPE for variable with VAR_TYPE = 'data'.
GOLD_L2_NMAX | ISTP.DISPLAY_TYPE.Missing:
  dqi: dqi DISPLAY_TYPE for variable with VAR_TYPE = 'data'.
GOLD_L2_ON2 | ISTP.DISPLAY_TYPE.Missing:
  dqi: dqi DISPLAY_TYPE for variable with VAR_TYPE = 'data'.
GOLD_L2_TDISK | ISTP.DISPLAY_TYPE.Missing:
  dqi: dqi DISPLAY_TYPE for variable with VAR_TYPE = 'data'.
I1_NEPROF_TOPS | ISTP.DISPLAY_TYPE.Missing:
  tec: tec DISPLAY_TYPE for variable with VAR_TYPE = 'data'.
  tec_iri: tec_iri DISPLAY_TYPE for variable with VAR_TYPE = 'data'.
  IRI_F2peak: IRI_F2peak DISPLAY_TYPE for variable with VAR_TYPE = 'data'.
  IRI_F2peakHeight: IRI_F2peakHeight DISPLAY_TYPE for variable with VAR_TYPE = 'data'.
  numDataPoints: numDataPoints DISPLAY_TYPE for variable with VAR_TYPE = 'data'.
  qualityIndex: qualityIndex DISPLAY_TYPE for variable with VAR_TYPE = 'data'.
  lon: lon DISPLAY_TYPE for variable with VAR_TYPE = 'data'.
  lat: lat DISPLAY_TYPE for variable with VAR_TYPE = 'data'.
  dip: dip DISPLAY_TYPE for variable with VAR_TYPE = 'data'.
  L: L DISPLAY_TYPE for variable with VAR_TYPE = 'data'.
  sza: sza DISPLAY_TYPE for variable with VAR_TYPE = 'data'.
  sunspotNumber: sunspotNumber DISPLAY_TYPE for variable with VAR_TYPE = 'data'.
  IGindex: IGindex DISPLAY_TYPE for variable with VAR_TYPE = 'data'.
I2_NEPROF_TOPIST | ISTP.DISPLAY_TYPE.Missing:
  alt: alt DISPLAY_TYPE for variable with VAR_TYPE = 'data'.
  lon: lon DISPLAY_TYPE for variable with VAR_TYPE = 'data'.
  lat: lat DISPLAY_TYPE for variable with VAR_TYPE = 'data'.
  mlt: mlt DISPLAY_TYPE for variable with VAR_TYPE = 'data'.
  sza: sza DISPLAY_TYPE for variable with VAR_TYPE = 'data'.
  L: L DISPLAY_TYPE for variable with VAR_TYPE = 'data'.
  ilat: ilat DISPLAY_TYPE for variable with VAR_TYPE = 'data'.
  diplat: diplat DISPLAY_TYPE for variable with VAR_TYPE = 'data'.
  invdip: invdip DISPLAY_TYPE for variable with VAR_TYPE = 'data'.
  mlat: mlat DISPLAY_TYPE for variable with VAR_TYPE = 'data'.
  mlon: mlon DISPLAY_TYPE for variable with VAR_TYPE = 'data'.
I2_NEPROF_TOPS | ISTP.DISPLAY_TYPE.Missing:
  tec: tec DISPLAY_TYPE for variable with VAR_TYPE = 'data'.
  tec_iri: tec_iri DISPLAY_TYPE for variable with VAR_TYPE = 'data'.
  IRI_F2peak: IRI_F2peak DISPLAY_TYPE for variable with VAR_TYPE = 'data'.
  IRI_F2peakHeight: IRI_F2peakHeight DISPLAY_TYPE for variable with VAR_TYPE = 'data'.
  numDataPoints: numDataPoints DISPLAY_TYPE for variable with VAR_TYPE = 'data'.
  qualityIndex: qualityIndex DISPLAY_TYPE for variable with VAR_TYPE = 'data'.
  lon: lon DISPLAY_TYPE for variable with VAR_TYPE = 'data'.
  lat: lat DISPLAY_TYPE for variable with VAR_TYPE = 'data'.
  dip: dip DISPLAY_TYPE for variable with VAR_TYPE = 'data'.
  L: L DISPLAY_TYPE for variable with VAR_TYPE = 'data'.
  sza: sza DISPLAY_TYPE for variable with VAR_TYPE = 'data'.
  sunspotNumber: sunspotNumber DISPLAY_TYPE for variable with VAR_TYPE = 'data'.
  IGindex: IGindex DISPLAY_TYPE for variable with VAR_TYPE = 'data'.
I8_H0_MITPLASMA | ISTP.DISPLAY_TYPE.Missing:
  Spacecraft: Spacecraft DISPLAY_TYPE for variable with VAR_TYPE = 'data'.
  decimal_year: decimal_year DISPLAY_TYPE for variable with VAR_TYPE = 'data'.
  Region: Region DISPLAY_TYPE for variable with VAR_TYPE = 'data'.
  mode: mode DISPLAY_TYPE for variable with VAR_TYPE = 'data'.
  V_fit: V_fit DISPLAY_TYPE for variable with VAR_TYPE = 'data'.
  V_fit_rfilt: V_fit_rfilt DISPLAY_TYPE for variable with VAR_TYPE = 'data'.
  V_mom: V_mom DISPLAY_TYPE for variable with VAR_TYPE = 'data'.
  V_mom_rfilt: V_mom_rfilt DISPLAY_TYPE for variable with VAR_TYPE = 'data'.
  protonV_thermal_fit: protonV_thermal_fit DISPLAY_TYPE for variable with VAR_TYPE = 'data'.
  protonV_thermal_fit_rfilt: protonV_thermal_fit_rfilt DISPLAY_TYPE for variable with VAR_TYPE = 'data'.
  protonV_thermal_mom: protonV_thermal_mom DISPLAY_TYPE for variable with VAR_TYPE = 'data'.
  protonV_thermal_mom_rfilt: protonV_thermal_mom_rfilt DISPLAY_TYPE for variable with VAR_TYPE = 'data'.
  proton_density_fit: proton_density_fit DISPLAY_TYPE for variable with VAR_TYPE = 'data'.
  proton_density_fit_rfilt: proton_density_fit_rfilt DISPLAY_TYPE for variable with VAR_TYPE = 'data'.
  proton_density_mom: proton_density_mom DISPLAY_TYPE for variable with VAR_TYPE = 'data'.
  proton_density_mom_rfilt: proton_density_mom_rfilt DISPLAY_TYPE for variable with VAR_TYPE = 'data'.
  EW_flowangle_best: EW_flowangle_best DISPLAY_TYPE for variable with VAR_TYPE = 'data'.
  EW_flowangle_best_rfilt: EW_flowangle_best_rfilt DISPLAY_TYPE for variable with VAR_TYPE = 'data'.
  EW_flowangle_mom: EW_flowangle_mom DISPLAY_TYPE for variable with VAR_TYPE = 'data'.
  EW_flowangle_mom_rfilt: EW_flowangle_mom_rfilt DISPLAY_TYPE for variable with VAR_TYPE = 'data'.
  Flow_elevation_threshsp: Flow_elevation_threshsp DISPLAY_TYPE for variable with VAR_TYPE = 'data'.
  Flow_elevation_threshsp_rfilt: Flow_elevation_threshsp_rfilt DISPLAY_TYPE for variable with VAR_TYPE = 'data'.
  Flow_elevation_thresh: Flow_elevation_thresh DISPLAY_TYPE for variable with VAR_TYPE = 'data'.
  Flow_elevation_thresh_rfilt: Flow_elevation_thresh_rfilt DISPLAY_TYPE for variable with VAR_TYPE = 'data'.
IM_K0_RPI | ISTP.DISPLAY_TYPE.Missing:
  ProgramSpecs: ProgramSpecs DISPLAY_TYPE for variable with VAR_TYPE = 'data'.
IM_K0_SIE | ISTP.DISPLAY_TYPE.Missing:
  ORB_X: ORB_X DISPLAY_TYPE for variable with VAR_TYPE = 'data'.
  ORB_Y: ORB_Y DISPLAY_TYPE for variable with VAR_TYPE = 'data'.
  ORB_Z: ORB_Z DISPLAY_TYPE for variable with VAR_TYPE = 'data'.
IM_K0_SIP | ISTP.DISPLAY_TYPE.Missing:
  ORB_X: ORB_X DISPLAY_TYPE for variable with VAR_TYPE = 'data'.
  ORB_Y: ORB_Y DISPLAY_TYPE for variable with VAR_TYPE = 'data'.
  ORB_Z: ORB_Z DISPLAY_TYPE for variable with VAR_TYPE = 'data'.
IM_K1_RPI | ISTP.DISPLAY_TYPE.Missing:
  ProgramSpecs: ProgramSpecs DISPLAY_TYPE for variable with VAR_TYPE = 'data'.
ISS_27DAY-AVERAGES_AMS-02 | ISTP.DISPLAY_TYPE.Missing:
  BR: BR DISPLAY_TYPE for variable with VAR_TYPE = 'data'.
  HeFlux_TotErr: HeFlux_TotErr DISPLAY_TYPE for variable with VAR_TYPE = 'data'.
  HeFlux_StatErr: HeFlux_StatErr DISPLAY_TYPE for variable with VAR_TYPE = 'data'.
  HeFlux_TimeErr: HeFlux_TimeErr DISPLAY_TYPE for variable with VAR_TYPE = 'data'.
  HeFlux_SystErr: HeFlux_SystErr DISPLAY_TYPE for variable with VAR_TYPE = 'data'.
MESSENGER_MAG_RTN | ISTP.DISPLAY_TYPE.Missing:
  Epoch_cadence: Epoch_cadence DISPLAY_TYPE for variable with VAR_TYPE = 'data'.
MMS1_EDI_BRST_L2_AMB | ISTP.DISPLAY_TYPE.Missing:
  mms1_edi_optics_state_brst_l2: mms1_edi_optics_state_brst_l2 DISPLAY_TYPE for variable with VAR_TYPE = 'data'.
  mms1_edi_energy_gdu1_brst_l2: mms1_edi_energy_gdu1_brst_l2 DISPLAY_TYPE for variable with VAR_TYPE = 'data'.
  mms1_edi_energy_gdu2_brst_l2: mms1_edi_energy_gdu2_brst_l2 DISPLAY_TYPE for variable with VAR_TYPE = 'data'.
MMS1_EDI_BRST_L2_AMB-PM2 | ISTP.DISPLAY_TYPE.Missing:
  mms1_edi_optics_state_brst_l2: mms1_edi_optics_state_brst_l2 DISPLAY_TYPE for variable with VAR_TYPE = 'data'.
  mms1_edi_energy_gdu1_brst_l2: mms1_edi_energy_gdu1_brst_l2 DISPLAY_TYPE for variable with VAR_TYPE = 'data'.
  mms1_edi_energy_gdu2_brst_l2: mms1_edi_energy_gdu2_brst_l2 DISPLAY_TYPE for variable with VAR_TYPE = 'data'.
MMS1_EDI_BRST_L2_Q0 | ISTP.DISPLAY_TYPE.Missing:
  mms1_edi_optics_state_brst_l2: mms1_edi_optics_state_brst_l2 DISPLAY_TYPE for variable with VAR_TYPE = 'data'.
  mms1_edi_energy_gdu1_brst_l2: mms1_edi_energy_gdu1_brst_l2 DISPLAY_TYPE for variable with VAR_TYPE = 'data'.
  mms1_edi_energy_gdu2_brst_l2: mms1_edi_energy_gdu2_brst_l2 DISPLAY_TYPE for variable with VAR_TYPE = 'data'.
MMS1_EDI_SRVY_L2_AMB | ISTP.DISPLAY_TYPE.Missing:
  mms1_edi_optics_state_srvy_l2: mms1_edi_optics_state_srvy_l2 DISPLAY_TYPE for variable with VAR_TYPE = 'data'.
  mms1_edi_energy_gdu1_srvy_l2: mms1_edi_energy_gdu1_srvy_l2 DISPLAY_TYPE for variable with VAR_TYPE = 'data'.
  mms1_edi_energy_gdu2_srvy_l2: mms1_edi_energy_gdu2_srvy_l2 DISPLAY_TYPE for variable with VAR_TYPE = 'data'.
MMS1_EDI_SRVY_L2_AMB-PM2 | ISTP.DISPLAY_TYPE.Missing:
  mms1_edi_optics_state_srvy_l2: mms1_edi_optics_state_srvy_l2 DISPLAY_TYPE for variable with VAR_TYPE = 'data'.
  mms1_edi_energy_gdu1_srvy_l2: mms1_edi_energy_gdu1_srvy_l2 DISPLAY_TYPE for variable with VAR_TYPE = 'data'.
  mms1_edi_energy_gdu2_srvy_l2: mms1_edi_energy_gdu2_srvy_l2 DISPLAY_TYPE for variable with VAR_TYPE = 'data'.
MMS1_EDI_SRVY_L2_Q0 | ISTP.DISPLAY_TYPE.Missing:
  mms1_edi_optics_state_srvy_l2: mms1_edi_optics_state_srvy_l2 DISPLAY_TYPE for variable with VAR_TYPE = 'data'.
  mms1_edi_energy_gdu1_srvy_l2: mms1_edi_energy_gdu1_srvy_l2 DISPLAY_TYPE for variable with VAR_TYPE = 'data'.
  mms1_edi_energy_gdu2_srvy_l2: mms1_edi_energy_gdu2_srvy_l2 DISPLAY_TYPE for variable with VAR_TYPE = 'data'.
MMS1_EDP_BRST_L2_DCE | ISTP.DISPLAY_TYPE.Missing:
  mms1_edp_quality_brst_l2: mms1_edp_quality_brst_l2 DISPLAY_TYPE for variable with VAR_TYPE = 'data'.
MMS1_EDP_FAST_L2_DCE | ISTP.DISPLAY_TYPE.Missing:
  mms1_edp_quality_fast_l2: mms1_edp_quality_fast_l2 DISPLAY_TYPE for variable with VAR_TYPE = 'data'.
MMS1_EDP_SLOW_L2_DCE | ISTP.DISPLAY_TYPE.Missing:
  mms1_edp_quality_slow_l2: mms1_edp_quality_slow_l2 DISPLAY_TYPE for variable with VAR_TYPE = 'data'.
MMS1_FPI_BRST_L2_DES-DIST | ISTP.DISPLAY_TYPE.Missing:
  mms1_des_avgf1counts_brst: mms1_des_avgf1counts_brst DISPLAY_TYPE for variable with VAR_TYPE = 'data'.
MMS1_FPI_BRST_L2_DIS-DIST | ISTP.DISPLAY_TYPE.Missing:
  mms1_dis_avgf1counts_brst: mms1_dis_avgf1counts_brst DISPLAY_TYPE for variable with VAR_TYPE = 'data'.
MMS1_FPI_FAST_L2_DES-DIST | ISTP.DISPLAY_TYPE.Missing:
  mms1_des_avgf1counts_fast: mms1_des_avgf1counts_fast DISPLAY_TYPE for variable with VAR_TYPE = 'data'.
MMS1_FPI_FAST_L2_DIS-DIST | ISTP.DISPLAY_TYPE.Missing:
  mms1_dis_avgf1counts_fast: mms1_dis_avgf1counts_fast DISPLAY_TYPE for variable with VAR_TYPE = 'data'.
MMS1_MEC_BRST_L2_EPHT89D | ISTP.DISPLAY_TYPE.Missing:
  mms1_mec_dipole_tilt: mms1_mec_dipole_tilt DISPLAY_TYPE for variable with VAR_TYPE = 'data'.
  mms1_mec_gmst: mms1_mec_gmst DISPLAY_TYPE for variable with VAR_TYPE = 'data'.
  mms1_mec_mlat: mms1_mec_mlat DISPLAY_TYPE for variable with VAR_TYPE = 'data'.
  mms1_mec_mlt: mms1_mec_mlt DISPLAY_TYPE for variable with VAR_TYPE = 'data'.
  mms1_mec_l_dipole: mms1_mec_l_dipole DISPLAY_TYPE for variable with VAR_TYPE = 'data'.
  mms1_mec_kp: mms1_mec_kp DISPLAY_TYPE for variable with VAR_TYPE = 'data'.
  mms1_mec_dst: mms1_mec_dst DISPLAY_TYPE for variable with VAR_TYPE = 'data'.
  mms1_mec_earth_eclipse_flag: mms1_mec_earth_eclipse_flag DISPLAY_TYPE for variable with VAR_TYPE = 'data'.
  mms1_mec_moon_eclipse_flag: mms1_mec_moon_eclipse_flag DISPLAY_TYPE for variable with VAR_TYPE = 'data'.
  mms1_mec_geod_lat: mms1_mec_geod_lat DISPLAY_TYPE for variable with VAR_TYPE = 'data'.
  mms1_mec_geod_lon: mms1_mec_geod_lon DISPLAY_TYPE for variable with VAR_TYPE = 'data'.
  mms1_mec_geod_height: mms1_mec_geod_height DISPLAY_TYPE for variable with VAR_TYPE = 'data'.
  mms1_mec_fieldline_type: mms1_mec_fieldline_type DISPLAY_TYPE for variable with VAR_TYPE = 'data'.
  mms1_mec_loss_cone_angle_s: mms1_mec_loss_cone_angle_s DISPLAY_TYPE for variable with VAR_TYPE = 'data'.
  mms1_mec_loss_cone_angle_n: mms1_mec_loss_cone_angle_n DISPLAY_TYPE for variable with VAR_TYPE = 'data'.
MMS1_MEC_BRST_L2_EPHT89Q | ISTP.DISPLAY_TYPE.Missing:
  mms1_mec_dipole_tilt: mms1_mec_dipole_tilt DISPLAY_TYPE for variable with VAR_TYPE = 'data'.
  mms1_mec_gmst: mms1_mec_gmst DISPLAY_TYPE for variable with VAR_TYPE = 'data'.
  mms1_mec_mlat: mms1_mec_mlat DISPLAY_TYPE for variable with VAR_TYPE = 'data'.
  mms1_mec_mlt: mms1_mec_mlt DISPLAY_TYPE for variable with VAR_TYPE = 'data'.
  mms1_mec_l_dipole: mms1_mec_l_dipole DISPLAY_TYPE for variable with VAR_TYPE = 'data'.
  mms1_mec_kp: mms1_mec_kp DISPLAY_TYPE for variable with VAR_TYPE = 'data'.
  mms1_mec_dst: mms1_mec_dst DISPLAY_TYPE for variable with VAR_TYPE = 'data'.
  mms1_mec_earth_eclipse_flag: mms1_mec_earth_eclipse_flag DISPLAY_TYPE for variable with VAR_TYPE = 'data'.
  mms1_mec_moon_eclipse_flag: mms1_mec_moon_eclipse_flag DISPLAY_TYPE for variable with VAR_TYPE = 'data'.
  mms1_mec_geod_lat: mms1_mec_geod_lat DISPLAY_TYPE for variable with VAR_TYPE = 'data'.
  mms1_mec_geod_lon: mms1_mec_geod_lon DISPLAY_TYPE for variable with VAR_TYPE = 'data'.
  mms1_mec_geod_height: mms1_mec_geod_height DISPLAY_TYPE for variable with VAR_TYPE = 'data'.
  mms1_mec_fieldline_type: mms1_mec_fieldline_type DISPLAY_TYPE for variable with VAR_TYPE = 'data'.
  mms1_mec_loss_cone_angle_s: mms1_mec_loss_cone_angle_s DISPLAY_TYPE for variable with VAR_TYPE = 'data'.
  mms1_mec_loss_cone_angle_n: mms1_mec_loss_cone_angle_n DISPLAY_TYPE for variable with VAR_TYPE = 'data'.
MMS1_MEC_BRST_L2_EPHTS04D | ISTP.DISPLAY_TYPE.Missing:
  mms1_mec_dipole_tilt: mms1_mec_dipole_tilt DISPLAY_TYPE for variable with VAR_TYPE = 'data'.
  mms1_mec_gmst: mms1_mec_gmst DISPLAY_TYPE for variable with VAR_TYPE = 'data'.
  mms1_mec_mlat: mms1_mec_mlat DISPLAY_TYPE for variable with VAR_TYPE = 'data'.
  mms1_mec_mlt: mms1_mec_mlt DISPLAY_TYPE for variable with VAR_TYPE = 'data'.
  mms1_mec_l_dipole: mms1_mec_l_dipole DISPLAY_TYPE for variable with VAR_TYPE = 'data'.
  mms1_mec_kp: mms1_mec_kp DISPLAY_TYPE for variable with VAR_TYPE = 'data'.
  mms1_mec_dst: mms1_mec_dst DISPLAY_TYPE for variable with VAR_TYPE = 'data'.
  mms1_mec_earth_eclipse_flag: mms1_mec_earth_eclipse_flag DISPLAY_TYPE for variable with VAR_TYPE = 'data'.
  mms1_mec_moon_eclipse_flag: mms1_mec_moon_eclipse_flag DISPLAY_TYPE for variable with VAR_TYPE = 'data'.
  mms1_mec_geod_lat: mms1_mec_geod_lat DISPLAY_TYPE for variable with VAR_TYPE = 'data'.
  mms1_mec_geod_lon: mms1_mec_geod_lon DISPLAY_TYPE for variable with VAR_TYPE = 'data'.
  mms1_mec_geod_height: mms1_mec_geod_height DISPLAY_TYPE for variable with VAR_TYPE = 'data'.
  mms1_mec_fieldline_type: mms1_mec_fieldline_type DISPLAY_TYPE for variable with VAR_TYPE = 'data'.
  mms1_mec_loss_cone_angle_s: mms1_mec_loss_cone_angle_s DISPLAY_TYPE for variable with VAR_TYPE = 'data'.
  mms1_mec_loss_cone_angle_n: mms1_mec_loss_cone_angle_n DISPLAY_TYPE for variable with VAR_TYPE = 'data'.
MMS1_MEC_SRVY_L2_EPHT89D | ISTP.DISPLAY_TYPE.Missing:
  mms1_mec_dipole_tilt: mms1_mec_dipole_tilt DISPLAY_TYPE for variable with VAR_TYPE = 'data'.
  mms1_mec_gmst: mms1_mec_gmst DISPLAY_TYPE for variable with VAR_TYPE = 'data'.
  mms1_mec_mlat: mms1_mec_mlat DISPLAY_TYPE for variable with VAR_TYPE = 'data'.
  mms1_mec_mlt: mms1_mec_mlt DISPLAY_TYPE for variable with VAR_TYPE = 'data'.
  mms1_mec_l_dipole: mms1_mec_l_dipole DISPLAY_TYPE for variable with VAR_TYPE = 'data'.
  mms1_mec_kp: mms1_mec_kp DISPLAY_TYPE for variable with VAR_TYPE = 'data'.
  mms1_mec_dst: mms1_mec_dst DISPLAY_TYPE for variable with VAR_TYPE = 'data'.
  mms1_mec_earth_eclipse_flag: mms1_mec_earth_eclipse_flag DISPLAY_TYPE for variable with VAR_TYPE = 'data'.
  mms1_mec_moon_eclipse_flag: mms1_mec_moon_eclipse_flag DISPLAY_TYPE for variable with VAR_TYPE = 'data'.
  mms1_mec_geod_lat: mms1_mec_geod_lat DISPLAY_TYPE for variable with VAR_TYPE = 'data'.
  mms1_mec_geod_lon: mms1_mec_geod_lon DISPLAY_TYPE for variable with VAR_TYPE = 'data'.
  mms1_mec_geod_height: mms1_mec_geod_height DISPLAY_TYPE for variable with VAR_TYPE = 'data'.
  mms1_mec_fieldline_type: mms1_mec_fieldline_type DISPLAY_TYPE for variable with VAR_TYPE = 'data'.
  mms1_mec_loss_cone_angle_s: mms1_mec_loss_cone_angle_s DISPLAY_TYPE for variable with VAR_TYPE = 'data'.
  mms1_mec_loss_cone_angle_n: mms1_mec_loss_cone_angle_n DISPLAY_TYPE for variable with VAR_TYPE = 'data'.
MMS1_MEC_SRVY_L2_EPHT89Q | ISTP.DISPLAY_TYPE.Missing:
  mms1_mec_dipole_tilt: mms1_mec_dipole_tilt DISPLAY_TYPE for variable with VAR_TYPE = 'data'.
  mms1_mec_gmst: mms1_mec_gmst DISPLAY_TYPE for variable with VAR_TYPE = 'data'.
  mms1_mec_mlat: mms1_mec_mlat DISPLAY_TYPE for variable with VAR_TYPE = 'data'.
  mms1_mec_mlt: mms1_mec_mlt DISPLAY_TYPE for variable with VAR_TYPE = 'data'.
  mms1_mec_l_dipole: mms1_mec_l_dipole DISPLAY_TYPE for variable with VAR_TYPE = 'data'.
  mms1_mec_kp: mms1_mec_kp DISPLAY_TYPE for variable with VAR_TYPE = 'data'.
  mms1_mec_dst: mms1_mec_dst DISPLAY_TYPE for variable with VAR_TYPE = 'data'.
  mms1_mec_earth_eclipse_flag: mms1_mec_earth_eclipse_flag DISPLAY_TYPE for variable with VAR_TYPE = 'data'.
  mms1_mec_moon_eclipse_flag: mms1_mec_moon_eclipse_flag DISPLAY_TYPE for variable with VAR_TYPE = 'data'.
  mms1_mec_geod_lat: mms1_mec_geod_lat DISPLAY_TYPE for variable with VAR_TYPE = 'data'.
  mms1_mec_geod_lon: mms1_mec_geod_lon DISPLAY_TYPE for variable with VAR_TYPE = 'data'.
  mms1_mec_geod_height: mms1_mec_geod_height DISPLAY_TYPE for variable with VAR_TYPE = 'data'.
  mms1_mec_fieldline_type: mms1_mec_fieldline_type DISPLAY_TYPE for variable with VAR_TYPE = 'data'.
  mms1_mec_loss_cone_angle_s: mms1_mec_loss_cone_angle_s DISPLAY_TYPE for variable with VAR_TYPE = 'data'.
  mms1_mec_loss_cone_angle_n: mms1_mec_loss_cone_angle_n DISPLAY_TYPE for variable with VAR_TYPE = 'data'.
MMS1_MEC_SRVY_L2_EPHTS04D | ISTP.DISPLAY_TYPE.Missing:
  mms1_mec_dipole_tilt: mms1_mec_dipole_tilt DISPLAY_TYPE for variable with VAR_TYPE = 'data'.
  mms1_mec_gmst: mms1_mec_gmst DISPLAY_TYPE for variable with VAR_TYPE = 'data'.
  mms1_mec_mlat: mms1_mec_mlat DISPLAY_TYPE for variable with VAR_TYPE = 'data'.
  mms1_mec_mlt: mms1_mec_mlt DISPLAY_TYPE for variable with VAR_TYPE = 'data'.
  mms1_mec_l_dipole: mms1_mec_l_dipole DISPLAY_TYPE for variable with VAR_TYPE = 'data'.
  mms1_mec_kp: mms1_mec_kp DISPLAY_TYPE for variable with VAR_TYPE = 'data'.
  mms1_mec_dst: mms1_mec_dst DISPLAY_TYPE for variable with VAR_TYPE = 'data'.
  mms1_mec_earth_eclipse_flag: mms1_mec_earth_eclipse_flag DISPLAY_TYPE for variable with VAR_TYPE = 'data'.
  mms1_mec_moon_eclipse_flag: mms1_mec_moon_eclipse_flag DISPLAY_TYPE for variable with VAR_TYPE = 'data'.
  mms1_mec_geod_lat: mms1_mec_geod_lat DISPLAY_TYPE for variable with VAR_TYPE = 'data'.
  mms1_mec_geod_lon: mms1_mec_geod_lon DISPLAY_TYPE for variable with VAR_TYPE = 'data'.
  mms1_mec_geod_height: mms1_mec_geod_height DISPLAY_TYPE for variable with VAR_TYPE = 'data'.
  mms1_mec_fieldline_type: mms1_mec_fieldline_type DISPLAY_TYPE for variable with VAR_TYPE = 'data'.
  mms1_mec_loss_cone_angle_s: mms1_mec_loss_cone_angle_s DISPLAY_TYPE for variable with VAR_TYPE = 'data'.
  mms1_mec_loss_cone_angle_n: mms1_mec_loss_cone_angle_n DISPLAY_TYPE for variable with VAR_TYPE = 'data'.
MMS1_SCM_BRST_L2_SCB | ISTP.DISPLAY_TYPE.Missing:
  mms1_scm_qf_scm123_scb_brst_l2: mms1_scm_qf_scm123_scb_brst_l2 DISPLAY_TYPE for variable with VAR_TYPE = 'data'.
MMS1_SCM_SRVY_L2_SCSRVY | ISTP.DISPLAY_TYPE.Missing:
  mms1_scm_qf_scm123_scsrvy_srvy_l2: mms1_scm_qf_scm123_scsrvy_srvy_l2 DISPLAY_TYPE for variable with VAR_TYPE = 'data'.
MMS2_EDI_BRST_L2_AMB | ISTP.DISPLAY_TYPE.Missing:
  mms2_edi_optics_state_brst_l2: mms2_edi_optics_state_brst_l2 DISPLAY_TYPE for variable with VAR_TYPE = 'data'.
  mms2_edi_energy_gdu1_brst_l2: mms2_edi_energy_gdu1_brst_l2 DISPLAY_TYPE for variable with VAR_TYPE = 'data'.
  mms2_edi_energy_gdu2_brst_l2: mms2_edi_energy_gdu2_brst_l2 DISPLAY_TYPE for variable with VAR_TYPE = 'data'.
MMS2_EDI_BRST_L2_AMB-PM2 | ISTP.DISPLAY_TYPE.Missing:
  mms2_edi_optics_state_brst_l2: mms2_edi_optics_state_brst_l2 DISPLAY_TYPE for variable with VAR_TYPE = 'data'.
  mms2_edi_energy_gdu1_brst_l2: mms2_edi_energy_gdu1_brst_l2 DISPLAY_TYPE for variable with VAR_TYPE = 'data'.
  mms2_edi_energy_gdu2_brst_l2: mms2_edi_energy_gdu2_brst_l2 DISPLAY_TYPE for variable with VAR_TYPE = 'data'.
MMS2_EDI_BRST_L2_Q0 | ISTP.DISPLAY_TYPE.Missing:
  mms2_edi_optics_state_brst_l2: mms2_edi_optics_state_brst_l2 DISPLAY_TYPE for variable with VAR_TYPE = 'data'.
  mms2_edi_energy_gdu1_brst_l2: mms2_edi_energy_gdu1_brst_l2 DISPLAY_TYPE for variable with VAR_TYPE = 'data'.
  mms2_edi_energy_gdu2_brst_l2: mms2_edi_energy_gdu2_brst_l2 DISPLAY_TYPE for variable with VAR_TYPE = 'data'.
MMS2_EDI_SRVY_L2_AMB | ISTP.DISPLAY_TYPE.Missing:
  mms2_edi_optics_state_srvy_l2: mms2_edi_optics_state_srvy_l2 DISPLAY_TYPE for variable with VAR_TYPE = 'data'.
  mms2_edi_energy_gdu1_srvy_l2: mms2_edi_energy_gdu1_srvy_l2 DISPLAY_TYPE for variable with VAR_TYPE = 'data'.
  mms2_edi_energy_gdu2_srvy_l2: mms2_edi_energy_gdu2_srvy_l2 DISPLAY_TYPE for variable with VAR_TYPE = 'data'.
MMS2_EDI_SRVY_L2_AMB-PM2 | ISTP.DISPLAY_TYPE.Missing:
  mms2_edi_optics_state_srvy_l2: mms2_edi_optics_state_srvy_l2 DISPLAY_TYPE for variable with VAR_TYPE = 'data'.
  mms2_edi_energy_gdu1_srvy_l2: mms2_edi_energy_gdu1_srvy_l2 DISPLAY_TYPE for variable with VAR_TYPE = 'data'.
  mms2_edi_energy_gdu2_srvy_l2: mms2_edi_energy_gdu2_srvy_l2 DISPLAY_TYPE for variable with VAR_TYPE = 'data'.
MMS2_EDI_SRVY_L2_Q0 | ISTP.DISPLAY_TYPE.Missing:
  mms2_edi_optics_state_srvy_l2: mms2_edi_optics_state_srvy_l2 DISPLAY_TYPE for variable with VAR_TYPE = 'data'.
  mms2_edi_energy_gdu1_srvy_l2: mms2_edi_energy_gdu1_srvy_l2 DISPLAY_TYPE for variable with VAR_TYPE = 'data'.
  mms2_edi_energy_gdu2_srvy_l2: mms2_edi_energy_gdu2_srvy_l2 DISPLAY_TYPE for variable with VAR_TYPE = 'data'.
MMS2_EDP_BRST_L2_DCE | ISTP.DISPLAY_TYPE.Missing:
  mms2_edp_quality_brst_l2: mms2_edp_quality_brst_l2 DISPLAY_TYPE for variable with VAR_TYPE = 'data'.
MMS2_EDP_FAST_L2_DCE | ISTP.DISPLAY_TYPE.Missing:
  mms2_edp_quality_fast_l2: mms2_edp_quality_fast_l2 DISPLAY_TYPE for variable with VAR_TYPE = 'data'.
MMS2_EDP_SLOW_L2_DCE | ISTP.DISPLAY_TYPE.Missing:
  mms2_edp_quality_slow_l2: mms2_edp_quality_slow_l2 DISPLAY_TYPE for variable with VAR_TYPE = 'data'.
MMS2_FPI_BRST_L2_DES-DIST | ISTP.DISPLAY_TYPE.Missing:
  mms2_des_avgf1counts_brst: mms2_des_avgf1counts_brst DISPLAY_TYPE for variable with VAR_TYPE = 'data'.
MMS2_FPI_BRST_L2_DIS-DIST | ISTP.DISPLAY_TYPE.Missing:
  mms2_dis_avgf1counts_brst: mms2_dis_avgf1counts_brst DISPLAY_TYPE for variable with VAR_TYPE = 'data'.
MMS2_FPI_FAST_L2_DES-DIST | ISTP.DISPLAY_TYPE.Missing:
  mms2_des_avgf1counts_fast: mms2_des_avgf1counts_fast DISPLAY_TYPE for variable with VAR_TYPE = 'data'.
MMS2_FPI_FAST_L2_DIS-DIST | ISTP.DISPLAY_TYPE.Missing:
  mms2_dis_avgf1counts_fast: mms2_dis_avgf1counts_fast DISPLAY_TYPE for variable with VAR_TYPE = 'data'.
MMS2_MEC_BRST_L2_EPHT89D | ISTP.DISPLAY_TYPE.Missing:
  mms2_mec_dipole_tilt: mms2_mec_dipole_tilt DISPLAY_TYPE for variable with VAR_TYPE = 'data'.
  mms2_mec_gmst: mms2_mec_gmst DISPLAY_TYPE for variable with VAR_TYPE = 'data'.
  mms2_mec_mlat: mms2_mec_mlat DISPLAY_TYPE for variable with VAR_TYPE = 'data'.
  mms2_mec_mlt: mms2_mec_mlt DISPLAY_TYPE for variable with VAR_TYPE = 'data'.
  mms2_mec_l_dipole: mms2_mec_l_dipole DISPLAY_TYPE for variable with VAR_TYPE = 'data'.
  mms2_mec_kp: mms2_mec_kp DISPLAY_TYPE for variable with VAR_TYPE = 'data'.
  mms2_mec_dst: mms2_mec_dst DISPLAY_TYPE for variable with VAR_TYPE = 'data'.
  mms2_mec_earth_eclipse_flag: mms2_mec_earth_eclipse_flag DISPLAY_TYPE for variable with VAR_TYPE = 'data'.
  mms2_mec_moon_eclipse_flag: mms2_mec_moon_eclipse_flag DISPLAY_TYPE for variable with VAR_TYPE = 'data'.
  mms2_mec_geod_lat: mms2_mec_geod_lat DISPLAY_TYPE for variable with VAR_TYPE = 'data'.
  mms2_mec_geod_lon: mms2_mec_geod_lon DISPLAY_TYPE for variable with VAR_TYPE = 'data'.
  mms2_mec_geod_height: mms2_mec_geod_height DISPLAY_TYPE for variable with VAR_TYPE = 'data'.
  mms2_mec_fieldline_type: mms2_mec_fieldline_type DISPLAY_TYPE for variable with VAR_TYPE = 'data'.
  mms2_mec_loss_cone_angle_s: mms2_mec_loss_cone_angle_s DISPLAY_TYPE for variable with VAR_TYPE = 'data'.
  mms2_mec_loss_cone_angle_n: mms2_mec_loss_cone_angle_n DISPLAY_TYPE for variable with VAR_TYPE = 'data'.
MMS2_MEC_BRST_L2_EPHT89Q | ISTP.DISPLAY_TYPE.Missing:
  mms2_mec_dipole_tilt: mms2_mec_dipole_tilt DISPLAY_TYPE for variable with VAR_TYPE = 'data'.
  mms2_mec_gmst: mms2_mec_gmst DISPLAY_TYPE for variable with VAR_TYPE = 'data'.
  mms2_mec_mlat: mms2_mec_mlat DISPLAY_TYPE for variable with VAR_TYPE = 'data'.
  mms2_mec_mlt: mms2_mec_mlt DISPLAY_TYPE for variable with VAR_TYPE = 'data'.
  mms2_mec_l_dipole: mms2_mec_l_dipole DISPLAY_TYPE for variable with VAR_TYPE = 'data'.
  mms2_mec_kp: mms2_mec_kp DISPLAY_TYPE for variable with VAR_TYPE = 'data'.
  mms2_mec_dst: mms2_mec_dst DISPLAY_TYPE for variable with VAR_TYPE = 'data'.
  mms2_mec_earth_eclipse_flag: mms2_mec_earth_eclipse_flag DISPLAY_TYPE for variable with VAR_TYPE = 'data'.
  mms2_mec_moon_eclipse_flag: mms2_mec_moon_eclipse_flag DISPLAY_TYPE for variable with VAR_TYPE = 'data'.
  mms2_mec_geod_lat: mms2_mec_geod_lat DISPLAY_TYPE for variable with VAR_TYPE = 'data'.
  mms2_mec_geod_lon: mms2_mec_geod_lon DISPLAY_TYPE for variable with VAR_TYPE = 'data'.
  mms2_mec_geod_height: mms2_mec_geod_height DISPLAY_TYPE for variable with VAR_TYPE = 'data'.
  mms2_mec_fieldline_type: mms2_mec_fieldline_type DISPLAY_TYPE for variable with VAR_TYPE = 'data'.
  mms2_mec_loss_cone_angle_s: mms2_mec_loss_cone_angle_s DISPLAY_TYPE for variable with VAR_TYPE = 'data'.
  mms2_mec_loss_cone_angle_n: mms2_mec_loss_cone_angle_n DISPLAY_TYPE for variable with VAR_TYPE = 'data'.
MMS2_MEC_BRST_L2_EPHTS04D | ISTP.DISPLAY_TYPE.Missing:
  mms2_mec_dipole_tilt: mms2_mec_dipole_tilt DISPLAY_TYPE for variable with VAR_TYPE = 'data'.
  mms2_mec_gmst: mms2_mec_gmst DISPLAY_TYPE for variable with VAR_TYPE = 'data'.
  mms2_mec_mlat: mms2_mec_mlat DISPLAY_TYPE for variable with VAR_TYPE = 'data'.
  mms2_mec_mlt: mms2_mec_mlt DISPLAY_TYPE for variable with VAR_TYPE = 'data'.
  mms2_mec_l_dipole: mms2_mec_l_dipole DISPLAY_TYPE for variable with VAR_TYPE = 'data'.
  mms2_mec_kp: mms2_mec_kp DISPLAY_TYPE for variable with VAR_TYPE = 'data'.
  mms2_mec_dst: mms2_mec_dst DISPLAY_TYPE for variable with VAR_TYPE = 'data'.
  mms2_mec_earth_eclipse_flag: mms2_mec_earth_eclipse_flag DISPLAY_TYPE for variable with VAR_TYPE = 'data'.
  mms2_mec_moon_eclipse_flag: mms2_mec_moon_eclipse_flag DISPLAY_TYPE for variable with VAR_TYPE = 'data'.
  mms2_mec_geod_lat: mms2_mec_geod_lat DISPLAY_TYPE for variable with VAR_TYPE = 'data'.
  mms2_mec_geod_lon: mms2_mec_geod_lon DISPLAY_TYPE for variable with VAR_TYPE = 'data'.
  mms2_mec_geod_height: mms2_mec_geod_height DISPLAY_TYPE for variable with VAR_TYPE = 'data'.
  mms2_mec_fieldline_type: mms2_mec_fieldline_type DISPLAY_TYPE for variable with VAR_TYPE = 'data'.
  mms2_mec_loss_cone_angle_s: mms2_mec_loss_cone_angle_s DISPLAY_TYPE for variable with VAR_TYPE = 'data'.
  mms2_mec_loss_cone_angle_n: mms2_mec_loss_cone_angle_n DISPLAY_TYPE for variable with VAR_TYPE = 'data'.
MMS2_MEC_SRVY_L2_EPHT89D | ISTP.DISPLAY_TYPE.Missing:
  mms2_mec_dipole_tilt: mms2_mec_dipole_tilt DISPLAY_TYPE for variable with VAR_TYPE = 'data'.
  mms2_mec_gmst: mms2_mec_gmst DISPLAY_TYPE for variable with VAR_TYPE = 'data'.
  mms2_mec_mlat: mms2_mec_mlat DISPLAY_TYPE for variable with VAR_TYPE = 'data'.
  mms2_mec_mlt: mms2_mec_mlt DISPLAY_TYPE for variable with VAR_TYPE = 'data'.
  mms2_mec_l_dipole: mms2_mec_l_dipole DISPLAY_TYPE for variable with VAR_TYPE = 'data'.
  mms2_mec_kp: mms2_mec_kp DISPLAY_TYPE for variable with VAR_TYPE = 'data'.
  mms2_mec_dst: mms2_mec_dst DISPLAY_TYPE for variable with VAR_TYPE = 'data'.
  mms2_mec_earth_eclipse_flag: mms2_mec_earth_eclipse_flag DISPLAY_TYPE for variable with VAR_TYPE = 'data'.
  mms2_mec_moon_eclipse_flag: mms2_mec_moon_eclipse_flag DISPLAY_TYPE for variable with VAR_TYPE = 'data'.
  mms2_mec_geod_lat: mms2_mec_geod_lat DISPLAY_TYPE for variable with VAR_TYPE = 'data'.
  mms2_mec_geod_lon: mms2_mec_geod_lon DISPLAY_TYPE for variable with VAR_TYPE = 'data'.
  mms2_mec_geod_height: mms2_mec_geod_height DISPLAY_TYPE for variable with VAR_TYPE = 'data'.
  mms2_mec_fieldline_type: mms2_mec_fieldline_type DISPLAY_TYPE for variable with VAR_TYPE = 'data'.
  mms2_mec_loss_cone_angle_s: mms2_mec_loss_cone_angle_s DISPLAY_TYPE for variable with VAR_TYPE = 'data'.
  mms2_mec_loss_cone_angle_n: mms2_mec_loss_cone_angle_n DISPLAY_TYPE for variable with VAR_TYPE = 'data'.
MMS2_MEC_SRVY_L2_EPHT89Q | ISTP.DISPLAY_TYPE.Missing:
  mms2_mec_dipole_tilt: mms2_mec_dipole_tilt DISPLAY_TYPE for variable with VAR_TYPE = 'data'.
  mms2_mec_gmst: mms2_mec_gmst DISPLAY_TYPE for variable with VAR_TYPE = 'data'.
  mms2_mec_mlat: mms2_mec_mlat DISPLAY_TYPE for variable with VAR_TYPE = 'data'.
  mms2_mec_mlt: mms2_mec_mlt DISPLAY_TYPE for variable with VAR_TYPE = 'data'.
  mms2_mec_l_dipole: mms2_mec_l_dipole DISPLAY_TYPE for variable with VAR_TYPE = 'data'.
  mms2_mec_kp: mms2_mec_kp DISPLAY_TYPE for variable with VAR_TYPE = 'data'.
  mms2_mec_dst: mms2_mec_dst DISPLAY_TYPE for variable with VAR_TYPE = 'data'.
  mms2_mec_earth_eclipse_flag: mms2_mec_earth_eclipse_flag DISPLAY_TYPE for variable with VAR_TYPE = 'data'.
  mms2_mec_moon_eclipse_flag: mms2_mec_moon_eclipse_flag DISPLAY_TYPE for variable with VAR_TYPE = 'data'.
  mms2_mec_geod_lat: mms2_mec_geod_lat DISPLAY_TYPE for variable with VAR_TYPE = 'data'.
  mms2_mec_geod_lon: mms2_mec_geod_lon DISPLAY_TYPE for variable with VAR_TYPE = 'data'.
  mms2_mec_geod_height: mms2_mec_geod_height DISPLAY_TYPE for variable with VAR_TYPE = 'data'.
  mms2_mec_fieldline_type: mms2_mec_fieldline_type DISPLAY_TYPE for variable with VAR_TYPE = 'data'.
  mms2_mec_loss_cone_angle_s: mms2_mec_loss_cone_angle_s DISPLAY_TYPE for variable with VAR_TYPE = 'data'.
  mms2_mec_loss_cone_angle_n: mms2_mec_loss_cone_angle_n DISPLAY_TYPE for variable with VAR_TYPE = 'data'.
MMS2_MEC_SRVY_L2_EPHTS04D | ISTP.DISPLAY_TYPE.Missing:
  mms2_mec_dipole_tilt: mms2_mec_dipole_tilt DISPLAY_TYPE for variable with VAR_TYPE = 'data'.
  mms2_mec_gmst: mms2_mec_gmst DISPLAY_TYPE for variable with VAR_TYPE = 'data'.
  mms2_mec_mlat: mms2_mec_mlat DISPLAY_TYPE for variable with VAR_TYPE = 'data'.
  mms2_mec_mlt: mms2_mec_mlt DISPLAY_TYPE for variable with VAR_TYPE = 'data'.
  mms2_mec_l_dipole: mms2_mec_l_dipole DISPLAY_TYPE for variable with VAR_TYPE = 'data'.
  mms2_mec_kp: mms2_mec_kp DISPLAY_TYPE for variable with VAR_TYPE = 'data'.
  mms2_mec_dst: mms2_mec_dst DISPLAY_TYPE for variable with VAR_TYPE = 'data'.
  mms2_mec_earth_eclipse_flag: mms2_mec_earth_eclipse_flag DISPLAY_TYPE for variable with VAR_TYPE = 'data'.
  mms2_mec_moon_eclipse_flag: mms2_mec_moon_eclipse_flag DISPLAY_TYPE for variable with VAR_TYPE = 'data'.
  mms2_mec_geod_lat: mms2_mec_geod_lat DISPLAY_TYPE for variable with VAR_TYPE = 'data'.
  mms2_mec_geod_lon: mms2_mec_geod_lon DISPLAY_TYPE for variable with VAR_TYPE = 'data'.
  mms2_mec_geod_height: mms2_mec_geod_height DISPLAY_TYPE for variable with VAR_TYPE = 'data'.
  mms2_mec_fieldline_type: mms2_mec_fieldline_type DISPLAY_TYPE for variable with VAR_TYPE = 'data'.
  mms2_mec_loss_cone_angle_s: mms2_mec_loss_cone_angle_s DISPLAY_TYPE for variable with VAR_TYPE = 'data'.
  mms2_mec_loss_cone_angle_n: mms2_mec_loss_cone_angle_n DISPLAY_TYPE for variable with VAR_TYPE = 'data'.
MMS2_SCM_BRST_L2_SCB | ISTP.DISPLAY_TYPE.Missing:
  mms2_scm_qf_scm123_scb_brst_l2: mms2_scm_qf_scm123_scb_brst_l2 DISPLAY_TYPE for variable with VAR_TYPE = 'data'.
MMS3_EDI_BRST_L2_AMB | ISTP.DISPLAY_TYPE.Missing:
  mms3_edi_optics_state_brst_l2: mms3_edi_optics_state_brst_l2 DISPLAY_TYPE for variable with VAR_TYPE = 'data'.
  mms3_edi_energy_gdu1_brst_l2: mms3_edi_energy_gdu1_brst_l2 DISPLAY_TYPE for variable with VAR_TYPE = 'data'.
  mms3_edi_energy_gdu2_brst_l2: mms3_edi_energy_gdu2_brst_l2 DISPLAY_TYPE for variable with VAR_TYPE = 'data'.
MMS3_EDI_BRST_L2_AMB-PM2 | ISTP.DISPLAY_TYPE.Missing:
  mms3_edi_optics_state_brst_l2: mms3_edi_optics_state_brst_l2 DISPLAY_TYPE for variable with VAR_TYPE = 'data'.
  mms3_edi_energy_gdu1_brst_l2: mms3_edi_energy_gdu1_brst_l2 DISPLAY_TYPE for variable with VAR_TYPE = 'data'.
  mms3_edi_energy_gdu2_brst_l2: mms3_edi_energy_gdu2_brst_l2 DISPLAY_TYPE for variable with VAR_TYPE = 'data'.
MMS3_EDI_BRST_L2_Q0 | ISTP.DISPLAY_TYPE.Missing:
  mms3_edi_optics_state_brst_l2: mms3_edi_optics_state_brst_l2 DISPLAY_TYPE for variable with VAR_TYPE = 'data'.
  mms3_edi_energy_gdu1_brst_l2: mms3_edi_energy_gdu1_brst_l2 DISPLAY_TYPE for variable with VAR_TYPE = 'data'.
  mms3_edi_energy_gdu2_brst_l2: mms3_edi_energy_gdu2_brst_l2 DISPLAY_TYPE for variable with VAR_TYPE = 'data'.
MMS3_EDI_SRVY_L2_AMB | ISTP.DISPLAY_TYPE.Missing:
  mms3_edi_optics_state_srvy_l2: mms3_edi_optics_state_srvy_l2 DISPLAY_TYPE for variable with VAR_TYPE = 'data'.
  mms3_edi_energy_gdu1_srvy_l2: mms3_edi_energy_gdu1_srvy_l2 DISPLAY_TYPE for variable with VAR_TYPE = 'data'.
  mms3_edi_energy_gdu2_srvy_l2: mms3_edi_energy_gdu2_srvy_l2 DISPLAY_TYPE for variable with VAR_TYPE = 'data'.
MMS3_EDI_SRVY_L2_AMB-PM2 | ISTP.DISPLAY_TYPE.Missing:
  mms3_edi_optics_state_srvy_l2: mms3_edi_optics_state_srvy_l2 DISPLAY_TYPE for variable with VAR_TYPE = 'data'.
  mms3_edi_energy_gdu1_srvy_l2: mms3_edi_energy_gdu1_srvy_l2 DISPLAY_TYPE for variable with VAR_TYPE = 'data'.
  mms3_edi_energy_gdu2_srvy_l2: mms3_edi_energy_gdu2_srvy_l2 DISPLAY_TYPE for variable with VAR_TYPE = 'data'.
MMS3_EDI_SRVY_L2_Q0 | ISTP.DISPLAY_TYPE.Missing:
  mms3_edi_optics_state_srvy_l2: mms3_edi_optics_state_srvy_l2 DISPLAY_TYPE for variable with VAR_TYPE = 'data'.
  mms3_edi_energy_gdu1_srvy_l2: mms3_edi_energy_gdu1_srvy_l2 DISPLAY_TYPE for variable with VAR_TYPE = 'data'.
  mms3_edi_energy_gdu2_srvy_l2: mms3_edi_energy_gdu2_srvy_l2 DISPLAY_TYPE for variable with VAR_TYPE = 'data'.
MMS3_EDP_BRST_L2_DCE | ISTP.DISPLAY_TYPE.Missing:
  mms3_edp_quality_brst_l2: mms3_edp_quality_brst_l2 DISPLAY_TYPE for variable with VAR_TYPE = 'data'.
MMS3_EDP_FAST_L2_DCE | ISTP.DISPLAY_TYPE.Missing:
  mms3_edp_quality_fast_l2: mms3_edp_quality_fast_l2 DISPLAY_TYPE for variable with VAR_TYPE = 'data'.
MMS3_EDP_SLOW_L2_DCE | ISTP.DISPLAY_TYPE.Missing:
  mms3_edp_quality_slow_l2: mms3_edp_quality_slow_l2 DISPLAY_TYPE for variable with VAR_TYPE = 'data'.
MMS3_FPI_BRST_L2_DES-DIST | ISTP.DISPLAY_TYPE.Missing:
  mms3_des_avgf1counts_brst: mms3_des_avgf1counts_brst DISPLAY_TYPE for variable with VAR_TYPE = 'data'.
MMS3_FPI_BRST_L2_DIS-DIST | ISTP.DISPLAY_TYPE.Missing:
  mms3_dis_avgf1counts_brst: mms3_dis_avgf1counts_brst DISPLAY_TYPE for variable with VAR_TYPE = 'data'.
MMS3_FPI_FAST_L2_DES-DIST | ISTP.DISPLAY_TYPE.Missing:
  mms3_des_avgf1counts_fast: mms3_des_avgf1counts_fast DISPLAY_TYPE for variable with VAR_TYPE = 'data'.
MMS3_FPI_FAST_L2_DIS-DIST | ISTP.DISPLAY_TYPE.Missing:
  mms3_dis_avgf1counts_fast: mms3_dis_avgf1counts_fast DISPLAY_TYPE for variable with VAR_TYPE = 'data'.
MMS3_MEC_BRST_L2_EPHT89D | ISTP.DISPLAY_TYPE.Missing:
  mms3_mec_dipole_tilt: mms3_mec_dipole_tilt DISPLAY_TYPE for variable with VAR_TYPE = 'data'.
  mms3_mec_gmst: mms3_mec_gmst DISPLAY_TYPE for variable with VAR_TYPE = 'data'.
  mms3_mec_mlat: mms3_mec_mlat DISPLAY_TYPE for variable with VAR_TYPE = 'data'.
  mms3_mec_mlt: mms3_mec_mlt DISPLAY_TYPE for variable with VAR_TYPE = 'data'.
  mms3_mec_l_dipole: mms3_mec_l_dipole DISPLAY_TYPE for variable with VAR_TYPE = 'data'.
  mms3_mec_kp: mms3_mec_kp DISPLAY_TYPE for variable with VAR_TYPE = 'data'.
  mms3_mec_dst: mms3_mec_dst DISPLAY_TYPE for variable with VAR_TYPE = 'data'.
  mms3_mec_earth_eclipse_flag: mms3_mec_earth_eclipse_flag DISPLAY_TYPE for variable with VAR_TYPE = 'data'.
  mms3_mec_moon_eclipse_flag: mms3_mec_moon_eclipse_flag DISPLAY_TYPE for variable with VAR_TYPE = 'data'.
  mms3_mec_geod_lat: mms3_mec_geod_lat DISPLAY_TYPE for variable with VAR_TYPE = 'data'.
  mms3_mec_geod_lon: mms3_mec_geod_lon DISPLAY_TYPE for variable with VAR_TYPE = 'data'.
  mms3_mec_geod_height: mms3_mec_geod_height DISPLAY_TYPE for variable with VAR_TYPE = 'data'.
  mms3_mec_fieldline_type: mms3_mec_fieldline_type DISPLAY_TYPE for variable with VAR_TYPE = 'data'.
  mms3_mec_loss_cone_angle_s: mms3_mec_loss_cone_angle_s DISPLAY_TYPE for variable with VAR_TYPE = 'data'.
  mms3_mec_loss_cone_angle_n: mms3_mec_loss_cone_angle_n DISPLAY_TYPE for variable with VAR_TYPE = 'data'.
MMS3_MEC_BRST_L2_EPHT89Q | ISTP.DISPLAY_TYPE.Missing:
  mms3_mec_dipole_tilt: mms3_mec_dipole_tilt DISPLAY_TYPE for variable with VAR_TYPE = 'data'.
  mms3_mec_gmst: mms3_mec_gmst DISPLAY_TYPE for variable with VAR_TYPE = 'data'.
  mms3_mec_mlat: mms3_mec_mlat DISPLAY_TYPE for variable with VAR_TYPE = 'data'.
  mms3_mec_mlt: mms3_mec_mlt DISPLAY_TYPE for variable with VAR_TYPE = 'data'.
  mms3_mec_l_dipole: mms3_mec_l_dipole DISPLAY_TYPE for variable with VAR_TYPE = 'data'.
  mms3_mec_kp: mms3_mec_kp DISPLAY_TYPE for variable with VAR_TYPE = 'data'.
  mms3_mec_dst: mms3_mec_dst DISPLAY_TYPE for variable with VAR_TYPE = 'data'.
  mms3_mec_earth_eclipse_flag: mms3_mec_earth_eclipse_flag DISPLAY_TYPE for variable with VAR_TYPE = 'data'.
  mms3_mec_moon_eclipse_flag: mms3_mec_moon_eclipse_flag DISPLAY_TYPE for variable with VAR_TYPE = 'data'.
  mms3_mec_geod_lat: mms3_mec_geod_lat DISPLAY_TYPE for variable with VAR_TYPE = 'data'.
  mms3_mec_geod_lon: mms3_mec_geod_lon DISPLAY_TYPE for variable with VAR_TYPE = 'data'.
  mms3_mec_geod_height: mms3_mec_geod_height DISPLAY_TYPE for variable with VAR_TYPE = 'data'.
  mms3_mec_fieldline_type: mms3_mec_fieldline_type DISPLAY_TYPE for variable with VAR_TYPE = 'data'.
  mms3_mec_loss_cone_angle_s: mms3_mec_loss_cone_angle_s DISPLAY_TYPE for variable with VAR_TYPE = 'data'.
  mms3_mec_loss_cone_angle_n: mms3_mec_loss_cone_angle_n DISPLAY_TYPE for variable with VAR_TYPE = 'data'.
MMS3_MEC_BRST_L2_EPHTS04D | ISTP.DISPLAY_TYPE.Missing:
  mms3_mec_dipole_tilt: mms3_mec_dipole_tilt DISPLAY_TYPE for variable with VAR_TYPE = 'data'.
  mms3_mec_gmst: mms3_mec_gmst DISPLAY_TYPE for variable with VAR_TYPE = 'data'.
  mms3_mec_mlat: mms3_mec_mlat DISPLAY_TYPE for variable with VAR_TYPE = 'data'.
  mms3_mec_mlt: mms3_mec_mlt DISPLAY_TYPE for variable with VAR_TYPE = 'data'.
  mms3_mec_l_dipole: mms3_mec_l_dipole DISPLAY_TYPE for variable with VAR_TYPE = 'data'.
  mms3_mec_kp: mms3_mec_kp DISPLAY_TYPE for variable with VAR_TYPE = 'data'.
  mms3_mec_dst: mms3_mec_dst DISPLAY_TYPE for variable with VAR_TYPE = 'data'.
  mms3_mec_earth_eclipse_flag: mms3_mec_earth_eclipse_flag DISPLAY_TYPE for variable with VAR_TYPE = 'data'.
  mms3_mec_moon_eclipse_flag: mms3_mec_moon_eclipse_flag DISPLAY_TYPE for variable with VAR_TYPE = 'data'.
  mms3_mec_geod_lat: mms3_mec_geod_lat DISPLAY_TYPE for variable with VAR_TYPE = 'data'.
  mms3_mec_geod_lon: mms3_mec_geod_lon DISPLAY_TYPE for variable with VAR_TYPE = 'data'.
  mms3_mec_geod_height: mms3_mec_geod_height DISPLAY_TYPE for variable with VAR_TYPE = 'data'.
  mms3_mec_fieldline_type: mms3_mec_fieldline_type DISPLAY_TYPE for variable with VAR_TYPE = 'data'.
  mms3_mec_loss_cone_angle_s: mms3_mec_loss_cone_angle_s DISPLAY_TYPE for variable with VAR_TYPE = 'data'.
  mms3_mec_loss_cone_angle_n: mms3_mec_loss_cone_angle_n DISPLAY_TYPE for variable with VAR_TYPE = 'data'.
MMS3_MEC_SRVY_L2_EPHT89D | ISTP.DISPLAY_TYPE.Missing:
  mms3_mec_dipole_tilt: mms3_mec_dipole_tilt DISPLAY_TYPE for variable with VAR_TYPE = 'data'.
  mms3_mec_gmst: mms3_mec_gmst DISPLAY_TYPE for variable with VAR_TYPE = 'data'.
  mms3_mec_mlat: mms3_mec_mlat DISPLAY_TYPE for variable with VAR_TYPE = 'data'.
  mms3_mec_mlt: mms3_mec_mlt DISPLAY_TYPE for variable with VAR_TYPE = 'data'.
  mms3_mec_l_dipole: mms3_mec_l_dipole DISPLAY_TYPE for variable with VAR_TYPE = 'data'.
  mms3_mec_kp: mms3_mec_kp DISPLAY_TYPE for variable with VAR_TYPE = 'data'.
  mms3_mec_dst: mms3_mec_dst DISPLAY_TYPE for variable with VAR_TYPE = 'data'.
  mms3_mec_earth_eclipse_flag: mms3_mec_earth_eclipse_flag DISPLAY_TYPE for variable with VAR_TYPE = 'data'.
  mms3_mec_moon_eclipse_flag: mms3_mec_moon_eclipse_flag DISPLAY_TYPE for variable with VAR_TYPE = 'data'.
  mms3_mec_geod_lat: mms3_mec_geod_lat DISPLAY_TYPE for variable with VAR_TYPE = 'data'.
  mms3_mec_geod_lon: mms3_mec_geod_lon DISPLAY_TYPE for variable with VAR_TYPE = 'data'.
  mms3_mec_geod_height: mms3_mec_geod_height DISPLAY_TYPE for variable with VAR_TYPE = 'data'.
  mms3_mec_fieldline_type: mms3_mec_fieldline_type DISPLAY_TYPE for variable with VAR_TYPE = 'data'.
  mms3_mec_loss_cone_angle_s: mms3_mec_loss_cone_angle_s DISPLAY_TYPE for variable with VAR_TYPE = 'data'.
  mms3_mec_loss_cone_angle_n: mms3_mec_loss_cone_angle_n DISPLAY_TYPE for variable with VAR_TYPE = 'data'.
MMS3_MEC_SRVY_L2_EPHT89Q | ISTP.DISPLAY_TYPE.Missing:
  mms3_mec_dipole_tilt: mms3_mec_dipole_tilt DISPLAY_TYPE for variable with VAR_TYPE = 'data'.
  mms3_mec_gmst: mms3_mec_gmst DISPLAY_TYPE for variable with VAR_TYPE = 'data'.
  mms3_mec_mlat: mms3_mec_mlat DISPLAY_TYPE for variable with VAR_TYPE = 'data'.
  mms3_mec_mlt: mms3_mec_mlt DISPLAY_TYPE for variable with VAR_TYPE = 'data'.
  mms3_mec_l_dipole: mms3_mec_l_dipole DISPLAY_TYPE for variable with VAR_TYPE = 'data'.
  mms3_mec_kp: mms3_mec_kp DISPLAY_TYPE for variable with VAR_TYPE = 'data'.
  mms3_mec_dst: mms3_mec_dst DISPLAY_TYPE for variable with VAR_TYPE = 'data'.
  mms3_mec_earth_eclipse_flag: mms3_mec_earth_eclipse_flag DISPLAY_TYPE for variable with VAR_TYPE = 'data'.
  mms3_mec_moon_eclipse_flag: mms3_mec_moon_eclipse_flag DISPLAY_TYPE for variable with VAR_TYPE = 'data'.
  mms3_mec_geod_lat: mms3_mec_geod_lat DISPLAY_TYPE for variable with VAR_TYPE = 'data'.
  mms3_mec_geod_lon: mms3_mec_geod_lon DISPLAY_TYPE for variable with VAR_TYPE = 'data'.
  mms3_mec_geod_height: mms3_mec_geod_height DISPLAY_TYPE for variable with VAR_TYPE = 'data'.
  mms3_mec_fieldline_type: mms3_mec_fieldline_type DISPLAY_TYPE for variable with VAR_TYPE = 'data'.
  mms3_mec_loss_cone_angle_s: mms3_mec_loss_cone_angle_s DISPLAY_TYPE for variable with VAR_TYPE = 'data'.
  mms3_mec_loss_cone_angle_n: mms3_mec_loss_cone_angle_n DISPLAY_TYPE for variable with VAR_TYPE = 'data'.
MMS3_MEC_SRVY_L2_EPHTS04D | ISTP.DISPLAY_TYPE.Missing:
  mms3_mec_dipole_tilt: mms3_mec_dipole_tilt DISPLAY_TYPE for variable with VAR_TYPE = 'data'.
  mms3_mec_gmst: mms3_mec_gmst DISPLAY_TYPE for variable with VAR_TYPE = 'data'.
  mms3_mec_mlat: mms3_mec_mlat DISPLAY_TYPE for variable with VAR_TYPE = 'data'.
  mms3_mec_mlt: mms3_mec_mlt DISPLAY_TYPE for variable with VAR_TYPE = 'data'.
  mms3_mec_l_dipole: mms3_mec_l_dipole DISPLAY_TYPE for variable with VAR_TYPE = 'data'.
  mms3_mec_kp: mms3_mec_kp DISPLAY_TYPE for variable with VAR_TYPE = 'data'.
  mms3_mec_dst: mms3_mec_dst DISPLAY_TYPE for variable with VAR_TYPE = 'data'.
  mms3_mec_earth_eclipse_flag: mms3_mec_earth_eclipse_flag DISPLAY_TYPE for variable with VAR_TYPE = 'data'.
  mms3_mec_moon_eclipse_flag: mms3_mec_moon_eclipse_flag DISPLAY_TYPE for variable with VAR_TYPE = 'data'.
  mms3_mec_geod_lat: mms3_mec_geod_lat DISPLAY_TYPE for variable with VAR_TYPE = 'data'.
  mms3_mec_geod_lon: mms3_mec_geod_lon DISPLAY_TYPE for variable with VAR_TYPE = 'data'.
  mms3_mec_geod_height: mms3_mec_geod_height DISPLAY_TYPE for variable with VAR_TYPE = 'data'.
  mms3_mec_fieldline_type: mms3_mec_fieldline_type DISPLAY_TYPE for variable with VAR_TYPE = 'data'.
  mms3_mec_loss_cone_angle_s: mms3_mec_loss_cone_angle_s DISPLAY_TYPE for variable with VAR_TYPE = 'data'.
  mms3_mec_loss_cone_angle_n: mms3_mec_loss_cone_angle_n DISPLAY_TYPE for variable with VAR_TYPE = 'data'.
MMS3_SCM_BRST_L2_SCB | ISTP.DISPLAY_TYPE.Missing:
  mms3_scm_qf_scm123_scb_brst_l2: mms3_scm_qf_scm123_scb_brst_l2 DISPLAY_TYPE for variable with VAR_TYPE = 'data'.
MMS4_EDI_BRST_L2_AMB | ISTP.DISPLAY_TYPE.Missing:
  mms4_edi_optics_state_brst_l2: mms4_edi_optics_state_brst_l2 DISPLAY_TYPE for variable with VAR_TYPE = 'data'.
  mms4_edi_energy_gdu1_brst_l2: mms4_edi_energy_gdu1_brst_l2 DISPLAY_TYPE for variable with VAR_TYPE = 'data'.
  mms4_edi_energy_gdu2_brst_l2: mms4_edi_energy_gdu2_brst_l2 DISPLAY_TYPE for variable with VAR_TYPE = 'data'.
MMS4_EDI_BRST_L2_AMB-PM2 | ISTP.DISPLAY_TYPE.Missing:
  mms4_edi_optics_state_brst_l2: mms4_edi_optics_state_brst_l2 DISPLAY_TYPE for variable with VAR_TYPE = 'data'.
  mms4_edi_energy_gdu1_brst_l2: mms4_edi_energy_gdu1_brst_l2 DISPLAY_TYPE for variable with VAR_TYPE = 'data'.
  mms4_edi_energy_gdu2_brst_l2: mms4_edi_energy_gdu2_brst_l2 DISPLAY_TYPE for variable with VAR_TYPE = 'data'.
MMS4_EDI_BRST_L2_Q0 | ISTP.DISPLAY_TYPE.Missing:
  mms4_edi_optics_state_brst_l2: mms4_edi_optics_state_brst_l2 DISPLAY_TYPE for variable with VAR_TYPE = 'data'.
  mms4_edi_energy_gdu1_brst_l2: mms4_edi_energy_gdu1_brst_l2 DISPLAY_TYPE for variable with VAR_TYPE = 'data'.
  mms4_edi_energy_gdu2_brst_l2: mms4_edi_energy_gdu2_brst_l2 DISPLAY_TYPE for variable with VAR_TYPE = 'data'.
MMS4_EDI_SRVY_L2_AMB | ISTP.DISPLAY_TYPE.Missing:
  mms4_edi_optics_state_srvy_l2: mms4_edi_optics_state_srvy_l2 DISPLAY_TYPE for variable with VAR_TYPE = 'data'.
  mms4_edi_energy_gdu1_srvy_l2: mms4_edi_energy_gdu1_srvy_l2 DISPLAY_TYPE for variable with VAR_TYPE = 'data'.
  mms4_edi_energy_gdu2_srvy_l2: mms4_edi_energy_gdu2_srvy_l2 DISPLAY_TYPE for variable with VAR_TYPE = 'data'.
MMS4_EDI_SRVY_L2_AMB-PM2 | ISTP.DISPLAY_TYPE.Missing:
  mms4_edi_optics_state_srvy_l2: mms4_edi_optics_state_srvy_l2 DISPLAY_TYPE for variable with VAR_TYPE = 'data'.
  mms4_edi_energy_gdu1_srvy_l2: mms4_edi_energy_gdu1_srvy_l2 DISPLAY_TYPE for variable with VAR_TYPE = 'data'.
  mms4_edi_energy_gdu2_srvy_l2: mms4_edi_energy_gdu2_srvy_l2 DISPLAY_TYPE for variable with VAR_TYPE = 'data'.
MMS4_EDI_SRVY_L2_Q0 | ISTP.DISPLAY_TYPE.Missing:
  mms4_edi_optics_state_srvy_l2: mms4_edi_optics_state_srvy_l2 DISPLAY_TYPE for variable with VAR_TYPE = 'data'.
  mms4_edi_energy_gdu1_srvy_l2: mms4_edi_energy_gdu1_srvy_l2 DISPLAY_TYPE for variable with VAR_TYPE = 'data'.
  mms4_edi_energy_gdu2_srvy_l2: mms4_edi_energy_gdu2_srvy_l2 DISPLAY_TYPE for variable with VAR_TYPE = 'data'.
MMS4_FPI_BRST_L2_DES-DIST | ISTP.DISPLAY_TYPE.Missing:
  mms4_des_avgf1counts_brst: mms4_des_avgf1counts_brst DISPLAY_TYPE for variable with VAR_TYPE = 'data'.
MMS4_FPI_BRST_L2_DIS-DIST | ISTP.DISPLAY_TYPE.Missing:
  mms4_dis_avgf1counts_brst: mms4_dis_avgf1counts_brst DISPLAY_TYPE for variable with VAR_TYPE = 'data'.
MMS4_FPI_FAST_L2_DES-DIST | ISTP.DISPLAY_TYPE.Missing:
  mms4_des_avgf1counts_fast: mms4_des_avgf1counts_fast DISPLAY_TYPE for variable with VAR_TYPE = 'data'.
MMS4_FPI_FAST_L2_DIS-DIST | ISTP.DISPLAY_TYPE.Missing:
  mms4_dis_avgf1counts_fast: mms4_dis_avgf1counts_fast DISPLAY_TYPE for variable with VAR_TYPE = 'data'.
MMS4_MEC_BRST_L2_EPHT89D | ISTP.DISPLAY_TYPE.Missing:
  mms4_mec_dipole_tilt: mms4_mec_dipole_tilt DISPLAY_TYPE for variable with VAR_TYPE = 'data'.
  mms4_mec_gmst: mms4_mec_gmst DISPLAY_TYPE for variable with VAR_TYPE = 'data'.
  mms4_mec_mlat: mms4_mec_mlat DISPLAY_TYPE for variable with VAR_TYPE = 'data'.
  mms4_mec_mlt: mms4_mec_mlt DISPLAY_TYPE for variable with VAR_TYPE = 'data'.
  mms4_mec_l_dipole: mms4_mec_l_dipole DISPLAY_TYPE for variable with VAR_TYPE = 'data'.
  mms4_mec_kp: mms4_mec_kp DISPLAY_TYPE for variable with VAR_TYPE = 'data'.
  mms4_mec_dst: mms4_mec_dst DISPLAY_TYPE for variable with VAR_TYPE = 'data'.
  mms4_mec_earth_eclipse_flag: mms4_mec_earth_eclipse_flag DISPLAY_TYPE for variable with VAR_TYPE = 'data'.
  mms4_mec_moon_eclipse_flag: mms4_mec_moon_eclipse_flag DISPLAY_TYPE for variable with VAR_TYPE = 'data'.
  mms4_mec_geod_lat: mms4_mec_geod_lat DISPLAY_TYPE for variable with VAR_TYPE = 'data'.
  mms4_mec_geod_lon: mms4_mec_geod_lon DISPLAY_TYPE for variable with VAR_TYPE = 'data'.
  mms4_mec_geod_height: mms4_mec_geod_height DISPLAY_TYPE for variable with VAR_TYPE = 'data'.
  mms4_mec_fieldline_type: mms4_mec_fieldline_type DISPLAY_TYPE for variable with VAR_TYPE = 'data'.
  mms4_mec_loss_cone_angle_s: mms4_mec_loss_cone_angle_s DISPLAY_TYPE for variable with VAR_TYPE = 'data'.
  mms4_mec_loss_cone_angle_n: mms4_mec_loss_cone_angle_n DISPLAY_TYPE for variable with VAR_TYPE = 'data'.
MMS4_MEC_BRST_L2_EPHT89Q | ISTP.DISPLAY_TYPE.Missing:
  mms4_mec_dipole_tilt: mms4_mec_dipole_tilt DISPLAY_TYPE for variable with VAR_TYPE = 'data'.
  mms4_mec_gmst: mms4_mec_gmst DISPLAY_TYPE for variable with VAR_TYPE = 'data'.
  mms4_mec_mlat: mms4_mec_mlat DISPLAY_TYPE for variable with VAR_TYPE = 'data'.
  mms4_mec_mlt: mms4_mec_mlt DISPLAY_TYPE for variable with VAR_TYPE = 'data'.
  mms4_mec_l_dipole: mms4_mec_l_dipole DISPLAY_TYPE for variable with VAR_TYPE = 'data'.
  mms4_mec_kp: mms4_mec_kp DISPLAY_TYPE for variable with VAR_TYPE = 'data'.
  mms4_mec_dst: mms4_mec_dst DISPLAY_TYPE for variable with VAR_TYPE = 'data'.
  mms4_mec_earth_eclipse_flag: mms4_mec_earth_eclipse_flag DISPLAY_TYPE for variable with VAR_TYPE = 'data'.
  mms4_mec_moon_eclipse_flag: mms4_mec_moon_eclipse_flag DISPLAY_TYPE for variable with VAR_TYPE = 'data'.
  mms4_mec_geod_lat: mms4_mec_geod_lat DISPLAY_TYPE for variable with VAR_TYPE = 'data'.
  mms4_mec_geod_lon: mms4_mec_geod_lon DISPLAY_TYPE for variable with VAR_TYPE = 'data'.
  mms4_mec_geod_height: mms4_mec_geod_height DISPLAY_TYPE for variable with VAR_TYPE = 'data'.
  mms4_mec_fieldline_type: mms4_mec_fieldline_type DISPLAY_TYPE for variable with VAR_TYPE = 'data'.
  mms4_mec_loss_cone_angle_s: mms4_mec_loss_cone_angle_s DISPLAY_TYPE for variable with VAR_TYPE = 'data'.
  mms4_mec_loss_cone_angle_n: mms4_mec_loss_cone_angle_n DISPLAY_TYPE for variable with VAR_TYPE = 'data'.
MMS4_MEC_BRST_L2_EPHTS04D | ISTP.DISPLAY_TYPE.Missing:
  mms4_mec_dipole_tilt: mms4_mec_dipole_tilt DISPLAY_TYPE for variable with VAR_TYPE = 'data'.
  mms4_mec_gmst: mms4_mec_gmst DISPLAY_TYPE for variable with VAR_TYPE = 'data'.
  mms4_mec_mlat: mms4_mec_mlat DISPLAY_TYPE for variable with VAR_TYPE = 'data'.
  mms4_mec_mlt: mms4_mec_mlt DISPLAY_TYPE for variable with VAR_TYPE = 'data'.
  mms4_mec_l_dipole: mms4_mec_l_dipole DISPLAY_TYPE for variable with VAR_TYPE = 'data'.
  mms4_mec_kp: mms4_mec_kp DISPLAY_TYPE for variable with VAR_TYPE = 'data'.
  mms4_mec_dst: mms4_mec_dst DISPLAY_TYPE for variable with VAR_TYPE = 'data'.
  mms4_mec_earth_eclipse_flag: mms4_mec_earth_eclipse_flag DISPLAY_TYPE for variable with VAR_TYPE = 'data'.
  mms4_mec_moon_eclipse_flag: mms4_mec_moon_eclipse_flag DISPLAY_TYPE for variable with VAR_TYPE = 'data'.
  mms4_mec_geod_lat: mms4_mec_geod_lat DISPLAY_TYPE for variable with VAR_TYPE = 'data'.
  mms4_mec_geod_lon: mms4_mec_geod_lon DISPLAY_TYPE for variable with VAR_TYPE = 'data'.
  mms4_mec_geod_height: mms4_mec_geod_height DISPLAY_TYPE for variable with VAR_TYPE = 'data'.
  mms4_mec_fieldline_type: mms4_mec_fieldline_type DISPLAY_TYPE for variable with VAR_TYPE = 'data'.
  mms4_mec_loss_cone_angle_s: mms4_mec_loss_cone_angle_s DISPLAY_TYPE for variable with VAR_TYPE = 'data'.
  mms4_mec_loss_cone_angle_n: mms4_mec_loss_cone_angle_n DISPLAY_TYPE for variable with VAR_TYPE = 'data'.
MMS4_MEC_SRVY_L2_EPHT89D | ISTP.DISPLAY_TYPE.Missing:
  mms4_mec_dipole_tilt: mms4_mec_dipole_tilt DISPLAY_TYPE for variable with VAR_TYPE = 'data'.
  mms4_mec_gmst: mms4_mec_gmst DISPLAY_TYPE for variable with VAR_TYPE = 'data'.
  mms4_mec_mlat: mms4_mec_mlat DISPLAY_TYPE for variable with VAR_TYPE = 'data'.
  mms4_mec_mlt: mms4_mec_mlt DISPLAY_TYPE for variable with VAR_TYPE = 'data'.
  mms4_mec_l_dipole: mms4_mec_l_dipole DISPLAY_TYPE for variable with VAR_TYPE = 'data'.
  mms4_mec_kp: mms4_mec_kp DISPLAY_TYPE for variable with VAR_TYPE = 'data'.
  mms4_mec_dst: mms4_mec_dst DISPLAY_TYPE for variable with VAR_TYPE = 'data'.
  mms4_mec_earth_eclipse_flag: mms4_mec_earth_eclipse_flag DISPLAY_TYPE for variable with VAR_TYPE = 'data'.
  mms4_mec_moon_eclipse_flag: mms4_mec_moon_eclipse_flag DISPLAY_TYPE for variable with VAR_TYPE = 'data'.
  mms4_mec_geod_lat: mms4_mec_geod_lat DISPLAY_TYPE for variable with VAR_TYPE = 'data'.
  mms4_mec_geod_lon: mms4_mec_geod_lon DISPLAY_TYPE for variable with VAR_TYPE = 'data'.
  mms4_mec_geod_height: mms4_mec_geod_height DISPLAY_TYPE for variable with VAR_TYPE = 'data'.
  mms4_mec_fieldline_type: mms4_mec_fieldline_type DISPLAY_TYPE for variable with VAR_TYPE = 'data'.
  mms4_mec_loss_cone_angle_s: mms4_mec_loss_cone_angle_s DISPLAY_TYPE for variable with VAR_TYPE = 'data'.
  mms4_mec_loss_cone_angle_n: mms4_mec_loss_cone_angle_n DISPLAY_TYPE for variable with VAR_TYPE = 'data'.
MMS4_MEC_SRVY_L2_EPHT89Q | ISTP.DISPLAY_TYPE.Missing:
  mms4_mec_dipole_tilt: mms4_mec_dipole_tilt DISPLAY_TYPE for variable with VAR_TYPE = 'data'.
  mms4_mec_gmst: mms4_mec_gmst DISPLAY_TYPE for variable with VAR_TYPE = 'data'.
  mms4_mec_mlat: mms4_mec_mlat DISPLAY_TYPE for variable with VAR_TYPE = 'data'.
  mms4_mec_mlt: mms4_mec_mlt DISPLAY_TYPE for variable with VAR_TYPE = 'data'.
  mms4_mec_l_dipole: mms4_mec_l_dipole DISPLAY_TYPE for variable with VAR_TYPE = 'data'.
  mms4_mec_kp: mms4_mec_kp DISPLAY_TYPE for variable with VAR_TYPE = 'data'.
  mms4_mec_dst: mms4_mec_dst DISPLAY_TYPE for variable with VAR_TYPE = 'data'.
  mms4_mec_earth_eclipse_flag: mms4_mec_earth_eclipse_flag DISPLAY_TYPE for variable with VAR_TYPE = 'data'.
  mms4_mec_moon_eclipse_flag: mms4_mec_moon_eclipse_flag DISPLAY_TYPE for variable with VAR_TYPE = 'data'.
  mms4_mec_geod_lat: mms4_mec_geod_lat DISPLAY_TYPE for variable with VAR_TYPE = 'data'.
  mms4_mec_geod_lon: mms4_mec_geod_lon DISPLAY_TYPE for variable with VAR_TYPE = 'data'.
  mms4_mec_geod_height: mms4_mec_geod_height DISPLAY_TYPE for variable with VAR_TYPE = 'data'.
  mms4_mec_fieldline_type: mms4_mec_fieldline_type DISPLAY_TYPE for variable with VAR_TYPE = 'data'.
  mms4_mec_loss_cone_angle_s: mms4_mec_loss_cone_angle_s DISPLAY_TYPE for variable with VAR_TYPE = 'data'.
  mms4_mec_loss_cone_angle_n: mms4_mec_loss_cone_angle_n DISPLAY_TYPE for variable with VAR_TYPE = 'data'.
MMS4_MEC_SRVY_L2_EPHTS04D | ISTP.DISPLAY_TYPE.Missing:
  mms4_mec_dipole_tilt: mms4_mec_dipole_tilt DISPLAY_TYPE for variable with VAR_TYPE = 'data'.
  mms4_mec_gmst: mms4_mec_gmst DISPLAY_TYPE for variable with VAR_TYPE = 'data'.
  mms4_mec_mlat: mms4_mec_mlat DISPLAY_TYPE for variable with VAR_TYPE = 'data'.
  mms4_mec_mlt: mms4_mec_mlt DISPLAY_TYPE for variable with VAR_TYPE = 'data'.
  mms4_mec_l_dipole: mms4_mec_l_dipole DISPLAY_TYPE for variable with VAR_TYPE = 'data'.
  mms4_mec_kp: mms4_mec_kp DISPLAY_TYPE for variable with VAR_TYPE = 'data'.
  mms4_mec_dst: mms4_mec_dst DISPLAY_TYPE for variable with VAR_TYPE = 'data'.
  mms4_mec_earth_eclipse_flag: mms4_mec_earth_eclipse_flag DISPLAY_TYPE for variable with VAR_TYPE = 'data'.
  mms4_mec_moon_eclipse_flag: mms4_mec_moon_eclipse_flag DISPLAY_TYPE for variable with VAR_TYPE = 'data'.
  mms4_mec_geod_lat: mms4_mec_geod_lat DISPLAY_TYPE for variable with VAR_TYPE = 'data'.
  mms4_mec_geod_lon: mms4_mec_geod_lon DISPLAY_TYPE for variable with VAR_TYPE = 'data'.
  mms4_mec_geod_height: mms4_mec_geod_height DISPLAY_TYPE for variable with VAR_TYPE = 'data'.
  mms4_mec_fieldline_type: mms4_mec_fieldline_type DISPLAY_TYPE for variable with VAR_TYPE = 'data'.
  mms4_mec_loss_cone_angle_s: mms4_mec_loss_cone_angle_s DISPLAY_TYPE for variable with VAR_TYPE = 'data'.
  mms4_mec_loss_cone_angle_n: mms4_mec_loss_cone_angle_n DISPLAY_TYPE for variable with VAR_TYPE = 'data'.
MMS4_SCM_BRST_L2_SCB | ISTP.DISPLAY_TYPE.Missing:
  mms4_scm_qf_scm123_scb_brst_l2: mms4_scm_qf_scm123_scb_brst_l2 DISPLAY_TYPE for variable with VAR_TYPE = 'data'.
PIONEERVENUS_MERGED_SOLAR-WIND_10M | ISTP.DISPLAY_TYPE.Missing:
  solar_wind_speed: solar_wind_speed DISPLAY_TYPE for variable with VAR_TYPE = 'data'.
  proton_number_density: proton_number_density DISPLAY_TYPE for variable with VAR_TYPE = 'data'.
  proton_temperature: proton_temperature DISPLAY_TYPE for variable with VAR_TYPE = 'data'.
  mag_field_vso: mag_field_vso DISPLAY_TYPE for variable with VAR_TYPE = 'data'.
  B: B DISPLAY_TYPE for variable with VAR_TYPE = 'data'.
  RSUN: RSUN DISPLAY_TYPE for variable with VAR_TYPE = 'data'.
  xyz_vso: xyz_vso DISPLAY_TYPE for variable with VAR_TYPE = 'data'.
PO_EJ_VIS | ISTP.DISPLAY_TYPE.Missing:
  AltF: AltF DISPLAY_TYPE for variable with VAR_TYPE = 'data'.
  Sensor: Sensor DISPLAY_TYPE for variable with VAR_TYPE = 'data'.
  PPitch: PPitch DISPLAY_TYPE for variable with VAR_TYPE = 'data'.
  SC_Pos_GCI: SC_Pos_GCI DISPLAY_TYPE for variable with VAR_TYPE = 'data'.
  SC_Vel_GCI: SC_Vel_GCI DISPLAY_TYPE for variable with VAR_TYPE = 'data'.
  SC_SpinV_GCI: SC_SpinV_GCI DISPLAY_TYPE for variable with VAR_TYPE = 'data'.
  Headers: Headers DISPLAY_TYPE for variable with VAR_TYPE = 'data'.
PO_H0_TID | ISTP.DISPLAY_TYPE.Missing:
  hp_den: hp_den DISPLAY_TYPE for variable with VAR_TYPE = 'data'.
  hp_vel: hp_vel DISPLAY_TYPE for variable with VAR_TYPE = 'data'.
  hp_temp: hp_temp DISPLAY_TYPE for variable with VAR_TYPE = 'data'.
  op_den: op_den DISPLAY_TYPE for variable with VAR_TYPE = 'data'.
  op_vel: op_vel DISPLAY_TYPE for variable with VAR_TYPE = 'data'.
  op_temp: op_temp DISPLAY_TYPE for variable with VAR_TYPE = 'data'.
  hep_den: hep_den DISPLAY_TYPE for variable with VAR_TYPE = 'data'.
  hep_vel: hep_vel DISPLAY_TYPE for variable with VAR_TYPE = 'data'.
  hep_temp: hep_temp DISPLAY_TYPE for variable with VAR_TYPE = 'data'.
  tide_stat: tide_stat DISPLAY_TYPE for variable with VAR_TYPE = 'data'.
  psi_stat: psi_stat DISPLAY_TYPE for variable with VAR_TYPE = 'data'.
  sc_pot: sc_pot DISPLAY_TYPE for variable with VAR_TYPE = 'data'.
  ram_spin: ram_spin DISPLAY_TYPE for variable with VAR_TYPE = 'data'.
  ram_polar: ram_polar DISPLAY_TYPE for variable with VAR_TYPE = 'data'.
  mag_az: mag_az DISPLAY_TYPE for variable with VAR_TYPE = 'data'.
  mag_el: mag_el DISPLAY_TYPE for variable with VAR_TYPE = 'data'.
PO_H1_TID | ISTP.DISPLAY_TYPE.Missing:
  total_den: total_den DISPLAY_TYPE for variable with VAR_TYPE = 'data'.
  total_vel: total_vel DISPLAY_TYPE for variable with VAR_TYPE = 'data'.
  total_temp: total_temp DISPLAY_TYPE for variable with VAR_TYPE = 'data'.
  tide_stat: tide_stat DISPLAY_TYPE for variable with VAR_TYPE = 'data'.
  psi_stat: psi_stat DISPLAY_TYPE for variable with VAR_TYPE = 'data'.
  sc_pot: sc_pot DISPLAY_TYPE for variable with VAR_TYPE = 'data'.
  ram_spin: ram_spin DISPLAY_TYPE for variable with VAR_TYPE = 'data'.
  ram_polar: ram_polar DISPLAY_TYPE for variable with VAR_TYPE = 'data'.
  mag_az: mag_az DISPLAY_TYPE for variable with VAR_TYPE = 'data'.
  mag_el: mag_el DISPLAY_TYPE for variable with VAR_TYPE = 'data'.
PO_H4_PWI | ISTP.DISPLAY_TYPE.Missing:
  DATA_QUALITY: DATA_QUALITY DISPLAY_TYPE for variable with VAR_TYPE = 'data'.
PO_H5_PWI | ISTP.DISPLAY_TYPE.Missing:
  DATA_QUALITY: DATA_QUALITY DISPLAY_TYPE for variable with VAR_TYPE = 'data'.
PO_K0_PIX | ISTP.DISPLAY_TYPE.Missing:
  TXF_LOW: TXF_LOW DISPLAY_TYPE for variable with VAR_TYPE = 'data'.
  TXF_HIGH: TXF_HIGH DISPLAY_TYPE for variable with VAR_TYPE = 'data'.
PO_K0_VIS | ISTP.DISPLAY_TYPE.Missing:
  AltF: AltF DISPLAY_TYPE for variable with VAR_TYPE = 'data'.
  Sensor: Sensor DISPLAY_TYPE for variable with VAR_TYPE = 'data'.
  Filter: Filter DISPLAY_TYPE for variable with VAR_TYPE = 'data'.
  PPitch: PPitch DISPLAY_TYPE for variable with VAR_TYPE = 'data'.
  SC_Pos_GCI: SC_Pos_GCI DISPLAY_TYPE for variable with VAR_TYPE = 'data'.
  SC_Vel_GCI: SC_Vel_GCI DISPLAY_TYPE for variable with VAR_TYPE = 'data'.
  SC_SpinV_GCI: SC_SpinV_GCI DISPLAY_TYPE for variable with VAR_TYPE = 'data'.
  D_Qual: D_Qual DISPLAY_TYPE for variable with VAR_TYPE = 'data'.
PO_K1_VIS | ISTP.DISPLAY_TYPE.Missing:
  AltF: AltF DISPLAY_TYPE for variable with VAR_TYPE = 'data'.
  Sensor: Sensor DISPLAY_TYPE for variable with VAR_TYPE = 'data'.
  PPitch: PPitch DISPLAY_TYPE for variable with VAR_TYPE = 'data'.
  SC_Pos_GCI: SC_Pos_GCI DISPLAY_TYPE for variable with VAR_TYPE = 'data'.
  SC_Vel_GCI: SC_Vel_GCI DISPLAY_TYPE for variable with VAR_TYPE = 'data'.
  SC_SpinV_GCI: SC_SpinV_GCI DISPLAY_TYPE for variable with VAR_TYPE = 'data'.
  Headers: Headers DISPLAY_TYPE for variable with VAR_TYPE = 'data'.
PO_VIS_EARTH-CAMERA-CALIBRATED | ISTP.DISPLAY_TYPE.Missing:
  Sensor: Sensor DISPLAY_TYPE for variable with VAR_TYPE = 'data'.
  PPitch: PPitch DISPLAY_TYPE for variable with VAR_TYPE = 'data'.
  SC_Pos_GCI: SC_Pos_GCI DISPLAY_TYPE for variable with VAR_TYPE = 'data'.
  SC_Vel_GCI: SC_Vel_GCI DISPLAY_TYPE for variable with VAR_TYPE = 'data'.
  SC_SpinV_GCI: SC_SpinV_GCI DISPLAY_TYPE for variable with VAR_TYPE = 'data'.
PO_VIS_VISIBLE-IMAGER-CALIBRATED | ISTP.DISPLAY_TYPE.Missing:
  AltF: AltF DISPLAY_TYPE for variable with VAR_TYPE = 'data'.
  Field_Stop: Field_Stop DISPLAY_TYPE for variable with VAR_TYPE = 'data'.
  PPitch: PPitch DISPLAY_TYPE for variable with VAR_TYPE = 'data'.
  Mirr_Elv: Mirr_Elv DISPLAY_TYPE for variable with VAR_TYPE = 'data'.
  Mirr_Azm: Mirr_Azm DISPLAY_TYPE for variable with VAR_TYPE = 'data'.
  SC_Pos_GCI: SC_Pos_GCI DISPLAY_TYPE for variable with VAR_TYPE = 'data'.
  SC_Vel_GCI: SC_Vel_GCI DISPLAY_TYPE for variable with VAR_TYPE = 'data'.
  SC_SpinV_GCI: SC_SpinV_GCI DISPLAY_TYPE for variable with VAR_TYPE = 'data'.
  D_Qual: D_Qual DISPLAY_TYPE for variable with VAR_TYPE = 'data'.
PSP_FLD_L2_TDS_WF | ISTP.DISPLAY_TYPE.Missing:
  PSP_FLD_L2_TDS_WF_N_Bursts_Today: PSP_FLD_L2_TDS_WF_N_Bursts_Today DISPLAY_TYPE for variable with VAR_TYPE = 'data'.
PSP_SWP_SPC_L3I | ISTP.DISPLAY_TYPE.Missing:
  general_flag: general_flag DISPLAY_TYPE for variable with VAR_TYPE = 'data'.
RBSP-A-RBSPICE_LEV-2_ESRHELT | ISTP.DISPLAY_TYPE.Missing:
  Sector: Sector DISPLAY_TYPE for variable with VAR_TYPE = 'data'.
  Duration: Duration DISPLAY_TYPE for variable with VAR_TYPE = 'data'.
  Spin: Spin DISPLAY_TYPE for variable with VAR_TYPE = 'data'.
  OrbitNumber: OrbitNumber DISPLAY_TYPE for variable with VAR_TYPE = 'data'.
  L: L DISPLAY_TYPE for variable with VAR_TYPE = 'data'.
RBSP-A-RBSPICE_LEV-2_ESRLEHT | ISTP.DISPLAY_TYPE.Missing:
  Sector: Sector DISPLAY_TYPE for variable with VAR_TYPE = 'data'.
  Duration: Duration DISPLAY_TYPE for variable with VAR_TYPE = 'data'.
  Spin: Spin DISPLAY_TYPE for variable with VAR_TYPE = 'data'.
  OrbitNumber: OrbitNumber DISPLAY_TYPE for variable with VAR_TYPE = 'data'.
  L: L DISPLAY_TYPE for variable with VAR_TYPE = 'data'.
RBSP-A-RBSPICE_LEV-2_ISRHELT | ISTP.DISPLAY_TYPE.Missing:
  Sector: Sector DISPLAY_TYPE for variable with VAR_TYPE = 'data'.
  Duration: Duration DISPLAY_TYPE for variable with VAR_TYPE = 'data'.
  Spin: Spin DISPLAY_TYPE for variable with VAR_TYPE = 'data'.
  OrbitNumber: OrbitNumber DISPLAY_TYPE for variable with VAR_TYPE = 'data'.
  L: L DISPLAY_TYPE for variable with VAR_TYPE = 'data'.
RBSP-A-RBSPICE_LEV-2_TOFXEH | ISTP.DISPLAY_TYPE.Missing:
  Sector: Sector DISPLAY_TYPE for variable with VAR_TYPE = 'data'.
  Duration: Duration DISPLAY_TYPE for variable with VAR_TYPE = 'data'.
  Spin: Spin DISPLAY_TYPE for variable with VAR_TYPE = 'data'.
  OrbitNumber: OrbitNumber DISPLAY_TYPE for variable with VAR_TYPE = 'data'.
  L: L DISPLAY_TYPE for variable with VAR_TYPE = 'data'.
RBSP-A-RBSPICE_LEV-2_TOFXEION | ISTP.DISPLAY_TYPE.Missing:
  Sector: Sector DISPLAY_TYPE for variable with VAR_TYPE = 'data'.
  Duration: Duration DISPLAY_TYPE for variable with VAR_TYPE = 'data'.
  Spin: Spin DISPLAY_TYPE for variable with VAR_TYPE = 'data'.
  OrbitNumber: OrbitNumber DISPLAY_TYPE for variable with VAR_TYPE = 'data'.
  L: L DISPLAY_TYPE for variable with VAR_TYPE = 'data'.
RBSP-A-RBSPICE_LEV-2_TOFXENONH | ISTP.DISPLAY_TYPE.Missing:
  Sector: Sector DISPLAY_TYPE for variable with VAR_TYPE = 'data'.
  Duration: Duration DISPLAY_TYPE for variable with VAR_TYPE = 'data'.
  Spin: Spin DISPLAY_TYPE for variable with VAR_TYPE = 'data'.
  OrbitNumber: OrbitNumber DISPLAY_TYPE for variable with VAR_TYPE = 'data'.
  L: L DISPLAY_TYPE for variable with VAR_TYPE = 'data'.
RBSP-A-RBSPICE_LEV-2_TOFXPHHHELT | ISTP.DISPLAY_TYPE.Missing:
  Sector: Sector DISPLAY_TYPE for variable with VAR_TYPE = 'data'.
  Duration: Duration DISPLAY_TYPE for variable with VAR_TYPE = 'data'.
  Spin: Spin DISPLAY_TYPE for variable with VAR_TYPE = 'data'.
  OrbitNumber: OrbitNumber DISPLAY_TYPE for variable with VAR_TYPE = 'data'.
  L: L DISPLAY_TYPE for variable with VAR_TYPE = 'data'.
RBSP-A-RBSPICE_LEV-2_TOFXPHHLEHT | ISTP.DISPLAY_TYPE.Missing:
  Sector: Sector DISPLAY_TYPE for variable with VAR_TYPE = 'data'.
  Duration: Duration DISPLAY_TYPE for variable with VAR_TYPE = 'data'.
  Spin: Spin DISPLAY_TYPE for variable with VAR_TYPE = 'data'.
  OrbitNumber: OrbitNumber DISPLAY_TYPE for variable with VAR_TYPE = 'data'.
  L: L DISPLAY_TYPE for variable with VAR_TYPE = 'data'.
RBSP-A-RBSPICE_LEV-3-PAP_ESRHELT | ISTP.DISPLAY_TYPE.Missing:
  Position_Quality: Position_Quality DISPLAY_TYPE for variable with VAR_TYPE = 'data'.
  OrbitNumber: OrbitNumber DISPLAY_TYPE for variable with VAR_TYPE = 'data'.
  L: L DISPLAY_TYPE for variable with VAR_TYPE = 'data'.
  L_Eq: L_Eq DISPLAY_TYPE for variable with VAR_TYPE = 'data'.
  L_Star: L_Star DISPLAY_TYPE for variable with VAR_TYPE = 'data'.
  I: I DISPLAY_TYPE for variable with VAR_TYPE = 'data'.
  MLT: MLT DISPLAY_TYPE for variable with VAR_TYPE = 'data'.
RBSP-A-RBSPICE_LEV-3-PAP_ESRLEHT | ISTP.DISPLAY_TYPE.Missing:
  Position_Quality: Position_Quality DISPLAY_TYPE for variable with VAR_TYPE = 'data'.
  OrbitNumber: OrbitNumber DISPLAY_TYPE for variable with VAR_TYPE = 'data'.
  L: L DISPLAY_TYPE for variable with VAR_TYPE = 'data'.
  L_Eq: L_Eq DISPLAY_TYPE for variable with VAR_TYPE = 'data'.
  L_Star: L_Star DISPLAY_TYPE for variable with VAR_TYPE = 'data'.
  I: I DISPLAY_TYPE for variable with VAR_TYPE = 'data'.
  MLT: MLT DISPLAY_TYPE for variable with VAR_TYPE = 'data'.
RBSP-A-RBSPICE_LEV-3-PAP_TOFXEH | ISTP.DISPLAY_TYPE.Missing:
  Position_Quality: Position_Quality DISPLAY_TYPE for variable with VAR_TYPE = 'data'.
  OrbitNumber: OrbitNumber DISPLAY_TYPE for variable with VAR_TYPE = 'data'.
  L: L DISPLAY_TYPE for variable with VAR_TYPE = 'data'.
  L_Eq: L_Eq DISPLAY_TYPE for variable with VAR_TYPE = 'data'.
  L_Star: L_Star DISPLAY_TYPE for variable with VAR_TYPE = 'data'.
  I: I DISPLAY_TYPE for variable with VAR_TYPE = 'data'.
  MLT: MLT DISPLAY_TYPE for variable with VAR_TYPE = 'data'.
RBSP-A-RBSPICE_LEV-3-PAP_TOFXEHE | ISTP.DISPLAY_TYPE.Missing:
  Position_Quality: Position_Quality DISPLAY_TYPE for variable with VAR_TYPE = 'data'.
  OrbitNumber: OrbitNumber DISPLAY_TYPE for variable with VAR_TYPE = 'data'.
  L: L DISPLAY_TYPE for variable with VAR_TYPE = 'data'.
  L_Eq: L_Eq DISPLAY_TYPE for variable with VAR_TYPE = 'data'.
  L_Star: L_Star DISPLAY_TYPE for variable with VAR_TYPE = 'data'.
  I: I DISPLAY_TYPE for variable with VAR_TYPE = 'data'.
  MLT: MLT DISPLAY_TYPE for variable with VAR_TYPE = 'data'.
RBSP-A-RBSPICE_LEV-3-PAP_TOFXEHE-0 | ISTP.DISPLAY_TYPE.Missing:
  Position_Quality: Position_Quality DISPLAY_TYPE for variable with VAR_TYPE = 'data'.
  OrbitNumber: OrbitNumber DISPLAY_TYPE for variable with VAR_TYPE = 'data'.
  L: L DISPLAY_TYPE for variable with VAR_TYPE = 'data'.
  L_Eq: L_Eq DISPLAY_TYPE for variable with VAR_TYPE = 'data'.
  L_Star: L_Star DISPLAY_TYPE for variable with VAR_TYPE = 'data'.
  I: I DISPLAY_TYPE for variable with VAR_TYPE = 'data'.
  MLT: MLT DISPLAY_TYPE for variable with VAR_TYPE = 'data'.
RBSP-A-RBSPICE_LEV-3-PAP_TOFXEION | ISTP.DISPLAY_TYPE.Missing:
  Position_Quality: Position_Quality DISPLAY_TYPE for variable with VAR_TYPE = 'data'.
  OrbitNumber: OrbitNumber DISPLAY_TYPE for variable with VAR_TYPE = 'data'.
  L: L DISPLAY_TYPE for variable with VAR_TYPE = 'data'.
  L_Eq: L_Eq DISPLAY_TYPE for variable with VAR_TYPE = 'data'.
  L_Star: L_Star DISPLAY_TYPE for variable with VAR_TYPE = 'data'.
  I: I DISPLAY_TYPE for variable with VAR_TYPE = 'data'.
  MLT: MLT DISPLAY_TYPE for variable with VAR_TYPE = 'data'.
RBSP-A-RBSPICE_LEV-3-PAP_TOFXEO | ISTP.DISPLAY_TYPE.Missing:
  Position_Quality: Position_Quality DISPLAY_TYPE for variable with VAR_TYPE = 'data'.
  OrbitNumber: OrbitNumber DISPLAY_TYPE for variable with VAR_TYPE = 'data'.
  L: L DISPLAY_TYPE for variable with VAR_TYPE = 'data'.
  L_Eq: L_Eq DISPLAY_TYPE for variable with VAR_TYPE = 'data'.
  L_Star: L_Star DISPLAY_TYPE for variable with VAR_TYPE = 'data'.
  I: I DISPLAY_TYPE for variable with VAR_TYPE = 'data'.
  MLT: MLT DISPLAY_TYPE for variable with VAR_TYPE = 'data'.
RBSP-A-RBSPICE_LEV-3-PAP_TOFXEO-0 | ISTP.DISPLAY_TYPE.Missing:
  Position_Quality: Position_Quality DISPLAY_TYPE for variable with VAR_TYPE = 'data'.
  OrbitNumber: OrbitNumber DISPLAY_TYPE for variable with VAR_TYPE = 'data'.
  L: L DISPLAY_TYPE for variable with VAR_TYPE = 'data'.
  L_Eq: L_Eq DISPLAY_TYPE for variable with VAR_TYPE = 'data'.
  L_Star: L_Star DISPLAY_TYPE for variable with VAR_TYPE = 'data'.
  I: I DISPLAY_TYPE for variable with VAR_TYPE = 'data'.
  MLT: MLT DISPLAY_TYPE for variable with VAR_TYPE = 'data'.
RBSP-A-RBSPICE_LEV-3-PAP_TOFXPHHHELT | ISTP.DISPLAY_TYPE.Missing:
  Position_Quality: Position_Quality DISPLAY_TYPE for variable with VAR_TYPE = 'data'.
  OrbitNumber: OrbitNumber DISPLAY_TYPE for variable with VAR_TYPE = 'data'.
  L: L DISPLAY_TYPE for variable with VAR_TYPE = 'data'.
  L_Eq: L_Eq DISPLAY_TYPE for variable with VAR_TYPE = 'data'.
  L_Star: L_Star DISPLAY_TYPE for variable with VAR_TYPE = 'data'.
  I: I DISPLAY_TYPE for variable with VAR_TYPE = 'data'.
  MLT: MLT DISPLAY_TYPE for variable with VAR_TYPE = 'data'.
RBSP-A-RBSPICE_LEV-3-PAP_TOFXPHHLEHT | ISTP.DISPLAY_TYPE.Missing:
  Position_Quality: Position_Quality DISPLAY_TYPE for variable with VAR_TYPE = 'data'.
  OrbitNumber: OrbitNumber DISPLAY_TYPE for variable with VAR_TYPE = 'data'.
  L: L DISPLAY_TYPE for variable with VAR_TYPE = 'data'.
  L_Eq: L_Eq DISPLAY_TYPE for variable with VAR_TYPE = 'data'.
  L_Star: L_Star DISPLAY_TYPE for variable with VAR_TYPE = 'data'.
  I: I DISPLAY_TYPE for variable with VAR_TYPE = 'data'.
  MLT: MLT DISPLAY_TYPE for variable with VAR_TYPE = 'data'.
RBSP-A-RBSPICE_LEV-3-PAP_TOFXPHOHELT | ISTP.DISPLAY_TYPE.Missing:
  Position_Quality: Position_Quality DISPLAY_TYPE for variable with VAR_TYPE = 'data'.
  OrbitNumber: OrbitNumber DISPLAY_TYPE for variable with VAR_TYPE = 'data'.
  L: L DISPLAY_TYPE for variable with VAR_TYPE = 'data'.
  L_Eq: L_Eq DISPLAY_TYPE for variable with VAR_TYPE = 'data'.
  L_Star: L_Star DISPLAY_TYPE for variable with VAR_TYPE = 'data'.
  I: I DISPLAY_TYPE for variable with VAR_TYPE = 'data'.
  MLT: MLT DISPLAY_TYPE for variable with VAR_TYPE = 'data'.
RBSP-A-RBSPICE_LEV-3-PAP_TOFXPHOLEHT | ISTP.DISPLAY_TYPE.Missing:
  Position_Quality: Position_Quality DISPLAY_TYPE for variable with VAR_TYPE = 'data'.
  OrbitNumber: OrbitNumber DISPLAY_TYPE for variable with VAR_TYPE = 'data'.
  L: L DISPLAY_TYPE for variable with VAR_TYPE = 'data'.
  L_Eq: L_Eq DISPLAY_TYPE for variable with VAR_TYPE = 'data'.
  L_Star: L_Star DISPLAY_TYPE for variable with VAR_TYPE = 'data'.
  I: I DISPLAY_TYPE for variable with VAR_TYPE = 'data'.
  MLT: MLT DISPLAY_TYPE for variable with VAR_TYPE = 'data'.
RBSP-A-RBSPICE_LEV-3_ESRHELT | ISTP.DISPLAY_TYPE.Missing:
  Sector: Sector DISPLAY_TYPE for variable with VAR_TYPE = 'data'.
  Duration: Duration DISPLAY_TYPE for variable with VAR_TYPE = 'data'.
  Spin: Spin DISPLAY_TYPE for variable with VAR_TYPE = 'data'.
  Position_Quality: Position_Quality DISPLAY_TYPE for variable with VAR_TYPE = 'data'.
  OrbitNumber: OrbitNumber DISPLAY_TYPE for variable with VAR_TYPE = 'data'.
  L: L DISPLAY_TYPE for variable with VAR_TYPE = 'data'.
  L_Eq: L_Eq DISPLAY_TYPE for variable with VAR_TYPE = 'data'.
  L_Star: L_Star DISPLAY_TYPE for variable with VAR_TYPE = 'data'.
  I: I DISPLAY_TYPE for variable with VAR_TYPE = 'data'.
  K: K DISPLAY_TYPE for variable with VAR_TYPE = 'data'.
  MLT: MLT DISPLAY_TYPE for variable with VAR_TYPE = 'data'.
  Alpha_Quality: Alpha_Quality DISPLAY_TYPE for variable with VAR_TYPE = 'data'.
RBSP-A-RBSPICE_LEV-3_ESRLEHT | ISTP.DISPLAY_TYPE.Missing:
  Sector: Sector DISPLAY_TYPE for variable with VAR_TYPE = 'data'.
  Duration: Duration DISPLAY_TYPE for variable with VAR_TYPE = 'data'.
  Spin: Spin DISPLAY_TYPE for variable with VAR_TYPE = 'data'.
  Position_Quality: Position_Quality DISPLAY_TYPE for variable with VAR_TYPE = 'data'.
  OrbitNumber: OrbitNumber DISPLAY_TYPE for variable with VAR_TYPE = 'data'.
  L: L DISPLAY_TYPE for variable with VAR_TYPE = 'data'.
  L_Eq: L_Eq DISPLAY_TYPE for variable with VAR_TYPE = 'data'.
  L_Star: L_Star DISPLAY_TYPE for variable with VAR_TYPE = 'data'.
  I: I DISPLAY_TYPE for variable with VAR_TYPE = 'data'.
  K: K DISPLAY_TYPE for variable with VAR_TYPE = 'data'.
  MLT: MLT DISPLAY_TYPE for variable with VAR_TYPE = 'data'.
  Alpha_Quality: Alpha_Quality DISPLAY_TYPE for variable with VAR_TYPE = 'data'.
RBSP-A-RBSPICE_LEV-3_ISRHELT | ISTP.DISPLAY_TYPE.Missing:
  Sector: Sector DISPLAY_TYPE for variable with VAR_TYPE = 'data'.
  Duration: Duration DISPLAY_TYPE for variable with VAR_TYPE = 'data'.
  Spin: Spin DISPLAY_TYPE for variable with VAR_TYPE = 'data'.
  Position_Quality: Position_Quality DISPLAY_TYPE for variable with VAR_TYPE = 'data'.
  OrbitNumber: OrbitNumber DISPLAY_TYPE for variable with VAR_TYPE = 'data'.
  L: L DISPLAY_TYPE for variable with VAR_TYPE = 'data'.
  L_Eq: L_Eq DISPLAY_TYPE for variable with VAR_TYPE = 'data'.
  L_Star: L_Star DISPLAY_TYPE for variable with VAR_TYPE = 'data'.
  I: I DISPLAY_TYPE for variable with VAR_TYPE = 'data'.
  K: K DISPLAY_TYPE for variable with VAR_TYPE = 'data'.
  MLT: MLT DISPLAY_TYPE for variable with VAR_TYPE = 'data'.
  Alpha_Quality: Alpha_Quality DISPLAY_TYPE for variable with VAR_TYPE = 'data'.
RBSP-A-RBSPICE_LEV-3_TOFXEH | ISTP.DISPLAY_TYPE.Missing:
  Sector: Sector DISPLAY_TYPE for variable with VAR_TYPE = 'data'.
  Duration: Duration DISPLAY_TYPE for variable with VAR_TYPE = 'data'.
  Spin: Spin DISPLAY_TYPE for variable with VAR_TYPE = 'data'.
  Position_Quality: Position_Quality DISPLAY_TYPE for variable with VAR_TYPE = 'data'.
  OrbitNumber: OrbitNumber DISPLAY_TYPE for variable with VAR_TYPE = 'data'.
  L: L DISPLAY_TYPE for variable with VAR_TYPE = 'data'.
  L_Eq: L_Eq DISPLAY_TYPE for variable with VAR_TYPE = 'data'.
  L_Star: L_Star DISPLAY_TYPE for variable with VAR_TYPE = 'data'.
  I: I DISPLAY_TYPE for variable with VAR_TYPE = 'data'.
  K: K DISPLAY_TYPE for variable with VAR_TYPE = 'data'.
  MLT: MLT DISPLAY_TYPE for variable with VAR_TYPE = 'data'.
  Alpha_Quality: Alpha_Quality DISPLAY_TYPE for variable with VAR_TYPE = 'data'.
RBSP-A-RBSPICE_LEV-3_TOFXEION | ISTP.DISPLAY_TYPE.Missing:
  Sector: Sector DISPLAY_TYPE for variable with VAR_TYPE = 'data'.
  Duration: Duration DISPLAY_TYPE for variable with VAR_TYPE = 'data'.
  Spin: Spin DISPLAY_TYPE for variable with VAR_TYPE = 'data'.
  Position_Quality: Position_Quality DISPLAY_TYPE for variable with VAR_TYPE = 'data'.
  OrbitNumber: OrbitNumber DISPLAY_TYPE for variable with VAR_TYPE = 'data'.
  L: L DISPLAY_TYPE for variable with VAR_TYPE = 'data'.
  L_Eq: L_Eq DISPLAY_TYPE for variable with VAR_TYPE = 'data'.
  L_Star: L_Star DISPLAY_TYPE for variable with VAR_TYPE = 'data'.
  I: I DISPLAY_TYPE for variable with VAR_TYPE = 'data'.
  K: K DISPLAY_TYPE for variable with VAR_TYPE = 'data'.
  MLT: MLT DISPLAY_TYPE for variable with VAR_TYPE = 'data'.
  Alpha_Quality: Alpha_Quality DISPLAY_TYPE for variable with VAR_TYPE = 'data'.
RBSP-A-RBSPICE_LEV-3_TOFXENONH | ISTP.DISPLAY_TYPE.Missing:
  Sector: Sector DISPLAY_TYPE for variable with VAR_TYPE = 'data'.
  Duration: Duration DISPLAY_TYPE for variable with VAR_TYPE = 'data'.
  Spin: Spin DISPLAY_TYPE for variable with VAR_TYPE = 'data'.
  Position_Quality: Position_Quality DISPLAY_TYPE for variable with VAR_TYPE = 'data'.
  OrbitNumber: OrbitNumber DISPLAY_TYPE for variable with VAR_TYPE = 'data'.
  L: L DISPLAY_TYPE for variable with VAR_TYPE = 'data'.
  L_Eq: L_Eq DISPLAY_TYPE for variable with VAR_TYPE = 'data'.
  L_Star: L_Star DISPLAY_TYPE for variable with VAR_TYPE = 'data'.
  I: I DISPLAY_TYPE for variable with VAR_TYPE = 'data'.
  K: K DISPLAY_TYPE for variable with VAR_TYPE = 'data'.
  MLT: MLT DISPLAY_TYPE for variable with VAR_TYPE = 'data'.
  Alpha_Quality: Alpha_Quality DISPLAY_TYPE for variable with VAR_TYPE = 'data'.
RBSP-A-RBSPICE_LEV-3_TOFXPHHHELT | ISTP.DISPLAY_TYPE.Missing:
  Sector: Sector DISPLAY_TYPE for variable with VAR_TYPE = 'data'.
  Duration: Duration DISPLAY_TYPE for variable with VAR_TYPE = 'data'.
  Spin: Spin DISPLAY_TYPE for variable with VAR_TYPE = 'data'.
  Position_Quality: Position_Quality DISPLAY_TYPE for variable with VAR_TYPE = 'data'.
  OrbitNumber: OrbitNumber DISPLAY_TYPE for variable with VAR_TYPE = 'data'.
  L: L DISPLAY_TYPE for variable with VAR_TYPE = 'data'.
  L_Eq: L_Eq DISPLAY_TYPE for variable with VAR_TYPE = 'data'.
  L_Star: L_Star DISPLAY_TYPE for variable with VAR_TYPE = 'data'.
  I: I DISPLAY_TYPE for variable with VAR_TYPE = 'data'.
  K: K DISPLAY_TYPE for variable with VAR_TYPE = 'data'.
  MLT: MLT DISPLAY_TYPE for variable with VAR_TYPE = 'data'.
  Alpha_Quality: Alpha_Quality DISPLAY_TYPE for variable with VAR_TYPE = 'data'.
RBSP-A-RBSPICE_LEV-3_TOFXPHHLEHT | ISTP.DISPLAY_TYPE.Missing:
  Sector: Sector DISPLAY_TYPE for variable with VAR_TYPE = 'data'.
  Duration: Duration DISPLAY_TYPE for variable with VAR_TYPE = 'data'.
  Spin: Spin DISPLAY_TYPE for variable with VAR_TYPE = 'data'.
  Position_Quality: Position_Quality DISPLAY_TYPE for variable with VAR_TYPE = 'data'.
  OrbitNumber: OrbitNumber DISPLAY_TYPE for variable with VAR_TYPE = 'data'.
  L: L DISPLAY_TYPE for variable with VAR_TYPE = 'data'.
  L_Eq: L_Eq DISPLAY_TYPE for variable with VAR_TYPE = 'data'.
  L_Star: L_Star DISPLAY_TYPE for variable with VAR_TYPE = 'data'.
  I: I DISPLAY_TYPE for variable with VAR_TYPE = 'data'.
  K: K DISPLAY_TYPE for variable with VAR_TYPE = 'data'.
  MLT: MLT DISPLAY_TYPE for variable with VAR_TYPE = 'data'.
  Alpha_Quality: Alpha_Quality DISPLAY_TYPE for variable with VAR_TYPE = 'data'.
RBSP-A_HFR-SPECTRA-BURST_EMFISIS-L2 | ISTP.DISPLAY_TYPE.Missing:
  HFR_bins: HFR_bins DISPLAY_TYPE for variable with VAR_TYPE = 'data'.
  HBGain: HBGain DISPLAY_TYPE for variable with VAR_TYPE = 'data'.
  HBSelect: HBSelect DISPLAY_TYPE for variable with VAR_TYPE = 'data'.
  MET: MET DISPLAY_TYPE for variable with VAR_TYPE = 'data'.
RBSP-A_HFR-SPECTRA-MERGED_EMFISIS-L2 | ISTP.DISPLAY_TYPE.Missing:
  HFR_bins: HFR_bins DISPLAY_TYPE for variable with VAR_TYPE = 'data'.
  HBGain: HBGain DISPLAY_TYPE for variable with VAR_TYPE = 'data'.
  HBSelect: HBSelect DISPLAY_TYPE for variable with VAR_TYPE = 'data'.
  MET: MET DISPLAY_TYPE for variable with VAR_TYPE = 'data'.
RBSP-A_HFR-SPECTRA_EMFISIS-L2 | ISTP.DISPLAY_TYPE.Missing:
  HFR_bins: HFR_bins DISPLAY_TYPE for variable with VAR_TYPE = 'data'.
  HBGain: HBGain DISPLAY_TYPE for variable with VAR_TYPE = 'data'.
  HBSelect: HBSelect DISPLAY_TYPE for variable with VAR_TYPE = 'data'.
  MET: MET DISPLAY_TYPE for variable with VAR_TYPE = 'data'.
RBSP-A_HFR-WAVEFORM_EMFISIS-L2 | ISTP.DISPLAY_TYPE.Missing:
  HBGain: HBGain DISPLAY_TYPE for variable with VAR_TYPE = 'data'.
  HBSelect: HBSelect DISPLAY_TYPE for variable with VAR_TYPE = 'data'.
  MET: MET DISPLAY_TYPE for variable with VAR_TYPE = 'data'.
RBSP-A_MAGNETOMETER_1SEC-GEI_EMFISIS-L3 | ISTP.DISPLAY_TYPE.Missing:
  range_flag: range_flag DISPLAY_TYPE for variable with VAR_TYPE = 'data'.
  partition: partition DISPLAY_TYPE for variable with VAR_TYPE = 'data'.
  MET: MET DISPLAY_TYPE for variable with VAR_TYPE = 'data'.
  calState: calState DISPLAY_TYPE for variable with VAR_TYPE = 'data'.
  magInvalid: magInvalid DISPLAY_TYPE for variable with VAR_TYPE = 'data'.
  magFill: magFill DISPLAY_TYPE for variable with VAR_TYPE = 'data'.
RBSP-A_MAGNETOMETER_1SEC-GEO_EMFISIS-L3 | ISTP.DISPLAY_TYPE.Missing:
  range_flag: range_flag DISPLAY_TYPE for variable with VAR_TYPE = 'data'.
  partition: partition DISPLAY_TYPE for variable with VAR_TYPE = 'data'.
  MET: MET DISPLAY_TYPE for variable with VAR_TYPE = 'data'.
  calState: calState DISPLAY_TYPE for variable with VAR_TYPE = 'data'.
  magInvalid: magInvalid DISPLAY_TYPE for variable with VAR_TYPE = 'data'.
  magFill: magFill DISPLAY_TYPE for variable with VAR_TYPE = 'data'.
RBSP-A_MAGNETOMETER_1SEC-GSE_EMFISIS-L3 | ISTP.DISPLAY_TYPE.Missing:
  range_flag: range_flag DISPLAY_TYPE for variable with VAR_TYPE = 'data'.
  partition: partition DISPLAY_TYPE for variable with VAR_TYPE = 'data'.
  MET: MET DISPLAY_TYPE for variable with VAR_TYPE = 'data'.
  calState: calState DISPLAY_TYPE for variable with VAR_TYPE = 'data'.
  magInvalid: magInvalid DISPLAY_TYPE for variable with VAR_TYPE = 'data'.
  magFill: magFill DISPLAY_TYPE for variable with VAR_TYPE = 'data'.
RBSP-A_MAGNETOMETER_1SEC-GSM_EMFISIS-L3 | ISTP.DISPLAY_TYPE.Missing:
  range_flag: range_flag DISPLAY_TYPE for variable with VAR_TYPE = 'data'.
  partition: partition DISPLAY_TYPE for variable with VAR_TYPE = 'data'.
  MET: MET DISPLAY_TYPE for variable with VAR_TYPE = 'data'.
  calState: calState DISPLAY_TYPE for variable with VAR_TYPE = 'data'.
  magInvalid: magInvalid DISPLAY_TYPE for variable with VAR_TYPE = 'data'.
  magFill: magFill DISPLAY_TYPE for variable with VAR_TYPE = 'data'.
RBSP-A_MAGNETOMETER_1SEC-SM_EMFISIS-L3 | ISTP.DISPLAY_TYPE.Missing:
  range_flag: range_flag DISPLAY_TYPE for variable with VAR_TYPE = 'data'.
  partition: partition DISPLAY_TYPE for variable with VAR_TYPE = 'data'.
  MET: MET DISPLAY_TYPE for variable with VAR_TYPE = 'data'.
  calState: calState DISPLAY_TYPE for variable with VAR_TYPE = 'data'.
  magInvalid: magInvalid DISPLAY_TYPE for variable with VAR_TYPE = 'data'.
  magFill: magFill DISPLAY_TYPE for variable with VAR_TYPE = 'data'.
RBSP-A_MAGNETOMETER_4SEC-GEI_EMFISIS-L3 | ISTP.DISPLAY_TYPE.Missing:
  range_flag: range_flag DISPLAY_TYPE for variable with VAR_TYPE = 'data'.
  partition: partition DISPLAY_TYPE for variable with VAR_TYPE = 'data'.
  MET: MET DISPLAY_TYPE for variable with VAR_TYPE = 'data'.
  calState: calState DISPLAY_TYPE for variable with VAR_TYPE = 'data'.
  magInvalid: magInvalid DISPLAY_TYPE for variable with VAR_TYPE = 'data'.
  magFill: magFill DISPLAY_TYPE for variable with VAR_TYPE = 'data'.
RBSP-A_MAGNETOMETER_4SEC-GEO_EMFISIS-L3 | ISTP.DISPLAY_TYPE.Missing:
  range_flag: range_flag DISPLAY_TYPE for variable with VAR_TYPE = 'data'.
  partition: partition DISPLAY_TYPE for variable with VAR_TYPE = 'data'.
  MET: MET DISPLAY_TYPE for variable with VAR_TYPE = 'data'.
  calState: calState DISPLAY_TYPE for variable with VAR_TYPE = 'data'.
  magInvalid: magInvalid DISPLAY_TYPE for variable with VAR_TYPE = 'data'.
  magFill: magFill DISPLAY_TYPE for variable with VAR_TYPE = 'data'.
RBSP-A_MAGNETOMETER_4SEC-GSE_EMFISIS-L3 | ISTP.DISPLAY_TYPE.Missing:
  range_flag: range_flag DISPLAY_TYPE for variable with VAR_TYPE = 'data'.
  partition: partition DISPLAY_TYPE for variable with VAR_TYPE = 'data'.
  MET: MET DISPLAY_TYPE for variable with VAR_TYPE = 'data'.
  calState: calState DISPLAY_TYPE for variable with VAR_TYPE = 'data'.
  magInvalid: magInvalid DISPLAY_TYPE for variable with VAR_TYPE = 'data'.
  magFill: magFill DISPLAY_TYPE for variable with VAR_TYPE = 'data'.
RBSP-A_MAGNETOMETER_4SEC-GSM_EMFISIS-L3 | ISTP.DISPLAY_TYPE.Missing:
  range_flag: range_flag DISPLAY_TYPE for variable with VAR_TYPE = 'data'.
  partition: partition DISPLAY_TYPE for variable with VAR_TYPE = 'data'.
  MET: MET DISPLAY_TYPE for variable with VAR_TYPE = 'data'.
  calState: calState DISPLAY_TYPE for variable with VAR_TYPE = 'data'.
  magInvalid: magInvalid DISPLAY_TYPE for variable with VAR_TYPE = 'data'.
  magFill: magFill DISPLAY_TYPE for variable with VAR_TYPE = 'data'.
RBSP-A_MAGNETOMETER_4SEC-SM_EMFISIS-L3 | ISTP.DISPLAY_TYPE.Missing:
  range_flag: range_flag DISPLAY_TYPE for variable with VAR_TYPE = 'data'.
  partition: partition DISPLAY_TYPE for variable with VAR_TYPE = 'data'.
  MET: MET DISPLAY_TYPE for variable with VAR_TYPE = 'data'.
  calState: calState DISPLAY_TYPE for variable with VAR_TYPE = 'data'.
  magInvalid: magInvalid DISPLAY_TYPE for variable with VAR_TYPE = 'data'.
  magFill: magFill DISPLAY_TYPE for variable with VAR_TYPE = 'data'.
RBSP-A_MAGNETOMETER_HIRES-GEI_EMFISIS-L3 | ISTP.DISPLAY_TYPE.Missing:
  range_flag: range_flag DISPLAY_TYPE for variable with VAR_TYPE = 'data'.
  partition: partition DISPLAY_TYPE for variable with VAR_TYPE = 'data'.
  MET: MET DISPLAY_TYPE for variable with VAR_TYPE = 'data'.
  calState: calState DISPLAY_TYPE for variable with VAR_TYPE = 'data'.
  magInvalid: magInvalid DISPLAY_TYPE for variable with VAR_TYPE = 'data'.
  magFill: magFill DISPLAY_TYPE for variable with VAR_TYPE = 'data'.
RBSP-A_MAGNETOMETER_HIRES-GEO_EMFISIS-L3 | ISTP.DISPLAY_TYPE.Missing:
  range_flag: range_flag DISPLAY_TYPE for variable with VAR_TYPE = 'data'.
  partition: partition DISPLAY_TYPE for variable with VAR_TYPE = 'data'.
  MET: MET DISPLAY_TYPE for variable with VAR_TYPE = 'data'.
  calState: calState DISPLAY_TYPE for variable with VAR_TYPE = 'data'.
  magInvalid: magInvalid DISPLAY_TYPE for variable with VAR_TYPE = 'data'.
  magFill: magFill DISPLAY_TYPE for variable with VAR_TYPE = 'data'.
RBSP-A_MAGNETOMETER_HIRES-GSE_EMFISIS-L3 | ISTP.DISPLAY_TYPE.Missing:
  range_flag: range_flag DISPLAY_TYPE for variable with VAR_TYPE = 'data'.
  partition: partition DISPLAY_TYPE for variable with VAR_TYPE = 'data'.
  MET: MET DISPLAY_TYPE for variable with VAR_TYPE = 'data'.
  calState: calState DISPLAY_TYPE for variable with VAR_TYPE = 'data'.
  magInvalid: magInvalid DISPLAY_TYPE for variable with VAR_TYPE = 'data'.
  magFill: magFill DISPLAY_TYPE for variable with VAR_TYPE = 'data'.
RBSP-A_MAGNETOMETER_HIRES-GSM_EMFISIS-L3 | ISTP.DISPLAY_TYPE.Missing:
  range_flag: range_flag DISPLAY_TYPE for variable with VAR_TYPE = 'data'.
  partition: partition DISPLAY_TYPE for variable with VAR_TYPE = 'data'.
  MET: MET DISPLAY_TYPE for variable with VAR_TYPE = 'data'.
  calState: calState DISPLAY_TYPE for variable with VAR_TYPE = 'data'.
  magInvalid: magInvalid DISPLAY_TYPE for variable with VAR_TYPE = 'data'.
  magFill: magFill DISPLAY_TYPE for variable with VAR_TYPE = 'data'.
RBSP-A_MAGNETOMETER_HIRES-SM_EMFISIS-L3 | ISTP.DISPLAY_TYPE.Missing:
  range_flag: range_flag DISPLAY_TYPE for variable with VAR_TYPE = 'data'.
  partition: partition DISPLAY_TYPE for variable with VAR_TYPE = 'data'.
  MET: MET DISPLAY_TYPE for variable with VAR_TYPE = 'data'.
  calState: calState DISPLAY_TYPE for variable with VAR_TYPE = 'data'.
  magInvalid: magInvalid DISPLAY_TYPE for variable with VAR_TYPE = 'data'.
  magFill: magFill DISPLAY_TYPE for variable with VAR_TYPE = 'data'.
RBSP-A_MAGNETOMETER_UVW_EMFISIS-L2 | ISTP.DISPLAY_TYPE.Missing:
  range_flag: range_flag DISPLAY_TYPE for variable with VAR_TYPE = 'data'.
  partition: partition DISPLAY_TYPE for variable with VAR_TYPE = 'data'.
  MET: MET DISPLAY_TYPE for variable with VAR_TYPE = 'data'.
  calState: calState DISPLAY_TYPE for variable with VAR_TYPE = 'data'.
  magInvalid: magInvalid DISPLAY_TYPE for variable with VAR_TYPE = 'data'.
  magFill: magFill DISPLAY_TYPE for variable with VAR_TYPE = 'data'.
RBSP-A_WFR-SPECTRAL-MATRIX-DIAGONAL-MERGED_EMFISIS-L2 | ISTP.DISPLAY_TYPE.Missing:
  LWEzGainW: LWEzGainW DISPLAY_TYPE for variable with VAR_TYPE = 'data'.
  LWExEyGainUV: LWExEyGainUV DISPLAY_TYPE for variable with VAR_TYPE = 'data'.
  SCMGain: SCMGain DISPLAY_TYPE for variable with VAR_TYPE = 'data'.
  MET: MET DISPLAY_TYPE for variable with VAR_TYPE = 'data'.
RBSP-A_WFR-SPECTRAL-MATRIX-DIAGONAL_EMFISIS-L2 | ISTP.DISPLAY_TYPE.Missing:
  LWEzGainW: LWEzGainW DISPLAY_TYPE for variable with VAR_TYPE = 'data'.
  LWExEyGainUV: LWExEyGainUV DISPLAY_TYPE for variable with VAR_TYPE = 'data'.
  SCMGain: SCMGain DISPLAY_TYPE for variable with VAR_TYPE = 'data'.
  MET: MET DISPLAY_TYPE for variable with VAR_TYPE = 'data'.
RBSP-A_WFR-SPECTRAL-MATRIX_EMFISIS-L2 | ISTP.DISPLAY_TYPE.Missing:
  LWEzGainW: LWEzGainW DISPLAY_TYPE for variable with VAR_TYPE = 'data'.
  LWExEyGainUV: LWExEyGainUV DISPLAY_TYPE for variable with VAR_TYPE = 'data'.
  SCMGain: SCMGain DISPLAY_TYPE for variable with VAR_TYPE = 'data'.
  MET: MET DISPLAY_TYPE for variable with VAR_TYPE = 'data'.
RBSP-A_WFR-WAVEFORM-CONTINUOUS-BURST_EMFISIS-L2 | ISTP.DISPLAY_TYPE.Missing:
  LWEzGainW: LWEzGainW DISPLAY_TYPE for variable with VAR_TYPE = 'data'.
  LWExEyGainUV: LWExEyGainUV DISPLAY_TYPE for variable with VAR_TYPE = 'data'.
  SCMGain: SCMGain DISPLAY_TYPE for variable with VAR_TYPE = 'data'.
RBSP-A_WFR-WAVEFORM_EMFISIS-L2 | ISTP.DISPLAY_TYPE.Missing:
  LWEzGainW: LWEzGainW DISPLAY_TYPE for variable with VAR_TYPE = 'data'.
  LWExEyGainUV: LWExEyGainUV DISPLAY_TYPE for variable with VAR_TYPE = 'data'.
  SCMGain: SCMGain DISPLAY_TYPE for variable with VAR_TYPE = 'data'.
RBSP-A_WNA-SURVEY_EMFISIS-L4 | ISTP.DISPLAY_TYPE.Missing:
  Tuvw2fac: Tuvw2fac DISPLAY_TYPE for variable with VAR_TYPE = 'data'.
  Buvw: Buvw DISPLAY_TYPE for variable with VAR_TYPE = 'data'.
RBSP-B-RBSPICE_LEV-2_ESRHELT | ISTP.DISPLAY_TYPE.Missing:
  Sector: Sector DISPLAY_TYPE for variable with VAR_TYPE = 'data'.
  Duration: Duration DISPLAY_TYPE for variable with VAR_TYPE = 'data'.
  Spin: Spin DISPLAY_TYPE for variable with VAR_TYPE = 'data'.
  OrbitNumber: OrbitNumber DISPLAY_TYPE for variable with VAR_TYPE = 'data'.
  L: L DISPLAY_TYPE for variable with VAR_TYPE = 'data'.
RBSP-B-RBSPICE_LEV-2_ESRLEHT | ISTP.DISPLAY_TYPE.Missing:
  Sector: Sector DISPLAY_TYPE for variable with VAR_TYPE = 'data'.
  Duration: Duration DISPLAY_TYPE for variable with VAR_TYPE = 'data'.
  Spin: Spin DISPLAY_TYPE for variable with VAR_TYPE = 'data'.
  OrbitNumber: OrbitNumber DISPLAY_TYPE for variable with VAR_TYPE = 'data'.
  L: L DISPLAY_TYPE for variable with VAR_TYPE = 'data'.
RBSP-B-RBSPICE_LEV-2_ISRHELT | ISTP.DISPLAY_TYPE.Missing:
  Sector: Sector DISPLAY_TYPE for variable with VAR_TYPE = 'data'.
  Duration: Duration DISPLAY_TYPE for variable with VAR_TYPE = 'data'.
  Spin: Spin DISPLAY_TYPE for variable with VAR_TYPE = 'data'.
  OrbitNumber: OrbitNumber DISPLAY_TYPE for variable with VAR_TYPE = 'data'.
  L: L DISPLAY_TYPE for variable with VAR_TYPE = 'data'.
RBSP-B-RBSPICE_LEV-2_TOFXEH | ISTP.DISPLAY_TYPE.Missing:
  Sector: Sector DISPLAY_TYPE for variable with VAR_TYPE = 'data'.
  Duration: Duration DISPLAY_TYPE for variable with VAR_TYPE = 'data'.
  Spin: Spin DISPLAY_TYPE for variable with VAR_TYPE = 'data'.
  OrbitNumber: OrbitNumber DISPLAY_TYPE for variable with VAR_TYPE = 'data'.
  L: L DISPLAY_TYPE for variable with VAR_TYPE = 'data'.
RBSP-B-RBSPICE_LEV-2_TOFXEION | ISTP.DISPLAY_TYPE.Missing:
  Sector: Sector DISPLAY_TYPE for variable with VAR_TYPE = 'data'.
  Duration: Duration DISPLAY_TYPE for variable with VAR_TYPE = 'data'.
  Spin: Spin DISPLAY_TYPE for variable with VAR_TYPE = 'data'.
  OrbitNumber: OrbitNumber DISPLAY_TYPE for variable with VAR_TYPE = 'data'.
  L: L DISPLAY_TYPE for variable with VAR_TYPE = 'data'.
RBSP-B-RBSPICE_LEV-2_TOFXENONH | ISTP.DISPLAY_TYPE.Missing:
  Sector: Sector DISPLAY_TYPE for variable with VAR_TYPE = 'data'.
  Duration: Duration DISPLAY_TYPE for variable with VAR_TYPE = 'data'.
  Spin: Spin DISPLAY_TYPE for variable with VAR_TYPE = 'data'.
  OrbitNumber: OrbitNumber DISPLAY_TYPE for variable with VAR_TYPE = 'data'.
  L: L DISPLAY_TYPE for variable with VAR_TYPE = 'data'.
RBSP-B-RBSPICE_LEV-2_TOFXPHHHELT | ISTP.DISPLAY_TYPE.Missing:
  Sector: Sector DISPLAY_TYPE for variable with VAR_TYPE = 'data'.
  Duration: Duration DISPLAY_TYPE for variable with VAR_TYPE = 'data'.
  Spin: Spin DISPLAY_TYPE for variable with VAR_TYPE = 'data'.
  OrbitNumber: OrbitNumber DISPLAY_TYPE for variable with VAR_TYPE = 'data'.
  L: L DISPLAY_TYPE for variable with VAR_TYPE = 'data'.
RBSP-B-RBSPICE_LEV-2_TOFXPHHLEHT | ISTP.DISPLAY_TYPE.Missing:
  Sector: Sector DISPLAY_TYPE for variable with VAR_TYPE = 'data'.
  Duration: Duration DISPLAY_TYPE for variable with VAR_TYPE = 'data'.
  Spin: Spin DISPLAY_TYPE for variable with VAR_TYPE = 'data'.
  OrbitNumber: OrbitNumber DISPLAY_TYPE for variable with VAR_TYPE = 'data'.
  L: L DISPLAY_TYPE for variable with VAR_TYPE = 'data'.
RBSP-B-RBSPICE_LEV-3-PAP_ESRHELT | ISTP.DISPLAY_TYPE.Missing:
  Position_Quality: Position_Quality DISPLAY_TYPE for variable with VAR_TYPE = 'data'.
  OrbitNumber: OrbitNumber DISPLAY_TYPE for variable with VAR_TYPE = 'data'.
  L: L DISPLAY_TYPE for variable with VAR_TYPE = 'data'.
  L_Eq: L_Eq DISPLAY_TYPE for variable with VAR_TYPE = 'data'.
  L_Star: L_Star DISPLAY_TYPE for variable with VAR_TYPE = 'data'.
  I: I DISPLAY_TYPE for variable with VAR_TYPE = 'data'.
  MLT: MLT DISPLAY_TYPE for variable with VAR_TYPE = 'data'.
RBSP-B-RBSPICE_LEV-3-PAP_ESRLEHT | ISTP.DISPLAY_TYPE.Missing:
  Position_Quality: Position_Quality DISPLAY_TYPE for variable with VAR_TYPE = 'data'.
  OrbitNumber: OrbitNumber DISPLAY_TYPE for variable with VAR_TYPE = 'data'.
  L: L DISPLAY_TYPE for variable with VAR_TYPE = 'data'.
  L_Eq: L_Eq DISPLAY_TYPE for variable with VAR_TYPE = 'data'.
  L_Star: L_Star DISPLAY_TYPE for variable with VAR_TYPE = 'data'.
  I: I DISPLAY_TYPE for variable with VAR_TYPE = 'data'.
  MLT: MLT DISPLAY_TYPE for variable with VAR_TYPE = 'data'.
RBSP-B-RBSPICE_LEV-3-PAP_TOFXEH | ISTP.DISPLAY_TYPE.Missing:
  Position_Quality: Position_Quality DISPLAY_TYPE for variable with VAR_TYPE = 'data'.
  OrbitNumber: OrbitNumber DISPLAY_TYPE for variable with VAR_TYPE = 'data'.
  L: L DISPLAY_TYPE for variable with VAR_TYPE = 'data'.
  L_Eq: L_Eq DISPLAY_TYPE for variable with VAR_TYPE = 'data'.
  L_Star: L_Star DISPLAY_TYPE for variable with VAR_TYPE = 'data'.
  I: I DISPLAY_TYPE for variable with VAR_TYPE = 'data'.
  MLT: MLT DISPLAY_TYPE for variable with VAR_TYPE = 'data'.
RBSP-B-RBSPICE_LEV-3-PAP_TOFXEHE | ISTP.DISPLAY_TYPE.Missing:
  Position_Quality: Position_Quality DISPLAY_TYPE for variable with VAR_TYPE = 'data'.
  OrbitNumber: OrbitNumber DISPLAY_TYPE for variable with VAR_TYPE = 'data'.
  L: L DISPLAY_TYPE for variable with VAR_TYPE = 'data'.
  L_Eq: L_Eq DISPLAY_TYPE for variable with VAR_TYPE = 'data'.
  L_Star: L_Star DISPLAY_TYPE for variable with VAR_TYPE = 'data'.
  I: I DISPLAY_TYPE for variable with VAR_TYPE = 'data'.
  MLT: MLT DISPLAY_TYPE for variable with VAR_TYPE = 'data'.
RBSP-B-RBSPICE_LEV-3-PAP_TOFXEHE-0 | ISTP.DISPLAY_TYPE.Missing:
  Position_Quality: Position_Quality DISPLAY_TYPE for variable with VAR_TYPE = 'data'.
  OrbitNumber: OrbitNumber DISPLAY_TYPE for variable with VAR_TYPE = 'data'.
  L: L DISPLAY_TYPE for variable with VAR_TYPE = 'data'.
  L_Eq: L_Eq DISPLAY_TYPE for variable with VAR_TYPE = 'data'.
  L_Star: L_Star DISPLAY_TYPE for variable with VAR_TYPE = 'data'.
  I: I DISPLAY_TYPE for variable with VAR_TYPE = 'data'.
  MLT: MLT DISPLAY_TYPE for variable with VAR_TYPE = 'data'.
RBSP-B-RBSPICE_LEV-3-PAP_TOFXEION | ISTP.DISPLAY_TYPE.Missing:
  Position_Quality: Position_Quality DISPLAY_TYPE for variable with VAR_TYPE = 'data'.
  OrbitNumber: OrbitNumber DISPLAY_TYPE for variable with VAR_TYPE = 'data'.
  L: L DISPLAY_TYPE for variable with VAR_TYPE = 'data'.
  L_Eq: L_Eq DISPLAY_TYPE for variable with VAR_TYPE = 'data'.
  L_Star: L_Star DISPLAY_TYPE for variable with VAR_TYPE = 'data'.
  I: I DISPLAY_TYPE for variable with VAR_TYPE = 'data'.
  MLT: MLT DISPLAY_TYPE for variable with VAR_TYPE = 'data'.
RBSP-B-RBSPICE_LEV-3-PAP_TOFXEO | ISTP.DISPLAY_TYPE.Missing:
  Position_Quality: Position_Quality DISPLAY_TYPE for variable with VAR_TYPE = 'data'.
  OrbitNumber: OrbitNumber DISPLAY_TYPE for variable with VAR_TYPE = 'data'.
  L: L DISPLAY_TYPE for variable with VAR_TYPE = 'data'.
  L_Eq: L_Eq DISPLAY_TYPE for variable with VAR_TYPE = 'data'.
  L_Star: L_Star DISPLAY_TYPE for variable with VAR_TYPE = 'data'.
  I: I DISPLAY_TYPE for variable with VAR_TYPE = 'data'.
  MLT: MLT DISPLAY_TYPE for variable with VAR_TYPE = 'data'.
RBSP-B-RBSPICE_LEV-3-PAP_TOFXEO-0 | ISTP.DISPLAY_TYPE.Missing:
  Position_Quality: Position_Quality DISPLAY_TYPE for variable with VAR_TYPE = 'data'.
  OrbitNumber: OrbitNumber DISPLAY_TYPE for variable with VAR_TYPE = 'data'.
  L: L DISPLAY_TYPE for variable with VAR_TYPE = 'data'.
  L_Eq: L_Eq DISPLAY_TYPE for variable with VAR_TYPE = 'data'.
  L_Star: L_Star DISPLAY_TYPE for variable with VAR_TYPE = 'data'.
  I: I DISPLAY_TYPE for variable with VAR_TYPE = 'data'.
  MLT: MLT DISPLAY_TYPE for variable with VAR_TYPE = 'data'.
RBSP-B-RBSPICE_LEV-3-PAP_TOFXPHHHELT | ISTP.DISPLAY_TYPE.Missing:
  Position_Quality: Position_Quality DISPLAY_TYPE for variable with VAR_TYPE = 'data'.
  OrbitNumber: OrbitNumber DISPLAY_TYPE for variable with VAR_TYPE = 'data'.
  L: L DISPLAY_TYPE for variable with VAR_TYPE = 'data'.
  L_Eq: L_Eq DISPLAY_TYPE for variable with VAR_TYPE = 'data'.
  L_Star: L_Star DISPLAY_TYPE for variable with VAR_TYPE = 'data'.
  I: I DISPLAY_TYPE for variable with VAR_TYPE = 'data'.
  MLT: MLT DISPLAY_TYPE for variable with VAR_TYPE = 'data'.
RBSP-B-RBSPICE_LEV-3-PAP_TOFXPHHLEHT | ISTP.DISPLAY_TYPE.Missing:
  Position_Quality: Position_Quality DISPLAY_TYPE for variable with VAR_TYPE = 'data'.
  OrbitNumber: OrbitNumber DISPLAY_TYPE for variable with VAR_TYPE = 'data'.
  L: L DISPLAY_TYPE for variable with VAR_TYPE = 'data'.
  L_Eq: L_Eq DISPLAY_TYPE for variable with VAR_TYPE = 'data'.
  L_Star: L_Star DISPLAY_TYPE for variable with VAR_TYPE = 'data'.
  I: I DISPLAY_TYPE for variable with VAR_TYPE = 'data'.
  MLT: MLT DISPLAY_TYPE for variable with VAR_TYPE = 'data'.
RBSP-B-RBSPICE_LEV-3-PAP_TOFXPHOHELT | ISTP.DISPLAY_TYPE.Missing:
  Position_Quality: Position_Quality DISPLAY_TYPE for variable with VAR_TYPE = 'data'.
  OrbitNumber: OrbitNumber DISPLAY_TYPE for variable with VAR_TYPE = 'data'.
  L: L DISPLAY_TYPE for variable with VAR_TYPE = 'data'.
  L_Eq: L_Eq DISPLAY_TYPE for variable with VAR_TYPE = 'data'.
  L_Star: L_Star DISPLAY_TYPE for variable with VAR_TYPE = 'data'.
  I: I DISPLAY_TYPE for variable with VAR_TYPE = 'data'.
  MLT: MLT DISPLAY_TYPE for variable with VAR_TYPE = 'data'.
RBSP-B-RBSPICE_LEV-3-PAP_TOFXPHOLEHT | ISTP.DISPLAY_TYPE.Missing:
  Position_Quality: Position_Quality DISPLAY_TYPE for variable with VAR_TYPE = 'data'.
  OrbitNumber: OrbitNumber DISPLAY_TYPE for variable with VAR_TYPE = 'data'.
  L: L DISPLAY_TYPE for variable with VAR_TYPE = 'data'.
  L_Eq: L_Eq DISPLAY_TYPE for variable with VAR_TYPE = 'data'.
  L_Star: L_Star DISPLAY_TYPE for variable with VAR_TYPE = 'data'.
  I: I DISPLAY_TYPE for variable with VAR_TYPE = 'data'.
  MLT: MLT DISPLAY_TYPE for variable with VAR_TYPE = 'data'.
RBSP-B-RBSPICE_LEV-3_ESRHELT | ISTP.DISPLAY_TYPE.Missing:
  Sector: Sector DISPLAY_TYPE for variable with VAR_TYPE = 'data'.
  Duration: Duration DISPLAY_TYPE for variable with VAR_TYPE = 'data'.
  Spin: Spin DISPLAY_TYPE for variable with VAR_TYPE = 'data'.
  Position_Quality: Position_Quality DISPLAY_TYPE for variable with VAR_TYPE = 'data'.
  OrbitNumber: OrbitNumber DISPLAY_TYPE for variable with VAR_TYPE = 'data'.
  L: L DISPLAY_TYPE for variable with VAR_TYPE = 'data'.
  L_Eq: L_Eq DISPLAY_TYPE for variable with VAR_TYPE = 'data'.
  L_Star: L_Star DISPLAY_TYPE for variable with VAR_TYPE = 'data'.
  I: I DISPLAY_TYPE for variable with VAR_TYPE = 'data'.
  K: K DISPLAY_TYPE for variable with VAR_TYPE = 'data'.
  MLT: MLT DISPLAY_TYPE for variable with VAR_TYPE = 'data'.
  Alpha_Quality: Alpha_Quality DISPLAY_TYPE for variable with VAR_TYPE = 'data'.
RBSP-B-RBSPICE_LEV-3_ESRLEHT | ISTP.DISPLAY_TYPE.Missing:
  Sector: Sector DISPLAY_TYPE for variable with VAR_TYPE = 'data'.
  Duration: Duration DISPLAY_TYPE for variable with VAR_TYPE = 'data'.
  Spin: Spin DISPLAY_TYPE for variable with VAR_TYPE = 'data'.
  Position_Quality: Position_Quality DISPLAY_TYPE for variable with VAR_TYPE = 'data'.
  OrbitNumber: OrbitNumber DISPLAY_TYPE for variable with VAR_TYPE = 'data'.
  L: L DISPLAY_TYPE for variable with VAR_TYPE = 'data'.
  L_Eq: L_Eq DISPLAY_TYPE for variable with VAR_TYPE = 'data'.
  L_Star: L_Star DISPLAY_TYPE for variable with VAR_TYPE = 'data'.
  I: I DISPLAY_TYPE for variable with VAR_TYPE = 'data'.
  K: K DISPLAY_TYPE for variable with VAR_TYPE = 'data'.
  MLT: MLT DISPLAY_TYPE for variable with VAR_TYPE = 'data'.
  Alpha_Quality: Alpha_Quality DISPLAY_TYPE for variable with VAR_TYPE = 'data'.
RBSP-B-RBSPICE_LEV-3_ISRHELT | ISTP.DISPLAY_TYPE.Missing:
  Sector: Sector DISPLAY_TYPE for variable with VAR_TYPE = 'data'.
  Duration: Duration DISPLAY_TYPE for variable with VAR_TYPE = 'data'.
  Spin: Spin DISPLAY_TYPE for variable with VAR_TYPE = 'data'.
  Position_Quality: Position_Quality DISPLAY_TYPE for variable with VAR_TYPE = 'data'.
  OrbitNumber: OrbitNumber DISPLAY_TYPE for variable with VAR_TYPE = 'data'.
  L: L DISPLAY_TYPE for variable with VAR_TYPE = 'data'.
  L_Eq: L_Eq DISPLAY_TYPE for variable with VAR_TYPE = 'data'.
  L_Star: L_Star DISPLAY_TYPE for variable with VAR_TYPE = 'data'.
  I: I DISPLAY_TYPE for variable with VAR_TYPE = 'data'.
  K: K DISPLAY_TYPE for variable with VAR_TYPE = 'data'.
  MLT: MLT DISPLAY_TYPE for variable with VAR_TYPE = 'data'.
  Alpha_Quality: Alpha_Quality DISPLAY_TYPE for variable with VAR_TYPE = 'data'.
RBSP-B-RBSPICE_LEV-3_TOFXEH | ISTP.DISPLAY_TYPE.Missing:
  Sector: Sector DISPLAY_TYPE for variable with VAR_TYPE = 'data'.
  Duration: Duration DISPLAY_TYPE for variable with VAR_TYPE = 'data'.
  Spin: Spin DISPLAY_TYPE for variable with VAR_TYPE = 'data'.
  Position_Quality: Position_Quality DISPLAY_TYPE for variable with VAR_TYPE = 'data'.
  OrbitNumber: OrbitNumber DISPLAY_TYPE for variable with VAR_TYPE = 'data'.
  L: L DISPLAY_TYPE for variable with VAR_TYPE = 'data'.
  L_Eq: L_Eq DISPLAY_TYPE for variable with VAR_TYPE = 'data'.
  L_Star: L_Star DISPLAY_TYPE for variable with VAR_TYPE = 'data'.
  I: I DISPLAY_TYPE for variable with VAR_TYPE = 'data'.
  K: K DISPLAY_TYPE for variable with VAR_TYPE = 'data'.
  MLT: MLT DISPLAY_TYPE for variable with VAR_TYPE = 'data'.
  Alpha_Quality: Alpha_Quality DISPLAY_TYPE for variable with VAR_TYPE = 'data'.
RBSP-B-RBSPICE_LEV-3_TOFXEION | ISTP.DISPLAY_TYPE.Missing:
  Sector: Sector DISPLAY_TYPE for variable with VAR_TYPE = 'data'.
  Duration: Duration DISPLAY_TYPE for variable with VAR_TYPE = 'data'.
  Spin: Spin DISPLAY_TYPE for variable with VAR_TYPE = 'data'.
  Position_Quality: Position_Quality DISPLAY_TYPE for variable with VAR_TYPE = 'data'.
  OrbitNumber: OrbitNumber DISPLAY_TYPE for variable with VAR_TYPE = 'data'.
  L: L DISPLAY_TYPE for variable with VAR_TYPE = 'data'.
  L_Eq: L_Eq DISPLAY_TYPE for variable with VAR_TYPE = 'data'.
  L_Star: L_Star DISPLAY_TYPE for variable with VAR_TYPE = 'data'.
  I: I DISPLAY_TYPE for variable with VAR_TYPE = 'data'.
  K: K DISPLAY_TYPE for variable with VAR_TYPE = 'data'.
  MLT: MLT DISPLAY_TYPE for variable with VAR_TYPE = 'data'.
  Alpha_Quality: Alpha_Quality DISPLAY_TYPE for variable with VAR_TYPE = 'data'.
RBSP-B-RBSPICE_LEV-3_TOFXENONH | ISTP.DISPLAY_TYPE.Missing:
  Sector: Sector DISPLAY_TYPE for variable with VAR_TYPE = 'data'.
  Duration: Duration DISPLAY_TYPE for variable with VAR_TYPE = 'data'.
  Spin: Spin DISPLAY_TYPE for variable with VAR_TYPE = 'data'.
  Position_Quality: Position_Quality DISPLAY_TYPE for variable with VAR_TYPE = 'data'.
  OrbitNumber: OrbitNumber DISPLAY_TYPE for variable with VAR_TYPE = 'data'.
  L: L DISPLAY_TYPE for variable with VAR_TYPE = 'data'.
  L_Eq: L_Eq DISPLAY_TYPE for variable with VAR_TYPE = 'data'.
  L_Star: L_Star DISPLAY_TYPE for variable with VAR_TYPE = 'data'.
  I: I DISPLAY_TYPE for variable with VAR_TYPE = 'data'.
  K: K DISPLAY_TYPE for variable with VAR_TYPE = 'data'.
  MLT: MLT DISPLAY_TYPE for variable with VAR_TYPE = 'data'.
  Alpha_Quality: Alpha_Quality DISPLAY_TYPE for variable with VAR_TYPE = 'data'.
RBSP-B-RBSPICE_LEV-3_TOFXPHHHELT | ISTP.DISPLAY_TYPE.Missing:
  Sector: Sector DISPLAY_TYPE for variable with VAR_TYPE = 'data'.
  Duration: Duration DISPLAY_TYPE for variable with VAR_TYPE = 'data'.
  Spin: Spin DISPLAY_TYPE for variable with VAR_TYPE = 'data'.
  Position_Quality: Position_Quality DISPLAY_TYPE for variable with VAR_TYPE = 'data'.
  OrbitNumber: OrbitNumber DISPLAY_TYPE for variable with VAR_TYPE = 'data'.
  L: L DISPLAY_TYPE for variable with VAR_TYPE = 'data'.
  L_Eq: L_Eq DISPLAY_TYPE for variable with VAR_TYPE = 'data'.
  L_Star: L_Star DISPLAY_TYPE for variable with VAR_TYPE = 'data'.
  I: I DISPLAY_TYPE for variable with VAR_TYPE = 'data'.
  K: K DISPLAY_TYPE for variable with VAR_TYPE = 'data'.
  MLT: MLT DISPLAY_TYPE for variable with VAR_TYPE = 'data'.
  Alpha_Quality: Alpha_Quality DISPLAY_TYPE for variable with VAR_TYPE = 'data'.
RBSP-B-RBSPICE_LEV-3_TOFXPHHLEHT | ISTP.DISPLAY_TYPE.Missing:
  Sector: Sector DISPLAY_TYPE for variable with VAR_TYPE = 'data'.
  Duration: Duration DISPLAY_TYPE for variable with VAR_TYPE = 'data'.
  Spin: Spin DISPLAY_TYPE for variable with VAR_TYPE = 'data'.
  Position_Quality: Position_Quality DISPLAY_TYPE for variable with VAR_TYPE = 'data'.
  OrbitNumber: OrbitNumber DISPLAY_TYPE for variable with VAR_TYPE = 'data'.
  L: L DISPLAY_TYPE for variable with VAR_TYPE = 'data'.
  L_Eq: L_Eq DISPLAY_TYPE for variable with VAR_TYPE = 'data'.
  L_Star: L_Star DISPLAY_TYPE for variable with VAR_TYPE = 'data'.
  I: I DISPLAY_TYPE for variable with VAR_TYPE = 'data'.
  K: K DISPLAY_TYPE for variable with VAR_TYPE = 'data'.
  MLT: MLT DISPLAY_TYPE for variable with VAR_TYPE = 'data'.
  Alpha_Quality: Alpha_Quality DISPLAY_TYPE for variable with VAR_TYPE = 'data'.
RBSP-B_HFR-SPECTRA-BURST_EMFISIS-L2 | ISTP.DISPLAY_TYPE.Missing:
  HFR_bins: HFR_bins DISPLAY_TYPE for variable with VAR_TYPE = 'data'.
  HBGain: HBGain DISPLAY_TYPE for variable with VAR_TYPE = 'data'.
  HBSelect: HBSelect DISPLAY_TYPE for variable with VAR_TYPE = 'data'.
  MET: MET DISPLAY_TYPE for variable with VAR_TYPE = 'data'.
RBSP-B_HFR-SPECTRA-MERGED_EMFISIS-L2 | ISTP.DISPLAY_TYPE.Missing:
  HFR_bins: HFR_bins DISPLAY_TYPE for variable with VAR_TYPE = 'data'.
  HBGain: HBGain DISPLAY_TYPE for variable with VAR_TYPE = 'data'.
  HBSelect: HBSelect DISPLAY_TYPE for variable with VAR_TYPE = 'data'.
  MET: MET DISPLAY_TYPE for variable with VAR_TYPE = 'data'.
RBSP-B_HFR-SPECTRA_EMFISIS-L2 | ISTP.DISPLAY_TYPE.Missing:
  HFR_bins: HFR_bins DISPLAY_TYPE for variable with VAR_TYPE = 'data'.
  HBGain: HBGain DISPLAY_TYPE for variable with VAR_TYPE = 'data'.
  HBSelect: HBSelect DISPLAY_TYPE for variable with VAR_TYPE = 'data'.
  MET: MET DISPLAY_TYPE for variable with VAR_TYPE = 'data'.
RBSP-B_HFR-WAVEFORM_EMFISIS-L2 | ISTP.DISPLAY_TYPE.Missing:
  HBGain: HBGain DISPLAY_TYPE for variable with VAR_TYPE = 'data'.
  HBSelect: HBSelect DISPLAY_TYPE for variable with VAR_TYPE = 'data'.
  MET: MET DISPLAY_TYPE for variable with VAR_TYPE = 'data'.
RBSP-B_MAGNETOMETER_1SEC-GEI_EMFISIS-L3 | ISTP.DISPLAY_TYPE.Missing:
  range_flag: range_flag DISPLAY_TYPE for variable with VAR_TYPE = 'data'.
  partition: partition DISPLAY_TYPE for variable with VAR_TYPE = 'data'.
  MET: MET DISPLAY_TYPE for variable with VAR_TYPE = 'data'.
  calState: calState DISPLAY_TYPE for variable with VAR_TYPE = 'data'.
  magInvalid: magInvalid DISPLAY_TYPE for variable with VAR_TYPE = 'data'.
  magFill: magFill DISPLAY_TYPE for variable with VAR_TYPE = 'data'.
RBSP-B_MAGNETOMETER_1SEC-GEO_EMFISIS-L3 | ISTP.DISPLAY_TYPE.Missing:
  range_flag: range_flag DISPLAY_TYPE for variable with VAR_TYPE = 'data'.
  partition: partition DISPLAY_TYPE for variable with VAR_TYPE = 'data'.
  MET: MET DISPLAY_TYPE for variable with VAR_TYPE = 'data'.
  calState: calState DISPLAY_TYPE for variable with VAR_TYPE = 'data'.
  magInvalid: magInvalid DISPLAY_TYPE for variable with VAR_TYPE = 'data'.
  magFill: magFill DISPLAY_TYPE for variable with VAR_TYPE = 'data'.
RBSP-B_MAGNETOMETER_1SEC-GSE_EMFISIS-L3 | ISTP.DISPLAY_TYPE.Missing:
  range_flag: range_flag DISPLAY_TYPE for variable with VAR_TYPE = 'data'.
  partition: partition DISPLAY_TYPE for variable with VAR_TYPE = 'data'.
  MET: MET DISPLAY_TYPE for variable with VAR_TYPE = 'data'.
  calState: calState DISPLAY_TYPE for variable with VAR_TYPE = 'data'.
  magInvalid: magInvalid DISPLAY_TYPE for variable with VAR_TYPE = 'data'.
  magFill: magFill DISPLAY_TYPE for variable with VAR_TYPE = 'data'.
RBSP-B_MAGNETOMETER_1SEC-GSM_EMFISIS-L3 | ISTP.DISPLAY_TYPE.Missing:
  range_flag: range_flag DISPLAY_TYPE for variable with VAR_TYPE = 'data'.
  partition: partition DISPLAY_TYPE for variable with VAR_TYPE = 'data'.
  MET: MET DISPLAY_TYPE for variable with VAR_TYPE = 'data'.
  calState: calState DISPLAY_TYPE for variable with VAR_TYPE = 'data'.
  magInvalid: magInvalid DISPLAY_TYPE for variable with VAR_TYPE = 'data'.
  magFill: magFill DISPLAY_TYPE for variable with VAR_TYPE = 'data'.
RBSP-B_MAGNETOMETER_1SEC-SM_EMFISIS-L3 | ISTP.DISPLAY_TYPE.Missing:
  range_flag: range_flag DISPLAY_TYPE for variable with VAR_TYPE = 'data'.
  partition: partition DISPLAY_TYPE for variable with VAR_TYPE = 'data'.
  MET: MET DISPLAY_TYPE for variable with VAR_TYPE = 'data'.
  calState: calState DISPLAY_TYPE for variable with VAR_TYPE = 'data'.
  magInvalid: magInvalid DISPLAY_TYPE for variable with VAR_TYPE = 'data'.
  magFill: magFill DISPLAY_TYPE for variable with VAR_TYPE = 'data'.
RBSP-B_MAGNETOMETER_4SEC-GEI_EMFISIS-L3 | ISTP.DISPLAY_TYPE.Missing:
  range_flag: range_flag DISPLAY_TYPE for variable with VAR_TYPE = 'data'.
  partition: partition DISPLAY_TYPE for variable with VAR_TYPE = 'data'.
  MET: MET DISPLAY_TYPE for variable with VAR_TYPE = 'data'.
  calState: calState DISPLAY_TYPE for variable with VAR_TYPE = 'data'.
  magInvalid: magInvalid DISPLAY_TYPE for variable with VAR_TYPE = 'data'.
  magFill: magFill DISPLAY_TYPE for variable with VAR_TYPE = 'data'.
RBSP-B_MAGNETOMETER_4SEC-GEO_EMFISIS-L3 | ISTP.DISPLAY_TYPE.Missing:
  range_flag: range_flag DISPLAY_TYPE for variable with VAR_TYPE = 'data'.
  partition: partition DISPLAY_TYPE for variable with VAR_TYPE = 'data'.
  MET: MET DISPLAY_TYPE for variable with VAR_TYPE = 'data'.
  calState: calState DISPLAY_TYPE for variable with VAR_TYPE = 'data'.
  magInvalid: magInvalid DISPLAY_TYPE for variable with VAR_TYPE = 'data'.
  magFill: magFill DISPLAY_TYPE for variable with VAR_TYPE = 'data'.
RBSP-B_MAGNETOMETER_4SEC-GSE_EMFISIS-L3 | ISTP.DISPLAY_TYPE.Missing:
  range_flag: range_flag DISPLAY_TYPE for variable with VAR_TYPE = 'data'.
  partition: partition DISPLAY_TYPE for variable with VAR_TYPE = 'data'.
  MET: MET DISPLAY_TYPE for variable with VAR_TYPE = 'data'.
  calState: calState DISPLAY_TYPE for variable with VAR_TYPE = 'data'.
  magInvalid: magInvalid DISPLAY_TYPE for variable with VAR_TYPE = 'data'.
  magFill: magFill DISPLAY_TYPE for variable with VAR_TYPE = 'data'.
RBSP-B_MAGNETOMETER_4SEC-GSM_EMFISIS-L3 | ISTP.DISPLAY_TYPE.Missing:
  range_flag: range_flag DISPLAY_TYPE for variable with VAR_TYPE = 'data'.
  partition: partition DISPLAY_TYPE for variable with VAR_TYPE = 'data'.
  MET: MET DISPLAY_TYPE for variable with VAR_TYPE = 'data'.
  calState: calState DISPLAY_TYPE for variable with VAR_TYPE = 'data'.
  magInvalid: magInvalid DISPLAY_TYPE for variable with VAR_TYPE = 'data'.
  magFill: magFill DISPLAY_TYPE for variable with VAR_TYPE = 'data'.
RBSP-B_MAGNETOMETER_4SEC-SM_EMFISIS-L3 | ISTP.DISPLAY_TYPE.Missing:
  range_flag: range_flag DISPLAY_TYPE for variable with VAR_TYPE = 'data'.
  partition: partition DISPLAY_TYPE for variable with VAR_TYPE = 'data'.
  MET: MET DISPLAY_TYPE for variable with VAR_TYPE = 'data'.
  calState: calState DISPLAY_TYPE for variable with VAR_TYPE = 'data'.
  magInvalid: magInvalid DISPLAY_TYPE for variable with VAR_TYPE = 'data'.
  magFill: magFill DISPLAY_TYPE for variable with VAR_TYPE = 'data'.
RBSP-B_MAGNETOMETER_HIRES-GEI_EMFISIS-L3 | ISTP.DISPLAY_TYPE.Missing:
  range_flag: range_flag DISPLAY_TYPE for variable with VAR_TYPE = 'data'.
  partition: partition DISPLAY_TYPE for variable with VAR_TYPE = 'data'.
  MET: MET DISPLAY_TYPE for variable with VAR_TYPE = 'data'.
  calState: calState DISPLAY_TYPE for variable with VAR_TYPE = 'data'.
  magInvalid: magInvalid DISPLAY_TYPE for variable with VAR_TYPE = 'data'.
  magFill: magFill DISPLAY_TYPE for variable with VAR_TYPE = 'data'.
RBSP-B_MAGNETOMETER_HIRES-GEO_EMFISIS-L3 | ISTP.DISPLAY_TYPE.Missing:
  range_flag: range_flag DISPLAY_TYPE for variable with VAR_TYPE = 'data'.
  partition: partition DISPLAY_TYPE for variable with VAR_TYPE = 'data'.
  MET: MET DISPLAY_TYPE for variable with VAR_TYPE = 'data'.
  calState: calState DISPLAY_TYPE for variable with VAR_TYPE = 'data'.
  magInvalid: magInvalid DISPLAY_TYPE for variable with VAR_TYPE = 'data'.
  magFill: magFill DISPLAY_TYPE for variable with VAR_TYPE = 'data'.
RBSP-B_MAGNETOMETER_HIRES-GSE_EMFISIS-L3 | ISTP.DISPLAY_TYPE.Missing:
  range_flag: range_flag DISPLAY_TYPE for variable with VAR_TYPE = 'data'.
  partition: partition DISPLAY_TYPE for variable with VAR_TYPE = 'data'.
  MET: MET DISPLAY_TYPE for variable with VAR_TYPE = 'data'.
  calState: calState DISPLAY_TYPE for variable with VAR_TYPE = 'data'.
  magInvalid: magInvalid DISPLAY_TYPE for variable with VAR_TYPE = 'data'.
  magFill: magFill DISPLAY_TYPE for variable with VAR_TYPE = 'data'.
RBSP-B_MAGNETOMETER_HIRES-GSM_EMFISIS-L3 | ISTP.DISPLAY_TYPE.Missing:
  range_flag: range_flag DISPLAY_TYPE for variable with VAR_TYPE = 'data'.
  partition: partition DISPLAY_TYPE for variable with VAR_TYPE = 'data'.
  MET: MET DISPLAY_TYPE for variable with VAR_TYPE = 'data'.
  calState: calState DISPLAY_TYPE for variable with VAR_TYPE = 'data'.
  magInvalid: magInvalid DISPLAY_TYPE for variable with VAR_TYPE = 'data'.
  magFill: magFill DISPLAY_TYPE for variable with VAR_TYPE = 'data'.
RBSP-B_MAGNETOMETER_HIRES-SM_EMFISIS-L3 | ISTP.DISPLAY_TYPE.Missing:
  range_flag: range_flag DISPLAY_TYPE for variable with VAR_TYPE = 'data'.
  partition: partition DISPLAY_TYPE for variable with VAR_TYPE = 'data'.
  MET: MET DISPLAY_TYPE for variable with VAR_TYPE = 'data'.
  calState: calState DISPLAY_TYPE for variable with VAR_TYPE = 'data'.
  magInvalid: magInvalid DISPLAY_TYPE for variable with VAR_TYPE = 'data'.
  magFill: magFill DISPLAY_TYPE for variable with VAR_TYPE = 'data'.
RBSP-B_MAGNETOMETER_UVW_EMFISIS-L2 | ISTP.DISPLAY_TYPE.Missing:
  range_flag: range_flag DISPLAY_TYPE for variable with VAR_TYPE = 'data'.
  partition: partition DISPLAY_TYPE for variable with VAR_TYPE = 'data'.
  MET: MET DISPLAY_TYPE for variable with VAR_TYPE = 'data'.
  calState: calState DISPLAY_TYPE for variable with VAR_TYPE = 'data'.
  magInvalid: magInvalid DISPLAY_TYPE for variable with VAR_TYPE = 'data'.
  magFill: magFill DISPLAY_TYPE for variable with VAR_TYPE = 'data'.
RBSP-B_WFR-SPECTRAL-MATRIX-DIAGONAL-MERGED_EMFISIS-L2 | ISTP.DISPLAY_TYPE.Missing:
  LWEzGainW: LWEzGainW DISPLAY_TYPE for variable with VAR_TYPE = 'data'.
  LWExEyGainUV: LWExEyGainUV DISPLAY_TYPE for variable with VAR_TYPE = 'data'.
  SCMGain: SCMGain DISPLAY_TYPE for variable with VAR_TYPE = 'data'.
  MET: MET DISPLAY_TYPE for variable with VAR_TYPE = 'data'.
RBSP-B_WFR-SPECTRAL-MATRIX-DIAGONAL_EMFISIS-L2 | ISTP.DISPLAY_TYPE.Missing:
  LWEzGainW: LWEzGainW DISPLAY_TYPE for variable with VAR_TYPE = 'data'.
  LWExEyGainUV: LWExEyGainUV DISPLAY_TYPE for variable with VAR_TYPE = 'data'.
  SCMGain: SCMGain DISPLAY_TYPE for variable with VAR_TYPE = 'data'.
  MET: MET DISPLAY_TYPE for variable with VAR_TYPE = 'data'.
RBSP-B_WFR-SPECTRAL-MATRIX_EMFISIS-L2 | ISTP.DISPLAY_TYPE.Missing:
  LWEzGainW: LWEzGainW DISPLAY_TYPE for variable with VAR_TYPE = 'data'.
  LWExEyGainUV: LWExEyGainUV DISPLAY_TYPE for variable with VAR_TYPE = 'data'.
  SCMGain: SCMGain DISPLAY_TYPE for variable with VAR_TYPE = 'data'.
  MET: MET DISPLAY_TYPE for variable with VAR_TYPE = 'data'.
RBSP-B_WFR-WAVEFORM-CONTINUOUS-BURST_EMFISIS-L2 | ISTP.DISPLAY_TYPE.Missing:
  LWEzGainW: LWEzGainW DISPLAY_TYPE for variable with VAR_TYPE = 'data'.
  LWExEyGainUV: LWExEyGainUV DISPLAY_TYPE for variable with VAR_TYPE = 'data'.
  SCMGain: SCMGain DISPLAY_TYPE for variable with VAR_TYPE = 'data'.
RBSP-B_WFR-WAVEFORM_EMFISIS-L2 | ISTP.DISPLAY_TYPE.Missing:
  LWEzGainW: LWEzGainW DISPLAY_TYPE for variable with VAR_TYPE = 'data'.
  LWExEyGainUV: LWExEyGainUV DISPLAY_TYPE for variable with VAR_TYPE = 'data'.
  SCMGain: SCMGain DISPLAY_TYPE for variable with VAR_TYPE = 'data'.
RBSP-B_WNA-SURVEY_EMFISIS-L4 | ISTP.DISPLAY_TYPE.Missing:
  R: R DISPLAY_TYPE for variable with VAR_TYPE = 'data'.
  MagLat: MagLat DISPLAY_TYPE for variable with VAR_TYPE = 'data'.
  MLT: MLT DISPLAY_TYPE for variable with VAR_TYPE = 'data'.
  L: L DISPLAY_TYPE for variable with VAR_TYPE = 'data'.
  Tuvw2fac: Tuvw2fac DISPLAY_TYPE for variable with VAR_TYPE = 'data'.
  Buvw: Buvw DISPLAY_TYPE for variable with VAR_TYPE = 'data'.
RBSPA_EFW-L2_E-HIRES-UVW | ISTP.DISPLAY_TYPE.Missing:
  L_vector: L_vector DISPLAY_TYPE for variable with VAR_TYPE = 'data'.
RBSPA_REL03_ECT-MAGEIS-L2 | ISTP.DISPLAY_TYPE.Missing:
  FPDU_ERROR: FPDU_ERROR DISPLAY_TYPE for variable with VAR_TYPE = 'data'.
  FPDU_Quality: FPDU_Quality DISPLAY_TYPE for variable with VAR_TYPE = 'data'.
  FPDU_Quality_FULL: FPDU_Quality_FULL DISPLAY_TYPE for variable with VAR_TYPE = 'data'.
  BKG_TO_MAIN_RATIO_SPINAVG: BKG_TO_MAIN_RATIO_SPINAVG DISPLAY_TYPE for variable with VAR_TYPE = 'data'.
RBSPA_REL03_ECT-REPT-SCI-L2 | ISTP.DISPLAY_TYPE.Missing:
  Data_Quality: Data_Quality DISPLAY_TYPE for variable with VAR_TYPE = 'data'.
RBSPA_REL03_ECT-REPT-SCI-L3 | ISTP.DISPLAY_TYPE.Missing:
  FPDU_Unbinned_Light_Flag: FPDU_Unbinned_Light_Flag DISPLAY_TYPE for variable with VAR_TYPE = 'data'.
RBSPB_EFW-L2_E-HIRES-UVW | ISTP.DISPLAY_TYPE.Missing:
  L_vector: L_vector DISPLAY_TYPE for variable with VAR_TYPE = 'data'.
RBSPB_REL03_ECT-MAGEIS-L2 | ISTP.DISPLAY_TYPE.Missing:
  FPDU_ERROR: FPDU_ERROR DISPLAY_TYPE for variable with VAR_TYPE = 'data'.
  FPDU_Quality: FPDU_Quality DISPLAY_TYPE for variable with VAR_TYPE = 'data'.
  FPDU_Quality_FULL: FPDU_Quality_FULL DISPLAY_TYPE for variable with VAR_TYPE = 'data'.
  BKG_TO_MAIN_RATIO_SPINAVG: BKG_TO_MAIN_RATIO_SPINAVG DISPLAY_TYPE for variable with VAR_TYPE = 'data'.
RBSPB_REL03_ECT-REPT-SCI-L2 | ISTP.DISPLAY_TYPE.Missing:
  Data_Quality: Data_Quality DISPLAY_TYPE for variable with VAR_TYPE = 'data'.
RBSPB_REL03_ECT-REPT-SCI-L3 | ISTP.DISPLAY_TYPE.Missing:
  FPDU_Unbinned_Light_Flag: FPDU_Unbinned_Light_Flag DISPLAY_TYPE for variable with VAR_TYPE = 'data'.
RBSP_ECT-REPT-SCI-L3-SELESNICK-MODEL | ISTP.DISPLAY_TYPE.Missing:
  Ne_energies: Ne_energies DISPLAY_TYPE for variable with VAR_TYPE = 'data'.
  Na_pitchangles: Na_pitchangles DISPLAY_TYPE for variable with VAR_TYPE = 'data'.
  NL_shells: NL_shells DISPLAY_TYPE for variable with VAR_TYPE = 'data'.
SNOE_L3_GEO | ISTP.DISPLAY_TYPE.Missing:
  latitude: latitude DISPLAY_TYPE for variable with VAR_TYPE = 'data'.
  longitude: longitude DISPLAY_TYPE for variable with VAR_TYPE = 'data'.
  orbit: orbit DISPLAY_TYPE for variable with VAR_TYPE = 'data'.
  localTime: localTime DISPLAY_TYPE for variable with VAR_TYPE = 'data'.
  no: no DISPLAY_TYPE for variable with VAR_TYPE = 'data'.
  no_100: no_100 DISPLAY_TYPE for variable with VAR_TYPE = 'data'.
  no_110: no_110 DISPLAY_TYPE for variable with VAR_TYPE = 'data'.
  no_120: no_120 DISPLAY_TYPE for variable with VAR_TYPE = 'data'.
  no_130: no_130 DISPLAY_TYPE for variable with VAR_TYPE = 'data'.
  no_140: no_140 DISPLAY_TYPE for variable with VAR_TYPE = 'data'.
  no_150: no_150 DISPLAY_TYPE for variable with VAR_TYPE = 'data'.
SNOE_L3_MAG | ISTP.DISPLAY_TYPE.Missing:
  latitude: latitude DISPLAY_TYPE for variable with VAR_TYPE = 'data'.
  longitude: longitude DISPLAY_TYPE for variable with VAR_TYPE = 'data'.
  orbit: orbit DISPLAY_TYPE for variable with VAR_TYPE = 'data'.
  no: no DISPLAY_TYPE for variable with VAR_TYPE = 'data'.
  no_100: no_100 DISPLAY_TYPE for variable with VAR_TYPE = 'data'.
  no_110: no_110 DISPLAY_TYPE for variable with VAR_TYPE = 'data'.
  no_120: no_120 DISPLAY_TYPE for variable with VAR_TYPE = 'data'.
  no_130: no_130 DISPLAY_TYPE for variable with VAR_TYPE = 'data'.
  no_140: no_140 DISPLAY_TYPE for variable with VAR_TYPE = 'data'.
  no_150: no_150 DISPLAY_TYPE for variable with VAR_TYPE = 'data'.
SOLO_L2_SWA-PAS-EFLUX | ISTP.DISPLAY_TYPE.Missing:
  unrecovered_count: unrecovered_count DISPLAY_TYPE for variable with VAR_TYPE = 'data'.
  total_count: total_count DISPLAY_TYPE for variable with VAR_TYPE = 'data'.
  quality_factor: quality_factor DISPLAY_TYPE for variable with VAR_TYPE = 'data'.
  eflux: eflux DISPLAY_TYPE for variable with VAR_TYPE = 'data'.
SOLO_L2_SWA-PAS-GRND-MOM | ISTP.DISPLAY_TYPE.Missing:
  unrecovered_count: unrecovered_count DISPLAY_TYPE for variable with VAR_TYPE = 'data'.
  total_count: total_count DISPLAY_TYPE for variable with VAR_TYPE = 'data'.
  quality_factor: quality_factor DISPLAY_TYPE for variable with VAR_TYPE = 'data'.
  N: N DISPLAY_TYPE for variable with VAR_TYPE = 'data'.
  V_SRF: V_SRF DISPLAY_TYPE for variable with VAR_TYPE = 'data'.
  V_RTN: V_RTN DISPLAY_TYPE for variable with VAR_TYPE = 'data'.
  TxTyTz_SRF: TxTyTz_SRF DISPLAY_TYPE for variable with VAR_TYPE = 'data'.
  TxTyTz_RTN: TxTyTz_RTN DISPLAY_TYPE for variable with VAR_TYPE = 'data'.
  T: T DISPLAY_TYPE for variable with VAR_TYPE = 'data'.
  V_SOLO_RTN: V_SOLO_RTN DISPLAY_TYPE for variable with VAR_TYPE = 'data'.
SOLO_L2_SWA-PAS-VDF | ISTP.DISPLAY_TYPE.Missing:
  unrecovered_count: unrecovered_count DISPLAY_TYPE for variable with VAR_TYPE = 'data'.
  total_count: total_count DISPLAY_TYPE for variable with VAR_TYPE = 'data'.
  quality_factor: quality_factor DISPLAY_TYPE for variable with VAR_TYPE = 'data'.
STA_L1_MAG_RTN | ISTP.DISPLAY_TYPE.Missing:
  MAGFLAGUC: MAGFLAGUC DISPLAY_TYPE for variable with VAR_TYPE = 'data'.
STA_L1_MAG_SC | ISTP.DISPLAY_TYPE.Missing:
  MAGFLAGUC: MAGFLAGUC DISPLAY_TYPE for variable with VAR_TYPE = 'data'.
STA_L1_STE | ISTP.DISPLAY_TYPE.Missing:
  STE_mode: STE_mode DISPLAY_TYPE for variable with VAR_TYPE = 'data'.
STB_L1_MAG_RTN | ISTP.DISPLAY_TYPE.Missing:
  MAGFLAGUC: MAGFLAGUC DISPLAY_TYPE for variable with VAR_TYPE = 'data'.
STB_L1_MAG_SC | ISTP.DISPLAY_TYPE.Missing:
  MAGFLAGUC: MAGFLAGUC DISPLAY_TYPE for variable with VAR_TYPE = 'data'.
STB_L1_STE | ISTP.DISPLAY_TYPE.Missing:
  STE_mode: STE_mode DISPLAY_TYPE for variable with VAR_TYPE = 'data'.
TIMED_EDP_GUVI | ISTP.DISPLAY_TYPE.Missing:
  norbp_EP_100: norbp_EP_100 DISPLAY_TYPE for variable with VAR_TYPE = 'data'.
  norbp_EP_200: norbp_EP_200 DISPLAY_TYPE for variable with VAR_TYPE = 'data'.
  norbp_EP_300: norbp_EP_300 DISPLAY_TYPE for variable with VAR_TYPE = 'data'.
  norbp_EP_400: norbp_EP_400 DISPLAY_TYPE for variable with VAR_TYPE = 'data'.
  norbp_EP_500: norbp_EP_500 DISPLAY_TYPE for variable with VAR_TYPE = 'data'.
TIMED_L1BV20_SABER | ISTP.DISPLAY_TYPE.Missing:
  mode: mode DISPLAY_TYPE for variable with VAR_TYPE = 'data'.
  tpDN: tpDN DISPLAY_TYPE for variable with VAR_TYPE = 'data'.
  tpAD: tpAD DISPLAY_TYPE for variable with VAR_TYPE = 'data'.
  solAP: solAP DISPLAY_TYPE for variable with VAR_TYPE = 'data'.
  solKP: solKP DISPLAY_TYPE for variable with VAR_TYPE = 'data'.
  solf10p7Daily: solf10p7Daily DISPLAY_TYPE for variable with VAR_TYPE = 'data'.
  scSolarZen: scSolarZen DISPLAY_TYPE for variable with VAR_TYPE = 'data'.
  sclatitudeAVG: sclatitudeAVG DISPLAY_TYPE for variable with VAR_TYPE = 'data'.
  sclongitudeAVG: sclongitudeAVG DISPLAY_TYPE for variable with VAR_TYPE = 'data'.
  scaltitudeAVG: scaltitudeAVG DISPLAY_TYPE for variable with VAR_TYPE = 'data'.
  tpaltitude: tpaltitude DISPLAY_TYPE for variable with VAR_TYPE = 'data'.
  tplatitudeAVG: tplatitudeAVG DISPLAY_TYPE for variable with VAR_TYPE = 'data'.
  tplongitudeAVG: tplongitudeAVG DISPLAY_TYPE for variable with VAR_TYPE = 'data'.
  tpSolarZenAVG: tpSolarZenAVG DISPLAY_TYPE for variable with VAR_TYPE = 'data'.
  tpSolarLTAVG: tpSolarLTAVG DISPLAY_TYPE for variable with VAR_TYPE = 'data'.
  tpSolarZen: tpSolarZen DISPLAY_TYPE for variable with VAR_TYPE = 'data'.
  tpSolarLT: tpSolarLT DISPLAY_TYPE for variable with VAR_TYPE = 'data'.
  rad1: rad1 DISPLAY_TYPE for variable with VAR_TYPE = 'data'.
  rad2: rad2 DISPLAY_TYPE for variable with VAR_TYPE = 'data'.
  rad3: rad3 DISPLAY_TYPE for variable with VAR_TYPE = 'data'.
  rad4: rad4 DISPLAY_TYPE for variable with VAR_TYPE = 'data'.
  rad5: rad5 DISPLAY_TYPE for variable with VAR_TYPE = 'data'.
  rad6: rad6 DISPLAY_TYPE for variable with VAR_TYPE = 'data'.
  rad7: rad7 DISPLAY_TYPE for variable with VAR_TYPE = 'data'.
  rad8: rad8 DISPLAY_TYPE for variable with VAR_TYPE = 'data'.
  rad9: rad9 DISPLAY_TYPE for variable with VAR_TYPE = 'data'.
  rad10: rad10 DISPLAY_TYPE for variable with VAR_TYPE = 'data'.
  rad6_80km: rad6_80km DISPLAY_TYPE for variable with VAR_TYPE = 'data'.
  rad6_110km: rad6_110km DISPLAY_TYPE for variable with VAR_TYPE = 'data'.
  rad6_140km: rad6_140km DISPLAY_TYPE for variable with VAR_TYPE = 'data'.
  rad7_100km: rad7_100km DISPLAY_TYPE for variable with VAR_TYPE = 'data'.
  rad7_140km: rad7_140km DISPLAY_TYPE for variable with VAR_TYPE = 'data'.
  temperature_nmc: temperature_nmc DISPLAY_TYPE for variable with VAR_TYPE = 'data'.
  geopotential_height_nmc: geopotential_height_nmc DISPLAY_TYPE for variable with VAR_TYPE = 'data'.
TIMED_L2A_SABER | ISTP.DISPLAY_TYPE.Missing:
  mode: mode DISPLAY_TYPE for variable with VAR_TYPE = 'data'.
  tpDN: tpDN DISPLAY_TYPE for variable with VAR_TYPE = 'data'.
  tpAD: tpAD DISPLAY_TYPE for variable with VAR_TYPE = 'data'.
  solAP: solAP DISPLAY_TYPE for variable with VAR_TYPE = 'data'.
  solKP: solKP DISPLAY_TYPE for variable with VAR_TYPE = 'data'.
  solf10p7Daily: solf10p7Daily DISPLAY_TYPE for variable with VAR_TYPE = 'data'.
  solf10p781dAvg: solf10p781dAvg DISPLAY_TYPE for variable with VAR_TYPE = 'data'.
  solSpotNo: solSpotNo DISPLAY_TYPE for variable with VAR_TYPE = 'data'.
  Iaurora: Iaurora DISPLAY_TYPE for variable with VAR_TYPE = 'data'.
  sclatitudeAVG: sclatitudeAVG DISPLAY_TYPE for variable with VAR_TYPE = 'data'.
  sclongitudeAVG: sclongitudeAVG DISPLAY_TYPE for variable with VAR_TYPE = 'data'.
  scaltitudeAVG: scaltitudeAVG DISPLAY_TYPE for variable with VAR_TYPE = 'data'.
  tplatitudeAVG: tplatitudeAVG DISPLAY_TYPE for variable with VAR_TYPE = 'data'.
  tplatitude_topAVG: tplatitude_topAVG DISPLAY_TYPE for variable with VAR_TYPE = 'data'.
  tplongitudeAVG: tplongitudeAVG DISPLAY_TYPE for variable with VAR_TYPE = 'data'.
  tplongitude_topAVG: tplongitude_topAVG DISPLAY_TYPE for variable with VAR_TYPE = 'data'.
  tpSolarZenAVG: tpSolarZenAVG DISPLAY_TYPE for variable with VAR_TYPE = 'data'.
  tpSolarZen_topAVG: tpSolarZen_topAVG DISPLAY_TYPE for variable with VAR_TYPE = 'data'.
  tpSolarLTAVG: tpSolarLTAVG DISPLAY_TYPE for variable with VAR_TYPE = 'data'.
  tpSolarLT_topAVG: tpSolarLT_topAVG DISPLAY_TYPE for variable with VAR_TYPE = 'data'.
  tpSolarZen: tpSolarZen DISPLAY_TYPE for variable with VAR_TYPE = 'data'.
  tpSolarZen_top: tpSolarZen_top DISPLAY_TYPE for variable with VAR_TYPE = 'data'.
  tpSolarLT: tpSolarLT DISPLAY_TYPE for variable with VAR_TYPE = 'data'.
  tpSolarLT_top: tpSolarLT_top DISPLAY_TYPE for variable with VAR_TYPE = 'data'.
  Elevation: Elevation DISPLAY_TYPE for variable with VAR_TYPE = 'data'.
  Elevation_top: Elevation_top DISPLAY_TYPE for variable with VAR_TYPE = 'data'.
  tpgpaltitude: tpgpaltitude DISPLAY_TYPE for variable with VAR_TYPE = 'data'.
  pressure: pressure DISPLAY_TYPE for variable with VAR_TYPE = 'data'.
  ktemp: ktemp DISPLAY_TYPE for variable with VAR_TYPE = 'data'.
  density: density DISPLAY_TYPE for variable with VAR_TYPE = 'data'.
  O3_96: O3_96 DISPLAY_TYPE for variable with VAR_TYPE = 'data'.
  O3_127: O3_127 DISPLAY_TYPE for variable with VAR_TYPE = 'data'.
  O3_127_92km: O3_127_92km DISPLAY_TYPE for variable with VAR_TYPE = 'data'.
  H2O: H2O DISPLAY_TYPE for variable with VAR_TYPE = 'data'.
  C02: C02 DISPLAY_TYPE for variable with VAR_TYPE = 'data'.
  O: O DISPLAY_TYPE for variable with VAR_TYPE = 'data'.
  H: H DISPLAY_TYPE for variable with VAR_TYPE = 'data'.
  O2_1delta_ver_unfilt: O2_1delta_ver_unfilt DISPLAY_TYPE for variable with VAR_TYPE = 'data'.
  O2_1delta_ver: O2_1delta_ver DISPLAY_TYPE for variable with VAR_TYPE = 'data'.
  O2_1delta_ver_92km: O2_1delta_ver_92km DISPLAY_TYPE for variable with VAR_TYPE = 'data'.
  OH_16_ver_unfilt: OH_16_ver_unfilt DISPLAY_TYPE for variable with VAR_TYPE = 'data'.
  OH_16_ver: OH_16_ver DISPLAY_TYPE for variable with VAR_TYPE = 'data'.
  OH_16_ver_85km: OH_16_ver_85km DISPLAY_TYPE for variable with VAR_TYPE = 'data'.
  OH_20_ver_unfilt: OH_20_ver_unfilt DISPLAY_TYPE for variable with VAR_TYPE = 'data'.
  OH_20_ver: OH_20_ver DISPLAY_TYPE for variable with VAR_TYPE = 'data'.
  OH_20_ver_85km: OH_20_ver_85km DISPLAY_TYPE for variable with VAR_TYPE = 'data'.
  NO_ver_top_unfilt: NO_ver_top_unfilt DISPLAY_TYPE for variable with VAR_TYPE = 'data'.
  NO_ver_top: NO_ver_top DISPLAY_TYPE for variable with VAR_TYPE = 'data'.
  NO_ver_unfilt: NO_ver_unfilt DISPLAY_TYPE for variable with VAR_TYPE = 'data'.
  NO_ver: NO_ver DISPLAY_TYPE for variable with VAR_TYPE = 'data'.
  NO_ver_120km: NO_ver_120km DISPLAY_TYPE for variable with VAR_TYPE = 'data'.
TIMED_L3A_SEE | ISTP.DISPLAY_TYPE.Missing:
  FLUX_SP_30: FLUX_SP_30 DISPLAY_TYPE for variable with VAR_TYPE = 'data'.
  FLUX_SP_33: FLUX_SP_33 DISPLAY_TYPE for variable with VAR_TYPE = 'data'.
  FLUX_SP_36: FLUX_SP_36 DISPLAY_TYPE for variable with VAR_TYPE = 'data'.
  FLUX_SP_121: FLUX_SP_121 DISPLAY_TYPE for variable with VAR_TYPE = 'data'.
  FLUX_SP_133: FLUX_SP_133 DISPLAY_TYPE for variable with VAR_TYPE = 'data'.
  FLUX_SP_SUM6: FLUX_SP_SUM6 DISPLAY_TYPE for variable with VAR_TYPE = 'data'.
  FLUX_SP_SUM44: FLUX_SP_SUM44 DISPLAY_TYPE for variable with VAR_TYPE = 'data'.
  FLUX_SP_SUM5_44: FLUX_SP_SUM5_44 DISPLAY_TYPE for variable with VAR_TYPE = 'data'.
  FLUX_SP_SUM104: FLUX_SP_SUM104 DISPLAY_TYPE for variable with VAR_TYPE = 'data'.
  WAVE_LINE: WAVE_LINE DISPLAY_TYPE for variable with VAR_TYPE = 'data'.
  ERR_TOT_LINE: ERR_TOT_LINE DISPLAY_TYPE for variable with VAR_TYPE = 'data'.
  ERR_MEAS_LINE: ERR_MEAS_LINE DISPLAY_TYPE for variable with VAR_TYPE = 'data'.
  NAME_LINE: NAME_LINE DISPLAY_TYPE for variable with VAR_TYPE = 'data'.
  LOGT_LINE: LOGT_LINE DISPLAY_TYPE for variable with VAR_TYPE = 'data'.
  COR_1AU: COR_1AU DISPLAY_TYPE for variable with VAR_TYPE = 'data'.
TIMED_WINDVECTORSNCAR_TIDI | ISTP.DISPLAY_TYPE.Missing:
  LATcold_ascend: LATcold_ascend DISPLAY_TYPE for variable with VAR_TYPE = 'data'.
  LATwarm_ascend: LATwarm_ascend DISPLAY_TYPE for variable with VAR_TYPE = 'data'.
  LATcold_descend: LATcold_descend DISPLAY_TYPE for variable with VAR_TYPE = 'data'.
  LATwarm_descend: LATwarm_descend DISPLAY_TYPE for variable with VAR_TYPE = 'data'.
  LONcold_ascend: LONcold_ascend DISPLAY_TYPE for variable with VAR_TYPE = 'data'.
  LONwarm_ascend: LONwarm_ascend DISPLAY_TYPE for variable with VAR_TYPE = 'data'.
  LONcold_descend: LONcold_descend DISPLAY_TYPE for variable with VAR_TYPE = 'data'.
  LONwarm_descend: LONwarm_descend DISPLAY_TYPE for variable with VAR_TYPE = 'data'.
  SZAcold_ascend: SZAcold_ascend DISPLAY_TYPE for variable with VAR_TYPE = 'data'.
  SZAwarm_ascend: SZAwarm_ascend DISPLAY_TYPE for variable with VAR_TYPE = 'data'.
  SZAcold_descend: SZAcold_descend DISPLAY_TYPE for variable with VAR_TYPE = 'data'.
  SZAwarm_descend: SZAwarm_descend DISPLAY_TYPE for variable with VAR_TYPE = 'data'.
  LSTcold_ascend: LSTcold_ascend DISPLAY_TYPE for variable with VAR_TYPE = 'data'.
  LSTwarm_ascend: LSTwarm_ascend DISPLAY_TYPE for variable with VAR_TYPE = 'data'.
  LSTcold_descend: LSTcold_descend DISPLAY_TYPE for variable with VAR_TYPE = 'data'.
  LSTwarm_descend: LSTwarm_descend DISPLAY_TYPE for variable with VAR_TYPE = 'data'.
  MLATcold_ascend: MLATcold_ascend DISPLAY_TYPE for variable with VAR_TYPE = 'data'.
  MLATwarm_ascend: MLATwarm_ascend DISPLAY_TYPE for variable with VAR_TYPE = 'data'.
  MLATcold_descend: MLATcold_descend DISPLAY_TYPE for variable with VAR_TYPE = 'data'.
  MLATwarm_descend: MLATwarm_descend DISPLAY_TYPE for variable with VAR_TYPE = 'data'.
  MLONcold_ascend: MLONcold_ascend DISPLAY_TYPE for variable with VAR_TYPE = 'data'.
  MLONwarm_ascend: MLONwarm_ascend DISPLAY_TYPE for variable with VAR_TYPE = 'data'.
  MLONcold_descend: MLONcold_descend DISPLAY_TYPE for variable with VAR_TYPE = 'data'.
  MLONwarm_descend: MLONwarm_descend DISPLAY_TYPE for variable with VAR_TYPE = 'data'.
TOOWINDY_E_NE | ISTP.DISPLAY_TYPE.Missing:
  Altitude: Altitude DISPLAY_TYPE for variable with VAR_TYPE = 'data'.
  Altitude_1: Altitude_1 DISPLAY_TYPE for variable with VAR_TYPE = 'data'.
TWINS1_L1_IMAGER | ISTP.DISPLAY_TYPE.Missing:
  pixel_sweep_count: pixel_sweep_count DISPLAY_TYPE for variable with VAR_TYPE = 'data'.
  lat_pixelsize_deg: lat_pixelsize_deg DISPLAY_TYPE for variable with VAR_TYPE = 'data'.
  lon_pixelsize_deg: lon_pixelsize_deg DISPLAY_TYPE for variable with VAR_TYPE = 'data'.
  quality_flag: quality_flag DISPLAY_TYPE for variable with VAR_TYPE = 'data'.
  no_orbit_data: no_orbit_data DISPLAY_TYPE for variable with VAR_TYPE = 'data'.
  attitude_delta_deg: attitude_delta_deg DISPLAY_TYPE for variable with VAR_TYPE = 'data'.
  spin_axis_eci: spin_axis_eci DISPLAY_TYPE for variable with VAR_TYPE = 'data'.
  prime_meridian_eci: prime_meridian_eci DISPLAY_TYPE for variable with VAR_TYPE = 'data'.
  sun_posv_eci: sun_posv_eci DISPLAY_TYPE for variable with VAR_TYPE = 'data'.
  mag_eci: mag_eci DISPLAY_TYPE for variable with VAR_TYPE = 'data'.
  sc_posv_re_sm: sc_posv_re_sm DISPLAY_TYPE for variable with VAR_TYPE = 'data'.
  spin_axis_sm: spin_axis_sm DISPLAY_TYPE for variable with VAR_TYPE = 'data'.
  prime_meridian_sm: prime_meridian_sm DISPLAY_TYPE for variable with VAR_TYPE = 'data'.
  sun_posv_sm: sun_posv_sm DISPLAY_TYPE for variable with VAR_TYPE = 'data'.
  radial_distance_re: radial_distance_re DISPLAY_TYPE for variable with VAR_TYPE = 'data'.
  latitude_deg: latitude_deg DISPLAY_TYPE for variable with VAR_TYPE = 'data'.
  lshell_dip: lshell_dip DISPLAY_TYPE for variable with VAR_TYPE = 'data'.
  mlt: mlt DISPLAY_TYPE for variable with VAR_TYPE = 'data'.
TWINS1_TISTORM_IMAGER | ISTP.DISPLAY_TYPE.Missing:
  tot_time1: tot_time1 DISPLAY_TYPE for variable with VAR_TYPE = 'data'.
  delta_deg: delta_deg DISPLAY_TYPE for variable with VAR_TYPE = 'data'.
TWINS2_L1_IMAGER | ISTP.DISPLAY_TYPE.Missing:
  pixel_sweep_count: pixel_sweep_count DISPLAY_TYPE for variable with VAR_TYPE = 'data'.
  lat_pixelsize_deg: lat_pixelsize_deg DISPLAY_TYPE for variable with VAR_TYPE = 'data'.
  lon_pixelsize_deg: lon_pixelsize_deg DISPLAY_TYPE for variable with VAR_TYPE = 'data'.
  quality_flag: quality_flag DISPLAY_TYPE for variable with VAR_TYPE = 'data'.
  no_orbit_data: no_orbit_data DISPLAY_TYPE for variable with VAR_TYPE = 'data'.
  attitude_delta_deg: attitude_delta_deg DISPLAY_TYPE for variable with VAR_TYPE = 'data'.
  spin_axis_eci: spin_axis_eci DISPLAY_TYPE for variable with VAR_TYPE = 'data'.
  prime_meridian_eci: prime_meridian_eci DISPLAY_TYPE for variable with VAR_TYPE = 'data'.
  sun_posv_eci: sun_posv_eci DISPLAY_TYPE for variable with VAR_TYPE = 'data'.
  mag_eci: mag_eci DISPLAY_TYPE for variable with VAR_TYPE = 'data'.
  sc_posv_re_sm: sc_posv_re_sm DISPLAY_TYPE for variable with VAR_TYPE = 'data'.
  spin_axis_sm: spin_axis_sm DISPLAY_TYPE for variable with VAR_TYPE = 'data'.
  prime_meridian_sm: prime_meridian_sm DISPLAY_TYPE for variable with VAR_TYPE = 'data'.
  sun_posv_sm: sun_posv_sm DISPLAY_TYPE for variable with VAR_TYPE = 'data'.
  radial_distance_re: radial_distance_re DISPLAY_TYPE for variable with VAR_TYPE = 'data'.
  latitude_deg: latitude_deg DISPLAY_TYPE for variable with VAR_TYPE = 'data'.
  lshell_dip: lshell_dip DISPLAY_TYPE for variable with VAR_TYPE = 'data'.
  mlt: mlt DISPLAY_TYPE for variable with VAR_TYPE = 'data'.
  title: title DISPLAY_TYPE for variable with VAR_TYPE = 'data'.
TWINS2_TISTORM_IMAGER | ISTP.DISPLAY_TYPE.Missing:
  tot_time2: tot_time2 DISPLAY_TYPE for variable with VAR_TYPE = 'data'.
  delta_deg: delta_deg DISPLAY_TYPE for variable with VAR_TYPE = 'data'.
VOYAGER1_10S_MAG | ISTP.DISPLAY_TYPE.Missing:
  magStatus: magStatus DISPLAY_TYPE for variable with VAR_TYPE = 'data'.
  MagCommand: MagCommand DISPLAY_TYPE for variable with VAR_TYPE = 'data'.
  num1_92_averages: num1_92_averages DISPLAY_TYPE for variable with VAR_TYPE = 'data'.
VOYAGER1_1HR_MAG | ISTP.DISPLAY_TYPE.Missing:
  Spacecraft: Spacecraft DISPLAY_TYPE for variable with VAR_TYPE = 'data'.
VOYAGER1_2S_MAG | ISTP.DISPLAY_TYPE.Missing:
  magStatus: magStatus DISPLAY_TYPE for variable with VAR_TYPE = 'data'.
  magCommand: magCommand DISPLAY_TYPE for variable with VAR_TYPE = 'data'.
  numDetailPoints: numDetailPoints DISPLAY_TYPE for variable with VAR_TYPE = 'data'.
VOYAGER1_48S_MAG | ISTP.DISPLAY_TYPE.Missing:
  magStatus: magStatus DISPLAY_TYPE for variable with VAR_TYPE = 'data'.
  magCommand: magCommand DISPLAY_TYPE for variable with VAR_TYPE = 'data'.
  num9_6_averages: num9_6_averages DISPLAY_TYPE for variable with VAR_TYPE = 'data'.
VOYAGER2_10S_MAG | ISTP.DISPLAY_TYPE.Missing:
  magStatus: magStatus DISPLAY_TYPE for variable with VAR_TYPE = 'data'.
  MagCommand: MagCommand DISPLAY_TYPE for variable with VAR_TYPE = 'data'.
  num1_92_averages: num1_92_averages DISPLAY_TYPE for variable with VAR_TYPE = 'data'.
VOYAGER2_1HR_MAG | ISTP.DISPLAY_TYPE.Missing:
  Spacecraft: Spacecraft DISPLAY_TYPE for variable with VAR_TYPE = 'data'.
VOYAGER2_2S_MAG | ISTP.DISPLAY_TYPE.Missing:
  magStatus: magStatus DISPLAY_TYPE for variable with VAR_TYPE = 'data'.
  MagCommand: MagCommand DISPLAY_TYPE for variable with VAR_TYPE = 'data'.
  numDetailPoints: numDetailPoints DISPLAY_TYPE for variable with VAR_TYPE = 'data'.
VOYAGER2_48S_MAG | ISTP.DISPLAY_TYPE.Missing:
  magStatus: magStatus DISPLAY_TYPE for variable with VAR_TYPE = 'data'.
  magCommand: magCommand DISPLAY_TYPE for variable with VAR_TYPE = 'data'.
  num9_6_averages: num9_6_averages DISPLAY_TYPE for variable with VAR_TYPE = 'data'.
WI_EHPD_3DP | ISTP.DISPLAY_TYPE.Missing:
  TIME: TIME DISPLAY_TYPE for variable with VAR_TYPE = 'data'.
WI_EHSP_3DP | ISTP.DISPLAY_TYPE.Missing:
  TIME: TIME DISPLAY_TYPE for variable with VAR_TYPE = 'data'.
WI_ELM2_3DP | ISTP.DISPLAY_TYPE.Missing:
  TIME: TIME DISPLAY_TYPE for variable with VAR_TYPE = 'data'.
WI_ELPD_3DP | ISTP.DISPLAY_TYPE.Missing:
  TIME: TIME DISPLAY_TYPE for variable with VAR_TYPE = 'data'.
WI_ELSP_3DP | ISTP.DISPLAY_TYPE.Missing:
  TIME: TIME DISPLAY_TYPE for variable with VAR_TYPE = 'data'.
WI_EM_3DP | ISTP.DISPLAY_TYPE.Missing:
  TIME: TIME DISPLAY_TYPE for variable with VAR_TYPE = 'data'.
WI_EPACT_STEP-DIFFERENTIAL-ION-FLUX-1HR | ISTP.DISPLAY_TYPE.Missing:
  H_energy_min: H_energy_min DISPLAY_TYPE for variable with VAR_TYPE = 'data'.
  H_energy_center: H_energy_center DISPLAY_TYPE for variable with VAR_TYPE = 'data'.
  H_energy_max: H_energy_max DISPLAY_TYPE for variable with VAR_TYPE = 'data'.
  H_energy_efficiency_low: H_energy_efficiency_low DISPLAY_TYPE for variable with VAR_TYPE = 'data'.
  H_energy_efficiency_high: H_energy_efficiency_high DISPLAY_TYPE for variable with VAR_TYPE = 'data'.
  H_energy_efficiency_avg: H_energy_efficiency_avg DISPLAY_TYPE for variable with VAR_TYPE = 'data'.
  H_ENERGY_CENTER_T1: H_ENERGY_CENTER_T1 DISPLAY_TYPE for variable with VAR_TYPE = 'data'.
  H_ENERGY_CENTER_T2: H_ENERGY_CENTER_T2 DISPLAY_TYPE for variable with VAR_TYPE = 'data'.
  H_flux: H_flux DISPLAY_TYPE for variable with VAR_TYPE = 'data'.
  H_flux_sigma: H_flux_sigma DISPLAY_TYPE for variable with VAR_TYPE = 'data'.
  He_energy_min: He_energy_min DISPLAY_TYPE for variable with VAR_TYPE = 'data'.
  He_energy_center: He_energy_center DISPLAY_TYPE for variable with VAR_TYPE = 'data'.
  He_energy_max: He_energy_max DISPLAY_TYPE for variable with VAR_TYPE = 'data'.
  He_energy_efficiency_low: He_energy_efficiency_low DISPLAY_TYPE for variable with VAR_TYPE = 'data'.
  He_energy_efficiency_high: He_energy_efficiency_high DISPLAY_TYPE for variable with VAR_TYPE = 'data'.
  He_energy_efficiency_avg: He_energy_efficiency_avg DISPLAY_TYPE for variable with VAR_TYPE = 'data'.
  HE_ENERGY_CENTER_T1: HE_ENERGY_CENTER_T1 DISPLAY_TYPE for variable with VAR_TYPE = 'data'.
  HE_ENERGY_CENTER_T2: HE_ENERGY_CENTER_T2 DISPLAY_TYPE for variable with VAR_TYPE = 'data'.
  He_flux: He_flux DISPLAY_TYPE for variable with VAR_TYPE = 'data'.
  He_flux_sigma: He_flux_sigma DISPLAY_TYPE for variable with VAR_TYPE = 'data'.
  CNO_energy_min: CNO_energy_min DISPLAY_TYPE for variable with VAR_TYPE = 'data'.
  CNO_energy_center: CNO_energy_center DISPLAY_TYPE for variable with VAR_TYPE = 'data'.
  CNO_energy_max: CNO_energy_max DISPLAY_TYPE for variable with VAR_TYPE = 'data'.
  CNO_energy_efficiency_low: CNO_energy_efficiency_low DISPLAY_TYPE for variable with VAR_TYPE = 'data'.
  CNO_energy_efficiency_high: CNO_energy_efficiency_high DISPLAY_TYPE for variable with VAR_TYPE = 'data'.
  CNO_energy_efficiency_avg: CNO_energy_efficiency_avg DISPLAY_TYPE for variable with VAR_TYPE = 'data'.
  CNO_ENERGY_CENTER_T1: CNO_ENERGY_CENTER_T1 DISPLAY_TYPE for variable with VAR_TYPE = 'data'.
  CNO_ENERGY_CENTER_T2: CNO_ENERGY_CENTER_T2 DISPLAY_TYPE for variable with VAR_TYPE = 'data'.
  CNO_flux: CNO_flux DISPLAY_TYPE for variable with VAR_TYPE = 'data'.
  CNO_flux_sigma: CNO_flux_sigma DISPLAY_TYPE for variable with VAR_TYPE = 'data'.
  NeS_energy_min: NeS_energy_min DISPLAY_TYPE for variable with VAR_TYPE = 'data'.
  NeS_energy_center: NeS_energy_center DISPLAY_TYPE for variable with VAR_TYPE = 'data'.
  NeS_energy_max: NeS_energy_max DISPLAY_TYPE for variable with VAR_TYPE = 'data'.
  NeS_energy_efficiency_low: NeS_energy_efficiency_low DISPLAY_TYPE for variable with VAR_TYPE = 'data'.
  NeS_energy_efficiency_high: NeS_energy_efficiency_high DISPLAY_TYPE for variable with VAR_TYPE = 'data'.
  NeS_energy_efficiency_avg: NeS_energy_efficiency_avg DISPLAY_TYPE for variable with VAR_TYPE = 'data'.
  NES_ENERGY_CENTER_T1: NES_ENERGY_CENTER_T1 DISPLAY_TYPE for variable with VAR_TYPE = 'data'.
  NES_ENERGY_CENTER_T2: NES_ENERGY_CENTER_T2 DISPLAY_TYPE for variable with VAR_TYPE = 'data'.
  NeS_flux: NeS_flux DISPLAY_TYPE for variable with VAR_TYPE = 'data'.
  NeS_flux_sigma: NeS_flux_sigma DISPLAY_TYPE for variable with VAR_TYPE = 'data'.
  Fe_energy_min: Fe_energy_min DISPLAY_TYPE for variable with VAR_TYPE = 'data'.
  Fe_energy_center: Fe_energy_center DISPLAY_TYPE for variable with VAR_TYPE = 'data'.
  Fe_energy_max: Fe_energy_max DISPLAY_TYPE for variable with VAR_TYPE = 'data'.
  Fe_energy_efficiency_low: Fe_energy_efficiency_low DISPLAY_TYPE for variable with VAR_TYPE = 'data'.
  Fe_energy_efficiency_high: Fe_energy_efficiency_high DISPLAY_TYPE for variable with VAR_TYPE = 'data'.
  Fe_energy_efficiency_avg: Fe_energy_efficiency_avg DISPLAY_TYPE for variable with VAR_TYPE = 'data'.
  FE_ENERGY_CENTER_T1: FE_ENERGY_CENTER_T1 DISPLAY_TYPE for variable with VAR_TYPE = 'data'.
  FE_ENERGY_CENTER_T2: FE_ENERGY_CENTER_T2 DISPLAY_TYPE for variable with VAR_TYPE = 'data'.
  Fe_flux: Fe_flux DISPLAY_TYPE for variable with VAR_TYPE = 'data'.
  Fe_flux_sigma: Fe_flux_sigma DISPLAY_TYPE for variable with VAR_TYPE = 'data'.
  B: B DISPLAY_TYPE for variable with VAR_TYPE = 'data'.
  Btheta: Btheta DISPLAY_TYPE for variable with VAR_TYPE = 'data'.
  Bphi: Bphi DISPLAY_TYPE for variable with VAR_TYPE = 'data'.
  Brms: Brms DISPLAY_TYPE for variable with VAR_TYPE = 'data'.
  R: R DISPLAY_TYPE for variable with VAR_TYPE = 'data'.
  xyzGSE: xyzGSE DISPLAY_TYPE for variable with VAR_TYPE = 'data'.
  Vsw: Vsw DISPLAY_TYPE for variable with VAR_TYPE = 'data'.
  velocity: velocity DISPLAY_TYPE for variable with VAR_TYPE = 'data'.
  Np: Np DISPLAY_TYPE for variable with VAR_TYPE = 'data'.
  Vth: Vth DISPLAY_TYPE for variable with VAR_TYPE = 'data'.
  spin_rate: spin_rate DISPLAY_TYPE for variable with VAR_TYPE = 'data'.
WI_EPACT_STEP-DIRECTIONAL-DIFF-CNO-FLUX-10MIN | ISTP.DISPLAY_TYPE.Missing:
  ENERGY_CENTER_T1: ENERGY_CENTER_T1 DISPLAY_TYPE for variable with VAR_TYPE = 'data'.
  ENERGY_CENTER_T2: ENERGY_CENTER_T2 DISPLAY_TYPE for variable with VAR_TYPE = 'data'.
  B: B DISPLAY_TYPE for variable with VAR_TYPE = 'data'.
  Btheta: Btheta DISPLAY_TYPE for variable with VAR_TYPE = 'data'.
  Bphi: Bphi DISPLAY_TYPE for variable with VAR_TYPE = 'data'.
  Brms: Brms DISPLAY_TYPE for variable with VAR_TYPE = 'data'.
  R: R DISPLAY_TYPE for variable with VAR_TYPE = 'data'.
  Vsw: Vsw DISPLAY_TYPE for variable with VAR_TYPE = 'data'.
  Np: Np DISPLAY_TYPE for variable with VAR_TYPE = 'data'.
WI_EPACT_STEP-DIRECTIONAL-DIFF-FE-FLUX-10MIN | ISTP.DISPLAY_TYPE.Missing:
  ENERGY_CENTER_T1: ENERGY_CENTER_T1 DISPLAY_TYPE for variable with VAR_TYPE = 'data'.
  ENERGY_CENTER_T2: ENERGY_CENTER_T2 DISPLAY_TYPE for variable with VAR_TYPE = 'data'.
  B: B DISPLAY_TYPE for variable with VAR_TYPE = 'data'.
  Btheta: Btheta DISPLAY_TYPE for variable with VAR_TYPE = 'data'.
  Bphi: Bphi DISPLAY_TYPE for variable with VAR_TYPE = 'data'.
  Brms: Brms DISPLAY_TYPE for variable with VAR_TYPE = 'data'.
  R: R DISPLAY_TYPE for variable with VAR_TYPE = 'data'.
  Vsw: Vsw DISPLAY_TYPE for variable with VAR_TYPE = 'data'.
  Np: Np DISPLAY_TYPE for variable with VAR_TYPE = 'data'.
WI_EPACT_STEP-DIRECTIONAL-DIFF-H-FLUX-10MIN | ISTP.DISPLAY_TYPE.Missing:
  ENERGY_CENTER_T1: ENERGY_CENTER_T1 DISPLAY_TYPE for variable with VAR_TYPE = 'data'.
  ENERGY_CENTER_T2: ENERGY_CENTER_T2 DISPLAY_TYPE for variable with VAR_TYPE = 'data'.
  B: B DISPLAY_TYPE for variable with VAR_TYPE = 'data'.
  Btheta: Btheta DISPLAY_TYPE for variable with VAR_TYPE = 'data'.
  Bphi: Bphi DISPLAY_TYPE for variable with VAR_TYPE = 'data'.
  Brms: Brms DISPLAY_TYPE for variable with VAR_TYPE = 'data'.
  R: R DISPLAY_TYPE for variable with VAR_TYPE = 'data'.
  Vsw: Vsw DISPLAY_TYPE for variable with VAR_TYPE = 'data'.
  Np: Np DISPLAY_TYPE for variable with VAR_TYPE = 'data'.
WI_EPACT_STEP-DIRECTIONAL-DIFF-HE-FLUX-10MIN | ISTP.DISPLAY_TYPE.Missing:
  ENERGY_CENTER_T1: ENERGY_CENTER_T1 DISPLAY_TYPE for variable with VAR_TYPE = 'data'.
  ENERGY_CENTER_T2: ENERGY_CENTER_T2 DISPLAY_TYPE for variable with VAR_TYPE = 'data'.
  B: B DISPLAY_TYPE for variable with VAR_TYPE = 'data'.
  Btheta: Btheta DISPLAY_TYPE for variable with VAR_TYPE = 'data'.
  Bphi: Bphi DISPLAY_TYPE for variable with VAR_TYPE = 'data'.
  Brms: Brms DISPLAY_TYPE for variable with VAR_TYPE = 'data'.
  R: R DISPLAY_TYPE for variable with VAR_TYPE = 'data'.
  Vsw: Vsw DISPLAY_TYPE for variable with VAR_TYPE = 'data'.
  Np: Np DISPLAY_TYPE for variable with VAR_TYPE = 'data'.
WI_H0_MFI | ISTP.DISPLAY_TYPE.Missing:
  BF1: BF1 DISPLAY_TYPE for variable with VAR_TYPE = 'data'.
  BF1LOG: BF1LOG DISPLAY_TYPE for variable with VAR_TYPE = 'data'.
  BRMSF1: BRMSF1 DISPLAY_TYPE for variable with VAR_TYPE = 'data'.
  BGSM: BGSM DISPLAY_TYPE for variable with VAR_TYPE = 'data'.
  BRMSGSM: BRMSGSM DISPLAY_TYPE for variable with VAR_TYPE = 'data'.
  BGSE: BGSE DISPLAY_TYPE for variable with VAR_TYPE = 'data'.
  BRMSGSE: BRMSGSE DISPLAY_TYPE for variable with VAR_TYPE = 'data'.
  DIST: DIST DISPLAY_TYPE for variable with VAR_TYPE = 'data'.
  PGSM: PGSM DISPLAY_TYPE for variable with VAR_TYPE = 'data'.
  PGSE: PGSE DISPLAY_TYPE for variable with VAR_TYPE = 'data'.
  B3F1: B3F1 DISPLAY_TYPE for variable with VAR_TYPE = 'data'.
  B3F1LOG: B3F1LOG DISPLAY_TYPE for variable with VAR_TYPE = 'data'.
  B3RMSF1: B3RMSF1 DISPLAY_TYPE for variable with VAR_TYPE = 'data'.
  B3GSM: B3GSM DISPLAY_TYPE for variable with VAR_TYPE = 'data'.
  B3RMSGSM: B3RMSGSM DISPLAY_TYPE for variable with VAR_TYPE = 'data'.
  B3GSE: B3GSE DISPLAY_TYPE for variable with VAR_TYPE = 'data'.
  B3RMSGSE: B3RMSGSE DISPLAY_TYPE for variable with VAR_TYPE = 'data'.
  B1F1: B1F1 DISPLAY_TYPE for variable with VAR_TYPE = 'data'.
  B1F1LOG: B1F1LOG DISPLAY_TYPE for variable with VAR_TYPE = 'data'.
  B1RMSF1: B1RMSF1 DISPLAY_TYPE for variable with VAR_TYPE = 'data'.
  B1GSM: B1GSM DISPLAY_TYPE for variable with VAR_TYPE = 'data'.
  B1RMSGSM: B1RMSGSM DISPLAY_TYPE for variable with VAR_TYPE = 'data'.
  B1GSE: B1GSE DISPLAY_TYPE for variable with VAR_TYPE = 'data'.
  B1RMSGSE: B1RMSGSE DISPLAY_TYPE for variable with VAR_TYPE = 'data'.
  DIST1: DIST1 DISPLAY_TYPE for variable with VAR_TYPE = 'data'.
  P1GSM: P1GSM DISPLAY_TYPE for variable with VAR_TYPE = 'data'.
  P1GSE: P1GSE DISPLAY_TYPE for variable with VAR_TYPE = 'data'.
WI_H1_SWE | ISTP.DISPLAY_TYPE.Missing:
  fit_flag: fit_flag DISPLAY_TYPE for variable with VAR_TYPE = 'data'.
WI_H1_SWE_RTN | ISTP.DISPLAY_TYPE.Missing:
  fit_flag: fit_flag DISPLAY_TYPE for variable with VAR_TYPE = 'data'.
WI_H2_MFI | ISTP.DISPLAY_TYPE.Missing:
  BF1: BF1 DISPLAY_TYPE for variable with VAR_TYPE = 'data'.
  BGSM: BGSM DISPLAY_TYPE for variable with VAR_TYPE = 'data'.
  BGSE: BGSE DISPLAY_TYPE for variable with VAR_TYPE = 'data'.
WI_L2-30MIN_SMS-STICS-AFM-MAGNETOSPHERE | ISTP.DISPLAY_TYPE.Missing:
  AFM_tc_hplus: AFM_tc_hplus DISPLAY_TYPE for variable with VAR_TYPE = 'data'.
  AFM_tc_heplus: AFM_tc_heplus DISPLAY_TYPE for variable with VAR_TYPE = 'data'.
  AFM_tc_he2plus: AFM_tc_he2plus DISPLAY_TYPE for variable with VAR_TYPE = 'data'.
  AFM_tc_oplus: AFM_tc_oplus DISPLAY_TYPE for variable with VAR_TYPE = 'data'.
  AFM_tc_o6plus: AFM_tc_o6plus DISPLAY_TYPE for variable with VAR_TYPE = 'data'.
  AFM_tc_c5plus: AFM_tc_c5plus DISPLAY_TYPE for variable with VAR_TYPE = 'data'.
  AFM_tc_fe10plus: AFM_tc_fe10plus DISPLAY_TYPE for variable with VAR_TYPE = 'data'.
  AFM_dc_hplus: AFM_dc_hplus DISPLAY_TYPE for variable with VAR_TYPE = 'data'.
  AFM_dc_heplus: AFM_dc_heplus DISPLAY_TYPE for variable with VAR_TYPE = 'data'.
  AFM_dc_he2plus: AFM_dc_he2plus DISPLAY_TYPE for variable with VAR_TYPE = 'data'.
  AFM_dc_oplus: AFM_dc_oplus DISPLAY_TYPE for variable with VAR_TYPE = 'data'.
  AFM_dc_o6plus: AFM_dc_o6plus DISPLAY_TYPE for variable with VAR_TYPE = 'data'.
WI_L2-30MIN_SMS-STICS-AFM-SOLARWIND | ISTP.DISPLAY_TYPE.Missing:
  AFM_tc_hplus: AFM_tc_hplus DISPLAY_TYPE for variable with VAR_TYPE = 'data'.
  AFM_tc_heplus: AFM_tc_heplus DISPLAY_TYPE for variable with VAR_TYPE = 'data'.
  AFM_tc_he2plus: AFM_tc_he2plus DISPLAY_TYPE for variable with VAR_TYPE = 'data'.
  AFM_tc_oplus: AFM_tc_oplus DISPLAY_TYPE for variable with VAR_TYPE = 'data'.
  AFM_tc_o6plus: AFM_tc_o6plus DISPLAY_TYPE for variable with VAR_TYPE = 'data'.
  AFM_tc_c5plus: AFM_tc_c5plus DISPLAY_TYPE for variable with VAR_TYPE = 'data'.
  AFM_tc_fe10plus: AFM_tc_fe10plus DISPLAY_TYPE for variable with VAR_TYPE = 'data'.
  AFM_dc_hplus: AFM_dc_hplus DISPLAY_TYPE for variable with VAR_TYPE = 'data'.
  AFM_dc_heplus: AFM_dc_heplus DISPLAY_TYPE for variable with VAR_TYPE = 'data'.
  AFM_dc_he2plus: AFM_dc_he2plus DISPLAY_TYPE for variable with VAR_TYPE = 'data'.
  AFM_dc_oplus: AFM_dc_oplus DISPLAY_TYPE for variable with VAR_TYPE = 'data'.
  AFM_dc_o6plus: AFM_dc_o6plus DISPLAY_TYPE for variable with VAR_TYPE = 'data'.
WI_L2-30MIN_SMS-STICS-ERPA-MAGNETOSPHERE | ISTP.DISPLAY_TYPE.Missing:
  eoq: eoq DISPLAY_TYPE for variable with VAR_TYPE = 'data'.
WI_L2-30MIN_SMS-STICS-ERPA-SOLARWIND | ISTP.DISPLAY_TYPE.Missing:
  eoq: eoq DISPLAY_TYPE for variable with VAR_TYPE = 'data'.
WI_L2-3MIN_SMS-STICS-VDF-MAGNETOSPHERE | ISTP.DISPLAY_TYPE.Missing:
  eoq: eoq DISPLAY_TYPE for variable with VAR_TYPE = 'data'.
  delT: delT DISPLAY_TYPE for variable with VAR_TYPE = 'data'.
WI_L2-3MIN_SMS-STICS-VDF-SOLARWIND | ISTP.DISPLAY_TYPE.Missing:
  eoq: eoq DISPLAY_TYPE for variable with VAR_TYPE = 'data'.
  delT: delT DISPLAY_TYPE for variable with VAR_TYPE = 'data'.
WI_L2-5MIN-SEP_EPACT-LEMT | ISTP.DISPLAY_TYPE.Missing:
  duration: duration DISPLAY_TYPE for variable with VAR_TYPE = 'data'.
WI_L2_3MIN_SMS-STICS-NVT-MAGNETOSPHERE | ISTP.DISPLAY_TYPE.Missing:
  n_tc_hplus: n_tc_hplus DISPLAY_TYPE for variable with VAR_TYPE = 'data'.
  n_err_tc_hplus: n_err_tc_hplus DISPLAY_TYPE for variable with VAR_TYPE = 'data'.
  E_ave_tc_hplus: E_ave_tc_hplus DISPLAY_TYPE for variable with VAR_TYPE = 'data'.
  E_ave_err_tc_hplus: E_ave_err_tc_hplus DISPLAY_TYPE for variable with VAR_TYPE = 'data'.
  n_tc_heplus: n_tc_heplus DISPLAY_TYPE for variable with VAR_TYPE = 'data'.
  n_err_tc_heplus: n_err_tc_heplus DISPLAY_TYPE for variable with VAR_TYPE = 'data'.
  E_ave_tc_heplus: E_ave_tc_heplus DISPLAY_TYPE for variable with VAR_TYPE = 'data'.
  E_ave_err_tc_heplus: E_ave_err_tc_heplus DISPLAY_TYPE for variable with VAR_TYPE = 'data'.
  n_tc_he2plus: n_tc_he2plus DISPLAY_TYPE for variable with VAR_TYPE = 'data'.
  n_err_tc_he2plus: n_err_tc_he2plus DISPLAY_TYPE for variable with VAR_TYPE = 'data'.
  E_ave_tc_he2plus: E_ave_tc_he2plus DISPLAY_TYPE for variable with VAR_TYPE = 'data'.
  E_ave_err_tc_he2plus: E_ave_err_tc_he2plus DISPLAY_TYPE for variable with VAR_TYPE = 'data'.
  n_tc_oplus: n_tc_oplus DISPLAY_TYPE for variable with VAR_TYPE = 'data'.
  n_err_tc_oplus: n_err_tc_oplus DISPLAY_TYPE for variable with VAR_TYPE = 'data'.
  E_ave_tc_oplus: E_ave_tc_oplus DISPLAY_TYPE for variable with VAR_TYPE = 'data'.
  E_ave_err_tc_oplus: E_ave_err_tc_oplus DISPLAY_TYPE for variable with VAR_TYPE = 'data'.
  n_tc_o6plus: n_tc_o6plus DISPLAY_TYPE for variable with VAR_TYPE = 'data'.
  n_err_tc_o6plus: n_err_tc_o6plus DISPLAY_TYPE for variable with VAR_TYPE = 'data'.
  E_ave_tc_o6plus: E_ave_tc_o6plus DISPLAY_TYPE for variable with VAR_TYPE = 'data'.
  E_ave_err_tc_o6plus: E_ave_err_tc_o6plus DISPLAY_TYPE for variable with VAR_TYPE = 'data'.
  n_tc_c5plus: n_tc_c5plus DISPLAY_TYPE for variable with VAR_TYPE = 'data'.
  n_err_tc_c5plus: n_err_tc_c5plus DISPLAY_TYPE for variable with VAR_TYPE = 'data'.
  E_ave_tc_c5plus: E_ave_tc_c5plus DISPLAY_TYPE for variable with VAR_TYPE = 'data'.
  E_ave_err_tc_c5plus: E_ave_err_tc_c5plus DISPLAY_TYPE for variable with VAR_TYPE = 'data'.
  n_tc_fe10plus: n_tc_fe10plus DISPLAY_TYPE for variable with VAR_TYPE = 'data'.
  n_err_tc_fe10plus: n_err_tc_fe10plus DISPLAY_TYPE for variable with VAR_TYPE = 'data'.
  E_ave_tc_fe10plus: E_ave_tc_fe10plus DISPLAY_TYPE for variable with VAR_TYPE = 'data'.
  E_ave_err_tc_fe10plus: E_ave_err_tc_fe10plus DISPLAY_TYPE for variable with VAR_TYPE = 'data'.
  n_dc_hplus: n_dc_hplus DISPLAY_TYPE for variable with VAR_TYPE = 'data'.
  n_err_dc_hplus: n_err_dc_hplus DISPLAY_TYPE for variable with VAR_TYPE = 'data'.
  E_ave_dc_hplus: E_ave_dc_hplus DISPLAY_TYPE for variable with VAR_TYPE = 'data'.
  E_ave_err_dc_hplus: E_ave_err_dc_hplus DISPLAY_TYPE for variable with VAR_TYPE = 'data'.
  n_dc_heplus: n_dc_heplus DISPLAY_TYPE for variable with VAR_TYPE = 'data'.
  n_err_dc_heplus: n_err_dc_heplus DISPLAY_TYPE for variable with VAR_TYPE = 'data'.
  E_ave_dc_heplus: E_ave_dc_heplus DISPLAY_TYPE for variable with VAR_TYPE = 'data'.
  E_ave_err_dc_heplus: E_ave_err_dc_heplus DISPLAY_TYPE for variable with VAR_TYPE = 'data'.
  n_dc_he2plus: n_dc_he2plus DISPLAY_TYPE for variable with VAR_TYPE = 'data'.
  n_err_dc_he2plus: n_err_dc_he2plus DISPLAY_TYPE for variable with VAR_TYPE = 'data'.
  E_ave_dc_he2plus: E_ave_dc_he2plus DISPLAY_TYPE for variable with VAR_TYPE = 'data'.
  E_ave_err_dc_he2plus: E_ave_err_dc_he2plus DISPLAY_TYPE for variable with VAR_TYPE = 'data'.
  n_dc_oplus: n_dc_oplus DISPLAY_TYPE for variable with VAR_TYPE = 'data'.
  n_err_dc_oplus: n_err_dc_oplus DISPLAY_TYPE for variable with VAR_TYPE = 'data'.
  E_ave_dc_oplus: E_ave_dc_oplus DISPLAY_TYPE for variable with VAR_TYPE = 'data'.
  E_ave_err_dc_oplus: E_ave_err_dc_oplus DISPLAY_TYPE for variable with VAR_TYPE = 'data'.
  n_dc_o6plus: n_dc_o6plus DISPLAY_TYPE for variable with VAR_TYPE = 'data'.
  n_err_dc_o6plus: n_err_dc_o6plus DISPLAY_TYPE for variable with VAR_TYPE = 'data'.
  E_ave_dc_o6plus: E_ave_dc_o6plus DISPLAY_TYPE for variable with VAR_TYPE = 'data'.
  E_ave_err_dc_o6plus: E_ave_err_dc_o6plus DISPLAY_TYPE for variable with VAR_TYPE = 'data'.
  delT: delT DISPLAY_TYPE for variable with VAR_TYPE = 'data'.
WI_L2_3MIN_SMS-STICS-NVT-SOLARWIND | ISTP.DISPLAY_TYPE.Missing:
  n_tc_hplus: n_tc_hplus DISPLAY_TYPE for variable with VAR_TYPE = 'data'.
  n_err_tc_hplus: n_err_tc_hplus DISPLAY_TYPE for variable with VAR_TYPE = 'data'.
  E_ave_tc_hplus: E_ave_tc_hplus DISPLAY_TYPE for variable with VAR_TYPE = 'data'.
  E_ave_err_tc_hplus: E_ave_err_tc_hplus DISPLAY_TYPE for variable with VAR_TYPE = 'data'.
  n_tc_heplus: n_tc_heplus DISPLAY_TYPE for variable with VAR_TYPE = 'data'.
  n_err_tc_heplus: n_err_tc_heplus DISPLAY_TYPE for variable with VAR_TYPE = 'data'.
  E_ave_tc_heplus: E_ave_tc_heplus DISPLAY_TYPE for variable with VAR_TYPE = 'data'.
  E_ave_err_tc_heplus: E_ave_err_tc_heplus DISPLAY_TYPE for variable with VAR_TYPE = 'data'.
  n_tc_he2plus: n_tc_he2plus DISPLAY_TYPE for variable with VAR_TYPE = 'data'.
  n_err_tc_he2plus: n_err_tc_he2plus DISPLAY_TYPE for variable with VAR_TYPE = 'data'.
  E_ave_tc_he2plus: E_ave_tc_he2plus DISPLAY_TYPE for variable with VAR_TYPE = 'data'.
  E_ave_err_tc_he2plus: E_ave_err_tc_he2plus DISPLAY_TYPE for variable with VAR_TYPE = 'data'.
  n_tc_oplus: n_tc_oplus DISPLAY_TYPE for variable with VAR_TYPE = 'data'.
  n_err_tc_oplus: n_err_tc_oplus DISPLAY_TYPE for variable with VAR_TYPE = 'data'.
  E_ave_tc_oplus: E_ave_tc_oplus DISPLAY_TYPE for variable with VAR_TYPE = 'data'.
  E_ave_err_tc_oplus: E_ave_err_tc_oplus DISPLAY_TYPE for variable with VAR_TYPE = 'data'.
  n_tc_o6plus: n_tc_o6plus DISPLAY_TYPE for variable with VAR_TYPE = 'data'.
  n_err_tc_o6plus: n_err_tc_o6plus DISPLAY_TYPE for variable with VAR_TYPE = 'data'.
  E_ave_tc_o6plus: E_ave_tc_o6plus DISPLAY_TYPE for variable with VAR_TYPE = 'data'.
  E_ave_err_tc_o6plus: E_ave_err_tc_o6plus DISPLAY_TYPE for variable with VAR_TYPE = 'data'.
  n_tc_c5plus: n_tc_c5plus DISPLAY_TYPE for variable with VAR_TYPE = 'data'.
  n_err_tc_c5plus: n_err_tc_c5plus DISPLAY_TYPE for variable with VAR_TYPE = 'data'.
  E_ave_tc_c5plus: E_ave_tc_c5plus DISPLAY_TYPE for variable with VAR_TYPE = 'data'.
  E_ave_err_tc_c5plus: E_ave_err_tc_c5plus DISPLAY_TYPE for variable with VAR_TYPE = 'data'.
  n_tc_fe10plus: n_tc_fe10plus DISPLAY_TYPE for variable with VAR_TYPE = 'data'.
  n_err_tc_fe10plus: n_err_tc_fe10plus DISPLAY_TYPE for variable with VAR_TYPE = 'data'.
  E_ave_tc_fe10plus: E_ave_tc_fe10plus DISPLAY_TYPE for variable with VAR_TYPE = 'data'.
  E_ave_err_tc_fe10plus: E_ave_err_tc_fe10plus DISPLAY_TYPE for variable with VAR_TYPE = 'data'.
  n_dc_hplus: n_dc_hplus DISPLAY_TYPE for variable with VAR_TYPE = 'data'.
  n_err_dc_hplus: n_err_dc_hplus DISPLAY_TYPE for variable with VAR_TYPE = 'data'.
  E_ave_dc_hplus: E_ave_dc_hplus DISPLAY_TYPE for variable with VAR_TYPE = 'data'.
  E_ave_err_dc_hplus: E_ave_err_dc_hplus DISPLAY_TYPE for variable with VAR_TYPE = 'data'.
  n_dc_heplus: n_dc_heplus DISPLAY_TYPE for variable with VAR_TYPE = 'data'.
  n_err_dc_heplus: n_err_dc_heplus DISPLAY_TYPE for variable with VAR_TYPE = 'data'.
  E_ave_dc_heplus: E_ave_dc_heplus DISPLAY_TYPE for variable with VAR_TYPE = 'data'.
  E_ave_err_dc_heplus: E_ave_err_dc_heplus DISPLAY_TYPE for variable with VAR_TYPE = 'data'.
  n_dc_he2plus: n_dc_he2plus DISPLAY_TYPE for variable with VAR_TYPE = 'data'.
  n_err_dc_he2plus: n_err_dc_he2plus DISPLAY_TYPE for variable with VAR_TYPE = 'data'.
  E_ave_dc_he2plus: E_ave_dc_he2plus DISPLAY_TYPE for variable with VAR_TYPE = 'data'.
  E_ave_err_dc_he2plus: E_ave_err_dc_he2plus DISPLAY_TYPE for variable with VAR_TYPE = 'data'.
  n_dc_oplus: n_dc_oplus DISPLAY_TYPE for variable with VAR_TYPE = 'data'.
  n_err_dc_oplus: n_err_dc_oplus DISPLAY_TYPE for variable with VAR_TYPE = 'data'.
  E_ave_dc_oplus: E_ave_dc_oplus DISPLAY_TYPE for variable with VAR_TYPE = 'data'.
  E_ave_err_dc_oplus: E_ave_err_dc_oplus DISPLAY_TYPE for variable with VAR_TYPE = 'data'.
  n_dc_o6plus: n_dc_o6plus DISPLAY_TYPE for variable with VAR_TYPE = 'data'.
  n_err_dc_o6plus: n_err_dc_o6plus DISPLAY_TYPE for variable with VAR_TYPE = 'data'.
  E_ave_dc_o6plus: E_ave_dc_o6plus DISPLAY_TYPE for variable with VAR_TYPE = 'data'.
  E_ave_err_dc_o6plus: E_ave_err_dc_o6plus DISPLAY_TYPE for variable with VAR_TYPE = 'data'.
  delT: delT DISPLAY_TYPE for variable with VAR_TYPE = 'data'.
WI_PLSP_3DP | ISTP.DISPLAY_TYPE.Missing:
  TIME: TIME DISPLAY_TYPE for variable with VAR_TYPE = 'data'.
WI_PM_3DP | ISTP.DISPLAY_TYPE.Missing:
  TIME: TIME DISPLAY_TYPE for variable with VAR_TYPE = 'data'.
WI_SFPD_3DP | ISTP.DISPLAY_TYPE.Missing:
  TIME: TIME DISPLAY_TYPE for variable with VAR_TYPE = 'data'.
WI_SFSP_3DP | ISTP.DISPLAY_TYPE.Missing:
  TIME: TIME DISPLAY_TYPE for variable with VAR_TYPE = 'data'.
WI_SOPD_3DP | ISTP.DISPLAY_TYPE.Missing:
  TIME: TIME DISPLAY_TYPE for variable with VAR_TYPE = 'data'.
WI_SOSP_3DP | ISTP.DISPLAY_TYPE.Missing:
  TIME: TIME DISPLAY_TYPE for variable with VAR_TYPE = 'data'.
WI_STRAHL0_SWE | ISTP.DISPLAY_TYPE.Missing:
  energy: energy DISPLAY_TYPE for variable with VAR_TYPE = 'data'.
WI_SW-ION-DIST_SWE-FARADAY | ISTP.DISPLAY_TYPE.Missing:
  tracking: tracking DISPLAY_TYPE for variable with VAR_TYPE = 'data'.
  full_scan: full_scan DISPLAY_TYPE for variable with VAR_TYPE = 'data'.