A1_K0_MPA | ISTP.UNITS.Empty:
  tratio_hip: VAR_TYPE = 'data' and UNITS.strip() = ''.
  tratio_e: VAR_TYPE = 'data' and UNITS.strip() = ''.
  qual_flag: VAR_TYPE = 'support_data' and UNITS.strip() = ''.
  gap_flag: VAR_TYPE = 'support_data' and UNITS.strip() = ''.
A2_K0_MPA | ISTP.UNITS.Empty:
  tratio_hip: VAR_TYPE = 'data' and UNITS.strip() = ''.
  tratio_e: VAR_TYPE = 'data' and UNITS.strip() = ''.
  qual_flag: VAR_TYPE = 'support_data' and UNITS.strip() = ''.
  gap_flag: VAR_TYPE = 'support_data' and UNITS.strip() = ''.
AC_AT_DEF | ISTP.UNITS.Empty:
  RTN_ATT: VAR_TYPE = 'data' and UNITS.strip() = ''.
  GCI_ATT: VAR_TYPE = 'data' and UNITS.strip() = ''.
  GSE_ATT: VAR_TYPE = 'data' and UNITS.strip() = ''.
AC_H2_SWI | ISTP.UNITS.Empty:
  He_qual: VAR_TYPE = 'data' and UNITS.strip() = ''.
  C5_qual: VAR_TYPE = 'data' and UNITS.strip() = ''.
  O6_qual: VAR_TYPE = 'data' and UNITS.strip() = ''.
  Fe10_qual: VAR_TYPE = 'data' and UNITS.strip() = ''.
  C6to4: VAR_TYPE = 'data' and UNITS.strip() = ''.
  C6to4_err: VAR_TYPE = 'data' and UNITS.strip() = ''.
  C6to4_qual: VAR_TYPE = 'data' and UNITS.strip() = ''.
  C6to5: VAR_TYPE = 'data' and UNITS.strip() = ''.
  C6to5_err: VAR_TYPE = 'data' and UNITS.strip() = ''.
  C6to5_qual: VAR_TYPE = 'data' and UNITS.strip() = ''.
  O7to6: VAR_TYPE = 'data' and UNITS.strip() = ''.
  O7to6_err: VAR_TYPE = 'data' and UNITS.strip() = ''.
  O7to6_qual: VAR_TYPE = 'data' and UNITS.strip() = ''.
  avqC_qual: VAR_TYPE = 'data' and UNITS.strip() = ''.
  avqO_qual: VAR_TYPE = 'data' and UNITS.strip() = ''.
  avqMg_qual: VAR_TYPE = 'data' and UNITS.strip() = ''.
  avqSi_qual: VAR_TYPE = 'data' and UNITS.strip() = ''.
  avqFe_qual: VAR_TYPE = 'data' and UNITS.strip() = ''.
  FetoO: VAR_TYPE = 'data' and UNITS.strip() = ''.
  FetoO_err: VAR_TYPE = 'data' and UNITS.strip() = ''.
  FetoO_qual: VAR_TYPE = 'data' and UNITS.strip() = ''.
  SW_type: VAR_TYPE = 'data' and UNITS.strip() = ''.
AC_H3_SW2 | ISTP.UNITS.Empty:
  He_qual: VAR_TYPE = 'data' and UNITS.strip() = ''.
  C6to5: VAR_TYPE = 'data' and UNITS.strip() = ''.
  C6to5_err: VAR_TYPE = 'data' and UNITS.strip() = ''.
  C6to5_qual: VAR_TYPE = 'data' and UNITS.strip() = ''.
  O7to6: VAR_TYPE = 'data' and UNITS.strip() = ''.
  O7to6_err: VAR_TYPE = 'data' and UNITS.strip() = ''.
  O7to6_qual: VAR_TYPE = 'data' and UNITS.strip() = ''.
  O8to6: VAR_TYPE = 'data' and UNITS.strip() = ''.
  O8to6_err: VAR_TYPE = 'data' and UNITS.strip() = ''.
  O8to6_qual: VAR_TYPE = 'data' and UNITS.strip() = ''.
  avqFe_qual: VAR_TYPE = 'data' and UNITS.strip() = ''.
  FetoO: VAR_TYPE = 'data' and UNITS.strip() = ''.
  FetoO_err: VAR_TYPE = 'data' and UNITS.strip() = ''.
  FetoO_qual: VAR_TYPE = 'data' and UNITS.strip() = ''.
AC_H3_SWI | ISTP.UNITS.Empty:
  He_qual: VAR_TYPE = 'data' and UNITS.strip() = ''.
  C5_qual: VAR_TYPE = 'data' and UNITS.strip() = ''.
  O6_qual: VAR_TYPE = 'data' and UNITS.strip() = ''.
  Fe10_qual: VAR_TYPE = 'data' and UNITS.strip() = ''.
  C6to4: VAR_TYPE = 'data' and UNITS.strip() = ''.
  C6to4_err: VAR_TYPE = 'data' and UNITS.strip() = ''.
  C6to4_qual: VAR_TYPE = 'data' and UNITS.strip() = ''.
  C6to5: VAR_TYPE = 'data' and UNITS.strip() = ''.
  C6to5_err: VAR_TYPE = 'data' and UNITS.strip() = ''.
  C6to5_qual: VAR_TYPE = 'data' and UNITS.strip() = ''.
  O7to6: VAR_TYPE = 'data' and UNITS.strip() = ''.
  O7to6_err: VAR_TYPE = 'data' and UNITS.strip() = ''.
  O7to6_qual: VAR_TYPE = 'data' and UNITS.strip() = ''.
  avqC_qual: VAR_TYPE = 'data' and UNITS.strip() = ''.
  avqO_qual: VAR_TYPE = 'data' and UNITS.strip() = ''.
  avqMg_qual: VAR_TYPE = 'data' and UNITS.strip() = ''.
  avqSi_qual: VAR_TYPE = 'data' and UNITS.strip() = ''.
  avqFe_qual: VAR_TYPE = 'data' and UNITS.strip() = ''.
  HetoO: VAR_TYPE = 'data' and UNITS.strip() = ''.
  HetoO_err: VAR_TYPE = 'data' and UNITS.strip() = ''.
  HetoO_qual: VAR_TYPE = 'data' and UNITS.strip() = ''.
  CtoO: VAR_TYPE = 'data' and UNITS.strip() = ''.
  CtoO_err: VAR_TYPE = 'data' and UNITS.strip() = ''.
  CtoO_qual: VAR_TYPE = 'data' and UNITS.strip() = ''.
  NetoO: VAR_TYPE = 'data' and UNITS.strip() = ''.
  NetoO_err: VAR_TYPE = 'data' and UNITS.strip() = ''.
  NetoO_qual: VAR_TYPE = 'data' and UNITS.strip() = ''.
  MgtoO: VAR_TYPE = 'data' and UNITS.strip() = ''.
  MgtoO_err: VAR_TYPE = 'data' and UNITS.strip() = ''.
  MgtoO_qual: VAR_TYPE = 'data' and UNITS.strip() = ''.
  SitoO: VAR_TYPE = 'data' and UNITS.strip() = ''.
  SitoO_err: VAR_TYPE = 'data' and UNITS.strip() = ''.
  SitoO_qual: VAR_TYPE = 'data' and UNITS.strip() = ''.
  FetoO: VAR_TYPE = 'data' and UNITS.strip() = ''.
  FetoO_err: VAR_TYPE = 'data' and UNITS.strip() = ''.
  FetoO_qual: VAR_TYPE = 'data' and UNITS.strip() = ''.
  SW_type: VAR_TYPE = 'data' and UNITS.strip() = ''.
AC_H4_SWI | ISTP.UNITS.Empty:
  He_qual: VAR_TYPE = 'data' and UNITS.strip() = ''.
  C6to4: VAR_TYPE = 'data' and UNITS.strip() = ''.
  C6to4_err: VAR_TYPE = 'data' and UNITS.strip() = ''.
  C6to4_qual: VAR_TYPE = 'data' and UNITS.strip() = ''.
  C6to5: VAR_TYPE = 'data' and UNITS.strip() = ''.
  C6to5_err: VAR_TYPE = 'data' and UNITS.strip() = ''.
  C6to5_qual: VAR_TYPE = 'data' and UNITS.strip() = ''.
  O7to6: VAR_TYPE = 'data' and UNITS.strip() = ''.
  O7to6_err: VAR_TYPE = 'data' and UNITS.strip() = ''.
  O7to6_qual: VAR_TYPE = 'data' and UNITS.strip() = ''.
  avqC_qual: VAR_TYPE = 'data' and UNITS.strip() = ''.
  avqO_qual: VAR_TYPE = 'data' and UNITS.strip() = ''.
  avqMg_qual: VAR_TYPE = 'data' and UNITS.strip() = ''.
  avqSi_qual: VAR_TYPE = 'data' and UNITS.strip() = ''.
  avqFe_qual: VAR_TYPE = 'data' and UNITS.strip() = ''.
  HetoO: VAR_TYPE = 'data' and UNITS.strip() = ''.
  HetoO_err: VAR_TYPE = 'data' and UNITS.strip() = ''.
  HetoO_qual: VAR_TYPE = 'data' and UNITS.strip() = ''.
  CtoO: VAR_TYPE = 'data' and UNITS.strip() = ''.
  CtoO_err: VAR_TYPE = 'data' and UNITS.strip() = ''.
  CtoO_qual: VAR_TYPE = 'data' and UNITS.strip() = ''.
  NtoO: VAR_TYPE = 'data' and UNITS.strip() = ''.
  NtoO_err: VAR_TYPE = 'data' and UNITS.strip() = ''.
  NtoO_qual: VAR_TYPE = 'data' and UNITS.strip() = ''.
  NetoO: VAR_TYPE = 'data' and UNITS.strip() = ''.
  NetoO_err: VAR_TYPE = 'data' and UNITS.strip() = ''.
  NetoO_qual: VAR_TYPE = 'data' and UNITS.strip() = ''.
  MgtoO: VAR_TYPE = 'data' and UNITS.strip() = ''.
  MgtoO_err: VAR_TYPE = 'data' and UNITS.strip() = ''.
  MgtoO_qual: VAR_TYPE = 'data' and UNITS.strip() = ''.
  SitoO: VAR_TYPE = 'data' and UNITS.strip() = ''.
  SitoO_err: VAR_TYPE = 'data' and UNITS.strip() = ''.
  SitoO_qual: VAR_TYPE = 'data' and UNITS.strip() = ''.
  StoO: VAR_TYPE = 'data' and UNITS.strip() = ''.
  StoO_err: VAR_TYPE = 'data' and UNITS.strip() = ''.
  StoO_qual: VAR_TYPE = 'data' and UNITS.strip() = ''.
  FetoO: VAR_TYPE = 'data' and UNITS.strip() = ''.
  FetoO_err: VAR_TYPE = 'data' and UNITS.strip() = ''.
  FetoO_qual: VAR_TYPE = 'data' and UNITS.strip() = ''.
AC_H5_SWI | ISTP.UNITS.Empty:
  qdistC: VAR_TYPE = 'data' and UNITS.strip() = ''.
  qdistC_err: VAR_TYPE = 'data' and UNITS.strip() = ''.
  qflagsC: VAR_TYPE = 'data' and UNITS.strip() = ''.
  qdistO: VAR_TYPE = 'data' and UNITS.strip() = ''.
  qdistO_err: VAR_TYPE = 'data' and UNITS.strip() = ''.
  qflagsO: VAR_TYPE = 'data' and UNITS.strip() = ''.
  qdistNe: VAR_TYPE = 'data' and UNITS.strip() = ''.
  qdistNe_err: VAR_TYPE = 'data' and UNITS.strip() = ''.
  qflagsNe: VAR_TYPE = 'data' and UNITS.strip() = ''.
  qdistMg: VAR_TYPE = 'data' and UNITS.strip() = ''.
  qdistMg_err: VAR_TYPE = 'data' and UNITS.strip() = ''.
  qflagsMg: VAR_TYPE = 'data' and UNITS.strip() = ''.
  qdistSi: VAR_TYPE = 'data' and UNITS.strip() = ''.
  qdistSi_err: VAR_TYPE = 'data' and UNITS.strip() = ''.
  qflagsSi: VAR_TYPE = 'data' and UNITS.strip() = ''.
  qdistFe: VAR_TYPE = 'data' and UNITS.strip() = ''.
  qdistFe_err: VAR_TYPE = 'data' and UNITS.strip() = ''.
  qflagsFe: VAR_TYPE = 'data' and UNITS.strip() = ''.
AC_K0_EPM | ISTP.UNITS.Empty:
  livetime: VAR_TYPE = 'support_data' and UNITS.strip() = ''.
AC_K0_MFI | ISTP.UNITS.Empty:
  Weight: VAR_TYPE = 'support_data' and UNITS.strip() = ''.
AC_K0_SWE | ISTP.UNITS.Empty:
  Weight: VAR_TYPE = 'support_data' and UNITS.strip() = ''.
AC_K1_EPM | ISTP.UNITS.Empty:
  livetime: VAR_TYPE = 'support_data' and UNITS.strip() = ''.
AC_K1_MFI | ISTP.UNITS.Empty:
  Weight: VAR_TYPE = 'support_data' and UNITS.strip() = ''.
AC_K1_SWE | ISTP.UNITS.Empty:
  Weight: VAR_TYPE = 'support_data' and UNITS.strip() = ''.
AC_K2_MFI | ISTP.UNITS.Empty:
  Weight: VAR_TYPE = 'support_data' and UNITS.strip() = ''.
AEROCUBE-6-A_DOSIMETER_L2 | ISTP.UNITS.Empty:
  flag: VAR_TYPE = 'data' and UNITS.strip() = ''.
  Lm_IGRF: VAR_TYPE = 'data' and UNITS.strip() = ''.
  Lm_OPQ: VAR_TYPE = 'data' and UNITS.strip() = ''.
  Loss_Cone_Type: VAR_TYPE = 'data' and UNITS.strip() = ''.
  Lstar: VAR_TYPE = 'data' and UNITS.strip() = ''.
  Lstar_Z: VAR_TYPE = 'data' and UNITS.strip() = ''.
  flag_10Hz: VAR_TYPE = 'data' and UNITS.strip() = ''.
  Subcom_10Hz: VAR_TYPE = 'data' and UNITS.strip() = ''.
  Lm_OPQ_10Hz: VAR_TYPE = 'data' and UNITS.strip() = ''.
  Loss_Cone_Type_10Hz: VAR_TYPE = 'data' and UNITS.strip() = ''.
  Lstar_Z_10Hz: VAR_TYPE = 'data' and UNITS.strip() = ''.
AEROCUBE-6-B_DOSIMETER_L2 | ISTP.UNITS.Empty:
  flag: VAR_TYPE = 'data' and UNITS.strip() = ''.
  Lm_IGRF: VAR_TYPE = 'data' and UNITS.strip() = ''.
  Lm_OPQ: VAR_TYPE = 'data' and UNITS.strip() = ''.
  Loss_Cone_Type: VAR_TYPE = 'data' and UNITS.strip() = ''.
  Lstar: VAR_TYPE = 'data' and UNITS.strip() = ''.
  Lstar_Z: VAR_TYPE = 'data' and UNITS.strip() = ''.
  flag_10Hz: VAR_TYPE = 'data' and UNITS.strip() = ''.
  Subcom_10Hz: VAR_TYPE = 'data' and UNITS.strip() = ''.
  Lm_OPQ_10Hz: VAR_TYPE = 'data' and UNITS.strip() = ''.
  Loss_Cone_Type_10Hz: VAR_TYPE = 'data' and UNITS.strip() = ''.
  Lstar_Z_10Hz: VAR_TYPE = 'data' and UNITS.strip() = ''.
ALOUETTE2_AV_LIM | ISTP.UNITS.Empty:
  year: VAR_TYPE = 'support_data' and UNITS.strip() = ''.
  doy: VAR_TYPE = 'support_data' and UNITS.strip() = ''.
  hr: VAR_TYPE = 'support_data' and UNITS.strip() = ''.
  min: VAR_TYPE = 'support_data' and UNITS.strip() = ''.
  sec: VAR_TYPE = 'support_data' and UNITS.strip() = ''.
  ampl: VAR_TYPE = 'data' and UNITS.strip() = ''.
  L: VAR_TYPE = 'data' and UNITS.strip() = ''.
  vh_num: VAR_TYPE = 'support_data' and UNITS.strip() = ''.
  f_num: VAR_TYPE = 'support_data' and UNITS.strip() = ''.
ALOUETTE2_AV_QUI | ISTP.UNITS.Empty:
  year: VAR_TYPE = 'support_data' and UNITS.strip() = ''.
  doy: VAR_TYPE = 'support_data' and UNITS.strip() = ''.
  hr: VAR_TYPE = 'support_data' and UNITS.strip() = ''.
  min: VAR_TYPE = 'support_data' and UNITS.strip() = ''.
  sec: VAR_TYPE = 'support_data' and UNITS.strip() = ''.
  ampl: VAR_TYPE = 'data' and UNITS.strip() = ''.
  L: VAR_TYPE = 'support_data' and UNITS.strip() = ''.
  vh_num: VAR_TYPE = 'support_data' and UNITS.strip() = ''.
  f_num: VAR_TYPE = 'support_data' and UNITS.strip() = ''.
ALOUETTE2_AV_SNT | ISTP.UNITS.Empty:
  year: VAR_TYPE = 'support_data' and UNITS.strip() = ''.
  doy: VAR_TYPE = 'support_data' and UNITS.strip() = ''.
  hr: VAR_TYPE = 'support_data' and UNITS.strip() = ''.
  min: VAR_TYPE = 'support_data' and UNITS.strip() = ''.
  sec: VAR_TYPE = 'support_data' and UNITS.strip() = ''.
  ampl: VAR_TYPE = 'data' and UNITS.strip() = ''.
  L: VAR_TYPE = 'support_data' and UNITS.strip() = ''.
  vh_num: VAR_TYPE = 'support_data' and UNITS.strip() = ''.
  f_num: VAR_TYPE = 'support_data' and UNITS.strip() = ''.
ALOUETTE2_AV_SOL | ISTP.UNITS.Empty:
  year: VAR_TYPE = 'support_data' and UNITS.strip() = ''.
  doy: VAR_TYPE = 'support_data' and UNITS.strip() = ''.
  hr: VAR_TYPE = 'support_data' and UNITS.strip() = ''.
  min: VAR_TYPE = 'support_data' and UNITS.strip() = ''.
  sec: VAR_TYPE = 'support_data' and UNITS.strip() = ''.
  ampl: VAR_TYPE = 'data' and UNITS.strip() = ''.
  L: VAR_TYPE = 'support_data' and UNITS.strip() = ''.
  vh_num: VAR_TYPE = 'support_data' and UNITS.strip() = ''.
  f_num: VAR_TYPE = 'support_data' and UNITS.strip() = ''.
ALOUETTE2_AV_ULA | ISTP.UNITS.Empty:
  year: VAR_TYPE = 'support_data' and UNITS.strip() = ''.
  doy: VAR_TYPE = 'support_data' and UNITS.strip() = ''.
  hr: VAR_TYPE = 'support_data' and UNITS.strip() = ''.
  min: VAR_TYPE = 'support_data' and UNITS.strip() = ''.
  sec: VAR_TYPE = 'support_data' and UNITS.strip() = ''.
  ampl: VAR_TYPE = 'data' and UNITS.strip() = ''.
  L: VAR_TYPE = 'support_data' and UNITS.strip() = ''.
  vh_num: VAR_TYPE = 'support_data' and UNITS.strip() = ''.
  f_num: VAR_TYPE = 'support_data' and UNITS.strip() = ''.
ALOUETTE2_AV_WNK | ISTP.UNITS.Empty:
  year: VAR_TYPE = 'support_data' and UNITS.strip() = ''.
  doy: VAR_TYPE = 'support_data' and UNITS.strip() = ''.
  hr: VAR_TYPE = 'support_data' and UNITS.strip() = ''.
  min: VAR_TYPE = 'support_data' and UNITS.strip() = ''.
  sec: VAR_TYPE = 'support_data' and UNITS.strip() = ''.
  ampl: VAR_TYPE = 'data' and UNITS.strip() = ''.
  L: VAR_TYPE = 'support_data' and UNITS.strip() = ''.
  vh_num: VAR_TYPE = 'support_data' and UNITS.strip() = ''.
  f_num: VAR_TYPE = 'support_data' and UNITS.strip() = ''.
ALOUETTE2_NEPROF_TOPS | ISTP.UNITS.Empty:
  log_density: VAR_TYPE = 'data' and UNITS.strip() = ''.
  spacecraftID: VAR_TYPE = 'support_data' and UNITS.strip() = ''.
  qualityIndex: VAR_TYPE = 'data' and UNITS.strip() = ''.
  L: VAR_TYPE = 'data' and UNITS.strip() = ''.
  sunspotNumber: VAR_TYPE = 'data' and UNITS.strip() = ''.
  IGindex: VAR_TYPE = 'data' and UNITS.strip() = ''.
AMPTECCE_H0_MEPA | ISTP.UNITS.Empty:
  ION_protons_channel_no: VAR_TYPE = 'support_data' and UNITS.strip() = ''.
  spin_axis_dirn_in_GSE: VAR_TYPE = 'data' and UNITS.strip() = ''.
BAR_1A_L2_HKPG | ISTP.UNITS.Empty:
  FrameGroup: VAR_TYPE = 'support_data' and UNITS.strip() = ''.
  termStatus: VAR_TYPE = 'data' and UNITS.strip() = ''.
BAR_1B_L2_HKPG | ISTP.UNITS.Empty:
  FrameGroup: VAR_TYPE = 'support_data' and UNITS.strip() = ''.
  termStatus: VAR_TYPE = 'data' and UNITS.strip() = ''.
BAR_1C_L2_HKPG | ISTP.UNITS.Empty:
  FrameGroup: VAR_TYPE = 'support_data' and UNITS.strip() = ''.
  termStatus: VAR_TYPE = 'data' and UNITS.strip() = ''.
BAR_1D_L2_HKPG | ISTP.UNITS.Empty:
  FrameGroup: VAR_TYPE = 'support_data' and UNITS.strip() = ''.
  termStatus: VAR_TYPE = 'data' and UNITS.strip() = ''.
BAR_1G_L2_HKPG | ISTP.UNITS.Empty:
  FrameGroup: VAR_TYPE = 'support_data' and UNITS.strip() = ''.
  termStatus: VAR_TYPE = 'data' and UNITS.strip() = ''.
BAR_1H_L2_HKPG | ISTP.UNITS.Empty:
  FrameGroup: VAR_TYPE = 'support_data' and UNITS.strip() = ''.
  termStatus: VAR_TYPE = 'data' and UNITS.strip() = ''.
BAR_1I_L2_HKPG | ISTP.UNITS.Empty:
  FrameGroup: VAR_TYPE = 'support_data' and UNITS.strip() = ''.
  termStatus: VAR_TYPE = 'data' and UNITS.strip() = ''.
BAR_1J_L2_HKPG | ISTP.UNITS.Empty:
  FrameGroup: VAR_TYPE = 'support_data' and UNITS.strip() = ''.
  termStatus: VAR_TYPE = 'data' and UNITS.strip() = ''.
BAR_1K_L2_HKPG | ISTP.UNITS.Empty:
  FrameGroup: VAR_TYPE = 'support_data' and UNITS.strip() = ''.
  termStatus: VAR_TYPE = 'data' and UNITS.strip() = ''.
BAR_1M_L2_HKPG | ISTP.UNITS.Empty:
  FrameGroup: VAR_TYPE = 'support_data' and UNITS.strip() = ''.
  termStatus: VAR_TYPE = 'data' and UNITS.strip() = ''.
BAR_1N_L2_HKPG | ISTP.UNITS.Empty:
  FrameGroup: VAR_TYPE = 'support_data' and UNITS.strip() = ''.
  termStatus: VAR_TYPE = 'data' and UNITS.strip() = ''.
BAR_1N_L2_MAGN | ISTP.UNITS.Empty:
  FrameGroup: VAR_TYPE = 'support_data' and UNITS.strip() = ''.
BAR_1N_L2_RCNT | ISTP.UNITS.Empty:
  FrameGroup: VAR_TYPE = 'support_data' and UNITS.strip() = ''.
BAR_1O_L2_HKPG | ISTP.UNITS.Empty:
  FrameGroup: VAR_TYPE = 'support_data' and UNITS.strip() = ''.
  termStatus: VAR_TYPE = 'data' and UNITS.strip() = ''.
BAR_1Q_L2_HKPG | ISTP.UNITS.Empty:
  FrameGroup: VAR_TYPE = 'support_data' and UNITS.strip() = ''.
  termStatus: VAR_TYPE = 'data' and UNITS.strip() = ''.
BAR_1R_L2_HKPG | ISTP.UNITS.Empty:
  FrameGroup: VAR_TYPE = 'support_data' and UNITS.strip() = ''.
  termStatus: VAR_TYPE = 'data' and UNITS.strip() = ''.
BAR_1S_L2_HKPG | ISTP.UNITS.Empty:
  FrameGroup: VAR_TYPE = 'support_data' and UNITS.strip() = ''.
  termStatus: VAR_TYPE = 'data' and UNITS.strip() = ''.
BAR_1T_L2_HKPG | ISTP.UNITS.Empty:
  FrameGroup: VAR_TYPE = 'support_data' and UNITS.strip() = ''.
  termStatus: VAR_TYPE = 'data' and UNITS.strip() = ''.
BAR_1U_L2_HKPG | ISTP.UNITS.Empty:
  FrameGroup: VAR_TYPE = 'support_data' and UNITS.strip() = ''.
  termStatus: VAR_TYPE = 'data' and UNITS.strip() = ''.
BAR_1V_L2_HKPG | ISTP.UNITS.Empty:
  FrameGroup: VAR_TYPE = 'support_data' and UNITS.strip() = ''.
  termStatus: VAR_TYPE = 'data' and UNITS.strip() = ''.
BAR_2A_L2_HKPG | ISTP.UNITS.Empty:
  FrameGroup: VAR_TYPE = 'support_data' and UNITS.strip() = ''.
  termStatus: VAR_TYPE = 'data' and UNITS.strip() = ''.
BAR_2B_L2_HKPG | ISTP.UNITS.Empty:
  FrameGroup: VAR_TYPE = 'support_data' and UNITS.strip() = ''.
  termStatus: VAR_TYPE = 'data' and UNITS.strip() = ''.
BAR_2C_L2_HKPG | ISTP.UNITS.Empty:
  FrameGroup: VAR_TYPE = 'support_data' and UNITS.strip() = ''.
  termStatus: VAR_TYPE = 'data' and UNITS.strip() = ''.
BAR_2D_L2_HKPG | ISTP.UNITS.Empty:
  FrameGroup: VAR_TYPE = 'support_data' and UNITS.strip() = ''.
  termStatus: VAR_TYPE = 'data' and UNITS.strip() = ''.
BAR_2E_L2_HKPG | ISTP.UNITS.Empty:
  FrameGroup: VAR_TYPE = 'support_data' and UNITS.strip() = ''.
  termStatus: VAR_TYPE = 'data' and UNITS.strip() = ''.
BAR_2F_L2_HKPG | ISTP.UNITS.Empty:
  FrameGroup: VAR_TYPE = 'support_data' and UNITS.strip() = ''.
  termStatus: VAR_TYPE = 'data' and UNITS.strip() = ''.
BAR_2I_L2_HKPG | ISTP.UNITS.Empty:
  FrameGroup: VAR_TYPE = 'support_data' and UNITS.strip() = ''.
  termStatus: VAR_TYPE = 'data' and UNITS.strip() = ''.
BAR_2K_L2_HKPG | ISTP.UNITS.Empty:
  FrameGroup: VAR_TYPE = 'support_data' and UNITS.strip() = ''.
  termStatus: VAR_TYPE = 'data' and UNITS.strip() = ''.
BAR_2L_L2_HKPG | ISTP.UNITS.Empty:
  termStatus: VAR_TYPE = 'data' and UNITS.strip() = ''.
BAR_2M_L2_HKPG | ISTP.UNITS.Empty:
  FrameGroup: VAR_TYPE = 'support_data' and UNITS.strip() = ''.
  termStatus: VAR_TYPE = 'data' and UNITS.strip() = ''.
BAR_2N_L2_HKPG | ISTP.UNITS.Empty:
  FrameGroup: VAR_TYPE = 'support_data' and UNITS.strip() = ''.
  termStatus: VAR_TYPE = 'data' and UNITS.strip() = ''.
BAR_2O_L2_HKPG | ISTP.UNITS.Empty:
  FrameGroup: VAR_TYPE = 'support_data' and UNITS.strip() = ''.
  termStatus: VAR_TYPE = 'data' and UNITS.strip() = ''.
BAR_2P_L2_HKPG | ISTP.UNITS.Empty:
  FrameGroup: VAR_TYPE = 'support_data' and UNITS.strip() = ''.
  termStatus: VAR_TYPE = 'data' and UNITS.strip() = ''.
BAR_2Q_L2_HKPG | ISTP.UNITS.Empty:
  FrameGroup: VAR_TYPE = 'support_data' and UNITS.strip() = ''.
  termStatus: VAR_TYPE = 'data' and UNITS.strip() = ''.
BAR_2T_L2_HKPG | ISTP.UNITS.Empty:
  FrameGroup: VAR_TYPE = 'support_data' and UNITS.strip() = ''.
  termStatus: VAR_TYPE = 'data' and UNITS.strip() = ''.
BAR_2W_L2_HKPG | ISTP.UNITS.Empty:
  FrameGroup: VAR_TYPE = 'support_data' and UNITS.strip() = ''.
  termStatus: VAR_TYPE = 'data' and UNITS.strip() = ''.
BAR_2X_L2_HKPG | ISTP.UNITS.Empty:
  FrameGroup: VAR_TYPE = 'support_data' and UNITS.strip() = ''.
  termStatus: VAR_TYPE = 'data' and UNITS.strip() = ''.
BAR_2Y_L2_HKPG | ISTP.UNITS.Empty:
  FrameGroup: VAR_TYPE = 'support_data' and UNITS.strip() = ''.
  termStatus: VAR_TYPE = 'data' and UNITS.strip() = ''.
BAR_3A_L2_HKPG | ISTP.UNITS.Empty:
  FrameGroup: VAR_TYPE = 'support_data' and UNITS.strip() = ''.
  termStatus: VAR_TYPE = 'data' and UNITS.strip() = ''.
BAR_3A_L2_MAGN | ISTP.UNITS.Empty:
  FrameGroup: VAR_TYPE = 'support_data' and UNITS.strip() = ''.
BAR_3A_L2_RCNT | ISTP.UNITS.Empty:
  FrameGroup: VAR_TYPE = 'support_data' and UNITS.strip() = ''.
BAR_3B_L2_HKPG | ISTP.UNITS.Empty:
  FrameGroup: VAR_TYPE = 'support_data' and UNITS.strip() = ''.
  termStatus: VAR_TYPE = 'data' and UNITS.strip() = ''.
BAR_3B_L2_MAGN | ISTP.UNITS.Empty:
  FrameGroup: VAR_TYPE = 'support_data' and UNITS.strip() = ''.
BAR_3B_L2_RCNT | ISTP.UNITS.Empty:
  FrameGroup: VAR_TYPE = 'support_data' and UNITS.strip() = ''.
BAR_3C_L2_HKPG | ISTP.UNITS.Empty:
  FrameGroup: VAR_TYPE = 'support_data' and UNITS.strip() = ''.
  termStatus: VAR_TYPE = 'data' and UNITS.strip() = ''.
BAR_3C_L2_MAGN | ISTP.UNITS.Empty:
  FrameGroup: VAR_TYPE = 'support_data' and UNITS.strip() = ''.
BAR_3C_L2_RCNT | ISTP.UNITS.Empty:
  FrameGroup: VAR_TYPE = 'support_data' and UNITS.strip() = ''.
BAR_3D_L2_HKPG | ISTP.UNITS.Empty:
  FrameGroup: VAR_TYPE = 'support_data' and UNITS.strip() = ''.
  termStatus: VAR_TYPE = 'data' and UNITS.strip() = ''.
BAR_3D_L2_MAGN | ISTP.UNITS.Empty:
  FrameGroup: VAR_TYPE = 'support_data' and UNITS.strip() = ''.
BAR_3D_L2_RCNT | ISTP.UNITS.Empty:
  FrameGroup: VAR_TYPE = 'support_data' and UNITS.strip() = ''.
BAR_3E_L2_HKPG | ISTP.UNITS.Empty:
  FrameGroup: VAR_TYPE = 'support_data' and UNITS.strip() = ''.
  termStatus: VAR_TYPE = 'data' and UNITS.strip() = ''.
BAR_3E_L2_MAGN | ISTP.UNITS.Empty:
  FrameGroup: VAR_TYPE = 'support_data' and UNITS.strip() = ''.
BAR_3E_L2_RCNT | ISTP.UNITS.Empty:
  FrameGroup: VAR_TYPE = 'support_data' and UNITS.strip() = ''.
BAR_3F_L2_HKPG | ISTP.UNITS.Empty:
  FrameGroup: VAR_TYPE = 'support_data' and UNITS.strip() = ''.
  termStatus: VAR_TYPE = 'data' and UNITS.strip() = ''.
BAR_3F_L2_MAGN | ISTP.UNITS.Empty:
  FrameGroup: VAR_TYPE = 'support_data' and UNITS.strip() = ''.
BAR_3F_L2_RCNT | ISTP.UNITS.Empty:
  FrameGroup: VAR_TYPE = 'support_data' and UNITS.strip() = ''.
BAR_3G_L2_HKPG | ISTP.UNITS.Empty:
  FrameGroup: VAR_TYPE = 'support_data' and UNITS.strip() = ''.
  termStatus: VAR_TYPE = 'data' and UNITS.strip() = ''.
BAR_3G_L2_MAGN | ISTP.UNITS.Empty:
  FrameGroup: VAR_TYPE = 'support_data' and UNITS.strip() = ''.
BAR_3G_L2_RCNT | ISTP.UNITS.Empty:
  FrameGroup: VAR_TYPE = 'support_data' and UNITS.strip() = ''.
BAR_4A_L2_HKPG | ISTP.UNITS.Empty:
  FrameGroup: VAR_TYPE = 'support_data' and UNITS.strip() = ''.
  termStatus: VAR_TYPE = 'data' and UNITS.strip() = ''.
BAR_4A_L2_RCNT | ISTP.UNITS.Empty:
  FrameGroup: VAR_TYPE = 'support_data' and UNITS.strip() = ''.
BAR_4B_L2_HKPG | ISTP.UNITS.Empty:
  FrameGroup: VAR_TYPE = 'support_data' and UNITS.strip() = ''.
  termStatus: VAR_TYPE = 'data' and UNITS.strip() = ''.
BAR_4B_L2_RCNT | ISTP.UNITS.Empty:
  FrameGroup: VAR_TYPE = 'support_data' and UNITS.strip() = ''.
BAR_4C_L2_HKPG | ISTP.UNITS.Empty:
  FrameGroup: VAR_TYPE = 'support_data' and UNITS.strip() = ''.
  termStatus: VAR_TYPE = 'data' and UNITS.strip() = ''.
BAR_4C_L2_RCNT | ISTP.UNITS.Empty:
  FrameGroup: VAR_TYPE = 'support_data' and UNITS.strip() = ''.
BAR_4D_L2_HKPG | ISTP.UNITS.Empty:
  FrameGroup: VAR_TYPE = 'support_data' and UNITS.strip() = ''.
  termStatus: VAR_TYPE = 'data' and UNITS.strip() = ''.
BAR_4D_L2_RCNT | ISTP.UNITS.Empty:
  FrameGroup: VAR_TYPE = 'support_data' and UNITS.strip() = ''.
BAR_4E_L2_HKPG | ISTP.UNITS.Empty:
  FrameGroup: VAR_TYPE = 'support_data' and UNITS.strip() = ''.
  termStatus: VAR_TYPE = 'data' and UNITS.strip() = ''.
BAR_4E_L2_RCNT | ISTP.UNITS.Empty:
  FrameGroup: VAR_TYPE = 'support_data' and UNITS.strip() = ''.
BAR_4F_L2_HKPG | ISTP.UNITS.Empty:
  FrameGroup: VAR_TYPE = 'support_data' and UNITS.strip() = ''.
  termStatus: VAR_TYPE = 'data' and UNITS.strip() = ''.
BAR_4F_L2_RCNT | ISTP.UNITS.Empty:
  FrameGroup: VAR_TYPE = 'support_data' and UNITS.strip() = ''.
BAR_4G_L2_HKPG | ISTP.UNITS.Empty:
  FrameGroup: VAR_TYPE = 'support_data' and UNITS.strip() = ''.
  termStatus: VAR_TYPE = 'data' and UNITS.strip() = ''.
BAR_4G_L2_RCNT | ISTP.UNITS.Empty:
  FrameGroup: VAR_TYPE = 'support_data' and UNITS.strip() = ''.
BAR_4H_L2_HKPG | ISTP.UNITS.Empty:
  FrameGroup: VAR_TYPE = 'support_data' and UNITS.strip() = ''.
  termStatus: VAR_TYPE = 'data' and UNITS.strip() = ''.
BAR_4H_L2_RCNT | ISTP.UNITS.Empty:
  FrameGroup: VAR_TYPE = 'support_data' and UNITS.strip() = ''.
BAR_5A_L2_HKPG | ISTP.UNITS.Empty:
  FrameGroup: VAR_TYPE = 'support_data' and UNITS.strip() = ''.
  termStatus: VAR_TYPE = 'data' and UNITS.strip() = ''.
BAR_5A_L2_RCNT | ISTP.UNITS.Empty:
  FrameGroup: VAR_TYPE = 'support_data' and UNITS.strip() = ''.
BAR_6A_L2_EPHM | ISTP.UNITS.Empty:
  FrameGroup: VAR_TYPE = 'support_data' and UNITS.strip() = ''.
BAR_6A_L2_FSPC | ISTP.UNITS.Empty:
  FrameGroup: VAR_TYPE = 'support_data' and UNITS.strip() = ''.
BAR_6A_L2_HKPG | ISTP.UNITS.Empty:
  FrameGroup: VAR_TYPE = 'support_data' and UNITS.strip() = ''.
  termStatus: VAR_TYPE = 'data' and UNITS.strip() = ''.
BAR_6A_L2_MAGN | ISTP.UNITS.Empty:
  FrameGroup: VAR_TYPE = 'support_data' and UNITS.strip() = ''.
BAR_6A_L2_MSPC | ISTP.UNITS.Empty:
  FrameGroup: VAR_TYPE = 'support_data' and UNITS.strip() = ''.
BAR_6A_L2_RCNT | ISTP.UNITS.Empty:
  FrameGroup: VAR_TYPE = 'support_data' and UNITS.strip() = ''.
BAR_6A_L2_SSPC | ISTP.UNITS.Empty:
  FrameGroup: VAR_TYPE = 'support_data' and UNITS.strip() = ''.
BAR_7A_L2_EPHM | ISTP.UNITS.Empty:
  FrameGroup: VAR_TYPE = 'support_data' and UNITS.strip() = ''.
BAR_7A_L2_FSPC | ISTP.UNITS.Empty:
  FrameGroup: VAR_TYPE = 'support_data' and UNITS.strip() = ''.
BAR_7A_L2_HKPG | ISTP.UNITS.Empty:
  FrameGroup: VAR_TYPE = 'support_data' and UNITS.strip() = ''.
  termStatus: VAR_TYPE = 'data' and UNITS.strip() = ''.
BAR_7A_L2_MAGN | ISTP.UNITS.Empty:
  FrameGroup: VAR_TYPE = 'support_data' and UNITS.strip() = ''.
BAR_7A_L2_MSPC | ISTP.UNITS.Empty:
  FrameGroup: VAR_TYPE = 'support_data' and UNITS.strip() = ''.
BAR_7A_L2_RCNT | ISTP.UNITS.Empty:
  FrameGroup: VAR_TYPE = 'support_data' and UNITS.strip() = ''.
BAR_7A_L2_SSPC | ISTP.UNITS.Empty:
  FrameGroup: VAR_TYPE = 'support_data' and UNITS.strip() = ''.
C1_CP_CIS-CODIF_H1_1D_PEF | ISTP.UNITS.Empty:
  sensitivity__C1_CP_CIS_CODIF_H1_1D_PEF: VAR_TYPE = 'data' and UNITS.strip() = ''.
  cis_mode__C1_CP_CIS_CODIF_H1_1D_PEF: VAR_TYPE = 'data' and UNITS.strip() = ''.
  tm_product__C1_CP_CIS_CODIF_H1_1D_PEF: VAR_TYPE = 'data' and UNITS.strip() = ''.
C1_CP_CIS-CODIF_HE1_1D_PEF | ISTP.UNITS.Empty:
  sensitivity__C1_CP_CIS_CODIF_He1_1D_PEF: VAR_TYPE = 'data' and UNITS.strip() = ''.
  cis_mode__C1_CP_CIS_CODIF_He1_1D_PEF: VAR_TYPE = 'data' and UNITS.strip() = ''.
  tm_product__C1_CP_CIS_CODIF_He1_1D_PEF: VAR_TYPE = 'data' and UNITS.strip() = ''.
C1_CP_CIS-CODIF_HS_H1_PEF | ISTP.UNITS.Empty:
  cis_mode__C1_CP_CIS_CODIF_HS_H1_PEF: VAR_TYPE = 'data' and UNITS.strip() = ''.
  tm_product__C1_CP_CIS_CODIF_HS_H1_PEF: VAR_TYPE = 'data' and UNITS.strip() = ''.
C1_CP_CIS-CODIF_HS_H1_PF | ISTP.UNITS.Empty:
  cis_mode__C1_CP_CIS_CODIF_HS_H1_PF: VAR_TYPE = 'data' and UNITS.strip() = ''.
  tm_product__C1_CP_CIS_CODIF_HS_H1_PF: VAR_TYPE = 'data' and UNITS.strip() = ''.
C1_CP_CIS-CODIF_HS_H1_PSD | ISTP.UNITS.Empty:
  cis_mode__C1_CP_CIS_CODIF_HS_H1_PSD: VAR_TYPE = 'data' and UNITS.strip() = ''.
  tm_product__C1_CP_CIS_CODIF_HS_H1_PSD: VAR_TYPE = 'data' and UNITS.strip() = ''.
C1_CP_CIS-CODIF_HS_HE1_PF | ISTP.UNITS.Empty:
  cis_mode__C1_CP_CIS_CODIF_HS_He1_PF: VAR_TYPE = 'data' and UNITS.strip() = ''.
  tm_product__C1_CP_CIS_CODIF_HS_He1_PF: VAR_TYPE = 'data' and UNITS.strip() = ''.
C1_CP_CIS-CODIF_HS_HE1_PSD | ISTP.UNITS.Empty:
  cis_mode__C1_CP_CIS_CODIF_HS_He1_PSD: VAR_TYPE = 'data' and UNITS.strip() = ''.
  tm_product__C1_CP_CIS_CODIF_HS_He1_PSD: VAR_TYPE = 'data' and UNITS.strip() = ''.
C1_CP_CIS-CODIF_HS_O1_PEF | ISTP.UNITS.Empty:
  cis_mode__C1_CP_CIS_CODIF_HS_O1_PEF: VAR_TYPE = 'data' and UNITS.strip() = ''.
  tm_product__C1_CP_CIS_CODIF_HS_O1_PEF: VAR_TYPE = 'data' and UNITS.strip() = ''.
C1_CP_CIS-CODIF_HS_O1_PF | ISTP.UNITS.Empty:
  cis_mode__C1_CP_CIS_CODIF_HS_O1_PF: VAR_TYPE = 'data' and UNITS.strip() = ''.
  tm_product__C1_CP_CIS_CODIF_HS_O1_PF: VAR_TYPE = 'data' and UNITS.strip() = ''.
C1_CP_CIS-CODIF_HS_O1_PSD | ISTP.UNITS.Empty:
  cis_mode__C1_CP_CIS_CODIF_HS_O1_PSD: VAR_TYPE = 'data' and UNITS.strip() = ''.
  tm_product__C1_CP_CIS_CODIF_HS_O1_PSD: VAR_TYPE = 'data' and UNITS.strip() = ''.
C1_CP_CIS-CODIF_O1_1D_PEF | ISTP.UNITS.Empty:
  sensitivity__C1_CP_CIS_CODIF_O1_1D_PEF: VAR_TYPE = 'data' and UNITS.strip() = ''.
  cis_mode__C1_CP_CIS_CODIF_O1_1D_PEF: VAR_TYPE = 'data' and UNITS.strip() = ''.
  tm_product__C1_CP_CIS_CODIF_O1_1D_PEF: VAR_TYPE = 'data' and UNITS.strip() = ''.
C1_CP_CIS-CODIF_PAD_HS_H1_PF | ISTP.UNITS.Empty:
  cis_mode__C1_CP_CIS_CODIF_PAD_HS_H1_PF: VAR_TYPE = 'data' and UNITS.strip() = ''.
  tm_product__C1_CP_CIS_CODIF_PAD_HS_H1_PF: VAR_TYPE = 'data' and UNITS.strip() = ''.
C1_CP_CIS-CODIF_PAD_HS_HE1_PF | ISTP.UNITS.Empty:
  cis_mode__C1_CP_CIS_CODIF_PAD_HS_He1_PF: VAR_TYPE = 'data' and UNITS.strip() = ''.
  tm_product__C1_CP_CIS_CODIF_PAD_HS_He1_PF: VAR_TYPE = 'data' and UNITS.strip() = ''.
C1_CP_CIS-CODIF_PAD_HS_O1_PF | ISTP.UNITS.Empty:
  cis_mode__C1_CP_CIS_CODIF_PAD_HS_O1_PF: VAR_TYPE = 'data' and UNITS.strip() = ''.
  tm_product__C1_CP_CIS_CODIF_PAD_HS_O1_PF: VAR_TYPE = 'data' and UNITS.strip() = ''.
C1_CP_CIS-HIA_HS_1D_PEF | ISTP.UNITS.Empty:
  sensitivity__C1_CP_CIS_HIA_HS_1D_PEF: VAR_TYPE = 'data' and UNITS.strip() = ''.
  cis_mode__C1_CP_CIS_HIA_HS_1D_PEF: VAR_TYPE = 'data' and UNITS.strip() = ''.
  tm_product__C1_CP_CIS_HIA_HS_1D_PEF: VAR_TYPE = 'data' and UNITS.strip() = ''.
C1_CP_CIS-HIA_HS_MAG_IONS_PEF | ISTP.UNITS.Empty:
  cis_mode__C1_CP_CIS_HIA_HS_MAG_IONS_PEF: VAR_TYPE = 'data' and UNITS.strip() = ''.
  tm_product__C1_CP_CIS_HIA_HS_MAG_IONS_PEF: VAR_TYPE = 'data' and UNITS.strip() = ''.
C1_CP_CIS-HIA_HS_MAG_IONS_PF | ISTP.UNITS.Empty:
  cis_mode__C1_CP_CIS_HIA_HS_MAG_IONS_PF: VAR_TYPE = 'data' and UNITS.strip() = ''.
  tm_product__C1_CP_CIS_HIA_HS_MAG_IONS_PF: VAR_TYPE = 'data' and UNITS.strip() = ''.
C1_CP_CIS-HIA_HS_MAG_IONS_PSD | ISTP.UNITS.Empty:
  cis_mode__C1_CP_CIS_HIA_HS_MAG_IONS_PSD: VAR_TYPE = 'data' and UNITS.strip() = ''.
  tm_product__C1_CP_CIS_HIA_HS_MAG_IONS_PSD: VAR_TYPE = 'data' and UNITS.strip() = ''.
C1_CP_CIS-HIA_HS_SW_IONS_PEF | ISTP.UNITS.Empty:
  cis_mode__C1_CP_CIS_HIA_HS_SW_IONS_PEF: VAR_TYPE = 'data' and UNITS.strip() = ''.
  tm_product__C1_CP_CIS_HIA_HS_SW_IONS_PEF: VAR_TYPE = 'data' and UNITS.strip() = ''.
C1_CP_CIS-HIA_HS_SW_IONS_PF | ISTP.UNITS.Empty:
  cis_mode__C1_CP_CIS_HIA_HS_SW_IONS_PF: VAR_TYPE = 'data' and UNITS.strip() = ''.
  tm_product__C1_CP_CIS_HIA_HS_SW_IONS_PF: VAR_TYPE = 'data' and UNITS.strip() = ''.
C1_CP_CIS-HIA_HS_SW_IONS_PSD | ISTP.UNITS.Empty:
  cis_mode__C1_CP_CIS_HIA_HS_SW_IONS_PSD: VAR_TYPE = 'data' and UNITS.strip() = ''.
  tm_product__C1_CP_CIS_HIA_HS_SW_IONS_PSD: VAR_TYPE = 'data' and UNITS.strip() = ''.
C1_CP_CIS-HIA_LS_1D_PEF | ISTP.UNITS.Empty:
  sensitivity__C1_CP_CIS_HIA_LS_1D_PEF: VAR_TYPE = 'data' and UNITS.strip() = ''.
  cis_mode__C1_CP_CIS_HIA_LS_1D_PEF: VAR_TYPE = 'data' and UNITS.strip() = ''.
  tm_product__C1_CP_CIS_HIA_LS_1D_PEF: VAR_TYPE = 'data' and UNITS.strip() = ''.
C1_CP_CIS-HIA_LS_SW_IONS_PEF | ISTP.UNITS.Empty:
  cis_mode__C1_CP_CIS_HIA_LS_SW_IONS_PEF: VAR_TYPE = 'data' and UNITS.strip() = ''.
  tm_product__C1_CP_CIS_HIA_LS_SW_IONS_PEF: VAR_TYPE = 'data' and UNITS.strip() = ''.
  hvtbl__C1_CP_CIS_HIA_LS_SW_IONS_PEF: VAR_TYPE = 'support_data' and UNITS.strip() = ''.
C1_CP_CIS-HIA_LS_SW_IONS_PF | ISTP.UNITS.Empty:
  cis_mode__C1_CP_CIS_HIA_LS_SW_IONS_PF: VAR_TYPE = 'data' and UNITS.strip() = ''.
  tm_product__C1_CP_CIS_HIA_LS_SW_IONS_PF: VAR_TYPE = 'data' and UNITS.strip() = ''.
  hvtbl__C1_CP_CIS_HIA_LS_SW_IONS_PF: VAR_TYPE = 'support_data' and UNITS.strip() = ''.
C1_CP_CIS-HIA_LS_SW_IONS_PSD | ISTP.UNITS.Empty:
  cis_mode__C1_CP_CIS_HIA_LS_SW_IONS_PSD: VAR_TYPE = 'data' and UNITS.strip() = ''.
  tm_product__C1_CP_CIS_HIA_LS_SW_IONS_PSD: VAR_TYPE = 'data' and UNITS.strip() = ''.
  hvtbl__C1_CP_CIS_HIA_LS_SW_IONS_PSD: VAR_TYPE = 'support_data' and UNITS.strip() = ''.
C1_CP_CIS-HIA_PAD_HS_MAG_IONS_PF | ISTP.UNITS.Empty:
  cis_mode__C1_CP_CIS_HIA_PAD_HS_MAG_IONS_PF: VAR_TYPE = 'data' and UNITS.strip() = ''.
  tm_product__C1_CP_CIS_HIA_PAD_HS_MAG_IONS_PF: VAR_TYPE = 'data' and UNITS.strip() = ''.
C1_CP_EDI_AEDC | ISTP.UNITS.Empty:
  counts_GDU1_PA_90__C1_CP_EDI_AEDC: VAR_TYPE = 'data' and UNITS.strip() = ''.
  counts_GDU2_PA_90__C1_CP_EDI_AEDC: VAR_TYPE = 'data' and UNITS.strip() = ''.
  counts_GDU1_PA_180__C1_CP_EDI_AEDC: VAR_TYPE = 'data' and UNITS.strip() = ''.
  counts_GDU2_PA_0__C1_CP_EDI_AEDC: VAR_TYPE = 'data' and UNITS.strip() = ''.
  counts_GDU1_PA_0__C1_CP_EDI_AEDC: VAR_TYPE = 'data' and UNITS.strip() = ''.
  counts_GDU2_PA_180__C1_CP_EDI_AEDC: VAR_TYPE = 'data' and UNITS.strip() = ''.
  Status__C1_CP_EDI_AEDC: VAR_TYPE = 'support_data' and UNITS.strip() = ''.
C1_CP_EDI_MP | ISTP.UNITS.Empty:
  Status__C1_CP_EDI_MP: VAR_TYPE = 'support_data' and UNITS.strip() = ''.
  Reduced_chi_sq__C1_CP_EDI_MP: VAR_TYPE = 'support_data' and UNITS.strip() = ''.
C1_CP_EDI_QZC | ISTP.UNITS.Empty:
  Status__C1_CP_EDI_QZC: VAR_TYPE = 'support_data' and UNITS.strip() = ''.
  counts_GDU1_PA_90__C1_CP_EDI_QZC: VAR_TYPE = 'data' and UNITS.strip() = ''.
  D1_phi_index__C1_CP_EDI_QZC: VAR_TYPE = 'support_data' and UNITS.strip() = ''.
  D1_theta_index__C1_CP_EDI_QZC: VAR_TYPE = 'support_data' and UNITS.strip() = ''.
  counts_GDU2_PA_90__C1_CP_EDI_QZC: VAR_TYPE = 'data' and UNITS.strip() = ''.
  D2_phi_index__C1_CP_EDI_QZC: VAR_TYPE = 'support_data' and UNITS.strip() = ''.
  D2_theta_index__C1_CP_EDI_QZC: VAR_TYPE = 'support_data' and UNITS.strip() = ''.
C1_CP_EDI_SPIN | ISTP.UNITS.Empty:
  status__C1_CP_EDI_SPIN: VAR_TYPE = 'support_data' and UNITS.strip() = ''.
C1_CP_EFW_L3_E3D_INERT | ISTP.UNITS.Empty:
  E_bitmask__C1_CP_EFW_L3_E3D_INERT: VAR_TYPE = 'support_data' and UNITS.strip() = ''.
  E_quality__C1_CP_EFW_L3_E3D_INERT: VAR_TYPE = 'support_data' and UNITS.strip() = ''.
C1_CP_EFW_L3_P | ISTP.UNITS.Empty:
  P_probes__C1_CP_EFW_L3_P: VAR_TYPE = 'support_data' and UNITS.strip() = ''.
  ASPOC_status__C1_CP_EFW_L3_P: VAR_TYPE = 'support_data' and UNITS.strip() = ''.
  P_bitmask__C1_CP_EFW_L3_P: VAR_TYPE = 'support_data' and UNITS.strip() = ''.
  P_quality__C1_CP_EFW_L3_P: VAR_TYPE = 'support_data' and UNITS.strip() = ''.
C1_CP_EFW_L3_V3D_INERT | ISTP.UNITS.Empty:
  E_bitmask__C1_CP_EFW_L3_V3D_INERT: VAR_TYPE = 'support_data' and UNITS.strip() = ''.
  E_quality__C1_CP_EFW_L3_V3D_INERT: VAR_TYPE = 'support_data' and UNITS.strip() = ''.
C1_CP_FGM_5VPS | ISTP.UNITS.Empty:
  range__C1_CP_FGM_5VPS: VAR_TYPE = 'support_data' and UNITS.strip() = ''.
  tm__C1_CP_FGM_5VPS: VAR_TYPE = 'support_data' and UNITS.strip() = ''.
C1_CP_RAP_E3DD | ISTP.UNITS.Empty:
  Quality__C1_CP_RAP_E3DD: VAR_TYPE = 'support_data' and UNITS.strip() = ''.
C1_CP_RAP_ESPCT6 | ISTP.UNITS.Empty:
  Quality__C1_CP_RAP_ESPCT6: VAR_TYPE = 'support_data' and UNITS.strip() = ''.
C1_CP_RAP_HSPCT | ISTP.UNITS.Empty:
  Quality__C1_CP_RAP_HSPCT: VAR_TYPE = 'support_data' and UNITS.strip() = ''.
C1_CP_RAP_I3DM_CNO | ISTP.UNITS.Empty:
  Rec_Key__C1_CP_RAP_I3DM_CNO: VAR_TYPE = 'support_data' and UNITS.strip() = ''.
  Quality__C1_CP_RAP_I3DM_CNO: VAR_TYPE = 'support_data' and UNITS.strip() = ''.
C1_CP_RAP_I3DM_H | ISTP.UNITS.Empty:
  Rec_Key__C1_CP_RAP_I3DM_H: VAR_TYPE = 'support_data' and UNITS.strip() = ''.
  Quality__C1_CP_RAP_I3DM_H: VAR_TYPE = 'support_data' and UNITS.strip() = ''.
C1_CP_RAP_I3DM_HE | ISTP.UNITS.Empty:
  Rec_Key__C1_CP_RAP_I3DM_He: VAR_TYPE = 'support_data' and UNITS.strip() = ''.
  Quality__C1_CP_RAP_I3DM_He: VAR_TYPE = 'support_data' and UNITS.strip() = ''.
C1_CP_RAP_ISPCT_CNO | ISTP.UNITS.Empty:
  Quality__C1_CP_RAP_ISPCT_CNO: VAR_TYPE = 'support_data' and UNITS.strip() = ''.
C1_CP_RAP_ISPCT_HE | ISTP.UNITS.Empty:
  Quality__C1_CP_RAP_ISPCT_He: VAR_TYPE = 'support_data' and UNITS.strip() = ''.
C1_CP_RAP_L3DD | ISTP.UNITS.Empty:
  Quality__C1_CP_RAP_L3DD: VAR_TYPE = 'support_data' and UNITS.strip() = ''.
C1_CP_RAP_PAD_CNO | ISTP.UNITS.Empty:
  B_Stability__C1_CP_RAP_PAD_CNO: VAR_TYPE = 'support_data' and UNITS.strip() = ''.
  Quality__C1_CP_RAP_PAD_CNO: VAR_TYPE = 'support_data' and UNITS.strip() = ''.
C1_CP_RAP_PAD_E3DD | ISTP.UNITS.Empty:
  B_Stability__C1_CP_RAP_PAD_E3DD: VAR_TYPE = 'support_data' and UNITS.strip() = ''.
  Quality__C1_CP_RAP_PAD_E3DD: VAR_TYPE = 'support_data' and UNITS.strip() = ''.
C1_CP_RAP_PAD_H | ISTP.UNITS.Empty:
  B_Stability__C1_CP_RAP_PAD_H: VAR_TYPE = 'support_data' and UNITS.strip() = ''.
  Quality__C1_CP_RAP_PAD_H: VAR_TYPE = 'support_data' and UNITS.strip() = ''.
C1_CP_RAP_PAD_HE | ISTP.UNITS.Empty:
  B_Stability__C1_CP_RAP_PAD_He: VAR_TYPE = 'support_data' and UNITS.strip() = ''.
  Quality__C1_CP_RAP_PAD_He: VAR_TYPE = 'support_data' and UNITS.strip() = ''.
C1_CP_RAP_PAD_L3DD | ISTP.UNITS.Empty:
  B_Stability__C1_CP_RAP_PAD_L3DD: VAR_TYPE = 'support_data' and UNITS.strip() = ''.
  Quality__C1_CP_RAP_PAD_L3DD: VAR_TYPE = 'support_data' and UNITS.strip() = ''.
C1_CP_STA_CWF_GSE | ISTP.UNITS.Empty:
  Misalignment_Matrix__C1_CP_STA_CWF_GSE: VAR_TYPE = 'support_data' and UNITS.strip() = ''.
C1_CP_STA_PPP | ISTP.UNITS.Empty:
  ELLSVD__C1_CP_STA_PPP: VAR_TYPE = 'data' and UNITS.strip() = ''.
  POLSVD__C1_CP_STA_PPP: VAR_TYPE = 'data' and UNITS.strip() = ''.
  PVSIGN__C1_CP_STA_PPP: VAR_TYPE = 'data' and UNITS.strip() = ''.
C1_CP_WHI_ACTIVE | ISTP.UNITS.Empty:
  Table_Number__C1_CP_WHI_ACTIVE: VAR_TYPE = 'support_data' and UNITS.strip() = ''.
  Gain_Change_Number__C1_CP_WHI_ACTIVE: VAR_TYPE = 'support_data' and UNITS.strip() = ''.
  Mantissa__C1_CP_WHI_ACTIVE: VAR_TYPE = 'support_data' and UNITS.strip() = ''.
  Exponent__C1_CP_WHI_ACTIVE: VAR_TYPE = 'support_data' and UNITS.strip() = ''.
C1_CP_WHI_ELECTRON_DENSITY | ISTP.UNITS.Empty:
  Contrast__C1_CP_WHI_ELECTRON_DENSITY: VAR_TYPE = 'support_data' and UNITS.strip() = ''.
  Quality__C1_CP_WHI_ELECTRON_DENSITY: VAR_TYPE = 'support_data' and UNITS.strip() = ''.
C1_CP_WHI_NATURAL | ISTP.UNITS.Empty:
  fft_size__C1_CP_WHI_NATURAL: VAR_TYPE = 'support_data' and UNITS.strip() = ''.
  Overflow_Code__C1_CP_WHI_NATURAL: VAR_TYPE = 'support_data' and UNITS.strip() = ''.
  Average_Number__C1_CP_WHI_NATURAL: VAR_TYPE = 'support_data' and UNITS.strip() = ''.
  Gain_Change_Number__C1_CP_WHI_NATURAL: VAR_TYPE = 'support_data' and UNITS.strip() = ''.
  Mantissa__C1_CP_WHI_NATURAL: VAR_TYPE = 'support_data' and UNITS.strip() = ''.
  Exponent__C1_CP_WHI_NATURAL: VAR_TYPE = 'support_data' and UNITS.strip() = ''.
C1_CP_WHI_PASSIVE_ACTIVE | ISTP.UNITS.Empty:
  Table_Number__C1_CP_WHI_PASSIVE_ACTIVE: VAR_TYPE = 'support_data' and UNITS.strip() = ''.
  Gain_Change_Number__C1_CP_WHI_PASSIVE_ACTIVE: VAR_TYPE = 'support_data' and UNITS.strip() = ''.
  Mantissa__C1_CP_WHI_PASSIVE_ACTIVE: VAR_TYPE = 'support_data' and UNITS.strip() = ''.
  Exponent__C1_CP_WHI_PASSIVE_ACTIVE: VAR_TYPE = 'support_data' and UNITS.strip() = ''.
C1_CP_WHI_WAVE_FORM_ENERGY | ISTP.UNITS.Empty:
  Spectrum_Code__C1_CP_WHI_WAVE_FORM_ENERGY: VAR_TYPE = 'support_data' and UNITS.strip() = ''.
  Average_Number__C1_CP_WHI_WAVE_FORM_ENERGY: VAR_TYPE = 'support_data' and UNITS.strip() = ''.
  OverFlow_Code__C1_CP_WHI_WAVE_FORM_ENERGY: VAR_TYPE = 'support_data' and UNITS.strip() = ''.
C1_JP_PMP | ISTP.UNITS.Empty:
  L_value__C1_JP_PMP: VAR_TYPE = 'data' and UNITS.strip() = ''.
C1_JP_PSE | ISTP.UNITS.Empty:
  event_code__C1_JP_PSE: VAR_TYPE = 'data' and UNITS.strip() = ''.
  orbit_num__C1_JP_PSE: VAR_TYPE = 'data' and UNITS.strip() = ''.
  event_sub_code__C1_JP_PSE: VAR_TYPE = 'data' and UNITS.strip() = ''.
  orbit_phase__C1_JP_PSE: VAR_TYPE = 'data' and UNITS.strip() = ''.
C1_PP_ASP | ISTP.UNITS.Empty:
  Status__C1_PP_ASP: VAR_TYPE = 'data' and UNITS.strip() = ''.
C1_PP_CIS | ISTP.UNITS.Empty:
  Status__C1_PP_CIS: VAR_TYPE = 'data' and UNITS.strip() = ''.
C1_PP_DWP | ISTP.UNITS.Empty:
  Status__C1_PP_DWP: VAR_TYPE = 'data' and UNITS.strip() = ''.
  Status_Acf__C1_PP_DWP: VAR_TYPE = 'data' and UNITS.strip() = ''.
  Status_Heea__C1_PP_DWP: VAR_TYPE = 'data' and UNITS.strip() = ''.
  Status_B__C1_PP_DWP: VAR_TYPE = 'data' and UNITS.strip() = ''.
  State_wec__C1_PP_DWP: VAR_TYPE = 'data' and UNITS.strip() = ''.
  Status_wbd__C1_PP_DWP: VAR_TYPE = 'data' and UNITS.strip() = ''.
C1_PP_EDI | ISTP.UNITS.Empty:
  Status__C1_PP_EDI: VAR_TYPE = 'data' and UNITS.strip() = ''.
C1_PP_EFW | ISTP.UNITS.Empty:
  Status__C1_PP_EFW: VAR_TYPE = 'data' and UNITS.strip() = ''.
  State_wec__C1_PP_EFW: VAR_TYPE = 'data' and UNITS.strip() = ''.
C1_PP_PEA | ISTP.UNITS.Empty:
  Status__C1_PP_PEA: VAR_TYPE = 'data' and UNITS.strip() = ''.
C1_PP_RAP | ISTP.UNITS.Empty:
  Status__C1_PP_RAP: VAR_TYPE = 'data' and UNITS.strip() = ''.
  A_e_par__C1_PP_RAP: VAR_TYPE = 'data' and UNITS.strip() = ''.
  A_p_par__C1_PP_RAP: VAR_TYPE = 'data' and UNITS.strip() = ''.
C1_PP_STA | ISTP.UNITS.Empty:
  Status__C1_PP_STA: VAR_TYPE = 'data' and UNITS.strip() = ''.
  State_wec__C1_PP_STA: VAR_TYPE = 'data' and UNITS.strip() = ''.
C1_PP_WHI | ISTP.UNITS.Empty:
  Status__C1_PP_WHI: VAR_TYPE = 'data' and UNITS.strip() = ''.
  State_wec__C1_PP_WHI: VAR_TYPE = 'data' and UNITS.strip() = ''.
  N_e_res_qual__C1_PP_WHI: VAR_TYPE = 'data' and UNITS.strip() = ''.
  E_var_ts__C1_PP_WHI: VAR_TYPE = 'data' and UNITS.strip() = ''.
C1_UP_FGM | ISTP.UNITS.Empty:
  Status__C1_UP_FGM: VAR_TYPE = 'data' and UNITS.strip() = ''.
  B_nsigma_t__C1_UP_FGM: VAR_TYPE = 'data' and UNITS.strip() = ''.
  B_nsigma_b__C1_UP_FGM: VAR_TYPE = 'data' and UNITS.strip() = ''.
C1_WAVEFORM_WBD | ISTP.UNITS.Empty:
  ANTENNA: VAR_TYPE = 'data' and UNITS.strip() = ''.
  DC_Offset: VAR_TYPE = 'data' and UNITS.strip() = ''.
  DATA_QUALITY: VAR_TYPE = 'data' and UNITS.strip() = ''.
C1_WAVEFORM_WBD_BM2 | ISTP.UNITS.Empty:
  ANTENNA: VAR_TYPE = 'data' and UNITS.strip() = ''.
  DC_Offset: VAR_TYPE = 'data' and UNITS.strip() = ''.
  DATA_QUALITY: VAR_TYPE = 'data' and UNITS.strip() = ''.
  BM_Mode: VAR_TYPE = 'data' and UNITS.strip() = ''.
C2_CP_EDI_AEDC | ISTP.UNITS.Empty:
  counts_GDU1_PA_90__C2_CP_EDI_AEDC: VAR_TYPE = 'data' and UNITS.strip() = ''.
  counts_GDU2_PA_90__C2_CP_EDI_AEDC: VAR_TYPE = 'data' and UNITS.strip() = ''.
  counts_GDU1_PA_180__C2_CP_EDI_AEDC: VAR_TYPE = 'data' and UNITS.strip() = ''.
  counts_GDU2_PA_0__C2_CP_EDI_AEDC: VAR_TYPE = 'data' and UNITS.strip() = ''.
  counts_GDU1_PA_0__C2_CP_EDI_AEDC: VAR_TYPE = 'data' and UNITS.strip() = ''.
  counts_GDU2_PA_180__C2_CP_EDI_AEDC: VAR_TYPE = 'data' and UNITS.strip() = ''.
  Status__C2_CP_EDI_AEDC: VAR_TYPE = 'support_data' and UNITS.strip() = ''.
C2_CP_EDI_MP | ISTP.UNITS.Empty:
  Status__C2_CP_EDI_MP: VAR_TYPE = 'support_data' and UNITS.strip() = ''.
  Reduced_chi_sq__C2_CP_EDI_MP: VAR_TYPE = 'support_data' and UNITS.strip() = ''.
C2_CP_EDI_QZC | ISTP.UNITS.Empty:
  Status__C2_CP_EDI_QZC: VAR_TYPE = 'support_data' and UNITS.strip() = ''.
  counts_GDU1_PA_90__C2_CP_EDI_QZC: VAR_TYPE = 'data' and UNITS.strip() = ''.
  D1_phi_index__C2_CP_EDI_QZC: VAR_TYPE = 'support_data' and UNITS.strip() = ''.
  D1_theta_index__C2_CP_EDI_QZC: VAR_TYPE = 'support_data' and UNITS.strip() = ''.
  counts_GDU2_PA_90__C2_CP_EDI_QZC: VAR_TYPE = 'data' and UNITS.strip() = ''.
  D2_phi_index__C2_CP_EDI_QZC: VAR_TYPE = 'support_data' and UNITS.strip() = ''.
  D2_theta_index__C2_CP_EDI_QZC: VAR_TYPE = 'support_data' and UNITS.strip() = ''.
C2_CP_EDI_SPIN | ISTP.UNITS.Empty:
  status__C2_CP_EDI_SPIN: VAR_TYPE = 'support_data' and UNITS.strip() = ''.
C2_CP_EFW_L3_E3D_INERT | ISTP.UNITS.Empty:
  E_bitmask__C2_CP_EFW_L3_E3D_INERT: VAR_TYPE = 'support_data' and UNITS.strip() = ''.
  E_quality__C2_CP_EFW_L3_E3D_INERT: VAR_TYPE = 'support_data' and UNITS.strip() = ''.
C2_CP_EFW_L3_P | ISTP.UNITS.Empty:
  P_probes__C2_CP_EFW_L3_P: VAR_TYPE = 'support_data' and UNITS.strip() = ''.
  ASPOC_status__C2_CP_EFW_L3_P: VAR_TYPE = 'support_data' and UNITS.strip() = ''.
  P_bitmask__C2_CP_EFW_L3_P: VAR_TYPE = 'support_data' and UNITS.strip() = ''.
  P_quality__C2_CP_EFW_L3_P: VAR_TYPE = 'support_data' and UNITS.strip() = ''.
C2_CP_EFW_L3_V3D_INERT | ISTP.UNITS.Empty:
  E_bitmask__C2_CP_EFW_L3_V3D_INERT: VAR_TYPE = 'support_data' and UNITS.strip() = ''.
  E_quality__C2_CP_EFW_L3_V3D_INERT: VAR_TYPE = 'support_data' and UNITS.strip() = ''.
C2_CP_FGM_5VPS | ISTP.UNITS.Empty:
  range__C2_CP_FGM_5VPS: VAR_TYPE = 'support_data' and UNITS.strip() = ''.
  tm__C2_CP_FGM_5VPS: VAR_TYPE = 'support_data' and UNITS.strip() = ''.
C2_CP_RAP_E3DD | ISTP.UNITS.Empty:
  Quality__C2_CP_RAP_E3DD: VAR_TYPE = 'support_data' and UNITS.strip() = ''.
C2_CP_RAP_ESPCT6 | ISTP.UNITS.Empty:
  Quality__C2_CP_RAP_ESPCT6: VAR_TYPE = 'support_data' and UNITS.strip() = ''.
C2_CP_RAP_HSPCT | ISTP.UNITS.Empty:
  Quality__C2_CP_RAP_HSPCT: VAR_TYPE = 'support_data' and UNITS.strip() = ''.
C2_CP_RAP_I3DM_CNO | ISTP.UNITS.Empty:
  Rec_Key__C2_CP_RAP_I3DM_CNO: VAR_TYPE = 'support_data' and UNITS.strip() = ''.
  Quality__C2_CP_RAP_I3DM_CNO: VAR_TYPE = 'support_data' and UNITS.strip() = ''.
C2_CP_RAP_I3DM_H | ISTP.UNITS.Empty:
  Rec_Key__C2_CP_RAP_I3DM_H: VAR_TYPE = 'support_data' and UNITS.strip() = ''.
  Quality__C2_CP_RAP_I3DM_H: VAR_TYPE = 'support_data' and UNITS.strip() = ''.
C2_CP_RAP_I3DM_HE | ISTP.UNITS.Empty:
  Rec_Key__C2_CP_RAP_I3DM_He: VAR_TYPE = 'support_data' and UNITS.strip() = ''.
  Quality__C2_CP_RAP_I3DM_He: VAR_TYPE = 'support_data' and UNITS.strip() = ''.
C2_CP_RAP_ISPCT_CNO | ISTP.UNITS.Empty:
  Quality__C2_CP_RAP_ISPCT_CNO: VAR_TYPE = 'support_data' and UNITS.strip() = ''.
C2_CP_RAP_ISPCT_HE | ISTP.UNITS.Empty:
  Quality__C2_CP_RAP_ISPCT_He: VAR_TYPE = 'support_data' and UNITS.strip() = ''.
C2_CP_RAP_L3DD | ISTP.UNITS.Empty:
  Quality__C2_CP_RAP_L3DD: VAR_TYPE = 'support_data' and UNITS.strip() = ''.
C2_CP_RAP_PAD_E3DD | ISTP.UNITS.Empty:
  B_Stability__C2_CP_RAP_PAD_E3DD: VAR_TYPE = 'support_data' and UNITS.strip() = ''.
  Quality__C2_CP_RAP_PAD_E3DD: VAR_TYPE = 'support_data' and UNITS.strip() = ''.
C2_CP_RAP_PAD_H | ISTP.UNITS.Empty:
  B_Stability__C2_CP_RAP_PAD_H: VAR_TYPE = 'support_data' and UNITS.strip() = ''.
  Quality__C2_CP_RAP_PAD_H: VAR_TYPE = 'support_data' and UNITS.strip() = ''.
C2_CP_RAP_PAD_HE | ISTP.UNITS.Empty:
  B_Stability__C2_CP_RAP_PAD_He: VAR_TYPE = 'support_data' and UNITS.strip() = ''.
  Quality__C2_CP_RAP_PAD_He: VAR_TYPE = 'support_data' and UNITS.strip() = ''.
C2_CP_RAP_PAD_L3DD | ISTP.UNITS.Empty:
  B_Stability__C2_CP_RAP_PAD_L3DD: VAR_TYPE = 'support_data' and UNITS.strip() = ''.
  Quality__C2_CP_RAP_PAD_L3DD: VAR_TYPE = 'support_data' and UNITS.strip() = ''.
C2_CP_STA_CWF_GSE | ISTP.UNITS.Empty:
  Misalignment_Matrix__C2_CP_STA_CWF_GSE: VAR_TYPE = 'support_data' and UNITS.strip() = ''.
C2_CP_STA_PPP | ISTP.UNITS.Empty:
  ELLSVD__C2_CP_STA_PPP: VAR_TYPE = 'data' and UNITS.strip() = ''.
  POLSVD__C2_CP_STA_PPP: VAR_TYPE = 'data' and UNITS.strip() = ''.
  PVSIGN__C2_CP_STA_PPP: VAR_TYPE = 'data' and UNITS.strip() = ''.
C2_CP_WHI_ACTIVE | ISTP.UNITS.Empty:
  Table_Number__C2_CP_WHI_ACTIVE: VAR_TYPE = 'support_data' and UNITS.strip() = ''.
  Gain_Change_Number__C2_CP_WHI_ACTIVE: VAR_TYPE = 'support_data' and UNITS.strip() = ''.
  Mantissa__C2_CP_WHI_ACTIVE: VAR_TYPE = 'support_data' and UNITS.strip() = ''.
  Exponent__C2_CP_WHI_ACTIVE: VAR_TYPE = 'support_data' and UNITS.strip() = ''.
C2_CP_WHI_ELECTRON_DENSITY | ISTP.UNITS.Empty:
  Contrast__C2_CP_WHI_ELECTRON_DENSITY: VAR_TYPE = 'support_data' and UNITS.strip() = ''.
  Quality__C2_CP_WHI_ELECTRON_DENSITY: VAR_TYPE = 'support_data' and UNITS.strip() = ''.
C2_CP_WHI_NATURAL | ISTP.UNITS.Empty:
  fft_size__C2_CP_WHI_NATURAL: VAR_TYPE = 'support_data' and UNITS.strip() = ''.
  Overflow_Code__C2_CP_WHI_NATURAL: VAR_TYPE = 'support_data' and UNITS.strip() = ''.
  Average_Number__C2_CP_WHI_NATURAL: VAR_TYPE = 'support_data' and UNITS.strip() = ''.
  Gain_Change_Number__C2_CP_WHI_NATURAL: VAR_TYPE = 'support_data' and UNITS.strip() = ''.
  Mantissa__C2_CP_WHI_NATURAL: VAR_TYPE = 'support_data' and UNITS.strip() = ''.
  Exponent__C2_CP_WHI_NATURAL: VAR_TYPE = 'support_data' and UNITS.strip() = ''.
C2_CP_WHI_PASSIVE_ACTIVE | ISTP.UNITS.Empty:
  Table_Number__C2_CP_WHI_PASSIVE_ACTIVE: VAR_TYPE = 'support_data' and UNITS.strip() = ''.
  Gain_Change_Number__C2_CP_WHI_PASSIVE_ACTIVE: VAR_TYPE = 'support_data' and UNITS.strip() = ''.
  Mantissa__C2_CP_WHI_PASSIVE_ACTIVE: VAR_TYPE = 'support_data' and UNITS.strip() = ''.
  Exponent__C2_CP_WHI_PASSIVE_ACTIVE: VAR_TYPE = 'support_data' and UNITS.strip() = ''.
C2_CP_WHI_WAVE_FORM_ENERGY | ISTP.UNITS.Empty:
  Spectrum_Code__C2_CP_WHI_WAVE_FORM_ENERGY: VAR_TYPE = 'support_data' and UNITS.strip() = ''.
  Average_Number__C2_CP_WHI_WAVE_FORM_ENERGY: VAR_TYPE = 'support_data' and UNITS.strip() = ''.
  OverFlow_Code__C2_CP_WHI_WAVE_FORM_ENERGY: VAR_TYPE = 'support_data' and UNITS.strip() = ''.
C2_JP_PMP | ISTP.UNITS.Empty:
  L_value__C2_JP_PMP: VAR_TYPE = 'data' and UNITS.strip() = ''.
C2_JP_PSE | ISTP.UNITS.Empty:
  event_code__C2_JP_PSE: VAR_TYPE = 'data' and UNITS.strip() = ''.
  orbit_num__C2_JP_PSE: VAR_TYPE = 'data' and UNITS.strip() = ''.
  event_sub_code__C2_JP_PSE: VAR_TYPE = 'data' and UNITS.strip() = ''.
  orbit_phase__C2_JP_PSE: VAR_TYPE = 'data' and UNITS.strip() = ''.
C2_PP_ASP | ISTP.UNITS.Empty:
  Status__C2_PP_ASP: VAR_TYPE = 'data' and UNITS.strip() = ''.
C2_PP_DWP | ISTP.UNITS.Empty:
  Status__C2_PP_DWP: VAR_TYPE = 'data' and UNITS.strip() = ''.
  Status_Acf__C2_PP_DWP: VAR_TYPE = 'data' and UNITS.strip() = ''.
  Status_Heea__C2_PP_DWP: VAR_TYPE = 'data' and UNITS.strip() = ''.
  Status_B__C2_PP_DWP: VAR_TYPE = 'data' and UNITS.strip() = ''.
  State_wec__C2_PP_DWP: VAR_TYPE = 'data' and UNITS.strip() = ''.
  Status_wbd__C2_PP_DWP: VAR_TYPE = 'data' and UNITS.strip() = ''.
C2_PP_EDI | ISTP.UNITS.Empty:
  Status__C2_PP_EDI: VAR_TYPE = 'data' and UNITS.strip() = ''.
  Reduced_chi_sq__C2_PP_EDI: VAR_TYPE = 'data' and UNITS.strip() = ''.
C2_PP_EFW | ISTP.UNITS.Empty:
  Status__C2_PP_EFW: VAR_TYPE = 'data' and UNITS.strip() = ''.
  State_wec__C2_PP_EFW: VAR_TYPE = 'data' and UNITS.strip() = ''.
C2_PP_PEA | ISTP.UNITS.Empty:
  Status__C2_PP_PEA: VAR_TYPE = 'data' and UNITS.strip() = ''.
C2_PP_RAP | ISTP.UNITS.Empty:
  Status__C2_PP_RAP: VAR_TYPE = 'data' and UNITS.strip() = ''.
  A_e_par__C2_PP_RAP: VAR_TYPE = 'data' and UNITS.strip() = ''.
  A_p_par__C2_PP_RAP: VAR_TYPE = 'data' and UNITS.strip() = ''.
C2_PP_STA | ISTP.UNITS.Empty:
  Status__C2_PP_STA: VAR_TYPE = 'data' and UNITS.strip() = ''.
  State_wec__C2_PP_STA: VAR_TYPE = 'data' and UNITS.strip() = ''.
C2_PP_WHI | ISTP.UNITS.Empty:
  Status__C2_PP_WHI: VAR_TYPE = 'data' and UNITS.strip() = ''.
  State_wec__C2_PP_WHI: VAR_TYPE = 'data' and UNITS.strip() = ''.
  N_e_res_qual__C2_PP_WHI: VAR_TYPE = 'data' and UNITS.strip() = ''.
  E_var_ts__C2_PP_WHI: VAR_TYPE = 'data' and UNITS.strip() = ''.
C2_UP_FGM | ISTP.UNITS.Empty:
  Status__C2_UP_FGM: VAR_TYPE = 'data' and UNITS.strip() = ''.
  B_nsigma_t__C2_UP_FGM: VAR_TYPE = 'data' and UNITS.strip() = ''.
  B_nsigma_b__C2_UP_FGM: VAR_TYPE = 'data' and UNITS.strip() = ''.
C2_WAVEFORM_WBD | ISTP.UNITS.Empty:
  ANTENNA: VAR_TYPE = 'data' and UNITS.strip() = ''.
  DC_Offset: VAR_TYPE = 'data' and UNITS.strip() = ''.
  DATA_QUALITY: VAR_TYPE = 'data' and UNITS.strip() = ''.
C2_WAVEFORM_WBD_BM2 | ISTP.UNITS.Empty:
  ANTENNA: VAR_TYPE = 'data' and UNITS.strip() = ''.
  DC_Offset: VAR_TYPE = 'data' and UNITS.strip() = ''.
  DATA_QUALITY: VAR_TYPE = 'data' and UNITS.strip() = ''.
  BM_Mode: VAR_TYPE = 'data' and UNITS.strip() = ''.
C3_CP_CIS-CODIF_H1_1D_PEF | ISTP.UNITS.Empty:
  sensitivity__C3_CP_CIS_CODIF_H1_1D_PEF: VAR_TYPE = 'data' and UNITS.strip() = ''.
  cis_mode__C3_CP_CIS_CODIF_H1_1D_PEF: VAR_TYPE = 'data' and UNITS.strip() = ''.
  tm_product__C3_CP_CIS_CODIF_H1_1D_PEF: VAR_TYPE = 'data' and UNITS.strip() = ''.
C3_CP_CIS-CODIF_HE1_1D_PEF | ISTP.UNITS.Empty:
  sensitivity__C3_CP_CIS_CODIF_He1_1D_PEF: VAR_TYPE = 'data' and UNITS.strip() = ''.
  cis_mode__C3_CP_CIS_CODIF_He1_1D_PEF: VAR_TYPE = 'data' and UNITS.strip() = ''.
  tm_product__C3_CP_CIS_CODIF_He1_1D_PEF: VAR_TYPE = 'data' and UNITS.strip() = ''.
C3_CP_CIS-CODIF_HS_H1_PEF | ISTP.UNITS.Empty:
  cis_mode__C3_CP_CIS_CODIF_HS_H1_PEF: VAR_TYPE = 'data' and UNITS.strip() = ''.
  tm_product__C3_CP_CIS_CODIF_HS_H1_PEF: VAR_TYPE = 'data' and UNITS.strip() = ''.
C3_CP_CIS-CODIF_HS_H1_PF | ISTP.UNITS.Empty:
  cis_mode__C3_CP_CIS_CODIF_HS_H1_PF: VAR_TYPE = 'data' and UNITS.strip() = ''.
  tm_product__C3_CP_CIS_CODIF_HS_H1_PF: VAR_TYPE = 'data' and UNITS.strip() = ''.
C3_CP_CIS-CODIF_HS_H1_PSD | ISTP.UNITS.Empty:
  cis_mode__C3_CP_CIS_CODIF_HS_H1_PSD: VAR_TYPE = 'data' and UNITS.strip() = ''.
  tm_product__C3_CP_CIS_CODIF_HS_H1_PSD: VAR_TYPE = 'data' and UNITS.strip() = ''.
C3_CP_CIS-CODIF_HS_HE1_PF | ISTP.UNITS.Empty:
  cis_mode__C3_CP_CIS_CODIF_HS_He1_PF: VAR_TYPE = 'data' and UNITS.strip() = ''.
  tm_product__C3_CP_CIS_CODIF_HS_He1_PF: VAR_TYPE = 'data' and UNITS.strip() = ''.
C3_CP_CIS-CODIF_HS_HE1_PSD | ISTP.UNITS.Empty:
  cis_mode__C3_CP_CIS_CODIF_HS_He1_PSD: VAR_TYPE = 'data' and UNITS.strip() = ''.
  tm_product__C3_CP_CIS_CODIF_HS_He1_PSD: VAR_TYPE = 'data' and UNITS.strip() = ''.
C3_CP_CIS-CODIF_HS_O1_PEF | ISTP.UNITS.Empty:
  cis_mode__C3_CP_CIS_CODIF_HS_O1_PEF: VAR_TYPE = 'data' and UNITS.strip() = ''.
  tm_product__C3_CP_CIS_CODIF_HS_O1_PEF: VAR_TYPE = 'data' and UNITS.strip() = ''.
C3_CP_CIS-CODIF_HS_O1_PF | ISTP.UNITS.Empty:
  cis_mode__C3_CP_CIS_CODIF_HS_O1_PF: VAR_TYPE = 'data' and UNITS.strip() = ''.
  tm_product__C3_CP_CIS_CODIF_HS_O1_PF: VAR_TYPE = 'data' and UNITS.strip() = ''.
C3_CP_CIS-CODIF_HS_O1_PSD | ISTP.UNITS.Empty:
  cis_mode__C3_CP_CIS_CODIF_HS_O1_PSD: VAR_TYPE = 'data' and UNITS.strip() = ''.
  tm_product__C3_CP_CIS_CODIF_HS_O1_PSD: VAR_TYPE = 'data' and UNITS.strip() = ''.
C3_CP_CIS-CODIF_O1_1D_PEF | ISTP.UNITS.Empty:
  sensitivity__C3_CP_CIS_CODIF_O1_1D_PEF: VAR_TYPE = 'data' and UNITS.strip() = ''.
  cis_mode__C3_CP_CIS_CODIF_O1_1D_PEF: VAR_TYPE = 'data' and UNITS.strip() = ''.
  tm_product__C3_CP_CIS_CODIF_O1_1D_PEF: VAR_TYPE = 'data' and UNITS.strip() = ''.
C3_CP_CIS-CODIF_PAD_HS_H1_PF | ISTP.UNITS.Empty:
  cis_mode__C3_CP_CIS_CODIF_PAD_HS_H1_PF: VAR_TYPE = 'data' and UNITS.strip() = ''.
  tm_product__C3_CP_CIS_CODIF_PAD_HS_H1_PF: VAR_TYPE = 'data' and UNITS.strip() = ''.
C3_CP_CIS-CODIF_PAD_HS_HE1_PF | ISTP.UNITS.Empty:
  cis_mode__C3_CP_CIS_CODIF_PAD_HS_He1_PF: VAR_TYPE = 'data' and UNITS.strip() = ''.
  tm_product__C3_CP_CIS_CODIF_PAD_HS_He1_PF: VAR_TYPE = 'data' and UNITS.strip() = ''.
C3_CP_CIS-CODIF_PAD_HS_O1_PF | ISTP.UNITS.Empty:
  cis_mode__C3_CP_CIS_CODIF_PAD_HS_O1_PF: VAR_TYPE = 'data' and UNITS.strip() = ''.
  tm_product__C3_CP_CIS_CODIF_PAD_HS_O1_PF: VAR_TYPE = 'data' and UNITS.strip() = ''.
C3_CP_CIS-HIA_HS_1D_PEF | ISTP.UNITS.Empty:
  sensitivity__C3_CP_CIS_HIA_HS_1D_PEF: VAR_TYPE = 'data' and UNITS.strip() = ''.
  cis_mode__C3_CP_CIS_HIA_HS_1D_PEF: VAR_TYPE = 'data' and UNITS.strip() = ''.
  tm_product__C3_CP_CIS_HIA_HS_1D_PEF: VAR_TYPE = 'data' and UNITS.strip() = ''.
C3_CP_CIS-HIA_HS_MAG_IONS_PEF | ISTP.UNITS.Empty:
  cis_mode__C3_CP_CIS_HIA_HS_MAG_IONS_PEF: VAR_TYPE = 'data' and UNITS.strip() = ''.
  tm_product__C3_CP_CIS_HIA_HS_MAG_IONS_PEF: VAR_TYPE = 'data' and UNITS.strip() = ''.
C3_CP_CIS-HIA_HS_MAG_IONS_PF | ISTP.UNITS.Empty:
  cis_mode__C3_CP_CIS_HIA_HS_MAG_IONS_PF: VAR_TYPE = 'data' and UNITS.strip() = ''.
  tm_product__C3_CP_CIS_HIA_HS_MAG_IONS_PF: VAR_TYPE = 'data' and UNITS.strip() = ''.
C3_CP_CIS-HIA_HS_MAG_IONS_PSD | ISTP.UNITS.Empty:
  cis_mode__C3_CP_CIS_HIA_HS_MAG_IONS_PSD: VAR_TYPE = 'data' and UNITS.strip() = ''.
  tm_product__C3_CP_CIS_HIA_HS_MAG_IONS_PSD: VAR_TYPE = 'data' and UNITS.strip() = ''.
C3_CP_CIS-HIA_HS_SW_IONS_PEF | ISTP.UNITS.Empty:
  cis_mode__C3_CP_CIS_HIA_HS_SW_IONS_PEF: VAR_TYPE = 'data' and UNITS.strip() = ''.
  tm_product__C3_CP_CIS_HIA_HS_SW_IONS_PEF: VAR_TYPE = 'data' and UNITS.strip() = ''.
C3_CP_CIS-HIA_HS_SW_IONS_PF | ISTP.UNITS.Empty:
  cis_mode__C3_CP_CIS_HIA_HS_SW_IONS_PF: VAR_TYPE = 'data' and UNITS.strip() = ''.
  tm_product__C3_CP_CIS_HIA_HS_SW_IONS_PF: VAR_TYPE = 'data' and UNITS.strip() = ''.
C3_CP_CIS-HIA_HS_SW_IONS_PSD | ISTP.UNITS.Empty:
  cis_mode__C3_CP_CIS_HIA_HS_SW_IONS_PSD: VAR_TYPE = 'data' and UNITS.strip() = ''.
  tm_product__C3_CP_CIS_HIA_HS_SW_IONS_PSD: VAR_TYPE = 'data' and UNITS.strip() = ''.
C3_CP_CIS-HIA_LS_1D_PEF | ISTP.UNITS.Empty:
  sensitivity__C3_CP_CIS_HIA_LS_1D_PEF: VAR_TYPE = 'data' and UNITS.strip() = ''.
  cis_mode__C3_CP_CIS_HIA_LS_1D_PEF: VAR_TYPE = 'data' and UNITS.strip() = ''.
  tm_product__C3_CP_CIS_HIA_LS_1D_PEF: VAR_TYPE = 'data' and UNITS.strip() = ''.
C3_CP_CIS-HIA_LS_SW_IONS_PEF | ISTP.UNITS.Empty:
  cis_mode__C3_CP_CIS_HIA_LS_SW_IONS_PEF: VAR_TYPE = 'data' and UNITS.strip() = ''.
  tm_product__C3_CP_CIS_HIA_LS_SW_IONS_PEF: VAR_TYPE = 'data' and UNITS.strip() = ''.
  hvtbl__C3_CP_CIS_HIA_LS_SW_IONS_PEF: VAR_TYPE = 'support_data' and UNITS.strip() = ''.
C3_CP_CIS-HIA_LS_SW_IONS_PF | ISTP.UNITS.Empty:
  cis_mode__C3_CP_CIS_HIA_LS_SW_IONS_PF: VAR_TYPE = 'data' and UNITS.strip() = ''.
  tm_product__C3_CP_CIS_HIA_LS_SW_IONS_PF: VAR_TYPE = 'data' and UNITS.strip() = ''.
  hvtbl__C3_CP_CIS_HIA_LS_SW_IONS_PF: VAR_TYPE = 'support_data' and UNITS.strip() = ''.
C3_CP_CIS-HIA_LS_SW_IONS_PSD | ISTP.UNITS.Empty:
  cis_mode__C3_CP_CIS_HIA_LS_SW_IONS_PSD: VAR_TYPE = 'data' and UNITS.strip() = ''.
  tm_product__C3_CP_CIS_HIA_LS_SW_IONS_PSD: VAR_TYPE = 'data' and UNITS.strip() = ''.
  hvtbl__C3_CP_CIS_HIA_LS_SW_IONS_PSD: VAR_TYPE = 'support_data' and UNITS.strip() = ''.
C3_CP_CIS-HIA_PAD_HS_MAG_IONS_PF | ISTP.UNITS.Empty:
  cis_mode__C3_CP_CIS_HIA_PAD_HS_MAG_IONS_PF: VAR_TYPE = 'data' and UNITS.strip() = ''.
  tm_product__C3_CP_CIS_HIA_PAD_HS_MAG_IONS_PF: VAR_TYPE = 'data' and UNITS.strip() = ''.
C3_CP_EDI_AEDC | ISTP.UNITS.Empty:
  counts_GDU1_PA_90__C3_CP_EDI_AEDC: VAR_TYPE = 'data' and UNITS.strip() = ''.
  counts_GDU2_PA_90__C3_CP_EDI_AEDC: VAR_TYPE = 'data' and UNITS.strip() = ''.
  counts_GDU1_PA_180__C3_CP_EDI_AEDC: VAR_TYPE = 'data' and UNITS.strip() = ''.
  counts_GDU2_PA_0__C3_CP_EDI_AEDC: VAR_TYPE = 'data' and UNITS.strip() = ''.
  counts_GDU1_PA_0__C3_CP_EDI_AEDC: VAR_TYPE = 'data' and UNITS.strip() = ''.
  counts_GDU2_PA_180__C3_CP_EDI_AEDC: VAR_TYPE = 'data' and UNITS.strip() = ''.
  Status__C3_CP_EDI_AEDC: VAR_TYPE = 'support_data' and UNITS.strip() = ''.
C3_CP_EDI_MP | ISTP.UNITS.Empty:
  Status__C3_CP_EDI_MP: VAR_TYPE = 'support_data' and UNITS.strip() = ''.
  Reduced_chi_sq__C3_CP_EDI_MP: VAR_TYPE = 'support_data' and UNITS.strip() = ''.
C3_CP_EDI_QZC | ISTP.UNITS.Empty:
  Status__C3_CP_EDI_QZC: VAR_TYPE = 'support_data' and UNITS.strip() = ''.
  counts_GDU1_PA_90__C3_CP_EDI_QZC: VAR_TYPE = 'data' and UNITS.strip() = ''.
  D1_phi_index__C3_CP_EDI_QZC: VAR_TYPE = 'support_data' and UNITS.strip() = ''.
  D1_theta_index__C3_CP_EDI_QZC: VAR_TYPE = 'support_data' and UNITS.strip() = ''.
  counts_GDU2_PA_90__C3_CP_EDI_QZC: VAR_TYPE = 'data' and UNITS.strip() = ''.
  D2_phi_index__C3_CP_EDI_QZC: VAR_TYPE = 'support_data' and UNITS.strip() = ''.
  D2_theta_index__C3_CP_EDI_QZC: VAR_TYPE = 'support_data' and UNITS.strip() = ''.
C3_CP_EDI_SPIN | ISTP.UNITS.Empty:
  status__C3_CP_EDI_SPIN: VAR_TYPE = 'support_data' and UNITS.strip() = ''.
C3_CP_EFW_L3_E3D_INERT | ISTP.UNITS.Empty:
  E_bitmask__C3_CP_EFW_L3_E3D_INERT: VAR_TYPE = 'support_data' and UNITS.strip() = ''.
  E_quality__C3_CP_EFW_L3_E3D_INERT: VAR_TYPE = 'support_data' and UNITS.strip() = ''.
C3_CP_EFW_L3_P | ISTP.UNITS.Empty:
  P_probes__C3_CP_EFW_L3_P: VAR_TYPE = 'support_data' and UNITS.strip() = ''.
  ASPOC_status__C3_CP_EFW_L3_P: VAR_TYPE = 'support_data' and UNITS.strip() = ''.
  P_bitmask__C3_CP_EFW_L3_P: VAR_TYPE = 'support_data' and UNITS.strip() = ''.
  P_quality__C3_CP_EFW_L3_P: VAR_TYPE = 'support_data' and UNITS.strip() = ''.
C3_CP_EFW_L3_V3D_INERT | ISTP.UNITS.Empty:
  E_bitmask__C3_CP_EFW_L3_V3D_INERT: VAR_TYPE = 'support_data' and UNITS.strip() = ''.
  E_quality__C3_CP_EFW_L3_V3D_INERT: VAR_TYPE = 'support_data' and UNITS.strip() = ''.
C3_CP_FGM_5VPS | ISTP.UNITS.Empty:
  range__C3_CP_FGM_5VPS: VAR_TYPE = 'support_data' and UNITS.strip() = ''.
  tm__C3_CP_FGM_5VPS: VAR_TYPE = 'support_data' and UNITS.strip() = ''.
C3_CP_RAP_E3DD | ISTP.UNITS.Empty:
  Quality__C3_CP_RAP_E3DD: VAR_TYPE = 'support_data' and UNITS.strip() = ''.
C3_CP_RAP_ESPCT6 | ISTP.UNITS.Empty:
  Quality__C3_CP_RAP_ESPCT6: VAR_TYPE = 'support_data' and UNITS.strip() = ''.
C3_CP_RAP_HSPCT | ISTP.UNITS.Empty:
  Quality__C3_CP_RAP_HSPCT: VAR_TYPE = 'support_data' and UNITS.strip() = ''.
C3_CP_RAP_I3DM_CNO | ISTP.UNITS.Empty:
  Rec_Key__C3_CP_RAP_I3DM_CNO: VAR_TYPE = 'support_data' and UNITS.strip() = ''.
  Quality__C3_CP_RAP_I3DM_CNO: VAR_TYPE = 'support_data' and UNITS.strip() = ''.
C3_CP_RAP_I3DM_H | ISTP.UNITS.Empty:
  Rec_Key__C3_CP_RAP_I3DM_H: VAR_TYPE = 'support_data' and UNITS.strip() = ''.
  Quality__C3_CP_RAP_I3DM_H: VAR_TYPE = 'support_data' and UNITS.strip() = ''.
C3_CP_RAP_I3DM_HE | ISTP.UNITS.Empty:
  Rec_Key__C3_CP_RAP_I3DM_He: VAR_TYPE = 'support_data' and UNITS.strip() = ''.
  Quality__C3_CP_RAP_I3DM_He: VAR_TYPE = 'support_data' and UNITS.strip() = ''.
C3_CP_RAP_ISPCT_CNO | ISTP.UNITS.Empty:
  Quality__C3_CP_RAP_ISPCT_CNO: VAR_TYPE = 'support_data' and UNITS.strip() = ''.
C3_CP_RAP_ISPCT_HE | ISTP.UNITS.Empty:
  Quality__C3_CP_RAP_ISPCT_He: VAR_TYPE = 'support_data' and UNITS.strip() = ''.
C3_CP_RAP_L3DD | ISTP.UNITS.Empty:
  Quality__C3_CP_RAP_L3DD: VAR_TYPE = 'support_data' and UNITS.strip() = ''.
C3_CP_RAP_PAD_CNO | ISTP.UNITS.Empty:
  B_Stability__C3_CP_RAP_PAD_CNO: VAR_TYPE = 'support_data' and UNITS.strip() = ''.
  Quality__C3_CP_RAP_PAD_CNO: VAR_TYPE = 'support_data' and UNITS.strip() = ''.
C3_CP_RAP_PAD_E3DD | ISTP.UNITS.Empty:
  B_Stability__C3_CP_RAP_PAD_E3DD: VAR_TYPE = 'support_data' and UNITS.strip() = ''.
  Quality__C3_CP_RAP_PAD_E3DD: VAR_TYPE = 'support_data' and UNITS.strip() = ''.
C3_CP_RAP_PAD_H | ISTP.UNITS.Empty:
  B_Stability__C3_CP_RAP_PAD_H: VAR_TYPE = 'support_data' and UNITS.strip() = ''.
  Quality__C3_CP_RAP_PAD_H: VAR_TYPE = 'support_data' and UNITS.strip() = ''.
C3_CP_RAP_PAD_HE | ISTP.UNITS.Empty:
  B_Stability__C3_CP_RAP_PAD_He: VAR_TYPE = 'support_data' and UNITS.strip() = ''.
  Quality__C3_CP_RAP_PAD_He: VAR_TYPE = 'support_data' and UNITS.strip() = ''.
C3_CP_RAP_PAD_L3DD | ISTP.UNITS.Empty:
  B_Stability__C3_CP_RAP_PAD_L3DD: VAR_TYPE = 'support_data' and UNITS.strip() = ''.
  Quality__C3_CP_RAP_PAD_L3DD: VAR_TYPE = 'support_data' and UNITS.strip() = ''.
C3_CP_STA_CWF_GSE | ISTP.UNITS.Empty:
  Misalignment_Matrix__C3_CP_STA_CWF_GSE: VAR_TYPE = 'support_data' and UNITS.strip() = ''.
C3_CP_STA_PPP | ISTP.UNITS.Empty:
  ELLSVD__C3_CP_STA_PPP: VAR_TYPE = 'data' and UNITS.strip() = ''.
  POLSVD__C3_CP_STA_PPP: VAR_TYPE = 'data' and UNITS.strip() = ''.
  PVSIGN__C3_CP_STA_PPP: VAR_TYPE = 'data' and UNITS.strip() = ''.
C3_CP_WHI_ACTIVE | ISTP.UNITS.Empty:
  Table_Number__C3_CP_WHI_ACTIVE: VAR_TYPE = 'support_data' and UNITS.strip() = ''.
  Gain_Change_Number__C3_CP_WHI_ACTIVE: VAR_TYPE = 'support_data' and UNITS.strip() = ''.
  Mantissa__C3_CP_WHI_ACTIVE: VAR_TYPE = 'support_data' and UNITS.strip() = ''.
  Exponent__C3_CP_WHI_ACTIVE: VAR_TYPE = 'support_data' and UNITS.strip() = ''.
C3_CP_WHI_ELECTRON_DENSITY | ISTP.UNITS.Empty:
  Contrast__C3_CP_WHI_ELECTRON_DENSITY: VAR_TYPE = 'support_data' and UNITS.strip() = ''.
  Quality__C3_CP_WHI_ELECTRON_DENSITY: VAR_TYPE = 'support_data' and UNITS.strip() = ''.
C3_CP_WHI_NATURAL | ISTP.UNITS.Empty:
  fft_size__C3_CP_WHI_NATURAL: VAR_TYPE = 'support_data' and UNITS.strip() = ''.
  Overflow_Code__C3_CP_WHI_NATURAL: VAR_TYPE = 'support_data' and UNITS.strip() = ''.
  Average_Number__C3_CP_WHI_NATURAL: VAR_TYPE = 'support_data' and UNITS.strip() = ''.
  Gain_Change_Number__C3_CP_WHI_NATURAL: VAR_TYPE = 'support_data' and UNITS.strip() = ''.
  Mantissa__C3_CP_WHI_NATURAL: VAR_TYPE = 'support_data' and UNITS.strip() = ''.
  Exponent__C3_CP_WHI_NATURAL: VAR_TYPE = 'support_data' and UNITS.strip() = ''.
C3_CP_WHI_PASSIVE_ACTIVE | ISTP.UNITS.Empty:
  Table_Number__C3_CP_WHI_PASSIVE_ACTIVE: VAR_TYPE = 'support_data' and UNITS.strip() = ''.
  Gain_Change_Number__C3_CP_WHI_PASSIVE_ACTIVE: VAR_TYPE = 'support_data' and UNITS.strip() = ''.
  Mantissa__C3_CP_WHI_PASSIVE_ACTIVE: VAR_TYPE = 'support_data' and UNITS.strip() = ''.
  Exponent__C3_CP_WHI_PASSIVE_ACTIVE: VAR_TYPE = 'support_data' and UNITS.strip() = ''.
C3_CP_WHI_WAVE_FORM_ENERGY | ISTP.UNITS.Empty:
  Spectrum_Code__C3_CP_WHI_WAVE_FORM_ENERGY: VAR_TYPE = 'support_data' and UNITS.strip() = ''.
  Average_Number__C3_CP_WHI_WAVE_FORM_ENERGY: VAR_TYPE = 'support_data' and UNITS.strip() = ''.
  OverFlow_Code__C3_CP_WHI_WAVE_FORM_ENERGY: VAR_TYPE = 'support_data' and UNITS.strip() = ''.
C3_JP_PMP | ISTP.UNITS.Empty:
  L_value__C3_JP_PMP: VAR_TYPE = 'data' and UNITS.strip() = ''.
C3_JP_PSE | ISTP.UNITS.Empty:
  event_code__C3_JP_PSE: VAR_TYPE = 'data' and UNITS.strip() = ''.
  orbit_num__C3_JP_PSE: VAR_TYPE = 'data' and UNITS.strip() = ''.
  event_sub_code__C3_JP_PSE: VAR_TYPE = 'data' and UNITS.strip() = ''.
  orbit_phase__C3_JP_PSE: VAR_TYPE = 'data' and UNITS.strip() = ''.
C3_PP_ASP | ISTP.UNITS.Empty:
  Status__C3_PP_ASP: VAR_TYPE = 'data' and UNITS.strip() = ''.
C3_PP_CIS | ISTP.UNITS.Empty:
  Status__C3_PP_CIS: VAR_TYPE = 'data' and UNITS.strip() = ''.
C3_PP_EDI | ISTP.UNITS.Empty:
  Status__C3_PP_EDI: VAR_TYPE = 'data' and UNITS.strip() = ''.
  Reduced_chi_sq__C3_PP_EDI: VAR_TYPE = 'data' and UNITS.strip() = ''.
C3_PP_EFW | ISTP.UNITS.Empty:
  Status__C3_PP_EFW: VAR_TYPE = 'data' and UNITS.strip() = ''.
  State_wec__C3_PP_EFW: VAR_TYPE = 'data' and UNITS.strip() = ''.
C3_PP_PEA | ISTP.UNITS.Empty:
  Status__C3_PP_PEA: VAR_TYPE = 'data' and UNITS.strip() = ''.
C3_PP_RAP | ISTP.UNITS.Empty:
  Status__C3_PP_RAP: VAR_TYPE = 'data' and UNITS.strip() = ''.
  A_e_par__C3_PP_RAP: VAR_TYPE = 'data' and UNITS.strip() = ''.
  A_p_par__C3_PP_RAP: VAR_TYPE = 'data' and UNITS.strip() = ''.
C3_PP_STA | ISTP.UNITS.Empty:
  Status__C3_PP_STA: VAR_TYPE = 'data' and UNITS.strip() = ''.
  State_wec__C3_PP_STA: VAR_TYPE = 'data' and UNITS.strip() = ''.
C3_PP_WHI | ISTP.UNITS.Empty:
  Status__C3_PP_WHI: VAR_TYPE = 'data' and UNITS.strip() = ''.
  State_wec__C3_PP_WHI: VAR_TYPE = 'data' and UNITS.strip() = ''.
  N_e_res_qual__C3_PP_WHI: VAR_TYPE = 'data' and UNITS.strip() = ''.
  E_var_ts__C3_PP_WHI: VAR_TYPE = 'data' and UNITS.strip() = ''.
C3_UP_FGM | ISTP.UNITS.Empty:
  Status__C3_UP_FGM: VAR_TYPE = 'data' and UNITS.strip() = ''.
  B_nsigma_t__C3_UP_FGM: VAR_TYPE = 'data' and UNITS.strip() = ''.
  B_nsigma_b__C3_UP_FGM: VAR_TYPE = 'data' and UNITS.strip() = ''.
C3_WAVEFORM_WBD | ISTP.UNITS.Empty:
  ANTENNA: VAR_TYPE = 'data' and UNITS.strip() = ''.
  DC_Offset: VAR_TYPE = 'data' and UNITS.strip() = ''.
  DATA_QUALITY: VAR_TYPE = 'data' and UNITS.strip() = ''.
C3_WAVEFORM_WBD_BM2 | ISTP.UNITS.Empty:
  ANTENNA: VAR_TYPE = 'data' and UNITS.strip() = ''.
  DC_Offset: VAR_TYPE = 'data' and UNITS.strip() = ''.
  DATA_QUALITY: VAR_TYPE = 'data' and UNITS.strip() = ''.
  BM_Mode: VAR_TYPE = 'data' and UNITS.strip() = ''.
C4_CP_CIS-CODIF_H1_1D_PEF | ISTP.UNITS.Empty:
  sensitivity__C4_CP_CIS_CODIF_H1_1D_PEF: VAR_TYPE = 'data' and UNITS.strip() = ''.
  cis_mode__C4_CP_CIS_CODIF_H1_1D_PEF: VAR_TYPE = 'data' and UNITS.strip() = ''.
  tm_product__C4_CP_CIS_CODIF_H1_1D_PEF: VAR_TYPE = 'data' and UNITS.strip() = ''.
C4_CP_CIS-CODIF_HE1_1D_PEF | ISTP.UNITS.Empty:
  sensitivity__C4_CP_CIS_CODIF_He1_1D_PEF: VAR_TYPE = 'data' and UNITS.strip() = ''.
  cis_mode__C4_CP_CIS_CODIF_He1_1D_PEF: VAR_TYPE = 'data' and UNITS.strip() = ''.
  tm_product__C4_CP_CIS_CODIF_He1_1D_PEF: VAR_TYPE = 'data' and UNITS.strip() = ''.
C4_CP_CIS-CODIF_HS_H1_PEF | ISTP.UNITS.Empty:
  cis_mode__C4_CP_CIS_CODIF_HS_H1_PEF: VAR_TYPE = 'data' and UNITS.strip() = ''.
  tm_product__C4_CP_CIS_CODIF_HS_H1_PEF: VAR_TYPE = 'data' and UNITS.strip() = ''.
C4_CP_CIS-CODIF_HS_H1_PF | ISTP.UNITS.Empty:
  cis_mode__C4_CP_CIS_CODIF_HS_H1_PF: VAR_TYPE = 'data' and UNITS.strip() = ''.
  tm_product__C4_CP_CIS_CODIF_HS_H1_PF: VAR_TYPE = 'data' and UNITS.strip() = ''.
C4_CP_CIS-CODIF_HS_H1_PSD | ISTP.UNITS.Empty:
  cis_mode__C4_CP_CIS_CODIF_HS_H1_PSD: VAR_TYPE = 'data' and UNITS.strip() = ''.
  tm_product__C4_CP_CIS_CODIF_HS_H1_PSD: VAR_TYPE = 'data' and UNITS.strip() = ''.
C4_CP_CIS-CODIF_HS_HE1_PF | ISTP.UNITS.Empty:
  cis_mode__C4_CP_CIS_CODIF_HS_He1_PF: VAR_TYPE = 'data' and UNITS.strip() = ''.
  tm_product__C4_CP_CIS_CODIF_HS_He1_PF: VAR_TYPE = 'data' and UNITS.strip() = ''.
C4_CP_CIS-CODIF_HS_HE1_PSD | ISTP.UNITS.Empty:
  cis_mode__C4_CP_CIS_CODIF_HS_He1_PSD: VAR_TYPE = 'data' and UNITS.strip() = ''.
  tm_product__C4_CP_CIS_CODIF_HS_He1_PSD: VAR_TYPE = 'data' and UNITS.strip() = ''.
C4_CP_CIS-CODIF_HS_O1_PEF | ISTP.UNITS.Empty:
  cis_mode__C4_CP_CIS_CODIF_HS_O1_PEF: VAR_TYPE = 'data' and UNITS.strip() = ''.
  tm_product__C4_CP_CIS_CODIF_HS_O1_PEF: VAR_TYPE = 'data' and UNITS.strip() = ''.
C4_CP_CIS-CODIF_HS_O1_PF | ISTP.UNITS.Empty:
  cis_mode__C4_CP_CIS_CODIF_HS_O1_PF: VAR_TYPE = 'data' and UNITS.strip() = ''.
  tm_product__C4_CP_CIS_CODIF_HS_O1_PF: VAR_TYPE = 'data' and UNITS.strip() = ''.
C4_CP_CIS-CODIF_HS_O1_PSD | ISTP.UNITS.Empty:
  cis_mode__C4_CP_CIS_CODIF_HS_O1_PSD: VAR_TYPE = 'data' and UNITS.strip() = ''.
  tm_product__C4_CP_CIS_CODIF_HS_O1_PSD: VAR_TYPE = 'data' and UNITS.strip() = ''.
C4_CP_CIS-CODIF_LS_H1_PEF | ISTP.UNITS.Empty:
  cis_mode__C4_CP_CIS_CODIF_LS_H1_PEF: VAR_TYPE = 'data' and UNITS.strip() = ''.
  tm_product__C4_CP_CIS_CODIF_LS_H1_PEF: VAR_TYPE = 'data' and UNITS.strip() = ''.
C4_CP_CIS-CODIF_LS_H1_PF | ISTP.UNITS.Empty:
  cis_mode__C4_CP_CIS_CODIF_LS_H1_PF: VAR_TYPE = 'data' and UNITS.strip() = ''.
  tm_product__C4_CP_CIS_CODIF_LS_H1_PF: VAR_TYPE = 'data' and UNITS.strip() = ''.
C4_CP_CIS-CODIF_LS_H1_PSD | ISTP.UNITS.Empty:
  cis_mode__C4_CP_CIS_CODIF_LS_H1_PSD: VAR_TYPE = 'data' and UNITS.strip() = ''.
  tm_product__C4_CP_CIS_CODIF_LS_H1_PSD: VAR_TYPE = 'data' and UNITS.strip() = ''.
C4_CP_CIS-CODIF_LS_HE1_PEF | ISTP.UNITS.Empty:
  cis_mode__C4_CP_CIS_CODIF_LS_He1_PEF: VAR_TYPE = 'data' and UNITS.strip() = ''.
  tm_product__C4_CP_CIS_CODIF_LS_He1_PEF: VAR_TYPE = 'data' and UNITS.strip() = ''.
C4_CP_CIS-CODIF_LS_HE1_PF | ISTP.UNITS.Empty:
  cis_mode__C4_CP_CIS_CODIF_LS_He1_PF: VAR_TYPE = 'data' and UNITS.strip() = ''.
  tm_product__C4_CP_CIS_CODIF_LS_He1_PF: VAR_TYPE = 'data' and UNITS.strip() = ''.
C4_CP_CIS-CODIF_LS_O1_PEF | ISTP.UNITS.Empty:
  cis_mode__C4_CP_CIS_CODIF_LS_O1_PEF: VAR_TYPE = 'data' and UNITS.strip() = ''.
  tm_product__C4_CP_CIS_CODIF_LS_O1_PEF: VAR_TYPE = 'data' and UNITS.strip() = ''.
C4_CP_CIS-CODIF_LS_O1_PF | ISTP.UNITS.Empty:
  cis_mode__C4_CP_CIS_CODIF_LS_O1_PF: VAR_TYPE = 'data' and UNITS.strip() = ''.
  tm_product__C4_CP_CIS_CODIF_LS_O1_PF: VAR_TYPE = 'data' and UNITS.strip() = ''.
C4_CP_CIS-CODIF_LS_O1_PSD | ISTP.UNITS.Empty:
  cis_mode__C4_CP_CIS_CODIF_LS_O1_PSD: VAR_TYPE = 'data' and UNITS.strip() = ''.
  tm_product__C4_CP_CIS_CODIF_LS_O1_PSD: VAR_TYPE = 'data' and UNITS.strip() = ''.
C4_CP_CIS-CODIF_O1_1D_PEF | ISTP.UNITS.Empty:
  sensitivity__C4_CP_CIS_CODIF_O1_1D_PEF: VAR_TYPE = 'data' and UNITS.strip() = ''.
  cis_mode__C4_CP_CIS_CODIF_O1_1D_PEF: VAR_TYPE = 'data' and UNITS.strip() = ''.
  tm_product__C4_CP_CIS_CODIF_O1_1D_PEF: VAR_TYPE = 'data' and UNITS.strip() = ''.
C4_CP_CIS-CODIF_PAD_HS_H1_PF | ISTP.UNITS.Empty:
  cis_mode__C4_CP_CIS_CODIF_PAD_HS_H1_PF: VAR_TYPE = 'data' and UNITS.strip() = ''.
  tm_product__C4_CP_CIS_CODIF_PAD_HS_H1_PF: VAR_TYPE = 'data' and UNITS.strip() = ''.
C4_CP_CIS-CODIF_PAD_HS_HE1_PF | ISTP.UNITS.Empty:
  cis_mode__C4_CP_CIS_CODIF_PAD_HS_He1_PF: VAR_TYPE = 'data' and UNITS.strip() = ''.
  tm_product__C4_CP_CIS_CODIF_PAD_HS_He1_PF: VAR_TYPE = 'data' and UNITS.strip() = ''.
C4_CP_CIS-CODIF_PAD_HS_O1_PF | ISTP.UNITS.Empty:
  cis_mode__C4_CP_CIS_CODIF_PAD_HS_O1_PF: VAR_TYPE = 'data' and UNITS.strip() = ''.
  tm_product__C4_CP_CIS_CODIF_PAD_HS_O1_PF: VAR_TYPE = 'data' and UNITS.strip() = ''.
C4_CP_CIS-CODIF_PAD_LS_H1_PF | ISTP.UNITS.Empty:
  cis_mode__C4_CP_CIS_CODIF_PAD_LS_H1_PF: VAR_TYPE = 'data' and UNITS.strip() = ''.
  tm_product__C4_CP_CIS_CODIF_PAD_LS_H1_PF: VAR_TYPE = 'data' and UNITS.strip() = ''.
C4_CP_CIS-CODIF_PAD_LS_HE1_PF | ISTP.UNITS.Empty:
  cis_mode__C4_CP_CIS_CODIF_PAD_LS_He1_PF: VAR_TYPE = 'data' and UNITS.strip() = ''.
  tm_product__C4_CP_CIS_CODIF_PAD_LS_He1_PF: VAR_TYPE = 'data' and UNITS.strip() = ''.
C4_CP_CIS-CODIF_PAD_LS_O1_PF | ISTP.UNITS.Empty:
  cis_mode__C4_CP_CIS_CODIF_PAD_LS_O1_PF: VAR_TYPE = 'data' and UNITS.strip() = ''.
  tm_product__C4_CP_CIS_CODIF_PAD_LS_O1_PF: VAR_TYPE = 'data' and UNITS.strip() = ''.
C4_CP_EFW_L3_E3D_INERT | ISTP.UNITS.Empty:
  E_bitmask__C4_CP_EFW_L3_E3D_INERT: VAR_TYPE = 'support_data' and UNITS.strip() = ''.
  E_quality__C4_CP_EFW_L3_E3D_INERT: VAR_TYPE = 'support_data' and UNITS.strip() = ''.
C4_CP_EFW_L3_P | ISTP.UNITS.Empty:
  P_probes__C4_CP_EFW_L3_P: VAR_TYPE = 'support_data' and UNITS.strip() = ''.
  ASPOC_status__C4_CP_EFW_L3_P: VAR_TYPE = 'support_data' and UNITS.strip() = ''.
  P_bitmask__C4_CP_EFW_L3_P: VAR_TYPE = 'support_data' and UNITS.strip() = ''.
  P_quality__C4_CP_EFW_L3_P: VAR_TYPE = 'support_data' and UNITS.strip() = ''.
C4_CP_EFW_L3_V3D_INERT | ISTP.UNITS.Empty:
  E_bitmask__C4_CP_EFW_L3_V3D_INERT: VAR_TYPE = 'support_data' and UNITS.strip() = ''.
  E_quality__C4_CP_EFW_L3_V3D_INERT: VAR_TYPE = 'support_data' and UNITS.strip() = ''.
C4_CP_FGM_5VPS | ISTP.UNITS.Empty:
  range__C4_CP_FGM_5VPS: VAR_TYPE = 'support_data' and UNITS.strip() = ''.
  tm__C4_CP_FGM_5VPS: VAR_TYPE = 'support_data' and UNITS.strip() = ''.
C4_CP_RAP_E3DD | ISTP.UNITS.Empty:
  Quality__C4_CP_RAP_E3DD: VAR_TYPE = 'support_data' and UNITS.strip() = ''.
C4_CP_RAP_ESPCT6 | ISTP.UNITS.Empty:
  Quality__C4_CP_RAP_ESPCT6: VAR_TYPE = 'support_data' and UNITS.strip() = ''.
C4_CP_RAP_HSPCT | ISTP.UNITS.Empty:
  Quality__C4_CP_RAP_HSPCT: VAR_TYPE = 'support_data' and UNITS.strip() = ''.
C4_CP_RAP_I3DM_CNO | ISTP.UNITS.Empty:
  Rec_Key__C4_CP_RAP_I3DM_CNO: VAR_TYPE = 'support_data' and UNITS.strip() = ''.
  Quality__C4_CP_RAP_I3DM_CNO: VAR_TYPE = 'support_data' and UNITS.strip() = ''.
C4_CP_RAP_I3DM_H | ISTP.UNITS.Empty:
  Rec_Key__C4_CP_RAP_I3DM_H: VAR_TYPE = 'support_data' and UNITS.strip() = ''.
  Quality__C4_CP_RAP_I3DM_H: VAR_TYPE = 'support_data' and UNITS.strip() = ''.
C4_CP_RAP_I3DM_HE | ISTP.UNITS.Empty:
  Rec_Key__C4_CP_RAP_I3DM_He: VAR_TYPE = 'support_data' and UNITS.strip() = ''.
  Quality__C4_CP_RAP_I3DM_He: VAR_TYPE = 'support_data' and UNITS.strip() = ''.
C4_CP_RAP_ISPCT_CNO | ISTP.UNITS.Empty:
  Quality__C4_CP_RAP_ISPCT_CNO: VAR_TYPE = 'support_data' and UNITS.strip() = ''.
C4_CP_RAP_ISPCT_HE | ISTP.UNITS.Empty:
  Quality__C4_CP_RAP_ISPCT_He: VAR_TYPE = 'support_data' and UNITS.strip() = ''.
C4_CP_RAP_L3DD | ISTP.UNITS.Empty:
  Quality__C4_CP_RAP_L3DD: VAR_TYPE = 'support_data' and UNITS.strip() = ''.
C4_CP_RAP_PAD_CNO | ISTP.UNITS.Empty:
  B_Stability__C4_CP_RAP_PAD_CNO: VAR_TYPE = 'support_data' and UNITS.strip() = ''.
  Quality__C4_CP_RAP_PAD_CNO: VAR_TYPE = 'support_data' and UNITS.strip() = ''.
C4_CP_RAP_PAD_E3DD | ISTP.UNITS.Empty:
  B_Stability__C4_CP_RAP_PAD_E3DD: VAR_TYPE = 'support_data' and UNITS.strip() = ''.
  Quality__C4_CP_RAP_PAD_E3DD: VAR_TYPE = 'support_data' and UNITS.strip() = ''.
C4_CP_RAP_PAD_H | ISTP.UNITS.Empty:
  B_Stability__C4_CP_RAP_PAD_H: VAR_TYPE = 'support_data' and UNITS.strip() = ''.
  Quality__C4_CP_RAP_PAD_H: VAR_TYPE = 'support_data' and UNITS.strip() = ''.
C4_CP_RAP_PAD_HE | ISTP.UNITS.Empty:
  B_Stability__C4_CP_RAP_PAD_He: VAR_TYPE = 'support_data' and UNITS.strip() = ''.
  Quality__C4_CP_RAP_PAD_He: VAR_TYPE = 'support_data' and UNITS.strip() = ''.
C4_CP_RAP_PAD_L3DD | ISTP.UNITS.Empty:
  B_Stability__C4_CP_RAP_PAD_L3DD: VAR_TYPE = 'support_data' and UNITS.strip() = ''.
  Quality__C4_CP_RAP_PAD_L3DD: VAR_TYPE = 'support_data' and UNITS.strip() = ''.
C4_CP_STA_CWF_GSE | ISTP.UNITS.Empty:
  Misalignment_Matrix__C4_CP_STA_CWF_GSE: VAR_TYPE = 'support_data' and UNITS.strip() = ''.
C4_CP_STA_PPP | ISTP.UNITS.Empty:
  ELLSVD__C4_CP_STA_PPP: VAR_TYPE = 'data' and UNITS.strip() = ''.
  POLSVD__C4_CP_STA_PPP: VAR_TYPE = 'data' and UNITS.strip() = ''.
  PVSIGN__C4_CP_STA_PPP: VAR_TYPE = 'data' and UNITS.strip() = ''.
C4_CP_WHI_ACTIVE | ISTP.UNITS.Empty:
  Table_Number__C4_CP_WHI_ACTIVE: VAR_TYPE = 'support_data' and UNITS.strip() = ''.
  Gain_Change_Number__C4_CP_WHI_ACTIVE: VAR_TYPE = 'support_data' and UNITS.strip() = ''.
  Mantissa__C4_CP_WHI_ACTIVE: VAR_TYPE = 'support_data' and UNITS.strip() = ''.
  Exponent__C4_CP_WHI_ACTIVE: VAR_TYPE = 'support_data' and UNITS.strip() = ''.
C4_CP_WHI_ELECTRON_DENSITY | ISTP.UNITS.Empty:
  Contrast__C4_CP_WHI_ELECTRON_DENSITY: VAR_TYPE = 'support_data' and UNITS.strip() = ''.
  Quality__C4_CP_WHI_ELECTRON_DENSITY: VAR_TYPE = 'support_data' and UNITS.strip() = ''.
C4_CP_WHI_NATURAL | ISTP.UNITS.Empty:
  fft_size__C4_CP_WHI_NATURAL: VAR_TYPE = 'support_data' and UNITS.strip() = ''.
  Overflow_Code__C4_CP_WHI_NATURAL: VAR_TYPE = 'support_data' and UNITS.strip() = ''.
  Average_Number__C4_CP_WHI_NATURAL: VAR_TYPE = 'support_data' and UNITS.strip() = ''.
  Gain_Change_Number__C4_CP_WHI_NATURAL: VAR_TYPE = 'support_data' and UNITS.strip() = ''.
  Mantissa__C4_CP_WHI_NATURAL: VAR_TYPE = 'support_data' and UNITS.strip() = ''.
  Exponent__C4_CP_WHI_NATURAL: VAR_TYPE = 'support_data' and UNITS.strip() = ''.
C4_CP_WHI_PASSIVE_ACTIVE | ISTP.UNITS.Empty:
  Table_Number__C4_CP_WHI_PASSIVE_ACTIVE: VAR_TYPE = 'support_data' and UNITS.strip() = ''.
  Gain_Change_Number__C4_CP_WHI_PASSIVE_ACTIVE: VAR_TYPE = 'support_data' and UNITS.strip() = ''.
  Mantissa__C4_CP_WHI_PASSIVE_ACTIVE: VAR_TYPE = 'support_data' and UNITS.strip() = ''.
  Exponent__C4_CP_WHI_PASSIVE_ACTIVE: VAR_TYPE = 'support_data' and UNITS.strip() = ''.
C4_CP_WHI_WAVE_FORM_ENERGY | ISTP.UNITS.Empty:
  Spectrum_Code__C4_CP_WHI_WAVE_FORM_ENERGY: VAR_TYPE = 'support_data' and UNITS.strip() = ''.
  Average_Number__C4_CP_WHI_WAVE_FORM_ENERGY: VAR_TYPE = 'support_data' and UNITS.strip() = ''.
  OverFlow_Code__C4_CP_WHI_WAVE_FORM_ENERGY: VAR_TYPE = 'support_data' and UNITS.strip() = ''.
C4_JP_PMP | ISTP.UNITS.Empty:
  L_value__C4_JP_PMP: VAR_TYPE = 'data' and UNITS.strip() = ''.
C4_JP_PSE | ISTP.UNITS.Empty:
  event_code__C4_JP_PSE: VAR_TYPE = 'data' and UNITS.strip() = ''.
  orbit_num__C4_JP_PSE: VAR_TYPE = 'data' and UNITS.strip() = ''.
  event_sub_code__C4_JP_PSE: VAR_TYPE = 'data' and UNITS.strip() = ''.
  orbit_phase__C4_JP_PSE: VAR_TYPE = 'data' and UNITS.strip() = ''.
C4_PP_ASP | ISTP.UNITS.Empty:
  Status__C4_PP_ASP: VAR_TYPE = 'data' and UNITS.strip() = ''.
C4_PP_CIS | ISTP.UNITS.Empty:
  Status__C4_PP_CIS: VAR_TYPE = 'data' and UNITS.strip() = ''.
C4_PP_DWP | ISTP.UNITS.Empty:
  Status__C4_PP_DWP: VAR_TYPE = 'data' and UNITS.strip() = ''.
  Status_Acf__C4_PP_DWP: VAR_TYPE = 'data' and UNITS.strip() = ''.
  Status_Heea__C4_PP_DWP: VAR_TYPE = 'data' and UNITS.strip() = ''.
  Status_B__C4_PP_DWP: VAR_TYPE = 'data' and UNITS.strip() = ''.
  State_wec__C4_PP_DWP: VAR_TYPE = 'data' and UNITS.strip() = ''.
  Status_wbd__C4_PP_DWP: VAR_TYPE = 'data' and UNITS.strip() = ''.
C4_PP_EDI | ISTP.UNITS.Empty:
  Status__C4_PP_EDI: VAR_TYPE = 'data' and UNITS.strip() = ''.
C4_PP_EFW | ISTP.UNITS.Empty:
  Status__C4_PP_EFW: VAR_TYPE = 'data' and UNITS.strip() = ''.
  State_wec__C4_PP_EFW: VAR_TYPE = 'data' and UNITS.strip() = ''.
C4_PP_PEA | ISTP.UNITS.Empty:
  Status__C4_PP_PEA: VAR_TYPE = 'data' and UNITS.strip() = ''.
C4_PP_RAP | ISTP.UNITS.Empty:
  Status__C4_PP_RAP: VAR_TYPE = 'data' and UNITS.strip() = ''.
  A_e_par__C4_PP_RAP: VAR_TYPE = 'data' and UNITS.strip() = ''.
  A_p_par__C4_PP_RAP: VAR_TYPE = 'data' and UNITS.strip() = ''.
C4_PP_STA | ISTP.UNITS.Empty:
  Status__C4_PP_STA: VAR_TYPE = 'data' and UNITS.strip() = ''.
  State_wec__C4_PP_STA: VAR_TYPE = 'data' and UNITS.strip() = ''.
C4_PP_WHI | ISTP.UNITS.Empty:
  Status__C4_PP_WHI: VAR_TYPE = 'data' and UNITS.strip() = ''.
  State_wec__C4_PP_WHI: VAR_TYPE = 'data' and UNITS.strip() = ''.
  N_e_res_qual__C4_PP_WHI: VAR_TYPE = 'data' and UNITS.strip() = ''.
  E_var_ts__C4_PP_WHI: VAR_TYPE = 'data' and UNITS.strip() = ''.
C4_UP_FGM | ISTP.UNITS.Empty:
  Status__C4_UP_FGM: VAR_TYPE = 'data' and UNITS.strip() = ''.
  B_nsigma_t__C4_UP_FGM: VAR_TYPE = 'data' and UNITS.strip() = ''.
  B_nsigma_b__C4_UP_FGM: VAR_TYPE = 'data' and UNITS.strip() = ''.
C4_WAVEFORM_WBD | ISTP.UNITS.Empty:
  ANTENNA: VAR_TYPE = 'data' and UNITS.strip() = ''.
  DC_Offset: VAR_TYPE = 'data' and UNITS.strip() = ''.
  DATA_QUALITY: VAR_TYPE = 'data' and UNITS.strip() = ''.
C4_WAVEFORM_WBD_BM2 | ISTP.UNITS.Empty:
  ANTENNA: VAR_TYPE = 'data' and UNITS.strip() = ''.
  DC_Offset: VAR_TYPE = 'data' and UNITS.strip() = ''.
  DATA_QUALITY: VAR_TYPE = 'data' and UNITS.strip() = ''.
  BM_Mode: VAR_TYPE = 'data' and UNITS.strip() = ''.
CASSINI_MAG_1MIN_MAGNETIC_FIELD | ISTP.UNITS.Empty:
  VHM_mode: VAR_TYPE = 'data' and UNITS.strip() = ''.
  FGM_mode: VAR_TYPE = 'data' and UNITS.strip() = ''.
CIRBE_REPTILE-2_L1A_DETECTORS | ISTP.UNITS.Empty:
  L_McIlwain: VAR_TYPE = 'data' and UNITS.strip() = ''.
  D1_Counts: VAR_TYPE = 'data' and UNITS.strip() = ''.
  D2_Counts: VAR_TYPE = 'data' and UNITS.strip() = ''.
  D3_Counts: VAR_TYPE = 'data' and UNITS.strip() = ''.
  D4_Counts: VAR_TYPE = 'data' and UNITS.strip() = ''.
  G_Counts: VAR_TYPE = 'data' and UNITS.strip() = ''.
  D12n_Counts: VAR_TYPE = 'data' and UNITS.strip() = ''.
  D123n_Counts: VAR_TYPE = 'data' and UNITS.strip() = ''.
  D1234n_Counts: VAR_TYPE = 'data' and UNITS.strip() = ''.
  D1234_Counts: VAR_TYPE = 'data' and UNITS.strip() = ''.
  Spacecraft_Pointing_Mode: VAR_TYPE = 'support_data' and UNITS.strip() = ''.
CIRBE_REPTILE-2_L1B_RNG_ELECS | ISTP.UNITS.Empty:
  L_McIlwain: VAR_TYPE = 'data' and UNITS.strip() = ''.
  Channel_Counts: VAR_TYPE = 'data' and UNITS.strip() = ''.
  Spacecraft_Pointing_Mode: VAR_TYPE = 'support_data' and UNITS.strip() = ''.
CIRBE_REPTILE-2_L2_RNG_ELECS | ISTP.UNITS.Empty:
  L_McIlwain: VAR_TYPE = 'data' and UNITS.strip() = ''.
  Spacecraft_Pointing_Mode: VAR_TYPE = 'support_data' and UNITS.strip() = ''.
CL_JP_PCY | ISTP.UNITS.Empty:
  Sunspot_number__CL_JP_PCY: VAR_TYPE = 'data' and UNITS.strip() = ''.
CL_JP_PGP | ISTP.UNITS.Empty:
  sc_orbit_num__CL_JP_PGP: VAR_TYPE = 'data' and UNITS.strip() = ''.
  sc_config_QG__CL_JP_PGP: VAR_TYPE = 'support_data' and UNITS.strip() = ''.
  sc_config_QR__CL_JP_PGP: VAR_TYPE = 'support_data' and UNITS.strip() = ''.
  sc_geom_elong__CL_JP_PGP: VAR_TYPE = 'data' and UNITS.strip() = ''.
  sc_geom_planarity__CL_JP_PGP: VAR_TYPE = 'data' and UNITS.strip() = ''.
  sc_geom_E_dir_gse__CL_JP_PGP: VAR_TYPE = 'data' and UNITS.strip() = ''.
  sc_geom_P_nor_gse__CL_JP_PGP: VAR_TYPE = 'data' and UNITS.strip() = ''.
CL_SP_AUX | ISTP.UNITS.Empty:
  sc_status__CL_SP_AUX: VAR_TYPE = 'data' and UNITS.strip() = ''.
  sc_orbit_num__CL_SP_AUX: VAR_TYPE = 'data' and UNITS.strip() = ''.
  sc_config_QG__CL_SP_AUX: VAR_TYPE = 'data' and UNITS.strip() = ''.
  sc_config_QR__CL_SP_AUX: VAR_TYPE = 'data' and UNITS.strip() = ''.
  sc_geom_elong__CL_SP_AUX: VAR_TYPE = 'data' and UNITS.strip() = ''.
  sc_geom_planarity__CL_SP_AUX: VAR_TYPE = 'data' and UNITS.strip() = ''.
  sc_geom_E_dir_gse__CL_SP_AUX: VAR_TYPE = 'data' and UNITS.strip() = ''.
  sc_geom_P_nor_gse__CL_SP_AUX: VAR_TYPE = 'data' and UNITS.strip() = ''.
CNOFS_CINDI_IVM_500MS | ISTP.UNITS.Empty:
  offsetFlag: VAR_TYPE = 'data' and UNITS.strip() = ''.
  orbitNumber: VAR_TYPE = 'data' and UNITS.strip() = ''.
  ECISC_matrix: VAR_TYPE = 'support_data' and UNITS.strip() = ''.
  LVLHSC_matrix: VAR_TYPE = 'support_data' and UNITS.strip() = ''.
  zonalunitvectorX: VAR_TYPE = 'data' and UNITS.strip() = ''.
  zonalunitvectorY: VAR_TYPE = 'data' and UNITS.strip() = ''.
  zonalunitvectorZ: VAR_TYPE = 'data' and UNITS.strip() = ''.
  parallelunitvectorX: VAR_TYPE = 'data' and UNITS.strip() = ''.
  parallelunitvectorY: VAR_TYPE = 'data' and UNITS.strip() = ''.
  parallelunitvectorZ: VAR_TYPE = 'data' and UNITS.strip() = ''.
  meridionalunitvectorX: VAR_TYPE = 'data' and UNITS.strip() = ''.
  meridionalunitvectorY: VAR_TYPE = 'data' and UNITS.strip() = ''.
  meridionalunitvectorZ: VAR_TYPE = 'data' and UNITS.strip() = ''.
  ECISC_index1: VAR_TYPE = 'support_data' and UNITS.strip() = ''.
  LVLHSC_index1: VAR_TYPE = 'support_data' and UNITS.strip() = ''.
CNOFS_PLP_PLASMA_1SEC | ISTP.UNITS.Empty:
  dN_N: VAR_TYPE = 'data' and UNITS.strip() = ''.
  Ni_quality_flag: VAR_TYPE = 'data' and UNITS.strip() = ''.
  Te_quality_flag: VAR_TYPE = 'data' and UNITS.strip() = ''.
CN_K0_ASI | ISTP.UNITS.Empty:
  DQF: VAR_TYPE = 'support_data' and UNITS.strip() = ''.
  GAP_FLAG: VAR_TYPE = 'support_data' and UNITS.strip() = ''.
CN_K0_BARS | ISTP.UNITS.Empty:
  DQF: VAR_TYPE = 'support_data' and UNITS.strip() = ''.
  Meas: VAR_TYPE = 'support_data' and UNITS.strip() = ''.
  GAP_FLAG: VAR_TYPE = 'support_data' and UNITS.strip() = ''.
CN_K0_MARI | ISTP.UNITS.Empty:
  DQF: VAR_TYPE = 'support_data' and UNITS.strip() = ''.
  GAP_FLAG: VAR_TYPE = 'support_data' and UNITS.strip() = ''.
CN_K0_MPA | ISTP.UNITS.Empty:
  GAP_FLAG: VAR_TYPE = 'support_data' and UNITS.strip() = ''.
  DQF: VAR_TYPE = 'support_data' and UNITS.strip() = ''.
CN_K1_MARI | ISTP.UNITS.Empty:
  DQF: VAR_TYPE = 'support_data' and UNITS.strip() = ''.
  GAP_FLAG: VAR_TYPE = 'support_data' and UNITS.strip() = ''.
CRRES_H0_MEA | ISTP.UNITS.Empty:
  N: VAR_TYPE = 'data' and UNITS.strip() = ''.
  delta_N: VAR_TYPE = 'data' and UNITS.strip() = ''.
CSSWE_REPTILE_6SEC-COUNTS-L1 | ISTP.UNITS.Empty:
  L: VAR_TYPE = 'data' and UNITS.strip() = ''.
CSSWE_REPTILE_6SEC-FLUX-L2 | ISTP.UNITS.Empty:
  L: VAR_TYPE = 'data' and UNITS.strip() = ''.
CT_JP_PSE | ISTP.UNITS.Empty:
  event_code__CT_JP_PSE: VAR_TYPE = 'data' and UNITS.strip() = ''.
  orbit_num__CT_JP_PSE: VAR_TYPE = 'data' and UNITS.strip() = ''.
  event_sub_code__CT_JP_PSE: VAR_TYPE = 'data' and UNITS.strip() = ''.
  orbit_phase__CT_JP_PSE: VAR_TYPE = 'data' and UNITS.strip() = ''.
DE1_1MIN_RIMS | ISTP.UNITS.Empty:
  calc_mlt: VAR_TYPE = 'data' and UNITS.strip() = ''.
  shell_l: VAR_TYPE = 'data' and UNITS.strip() = ''.
  kp: VAR_TYPE = 'data' and UNITS.strip() = ''.
  f10_7: VAR_TYPE = 'data' and UNITS.strip() = ''.
  flag_gen: VAR_TYPE = 'data' and UNITS.strip() = ''.
  flags_pz_lo_Hplus: VAR_TYPE = 'data' and UNITS.strip() = ''.
  flags_pz_lo_Heplusplus: VAR_TYPE = 'data' and UNITS.strip() = ''.
  flags_pz_hi_Heplus: VAR_TYPE = 'data' and UNITS.strip() = ''.
  flags_pz_hi_Oplus: VAR_TYPE = 'data' and UNITS.strip() = ''.
  flags_pz_hi_Oplusplus: VAR_TYPE = 'data' and UNITS.strip() = ''.
  flags_mz_lo_Hplus: VAR_TYPE = 'data' and UNITS.strip() = ''.
  flags_mz_lo_Heplusplus: VAR_TYPE = 'data' and UNITS.strip() = ''.
  flags_mz_hi_Heplus: VAR_TYPE = 'data' and UNITS.strip() = ''.
  flags_mz_hi_Oplus: VAR_TYPE = 'data' and UNITS.strip() = ''.
  flags_mz_hi_Oplusplus: VAR_TYPE = 'data' and UNITS.strip() = ''.
  flags_z_lo_Hplus: VAR_TYPE = 'data' and UNITS.strip() = ''.
  flags_z_lo_Heplusplus: VAR_TYPE = 'data' and UNITS.strip() = ''.
  flags_z_hi_Heplus: VAR_TYPE = 'data' and UNITS.strip() = ''.
  flags_z_hi_Oplus: VAR_TYPE = 'data' and UNITS.strip() = ''.
  flags_z_hi_Oplusplus: VAR_TYPE = 'data' and UNITS.strip() = ''.
  chisqr_temp_lo_Hplus: VAR_TYPE = 'data' and UNITS.strip() = ''.
  chisqr_temp_lo_Heplusplus: VAR_TYPE = 'data' and UNITS.strip() = ''.
  chisqr_temp_hi_Heplus: VAR_TYPE = 'data' and UNITS.strip() = ''.
  chisqr_temp_hi_Oplus: VAR_TYPE = 'data' and UNITS.strip() = ''.
  chisqr_temp_hi_Oplusplus: VAR_TYPE = 'data' and UNITS.strip() = ''.
  flags_temp_lo_Hplus: VAR_TYPE = 'data' and UNITS.strip() = ''.
  flags_temp_lo_Heplusplus: VAR_TYPE = 'data' and UNITS.strip() = ''.
  flags_temp_hi_Heplus: VAR_TYPE = 'data' and UNITS.strip() = ''.
  flags_temp_hi_Oplus: VAR_TYPE = 'data' and UNITS.strip() = ''.
  flags_temp_hi_Oplusplus: VAR_TYPE = 'data' and UNITS.strip() = ''.
  pot_flag: VAR_TYPE = 'data' and UNITS.strip() = ''.
  chisqr_pot_lo_Hplus: VAR_TYPE = 'data' and UNITS.strip() = ''.
  chisqr_pot_lo_Heplusplus: VAR_TYPE = 'data' and UNITS.strip() = ''.
  chisqr_pot_hi_Heplus: VAR_TYPE = 'data' and UNITS.strip() = ''.
  chisqr_pot_hi_Oplus: VAR_TYPE = 'data' and UNITS.strip() = ''.
  chisqr_pot_hi_Oplusplus: VAR_TYPE = 'data' and UNITS.strip() = ''.
  flags_pot_lo_Hplus: VAR_TYPE = 'data' and UNITS.strip() = ''.
  flags_pot_lo_Heplusplus: VAR_TYPE = 'data' and UNITS.strip() = ''.
  flags_pot_hi_Heplus: VAR_TYPE = 'data' and UNITS.strip() = ''.
  flags_pot_hi_Oplus: VAR_TYPE = 'data' and UNITS.strip() = ''.
  flags_pot_hi_Oplusplus: VAR_TYPE = 'data' and UNITS.strip() = ''.
  flags_z_LO_lo_Hplus_plus_std: VAR_TYPE = 'data' and UNITS.strip() = ''.
  flags_z_LO_lo_Heplusplus_plus_std: VAR_TYPE = 'data' and UNITS.strip() = ''.
  flags_z_LO_hi_Heplus_plus_std: VAR_TYPE = 'data' and UNITS.strip() = ''.
  flags_z_LO_hi_Oplus_plus_std: VAR_TYPE = 'data' and UNITS.strip() = ''.
  flags_z_LO_hi_Oplusplus_plus_std: VAR_TYPE = 'data' and UNITS.strip() = ''.
  chisqr_temp_LO_lo_Hplus_plus_std: VAR_TYPE = 'data' and UNITS.strip() = ''.
  chisqr_temp_LO_lo_Heplusplus_plus_std: VAR_TYPE = 'data' and UNITS.strip() = ''.
  chisqr_temp_LO_hi_Heplus_plus_std: VAR_TYPE = 'data' and UNITS.strip() = ''.
  chisqr_temp_LO_hi_Oplus_plus_std: VAR_TYPE = 'data' and UNITS.strip() = ''.
  chisqr_temp_LO_hi_Oplusplus_plus_std: VAR_TYPE = 'data' and UNITS.strip() = ''.
  flags_temp_LO_lo_Hplus_plus_std: VAR_TYPE = 'data' and UNITS.strip() = ''.
  flags_temp_LO_lo_Heplusplus_plus_std: VAR_TYPE = 'data' and UNITS.strip() = ''.
  flags_temp_LO_hi_Heplus_plus_std: VAR_TYPE = 'data' and UNITS.strip() = ''.
  flags_temp_LO_hi_Oplus_plus_std: VAR_TYPE = 'data' and UNITS.strip() = ''.
  flags_temp_LO_hi_Oplusplus_plus_std: VAR_TYPE = 'data' and UNITS.strip() = ''.
  pot_flag_LO: VAR_TYPE = 'data' and UNITS.strip() = ''.
  chisqr_pot_LO_lo_Hplus_plus_std: VAR_TYPE = 'data' and UNITS.strip() = ''.
  chisqr_pot_LO_lo_Heplusplus_plus_std: VAR_TYPE = 'data' and UNITS.strip() = ''.
  chisqr_pot_LO_hi_Heplus_plus_std: VAR_TYPE = 'data' and UNITS.strip() = ''.
  chisqr_pot_LO_hi_Oplus_plus_std: VAR_TYPE = 'data' and UNITS.strip() = ''.
  chisqr_pot_LO_hi_Oplusplus_plus_std: VAR_TYPE = 'data' and UNITS.strip() = ''.
  flags_pot_LO_lo_Hplus_plus_std: VAR_TYPE = 'data' and UNITS.strip() = ''.
  flags_pot_LO_lo_Heplusplus_plus_std: VAR_TYPE = 'data' and UNITS.strip() = ''.
  flags_pot_LO_hi_Heplus_plus_std: VAR_TYPE = 'data' and UNITS.strip() = ''.
  flags_pot_LO_hi_Oplus_plus_std: VAR_TYPE = 'data' and UNITS.strip() = ''.
  flags_pot_LO_hi_Oplusplus_plus_std: VAR_TYPE = 'data' and UNITS.strip() = ''.
  flags_z_HI_lo_Hplus_plus_std: VAR_TYPE = 'data' and UNITS.strip() = ''.
  flags_z_HI_lo_Heplusplus_plus_std: VAR_TYPE = 'data' and UNITS.strip() = ''.
  flags_z_HI_hi_Heplus_plus_std: VAR_TYPE = 'data' and UNITS.strip() = ''.
  flags_z_HI_hi_Oplus_plus_std: VAR_TYPE = 'data' and UNITS.strip() = ''.
  flags_z_HI_hi_Oplusplus_plus_std: VAR_TYPE = 'data' and UNITS.strip() = ''.
  chisqr_temp_HI_lo_Hplus_plus_std: VAR_TYPE = 'data' and UNITS.strip() = ''.
  chisqr_temp_HI_lo_Heplusplus_plus_std: VAR_TYPE = 'data' and UNITS.strip() = ''.
  chisqr_temp_HI_hi_Heplus_plus_std: VAR_TYPE = 'data' and UNITS.strip() = ''.
  chisqr_temp_HI_hi_Oplus_plus_std: VAR_TYPE = 'data' and UNITS.strip() = ''.
  chisqr_temp_HI_hi_Oplusplus_plus_std: VAR_TYPE = 'data' and UNITS.strip() = ''.
  flags_temp_HI_lo_Hplus_plus_std: VAR_TYPE = 'data' and UNITS.strip() = ''.
  flags_temp_HI_lo_Heplusplus_plus_std: VAR_TYPE = 'data' and UNITS.strip() = ''.
  flags_temp_HI_hi_Heplus_plus_std: VAR_TYPE = 'data' and UNITS.strip() = ''.
  flags_temp_HI_hi_Oplus_plus_std: VAR_TYPE = 'data' and UNITS.strip() = ''.
  flags_temp_HI_hi_Oplusplus_plus_std: VAR_TYPE = 'data' and UNITS.strip() = ''.
  pot_flag_HI: VAR_TYPE = 'data' and UNITS.strip() = ''.
  chisqr_pot_HI_lo_Hplus_plus_std: VAR_TYPE = 'data' and UNITS.strip() = ''.
  chisqr_pot_HI_lo_Heplusplus_plus_std: VAR_TYPE = 'data' and UNITS.strip() = ''.
  chisqr_pot_HI_hi_Heplus_plus_std: VAR_TYPE = 'data' and UNITS.strip() = ''.
  chisqr_pot_HI_hi_Oplus_plus_std: VAR_TYPE = 'data' and UNITS.strip() = ''.
  chisqr_pot_HI_hi_Oplusplus_plus_std: VAR_TYPE = 'data' and UNITS.strip() = ''.
  flags_pot_HI_lo_Hplus_plus_std: VAR_TYPE = 'data' and UNITS.strip() = ''.
  flags_pot_HI_lo_Heplusplus_plus_std: VAR_TYPE = 'data' and UNITS.strip() = ''.
  flags_pot_HI_hi_Heplus_plus_std: VAR_TYPE = 'data' and UNITS.strip() = ''.
  flags_pot_HI_hi_Oplus_plus_std: VAR_TYPE = 'data' and UNITS.strip() = ''.
  flags_pot_HI_hi_Oplusplus_plus_std: VAR_TYPE = 'data' and UNITS.strip() = ''.
DE1_6SEC_MAGAGMS | ISTP.UNITS.Empty:
  flag: VAR_TYPE = 'support_data' and UNITS.strip() = ''.
DE1_PWI_LFC-SPECTRA | ISTP.UNITS.Empty:
  Ex_Receivers: VAR_TYPE = 'data' and UNITS.strip() = ''.
  Es_Receivers: VAR_TYPE = 'data' and UNITS.strip() = ''.
  Ez_Receivers: VAR_TYPE = 'data' and UNITS.strip() = ''.
  H_Receivers: VAR_TYPE = 'data' and UNITS.strip() = ''.
  WBR_xmit: VAR_TYPE = 'support_data' and UNITS.strip() = ''.
  Quality_Flag: VAR_TYPE = 'data' and UNITS.strip() = ''.
DE1_PWI_OR-AT | ISTP.UNITS.Empty:
  Orbit_Number: VAR_TYPE = 'data' and UNITS.strip() = ''.
  GEI_rotation: VAR_TYPE = 'support_data' and UNITS.strip() = ''.
  GEI_sun_pos: VAR_TYPE = 'support_data' and UNITS.strip() = ''.
  Sunlight: VAR_TYPE = 'data' and UNITS.strip() = ''.
DE1_PWI_SFC-SPECTRA | ISTP.UNITS.Empty:
  Ex_Receivers: VAR_TYPE = 'data' and UNITS.strip() = ''.
  Ez_Receivers: VAR_TYPE = 'data' and UNITS.strip() = ''.
  Es_Receivers: VAR_TYPE = 'data' and UNITS.strip() = ''.
  B_Receivers: VAR_TYPE = 'data' and UNITS.strip() = ''.
DE2_62MS_VEFIMAGB | ISTP.UNITS.Empty:
  vtime: VAR_TYPE = 'support_data' and UNITS.strip() = ''.
  mtime: VAR_TYPE = 'support_data' and UNITS.strip() = ''.
DE2_AC500MS_VEFI | ISTP.UNITS.Empty:
  orbitNumber: VAR_TYPE = 'data' and UNITS.strip() = ''.
DE2_DCA500MS_VEFI | ISTP.UNITS.Empty:
  orbitNumber: VAR_TYPE = 'data' and UNITS.strip() = ''.
DE2_DUCT16MS_RPA | ISTP.UNITS.Empty:
  numDensity: VAR_TYPE = 'support_data' and UNITS.strip() = ''.
DE2_NEUTRAL1S_NACS | ISTP.UNITS.Empty:
  OrbitNumber: VAR_TYPE = 'data' and UNITS.strip() = ''.
  L: VAR_TYPE = 'data' and UNITS.strip() = ''.
DE2_NEUTRAL8S_FPI | ISTP.UNITS.Empty:
  seq1: VAR_TYPE = 'data' and UNITS.strip() = ''.
  yyddd: VAR_TYPE = 'support_data' and UNITS.strip() = ''.
  OrbitNumber: VAR_TYPE = 'data' and UNITS.strip() = ''.
  seq2: VAR_TYPE = 'data' and UNITS.strip() = ''.
  seq3: VAR_TYPE = 'data' and UNITS.strip() = ''.
DE2_PLASMA500MS_LANG | ISTP.UNITS.Empty:
  OrbitNumber: VAR_TYPE = 'data' and UNITS.strip() = ''.
  L: VAR_TYPE = 'data' and UNITS.strip() = ''.
DE2_UA16S_ALL | ISTP.UNITS.Empty:
  OrbitNumber: VAR_TYPE = 'data' and UNITS.strip() = ''.
  L: VAR_TYPE = 'data' and UNITS.strip() = ''.
DE2_VION250MS_IDM | ISTP.UNITS.Empty:
  numVelocity: VAR_TYPE = 'support_data' and UNITS.strip() = ''.
  dataQualityZ: VAR_TYPE = 'data' and UNITS.strip() = ''.
  dataQualityY: VAR_TYPE = 'data' and UNITS.strip() = ''.
DE2_WIND2S_WATS | ISTP.UNITS.Empty:
  Mode: VAR_TYPE = 'data' and UNITS.strip() = ''.
  Slot: VAR_TYPE = 'support_data' and UNITS.strip() = ''.
  Outin: VAR_TYPE = 'support_data' and UNITS.strip() = ''.
  C1: VAR_TYPE = 'support_data' and UNITS.strip() = ''.
  C2: VAR_TYPE = 'support_data' and UNITS.strip() = ''.
  OrbitNumber: VAR_TYPE = 'data' and UNITS.strip() = ''.
  L: VAR_TYPE = 'data' and UNITS.strip() = ''.
DE_UV_SAI | ISTP.UNITS.Empty:
  Image_Header: VAR_TYPE = 'support_data' and UNITS.strip() = ''.
  Scan_Headers: VAR_TYPE = 'support_data' and UNITS.strip() = ''.
DE_VS_EICS | ISTP.UNITS.Empty:
  Mode_error_flag: VAR_TYPE = 'data' and UNITS.strip() = ''.
DMSP-F06_SSJ_PRECIPITATING-ELECTRONS-IONS | ISTP.UNITS.Empty:
  ELE_COUNTS_OBS: VAR_TYPE = 'data' and UNITS.strip() = ''.
  ELE_COUNTS_BKG: VAR_TYPE = 'data' and UNITS.strip() = ''.
  ION_COUNTS_OBS: VAR_TYPE = 'data' and UNITS.strip() = ''.
  ION_COUNTS_BKG: VAR_TYPE = 'data' and UNITS.strip() = ''.
DMSP-F07_SSJ_PRECIPITATING-ELECTRONS-IONS | ISTP.UNITS.Empty:
  ELE_COUNTS_OBS: VAR_TYPE = 'data' and UNITS.strip() = ''.
  ELE_COUNTS_BKG: VAR_TYPE = 'data' and UNITS.strip() = ''.
  ION_COUNTS_OBS: VAR_TYPE = 'data' and UNITS.strip() = ''.
  ION_COUNTS_BKG: VAR_TYPE = 'data' and UNITS.strip() = ''.
DMSP-F08_SSJ_PRECIPITATING-ELECTRONS-IONS | ISTP.UNITS.Empty:
  ELE_COUNTS_OBS: VAR_TYPE = 'data' and UNITS.strip() = ''.
  ELE_COUNTS_BKG: VAR_TYPE = 'data' and UNITS.strip() = ''.
  ION_COUNTS_OBS: VAR_TYPE = 'data' and UNITS.strip() = ''.
  ION_COUNTS_BKG: VAR_TYPE = 'data' and UNITS.strip() = ''.
DMSP-F09_SSJ_PRECIPITATING-ELECTRONS-IONS | ISTP.UNITS.Empty:
  ELE_COUNTS_OBS: VAR_TYPE = 'data' and UNITS.strip() = ''.
  ELE_COUNTS_BKG: VAR_TYPE = 'data' and UNITS.strip() = ''.
  ION_COUNTS_OBS: VAR_TYPE = 'data' and UNITS.strip() = ''.
  ION_COUNTS_BKG: VAR_TYPE = 'data' and UNITS.strip() = ''.
DMSP-F12_SSJ_PRECIPITATING-ELECTRONS-IONS | ISTP.UNITS.Empty:
  ELE_COUNTS_OBS: VAR_TYPE = 'data' and UNITS.strip() = ''.
  ELE_COUNTS_BKG: VAR_TYPE = 'data' and UNITS.strip() = ''.
  ION_COUNTS_OBS: VAR_TYPE = 'data' and UNITS.strip() = ''.
  ION_COUNTS_BKG: VAR_TYPE = 'data' and UNITS.strip() = ''.
DMSP-F13_SSJ_PRECIPITATING-ELECTRONS-IONS | ISTP.UNITS.Empty:
  ELE_COUNTS_OBS: VAR_TYPE = 'data' and UNITS.strip() = ''.
  ELE_COUNTS_BKG: VAR_TYPE = 'data' and UNITS.strip() = ''.
  ION_COUNTS_OBS: VAR_TYPE = 'data' and UNITS.strip() = ''.
  ION_COUNTS_BKG: VAR_TYPE = 'data' and UNITS.strip() = ''.
DMSP-F14_SSJ_PRECIPITATING-ELECTRONS-IONS | ISTP.UNITS.Empty:
  ELE_COUNTS_OBS: VAR_TYPE = 'data' and UNITS.strip() = ''.
  ELE_COUNTS_BKG: VAR_TYPE = 'data' and UNITS.strip() = ''.
  ION_COUNTS_OBS: VAR_TYPE = 'data' and UNITS.strip() = ''.
  ION_COUNTS_BKG: VAR_TYPE = 'data' and UNITS.strip() = ''.
DMSP-F15_SSJ_PRECIPITATING-ELECTRONS-IONS | ISTP.UNITS.Empty:
  ELE_COUNTS_OBS: VAR_TYPE = 'data' and UNITS.strip() = ''.
  ELE_COUNTS_BKG: VAR_TYPE = 'data' and UNITS.strip() = ''.
  ION_COUNTS_OBS: VAR_TYPE = 'data' and UNITS.strip() = ''.
  ION_COUNTS_BKG: VAR_TYPE = 'data' and UNITS.strip() = ''.
DMSP-F16_SSIES-3_THERMAL-PLASMA | ISTP.UNITS.Empty:
  vxrms: VAR_TYPE = 'data' and UNITS.strip() = ''.
  dmhrough: VAR_TYPE = 'data' and UNITS.strip() = ''.
  dmvrough: VAR_TYPE = 'data' and UNITS.strip() = ''.
  ductdensrough: VAR_TYPE = 'data' and UNITS.strip() = ''.
  frach: VAR_TYPE = 'data' and UNITS.strip() = ''.
  frache: VAR_TYPE = 'data' and UNITS.strip() = ''.
  fraco: VAR_TYPE = 'data' and UNITS.strip() = ''.
DMSP-F16_SSJ_PRECIPITATING-ELECTRONS-IONS | ISTP.UNITS.Empty:
  ELE_COUNTS_OBS: VAR_TYPE = 'data' and UNITS.strip() = ''.
  ELE_COUNTS_BKG: VAR_TYPE = 'data' and UNITS.strip() = ''.
  ION_COUNTS_OBS: VAR_TYPE = 'data' and UNITS.strip() = ''.
  ION_COUNTS_BKG: VAR_TYPE = 'data' and UNITS.strip() = ''.
DMSP-F17_SSIES-3_THERMAL-PLASMA | ISTP.UNITS.Empty:
  vxrms: VAR_TYPE = 'data' and UNITS.strip() = ''.
  dmhrough: VAR_TYPE = 'data' and UNITS.strip() = ''.
  dmvrough: VAR_TYPE = 'data' and UNITS.strip() = ''.
  ductdensrough: VAR_TYPE = 'data' and UNITS.strip() = ''.
  frach: VAR_TYPE = 'data' and UNITS.strip() = ''.
  frache: VAR_TYPE = 'data' and UNITS.strip() = ''.
  fraco: VAR_TYPE = 'data' and UNITS.strip() = ''.
DMSP-F17_SSJ_PRECIPITATING-ELECTRONS-IONS | ISTP.UNITS.Empty:
  ELE_COUNTS_OBS: VAR_TYPE = 'data' and UNITS.strip() = ''.
  ELE_COUNTS_BKG: VAR_TYPE = 'data' and UNITS.strip() = ''.
  ION_COUNTS_OBS: VAR_TYPE = 'data' and UNITS.strip() = ''.
  ION_COUNTS_BKG: VAR_TYPE = 'data' and UNITS.strip() = ''.
DMSP-F18_SSIES-3_THERMAL-PLASMA | ISTP.UNITS.Empty:
  vxrms: VAR_TYPE = 'data' and UNITS.strip() = ''.
  dmhrough: VAR_TYPE = 'data' and UNITS.strip() = ''.
  dmvrough: VAR_TYPE = 'data' and UNITS.strip() = ''.
  ductdensrough: VAR_TYPE = 'data' and UNITS.strip() = ''.
  frach: VAR_TYPE = 'data' and UNITS.strip() = ''.
  frache: VAR_TYPE = 'data' and UNITS.strip() = ''.
  fraco: VAR_TYPE = 'data' and UNITS.strip() = ''.
DMSP-F18_SSJ_PRECIPITATING-ELECTRONS-IONS | ISTP.UNITS.Empty:
  ELE_COUNTS_OBS: VAR_TYPE = 'data' and UNITS.strip() = ''.
  ELE_COUNTS_BKG: VAR_TYPE = 'data' and UNITS.strip() = ''.
  ION_COUNTS_OBS: VAR_TYPE = 'data' and UNITS.strip() = ''.
  ION_COUNTS_BKG: VAR_TYPE = 'data' and UNITS.strip() = ''.
DN_K0_GBAY | ISTP.UNITS.Empty:
  TFlag: VAR_TYPE = 'support_data' and UNITS.strip() = ''.
  QFlag: VAR_TYPE = 'support_data' and UNITS.strip() = ''.
  post_gap: VAR_TYPE = 'support_data' and UNITS.strip() = ''.
  index: VAR_TYPE = 'support_data' and UNITS.strip() = ''.
DN_K0_HANK | ISTP.UNITS.Empty:
  TFlag: VAR_TYPE = 'support_data' and UNITS.strip() = ''.
  QFlag: VAR_TYPE = 'support_data' and UNITS.strip() = ''.
  post_gap: VAR_TYPE = 'support_data' and UNITS.strip() = ''.
  index: VAR_TYPE = 'support_data' and UNITS.strip() = ''.
DN_K0_ICEW | ISTP.UNITS.Empty:
  TFlag: VAR_TYPE = 'support_data' and UNITS.strip() = ''.
  QFlag: VAR_TYPE = 'support_data' and UNITS.strip() = ''.
  post_gap: VAR_TYPE = 'support_data' and UNITS.strip() = ''.
  index: VAR_TYPE = 'support_data' and UNITS.strip() = ''.
DN_K0_KAPU | ISTP.UNITS.Empty:
  TFlag: VAR_TYPE = 'support_data' and UNITS.strip() = ''.
  QFlag: VAR_TYPE = 'support_data' and UNITS.strip() = ''.
  post_gap: VAR_TYPE = 'support_data' and UNITS.strip() = ''.
  index: VAR_TYPE = 'support_data' and UNITS.strip() = ''.
DN_K0_PACE | ISTP.UNITS.Empty:
  TFlag: VAR_TYPE = 'support_data' and UNITS.strip() = ''.
  QFlag: VAR_TYPE = 'support_data' and UNITS.strip() = ''.
  post_gap: VAR_TYPE = 'support_data' and UNITS.strip() = ''.
  index: VAR_TYPE = 'support_data' and UNITS.strip() = ''.
DN_K0_PYKK | ISTP.UNITS.Empty:
  TFlag: VAR_TYPE = 'support_data' and UNITS.strip() = ''.
  QFlag: VAR_TYPE = 'support_data' and UNITS.strip() = ''.
  post_gap: VAR_TYPE = 'support_data' and UNITS.strip() = ''.
  index: VAR_TYPE = 'support_data' and UNITS.strip() = ''.
DN_K0_SASK | ISTP.UNITS.Empty:
  TFlag: VAR_TYPE = 'support_data' and UNITS.strip() = ''.
  QFlag: VAR_TYPE = 'support_data' and UNITS.strip() = ''.
  post_gap: VAR_TYPE = 'support_data' and UNITS.strip() = ''.
  index: VAR_TYPE = 'support_data' and UNITS.strip() = ''.
DSCOVR_H0_MAG | ISTP.UNITS.Empty:
  NUM1_PTS: VAR_TYPE = 'support_data' and UNITS.strip() = ''.
  RANGE1: VAR_TYPE = 'support_data' and UNITS.strip() = ''.
  FLAG1: VAR_TYPE = 'support_data' and UNITS.strip() = ''.
ELA_L1_EPDIF | ISTP.UNITS.Empty:
  ela_pif_sectnum: VAR_TYPE = 'data' and UNITS.strip() = ''.
  ela_pif_nspinsinsum: VAR_TYPE = 'data' and UNITS.strip() = ''.
  ela_pif_nsectors: VAR_TYPE = 'data' and UNITS.strip() = ''.
ENDURANCE_EPHEMERIS_DEF | ISTP.UNITS.Empty:
  DCM: VAR_TYPE = 'data' and UNITS.strip() = ''.
ENDURANCE_L1A_PES | ISTP.UNITS.Empty:
  stp_count_PES: VAR_TYPE = 'data' and UNITS.strip() = ''.
  PES_A_counts: VAR_TYPE = 'data' and UNITS.strip() = ''.
  PES_B_counts: VAR_TYPE = 'data' and UNITS.strip() = ''.
  PES_HV_mon: VAR_TYPE = 'data' and UNITS.strip() = ''.
  PES_ESA_mon: VAR_TYPE = 'data' and UNITS.strip() = ''.
  PES_RPA_mon: VAR_TYPE = 'data' and UNITS.strip() = ''.
  PES_CEM_mon: VAR_TYPE = 'data' and UNITS.strip() = ''.
ENDURANCE_L1B_PES | ISTP.UNITS.Empty:
  PES_A_counts: VAR_TYPE = 'data' and UNITS.strip() = ''.
  PES_B_counts: VAR_TYPE = 'data' and UNITS.strip() = ''.
  step: VAR_TYPE = 'data' and UNITS.strip() = ''.
ENDURANCE_L2-GF_PES | ISTP.UNITS.Empty:
  step: VAR_TYPE = 'data' and UNITS.strip() = ''.
EQ_PP_AUX | ISTP.UNITS.Empty:
  sc_status%eq_pp_aux: VAR_TYPE = 'support_data' and UNITS.strip() = ''.
  tm_rate%eq_pp_aux: VAR_TYPE = 'data' and UNITS.strip() = ''.
EQ_PP_EDI | ISTP.UNITS.Empty:
  Status%eq_pp_edi: VAR_TYPE = 'support_data' and UNITS.strip() = ''.
EQ_PP_EPI | ISTP.UNITS.Empty:
  Status%eq_pp_epi: VAR_TYPE = 'support_data' and UNITS.strip() = ''.
EQ_PP_MAM | ISTP.UNITS.Empty:
  Status%eq_pp_mam: VAR_TYPE = 'support_data' and UNITS.strip() = ''.
  B_nsigma_t%eq_pp_mam: VAR_TYPE = 'data' and UNITS.strip() = ''.
  B_nsigma_b%eq_pp_mam: VAR_TYPE = 'data' and UNITS.strip() = ''.
EQ_PP_PCD | ISTP.UNITS.Empty:
  Status%eq_pp_pcd: VAR_TYPE = 'support_data' and UNITS.strip() = ''.
EQ_SP_SFD | ISTP.UNITS.Empty:
  Status%eq_sp_sfd: VAR_TYPE = 'support_data' and UNITS.strip() = ''.
ERG_PWE_HFA_L2_SPEC_HIGH | ISTP.UNITS.Empty:
  index: VAR_TYPE = 'support_data' and UNITS.strip() = ''.
ERG_PWE_HFA_L2_SPEC_LOW | ISTP.UNITS.Empty:
  index: VAR_TYPE = 'support_data' and UNITS.strip() = ''.
ERG_PWE_HFA_L2_SPEC_MONIT | ISTP.UNITS.Empty:
  index: VAR_TYPE = 'support_data' and UNITS.strip() = ''.
FAST_OR_SSC | ISTP.UNITS.Empty:
  L_VALUE: VAR_TYPE = 'data' and UNITS.strip() = ''.
FAST_TEAMS_PA_L2 | ISTP.UNITS.Empty:
  DeadTimeEn: VAR_TYPE = 'support_data' and UNITS.strip() = ''.
  DeadTimeEn_Helium: VAR_TYPE = 'support_data' and UNITS.strip() = ''.
  dummy_orbit: VAR_TYPE = 'support_data' and UNITS.strip() = ''.
  orbit_number: VAR_TYPE = 'data' and UNITS.strip() = ''.
FA_K0_ACF | ISTP.UNITS.Empty:
  post_gap_flag: VAR_TYPE = 'support_data' and UNITS.strip() = ''.
  orbit: VAR_TYPE = 'support_data' and UNITS.strip() = ''.
FA_K0_TMS | ISTP.UNITS.Empty:
  quality_flag: VAR_TYPE = 'support_data' and UNITS.strip() = ''.
  post_gap_flag: VAR_TYPE = 'support_data' and UNITS.strip() = ''.
  orbit: VAR_TYPE = 'support_data' and UNITS.strip() = ''.
G0_K0_EP8 | ISTP.UNITS.Empty:
  E1_flag: VAR_TYPE = 'support_data' and UNITS.strip() = ''.
  E2_flag: VAR_TYPE = 'support_data' and UNITS.strip() = ''.
  SC_flag: VAR_TYPE = 'support_data' and UNITS.strip() = ''.
G0_K0_MAG | ISTP.UNITS.Empty:
  B_flag: VAR_TYPE = 'support_data' and UNITS.strip() = ''.
  SC_flag: VAR_TYPE = 'support_data' and UNITS.strip() = ''.
G8_K0_EP8 | ISTP.UNITS.Empty:
  E1_flag: VAR_TYPE = 'support_data' and UNITS.strip() = ''.
  E2_flag: VAR_TYPE = 'support_data' and UNITS.strip() = ''.
  SC_flag: VAR_TYPE = 'support_data' and UNITS.strip() = ''.
G8_K0_MAG | ISTP.UNITS.Empty:
  B_flag: VAR_TYPE = 'support_data' and UNITS.strip() = ''.
  SC_flag: VAR_TYPE = 'support_data' and UNITS.strip() = ''.
G9_K0_EP8 | ISTP.UNITS.Empty:
  E1_flag: VAR_TYPE = 'support_data' and UNITS.strip() = ''.
  E2_flag: VAR_TYPE = 'support_data' and UNITS.strip() = ''.
  SC_flag: VAR_TYPE = 'support_data' and UNITS.strip() = ''.
G9_K0_MAG | ISTP.UNITS.Empty:
  B_flag: VAR_TYPE = 'support_data' and UNITS.strip() = ''.
  SC_flag: VAR_TYPE = 'support_data' and UNITS.strip() = ''.
GENESIS_3DL2_GIM | ISTP.UNITS.Empty:
  Decimal_DOY: VAR_TYPE = 'support_data' and UNITS.strip() = ''.
  Alpha_Proton_ratio: VAR_TYPE = 'data' and UNITS.strip() = ''.
  bde: VAR_TYPE = 'data' and UNITS.strip() = ''.
GE_K0_CPI | ISTP.UNITS.Empty:
  Quality_SW: VAR_TYPE = 'support_data' and UNITS.strip() = ''.
  GAP_FLAG: VAR_TYPE = 'support_data' and UNITS.strip() = ''.
  Quality_HP: VAR_TYPE = 'support_data' and UNITS.strip() = ''.
  Quality_IC: VAR_TYPE = 'support_data' and UNITS.strip() = ''.
  H_P_FLAG: VAR_TYPE = 'data' and UNITS.strip() = ''.
  HE_PP_FLAG: VAR_TYPE = 'data' and UNITS.strip() = ''.
  HE_P_FLAG: VAR_TYPE = 'data' and UNITS.strip() = ''.
  O_P_FLAG: VAR_TYPE = 'data' and UNITS.strip() = ''.
GE_K0_EFD | ISTP.UNITS.Empty:
  DQF: VAR_TYPE = 'support_data' and UNITS.strip() = ''.
  Gap_Flag: VAR_TYPE = 'support_data' and UNITS.strip() = ''.
GE_K0_EPI | ISTP.UNITS.Empty:
  Qual_Flag: VAR_TYPE = 'support_data' and UNITS.strip() = ''.
  PostGap_Flag: VAR_TYPE = 'support_data' and UNITS.strip() = ''.
  Mode_Flag: VAR_TYPE = 'support_data' and UNITS.strip() = ''.
  HeHRatio_I: VAR_TYPE = 'data' and UNITS.strip() = ''.
  HeHRatio_I_errorbars: VAR_TYPE = 'data' and UNITS.strip() = ''.
  HeHRatio_I_Uncert: VAR_TYPE = 'data' and UNITS.strip() = ''.
  OHRatio_I: VAR_TYPE = 'data' and UNITS.strip() = ''.
  OHRatio_I_errorbars: VAR_TYPE = 'data' and UNITS.strip() = ''.
  OHRatio_I_Uncert: VAR_TYPE = 'data' and UNITS.strip() = ''.
  HeHRatio_S: VAR_TYPE = 'data' and UNITS.strip() = ''.
  HeHRatio_S_errorbars: VAR_TYPE = 'data' and UNITS.strip() = ''.
  HeHRatio_S_Uncert: VAR_TYPE = 'data' and UNITS.strip() = ''.
  OHRatio_S: VAR_TYPE = 'data' and UNITS.strip() = ''.
  OHRatio_S_errorbars: VAR_TYPE = 'data' and UNITS.strip() = ''.
  OHRatio_S_Uncert: VAR_TYPE = 'data' and UNITS.strip() = ''.
GE_K0_LEP | ISTP.UNITS.Empty:
  Gap_Flag: VAR_TYPE = 'support_data' and UNITS.strip() = ''.
GE_K0_MGF | ISTP.UNITS.Empty:
  RANGE_STATUS: VAR_TYPE = 'support_data' and UNITS.strip() = ''.
  DQF: VAR_TYPE = 'support_data' and UNITS.strip() = ''.
  Gap_Flag: VAR_TYPE = 'support_data' and UNITS.strip() = ''.
GE_K0_PWI | ISTP.UNITS.Empty:
  QUALITY: VAR_TYPE = 'support_data' and UNITS.strip() = ''.
  STATUS: VAR_TYPE = 'support_data' and UNITS.strip() = ''.
GE_K0_SPHA | ISTP.UNITS.Empty:
  FAULT: VAR_TYPE = 'data' and UNITS.strip() = ''.
GE_OR_DEF | ISTP.UNITS.Empty:
  CRN_EARTH: VAR_TYPE = 'data' and UNITS.strip() = ''.
GE_OR_PRE | ISTP.UNITS.Empty:
  CRN_EARTH: VAR_TYPE = 'data' and UNITS.strip() = ''.
GE_SW_CPI | ISTP.UNITS.Empty:
  clock: VAR_TYPE = 'support_data' and UNITS.strip() = ''.
  frame: VAR_TYPE = 'support_data' and UNITS.strip() = ''.
  mode: VAR_TYPE = 'support_data' and UNITS.strip() = ''.
  spin_mode: VAR_TYPE = 'support_data' and UNITS.strip() = ''.
  start_angle: VAR_TYPE = 'support_data' and UNITS.strip() = ''.
  delta: VAR_TYPE = 'support_data' and UNITS.strip() = ''.
  spin_rate: VAR_TYPE = 'support_data' and UNITS.strip() = ''.
  init_sect: VAR_TYPE = 'support_data' and UNITS.strip() = ''.
  accum_time: VAR_TYPE = 'support_data' and UNITS.strip() = ''.
  steps_sect: VAR_TYPE = 'support_data' and UNITS.strip() = ''.
  angle_next: VAR_TYPE = 'support_data' and UNITS.strip() = ''.
  sect_mode: VAR_TYPE = 'support_data' and UNITS.strip() = ''.
  start_step: VAR_TYPE = 'support_data' and UNITS.strip() = ''.
  step_incr: VAR_TYPE = 'support_data' and UNITS.strip() = ''.
  stop_step: VAR_TYPE = 'support_data' and UNITS.strip() = ''.
  edb_clock: VAR_TYPE = 'support_data' and UNITS.strip() = ''.
  lin_log_comp: VAR_TYPE = 'support_data' and UNITS.strip() = ''.
  buffer_queue: VAR_TYPE = 'support_data' and UNITS.strip() = ''.
GOES10_EPHEMERIS_SSC | ISTP.UNITS.Empty:
  L_VALUE: VAR_TYPE = 'data' and UNITS.strip() = ''.
GOES11_EPHEMERIS_SSC | ISTP.UNITS.Empty:
  L_VALUE: VAR_TYPE = 'data' and UNITS.strip() = ''.
GOES11_K0_EP8 | ISTP.UNITS.Empty:
  E1_flag: VAR_TYPE = 'support_data' and UNITS.strip() = ''.
  E2_flag: VAR_TYPE = 'support_data' and UNITS.strip() = ''.
  SC_flag: VAR_TYPE = 'support_data' and UNITS.strip() = ''.
GOES11_K0_MAG | ISTP.UNITS.Empty:
  B_flag: VAR_TYPE = 'support_data' and UNITS.strip() = ''.
  SC_flag: VAR_TYPE = 'support_data' and UNITS.strip() = ''.
GOES12_EPHEMERIS_SSC | ISTP.UNITS.Empty:
  L_VALUE: VAR_TYPE = 'data' and UNITS.strip() = ''.
GOES12_K0_MAG | ISTP.UNITS.Empty:
  B_flag: VAR_TYPE = 'support_data' and UNITS.strip() = ''.
  SC_flag: VAR_TYPE = 'support_data' and UNITS.strip() = ''.
GOES13_EPHEMERIS_SSC | ISTP.UNITS.Empty:
  L_VALUE: VAR_TYPE = 'data' and UNITS.strip() = ''.
GOES13_EPS-MAGED_1MIN | ISTP.UNITS.Empty:
  telescope_no_orig: VAR_TYPE = 'support_data' and UNITS.strip() = ''.
GOES13_EPS-MAGED_5MIN | ISTP.UNITS.Empty:
  telescope_no_orig: VAR_TYPE = 'support_data' and UNITS.strip() = ''.
GOES14_EPHEMERIS_SSC | ISTP.UNITS.Empty:
  L_VALUE: VAR_TYPE = 'data' and UNITS.strip() = ''.
GOES14_EPS-MAGED_1MIN | ISTP.UNITS.Empty:
  telescope_no_orig: VAR_TYPE = 'support_data' and UNITS.strip() = ''.
GOES14_EPS-MAGED_5MIN | ISTP.UNITS.Empty:
  telescope_no_orig: VAR_TYPE = 'support_data' and UNITS.strip() = ''.
GOES15_EPHEMERIS_SSC | ISTP.UNITS.Empty:
  L_VALUE: VAR_TYPE = 'data' and UNITS.strip() = ''.
GOES15_EPS-MAGED_1MIN | ISTP.UNITS.Empty:
  telescope_no_orig: VAR_TYPE = 'support_data' and UNITS.strip() = ''.
GOES15_EPS-MAGED_5MIN | ISTP.UNITS.Empty:
  telescope_no_orig: VAR_TYPE = 'support_data' and UNITS.strip() = ''.
GOES16_EPHEMERIS_SSC | ISTP.UNITS.Empty:
  L_VALUE: VAR_TYPE = 'data' and UNITS.strip() = ''.
GOES17_EPHEMERIS_SSC | ISTP.UNITS.Empty:
  L_VALUE: VAR_TYPE = 'data' and UNITS.strip() = ''.
GOES18_EPHEMERIS_SSC | ISTP.UNITS.Empty:
  L_VALUE: VAR_TYPE = 'data' and UNITS.strip() = ''.
GOES8_EPHEMERIS_SSC | ISTP.UNITS.Empty:
  L_VALUE: VAR_TYPE = 'data' and UNITS.strip() = ''.
GOES9_EPHEMERIS_SSC | ISTP.UNITS.Empty:
  L_VALUE: VAR_TYPE = 'data' and UNITS.strip() = ''.
GOLD_L2_NMAX | ISTP.UNITS.Empty:
  dqi: VAR_TYPE = 'data' and UNITS.strip() = ''.
GOLD_L2_O2DEN | ISTP.UNITS.Empty:
  o2den_dqi: VAR_TYPE = 'support_data' and UNITS.strip() = ''.
  signal_to_noise: VAR_TYPE = 'data' and UNITS.strip() = ''.
  dqi: VAR_TYPE = 'support_data' and UNITS.strip() = ''.
  transmission_fit: VAR_TYPE = 'support_data' and UNITS.strip() = ''.
  transmission: VAR_TYPE = 'support_data' and UNITS.strip() = ''.
  transmission_unc: VAR_TYPE = 'support_data' and UNITS.strip() = ''.
GOLD_L2_ON2 | ISTP.UNITS.Empty:
  on2: VAR_TYPE = 'data' and UNITS.strip() = ''.
  on2_north_mv: VAR_TYPE = 'data' and UNITS.strip() = ''.
  on2_south_mv: VAR_TYPE = 'data' and UNITS.strip() = ''.
  on2_unc_ran: VAR_TYPE = 'data' and UNITS.strip() = ''.
  on2_unc_sys: VAR_TYPE = 'data' and UNITS.strip() = ''.
  on2_unc_mod: VAR_TYPE = 'support_data' and UNITS.strip() = ''.
GPS_ROTI15MIN_JPL | ISTP.UNITS.Empty:
  rotimed: VAR_TYPE = 'support_data' and UNITS.strip() = ''.
  rotimedM: VAR_TYPE = 'data' and UNITS.strip() = ''.
  rotimedM_Movie: VAR_TYPE = 'data' and UNITS.strip() = ''.
  rotimedM_North: VAR_TYPE = 'data' and UNITS.strip() = ''.
  rotimedM_NMovie: VAR_TYPE = 'data' and UNITS.strip() = ''.
  rotimedM_South: VAR_TYPE = 'data' and UNITS.strip() = ''.
  rotimedM_SMovie: VAR_TYPE = 'data' and UNITS.strip() = ''.
  roticnt: VAR_TYPE = 'support_data' and UNITS.strip() = ''.
  roticntM: VAR_TYPE = 'data' and UNITS.strip() = ''.
  roticntM_Movie: VAR_TYPE = 'data' and UNITS.strip() = ''.
  roticntM_North: VAR_TYPE = 'data' and UNITS.strip() = ''.
  roticntM_NMovie: VAR_TYPE = 'data' and UNITS.strip() = ''.
  roticntM_South: VAR_TYPE = 'data' and UNITS.strip() = ''.
  roticntM_SMovie: VAR_TYPE = 'data' and UNITS.strip() = ''.
GPS_TEC15MIN_IGS | ISTP.UNITS.Empty:
  UQRnumStations: VAR_TYPE = 'data' and UNITS.strip() = ''.
  UQRnumSatellites: VAR_TYPE = 'data' and UNITS.strip() = ''.
GPS_TEC1HR_IGS | ISTP.UNITS.Empty:
  UHRnumStations: VAR_TYPE = 'data' and UNITS.strip() = ''.
  EHRnumStations: VAR_TYPE = 'data' and UNITS.strip() = ''.
  CODnumStations: VAR_TYPE = 'data' and UNITS.strip() = ''.
  CORnumStations: VAR_TYPE = 'data' and UNITS.strip() = ''.
  UHRnumSatellites: VAR_TYPE = 'data' and UNITS.strip() = ''.
  EHRnumSatellites: VAR_TYPE = 'data' and UNITS.strip() = ''.
  CODnumSatellites: VAR_TYPE = 'data' and UNITS.strip() = ''.
  CORnumSatellites: VAR_TYPE = 'data' and UNITS.strip() = ''.
GPS_TEC2HR_IGS | ISTP.UNITS.Empty:
  IGSnumStations: VAR_TYPE = 'data' and UNITS.strip() = ''.
  CODnumStations: VAR_TYPE = 'data' and UNITS.strip() = ''.
  ESAnumStations: VAR_TYPE = 'data' and UNITS.strip() = ''.
  JPLnumStations: VAR_TYPE = 'data' and UNITS.strip() = ''.
  UPCnumStations: VAR_TYPE = 'data' and UNITS.strip() = ''.
  IGRnumStations: VAR_TYPE = 'data' and UNITS.strip() = ''.
  CORnumStations: VAR_TYPE = 'data' and UNITS.strip() = ''.
  ESRnumStations: VAR_TYPE = 'data' and UNITS.strip() = ''.
  JPRnumStations: VAR_TYPE = 'data' and UNITS.strip() = ''.
  UPRnumStations: VAR_TYPE = 'data' and UNITS.strip() = ''.
  IGSnumSatellites: VAR_TYPE = 'data' and UNITS.strip() = ''.
  CODnumSatellites: VAR_TYPE = 'data' and UNITS.strip() = ''.
  ESAnumSatellites: VAR_TYPE = 'data' and UNITS.strip() = ''.
  JPLnumSatellites: VAR_TYPE = 'data' and UNITS.strip() = ''.
  UPCnumSatellites: VAR_TYPE = 'data' and UNITS.strip() = ''.
  IGRnumSatellites: VAR_TYPE = 'data' and UNITS.strip() = ''.
  CORnumSatellites: VAR_TYPE = 'data' and UNITS.strip() = ''.
  ESRnumSatellites: VAR_TYPE = 'data' and UNITS.strip() = ''.
  JPRnumSatellites: VAR_TYPE = 'data' and UNITS.strip() = ''.
  UPRnumSatellites: VAR_TYPE = 'data' and UNITS.strip() = ''.
HEL1_6SEC_NESSMAG | ISTP.UNITS.Empty:
  spacecraft: VAR_TYPE = 'support_data' and UNITS.strip() = ''.
  NumPointsInAverage: VAR_TYPE = 'support_data' and UNITS.strip() = ''.
HEL2_6SEC_NESSMAG | ISTP.UNITS.Empty:
  spacecraft: VAR_TYPE = 'support_data' and UNITS.strip() = ''.
  NumPointsInAverage: VAR_TYPE = 'support_data' and UNITS.strip() = ''.
HELIOS1_40SEC_MAG-PLASMA | ISTP.UNITS.Empty:
  crot: VAR_TYPE = 'data' and UNITS.strip() = ''.
HELIOS1_COHO1HR_MERGED_MAG_PLASMA | ISTP.UNITS.Empty:
  RotationNumber: VAR_TYPE = 'data' and UNITS.strip() = ''.
HELIOS2_40SEC_MAG-PLASMA | ISTP.UNITS.Empty:
  crot: VAR_TYPE = 'data' and UNITS.strip() = ''.
HELIOS2_COHO1HR_MERGED_MAG_PLASMA | ISTP.UNITS.Empty:
  RotationNumber: VAR_TYPE = 'support_data' and UNITS.strip() = ''.
HK_H0_MAG | ISTP.UNITS.Empty:
  range_B: VAR_TYPE = 'support_data' and UNITS.strip() = ''.
I1_AV2_OTT | ISTP.UNITS.Empty:
  year: VAR_TYPE = 'support_data' and UNITS.strip() = ''.
  doy: VAR_TYPE = 'support_data' and UNITS.strip() = ''.
  hr: VAR_TYPE = 'support_data' and UNITS.strip() = ''.
  min: VAR_TYPE = 'support_data' and UNITS.strip() = ''.
  sec: VAR_TYPE = 'support_data' and UNITS.strip() = ''.
  L: VAR_TYPE = 'support_data' and UNITS.strip() = ''.
  vh_num: VAR_TYPE = 'support_data' and UNITS.strip() = ''.
  f_num: VAR_TYPE = 'support_data' and UNITS.strip() = ''.
  ampl: VAR_TYPE = 'data' and UNITS.strip() = ''.
I1_AV2_QUI | ISTP.UNITS.Empty:
  year: VAR_TYPE = 'support_data' and UNITS.strip() = ''.
  doy: VAR_TYPE = 'support_data' and UNITS.strip() = ''.
  hr: VAR_TYPE = 'support_data' and UNITS.strip() = ''.
  min: VAR_TYPE = 'support_data' and UNITS.strip() = ''.
  sec: VAR_TYPE = 'support_data' and UNITS.strip() = ''.
  L: VAR_TYPE = 'support_data' and UNITS.strip() = ''.
  vh_num: VAR_TYPE = 'support_data' and UNITS.strip() = ''.
  f_num: VAR_TYPE = 'support_data' and UNITS.strip() = ''.
  ampl: VAR_TYPE = 'data' and UNITS.strip() = ''.
I1_AV2_SNT | ISTP.UNITS.Empty:
  year: VAR_TYPE = 'support_data' and UNITS.strip() = ''.
  doy: VAR_TYPE = 'support_data' and UNITS.strip() = ''.
  hr: VAR_TYPE = 'support_data' and UNITS.strip() = ''.
  min: VAR_TYPE = 'support_data' and UNITS.strip() = ''.
  sec: VAR_TYPE = 'support_data' and UNITS.strip() = ''.
  L: VAR_TYPE = 'support_data' and UNITS.strip() = ''.
  vh_num: VAR_TYPE = 'support_data' and UNITS.strip() = ''.
  f_num: VAR_TYPE = 'support_data' and UNITS.strip() = ''.
  ampl: VAR_TYPE = 'data' and UNITS.strip() = ''.
I1_AV2_ULA | ISTP.UNITS.Empty:
  year: VAR_TYPE = 'support_data' and UNITS.strip() = ''.
  doy: VAR_TYPE = 'support_data' and UNITS.strip() = ''.
  hr: VAR_TYPE = 'support_data' and UNITS.strip() = ''.
  min: VAR_TYPE = 'support_data' and UNITS.strip() = ''.
  sec: VAR_TYPE = 'support_data' and UNITS.strip() = ''.
  L: VAR_TYPE = 'support_data' and UNITS.strip() = ''.
  vh_num: VAR_TYPE = 'support_data' and UNITS.strip() = ''.
  f_num: VAR_TYPE = 'support_data' and UNITS.strip() = ''.
  ampl: VAR_TYPE = 'data' and UNITS.strip() = ''.
I1_AV_ALL | ISTP.UNITS.Empty:
  ampl2d: VAR_TYPE = 'data' and UNITS.strip() = ''.
  ampl: VAR_TYPE = 'data' and UNITS.strip() = ''.
  swept_start: VAR_TYPE = 'data' and UNITS.strip() = ''.
  L: VAR_TYPE = 'data' and UNITS.strip() = ''.
  GMLMT: VAR_TYPE = 'data' and UNITS.strip() = ''.
  sun: VAR_TYPE = 'data' and UNITS.strip() = ''.
  satellite: VAR_TYPE = 'data' and UNITS.strip() = ''.
  station_id: VAR_TYPE = 'data' and UNITS.strip() = ''.
  power_code: VAR_TYPE = 'data' and UNITS.strip() = ''.
  sr_code: VAR_TYPE = 'data' and UNITS.strip() = ''.
  pps_code: VAR_TYPE = 'data' and UNITS.strip() = ''.
  DMODE: VAR_TYPE = 'data' and UNITS.strip() = ''.
  GMODE: VAR_TYPE = 'data' and UNITS.strip() = ''.
  mixed_mode: VAR_TYPE = 'data' and UNITS.strip() = ''.
  fix_freq: VAR_TYPE = 'data' and UNITS.strip() = ''.
  CEP: VAR_TYPE = 'data' and UNITS.strip() = ''.
  VLF: VAR_TYPE = 'data' and UNITS.strip() = ''.
  SEA: VAR_TYPE = 'data' and UNITS.strip() = ''.
  IMS1: VAR_TYPE = 'data' and UNITS.strip() = ''.
  IMS2: VAR_TYPE = 'data' and UNITS.strip() = ''.
  SPS: VAR_TYPE = 'data' and UNITS.strip() = ''.
  EPD: VAR_TYPE = 'data' and UNITS.strip() = ''.
  vh_num: VAR_TYPE = 'support_data' and UNITS.strip() = ''.
  f_num: VAR_TYPE = 'support_data' and UNITS.strip() = ''.
I1_AV_KER | ISTP.UNITS.Empty:
  year: VAR_TYPE = 'support_data' and UNITS.strip() = ''.
  doy: VAR_TYPE = 'support_data' and UNITS.strip() = ''.
  hr: VAR_TYPE = 'support_data' and UNITS.strip() = ''.
  min: VAR_TYPE = 'support_data' and UNITS.strip() = ''.
  sec: VAR_TYPE = 'support_data' and UNITS.strip() = ''.
  L: VAR_TYPE = 'data' and UNITS.strip() = ''.
  vh_num: VAR_TYPE = 'support_data' and UNITS.strip() = ''.
  f_num: VAR_TYPE = 'support_data' and UNITS.strip() = ''.
  ampl: VAR_TYPE = 'data' and UNITS.strip() = ''.
I1_AV_KSH | ISTP.UNITS.Empty:
  year: VAR_TYPE = 'support_data' and UNITS.strip() = ''.
  doy: VAR_TYPE = 'support_data' and UNITS.strip() = ''.
  hr: VAR_TYPE = 'support_data' and UNITS.strip() = ''.
  min: VAR_TYPE = 'support_data' and UNITS.strip() = ''.
  sec: VAR_TYPE = 'support_data' and UNITS.strip() = ''.
  L: VAR_TYPE = 'support_data' and UNITS.strip() = ''.
  vh_num: VAR_TYPE = 'support_data' and UNITS.strip() = ''.
  f_num: VAR_TYPE = 'support_data' and UNITS.strip() = ''.
  ampl: VAR_TYPE = 'data' and UNITS.strip() = ''.
I1_AV_KWA | ISTP.UNITS.Empty:
  year: VAR_TYPE = 'support_data' and UNITS.strip() = ''.
  doy: VAR_TYPE = 'support_data' and UNITS.strip() = ''.
  hr: VAR_TYPE = 'support_data' and UNITS.strip() = ''.
  min: VAR_TYPE = 'support_data' and UNITS.strip() = ''.
  sec: VAR_TYPE = 'support_data' and UNITS.strip() = ''.
  L: VAR_TYPE = 'support_data' and UNITS.strip() = ''.
  vh_num: VAR_TYPE = 'support_data' and UNITS.strip() = ''.
  f_num: VAR_TYPE = 'support_data' and UNITS.strip() = ''.
  ampl: VAR_TYPE = 'data' and UNITS.strip() = ''.
I1_AV_ODG | ISTP.UNITS.Empty:
  year: VAR_TYPE = 'support_data' and UNITS.strip() = ''.
  doy: VAR_TYPE = 'support_data' and UNITS.strip() = ''.
  hr: VAR_TYPE = 'support_data' and UNITS.strip() = ''.
  min: VAR_TYPE = 'support_data' and UNITS.strip() = ''.
  sec: VAR_TYPE = 'support_data' and UNITS.strip() = ''.
  L: VAR_TYPE = 'support_data' and UNITS.strip() = ''.
  vh_num: VAR_TYPE = 'support_data' and UNITS.strip() = ''.
  f_num: VAR_TYPE = 'support_data' and UNITS.strip() = ''.
  ampl: VAR_TYPE = 'data' and UNITS.strip() = ''.
I1_AV_ORR | ISTP.UNITS.Empty:
  year: VAR_TYPE = 'support_data' and UNITS.strip() = ''.
  doy: VAR_TYPE = 'support_data' and UNITS.strip() = ''.
  hr: VAR_TYPE = 'support_data' and UNITS.strip() = ''.
  min: VAR_TYPE = 'support_data' and UNITS.strip() = ''.
  sec: VAR_TYPE = 'support_data' and UNITS.strip() = ''.
  L: VAR_TYPE = 'support_data' and UNITS.strip() = ''.
  vh_num: VAR_TYPE = 'support_data' and UNITS.strip() = ''.
  f_num: VAR_TYPE = 'support_data' and UNITS.strip() = ''.
  ampl: VAR_TYPE = 'data' and UNITS.strip() = ''.
I1_AV_OTT | ISTP.UNITS.Empty:
  year: VAR_TYPE = 'support_data' and UNITS.strip() = ''.
  doy: VAR_TYPE = 'support_data' and UNITS.strip() = ''.
  hr: VAR_TYPE = 'support_data' and UNITS.strip() = ''.
  min: VAR_TYPE = 'support_data' and UNITS.strip() = ''.
  sec: VAR_TYPE = 'support_data' and UNITS.strip() = ''.
  L: VAR_TYPE = 'data' and UNITS.strip() = ''.
  vh_num: VAR_TYPE = 'support_data' and UNITS.strip() = ''.
  f_num: VAR_TYPE = 'support_data' and UNITS.strip() = ''.
  ampl: VAR_TYPE = 'data' and UNITS.strip() = ''.
I1_AV_QUI | ISTP.UNITS.Empty:
  year: VAR_TYPE = 'support_data' and UNITS.strip() = ''.
  doy: VAR_TYPE = 'support_data' and UNITS.strip() = ''.
  hr: VAR_TYPE = 'support_data' and UNITS.strip() = ''.
  min: VAR_TYPE = 'support_data' and UNITS.strip() = ''.
  sec: VAR_TYPE = 'support_data' and UNITS.strip() = ''.
  L: VAR_TYPE = 'support_data' and UNITS.strip() = ''.
  vh_num: VAR_TYPE = 'support_data' and UNITS.strip() = ''.
  f_num: VAR_TYPE = 'support_data' and UNITS.strip() = ''.
  ampl: VAR_TYPE = 'data' and UNITS.strip() = ''.
I1_AV_RES | ISTP.UNITS.Empty:
  year: VAR_TYPE = 'support_data' and UNITS.strip() = ''.
  doy: VAR_TYPE = 'support_data' and UNITS.strip() = ''.
  hr: VAR_TYPE = 'support_data' and UNITS.strip() = ''.
  min: VAR_TYPE = 'support_data' and UNITS.strip() = ''.
  sec: VAR_TYPE = 'support_data' and UNITS.strip() = ''.
  L: VAR_TYPE = 'support_data' and UNITS.strip() = ''.
  vh_num: VAR_TYPE = 'support_data' and UNITS.strip() = ''.
  f_num: VAR_TYPE = 'support_data' and UNITS.strip() = ''.
  ampl: VAR_TYPE = 'data' and UNITS.strip() = ''.
I1_AV_SNT | ISTP.UNITS.Empty:
  year: VAR_TYPE = 'support_data' and UNITS.strip() = ''.
  doy: VAR_TYPE = 'support_data' and UNITS.strip() = ''.
  hr: VAR_TYPE = 'support_data' and UNITS.strip() = ''.
  min: VAR_TYPE = 'support_data' and UNITS.strip() = ''.
  sec: VAR_TYPE = 'support_data' and UNITS.strip() = ''.
  L: VAR_TYPE = 'support_data' and UNITS.strip() = ''.
  vh_num: VAR_TYPE = 'support_data' and UNITS.strip() = ''.
  f_num: VAR_TYPE = 'support_data' and UNITS.strip() = ''.
  ampl: VAR_TYPE = 'data' and UNITS.strip() = ''.
I1_AV_SOD | ISTP.UNITS.Empty:
  year: VAR_TYPE = 'support_data' and UNITS.strip() = ''.
  doy: VAR_TYPE = 'support_data' and UNITS.strip() = ''.
  hr: VAR_TYPE = 'support_data' and UNITS.strip() = ''.
  min: VAR_TYPE = 'support_data' and UNITS.strip() = ''.
  sec: VAR_TYPE = 'support_data' and UNITS.strip() = ''.
  L: VAR_TYPE = 'support_data' and UNITS.strip() = ''.
  vh_num: VAR_TYPE = 'support_data' and UNITS.strip() = ''.
  f_num: VAR_TYPE = 'support_data' and UNITS.strip() = ''.
  ampl: VAR_TYPE = 'data' and UNITS.strip() = ''.
I1_AV_TRO | ISTP.UNITS.Empty:
  year: VAR_TYPE = 'support_data' and UNITS.strip() = ''.
  doy: VAR_TYPE = 'support_data' and UNITS.strip() = ''.
  hr: VAR_TYPE = 'support_data' and UNITS.strip() = ''.
  min: VAR_TYPE = 'support_data' and UNITS.strip() = ''.
  sec: VAR_TYPE = 'support_data' and UNITS.strip() = ''.
  L: VAR_TYPE = 'support_data' and UNITS.strip() = ''.
  vh_num: VAR_TYPE = 'support_data' and UNITS.strip() = ''.
  f_num: VAR_TYPE = 'support_data' and UNITS.strip() = ''.
  ampl: VAR_TYPE = 'data' and UNITS.strip() = ''.
I1_AV_ULA | ISTP.UNITS.Empty:
  year: VAR_TYPE = 'support_data' and UNITS.strip() = ''.
  doy: VAR_TYPE = 'support_data' and UNITS.strip() = ''.
  hr: VAR_TYPE = 'support_data' and UNITS.strip() = ''.
  min: VAR_TYPE = 'support_data' and UNITS.strip() = ''.
  sec: VAR_TYPE = 'support_data' and UNITS.strip() = ''.
  L: VAR_TYPE = 'support_data' and UNITS.strip() = ''.
  vh_num: VAR_TYPE = 'support_data' and UNITS.strip() = ''.
  f_num: VAR_TYPE = 'support_data' and UNITS.strip() = ''.
  ampl: VAR_TYPE = 'data' and UNITS.strip() = ''.
I1_AV_WNK | ISTP.UNITS.Empty:
  year: VAR_TYPE = 'support_data' and UNITS.strip() = ''.
  doy: VAR_TYPE = 'support_data' and UNITS.strip() = ''.
  hr: VAR_TYPE = 'support_data' and UNITS.strip() = ''.
  min: VAR_TYPE = 'support_data' and UNITS.strip() = ''.
  sec: VAR_TYPE = 'support_data' and UNITS.strip() = ''.
  L: VAR_TYPE = 'support_data' and UNITS.strip() = ''.
  vh_num: VAR_TYPE = 'support_data' and UNITS.strip() = ''.
  f_num: VAR_TYPE = 'support_data' and UNITS.strip() = ''.
  ampl: VAR_TYPE = 'data' and UNITS.strip() = ''.
I1_NEPROF_TOPS | ISTP.UNITS.Empty:
  spacecraftID: VAR_TYPE = 'support_data' and UNITS.strip() = ''.
  log_density: VAR_TYPE = 'data' and UNITS.strip() = ''.
  qualityIndex: VAR_TYPE = 'data' and UNITS.strip() = ''.
  L: VAR_TYPE = 'data' and UNITS.strip() = ''.
  sunspotNumber: VAR_TYPE = 'data' and UNITS.strip() = ''.
  IGindex: VAR_TYPE = 'data' and UNITS.strip() = ''.
I2_AV_ACN | ISTP.UNITS.Empty:
  year: VAR_TYPE = 'support_data' and UNITS.strip() = ''.
  doy: VAR_TYPE = 'support_data' and UNITS.strip() = ''.
  hr: VAR_TYPE = 'support_data' and UNITS.strip() = ''.
  min: VAR_TYPE = 'support_data' and UNITS.strip() = ''.
  sec: VAR_TYPE = 'support_data' and UNITS.strip() = ''.
  L: VAR_TYPE = 'support_data' and UNITS.strip() = ''.
  vh_num: VAR_TYPE = 'support_data' and UNITS.strip() = ''.
  f_num: VAR_TYPE = 'support_data' and UNITS.strip() = ''.
  ampl: VAR_TYPE = 'data' and UNITS.strip() = ''.
I2_AV_ADL | ISTP.UNITS.Empty:
  year: VAR_TYPE = 'support_data' and UNITS.strip() = ''.
  doy: VAR_TYPE = 'support_data' and UNITS.strip() = ''.
  hr: VAR_TYPE = 'support_data' and UNITS.strip() = ''.
  min: VAR_TYPE = 'support_data' and UNITS.strip() = ''.
  sec: VAR_TYPE = 'support_data' and UNITS.strip() = ''.
  L: VAR_TYPE = 'support_data' and UNITS.strip() = ''.
  vh_num: VAR_TYPE = 'support_data' and UNITS.strip() = ''.
  f_num: VAR_TYPE = 'support_data' and UNITS.strip() = ''.
  ampl: VAR_TYPE = 'data' and UNITS.strip() = ''.
I2_AV_AME | ISTP.UNITS.Empty:
  year: VAR_TYPE = 'support_data' and UNITS.strip() = ''.
  doy: VAR_TYPE = 'support_data' and UNITS.strip() = ''.
  hr: VAR_TYPE = 'support_data' and UNITS.strip() = ''.
  min: VAR_TYPE = 'support_data' and UNITS.strip() = ''.
  sec: VAR_TYPE = 'support_data' and UNITS.strip() = ''.
  L: VAR_TYPE = 'support_data' and UNITS.strip() = ''.
  vh_num: VAR_TYPE = 'support_data' and UNITS.strip() = ''.
  f_num: VAR_TYPE = 'support_data' and UNITS.strip() = ''.
  ampl: VAR_TYPE = 'data' and UNITS.strip() = ''.
I2_AV_BRZ | ISTP.UNITS.Empty:
  year: VAR_TYPE = 'support_data' and UNITS.strip() = ''.
  doy: VAR_TYPE = 'support_data' and UNITS.strip() = ''.
  hr: VAR_TYPE = 'support_data' and UNITS.strip() = ''.
  min: VAR_TYPE = 'support_data' and UNITS.strip() = ''.
  sec: VAR_TYPE = 'support_data' and UNITS.strip() = ''.
  L: VAR_TYPE = 'support_data' and UNITS.strip() = ''.
  vh_num: VAR_TYPE = 'support_data' and UNITS.strip() = ''.
  f_num: VAR_TYPE = 'support_data' and UNITS.strip() = ''.
  ampl: VAR_TYPE = 'data' and UNITS.strip() = ''.
I2_AV_BUR | ISTP.UNITS.Empty:
  year: VAR_TYPE = 'support_data' and UNITS.strip() = ''.
  doy: VAR_TYPE = 'support_data' and UNITS.strip() = ''.
  hr: VAR_TYPE = 'support_data' and UNITS.strip() = ''.
  min: VAR_TYPE = 'support_data' and UNITS.strip() = ''.
  sec: VAR_TYPE = 'support_data' and UNITS.strip() = ''.
  L: VAR_TYPE = 'support_data' and UNITS.strip() = ''.
  vh_num: VAR_TYPE = 'support_data' and UNITS.strip() = ''.
  f_num: VAR_TYPE = 'support_data' and UNITS.strip() = ''.
  ampl: VAR_TYPE = 'data' and UNITS.strip() = ''.
I2_AV_CNA | ISTP.UNITS.Empty:
  year: VAR_TYPE = 'support_data' and UNITS.strip() = ''.
  doy: VAR_TYPE = 'support_data' and UNITS.strip() = ''.
  hr: VAR_TYPE = 'support_data' and UNITS.strip() = ''.
  min: VAR_TYPE = 'support_data' and UNITS.strip() = ''.
  sec: VAR_TYPE = 'support_data' and UNITS.strip() = ''.
  L: VAR_TYPE = 'support_data' and UNITS.strip() = ''.
  vh_num: VAR_TYPE = 'support_data' and UNITS.strip() = ''.
  f_num: VAR_TYPE = 'support_data' and UNITS.strip() = ''.
  ampl: VAR_TYPE = 'data' and UNITS.strip() = ''.
I2_AV_KER | ISTP.UNITS.Empty:
  year: VAR_TYPE = 'support_data' and UNITS.strip() = ''.
  doy: VAR_TYPE = 'support_data' and UNITS.strip() = ''.
  hr: VAR_TYPE = 'support_data' and UNITS.strip() = ''.
  min: VAR_TYPE = 'support_data' and UNITS.strip() = ''.
  sec: VAR_TYPE = 'support_data' and UNITS.strip() = ''.
  L: VAR_TYPE = 'support_data' and UNITS.strip() = ''.
  vh_num: VAR_TYPE = 'support_data' and UNITS.strip() = ''.
  f_num: VAR_TYPE = 'support_data' and UNITS.strip() = ''.
  ampl: VAR_TYPE = 'data' and UNITS.strip() = ''.
I2_AV_KRU | ISTP.UNITS.Empty:
  year: VAR_TYPE = 'support_data' and UNITS.strip() = ''.
  doy: VAR_TYPE = 'support_data' and UNITS.strip() = ''.
  hr: VAR_TYPE = 'support_data' and UNITS.strip() = ''.
  min: VAR_TYPE = 'support_data' and UNITS.strip() = ''.
  sec: VAR_TYPE = 'support_data' and UNITS.strip() = ''.
  L: VAR_TYPE = 'support_data' and UNITS.strip() = ''.
  vh_num: VAR_TYPE = 'support_data' and UNITS.strip() = ''.
  f_num: VAR_TYPE = 'support_data' and UNITS.strip() = ''.
  ampl: VAR_TYPE = 'data' and UNITS.strip() = ''.
I2_AV_KSH | ISTP.UNITS.Empty:
  year: VAR_TYPE = 'support_data' and UNITS.strip() = ''.
  doy: VAR_TYPE = 'support_data' and UNITS.strip() = ''.
  hr: VAR_TYPE = 'support_data' and UNITS.strip() = ''.
  min: VAR_TYPE = 'support_data' and UNITS.strip() = ''.
  sec: VAR_TYPE = 'support_data' and UNITS.strip() = ''.
  L: VAR_TYPE = 'support_data' and UNITS.strip() = ''.
  vh_num: VAR_TYPE = 'support_data' and UNITS.strip() = ''.
  f_num: VAR_TYPE = 'support_data' and UNITS.strip() = ''.
  ampl: VAR_TYPE = 'data' and UNITS.strip() = ''.
I2_AV_KWA | ISTP.UNITS.Empty:
  year: VAR_TYPE = 'support_data' and UNITS.strip() = ''.
  doy: VAR_TYPE = 'support_data' and UNITS.strip() = ''.
  hr: VAR_TYPE = 'support_data' and UNITS.strip() = ''.
  min: VAR_TYPE = 'support_data' and UNITS.strip() = ''.
  sec: VAR_TYPE = 'support_data' and UNITS.strip() = ''.
  L: VAR_TYPE = 'support_data' and UNITS.strip() = ''.
  vh_num: VAR_TYPE = 'support_data' and UNITS.strip() = ''.
  f_num: VAR_TYPE = 'support_data' and UNITS.strip() = ''.
  ampl: VAR_TYPE = 'data' and UNITS.strip() = ''.
I2_AV_LAU | ISTP.UNITS.Empty:
  year: VAR_TYPE = 'support_data' and UNITS.strip() = ''.
  doy: VAR_TYPE = 'support_data' and UNITS.strip() = ''.
  hr: VAR_TYPE = 'support_data' and UNITS.strip() = ''.
  min: VAR_TYPE = 'support_data' and UNITS.strip() = ''.
  sec: VAR_TYPE = 'support_data' and UNITS.strip() = ''.
  L: VAR_TYPE = 'support_data' and UNITS.strip() = ''.
  vh_num: VAR_TYPE = 'support_data' and UNITS.strip() = ''.
  f_num: VAR_TYPE = 'support_data' and UNITS.strip() = ''.
  ampl: VAR_TYPE = 'data' and UNITS.strip() = ''.
I2_AV_ODG | ISTP.UNITS.Empty:
  year: VAR_TYPE = 'support_data' and UNITS.strip() = ''.
  doy: VAR_TYPE = 'support_data' and UNITS.strip() = ''.
  hr: VAR_TYPE = 'support_data' and UNITS.strip() = ''.
  min: VAR_TYPE = 'support_data' and UNITS.strip() = ''.
  sec: VAR_TYPE = 'support_data' and UNITS.strip() = ''.
  L: VAR_TYPE = 'support_data' and UNITS.strip() = ''.
  vh_num: VAR_TYPE = 'support_data' and UNITS.strip() = ''.
  f_num: VAR_TYPE = 'support_data' and UNITS.strip() = ''.
  ampl: VAR_TYPE = 'data' and UNITS.strip() = ''.
I2_AV_ORR | ISTP.UNITS.Empty:
  year: VAR_TYPE = 'support_data' and UNITS.strip() = ''.
  doy: VAR_TYPE = 'support_data' and UNITS.strip() = ''.
  hr: VAR_TYPE = 'support_data' and UNITS.strip() = ''.
  min: VAR_TYPE = 'support_data' and UNITS.strip() = ''.
  sec: VAR_TYPE = 'support_data' and UNITS.strip() = ''.
  L: VAR_TYPE = 'support_data' and UNITS.strip() = ''.
  vh_num: VAR_TYPE = 'support_data' and UNITS.strip() = ''.
  f_num: VAR_TYPE = 'support_data' and UNITS.strip() = ''.
  ampl: VAR_TYPE = 'data' and UNITS.strip() = ''.
I2_AV_OTT | ISTP.UNITS.Empty:
  year: VAR_TYPE = 'support_data' and UNITS.strip() = ''.
  doy: VAR_TYPE = 'support_data' and UNITS.strip() = ''.
  hr: VAR_TYPE = 'support_data' and UNITS.strip() = ''.
  min: VAR_TYPE = 'support_data' and UNITS.strip() = ''.
  sec: VAR_TYPE = 'support_data' and UNITS.strip() = ''.
  L: VAR_TYPE = 'support_data' and UNITS.strip() = ''.
  vh_num: VAR_TYPE = 'support_data' and UNITS.strip() = ''.
  f_num: VAR_TYPE = 'support_data' and UNITS.strip() = ''.
  ampl: VAR_TYPE = 'data' and UNITS.strip() = ''.
I2_AV_QUI | ISTP.UNITS.Empty:
  year: VAR_TYPE = 'support_data' and UNITS.strip() = ''.
  doy: VAR_TYPE = 'support_data' and UNITS.strip() = ''.
  hr: VAR_TYPE = 'support_data' and UNITS.strip() = ''.
  min: VAR_TYPE = 'support_data' and UNITS.strip() = ''.
  sec: VAR_TYPE = 'support_data' and UNITS.strip() = ''.
  L: VAR_TYPE = 'support_data' and UNITS.strip() = ''.
  vh_num: VAR_TYPE = 'support_data' and UNITS.strip() = ''.
  f_num: VAR_TYPE = 'support_data' and UNITS.strip() = ''.
  ampl: VAR_TYPE = 'data' and UNITS.strip() = ''.
I2_AV_RES | ISTP.UNITS.Empty:
  year: VAR_TYPE = 'support_data' and UNITS.strip() = ''.
  doy: VAR_TYPE = 'support_data' and UNITS.strip() = ''.
  hr: VAR_TYPE = 'support_data' and UNITS.strip() = ''.
  min: VAR_TYPE = 'support_data' and UNITS.strip() = ''.
  sec: VAR_TYPE = 'support_data' and UNITS.strip() = ''.
  L: VAR_TYPE = 'support_data' and UNITS.strip() = ''.
  vh_num: VAR_TYPE = 'support_data' and UNITS.strip() = ''.
  f_num: VAR_TYPE = 'support_data' and UNITS.strip() = ''.
  ampl: VAR_TYPE = 'data' and UNITS.strip() = ''.
I2_AV_SNT | ISTP.UNITS.Empty:
  year: VAR_TYPE = 'support_data' and UNITS.strip() = ''.
  doy: VAR_TYPE = 'support_data' and UNITS.strip() = ''.
  hr: VAR_TYPE = 'support_data' and UNITS.strip() = ''.
  min: VAR_TYPE = 'support_data' and UNITS.strip() = ''.
  sec: VAR_TYPE = 'support_data' and UNITS.strip() = ''.
  L: VAR_TYPE = 'support_data' and UNITS.strip() = ''.
  vh_num: VAR_TYPE = 'support_data' and UNITS.strip() = ''.
  f_num: VAR_TYPE = 'support_data' and UNITS.strip() = ''.
  ampl: VAR_TYPE = 'data' and UNITS.strip() = ''.
I2_AV_SOD | ISTP.UNITS.Empty:
  year: VAR_TYPE = 'support_data' and UNITS.strip() = ''.
  doy: VAR_TYPE = 'support_data' and UNITS.strip() = ''.
  hr: VAR_TYPE = 'support_data' and UNITS.strip() = ''.
  min: VAR_TYPE = 'support_data' and UNITS.strip() = ''.
  sec: VAR_TYPE = 'support_data' and UNITS.strip() = ''.
  L: VAR_TYPE = 'support_data' and UNITS.strip() = ''.
  vh_num: VAR_TYPE = 'support_data' and UNITS.strip() = ''.
  f_num: VAR_TYPE = 'support_data' and UNITS.strip() = ''.
  ampl: VAR_TYPE = 'data' and UNITS.strip() = ''.
I2_AV_SOL | ISTP.UNITS.Empty:
  year: VAR_TYPE = 'support_data' and UNITS.strip() = ''.
  doy: VAR_TYPE = 'support_data' and UNITS.strip() = ''.
  hr: VAR_TYPE = 'support_data' and UNITS.strip() = ''.
  min: VAR_TYPE = 'support_data' and UNITS.strip() = ''.
  sec: VAR_TYPE = 'support_data' and UNITS.strip() = ''.
  L: VAR_TYPE = 'support_data' and UNITS.strip() = ''.
  vh_num: VAR_TYPE = 'support_data' and UNITS.strip() = ''.
  f_num: VAR_TYPE = 'support_data' and UNITS.strip() = ''.
  ampl: VAR_TYPE = 'data' and UNITS.strip() = ''.
I2_AV_SYO | ISTP.UNITS.Empty:
  year: VAR_TYPE = 'support_data' and UNITS.strip() = ''.
  doy: VAR_TYPE = 'support_data' and UNITS.strip() = ''.
  hr: VAR_TYPE = 'support_data' and UNITS.strip() = ''.
  min: VAR_TYPE = 'support_data' and UNITS.strip() = ''.
  sec: VAR_TYPE = 'support_data' and UNITS.strip() = ''.
  L: VAR_TYPE = 'support_data' and UNITS.strip() = ''.
  vh_num: VAR_TYPE = 'support_data' and UNITS.strip() = ''.
  f_num: VAR_TYPE = 'support_data' and UNITS.strip() = ''.
  ampl: VAR_TYPE = 'data' and UNITS.strip() = ''.
I2_AV_TRO | ISTP.UNITS.Empty:
  year: VAR_TYPE = 'support_data' and UNITS.strip() = ''.
  doy: VAR_TYPE = 'support_data' and UNITS.strip() = ''.
  hr: VAR_TYPE = 'support_data' and UNITS.strip() = ''.
  min: VAR_TYPE = 'support_data' and UNITS.strip() = ''.
  sec: VAR_TYPE = 'support_data' and UNITS.strip() = ''.
  L: VAR_TYPE = 'support_data' and UNITS.strip() = ''.
  vh_num: VAR_TYPE = 'support_data' and UNITS.strip() = ''.
  f_num: VAR_TYPE = 'support_data' and UNITS.strip() = ''.
  ampl: VAR_TYPE = 'data' and UNITS.strip() = ''.
I2_AV_ULA | ISTP.UNITS.Empty:
  year: VAR_TYPE = 'support_data' and UNITS.strip() = ''.
  doy: VAR_TYPE = 'support_data' and UNITS.strip() = ''.
  hr: VAR_TYPE = 'support_data' and UNITS.strip() = ''.
  min: VAR_TYPE = 'support_data' and UNITS.strip() = ''.
  sec: VAR_TYPE = 'support_data' and UNITS.strip() = ''.
  L: VAR_TYPE = 'support_data' and UNITS.strip() = ''.
  vh_num: VAR_TYPE = 'support_data' and UNITS.strip() = ''.
  f_num: VAR_TYPE = 'support_data' and UNITS.strip() = ''.
  ampl: VAR_TYPE = 'data' and UNITS.strip() = ''.
I2_AV_WNK | ISTP.UNITS.Empty:
  year: VAR_TYPE = 'support_data' and UNITS.strip() = ''.
  doy: VAR_TYPE = 'support_data' and UNITS.strip() = ''.
  hr: VAR_TYPE = 'support_data' and UNITS.strip() = ''.
  min: VAR_TYPE = 'support_data' and UNITS.strip() = ''.
  sec: VAR_TYPE = 'support_data' and UNITS.strip() = ''.
  L: VAR_TYPE = 'support_data' and UNITS.strip() = ''.
  vh_num: VAR_TYPE = 'support_data' and UNITS.strip() = ''.
  f_num: VAR_TYPE = 'support_data' and UNITS.strip() = ''.
  ampl: VAR_TYPE = 'data' and UNITS.strip() = ''.
I2_NEPROF_TOPIST | ISTP.UNITS.Empty:
  ut: VAR_TYPE = 'support_data' and UNITS.strip() = ''.
  niLog10: VAR_TYPE = 'data' and UNITS.strip() = ''.
  L: VAR_TYPE = 'data' and UNITS.strip() = ''.
I2_NEPROF_TOPS | ISTP.UNITS.Empty:
  spacecraftID: VAR_TYPE = 'support_data' and UNITS.strip() = ''.
  log_density: VAR_TYPE = 'data' and UNITS.strip() = ''.
  qualityIndex: VAR_TYPE = 'data' and UNITS.strip() = ''.
  L: VAR_TYPE = 'data' and UNITS.strip() = ''.
  sunspotNumber: VAR_TYPE = 'data' and UNITS.strip() = ''.
  IGindex: VAR_TYPE = 'data' and UNITS.strip() = ''.
I8_H0_MITPLASMA | ISTP.UNITS.Empty:
  decimal_year: VAR_TYPE = 'data' and UNITS.strip() = ''.
IA_K0_ENF | ISTP.UNITS.Empty:
  Trp: VAR_TYPE = 'support_data' and UNITS.strip() = ''.
  Gap_Flag: VAR_TYPE = 'support_data' and UNITS.strip() = ''.
IA_K0_EPI | ISTP.UNITS.Empty:
  SF_Fe1: VAR_TYPE = 'support_data' and UNITS.strip() = ''.
  SF_Fe2: VAR_TYPE = 'support_data' and UNITS.strip() = ''.
  SF_Fp1: VAR_TYPE = 'support_data' and UNITS.strip() = ''.
  SF_Fp2: VAR_TYPE = 'support_data' and UNITS.strip() = ''.
  Gap_Flag: VAR_TYPE = 'support_data' and UNITS.strip() = ''.
IA_K0_ICD | ISTP.UNITS.Empty:
  SF_ICD: VAR_TYPE = 'support_data' and UNITS.strip() = ''.
  Gap_Flag: VAR_TYPE = 'support_data' and UNITS.strip() = ''.
IA_K0_MFI | ISTP.UNITS.Empty:
  Gap_Flag: VAR_TYPE = 'support_data' and UNITS.strip() = ''.
IA_OR_DEF | ISTP.UNITS.Empty:
  SF_SC_orbit: VAR_TYPE = 'support_data' and UNITS.strip() = ''.
  Gap_Flag: VAR_TYPE = 'support_data' and UNITS.strip() = ''.
IBEX_H3_ENA_HI_R02_CG_NOSP_OMNI_6MO | ISTP.UNITS.Empty:
  Fsnr2: VAR_TYPE = 'data' and UNITS.strip() = ''.
  Fsnr2_plasma: VAR_TYPE = 'data' and UNITS.strip() = ''.
  Fsnr3: VAR_TYPE = 'data' and UNITS.strip() = ''.
  Fsnr3_plasma: VAR_TYPE = 'data' and UNITS.strip() = ''.
  Fsnr4: VAR_TYPE = 'data' and UNITS.strip() = ''.
  Fsnr4_plasma: VAR_TYPE = 'data' and UNITS.strip() = ''.
  Fsnr5: VAR_TYPE = 'data' and UNITS.strip() = ''.
  Fsnr5_plasma: VAR_TYPE = 'data' and UNITS.strip() = ''.
  Fsnr6: VAR_TYPE = 'data' and UNITS.strip() = ''.
  Fsnr6_plasma: VAR_TYPE = 'data' and UNITS.strip() = ''.
IBEX_H3_ENA_HI_R02_NOCG_NOSP_OMNI_6MO | ISTP.UNITS.Empty:
  Fsnr2: VAR_TYPE = 'data' and UNITS.strip() = ''.
  Fsnr2_plasma: VAR_TYPE = 'data' and UNITS.strip() = ''.
  Fsnr3: VAR_TYPE = 'data' and UNITS.strip() = ''.
  Fsnr3_plasma: VAR_TYPE = 'data' and UNITS.strip() = ''.
  Fsnr4: VAR_TYPE = 'data' and UNITS.strip() = ''.
  Fsnr4_plasma: VAR_TYPE = 'data' and UNITS.strip() = ''.
  Fsnr5: VAR_TYPE = 'data' and UNITS.strip() = ''.
  Fsnr5_plasma: VAR_TYPE = 'data' and UNITS.strip() = ''.
  Fsnr6: VAR_TYPE = 'data' and UNITS.strip() = ''.
  Fsnr6_plasma: VAR_TYPE = 'data' and UNITS.strip() = ''.
IBEX_H3_ENA_HI_R04_CG_NOSP_ANTIRAM_1YR | ISTP.UNITS.Empty:
  Fsnr2: VAR_TYPE = 'data' and UNITS.strip() = ''.
  Fsnr2_plasma: VAR_TYPE = 'data' and UNITS.strip() = ''.
  Fsnr3: VAR_TYPE = 'data' and UNITS.strip() = ''.
  Fsnr3_plasma: VAR_TYPE = 'data' and UNITS.strip() = ''.
  Fsnr4: VAR_TYPE = 'data' and UNITS.strip() = ''.
  Fsnr4_plasma: VAR_TYPE = 'data' and UNITS.strip() = ''.
  Fsnr5: VAR_TYPE = 'data' and UNITS.strip() = ''.
  Fsnr5_plasma: VAR_TYPE = 'data' and UNITS.strip() = ''.
  Fsnr6: VAR_TYPE = 'data' and UNITS.strip() = ''.
  Fsnr6_plasma: VAR_TYPE = 'data' and UNITS.strip() = ''.
IBEX_H3_ENA_HI_R04_CG_NOSP_OMNI_6MO | ISTP.UNITS.Empty:
  Fsnr2: VAR_TYPE = 'data' and UNITS.strip() = ''.
  Fsnr2_plasma: VAR_TYPE = 'data' and UNITS.strip() = ''.
  Fsnr3: VAR_TYPE = 'data' and UNITS.strip() = ''.
  Fsnr3_plasma: VAR_TYPE = 'data' and UNITS.strip() = ''.
  Fsnr4: VAR_TYPE = 'data' and UNITS.strip() = ''.
  Fsnr4_plasma: VAR_TYPE = 'data' and UNITS.strip() = ''.
  Fsnr5: VAR_TYPE = 'data' and UNITS.strip() = ''.
  Fsnr5_plasma: VAR_TYPE = 'data' and UNITS.strip() = ''.
  Fsnr6: VAR_TYPE = 'data' and UNITS.strip() = ''.
  Fsnr6_plasma: VAR_TYPE = 'data' and UNITS.strip() = ''.
IBEX_H3_ENA_HI_R04_CG_NOSP_RAM_1YR | ISTP.UNITS.Empty:
  Fsnr2: VAR_TYPE = 'data' and UNITS.strip() = ''.
  Fsnr2_plasma: VAR_TYPE = 'data' and UNITS.strip() = ''.
  Fsnr3: VAR_TYPE = 'data' and UNITS.strip() = ''.
  Fsnr3_plasma: VAR_TYPE = 'data' and UNITS.strip() = ''.
  Fsnr4: VAR_TYPE = 'data' and UNITS.strip() = ''.
  Fsnr4_plasma: VAR_TYPE = 'data' and UNITS.strip() = ''.
  Fsnr5: VAR_TYPE = 'data' and UNITS.strip() = ''.
  Fsnr5_plasma: VAR_TYPE = 'data' and UNITS.strip() = ''.
  Fsnr6: VAR_TYPE = 'data' and UNITS.strip() = ''.
  Fsnr6_plasma: VAR_TYPE = 'data' and UNITS.strip() = ''.
IBEX_H3_ENA_HI_R04_CG_SP_ANTIRAM_1YR | ISTP.UNITS.Empty:
  Fsnr2: VAR_TYPE = 'data' and UNITS.strip() = ''.
  Fsnr2_plasma: VAR_TYPE = 'data' and UNITS.strip() = ''.
  Fsnr3: VAR_TYPE = 'data' and UNITS.strip() = ''.
  Fsnr3_plasma: VAR_TYPE = 'data' and UNITS.strip() = ''.
  Fsnr4: VAR_TYPE = 'data' and UNITS.strip() = ''.
  Fsnr4_plasma: VAR_TYPE = 'data' and UNITS.strip() = ''.
  Fsnr5: VAR_TYPE = 'data' and UNITS.strip() = ''.
  Fsnr5_plasma: VAR_TYPE = 'data' and UNITS.strip() = ''.
  Fsnr6: VAR_TYPE = 'data' and UNITS.strip() = ''.
  Fsnr6_plasma: VAR_TYPE = 'data' and UNITS.strip() = ''.
IBEX_H3_ENA_HI_R04_CG_SP_OMNI_6MO | ISTP.UNITS.Empty:
  Fsnr2: VAR_TYPE = 'data' and UNITS.strip() = ''.
  Fsnr2_plasma: VAR_TYPE = 'data' and UNITS.strip() = ''.
  Fsnr3: VAR_TYPE = 'data' and UNITS.strip() = ''.
  Fsnr3_plasma: VAR_TYPE = 'data' and UNITS.strip() = ''.
  Fsnr4: VAR_TYPE = 'data' and UNITS.strip() = ''.
  Fsnr4_plasma: VAR_TYPE = 'data' and UNITS.strip() = ''.
  Fsnr5: VAR_TYPE = 'data' and UNITS.strip() = ''.
  Fsnr5_plasma: VAR_TYPE = 'data' and UNITS.strip() = ''.
  Fsnr6: VAR_TYPE = 'data' and UNITS.strip() = ''.
  Fsnr6_plasma: VAR_TYPE = 'data' and UNITS.strip() = ''.
IBEX_H3_ENA_HI_R04_CG_SP_RAM_1YR | ISTP.UNITS.Empty:
  Fsnr2: VAR_TYPE = 'data' and UNITS.strip() = ''.
  Fsnr2_plasma: VAR_TYPE = 'data' and UNITS.strip() = ''.
  Fsnr3: VAR_TYPE = 'data' and UNITS.strip() = ''.
  Fsnr3_plasma: VAR_TYPE = 'data' and UNITS.strip() = ''.
  Fsnr4: VAR_TYPE = 'data' and UNITS.strip() = ''.
  Fsnr4_plasma: VAR_TYPE = 'data' and UNITS.strip() = ''.
  Fsnr5: VAR_TYPE = 'data' and UNITS.strip() = ''.
  Fsnr5_plasma: VAR_TYPE = 'data' and UNITS.strip() = ''.
  Fsnr6: VAR_TYPE = 'data' and UNITS.strip() = ''.
  Fsnr6_plasma: VAR_TYPE = 'data' and UNITS.strip() = ''.
IBEX_H3_ENA_HI_R04_DEFLECTION_1AU_7DAY | ISTP.UNITS.Empty:
  Deflection: VAR_TYPE = 'data' and UNITS.strip() = ''.
IBEX_H3_ENA_HI_R04_DEFLECTION_SCF_7DAY | ISTP.UNITS.Empty:
  Deflection: VAR_TYPE = 'data' and UNITS.strip() = ''.
IBEX_H3_ENA_HI_R04_LOSS_1AU_7DAY | ISTP.UNITS.Empty:
  Loss: VAR_TYPE = 'data' and UNITS.strip() = ''.
IBEX_H3_ENA_HI_R04_LOSS_SCF_7DAY | ISTP.UNITS.Empty:
  Loss: VAR_TYPE = 'data' and UNITS.strip() = ''.
IBEX_H3_ENA_HI_R04_NOCG_NOSP_ANTIRAM_1YR | ISTP.UNITS.Empty:
  Fsnr2: VAR_TYPE = 'data' and UNITS.strip() = ''.
  Fsnr2_plasma: VAR_TYPE = 'data' and UNITS.strip() = ''.
  Fsnr3: VAR_TYPE = 'data' and UNITS.strip() = ''.
  Fsnr3_plasma: VAR_TYPE = 'data' and UNITS.strip() = ''.
  Fsnr4: VAR_TYPE = 'data' and UNITS.strip() = ''.
  Fsnr4_plasma: VAR_TYPE = 'data' and UNITS.strip() = ''.
  Fsnr5: VAR_TYPE = 'data' and UNITS.strip() = ''.
  Fsnr5_plasma: VAR_TYPE = 'data' and UNITS.strip() = ''.
  Fsnr6: VAR_TYPE = 'data' and UNITS.strip() = ''.
  Fsnr6_plasma: VAR_TYPE = 'data' and UNITS.strip() = ''.
IBEX_H3_ENA_HI_R04_NOCG_NOSP_OMNI_3YR | ISTP.UNITS.Empty:
  Fsnr2: VAR_TYPE = 'data' and UNITS.strip() = ''.
  Fsnr2_plasma: VAR_TYPE = 'data' and UNITS.strip() = ''.
  Fsnr3: VAR_TYPE = 'data' and UNITS.strip() = ''.
  Fsnr3_plasma: VAR_TYPE = 'data' and UNITS.strip() = ''.
  Fsnr4: VAR_TYPE = 'data' and UNITS.strip() = ''.
  Fsnr4_plasma: VAR_TYPE = 'data' and UNITS.strip() = ''.
  Fsnr5: VAR_TYPE = 'data' and UNITS.strip() = ''.
  Fsnr5_plasma: VAR_TYPE = 'data' and UNITS.strip() = ''.
  Fsnr6: VAR_TYPE = 'data' and UNITS.strip() = ''.
  Fsnr6_plasma: VAR_TYPE = 'data' and UNITS.strip() = ''.
IBEX_H3_ENA_HI_R04_NOCG_NOSP_OMNI_6MO | ISTP.UNITS.Empty:
  Fsnr2: VAR_TYPE = 'data' and UNITS.strip() = ''.
  Fsnr2_plasma: VAR_TYPE = 'data' and UNITS.strip() = ''.
  Fsnr3: VAR_TYPE = 'data' and UNITS.strip() = ''.
  Fsnr3_plasma: VAR_TYPE = 'data' and UNITS.strip() = ''.
  Fsnr4: VAR_TYPE = 'data' and UNITS.strip() = ''.
  Fsnr4_plasma: VAR_TYPE = 'data' and UNITS.strip() = ''.
  Fsnr5: VAR_TYPE = 'data' and UNITS.strip() = ''.
  Fsnr5_plasma: VAR_TYPE = 'data' and UNITS.strip() = ''.
  Fsnr6: VAR_TYPE = 'data' and UNITS.strip() = ''.
  Fsnr6_plasma: VAR_TYPE = 'data' and UNITS.strip() = ''.
IBEX_H3_ENA_HI_R04_NOCG_NOSP_OMNI_6MP | ISTP.UNITS.Empty:
  Fsnr2: VAR_TYPE = 'data' and UNITS.strip() = ''.
  Fsnr2_plasma: VAR_TYPE = 'data' and UNITS.strip() = ''.
  Fsnr3: VAR_TYPE = 'data' and UNITS.strip() = ''.
  Fsnr3_plasma: VAR_TYPE = 'data' and UNITS.strip() = ''.
  Fsnr4: VAR_TYPE = 'data' and UNITS.strip() = ''.
  Fsnr4_plasma: VAR_TYPE = 'data' and UNITS.strip() = ''.
  Fsnr5: VAR_TYPE = 'data' and UNITS.strip() = ''.
  Fsnr5_plasma: VAR_TYPE = 'data' and UNITS.strip() = ''.
  Fsnr6: VAR_TYPE = 'data' and UNITS.strip() = ''.
  Fsnr6_plasma: VAR_TYPE = 'data' and UNITS.strip() = ''.
IBEX_H3_ENA_HI_R04_NOCG_NOSP_RAM_1YR | ISTP.UNITS.Empty:
  Fsnr2: VAR_TYPE = 'data' and UNITS.strip() = ''.
  Fsnr2_plasma: VAR_TYPE = 'data' and UNITS.strip() = ''.
  Fsnr3: VAR_TYPE = 'data' and UNITS.strip() = ''.
  Fsnr3_plasma: VAR_TYPE = 'data' and UNITS.strip() = ''.
  Fsnr4: VAR_TYPE = 'data' and UNITS.strip() = ''.
  Fsnr4_plasma: VAR_TYPE = 'data' and UNITS.strip() = ''.
  Fsnr5: VAR_TYPE = 'data' and UNITS.strip() = ''.
  Fsnr5_plasma: VAR_TYPE = 'data' and UNITS.strip() = ''.
  Fsnr6: VAR_TYPE = 'data' and UNITS.strip() = ''.
  Fsnr6_plasma: VAR_TYPE = 'data' and UNITS.strip() = ''.
IBEX_H3_ENA_HI_R04_NOCG_SP_ANTIRAM_1YR | ISTP.UNITS.Empty:
  Fsnr2: VAR_TYPE = 'data' and UNITS.strip() = ''.
  Fsnr2_plasma: VAR_TYPE = 'data' and UNITS.strip() = ''.
  Fsnr3: VAR_TYPE = 'data' and UNITS.strip() = ''.
  Fsnr3_plasma: VAR_TYPE = 'data' and UNITS.strip() = ''.
  Fsnr4: VAR_TYPE = 'data' and UNITS.strip() = ''.
  Fsnr4_plasma: VAR_TYPE = 'data' and UNITS.strip() = ''.
  Fsnr5: VAR_TYPE = 'data' and UNITS.strip() = ''.
  Fsnr5_plasma: VAR_TYPE = 'data' and UNITS.strip() = ''.
  Fsnr6: VAR_TYPE = 'data' and UNITS.strip() = ''.
  Fsnr6_plasma: VAR_TYPE = 'data' and UNITS.strip() = ''.
IBEX_H3_ENA_HI_R04_NOCG_SP_OMNI_6MO | ISTP.UNITS.Empty:
  Fsnr2: VAR_TYPE = 'data' and UNITS.strip() = ''.
  Fsnr2_plasma: VAR_TYPE = 'data' and UNITS.strip() = ''.
  Fsnr3: VAR_TYPE = 'data' and UNITS.strip() = ''.
  Fsnr3_plasma: VAR_TYPE = 'data' and UNITS.strip() = ''.
  Fsnr4: VAR_TYPE = 'data' and UNITS.strip() = ''.
  Fsnr4_plasma: VAR_TYPE = 'data' and UNITS.strip() = ''.
  Fsnr5: VAR_TYPE = 'data' and UNITS.strip() = ''.
  Fsnr5_plasma: VAR_TYPE = 'data' and UNITS.strip() = ''.
  Fsnr6: VAR_TYPE = 'data' and UNITS.strip() = ''.
  Fsnr6_plasma: VAR_TYPE = 'data' and UNITS.strip() = ''.
IBEX_H3_ENA_HI_R04_NOCG_SP_RAM_1YR | ISTP.UNITS.Empty:
  Fsnr2: VAR_TYPE = 'data' and UNITS.strip() = ''.
  Fsnr2_plasma: VAR_TYPE = 'data' and UNITS.strip() = ''.
  Fsnr3: VAR_TYPE = 'data' and UNITS.strip() = ''.
  Fsnr3_plasma: VAR_TYPE = 'data' and UNITS.strip() = ''.
  Fsnr4: VAR_TYPE = 'data' and UNITS.strip() = ''.
  Fsnr4_plasma: VAR_TYPE = 'data' and UNITS.strip() = ''.
  Fsnr5: VAR_TYPE = 'data' and UNITS.strip() = ''.
  Fsnr5_plasma: VAR_TYPE = 'data' and UNITS.strip() = ''.
  Fsnr6: VAR_TYPE = 'data' and UNITS.strip() = ''.
  Fsnr6_plasma: VAR_TYPE = 'data' and UNITS.strip() = ''.
IBEX_H3_ENA_HI_R04_SURVPRO_1AU_7DAY | ISTP.UNITS.Empty:
  Surv_Pro: VAR_TYPE = 'data' and UNITS.strip() = ''.
IBEX_H3_ENA_HI_R04_SURVPRO_SCF_7DAY | ISTP.UNITS.Empty:
  Surv_Pro: VAR_TYPE = 'data' and UNITS.strip() = ''.
IBEX_H3_ENA_HI_R07_CG_NOSP_ANTIRAM_MIF_5YR | ISTP.UNITS.Empty:
  Fsnr2: VAR_TYPE = 'data' and UNITS.strip() = ''.
  Fsnr2_plasma: VAR_TYPE = 'data' and UNITS.strip() = ''.
  Fsnr3: VAR_TYPE = 'data' and UNITS.strip() = ''.
  Fsnr3_plasma: VAR_TYPE = 'data' and UNITS.strip() = ''.
  Fsnr4: VAR_TYPE = 'data' and UNITS.strip() = ''.
  Fsnr4_plasma: VAR_TYPE = 'data' and UNITS.strip() = ''.
  Fsnr5: VAR_TYPE = 'data' and UNITS.strip() = ''.
  Fsnr5_plasma: VAR_TYPE = 'data' and UNITS.strip() = ''.
  Fsnr6: VAR_TYPE = 'data' and UNITS.strip() = ''.
  Fsnr6_plasma: VAR_TYPE = 'data' and UNITS.strip() = ''.
IBEX_H3_ENA_HI_R07_CG_NOSP_ANTIRAM_VEIF_5YR | ISTP.UNITS.Empty:
  Fsnr3: VAR_TYPE = 'data' and UNITS.strip() = ''.
  Fsnr3_plasma: VAR_TYPE = 'data' and UNITS.strip() = ''.
  Fsnr4: VAR_TYPE = 'data' and UNITS.strip() = ''.
  Fsnr4_plasma: VAR_TYPE = 'data' and UNITS.strip() = ''.
  Fsnr5: VAR_TYPE = 'data' and UNITS.strip() = ''.
  Fsnr5_plasma: VAR_TYPE = 'data' and UNITS.strip() = ''.
  Fsnr6: VAR_TYPE = 'data' and UNITS.strip() = ''.
  Fsnr6_plasma: VAR_TYPE = 'data' and UNITS.strip() = ''.
IBEX_H3_ENA_HI_R07_CG_NOSP_OMNI_6MO | ISTP.UNITS.Empty:
  Fsnr2: VAR_TYPE = 'data' and UNITS.strip() = ''.
  Fsnr2_plasma: VAR_TYPE = 'data' and UNITS.strip() = ''.
  Fsnr3: VAR_TYPE = 'data' and UNITS.strip() = ''.
  Fsnr3_plasma: VAR_TYPE = 'data' and UNITS.strip() = ''.
  Fsnr4: VAR_TYPE = 'data' and UNITS.strip() = ''.
  Fsnr4_plasma: VAR_TYPE = 'data' and UNITS.strip() = ''.
  Fsnr5: VAR_TYPE = 'data' and UNITS.strip() = ''.
  Fsnr5_plasma: VAR_TYPE = 'data' and UNITS.strip() = ''.
  Fsnr6: VAR_TYPE = 'data' and UNITS.strip() = ''.
  Fsnr6_plasma: VAR_TYPE = 'data' and UNITS.strip() = ''.
IBEX_H3_ENA_HI_R07_CG_NOSP_OMNI_MIF_10MP | ISTP.UNITS.Empty:
  Fsnr2: VAR_TYPE = 'data' and UNITS.strip() = ''.
  Fsnr2_plasma: VAR_TYPE = 'data' and UNITS.strip() = ''.
  Fsnr3: VAR_TYPE = 'data' and UNITS.strip() = ''.
  Fsnr3_plasma: VAR_TYPE = 'data' and UNITS.strip() = ''.
  Fsnr4: VAR_TYPE = 'data' and UNITS.strip() = ''.
  Fsnr4_plasma: VAR_TYPE = 'data' and UNITS.strip() = ''.
  Fsnr5: VAR_TYPE = 'data' and UNITS.strip() = ''.
  Fsnr5_plasma: VAR_TYPE = 'data' and UNITS.strip() = ''.
  Fsnr6: VAR_TYPE = 'data' and UNITS.strip() = ''.
  Fsnr6_plasma: VAR_TYPE = 'data' and UNITS.strip() = ''.
IBEX_H3_ENA_HI_R07_CG_NOSP_OMNI_VEIF_10MP | ISTP.UNITS.Empty:
  Fsnr2: VAR_TYPE = 'data' and UNITS.strip() = ''.
  Fsnr2_plasma: VAR_TYPE = 'data' and UNITS.strip() = ''.
  Fsnr3: VAR_TYPE = 'data' and UNITS.strip() = ''.
  Fsnr3_plasma: VAR_TYPE = 'data' and UNITS.strip() = ''.
  Fsnr4: VAR_TYPE = 'data' and UNITS.strip() = ''.
  Fsnr4_plasma: VAR_TYPE = 'data' and UNITS.strip() = ''.
  Fsnr5: VAR_TYPE = 'data' and UNITS.strip() = ''.
  Fsnr5_plasma: VAR_TYPE = 'data' and UNITS.strip() = ''.
  Fsnr6: VAR_TYPE = 'data' and UNITS.strip() = ''.
  Fsnr6_plasma: VAR_TYPE = 'data' and UNITS.strip() = ''.
IBEX_H3_ENA_HI_R07_CG_NOSP_RAM_1YR | ISTP.UNITS.Empty:
  Fsnr2: VAR_TYPE = 'data' and UNITS.strip() = ''.
  Fsnr2_plasma: VAR_TYPE = 'data' and UNITS.strip() = ''.
  Fsnr3: VAR_TYPE = 'data' and UNITS.strip() = ''.
  Fsnr3_plasma: VAR_TYPE = 'data' and UNITS.strip() = ''.
  Fsnr4: VAR_TYPE = 'data' and UNITS.strip() = ''.
  Fsnr4_plasma: VAR_TYPE = 'data' and UNITS.strip() = ''.
  Fsnr5: VAR_TYPE = 'data' and UNITS.strip() = ''.
  Fsnr5_plasma: VAR_TYPE = 'data' and UNITS.strip() = ''.
  Fsnr6: VAR_TYPE = 'data' and UNITS.strip() = ''.
  Fsnr6_plasma: VAR_TYPE = 'data' and UNITS.strip() = ''.
IBEX_H3_ENA_HI_R07_CG_NOSP_RAM_MIF_5YR | ISTP.UNITS.Empty:
  Fsnr2: VAR_TYPE = 'data' and UNITS.strip() = ''.
  Fsnr2_plasma: VAR_TYPE = 'data' and UNITS.strip() = ''.
  Fsnr3: VAR_TYPE = 'data' and UNITS.strip() = ''.
  Fsnr3_plasma: VAR_TYPE = 'data' and UNITS.strip() = ''.
  Fsnr4: VAR_TYPE = 'data' and UNITS.strip() = ''.
  Fsnr4_plasma: VAR_TYPE = 'data' and UNITS.strip() = ''.
  Fsnr5: VAR_TYPE = 'data' and UNITS.strip() = ''.
  Fsnr5_plasma: VAR_TYPE = 'data' and UNITS.strip() = ''.
  Fsnr6: VAR_TYPE = 'data' and UNITS.strip() = ''.
  Fsnr6_plasma: VAR_TYPE = 'data' and UNITS.strip() = ''.
IBEX_H3_ENA_HI_R07_CG_NOSP_RAM_VEIF_5YR | ISTP.UNITS.Empty:
  Fsnr2: VAR_TYPE = 'data' and UNITS.strip() = ''.
  Fsnr2_plasma: VAR_TYPE = 'data' and UNITS.strip() = ''.
  Fsnr3: VAR_TYPE = 'data' and UNITS.strip() = ''.
  Fsnr3_plasma: VAR_TYPE = 'data' and UNITS.strip() = ''.
  Fsnr4: VAR_TYPE = 'data' and UNITS.strip() = ''.
  Fsnr4_plasma: VAR_TYPE = 'data' and UNITS.strip() = ''.
  Fsnr5: VAR_TYPE = 'data' and UNITS.strip() = ''.
  Fsnr5_plasma: VAR_TYPE = 'data' and UNITS.strip() = ''.
  Fsnr6: VAR_TYPE = 'data' and UNITS.strip() = ''.
  Fsnr6_plasma: VAR_TYPE = 'data' and UNITS.strip() = ''.
IBEX_H3_ENA_HI_R07_CG_SP_ANTIRAM_1YR | ISTP.UNITS.Empty:
  Fsnr2: VAR_TYPE = 'data' and UNITS.strip() = ''.
  Fsnr2_plasma: VAR_TYPE = 'data' and UNITS.strip() = ''.
  Fsnr3: VAR_TYPE = 'data' and UNITS.strip() = ''.
  Fsnr3_plasma: VAR_TYPE = 'data' and UNITS.strip() = ''.
  Fsnr4: VAR_TYPE = 'data' and UNITS.strip() = ''.
  Fsnr4_plasma: VAR_TYPE = 'data' and UNITS.strip() = ''.
  Fsnr5: VAR_TYPE = 'data' and UNITS.strip() = ''.
  Fsnr5_plasma: VAR_TYPE = 'data' and UNITS.strip() = ''.
  Fsnr6: VAR_TYPE = 'data' and UNITS.strip() = ''.
  Fsnr6_plasma: VAR_TYPE = 'data' and UNITS.strip() = ''.
IBEX_H3_ENA_HI_R07_CG_SP_ANTIRAM_MIF_5YR | ISTP.UNITS.Empty:
  Fsnr2: VAR_TYPE = 'data' and UNITS.strip() = ''.
  Fsnr2_plasma: VAR_TYPE = 'data' and UNITS.strip() = ''.
  Fsnr3: VAR_TYPE = 'data' and UNITS.strip() = ''.
  Fsnr3_plasma: VAR_TYPE = 'data' and UNITS.strip() = ''.
  Fsnr4: VAR_TYPE = 'data' and UNITS.strip() = ''.
  Fsnr4_plasma: VAR_TYPE = 'data' and UNITS.strip() = ''.
  Fsnr5: VAR_TYPE = 'data' and UNITS.strip() = ''.
  Fsnr5_plasma: VAR_TYPE = 'data' and UNITS.strip() = ''.
  Fsnr6: VAR_TYPE = 'data' and UNITS.strip() = ''.
  Fsnr6_plasma: VAR_TYPE = 'data' and UNITS.strip() = ''.
IBEX_H3_ENA_HI_R07_CG_SP_ANTIRAM_VEIF_5YR | ISTP.UNITS.Empty:
  Fsnr2: VAR_TYPE = 'data' and UNITS.strip() = ''.
  Fsnr2_plasma: VAR_TYPE = 'data' and UNITS.strip() = ''.
  Fsnr3: VAR_TYPE = 'data' and UNITS.strip() = ''.
  Fsnr3_plasma: VAR_TYPE = 'data' and UNITS.strip() = ''.
  Fsnr4: VAR_TYPE = 'data' and UNITS.strip() = ''.
  Fsnr4_plasma: VAR_TYPE = 'data' and UNITS.strip() = ''.
  Fsnr5: VAR_TYPE = 'data' and UNITS.strip() = ''.
  Fsnr5_plasma: VAR_TYPE = 'data' and UNITS.strip() = ''.
  Fsnr6: VAR_TYPE = 'data' and UNITS.strip() = ''.
  Fsnr6_plasma: VAR_TYPE = 'data' and UNITS.strip() = ''.
IBEX_H3_ENA_HI_R07_CG_SP_OMNI_6MO | ISTP.UNITS.Empty:
  Fsnr2: VAR_TYPE = 'data' and UNITS.strip() = ''.
  Fsnr2_plasma: VAR_TYPE = 'data' and UNITS.strip() = ''.
  Fsnr3: VAR_TYPE = 'data' and UNITS.strip() = ''.
  Fsnr3_plasma: VAR_TYPE = 'data' and UNITS.strip() = ''.
  Fsnr4: VAR_TYPE = 'data' and UNITS.strip() = ''.
  Fsnr4_plasma: VAR_TYPE = 'data' and UNITS.strip() = ''.
  Fsnr5: VAR_TYPE = 'data' and UNITS.strip() = ''.
  Fsnr5_plasma: VAR_TYPE = 'data' and UNITS.strip() = ''.
  Fsnr6: VAR_TYPE = 'data' and UNITS.strip() = ''.
  Fsnr6_plasma: VAR_TYPE = 'data' and UNITS.strip() = ''.
IBEX_H3_ENA_HI_R07_CG_SP_OMNI_MIF_10MP | ISTP.UNITS.Empty:
  Fsnr2: VAR_TYPE = 'data' and UNITS.strip() = ''.
  Fsnr2_plasma: VAR_TYPE = 'data' and UNITS.strip() = ''.
  Fsnr3: VAR_TYPE = 'data' and UNITS.strip() = ''.
  Fsnr3_plasma: VAR_TYPE = 'data' and UNITS.strip() = ''.
  Fsnr4: VAR_TYPE = 'data' and UNITS.strip() = ''.
  Fsnr4_plasma: VAR_TYPE = 'data' and UNITS.strip() = ''.
  Fsnr5: VAR_TYPE = 'data' and UNITS.strip() = ''.
  Fsnr5_plasma: VAR_TYPE = 'data' and UNITS.strip() = ''.
  Fsnr6: VAR_TYPE = 'data' and UNITS.strip() = ''.
  Fsnr6_plasma: VAR_TYPE = 'data' and UNITS.strip() = ''.
IBEX_H3_ENA_HI_R07_CG_SP_OMNI_VEIF_10MP | ISTP.UNITS.Empty:
  Fsnr2: VAR_TYPE = 'data' and UNITS.strip() = ''.
  Fsnr2_plasma: VAR_TYPE = 'data' and UNITS.strip() = ''.
  Fsnr3: VAR_TYPE = 'data' and UNITS.strip() = ''.
  Fsnr3_plasma: VAR_TYPE = 'data' and UNITS.strip() = ''.
  Fsnr4: VAR_TYPE = 'data' and UNITS.strip() = ''.
  Fsnr4_plasma: VAR_TYPE = 'data' and UNITS.strip() = ''.
  Fsnr5: VAR_TYPE = 'data' and UNITS.strip() = ''.
  Fsnr5_plasma: VAR_TYPE = 'data' and UNITS.strip() = ''.
  Fsnr6: VAR_TYPE = 'data' and UNITS.strip() = ''.
  Fsnr6_plasma: VAR_TYPE = 'data' and UNITS.strip() = ''.
IBEX_H3_ENA_HI_R07_CG_SP_RAM_1YR | ISTP.UNITS.Empty:
  Fsnr2: VAR_TYPE = 'data' and UNITS.strip() = ''.
  Fsnr2_plasma: VAR_TYPE = 'data' and UNITS.strip() = ''.
  Fsnr3: VAR_TYPE = 'data' and UNITS.strip() = ''.
  Fsnr3_plasma: VAR_TYPE = 'data' and UNITS.strip() = ''.
  Fsnr4: VAR_TYPE = 'data' and UNITS.strip() = ''.
  Fsnr4_plasma: VAR_TYPE = 'data' and UNITS.strip() = ''.
  Fsnr5: VAR_TYPE = 'data' and UNITS.strip() = ''.
  Fsnr5_plasma: VAR_TYPE = 'data' and UNITS.strip() = ''.
  Fsnr6: VAR_TYPE = 'data' and UNITS.strip() = ''.
  Fsnr6_plasma: VAR_TYPE = 'data' and UNITS.strip() = ''.
IBEX_H3_ENA_HI_R07_CG_SP_RAM_MIF_5YR | ISTP.UNITS.Empty:
  Fsnr2: VAR_TYPE = 'data' and UNITS.strip() = ''.
  Fsnr2_plasma: VAR_TYPE = 'data' and UNITS.strip() = ''.
  Fsnr3: VAR_TYPE = 'data' and UNITS.strip() = ''.
  Fsnr3_plasma: VAR_TYPE = 'data' and UNITS.strip() = ''.
  Fsnr4: VAR_TYPE = 'data' and UNITS.strip() = ''.
  Fsnr4_plasma: VAR_TYPE = 'data' and UNITS.strip() = ''.
  Fsnr5: VAR_TYPE = 'data' and UNITS.strip() = ''.
  Fsnr5_plasma: VAR_TYPE = 'data' and UNITS.strip() = ''.
  Fsnr6: VAR_TYPE = 'data' and UNITS.strip() = ''.
  Fsnr6_plasma: VAR_TYPE = 'data' and UNITS.strip() = ''.
IBEX_H3_ENA_HI_R07_CG_SP_RAM_VEIF_5YR | ISTP.UNITS.Empty:
  Fsnr2: VAR_TYPE = 'data' and UNITS.strip() = ''.
  Fsnr2_plasma: VAR_TYPE = 'data' and UNITS.strip() = ''.
  Fsnr3: VAR_TYPE = 'data' and UNITS.strip() = ''.
  Fsnr3_plasma: VAR_TYPE = 'data' and UNITS.strip() = ''.
  Fsnr4: VAR_TYPE = 'data' and UNITS.strip() = ''.
  Fsnr4_plasma: VAR_TYPE = 'data' and UNITS.strip() = ''.
  Fsnr5: VAR_TYPE = 'data' and UNITS.strip() = ''.
  Fsnr5_plasma: VAR_TYPE = 'data' and UNITS.strip() = ''.
  Fsnr6: VAR_TYPE = 'data' and UNITS.strip() = ''.
  Fsnr6_plasma: VAR_TYPE = 'data' and UNITS.strip() = ''.
IBEX_H3_ENA_HI_R07_NOCG_NOSP_ANTIRAM_1YR | ISTP.UNITS.Empty:
  Fsnr2: VAR_TYPE = 'data' and UNITS.strip() = ''.
  Fsnr2_plasma: VAR_TYPE = 'data' and UNITS.strip() = ''.
  Fsnr3: VAR_TYPE = 'data' and UNITS.strip() = ''.
  Fsnr3_plasma: VAR_TYPE = 'data' and UNITS.strip() = ''.
  Fsnr4: VAR_TYPE = 'data' and UNITS.strip() = ''.
  Fsnr4_plasma: VAR_TYPE = 'data' and UNITS.strip() = ''.
  Fsnr5: VAR_TYPE = 'data' and UNITS.strip() = ''.
  Fsnr5_plasma: VAR_TYPE = 'data' and UNITS.strip() = ''.
  Fsnr6: VAR_TYPE = 'data' and UNITS.strip() = ''.
  Fsnr6_plasma: VAR_TYPE = 'data' and UNITS.strip() = ''.
IBEX_H3_ENA_HI_R07_NOCG_NOSP_ANTIRAM_VESCF_5YR | ISTP.UNITS.Empty:
  Fsnr2: VAR_TYPE = 'data' and UNITS.strip() = ''.
  Fsnr2_plasma: VAR_TYPE = 'data' and UNITS.strip() = ''.
  Fsnr3: VAR_TYPE = 'data' and UNITS.strip() = ''.
  Fsnr3_plasma: VAR_TYPE = 'data' and UNITS.strip() = ''.
  Fsnr4: VAR_TYPE = 'data' and UNITS.strip() = ''.
  Fsnr4_plasma: VAR_TYPE = 'data' and UNITS.strip() = ''.
  Fsnr5: VAR_TYPE = 'data' and UNITS.strip() = ''.
  Fsnr5_plasma: VAR_TYPE = 'data' and UNITS.strip() = ''.
  Fsnr6: VAR_TYPE = 'data' and UNITS.strip() = ''.
  Fsnr6_plasma: VAR_TYPE = 'data' and UNITS.strip() = ''.
IBEX_H3_ENA_HI_R07_NOCG_NOSP_OMNI_6MO | ISTP.UNITS.Empty:
  Fsnr2: VAR_TYPE = 'data' and UNITS.strip() = ''.
  Fsnr2_plasma: VAR_TYPE = 'data' and UNITS.strip() = ''.
  Fsnr3: VAR_TYPE = 'data' and UNITS.strip() = ''.
  Fsnr3_plasma: VAR_TYPE = 'data' and UNITS.strip() = ''.
  Fsnr4: VAR_TYPE = 'data' and UNITS.strip() = ''.
  Fsnr4_plasma: VAR_TYPE = 'data' and UNITS.strip() = ''.
  Fsnr5: VAR_TYPE = 'data' and UNITS.strip() = ''.
  Fsnr5_plasma: VAR_TYPE = 'data' and UNITS.strip() = ''.
  Fsnr6: VAR_TYPE = 'data' and UNITS.strip() = ''.
  Fsnr6_plasma: VAR_TYPE = 'data' and UNITS.strip() = ''.
IBEX_H3_ENA_HI_R07_NOCG_NOSP_OMNI_VESCF_10MP | ISTP.UNITS.Empty:
  Fsnr2: VAR_TYPE = 'data' and UNITS.strip() = ''.
  Fsnr2_plasma: VAR_TYPE = 'data' and UNITS.strip() = ''.
  Fsnr3: VAR_TYPE = 'data' and UNITS.strip() = ''.
  Fsnr3_plasma: VAR_TYPE = 'data' and UNITS.strip() = ''.
  Fsnr4: VAR_TYPE = 'data' and UNITS.strip() = ''.
  Fsnr4_plasma: VAR_TYPE = 'data' and UNITS.strip() = ''.
  Fsnr5: VAR_TYPE = 'data' and UNITS.strip() = ''.
  Fsnr5_plasma: VAR_TYPE = 'data' and UNITS.strip() = ''.
  Fsnr6: VAR_TYPE = 'data' and UNITS.strip() = ''.
  Fsnr6_plasma: VAR_TYPE = 'data' and UNITS.strip() = ''.
IBEX_H3_ENA_HI_R07_NOCG_NOSP_RAM_1YR | ISTP.UNITS.Empty:
  Fsnr2: VAR_TYPE = 'data' and UNITS.strip() = ''.
  Fsnr2_plasma: VAR_TYPE = 'data' and UNITS.strip() = ''.
  Fsnr3: VAR_TYPE = 'data' and UNITS.strip() = ''.
  Fsnr3_plasma: VAR_TYPE = 'data' and UNITS.strip() = ''.
  Fsnr4: VAR_TYPE = 'data' and UNITS.strip() = ''.
  Fsnr4_plasma: VAR_TYPE = 'data' and UNITS.strip() = ''.
  Fsnr5: VAR_TYPE = 'data' and UNITS.strip() = ''.
  Fsnr5_plasma: VAR_TYPE = 'data' and UNITS.strip() = ''.
  Fsnr6: VAR_TYPE = 'data' and UNITS.strip() = ''.
  Fsnr6_plasma: VAR_TYPE = 'data' and UNITS.strip() = ''.
IBEX_H3_ENA_HI_R07_NOCG_NOSP_RAM_VEIF_5YR | ISTP.UNITS.Empty:
  Fsnr2: VAR_TYPE = 'data' and UNITS.strip() = ''.
  Fsnr2_plasma: VAR_TYPE = 'data' and UNITS.strip() = ''.
  Fsnr3: VAR_TYPE = 'data' and UNITS.strip() = ''.
  Fsnr3_plasma: VAR_TYPE = 'data' and UNITS.strip() = ''.
  Fsnr4: VAR_TYPE = 'data' and UNITS.strip() = ''.
  Fsnr4_plasma: VAR_TYPE = 'data' and UNITS.strip() = ''.
  Fsnr5: VAR_TYPE = 'data' and UNITS.strip() = ''.
  Fsnr5_plasma: VAR_TYPE = 'data' and UNITS.strip() = ''.
  Fsnr6: VAR_TYPE = 'data' and UNITS.strip() = ''.
  Fsnr6_plasma: VAR_TYPE = 'data' and UNITS.strip() = ''.
IBEX_H3_ENA_HI_R07_NOCG_SP_ANTIRAM_1YR | ISTP.UNITS.Empty:
  Fsnr2: VAR_TYPE = 'data' and UNITS.strip() = ''.
  Fsnr2_plasma: VAR_TYPE = 'data' and UNITS.strip() = ''.
  Fsnr3: VAR_TYPE = 'data' and UNITS.strip() = ''.
  Fsnr3_plasma: VAR_TYPE = 'data' and UNITS.strip() = ''.
  Fsnr4: VAR_TYPE = 'data' and UNITS.strip() = ''.
  Fsnr4_plasma: VAR_TYPE = 'data' and UNITS.strip() = ''.
  Fsnr5: VAR_TYPE = 'data' and UNITS.strip() = ''.
  Fsnr5_plasma: VAR_TYPE = 'data' and UNITS.strip() = ''.
  Fsnr6: VAR_TYPE = 'data' and UNITS.strip() = ''.
  Fsnr6_plasma: VAR_TYPE = 'data' and UNITS.strip() = ''.
IBEX_H3_ENA_HI_R07_NOCG_SP_ANTIRAM_VESCF_5YR | ISTP.UNITS.Empty:
  Fsnr2: VAR_TYPE = 'data' and UNITS.strip() = ''.
  Fsnr2_plasma: VAR_TYPE = 'data' and UNITS.strip() = ''.
  Fsnr3: VAR_TYPE = 'data' and UNITS.strip() = ''.
  Fsnr3_plasma: VAR_TYPE = 'data' and UNITS.strip() = ''.
  Fsnr4: VAR_TYPE = 'data' and UNITS.strip() = ''.
  Fsnr4_plasma: VAR_TYPE = 'data' and UNITS.strip() = ''.
  Fsnr5: VAR_TYPE = 'data' and UNITS.strip() = ''.
  Fsnr5_plasma: VAR_TYPE = 'data' and UNITS.strip() = ''.
  Fsnr6: VAR_TYPE = 'data' and UNITS.strip() = ''.
  Fsnr6_plasma: VAR_TYPE = 'data' and UNITS.strip() = ''.
IBEX_H3_ENA_HI_R07_NOCG_SP_OMNI_6MO | ISTP.UNITS.Empty:
  Fsnr2: VAR_TYPE = 'data' and UNITS.strip() = ''.
  Fsnr2_plasma: VAR_TYPE = 'data' and UNITS.strip() = ''.
  Fsnr3: VAR_TYPE = 'data' and UNITS.strip() = ''.
  Fsnr3_plasma: VAR_TYPE = 'data' and UNITS.strip() = ''.
  Fsnr4: VAR_TYPE = 'data' and UNITS.strip() = ''.
  Fsnr4_plasma: VAR_TYPE = 'data' and UNITS.strip() = ''.
  Fsnr5: VAR_TYPE = 'data' and UNITS.strip() = ''.
  Fsnr5_plasma: VAR_TYPE = 'data' and UNITS.strip() = ''.
  Fsnr6: VAR_TYPE = 'data' and UNITS.strip() = ''.
  Fsnr6_plasma: VAR_TYPE = 'data' and UNITS.strip() = ''.
IBEX_H3_ENA_HI_R07_NOCG_SP_OMNI_VESCF_10MP | ISTP.UNITS.Empty:
  Fsnr2: VAR_TYPE = 'data' and UNITS.strip() = ''.
  Fsnr2_plasma: VAR_TYPE = 'data' and UNITS.strip() = ''.
  Fsnr3: VAR_TYPE = 'data' and UNITS.strip() = ''.
  Fsnr3_plasma: VAR_TYPE = 'data' and UNITS.strip() = ''.
  Fsnr4: VAR_TYPE = 'data' and UNITS.strip() = ''.
  Fsnr4_plasma: VAR_TYPE = 'data' and UNITS.strip() = ''.
  Fsnr5: VAR_TYPE = 'data' and UNITS.strip() = ''.
  Fsnr5_plasma: VAR_TYPE = 'data' and UNITS.strip() = ''.
  Fsnr6: VAR_TYPE = 'data' and UNITS.strip() = ''.
  Fsnr6_plasma: VAR_TYPE = 'data' and UNITS.strip() = ''.
IBEX_H3_ENA_HI_R07_NOCG_SP_RAM_1YR | ISTP.UNITS.Empty:
  Fsnr2: VAR_TYPE = 'data' and UNITS.strip() = ''.
  Fsnr2_plasma: VAR_TYPE = 'data' and UNITS.strip() = ''.
  Fsnr3: VAR_TYPE = 'data' and UNITS.strip() = ''.
  Fsnr3_plasma: VAR_TYPE = 'data' and UNITS.strip() = ''.
  Fsnr4: VAR_TYPE = 'data' and UNITS.strip() = ''.
  Fsnr4_plasma: VAR_TYPE = 'data' and UNITS.strip() = ''.
  Fsnr5: VAR_TYPE = 'data' and UNITS.strip() = ''.
  Fsnr5_plasma: VAR_TYPE = 'data' and UNITS.strip() = ''.
  Fsnr6: VAR_TYPE = 'data' and UNITS.strip() = ''.
  Fsnr6_plasma: VAR_TYPE = 'data' and UNITS.strip() = ''.
IBEX_H3_ENA_HI_R07_NOCG_SP_RAM_VESCF_5YR | ISTP.UNITS.Empty:
  Fsnr2: VAR_TYPE = 'data' and UNITS.strip() = ''.
  Fsnr2_plasma: VAR_TYPE = 'data' and UNITS.strip() = ''.
  Fsnr3: VAR_TYPE = 'data' and UNITS.strip() = ''.
  Fsnr3_plasma: VAR_TYPE = 'data' and UNITS.strip() = ''.
  Fsnr4: VAR_TYPE = 'data' and UNITS.strip() = ''.
  Fsnr4_plasma: VAR_TYPE = 'data' and UNITS.strip() = ''.
  Fsnr5: VAR_TYPE = 'data' and UNITS.strip() = ''.
  Fsnr5_plasma: VAR_TYPE = 'data' and UNITS.strip() = ''.
  Fsnr6: VAR_TYPE = 'data' and UNITS.strip() = ''.
  Fsnr6_plasma: VAR_TYPE = 'data' and UNITS.strip() = ''.
IBEX_H3_ENA_HI_R10_CG_NOSP_ANTIRAM_1YR | ISTP.UNITS.Empty:
  Fsnr2: VAR_TYPE = 'data' and UNITS.strip() = ''.
  Fsnr2_plasma: VAR_TYPE = 'data' and UNITS.strip() = ''.
  Fsnr3: VAR_TYPE = 'data' and UNITS.strip() = ''.
  Fsnr3_plasma: VAR_TYPE = 'data' and UNITS.strip() = ''.
  Fsnr4: VAR_TYPE = 'data' and UNITS.strip() = ''.
  Fsnr4_plasma: VAR_TYPE = 'data' and UNITS.strip() = ''.
  Fsnr5: VAR_TYPE = 'data' and UNITS.strip() = ''.
  Fsnr5_plasma: VAR_TYPE = 'data' and UNITS.strip() = ''.
  Fsnr6: VAR_TYPE = 'data' and UNITS.strip() = ''.
  Fsnr6_plasma: VAR_TYPE = 'data' and UNITS.strip() = ''.
IBEX_H3_ENA_HI_R10_CG_NOSP_ANTIRAM_7YR | ISTP.UNITS.Empty:
  Fsnr2: VAR_TYPE = 'data' and UNITS.strip() = ''.
  Fsnr2_plasma: VAR_TYPE = 'data' and UNITS.strip() = ''.
  Fsnr3: VAR_TYPE = 'data' and UNITS.strip() = ''.
  Fsnr3_plasma: VAR_TYPE = 'data' and UNITS.strip() = ''.
  Fsnr4: VAR_TYPE = 'data' and UNITS.strip() = ''.
  Fsnr4_plasma: VAR_TYPE = 'data' and UNITS.strip() = ''.
  Fsnr5: VAR_TYPE = 'data' and UNITS.strip() = ''.
  Fsnr5_plasma: VAR_TYPE = 'data' and UNITS.strip() = ''.
  Fsnr6: VAR_TYPE = 'data' and UNITS.strip() = ''.
  Fsnr6_plasma: VAR_TYPE = 'data' and UNITS.strip() = ''.
IBEX_H3_ENA_HI_R10_CG_NOSP_OMNI_6MO | ISTP.UNITS.Empty:
  Fsnr2: VAR_TYPE = 'data' and UNITS.strip() = ''.
  Fsnr2_plasma: VAR_TYPE = 'data' and UNITS.strip() = ''.
  Fsnr3: VAR_TYPE = 'data' and UNITS.strip() = ''.
  Fsnr3_plasma: VAR_TYPE = 'data' and UNITS.strip() = ''.
  Fsnr4: VAR_TYPE = 'data' and UNITS.strip() = ''.
  Fsnr4_plasma: VAR_TYPE = 'data' and UNITS.strip() = ''.
  Fsnr5: VAR_TYPE = 'data' and UNITS.strip() = ''.
  Fsnr5_plasma: VAR_TYPE = 'data' and UNITS.strip() = ''.
  Fsnr6: VAR_TYPE = 'data' and UNITS.strip() = ''.
  Fsnr6_plasma: VAR_TYPE = 'data' and UNITS.strip() = ''.
IBEX_H3_ENA_HI_R10_CG_NOSP_OMNI_7YR | ISTP.UNITS.Empty:
  Fsnr2: VAR_TYPE = 'data' and UNITS.strip() = ''.
  Fsnr2_plasma: VAR_TYPE = 'data' and UNITS.strip() = ''.
  Fsnr3: VAR_TYPE = 'data' and UNITS.strip() = ''.
  Fsnr3_plasma: VAR_TYPE = 'data' and UNITS.strip() = ''.
  Fsnr4: VAR_TYPE = 'data' and UNITS.strip() = ''.
  Fsnr4_plasma: VAR_TYPE = 'data' and UNITS.strip() = ''.
  Fsnr5: VAR_TYPE = 'data' and UNITS.strip() = ''.
  Fsnr5_plasma: VAR_TYPE = 'data' and UNITS.strip() = ''.
  Fsnr6: VAR_TYPE = 'data' and UNITS.strip() = ''.
  Fsnr6_plasma: VAR_TYPE = 'data' and UNITS.strip() = ''.
IBEX_H3_ENA_HI_R10_CG_NOSP_RAM_1YR | ISTP.UNITS.Empty:
  Fsnr2: VAR_TYPE = 'data' and UNITS.strip() = ''.
  Fsnr2_plasma: VAR_TYPE = 'data' and UNITS.strip() = ''.
  Fsnr3: VAR_TYPE = 'data' and UNITS.strip() = ''.
  Fsnr3_plasma: VAR_TYPE = 'data' and UNITS.strip() = ''.
  Fsnr4: VAR_TYPE = 'data' and UNITS.strip() = ''.
  Fsnr4_plasma: VAR_TYPE = 'data' and UNITS.strip() = ''.
  Fsnr5: VAR_TYPE = 'data' and UNITS.strip() = ''.
  Fsnr5_plasma: VAR_TYPE = 'data' and UNITS.strip() = ''.
  Fsnr6: VAR_TYPE = 'data' and UNITS.strip() = ''.
  Fsnr6_plasma: VAR_TYPE = 'data' and UNITS.strip() = ''.
IBEX_H3_ENA_HI_R10_CG_NOSP_RAM_7YR | ISTP.UNITS.Empty:
  Fsnr2: VAR_TYPE = 'data' and UNITS.strip() = ''.
  Fsnr2_plasma: VAR_TYPE = 'data' and UNITS.strip() = ''.
  Fsnr3: VAR_TYPE = 'data' and UNITS.strip() = ''.
  Fsnr3_plasma: VAR_TYPE = 'data' and UNITS.strip() = ''.
  Fsnr4: VAR_TYPE = 'data' and UNITS.strip() = ''.
  Fsnr4_plasma: VAR_TYPE = 'data' and UNITS.strip() = ''.
  Fsnr5: VAR_TYPE = 'data' and UNITS.strip() = ''.
  Fsnr5_plasma: VAR_TYPE = 'data' and UNITS.strip() = ''.
  Fsnr6: VAR_TYPE = 'data' and UNITS.strip() = ''.
  Fsnr6_plasma: VAR_TYPE = 'data' and UNITS.strip() = ''.
IBEX_H3_ENA_HI_R10_CG_SP_ANTIRAM_1YR | ISTP.UNITS.Empty:
  Fsnr2: VAR_TYPE = 'data' and UNITS.strip() = ''.
  Fsnr2_plasma: VAR_TYPE = 'data' and UNITS.strip() = ''.
  Fsnr3: VAR_TYPE = 'data' and UNITS.strip() = ''.
  Fsnr3_plasma: VAR_TYPE = 'data' and UNITS.strip() = ''.
  Fsnr4: VAR_TYPE = 'data' and UNITS.strip() = ''.
  Fsnr4_plasma: VAR_TYPE = 'data' and UNITS.strip() = ''.
  Fsnr5: VAR_TYPE = 'data' and UNITS.strip() = ''.
  Fsnr5_plasma: VAR_TYPE = 'data' and UNITS.strip() = ''.
  Fsnr6: VAR_TYPE = 'data' and UNITS.strip() = ''.
  Fsnr6_plasma: VAR_TYPE = 'data' and UNITS.strip() = ''.
IBEX_H3_ENA_HI_R10_CG_SP_ANTIRAM_7YR | ISTP.UNITS.Empty:
  Fsnr2: VAR_TYPE = 'data' and UNITS.strip() = ''.
  Fsnr2_plasma: VAR_TYPE = 'data' and UNITS.strip() = ''.
  Fsnr3: VAR_TYPE = 'data' and UNITS.strip() = ''.
  Fsnr3_plasma: VAR_TYPE = 'data' and UNITS.strip() = ''.
  Fsnr4: VAR_TYPE = 'data' and UNITS.strip() = ''.
  Fsnr4_plasma: VAR_TYPE = 'data' and UNITS.strip() = ''.
  Fsnr5: VAR_TYPE = 'data' and UNITS.strip() = ''.
  Fsnr5_plasma: VAR_TYPE = 'data' and UNITS.strip() = ''.
  Fsnr6: VAR_TYPE = 'data' and UNITS.strip() = ''.
  Fsnr6_plasma: VAR_TYPE = 'data' and UNITS.strip() = ''.
IBEX_H3_ENA_HI_R10_CG_SP_OMNI_6MO | ISTP.UNITS.Empty:
  Fsnr2: VAR_TYPE = 'data' and UNITS.strip() = ''.
  Fsnr2_plasma: VAR_TYPE = 'data' and UNITS.strip() = ''.
  Fsnr3: VAR_TYPE = 'data' and UNITS.strip() = ''.
  Fsnr3_plasma: VAR_TYPE = 'data' and UNITS.strip() = ''.
  Fsnr4: VAR_TYPE = 'data' and UNITS.strip() = ''.
  Fsnr4_plasma: VAR_TYPE = 'data' and UNITS.strip() = ''.
  Fsnr5: VAR_TYPE = 'data' and UNITS.strip() = ''.
  Fsnr5_plasma: VAR_TYPE = 'data' and UNITS.strip() = ''.
  Fsnr6: VAR_TYPE = 'data' and UNITS.strip() = ''.
  Fsnr6_plasma: VAR_TYPE = 'data' and UNITS.strip() = ''.
IBEX_H3_ENA_HI_R10_CG_SP_OMNI_7YR | ISTP.UNITS.Empty:
  Fsnr2: VAR_TYPE = 'data' and UNITS.strip() = ''.
  Fsnr2_plasma: VAR_TYPE = 'data' and UNITS.strip() = ''.
  Fsnr3: VAR_TYPE = 'data' and UNITS.strip() = ''.
  Fsnr3_plasma: VAR_TYPE = 'data' and UNITS.strip() = ''.
  Fsnr4: VAR_TYPE = 'data' and UNITS.strip() = ''.
  Fsnr4_plasma: VAR_TYPE = 'data' and UNITS.strip() = ''.
  Fsnr5: VAR_TYPE = 'data' and UNITS.strip() = ''.
  Fsnr5_plasma: VAR_TYPE = 'data' and UNITS.strip() = ''.
  Fsnr6: VAR_TYPE = 'data' and UNITS.strip() = ''.
  Fsnr6_plasma: VAR_TYPE = 'data' and UNITS.strip() = ''.
IBEX_H3_ENA_HI_R10_CG_SP_RAM_1YR | ISTP.UNITS.Empty:
  Fsnr2: VAR_TYPE = 'data' and UNITS.strip() = ''.
  Fsnr2_plasma: VAR_TYPE = 'data' and UNITS.strip() = ''.
  Fsnr3: VAR_TYPE = 'data' and UNITS.strip() = ''.
  Fsnr3_plasma: VAR_TYPE = 'data' and UNITS.strip() = ''.
  Fsnr4: VAR_TYPE = 'data' and UNITS.strip() = ''.
  Fsnr4_plasma: VAR_TYPE = 'data' and UNITS.strip() = ''.
  Fsnr5: VAR_TYPE = 'data' and UNITS.strip() = ''.
  Fsnr5_plasma: VAR_TYPE = 'data' and UNITS.strip() = ''.
  Fsnr6: VAR_TYPE = 'data' and UNITS.strip() = ''.
  Fsnr6_plasma: VAR_TYPE = 'data' and UNITS.strip() = ''.
IBEX_H3_ENA_HI_R10_CG_SP_RAM_7YR | ISTP.UNITS.Empty:
  Fsnr2: VAR_TYPE = 'data' and UNITS.strip() = ''.
  Fsnr2_plasma: VAR_TYPE = 'data' and UNITS.strip() = ''.
  Fsnr3: VAR_TYPE = 'data' and UNITS.strip() = ''.
  Fsnr3_plasma: VAR_TYPE = 'data' and UNITS.strip() = ''.
  Fsnr4: VAR_TYPE = 'data' and UNITS.strip() = ''.
  Fsnr4_plasma: VAR_TYPE = 'data' and UNITS.strip() = ''.
  Fsnr5: VAR_TYPE = 'data' and UNITS.strip() = ''.
  Fsnr5_plasma: VAR_TYPE = 'data' and UNITS.strip() = ''.
  Fsnr6: VAR_TYPE = 'data' and UNITS.strip() = ''.
  Fsnr6_plasma: VAR_TYPE = 'data' and UNITS.strip() = ''.
IBEX_H3_ENA_HI_R10_NOCG_NOSP_ANTIRAM_1YR | ISTP.UNITS.Empty:
  Fsnr2: VAR_TYPE = 'data' and UNITS.strip() = ''.
  Fsnr2_plasma: VAR_TYPE = 'data' and UNITS.strip() = ''.
  Fsnr3: VAR_TYPE = 'data' and UNITS.strip() = ''.
  Fsnr3_plasma: VAR_TYPE = 'data' and UNITS.strip() = ''.
  Fsnr4: VAR_TYPE = 'data' and UNITS.strip() = ''.
  Fsnr4_plasma: VAR_TYPE = 'data' and UNITS.strip() = ''.
  Fsnr5: VAR_TYPE = 'data' and UNITS.strip() = ''.
  Fsnr5_plasma: VAR_TYPE = 'data' and UNITS.strip() = ''.
  Fsnr6: VAR_TYPE = 'data' and UNITS.strip() = ''.
  Fsnr6_plasma: VAR_TYPE = 'data' and UNITS.strip() = ''.
IBEX_H3_ENA_HI_R10_NOCG_NOSP_ANTIRAM_7YR | ISTP.UNITS.Empty:
  Fsnr2: VAR_TYPE = 'data' and UNITS.strip() = ''.
  Fsnr2_plasma: VAR_TYPE = 'data' and UNITS.strip() = ''.
  Fsnr3: VAR_TYPE = 'data' and UNITS.strip() = ''.
  Fsnr3_plasma: VAR_TYPE = 'data' and UNITS.strip() = ''.
  Fsnr4: VAR_TYPE = 'data' and UNITS.strip() = ''.
  Fsnr4_plasma: VAR_TYPE = 'data' and UNITS.strip() = ''.
  Fsnr5: VAR_TYPE = 'data' and UNITS.strip() = ''.
  Fsnr5_plasma: VAR_TYPE = 'data' and UNITS.strip() = ''.
  Fsnr6: VAR_TYPE = 'data' and UNITS.strip() = ''.
  Fsnr6_plasma: VAR_TYPE = 'data' and UNITS.strip() = ''.
IBEX_H3_ENA_HI_R10_NOCG_NOSP_OMNI_6MO | ISTP.UNITS.Empty:
  Fsnr2: VAR_TYPE = 'data' and UNITS.strip() = ''.
  Fsnr2_plasma: VAR_TYPE = 'data' and UNITS.strip() = ''.
  Fsnr3: VAR_TYPE = 'data' and UNITS.strip() = ''.
  Fsnr3_plasma: VAR_TYPE = 'data' and UNITS.strip() = ''.
  Fsnr4: VAR_TYPE = 'data' and UNITS.strip() = ''.
  Fsnr4_plasma: VAR_TYPE = 'data' and UNITS.strip() = ''.
  Fsnr5: VAR_TYPE = 'data' and UNITS.strip() = ''.
  Fsnr5_plasma: VAR_TYPE = 'data' and UNITS.strip() = ''.
  Fsnr6: VAR_TYPE = 'data' and UNITS.strip() = ''.
  Fsnr6_plasma: VAR_TYPE = 'data' and UNITS.strip() = ''.
IBEX_H3_ENA_HI_R10_NOCG_NOSP_OMNI_7YR | ISTP.UNITS.Empty:
  Fsnr2: VAR_TYPE = 'data' and UNITS.strip() = ''.
  Fsnr2_plasma: VAR_TYPE = 'data' and UNITS.strip() = ''.
  Fsnr3: VAR_TYPE = 'data' and UNITS.strip() = ''.
  Fsnr3_plasma: VAR_TYPE = 'data' and UNITS.strip() = ''.
  Fsnr4: VAR_TYPE = 'data' and UNITS.strip() = ''.
  Fsnr4_plasma: VAR_TYPE = 'data' and UNITS.strip() = ''.
  Fsnr5: VAR_TYPE = 'data' and UNITS.strip() = ''.
  Fsnr5_plasma: VAR_TYPE = 'data' and UNITS.strip() = ''.
  Fsnr6: VAR_TYPE = 'data' and UNITS.strip() = ''.
  Fsnr6_plasma: VAR_TYPE = 'data' and UNITS.strip() = ''.
IBEX_H3_ENA_HI_R10_NOCG_NOSP_RAM_1YR | ISTP.UNITS.Empty:
  Fsnr2: VAR_TYPE = 'data' and UNITS.strip() = ''.
  Fsnr2_plasma: VAR_TYPE = 'data' and UNITS.strip() = ''.
  Fsnr3: VAR_TYPE = 'data' and UNITS.strip() = ''.
  Fsnr3_plasma: VAR_TYPE = 'data' and UNITS.strip() = ''.
  Fsnr4: VAR_TYPE = 'data' and UNITS.strip() = ''.
  Fsnr4_plasma: VAR_TYPE = 'data' and UNITS.strip() = ''.
  Fsnr5: VAR_TYPE = 'data' and UNITS.strip() = ''.
  Fsnr5_plasma: VAR_TYPE = 'data' and UNITS.strip() = ''.
  Fsnr6: VAR_TYPE = 'data' and UNITS.strip() = ''.
  Fsnr6_plasma: VAR_TYPE = 'data' and UNITS.strip() = ''.
IBEX_H3_ENA_HI_R10_NOCG_SP_ANTIRAM_1YR | ISTP.UNITS.Empty:
  Fsnr2: VAR_TYPE = 'data' and UNITS.strip() = ''.
  Fsnr2_plasma: VAR_TYPE = 'data' and UNITS.strip() = ''.
  Fsnr3: VAR_TYPE = 'data' and UNITS.strip() = ''.
  Fsnr3_plasma: VAR_TYPE = 'data' and UNITS.strip() = ''.
  Fsnr4: VAR_TYPE = 'data' and UNITS.strip() = ''.
  Fsnr4_plasma: VAR_TYPE = 'data' and UNITS.strip() = ''.
  Fsnr5: VAR_TYPE = 'data' and UNITS.strip() = ''.
  Fsnr5_plasma: VAR_TYPE = 'data' and UNITS.strip() = ''.
  Fsnr6: VAR_TYPE = 'data' and UNITS.strip() = ''.
  Fsnr6_plasma: VAR_TYPE = 'data' and UNITS.strip() = ''.
IBEX_H3_ENA_HI_R10_NOCG_SP_ANTIRAM_7YR | ISTP.UNITS.Empty:
  Fsnr2: VAR_TYPE = 'data' and UNITS.strip() = ''.
  Fsnr2_plasma: VAR_TYPE = 'data' and UNITS.strip() = ''.
  Fsnr3: VAR_TYPE = 'data' and UNITS.strip() = ''.
  Fsnr3_plasma: VAR_TYPE = 'data' and UNITS.strip() = ''.
  Fsnr4: VAR_TYPE = 'data' and UNITS.strip() = ''.
  Fsnr4_plasma: VAR_TYPE = 'data' and UNITS.strip() = ''.
  Fsnr5: VAR_TYPE = 'data' and UNITS.strip() = ''.
  Fsnr5_plasma: VAR_TYPE = 'data' and UNITS.strip() = ''.
  Fsnr6: VAR_TYPE = 'data' and UNITS.strip() = ''.
  Fsnr6_plasma: VAR_TYPE = 'data' and UNITS.strip() = ''.
IBEX_H3_ENA_HI_R10_NOCG_SP_OMNI_6MO | ISTP.UNITS.Empty:
  Fsnr2: VAR_TYPE = 'data' and UNITS.strip() = ''.
  Fsnr2_plasma: VAR_TYPE = 'data' and UNITS.strip() = ''.
  Fsnr3: VAR_TYPE = 'data' and UNITS.strip() = ''.
  Fsnr3_plasma: VAR_TYPE = 'data' and UNITS.strip() = ''.
  Fsnr4: VAR_TYPE = 'data' and UNITS.strip() = ''.
  Fsnr4_plasma: VAR_TYPE = 'data' and UNITS.strip() = ''.
  Fsnr5: VAR_TYPE = 'data' and UNITS.strip() = ''.
  Fsnr5_plasma: VAR_TYPE = 'data' and UNITS.strip() = ''.
  Fsnr6: VAR_TYPE = 'data' and UNITS.strip() = ''.
  Fsnr6_plasma: VAR_TYPE = 'data' and UNITS.strip() = ''.
IBEX_H3_ENA_HI_R10_NOCG_SP_OMNI_7YR | ISTP.UNITS.Empty:
  Fsnr2: VAR_TYPE = 'data' and UNITS.strip() = ''.
  Fsnr2_plasma: VAR_TYPE = 'data' and UNITS.strip() = ''.
  Fsnr3: VAR_TYPE = 'data' and UNITS.strip() = ''.
  Fsnr3_plasma: VAR_TYPE = 'data' and UNITS.strip() = ''.
  Fsnr4: VAR_TYPE = 'data' and UNITS.strip() = ''.
  Fsnr4_plasma: VAR_TYPE = 'data' and UNITS.strip() = ''.
  Fsnr5: VAR_TYPE = 'data' and UNITS.strip() = ''.
  Fsnr5_plasma: VAR_TYPE = 'data' and UNITS.strip() = ''.
  Fsnr6: VAR_TYPE = 'data' and UNITS.strip() = ''.
  Fsnr6_plasma: VAR_TYPE = 'data' and UNITS.strip() = ''.
IBEX_H3_ENA_HI_R10_NOCG_SP_RAM_1YR | ISTP.UNITS.Empty:
  Fsnr2: VAR_TYPE = 'data' and UNITS.strip() = ''.
  Fsnr2_plasma: VAR_TYPE = 'data' and UNITS.strip() = ''.
  Fsnr3: VAR_TYPE = 'data' and UNITS.strip() = ''.
  Fsnr3_plasma: VAR_TYPE = 'data' and UNITS.strip() = ''.
  Fsnr4: VAR_TYPE = 'data' and UNITS.strip() = ''.
  Fsnr4_plasma: VAR_TYPE = 'data' and UNITS.strip() = ''.
  Fsnr5: VAR_TYPE = 'data' and UNITS.strip() = ''.
  Fsnr5_plasma: VAR_TYPE = 'data' and UNITS.strip() = ''.
  Fsnr6: VAR_TYPE = 'data' and UNITS.strip() = ''.
  Fsnr6_plasma: VAR_TYPE = 'data' and UNITS.strip() = ''.
IBEX_H3_ENA_HI_R13_CG_NOSP_ANTIRAM_1YR | ISTP.UNITS.Empty:
  Fsnr2: VAR_TYPE = 'data' and UNITS.strip() = ''.
  Fsnr2_plasma: VAR_TYPE = 'data' and UNITS.strip() = ''.
  Fsnr3: VAR_TYPE = 'data' and UNITS.strip() = ''.
  Fsnr3_plasma: VAR_TYPE = 'data' and UNITS.strip() = ''.
  Fsnr4: VAR_TYPE = 'data' and UNITS.strip() = ''.
  Fsnr4_plasma: VAR_TYPE = 'data' and UNITS.strip() = ''.
  Fsnr5: VAR_TYPE = 'data' and UNITS.strip() = ''.
  Fsnr5_plasma: VAR_TYPE = 'data' and UNITS.strip() = ''.
  Fsnr6: VAR_TYPE = 'data' and UNITS.strip() = ''.
  Fsnr6_plasma: VAR_TYPE = 'data' and UNITS.strip() = ''.
IBEX_H3_ENA_HI_R13_CG_NOSP_RAM_1YR | ISTP.UNITS.Empty:
  Fsnr2: VAR_TYPE = 'data' and UNITS.strip() = ''.
  Fsnr2_plasma: VAR_TYPE = 'data' and UNITS.strip() = ''.
  Fsnr3: VAR_TYPE = 'data' and UNITS.strip() = ''.
  Fsnr3_plasma: VAR_TYPE = 'data' and UNITS.strip() = ''.
  Fsnr4: VAR_TYPE = 'data' and UNITS.strip() = ''.
  Fsnr4_plasma: VAR_TYPE = 'data' and UNITS.strip() = ''.
  Fsnr5: VAR_TYPE = 'data' and UNITS.strip() = ''.
  Fsnr5_plasma: VAR_TYPE = 'data' and UNITS.strip() = ''.
  Fsnr6: VAR_TYPE = 'data' and UNITS.strip() = ''.
  Fsnr6_plasma: VAR_TYPE = 'data' and UNITS.strip() = ''.
IBEX_H3_ENA_HI_R16_CG_NOSP_ANTIRAM_11YR | ISTP.UNITS.Empty:
  Fsnr2: VAR_TYPE = 'data' and UNITS.strip() = ''.
  Fsnr2_plasma: VAR_TYPE = 'data' and UNITS.strip() = ''.
  Fsnr3: VAR_TYPE = 'data' and UNITS.strip() = ''.
  Fsnr3_plasma: VAR_TYPE = 'data' and UNITS.strip() = ''.
  Fsnr4: VAR_TYPE = 'data' and UNITS.strip() = ''.
  Fsnr4_plasma: VAR_TYPE = 'data' and UNITS.strip() = ''.
  Fsnr5: VAR_TYPE = 'data' and UNITS.strip() = ''.
  Fsnr5_plasma: VAR_TYPE = 'data' and UNITS.strip() = ''.
  Fsnr6: VAR_TYPE = 'data' and UNITS.strip() = ''.
  Fsnr6_plasma: VAR_TYPE = 'data' and UNITS.strip() = ''.
IBEX_H3_ENA_HI_R16_CG_NOSP_ANTIRAM_1YR | ISTP.UNITS.Empty:
  Fsnr2: VAR_TYPE = 'data' and UNITS.strip() = ''.
  Fsnr2_plasma: VAR_TYPE = 'data' and UNITS.strip() = ''.
  Fsnr3: VAR_TYPE = 'data' and UNITS.strip() = ''.
  Fsnr3_plasma: VAR_TYPE = 'data' and UNITS.strip() = ''.
  Fsnr4: VAR_TYPE = 'data' and UNITS.strip() = ''.
  Fsnr4_plasma: VAR_TYPE = 'data' and UNITS.strip() = ''.
  Fsnr5: VAR_TYPE = 'data' and UNITS.strip() = ''.
  Fsnr5_plasma: VAR_TYPE = 'data' and UNITS.strip() = ''.
  Fsnr6: VAR_TYPE = 'data' and UNITS.strip() = ''.
  Fsnr6_plasma: VAR_TYPE = 'data' and UNITS.strip() = ''.
IBEX_H3_ENA_HI_R16_CG_NOSP_ANTIRAM_MONO_11YR | ISTP.UNITS.Empty:
  Parm: VAR_TYPE = 'data' and UNITS.strip() = ''.
  Parm_plasma: VAR_TYPE = 'data' and UNITS.strip() = ''.
  Fsnr2: VAR_TYPE = 'data' and UNITS.strip() = ''.
  Fsnr2_plasma: VAR_TYPE = 'data' and UNITS.strip() = ''.
  Fsnr3: VAR_TYPE = 'data' and UNITS.strip() = ''.
  Fsnr3_plasma: VAR_TYPE = 'data' and UNITS.strip() = ''.
  Fsnr4: VAR_TYPE = 'data' and UNITS.strip() = ''.
  Fsnr4_plasma: VAR_TYPE = 'data' and UNITS.strip() = ''.
  Fsnr5: VAR_TYPE = 'data' and UNITS.strip() = ''.
  Fsnr5_plasma: VAR_TYPE = 'data' and UNITS.strip() = ''.
  Fsnr6: VAR_TYPE = 'data' and UNITS.strip() = ''.
  Fsnr6_plasma: VAR_TYPE = 'data' and UNITS.strip() = ''.
IBEX_H3_ENA_HI_R16_CG_NOSP_ANTIRAM_MONO_1YR | ISTP.UNITS.Empty:
  Parm: VAR_TYPE = 'data' and UNITS.strip() = ''.
  Parm_plasma: VAR_TYPE = 'data' and UNITS.strip() = ''.
  Fsnr2: VAR_TYPE = 'data' and UNITS.strip() = ''.
  Fsnr2_plasma: VAR_TYPE = 'data' and UNITS.strip() = ''.
  Fsnr3: VAR_TYPE = 'data' and UNITS.strip() = ''.
  Fsnr3_plasma: VAR_TYPE = 'data' and UNITS.strip() = ''.
  Fsnr4: VAR_TYPE = 'data' and UNITS.strip() = ''.
  Fsnr4_plasma: VAR_TYPE = 'data' and UNITS.strip() = ''.
  Fsnr5: VAR_TYPE = 'data' and UNITS.strip() = ''.
  Fsnr5_plasma: VAR_TYPE = 'data' and UNITS.strip() = ''.
  Fsnr6: VAR_TYPE = 'data' and UNITS.strip() = ''.
  Fsnr6_plasma: VAR_TYPE = 'data' and UNITS.strip() = ''.
IBEX_H3_ENA_HI_R16_CG_NOSP_OMNI_11YR | ISTP.UNITS.Empty:
  Fsnr2: VAR_TYPE = 'data' and UNITS.strip() = ''.
  Fsnr2_plasma: VAR_TYPE = 'data' and UNITS.strip() = ''.
  Fsnr3: VAR_TYPE = 'data' and UNITS.strip() = ''.
  Fsnr3_plasma: VAR_TYPE = 'data' and UNITS.strip() = ''.
  Fsnr4: VAR_TYPE = 'data' and UNITS.strip() = ''.
  Fsnr4_plasma: VAR_TYPE = 'data' and UNITS.strip() = ''.
  Fsnr5: VAR_TYPE = 'data' and UNITS.strip() = ''.
  Fsnr5_plasma: VAR_TYPE = 'data' and UNITS.strip() = ''.
  Fsnr6: VAR_TYPE = 'data' and UNITS.strip() = ''.
  Fsnr6_plasma: VAR_TYPE = 'data' and UNITS.strip() = ''.
IBEX_H3_ENA_HI_R16_CG_NOSP_OMNI_6MO | ISTP.UNITS.Empty:
  Fsnr2: VAR_TYPE = 'data' and UNITS.strip() = ''.
  Fsnr2_plasma: VAR_TYPE = 'data' and UNITS.strip() = ''.
  Fsnr3: VAR_TYPE = 'data' and UNITS.strip() = ''.
  Fsnr3_plasma: VAR_TYPE = 'data' and UNITS.strip() = ''.
  Fsnr4: VAR_TYPE = 'data' and UNITS.strip() = ''.
  Fsnr4_plasma: VAR_TYPE = 'data' and UNITS.strip() = ''.
  Fsnr5: VAR_TYPE = 'data' and UNITS.strip() = ''.
  Fsnr5_plasma: VAR_TYPE = 'data' and UNITS.strip() = ''.
  Fsnr6: VAR_TYPE = 'data' and UNITS.strip() = ''.
  Fsnr6_plasma: VAR_TYPE = 'data' and UNITS.strip() = ''.
IBEX_H3_ENA_HI_R16_CG_NOSP_OMNI_MONO_11YR | ISTP.UNITS.Empty:
  Parm: VAR_TYPE = 'data' and UNITS.strip() = ''.
  Parm_plasma: VAR_TYPE = 'data' and UNITS.strip() = ''.
  Fsnr2: VAR_TYPE = 'data' and UNITS.strip() = ''.
  Fsnr2_plasma: VAR_TYPE = 'data' and UNITS.strip() = ''.
  Fsnr3: VAR_TYPE = 'data' and UNITS.strip() = ''.
  Fsnr3_plasma: VAR_TYPE = 'data' and UNITS.strip() = ''.
  Fsnr4: VAR_TYPE = 'data' and UNITS.strip() = ''.
  Fsnr4_plasma: VAR_TYPE = 'data' and UNITS.strip() = ''.
  Fsnr5: VAR_TYPE = 'data' and UNITS.strip() = ''.
  Fsnr5_plasma: VAR_TYPE = 'data' and UNITS.strip() = ''.
  Fsnr6: VAR_TYPE = 'data' and UNITS.strip() = ''.
  Fsnr6_plasma: VAR_TYPE = 'data' and UNITS.strip() = ''.
IBEX_H3_ENA_HI_R16_CG_NOSP_OMNI_MONO_6MO | ISTP.UNITS.Empty:
  Parm: VAR_TYPE = 'data' and UNITS.strip() = ''.
  Parm_plasma: VAR_TYPE = 'data' and UNITS.strip() = ''.
  Fsnr2: VAR_TYPE = 'data' and UNITS.strip() = ''.
  Fsnr2_plasma: VAR_TYPE = 'data' and UNITS.strip() = ''.
  Fsnr3: VAR_TYPE = 'data' and UNITS.strip() = ''.
  Fsnr3_plasma: VAR_TYPE = 'data' and UNITS.strip() = ''.
  Fsnr4: VAR_TYPE = 'data' and UNITS.strip() = ''.
  Fsnr4_plasma: VAR_TYPE = 'data' and UNITS.strip() = ''.
  Fsnr5: VAR_TYPE = 'data' and UNITS.strip() = ''.
  Fsnr5_plasma: VAR_TYPE = 'data' and UNITS.strip() = ''.
  Fsnr6: VAR_TYPE = 'data' and UNITS.strip() = ''.
  Fsnr6_plasma: VAR_TYPE = 'data' and UNITS.strip() = ''.
IBEX_H3_ENA_HI_R16_CG_NOSP_RAM_11YR | ISTP.UNITS.Empty:
  Fsnr2: VAR_TYPE = 'data' and UNITS.strip() = ''.
  Fsnr2_plasma: VAR_TYPE = 'data' and UNITS.strip() = ''.
  Fsnr3: VAR_TYPE = 'data' and UNITS.strip() = ''.
  Fsnr3_plasma: VAR_TYPE = 'data' and UNITS.strip() = ''.
  Fsnr4: VAR_TYPE = 'data' and UNITS.strip() = ''.
  Fsnr4_plasma: VAR_TYPE = 'data' and UNITS.strip() = ''.
  Fsnr5: VAR_TYPE = 'data' and UNITS.strip() = ''.
  Fsnr5_plasma: VAR_TYPE = 'data' and UNITS.strip() = ''.
  Fsnr6: VAR_TYPE = 'data' and UNITS.strip() = ''.
  Fsnr6_plasma: VAR_TYPE = 'data' and UNITS.strip() = ''.
IBEX_H3_ENA_HI_R16_CG_NOSP_RAM_1YR | ISTP.UNITS.Empty:
  Fsnr2: VAR_TYPE = 'data' and UNITS.strip() = ''.
  Fsnr2_plasma: VAR_TYPE = 'data' and UNITS.strip() = ''.
  Fsnr3: VAR_TYPE = 'data' and UNITS.strip() = ''.
  Fsnr3_plasma: VAR_TYPE = 'data' and UNITS.strip() = ''.
  Fsnr4: VAR_TYPE = 'data' and UNITS.strip() = ''.
  Fsnr4_plasma: VAR_TYPE = 'data' and UNITS.strip() = ''.
  Fsnr5: VAR_TYPE = 'data' and UNITS.strip() = ''.
  Fsnr5_plasma: VAR_TYPE = 'data' and UNITS.strip() = ''.
  Fsnr6: VAR_TYPE = 'data' and UNITS.strip() = ''.
  Fsnr6_plasma: VAR_TYPE = 'data' and UNITS.strip() = ''.
IBEX_H3_ENA_HI_R16_CG_NOSP_RAM_MONO_11YR | ISTP.UNITS.Empty:
  Parm: VAR_TYPE = 'data' and UNITS.strip() = ''.
  Parm_plasma: VAR_TYPE = 'data' and UNITS.strip() = ''.
  Fsnr2: VAR_TYPE = 'data' and UNITS.strip() = ''.
  Fsnr2_plasma: VAR_TYPE = 'data' and UNITS.strip() = ''.
  Fsnr3: VAR_TYPE = 'data' and UNITS.strip() = ''.
  Fsnr3_plasma: VAR_TYPE = 'data' and UNITS.strip() = ''.
  Fsnr4: VAR_TYPE = 'data' and UNITS.strip() = ''.
  Fsnr4_plasma: VAR_TYPE = 'data' and UNITS.strip() = ''.
  Fsnr5: VAR_TYPE = 'data' and UNITS.strip() = ''.
  Fsnr5_plasma: VAR_TYPE = 'data' and UNITS.strip() = ''.
  Fsnr6: VAR_TYPE = 'data' and UNITS.strip() = ''.
  Fsnr6_plasma: VAR_TYPE = 'data' and UNITS.strip() = ''.
IBEX_H3_ENA_HI_R16_CG_NOSP_RAM_MONO_1YR | ISTP.UNITS.Empty:
  Parm: VAR_TYPE = 'data' and UNITS.strip() = ''.
  Parm_plasma: VAR_TYPE = 'data' and UNITS.strip() = ''.
  Fsnr2: VAR_TYPE = 'data' and UNITS.strip() = ''.
  Fsnr2_plasma: VAR_TYPE = 'data' and UNITS.strip() = ''.
  Fsnr3: VAR_TYPE = 'data' and UNITS.strip() = ''.
  Fsnr3_plasma: VAR_TYPE = 'data' and UNITS.strip() = ''.
  Fsnr4: VAR_TYPE = 'data' and UNITS.strip() = ''.
  Fsnr4_plasma: VAR_TYPE = 'data' and UNITS.strip() = ''.
  Fsnr5: VAR_TYPE = 'data' and UNITS.strip() = ''.
  Fsnr5_plasma: VAR_TYPE = 'data' and UNITS.strip() = ''.
  Fsnr6: VAR_TYPE = 'data' and UNITS.strip() = ''.
  Fsnr6_plasma: VAR_TYPE = 'data' and UNITS.strip() = ''.
IBEX_H3_ENA_HI_R16_CG_SP_ANTIRAM_11YR | ISTP.UNITS.Empty:
  Fsnr2: VAR_TYPE = 'data' and UNITS.strip() = ''.
  Fsnr2_plasma: VAR_TYPE = 'data' and UNITS.strip() = ''.
  Fsnr3: VAR_TYPE = 'data' and UNITS.strip() = ''.
  Fsnr3_plasma: VAR_TYPE = 'data' and UNITS.strip() = ''.
  Fsnr4: VAR_TYPE = 'data' and UNITS.strip() = ''.
  Fsnr4_plasma: VAR_TYPE = 'data' and UNITS.strip() = ''.
  Fsnr5: VAR_TYPE = 'data' and UNITS.strip() = ''.
  Fsnr5_plasma: VAR_TYPE = 'data' and UNITS.strip() = ''.
  Fsnr6: VAR_TYPE = 'data' and UNITS.strip() = ''.
  Fsnr6_plasma: VAR_TYPE = 'data' and UNITS.strip() = ''.
IBEX_H3_ENA_HI_R16_CG_SP_ANTIRAM_1YR | ISTP.UNITS.Empty:
  Fsnr2: VAR_TYPE = 'data' and UNITS.strip() = ''.
  Fsnr2_plasma: VAR_TYPE = 'data' and UNITS.strip() = ''.
  Fsnr3: VAR_TYPE = 'data' and UNITS.strip() = ''.
  Fsnr3_plasma: VAR_TYPE = 'data' and UNITS.strip() = ''.
  Fsnr4: VAR_TYPE = 'data' and UNITS.strip() = ''.
  Fsnr4_plasma: VAR_TYPE = 'data' and UNITS.strip() = ''.
  Fsnr5: VAR_TYPE = 'data' and UNITS.strip() = ''.
  Fsnr5_plasma: VAR_TYPE = 'data' and UNITS.strip() = ''.
  Fsnr6: VAR_TYPE = 'data' and UNITS.strip() = ''.
  Fsnr6_plasma: VAR_TYPE = 'data' and UNITS.strip() = ''.
IBEX_H3_ENA_HI_R16_CG_SP_ANTIRAM_MONO_11YR | ISTP.UNITS.Empty:
  Parm: VAR_TYPE = 'data' and UNITS.strip() = ''.
  Parm_plasma: VAR_TYPE = 'data' and UNITS.strip() = ''.
  Fsnr2: VAR_TYPE = 'data' and UNITS.strip() = ''.
  Fsnr2_plasma: VAR_TYPE = 'data' and UNITS.strip() = ''.
  Fsnr3: VAR_TYPE = 'data' and UNITS.strip() = ''.
  Fsnr3_plasma: VAR_TYPE = 'data' and UNITS.strip() = ''.
  Fsnr4: VAR_TYPE = 'data' and UNITS.strip() = ''.
  Fsnr4_plasma: VAR_TYPE = 'data' and UNITS.strip() = ''.
  Fsnr5: VAR_TYPE = 'data' and UNITS.strip() = ''.
  Fsnr5_plasma: VAR_TYPE = 'data' and UNITS.strip() = ''.
  Fsnr6: VAR_TYPE = 'data' and UNITS.strip() = ''.
  Fsnr6_plasma: VAR_TYPE = 'data' and UNITS.strip() = ''.
IBEX_H3_ENA_HI_R16_CG_SP_ANTIRAM_MONO_1YR | ISTP.UNITS.Empty:
  Parm: VAR_TYPE = 'data' and UNITS.strip() = ''.
  Parm_plasma: VAR_TYPE = 'data' and UNITS.strip() = ''.
  Fsnr2: VAR_TYPE = 'data' and UNITS.strip() = ''.
  Fsnr2_plasma: VAR_TYPE = 'data' and UNITS.strip() = ''.
  Fsnr3: VAR_TYPE = 'data' and UNITS.strip() = ''.
  Fsnr3_plasma: VAR_TYPE = 'data' and UNITS.strip() = ''.
  Fsnr4: VAR_TYPE = 'data' and UNITS.strip() = ''.
  Fsnr4_plasma: VAR_TYPE = 'data' and UNITS.strip() = ''.
  Fsnr5: VAR_TYPE = 'data' and UNITS.strip() = ''.
  Fsnr5_plasma: VAR_TYPE = 'data' and UNITS.strip() = ''.
  Fsnr6: VAR_TYPE = 'data' and UNITS.strip() = ''.
  Fsnr6_plasma: VAR_TYPE = 'data' and UNITS.strip() = ''.
IBEX_H3_ENA_HI_R16_CG_SP_OMNI_11YR | ISTP.UNITS.Empty:
  Fsnr2: VAR_TYPE = 'data' and UNITS.strip() = ''.
  Fsnr2_plasma: VAR_TYPE = 'data' and UNITS.strip() = ''.
  Fsnr3: VAR_TYPE = 'data' and UNITS.strip() = ''.
  Fsnr3_plasma: VAR_TYPE = 'data' and UNITS.strip() = ''.
  Fsnr4: VAR_TYPE = 'data' and UNITS.strip() = ''.
  Fsnr4_plasma: VAR_TYPE = 'data' and UNITS.strip() = ''.
  Fsnr5: VAR_TYPE = 'data' and UNITS.strip() = ''.
  Fsnr5_plasma: VAR_TYPE = 'data' and UNITS.strip() = ''.
  Fsnr6: VAR_TYPE = 'data' and UNITS.strip() = ''.
  Fsnr6_plasma: VAR_TYPE = 'data' and UNITS.strip() = ''.
IBEX_H3_ENA_HI_R16_CG_SP_OMNI_2YR | ISTP.UNITS.Empty:
  Fsnr2: VAR_TYPE = 'data' and UNITS.strip() = ''.
  Fsnr2_plasma: VAR_TYPE = 'data' and UNITS.strip() = ''.
  Fsnr3: VAR_TYPE = 'data' and UNITS.strip() = ''.
  Fsnr3_plasma: VAR_TYPE = 'data' and UNITS.strip() = ''.
  Fsnr4: VAR_TYPE = 'data' and UNITS.strip() = ''.
  Fsnr4_plasma: VAR_TYPE = 'data' and UNITS.strip() = ''.
  Fsnr5: VAR_TYPE = 'data' and UNITS.strip() = ''.
  Fsnr5_plasma: VAR_TYPE = 'data' and UNITS.strip() = ''.
  Fsnr6: VAR_TYPE = 'data' and UNITS.strip() = ''.
  Fsnr6_plasma: VAR_TYPE = 'data' and UNITS.strip() = ''.
IBEX_H3_ENA_HI_R16_CG_SP_OMNI_3YR | ISTP.UNITS.Empty:
  Fsnr2: VAR_TYPE = 'data' and UNITS.strip() = ''.
  Fsnr2_plasma: VAR_TYPE = 'data' and UNITS.strip() = ''.
  Fsnr3: VAR_TYPE = 'data' and UNITS.strip() = ''.
  Fsnr3_plasma: VAR_TYPE = 'data' and UNITS.strip() = ''.
  Fsnr4: VAR_TYPE = 'data' and UNITS.strip() = ''.
  Fsnr4_plasma: VAR_TYPE = 'data' and UNITS.strip() = ''.
  Fsnr5: VAR_TYPE = 'data' and UNITS.strip() = ''.
  Fsnr5_plasma: VAR_TYPE = 'data' and UNITS.strip() = ''.
  Fsnr6: VAR_TYPE = 'data' and UNITS.strip() = ''.
  Fsnr6_plasma: VAR_TYPE = 'data' and UNITS.strip() = ''.
IBEX_H3_ENA_HI_R16_CG_SP_OMNI_6MO | ISTP.UNITS.Empty:
  Fsnr2: VAR_TYPE = 'data' and UNITS.strip() = ''.
  Fsnr2_plasma: VAR_TYPE = 'data' and UNITS.strip() = ''.
  Fsnr3: VAR_TYPE = 'data' and UNITS.strip() = ''.
  Fsnr3_plasma: VAR_TYPE = 'data' and UNITS.strip() = ''.
  Fsnr4: VAR_TYPE = 'data' and UNITS.strip() = ''.
  Fsnr4_plasma: VAR_TYPE = 'data' and UNITS.strip() = ''.
  Fsnr5: VAR_TYPE = 'data' and UNITS.strip() = ''.
  Fsnr5_plasma: VAR_TYPE = 'data' and UNITS.strip() = ''.
  Fsnr6: VAR_TYPE = 'data' and UNITS.strip() = ''.
  Fsnr6_plasma: VAR_TYPE = 'data' and UNITS.strip() = ''.
IBEX_H3_ENA_HI_R16_CG_SP_OMNI_MONO_11YR | ISTP.UNITS.Empty:
  Parm: VAR_TYPE = 'data' and UNITS.strip() = ''.
  Parm_plasma: VAR_TYPE = 'data' and UNITS.strip() = ''.
  Fsnr2: VAR_TYPE = 'data' and UNITS.strip() = ''.
  Fsnr2_plasma: VAR_TYPE = 'data' and UNITS.strip() = ''.
  Fsnr3: VAR_TYPE = 'data' and UNITS.strip() = ''.
  Fsnr3_plasma: VAR_TYPE = 'data' and UNITS.strip() = ''.
  Fsnr4: VAR_TYPE = 'data' and UNITS.strip() = ''.
  Fsnr4_plasma: VAR_TYPE = 'data' and UNITS.strip() = ''.
  Fsnr5: VAR_TYPE = 'data' and UNITS.strip() = ''.
  Fsnr5_plasma: VAR_TYPE = 'data' and UNITS.strip() = ''.
  Fsnr6: VAR_TYPE = 'data' and UNITS.strip() = ''.
  Fsnr6_plasma: VAR_TYPE = 'data' and UNITS.strip() = ''.
IBEX_H3_ENA_HI_R16_CG_SP_OMNI_MONO_6MO | ISTP.UNITS.Empty:
  Parm: VAR_TYPE = 'data' and UNITS.strip() = ''.
  Parm_plasma: VAR_TYPE = 'data' and UNITS.strip() = ''.
  Fsnr2: VAR_TYPE = 'data' and UNITS.strip() = ''.
  Fsnr2_plasma: VAR_TYPE = 'data' and UNITS.strip() = ''.
  Fsnr3: VAR_TYPE = 'data' and UNITS.strip() = ''.
  Fsnr3_plasma: VAR_TYPE = 'data' and UNITS.strip() = ''.
  Fsnr4: VAR_TYPE = 'data' and UNITS.strip() = ''.
  Fsnr4_plasma: VAR_TYPE = 'data' and UNITS.strip() = ''.
  Fsnr5: VAR_TYPE = 'data' and UNITS.strip() = ''.
  Fsnr5_plasma: VAR_TYPE = 'data' and UNITS.strip() = ''.
  Fsnr6: VAR_TYPE = 'data' and UNITS.strip() = ''.
  Fsnr6_plasma: VAR_TYPE = 'data' and UNITS.strip() = ''.
IBEX_H3_ENA_HI_R16_CG_SP_RAM_11YR | ISTP.UNITS.Empty:
  Fsnr2: VAR_TYPE = 'data' and UNITS.strip() = ''.
  Fsnr2_plasma: VAR_TYPE = 'data' and UNITS.strip() = ''.
  Fsnr3: VAR_TYPE = 'data' and UNITS.strip() = ''.
  Fsnr3_plasma: VAR_TYPE = 'data' and UNITS.strip() = ''.
  Fsnr4: VAR_TYPE = 'data' and UNITS.strip() = ''.
  Fsnr4_plasma: VAR_TYPE = 'data' and UNITS.strip() = ''.
  Fsnr5: VAR_TYPE = 'data' and UNITS.strip() = ''.
  Fsnr5_plasma: VAR_TYPE = 'data' and UNITS.strip() = ''.
  Fsnr6: VAR_TYPE = 'data' and UNITS.strip() = ''.
  Fsnr6_plasma: VAR_TYPE = 'data' and UNITS.strip() = ''.
IBEX_H3_ENA_HI_R16_CG_SP_RAM_1YR | ISTP.UNITS.Empty:
  Fsnr2: VAR_TYPE = 'data' and UNITS.strip() = ''.
  Fsnr2_plasma: VAR_TYPE = 'data' and UNITS.strip() = ''.
  Fsnr3: VAR_TYPE = 'data' and UNITS.strip() = ''.
  Fsnr3_plasma: VAR_TYPE = 'data' and UNITS.strip() = ''.
  Fsnr4: VAR_TYPE = 'data' and UNITS.strip() = ''.
  Fsnr4_plasma: VAR_TYPE = 'data' and UNITS.strip() = ''.
  Fsnr5: VAR_TYPE = 'data' and UNITS.strip() = ''.
  Fsnr5_plasma: VAR_TYPE = 'data' and UNITS.strip() = ''.
  Fsnr6: VAR_TYPE = 'data' and UNITS.strip() = ''.
  Fsnr6_plasma: VAR_TYPE = 'data' and UNITS.strip() = ''.
IBEX_H3_ENA_HI_R16_CG_SP_RAM_MONO_11YR | ISTP.UNITS.Empty:
  Parm: VAR_TYPE = 'data' and UNITS.strip() = ''.
  Parm_plasma: VAR_TYPE = 'data' and UNITS.strip() = ''.
  Fsnr2: VAR_TYPE = 'data' and UNITS.strip() = ''.
  Fsnr2_plasma: VAR_TYPE = 'data' and UNITS.strip() = ''.
  Fsnr3: VAR_TYPE = 'data' and UNITS.strip() = ''.
  Fsnr3_plasma: VAR_TYPE = 'data' and UNITS.strip() = ''.
  Fsnr4: VAR_TYPE = 'data' and UNITS.strip() = ''.
  Fsnr4_plasma: VAR_TYPE = 'data' and UNITS.strip() = ''.
  Fsnr5: VAR_TYPE = 'data' and UNITS.strip() = ''.
  Fsnr5_plasma: VAR_TYPE = 'data' and UNITS.strip() = ''.
  Fsnr6: VAR_TYPE = 'data' and UNITS.strip() = ''.
  Fsnr6_plasma: VAR_TYPE = 'data' and UNITS.strip() = ''.
IBEX_H3_ENA_HI_R16_CG_SP_RAM_MONO_1YR | ISTP.UNITS.Empty:
  Parm: VAR_TYPE = 'data' and UNITS.strip() = ''.
  Parm_plasma: VAR_TYPE = 'data' and UNITS.strip() = ''.
  Fsnr2: VAR_TYPE = 'data' and UNITS.strip() = ''.
  Fsnr2_plasma: VAR_TYPE = 'data' and UNITS.strip() = ''.
  Fsnr3: VAR_TYPE = 'data' and UNITS.strip() = ''.
  Fsnr3_plasma: VAR_TYPE = 'data' and UNITS.strip() = ''.
  Fsnr4: VAR_TYPE = 'data' and UNITS.strip() = ''.
  Fsnr4_plasma: VAR_TYPE = 'data' and UNITS.strip() = ''.
  Fsnr5: VAR_TYPE = 'data' and UNITS.strip() = ''.
  Fsnr5_plasma: VAR_TYPE = 'data' and UNITS.strip() = ''.
  Fsnr6: VAR_TYPE = 'data' and UNITS.strip() = ''.
  Fsnr6_plasma: VAR_TYPE = 'data' and UNITS.strip() = ''.
IBEX_H3_ENA_HI_R16_NOCG_NOSP_ANTIRAM_11YR | ISTP.UNITS.Empty:
  Fsnr2: VAR_TYPE = 'data' and UNITS.strip() = ''.
  Fsnr2_plasma: VAR_TYPE = 'data' and UNITS.strip() = ''.
  Fsnr3: VAR_TYPE = 'data' and UNITS.strip() = ''.
  Fsnr3_plasma: VAR_TYPE = 'data' and UNITS.strip() = ''.
  Fsnr4: VAR_TYPE = 'data' and UNITS.strip() = ''.
  Fsnr4_plasma: VAR_TYPE = 'data' and UNITS.strip() = ''.
  Fsnr5: VAR_TYPE = 'data' and UNITS.strip() = ''.
  Fsnr5_plasma: VAR_TYPE = 'data' and UNITS.strip() = ''.
  Fsnr6: VAR_TYPE = 'data' and UNITS.strip() = ''.
  Fsnr6_plasma: VAR_TYPE = 'data' and UNITS.strip() = ''.
IBEX_H3_ENA_HI_R16_NOCG_NOSP_ANTIRAM_1YR | ISTP.UNITS.Empty:
  Fsnr2: VAR_TYPE = 'data' and UNITS.strip() = ''.
  Fsnr2_plasma: VAR_TYPE = 'data' and UNITS.strip() = ''.
  Fsnr3: VAR_TYPE = 'data' and UNITS.strip() = ''.
  Fsnr3_plasma: VAR_TYPE = 'data' and UNITS.strip() = ''.
  Fsnr4: VAR_TYPE = 'data' and UNITS.strip() = ''.
  Fsnr4_plasma: VAR_TYPE = 'data' and UNITS.strip() = ''.
  Fsnr5: VAR_TYPE = 'data' and UNITS.strip() = ''.
  Fsnr5_plasma: VAR_TYPE = 'data' and UNITS.strip() = ''.
  Fsnr6: VAR_TYPE = 'data' and UNITS.strip() = ''.
  Fsnr6_plasma: VAR_TYPE = 'data' and UNITS.strip() = ''.
IBEX_H3_ENA_HI_R16_NOCG_NOSP_OMNI_11YR | ISTP.UNITS.Empty:
  Fsnr2: VAR_TYPE = 'data' and UNITS.strip() = ''.
  Fsnr2_plasma: VAR_TYPE = 'data' and UNITS.strip() = ''.
  Fsnr3: VAR_TYPE = 'data' and UNITS.strip() = ''.
  Fsnr3_plasma: VAR_TYPE = 'data' and UNITS.strip() = ''.
  Fsnr4: VAR_TYPE = 'data' and UNITS.strip() = ''.
  Fsnr4_plasma: VAR_TYPE = 'data' and UNITS.strip() = ''.
  Fsnr5: VAR_TYPE = 'data' and UNITS.strip() = ''.
  Fsnr5_plasma: VAR_TYPE = 'data' and UNITS.strip() = ''.
  Fsnr6: VAR_TYPE = 'data' and UNITS.strip() = ''.
  Fsnr6_plasma: VAR_TYPE = 'data' and UNITS.strip() = ''.
IBEX_H3_ENA_HI_R16_NOCG_NOSP_OMNI_6MO | ISTP.UNITS.Empty:
  Fsnr2: VAR_TYPE = 'data' and UNITS.strip() = ''.
  Fsnr2_plasma: VAR_TYPE = 'data' and UNITS.strip() = ''.
  Fsnr3: VAR_TYPE = 'data' and UNITS.strip() = ''.
  Fsnr3_plasma: VAR_TYPE = 'data' and UNITS.strip() = ''.
  Fsnr4: VAR_TYPE = 'data' and UNITS.strip() = ''.
  Fsnr4_plasma: VAR_TYPE = 'data' and UNITS.strip() = ''.
  Fsnr5: VAR_TYPE = 'data' and UNITS.strip() = ''.
  Fsnr5_plasma: VAR_TYPE = 'data' and UNITS.strip() = ''.
  Fsnr6: VAR_TYPE = 'data' and UNITS.strip() = ''.
  Fsnr6_plasma: VAR_TYPE = 'data' and UNITS.strip() = ''.
IBEX_H3_ENA_HI_R16_NOCG_NOSP_RAM_11YR | ISTP.UNITS.Empty:
  Fsnr2: VAR_TYPE = 'data' and UNITS.strip() = ''.
  Fsnr2_plasma: VAR_TYPE = 'data' and UNITS.strip() = ''.
  Fsnr3: VAR_TYPE = 'data' and UNITS.strip() = ''.
  Fsnr3_plasma: VAR_TYPE = 'data' and UNITS.strip() = ''.
  Fsnr4: VAR_TYPE = 'data' and UNITS.strip() = ''.
  Fsnr4_plasma: VAR_TYPE = 'data' and UNITS.strip() = ''.
  Fsnr5: VAR_TYPE = 'data' and UNITS.strip() = ''.
  Fsnr5_plasma: VAR_TYPE = 'data' and UNITS.strip() = ''.
  Fsnr6: VAR_TYPE = 'data' and UNITS.strip() = ''.
  Fsnr6_plasma: VAR_TYPE = 'data' and UNITS.strip() = ''.
IBEX_H3_ENA_HI_R16_NOCG_NOSP_RAM_1YR | ISTP.UNITS.Empty:
  Fsnr2: VAR_TYPE = 'data' and UNITS.strip() = ''.
  Fsnr2_plasma: VAR_TYPE = 'data' and UNITS.strip() = ''.
  Fsnr3: VAR_TYPE = 'data' and UNITS.strip() = ''.
  Fsnr3_plasma: VAR_TYPE = 'data' and UNITS.strip() = ''.
  Fsnr4: VAR_TYPE = 'data' and UNITS.strip() = ''.
  Fsnr4_plasma: VAR_TYPE = 'data' and UNITS.strip() = ''.
  Fsnr5: VAR_TYPE = 'data' and UNITS.strip() = ''.
  Fsnr5_plasma: VAR_TYPE = 'data' and UNITS.strip() = ''.
  Fsnr6: VAR_TYPE = 'data' and UNITS.strip() = ''.
  Fsnr6_plasma: VAR_TYPE = 'data' and UNITS.strip() = ''.
IBEX_H3_ENA_HI_R16_NOCG_SP_ANTIRAM_11YR | ISTP.UNITS.Empty:
  Fsnr2: VAR_TYPE = 'data' and UNITS.strip() = ''.
  Fsnr2_plasma: VAR_TYPE = 'data' and UNITS.strip() = ''.
  Fsnr3: VAR_TYPE = 'data' and UNITS.strip() = ''.
  Fsnr3_plasma: VAR_TYPE = 'data' and UNITS.strip() = ''.
  Fsnr4: VAR_TYPE = 'data' and UNITS.strip() = ''.
  Fsnr4_plasma: VAR_TYPE = 'data' and UNITS.strip() = ''.
  Fsnr5: VAR_TYPE = 'data' and UNITS.strip() = ''.
  Fsnr5_plasma: VAR_TYPE = 'data' and UNITS.strip() = ''.
  Fsnr6: VAR_TYPE = 'data' and UNITS.strip() = ''.
  Fsnr6_plasma: VAR_TYPE = 'data' and UNITS.strip() = ''.
IBEX_H3_ENA_HI_R16_NOCG_SP_ANTIRAM_1YR | ISTP.UNITS.Empty:
  Fsnr2: VAR_TYPE = 'data' and UNITS.strip() = ''.
  Fsnr2_plasma: VAR_TYPE = 'data' and UNITS.strip() = ''.
  Fsnr3: VAR_TYPE = 'data' and UNITS.strip() = ''.
  Fsnr3_plasma: VAR_TYPE = 'data' and UNITS.strip() = ''.
  Fsnr4: VAR_TYPE = 'data' and UNITS.strip() = ''.
  Fsnr4_plasma: VAR_TYPE = 'data' and UNITS.strip() = ''.
  Fsnr5: VAR_TYPE = 'data' and UNITS.strip() = ''.
  Fsnr5_plasma: VAR_TYPE = 'data' and UNITS.strip() = ''.
  Fsnr6: VAR_TYPE = 'data' and UNITS.strip() = ''.
  Fsnr6_plasma: VAR_TYPE = 'data' and UNITS.strip() = ''.
IBEX_H3_ENA_HI_R16_NOCG_SP_OMNI_11YR | ISTP.UNITS.Empty:
  Fsnr2: VAR_TYPE = 'data' and UNITS.strip() = ''.
  Fsnr2_plasma: VAR_TYPE = 'data' and UNITS.strip() = ''.
  Fsnr3: VAR_TYPE = 'data' and UNITS.strip() = ''.
  Fsnr3_plasma: VAR_TYPE = 'data' and UNITS.strip() = ''.
  Fsnr4: VAR_TYPE = 'data' and UNITS.strip() = ''.
  Fsnr4_plasma: VAR_TYPE = 'data' and UNITS.strip() = ''.
  Fsnr5: VAR_TYPE = 'data' and UNITS.strip() = ''.
  Fsnr5_plasma: VAR_TYPE = 'data' and UNITS.strip() = ''.
  Fsnr6: VAR_TYPE = 'data' and UNITS.strip() = ''.
  Fsnr6_plasma: VAR_TYPE = 'data' and UNITS.strip() = ''.
IBEX_H3_ENA_HI_R16_NOCG_SP_OMNI_6MO | ISTP.UNITS.Empty:
  Fsnr2: VAR_TYPE = 'data' and UNITS.strip() = ''.
  Fsnr2_plasma: VAR_TYPE = 'data' and UNITS.strip() = ''.
  Fsnr3: VAR_TYPE = 'data' and UNITS.strip() = ''.
  Fsnr3_plasma: VAR_TYPE = 'data' and UNITS.strip() = ''.
  Fsnr4: VAR_TYPE = 'data' and UNITS.strip() = ''.
  Fsnr4_plasma: VAR_TYPE = 'data' and UNITS.strip() = ''.
  Fsnr5: VAR_TYPE = 'data' and UNITS.strip() = ''.
  Fsnr5_plasma: VAR_TYPE = 'data' and UNITS.strip() = ''.
  Fsnr6: VAR_TYPE = 'data' and UNITS.strip() = ''.
  Fsnr6_plasma: VAR_TYPE = 'data' and UNITS.strip() = ''.
IBEX_H3_ENA_HI_R16_NOCG_SP_RAM_11YR | ISTP.UNITS.Empty:
  Fsnr2: VAR_TYPE = 'data' and UNITS.strip() = ''.
  Fsnr2_plasma: VAR_TYPE = 'data' and UNITS.strip() = ''.
  Fsnr3: VAR_TYPE = 'data' and UNITS.strip() = ''.
  Fsnr3_plasma: VAR_TYPE = 'data' and UNITS.strip() = ''.
  Fsnr4: VAR_TYPE = 'data' and UNITS.strip() = ''.
  Fsnr4_plasma: VAR_TYPE = 'data' and UNITS.strip() = ''.
  Fsnr5: VAR_TYPE = 'data' and UNITS.strip() = ''.
  Fsnr5_plasma: VAR_TYPE = 'data' and UNITS.strip() = ''.
  Fsnr6: VAR_TYPE = 'data' and UNITS.strip() = ''.
  Fsnr6_plasma: VAR_TYPE = 'data' and UNITS.strip() = ''.
IBEX_H3_ENA_HI_R16_NOCG_SP_RAM_1YR | ISTP.UNITS.Empty:
  Fsnr2: VAR_TYPE = 'data' and UNITS.strip() = ''.
  Fsnr2_plasma: VAR_TYPE = 'data' and UNITS.strip() = ''.
  Fsnr3: VAR_TYPE = 'data' and UNITS.strip() = ''.
  Fsnr3_plasma: VAR_TYPE = 'data' and UNITS.strip() = ''.
  Fsnr4: VAR_TYPE = 'data' and UNITS.strip() = ''.
  Fsnr4_plasma: VAR_TYPE = 'data' and UNITS.strip() = ''.
  Fsnr5: VAR_TYPE = 'data' and UNITS.strip() = ''.
  Fsnr5_plasma: VAR_TYPE = 'data' and UNITS.strip() = ''.
  Fsnr6: VAR_TYPE = 'data' and UNITS.strip() = ''.
  Fsnr6_plasma: VAR_TYPE = 'data' and UNITS.strip() = ''.
IBEX_H3_ENA_HI_R16_NOCG_SP_RAM_EQUA_11YR | ISTP.UNITS.Empty:
  Fsnr2: VAR_TYPE = 'data' and UNITS.strip() = ''.
  Fsnr2_plasma: VAR_TYPE = 'data' and UNITS.strip() = ''.
  Fsnr3: VAR_TYPE = 'data' and UNITS.strip() = ''.
  Fsnr3_plasma: VAR_TYPE = 'data' and UNITS.strip() = ''.
  Fsnr4: VAR_TYPE = 'data' and UNITS.strip() = ''.
  Fsnr4_plasma: VAR_TYPE = 'data' and UNITS.strip() = ''.
  Fsnr5: VAR_TYPE = 'data' and UNITS.strip() = ''.
  Fsnr5_plasma: VAR_TYPE = 'data' and UNITS.strip() = ''.
  Fsnr6: VAR_TYPE = 'data' and UNITS.strip() = ''.
  Fsnr6_plasma: VAR_TYPE = 'data' and UNITS.strip() = ''.
IBEX_H3_ENA_HI_R16_NOCG_SP_RAM_GALA_11YR | ISTP.UNITS.Empty:
  Fsnr2: VAR_TYPE = 'data' and UNITS.strip() = ''.
  Fsnr2_plasma: VAR_TYPE = 'data' and UNITS.strip() = ''.
  Fsnr3: VAR_TYPE = 'data' and UNITS.strip() = ''.
  Fsnr3_plasma: VAR_TYPE = 'data' and UNITS.strip() = ''.
  Fsnr4: VAR_TYPE = 'data' and UNITS.strip() = ''.
  Fsnr4_plasma: VAR_TYPE = 'data' and UNITS.strip() = ''.
  Fsnr5: VAR_TYPE = 'data' and UNITS.strip() = ''.
  Fsnr5_plasma: VAR_TYPE = 'data' and UNITS.strip() = ''.
  Fsnr6: VAR_TYPE = 'data' and UNITS.strip() = ''.
  Fsnr6_plasma: VAR_TYPE = 'data' and UNITS.strip() = ''.
IBEX_H3_ENA_HI_R18_CG_NOSP_ANTIRAM_14YR | ISTP.UNITS.Empty:
  Fsnr2: VAR_TYPE = 'data' and UNITS.strip() = ''.
  Fsnr2_plasma: VAR_TYPE = 'data' and UNITS.strip() = ''.
  Fsnr3: VAR_TYPE = 'data' and UNITS.strip() = ''.
  Fsnr3_plasma: VAR_TYPE = 'data' and UNITS.strip() = ''.
  Fsnr4: VAR_TYPE = 'data' and UNITS.strip() = ''.
  Fsnr4_plasma: VAR_TYPE = 'data' and UNITS.strip() = ''.
  Fsnr5: VAR_TYPE = 'data' and UNITS.strip() = ''.
  Fsnr5_plasma: VAR_TYPE = 'data' and UNITS.strip() = ''.
  Fsnr6: VAR_TYPE = 'data' and UNITS.strip() = ''.
  Fsnr6_plasma: VAR_TYPE = 'data' and UNITS.strip() = ''.
IBEX_H3_ENA_HI_R18_CG_NOSP_ANTIRAM_1YR | ISTP.UNITS.Empty:
  Fsnr2: VAR_TYPE = 'data' and UNITS.strip() = ''.
  Fsnr2_plasma: VAR_TYPE = 'data' and UNITS.strip() = ''.
  Fsnr3: VAR_TYPE = 'data' and UNITS.strip() = ''.
  Fsnr3_plasma: VAR_TYPE = 'data' and UNITS.strip() = ''.
  Fsnr4: VAR_TYPE = 'data' and UNITS.strip() = ''.
  Fsnr4_plasma: VAR_TYPE = 'data' and UNITS.strip() = ''.
  Fsnr5: VAR_TYPE = 'data' and UNITS.strip() = ''.
  Fsnr5_plasma: VAR_TYPE = 'data' and UNITS.strip() = ''.
  Fsnr6: VAR_TYPE = 'data' and UNITS.strip() = ''.
  Fsnr6_plasma: VAR_TYPE = 'data' and UNITS.strip() = ''.
IBEX_H3_ENA_HI_R18_CG_NOSP_ANTIRAM_MONO_14YR | ISTP.UNITS.Empty:
  Parm: VAR_TYPE = 'data' and UNITS.strip() = ''.
  Parm_plasma: VAR_TYPE = 'data' and UNITS.strip() = ''.
  Fsnr2: VAR_TYPE = 'data' and UNITS.strip() = ''.
  Fsnr2_plasma: VAR_TYPE = 'data' and UNITS.strip() = ''.
  Fsnr3: VAR_TYPE = 'data' and UNITS.strip() = ''.
  Fsnr3_plasma: VAR_TYPE = 'data' and UNITS.strip() = ''.
  Fsnr4: VAR_TYPE = 'data' and UNITS.strip() = ''.
  Fsnr4_plasma: VAR_TYPE = 'data' and UNITS.strip() = ''.
  Fsnr5: VAR_TYPE = 'data' and UNITS.strip() = ''.
  Fsnr5_plasma: VAR_TYPE = 'data' and UNITS.strip() = ''.
  Fsnr6: VAR_TYPE = 'data' and UNITS.strip() = ''.
  Fsnr6_plasma: VAR_TYPE = 'data' and UNITS.strip() = ''.
IBEX_H3_ENA_HI_R18_CG_NOSP_ANTIRAM_MONO_1YR | ISTP.UNITS.Empty:
  Parm: VAR_TYPE = 'data' and UNITS.strip() = ''.
  Parm_plasma: VAR_TYPE = 'data' and UNITS.strip() = ''.
  Fsnr2: VAR_TYPE = 'data' and UNITS.strip() = ''.
  Fsnr2_plasma: VAR_TYPE = 'data' and UNITS.strip() = ''.
  Fsnr3: VAR_TYPE = 'data' and UNITS.strip() = ''.
  Fsnr3_plasma: VAR_TYPE = 'data' and UNITS.strip() = ''.
  Fsnr4: VAR_TYPE = 'data' and UNITS.strip() = ''.
  Fsnr4_plasma: VAR_TYPE = 'data' and UNITS.strip() = ''.
  Fsnr5: VAR_TYPE = 'data' and UNITS.strip() = ''.
  Fsnr5_plasma: VAR_TYPE = 'data' and UNITS.strip() = ''.
  Fsnr6: VAR_TYPE = 'data' and UNITS.strip() = ''.
  Fsnr6_plasma: VAR_TYPE = 'data' and UNITS.strip() = ''.
IBEX_H3_ENA_HI_R18_CG_NOSP_OMNI_14YR | ISTP.UNITS.Empty:
  Fsnr2: VAR_TYPE = 'data' and UNITS.strip() = ''.
  Fsnr2_plasma: VAR_TYPE = 'data' and UNITS.strip() = ''.
  Fsnr3: VAR_TYPE = 'data' and UNITS.strip() = ''.
  Fsnr3_plasma: VAR_TYPE = 'data' and UNITS.strip() = ''.
  Fsnr4: VAR_TYPE = 'data' and UNITS.strip() = ''.
  Fsnr4_plasma: VAR_TYPE = 'data' and UNITS.strip() = ''.
  Fsnr5: VAR_TYPE = 'data' and UNITS.strip() = ''.
  Fsnr5_plasma: VAR_TYPE = 'data' and UNITS.strip() = ''.
  Fsnr6: VAR_TYPE = 'data' and UNITS.strip() = ''.
  Fsnr6_plasma: VAR_TYPE = 'data' and UNITS.strip() = ''.
IBEX_H3_ENA_HI_R18_CG_NOSP_OMNI_6MO | ISTP.UNITS.Empty:
  Fsnr2: VAR_TYPE = 'data' and UNITS.strip() = ''.
  Fsnr2_plasma: VAR_TYPE = 'data' and UNITS.strip() = ''.
  Fsnr3: VAR_TYPE = 'data' and UNITS.strip() = ''.
  Fsnr3_plasma: VAR_TYPE = 'data' and UNITS.strip() = ''.
  Fsnr4: VAR_TYPE = 'data' and UNITS.strip() = ''.
  Fsnr4_plasma: VAR_TYPE = 'data' and UNITS.strip() = ''.
  Fsnr5: VAR_TYPE = 'data' and UNITS.strip() = ''.
  Fsnr5_plasma: VAR_TYPE = 'data' and UNITS.strip() = ''.
  Fsnr6: VAR_TYPE = 'data' and UNITS.strip() = ''.
  Fsnr6_plasma: VAR_TYPE = 'data' and UNITS.strip() = ''.
IBEX_H3_ENA_HI_R18_CG_NOSP_OMNI_MONO_14YR | ISTP.UNITS.Empty:
  Parm: VAR_TYPE = 'data' and UNITS.strip() = ''.
  Parm_plasma: VAR_TYPE = 'data' and UNITS.strip() = ''.
  Fsnr2: VAR_TYPE = 'data' and UNITS.strip() = ''.
  Fsnr2_plasma: VAR_TYPE = 'data' and UNITS.strip() = ''.
  Fsnr3: VAR_TYPE = 'data' and UNITS.strip() = ''.
  Fsnr3_plasma: VAR_TYPE = 'data' and UNITS.strip() = ''.
  Fsnr4: VAR_TYPE = 'data' and UNITS.strip() = ''.
  Fsnr4_plasma: VAR_TYPE = 'data' and UNITS.strip() = ''.
  Fsnr5: VAR_TYPE = 'data' and UNITS.strip() = ''.
  Fsnr5_plasma: VAR_TYPE = 'data' and UNITS.strip() = ''.
  Fsnr6: VAR_TYPE = 'data' and UNITS.strip() = ''.
  Fsnr6_plasma: VAR_TYPE = 'data' and UNITS.strip() = ''.
IBEX_H3_ENA_HI_R18_CG_NOSP_OMNI_MONO_6MO | ISTP.UNITS.Empty:
  Parm: VAR_TYPE = 'data' and UNITS.strip() = ''.
  Parm_plasma: VAR_TYPE = 'data' and UNITS.strip() = ''.
  Fsnr2: VAR_TYPE = 'data' and UNITS.strip() = ''.
  Fsnr2_plasma: VAR_TYPE = 'data' and UNITS.strip() = ''.
  Fsnr3: VAR_TYPE = 'data' and UNITS.strip() = ''.
  Fsnr3_plasma: VAR_TYPE = 'data' and UNITS.strip() = ''.
  Fsnr4: VAR_TYPE = 'data' and UNITS.strip() = ''.
  Fsnr4_plasma: VAR_TYPE = 'data' and UNITS.strip() = ''.
  Fsnr5: VAR_TYPE = 'data' and UNITS.strip() = ''.
  Fsnr5_plasma: VAR_TYPE = 'data' and UNITS.strip() = ''.
  Fsnr6: VAR_TYPE = 'data' and UNITS.strip() = ''.
  Fsnr6_plasma: VAR_TYPE = 'data' and UNITS.strip() = ''.
IBEX_H3_ENA_HI_R18_CG_NOSP_RAM_14YR | ISTP.UNITS.Empty:
  Fsnr2: VAR_TYPE = 'data' and UNITS.strip() = ''.
  Fsnr2_plasma: VAR_TYPE = 'data' and UNITS.strip() = ''.
  Fsnr3: VAR_TYPE = 'data' and UNITS.strip() = ''.
  Fsnr3_plasma: VAR_TYPE = 'data' and UNITS.strip() = ''.
  Fsnr4: VAR_TYPE = 'data' and UNITS.strip() = ''.
  Fsnr4_plasma: VAR_TYPE = 'data' and UNITS.strip() = ''.
  Fsnr5: VAR_TYPE = 'data' and UNITS.strip() = ''.
  Fsnr5_plasma: VAR_TYPE = 'data' and UNITS.strip() = ''.
  Fsnr6: VAR_TYPE = 'data' and UNITS.strip() = ''.
  Fsnr6_plasma: VAR_TYPE = 'data' and UNITS.strip() = ''.
IBEX_H3_ENA_HI_R18_CG_NOSP_RAM_1YR | ISTP.UNITS.Empty:
  Fsnr2: VAR_TYPE = 'data' and UNITS.strip() = ''.
  Fsnr2_plasma: VAR_TYPE = 'data' and UNITS.strip() = ''.
  Fsnr3: VAR_TYPE = 'data' and UNITS.strip() = ''.
  Fsnr3_plasma: VAR_TYPE = 'data' and UNITS.strip() = ''.
  Fsnr4: VAR_TYPE = 'data' and UNITS.strip() = ''.
  Fsnr4_plasma: VAR_TYPE = 'data' and UNITS.strip() = ''.
  Fsnr5: VAR_TYPE = 'data' and UNITS.strip() = ''.
  Fsnr5_plasma: VAR_TYPE = 'data' and UNITS.strip() = ''.
  Fsnr6: VAR_TYPE = 'data' and UNITS.strip() = ''.
  Fsnr6_plasma: VAR_TYPE = 'data' and UNITS.strip() = ''.
IBEX_H3_ENA_HI_R18_CG_NOSP_RAM_MONO_14YR | ISTP.UNITS.Empty:
  Parm: VAR_TYPE = 'data' and UNITS.strip() = ''.
  Parm_plasma: VAR_TYPE = 'data' and UNITS.strip() = ''.
  Fsnr2: VAR_TYPE = 'data' and UNITS.strip() = ''.
  Fsnr2_plasma: VAR_TYPE = 'data' and UNITS.strip() = ''.
  Fsnr3: VAR_TYPE = 'data' and UNITS.strip() = ''.
  Fsnr3_plasma: VAR_TYPE = 'data' and UNITS.strip() = ''.
  Fsnr4: VAR_TYPE = 'data' and UNITS.strip() = ''.
  Fsnr4_plasma: VAR_TYPE = 'data' and UNITS.strip() = ''.
  Fsnr5: VAR_TYPE = 'data' and UNITS.strip() = ''.
  Fsnr5_plasma: VAR_TYPE = 'data' and UNITS.strip() = ''.
  Fsnr6: VAR_TYPE = 'data' and UNITS.strip() = ''.
  Fsnr6_plasma: VAR_TYPE = 'data' and UNITS.strip() = ''.
IBEX_H3_ENA_HI_R18_CG_NOSP_RAM_MONO_1YR | ISTP.UNITS.Empty:
  Parm: VAR_TYPE = 'data' and UNITS.strip() = ''.
  Parm_plasma: VAR_TYPE = 'data' and UNITS.strip() = ''.
  Fsnr2: VAR_TYPE = 'data' and UNITS.strip() = ''.
  Fsnr2_plasma: VAR_TYPE = 'data' and UNITS.strip() = ''.
  Fsnr3: VAR_TYPE = 'data' and UNITS.strip() = ''.
  Fsnr3_plasma: VAR_TYPE = 'data' and UNITS.strip() = ''.
  Fsnr4: VAR_TYPE = 'data' and UNITS.strip() = ''.
  Fsnr4_plasma: VAR_TYPE = 'data' and UNITS.strip() = ''.
  Fsnr5: VAR_TYPE = 'data' and UNITS.strip() = ''.
  Fsnr5_plasma: VAR_TYPE = 'data' and UNITS.strip() = ''.
  Fsnr6: VAR_TYPE = 'data' and UNITS.strip() = ''.
  Fsnr6_plasma: VAR_TYPE = 'data' and UNITS.strip() = ''.
IBEX_H3_ENA_HI_R18_CG_SP_ANTIRAM_14YR | ISTP.UNITS.Empty:
  Fsnr2: VAR_TYPE = 'data' and UNITS.strip() = ''.
  Fsnr2_plasma: VAR_TYPE = 'data' and UNITS.strip() = ''.
  Fsnr3: VAR_TYPE = 'data' and UNITS.strip() = ''.
  Fsnr3_plasma: VAR_TYPE = 'data' and UNITS.strip() = ''.
  Fsnr4: VAR_TYPE = 'data' and UNITS.strip() = ''.
  Fsnr4_plasma: VAR_TYPE = 'data' and UNITS.strip() = ''.
  Fsnr5: VAR_TYPE = 'data' and UNITS.strip() = ''.
  Fsnr5_plasma: VAR_TYPE = 'data' and UNITS.strip() = ''.
  Fsnr6: VAR_TYPE = 'data' and UNITS.strip() = ''.
  Fsnr6_plasma: VAR_TYPE = 'data' and UNITS.strip() = ''.
IBEX_H3_ENA_HI_R18_CG_SP_ANTIRAM_1YR | ISTP.UNITS.Empty:
  Fsnr2: VAR_TYPE = 'data' and UNITS.strip() = ''.
  Fsnr2_plasma: VAR_TYPE = 'data' and UNITS.strip() = ''.
  Fsnr3: VAR_TYPE = 'data' and UNITS.strip() = ''.
  Fsnr3_plasma: VAR_TYPE = 'data' and UNITS.strip() = ''.
  Fsnr4: VAR_TYPE = 'data' and UNITS.strip() = ''.
  Fsnr4_plasma: VAR_TYPE = 'data' and UNITS.strip() = ''.
  Fsnr5: VAR_TYPE = 'data' and UNITS.strip() = ''.
  Fsnr5_plasma: VAR_TYPE = 'data' and UNITS.strip() = ''.
  Fsnr6: VAR_TYPE = 'data' and UNITS.strip() = ''.
  Fsnr6_plasma: VAR_TYPE = 'data' and UNITS.strip() = ''.
IBEX_H3_ENA_HI_R18_CG_SP_ANTIRAM_MONO_14YR | ISTP.UNITS.Empty:
  Parm: VAR_TYPE = 'data' and UNITS.strip() = ''.
  Parm_plasma: VAR_TYPE = 'data' and UNITS.strip() = ''.
  Fsnr2: VAR_TYPE = 'data' and UNITS.strip() = ''.
  Fsnr2_plasma: VAR_TYPE = 'data' and UNITS.strip() = ''.
  Fsnr3: VAR_TYPE = 'data' and UNITS.strip() = ''.
  Fsnr3_plasma: VAR_TYPE = 'data' and UNITS.strip() = ''.
  Fsnr4: VAR_TYPE = 'data' and UNITS.strip() = ''.
  Fsnr4_plasma: VAR_TYPE = 'data' and UNITS.strip() = ''.
  Fsnr5: VAR_TYPE = 'data' and UNITS.strip() = ''.
  Fsnr5_plasma: VAR_TYPE = 'data' and UNITS.strip() = ''.
  Fsnr6: VAR_TYPE = 'data' and UNITS.strip() = ''.
  Fsnr6_plasma: VAR_TYPE = 'data' and UNITS.strip() = ''.
IBEX_H3_ENA_HI_R18_CG_SP_ANTIRAM_MONO_1YR | ISTP.UNITS.Empty:
  Parm: VAR_TYPE = 'data' and UNITS.strip() = ''.
  Parm_plasma: VAR_TYPE = 'data' and UNITS.strip() = ''.
  Fsnr2: VAR_TYPE = 'data' and UNITS.strip() = ''.
  Fsnr2_plasma: VAR_TYPE = 'data' and UNITS.strip() = ''.
  Fsnr3: VAR_TYPE = 'data' and UNITS.strip() = ''.
  Fsnr3_plasma: VAR_TYPE = 'data' and UNITS.strip() = ''.
  Fsnr4: VAR_TYPE = 'data' and UNITS.strip() = ''.
  Fsnr4_plasma: VAR_TYPE = 'data' and UNITS.strip() = ''.
  Fsnr5: VAR_TYPE = 'data' and UNITS.strip() = ''.
  Fsnr5_plasma: VAR_TYPE = 'data' and UNITS.strip() = ''.
  Fsnr6: VAR_TYPE = 'data' and UNITS.strip() = ''.
  Fsnr6_plasma: VAR_TYPE = 'data' and UNITS.strip() = ''.
IBEX_H3_ENA_HI_R18_CG_SP_OMNI_14YR | ISTP.UNITS.Empty:
  Fsnr2: VAR_TYPE = 'data' and UNITS.strip() = ''.
  Fsnr2_plasma: VAR_TYPE = 'data' and UNITS.strip() = ''.
  Fsnr3: VAR_TYPE = 'data' and UNITS.strip() = ''.
  Fsnr3_plasma: VAR_TYPE = 'data' and UNITS.strip() = ''.
  Fsnr4: VAR_TYPE = 'data' and UNITS.strip() = ''.
  Fsnr4_plasma: VAR_TYPE = 'data' and UNITS.strip() = ''.
  Fsnr5: VAR_TYPE = 'data' and UNITS.strip() = ''.
  Fsnr5_plasma: VAR_TYPE = 'data' and UNITS.strip() = ''.
  Fsnr6: VAR_TYPE = 'data' and UNITS.strip() = ''.
  Fsnr6_plasma: VAR_TYPE = 'data' and UNITS.strip() = ''.
IBEX_H3_ENA_HI_R18_CG_SP_OMNI_6MO | ISTP.UNITS.Empty:
  Fsnr2: VAR_TYPE = 'data' and UNITS.strip() = ''.
  Fsnr2_plasma: VAR_TYPE = 'data' and UNITS.strip() = ''.
  Fsnr3: VAR_TYPE = 'data' and UNITS.strip() = ''.
  Fsnr3_plasma: VAR_TYPE = 'data' and UNITS.strip() = ''.
  Fsnr4: VAR_TYPE = 'data' and UNITS.strip() = ''.
  Fsnr4_plasma: VAR_TYPE = 'data' and UNITS.strip() = ''.
  Fsnr5: VAR_TYPE = 'data' and UNITS.strip() = ''.
  Fsnr5_plasma: VAR_TYPE = 'data' and UNITS.strip() = ''.
  Fsnr6: VAR_TYPE = 'data' and UNITS.strip() = ''.
  Fsnr6_plasma: VAR_TYPE = 'data' and UNITS.strip() = ''.
IBEX_H3_ENA_HI_R18_CG_SP_OMNI_MONO_14YR | ISTP.UNITS.Empty:
  Parm: VAR_TYPE = 'data' and UNITS.strip() = ''.
  Parm_plasma: VAR_TYPE = 'data' and UNITS.strip() = ''.
  Fsnr2: VAR_TYPE = 'data' and UNITS.strip() = ''.
  Fsnr2_plasma: VAR_TYPE = 'data' and UNITS.strip() = ''.
  Fsnr3: VAR_TYPE = 'data' and UNITS.strip() = ''.
  Fsnr3_plasma: VAR_TYPE = 'data' and UNITS.strip() = ''.
  Fsnr4: VAR_TYPE = 'data' and UNITS.strip() = ''.
  Fsnr4_plasma: VAR_TYPE = 'data' and UNITS.strip() = ''.
  Fsnr5: VAR_TYPE = 'data' and UNITS.strip() = ''.
  Fsnr5_plasma: VAR_TYPE = 'data' and UNITS.strip() = ''.
  Fsnr6: VAR_TYPE = 'data' and UNITS.strip() = ''.
  Fsnr6_plasma: VAR_TYPE = 'data' and UNITS.strip() = ''.
IBEX_H3_ENA_HI_R18_CG_SP_OMNI_MONO_6MO | ISTP.UNITS.Empty:
  Parm: VAR_TYPE = 'data' and UNITS.strip() = ''.
  Parm_plasma: VAR_TYPE = 'data' and UNITS.strip() = ''.
  Fsnr2: VAR_TYPE = 'data' and UNITS.strip() = ''.
  Fsnr2_plasma: VAR_TYPE = 'data' and UNITS.strip() = ''.
  Fsnr3: VAR_TYPE = 'data' and UNITS.strip() = ''.
  Fsnr3_plasma: VAR_TYPE = 'data' and UNITS.strip() = ''.
  Fsnr4: VAR_TYPE = 'data' and UNITS.strip() = ''.
  Fsnr4_plasma: VAR_TYPE = 'data' and UNITS.strip() = ''.
  Fsnr5: VAR_TYPE = 'data' and UNITS.strip() = ''.
  Fsnr5_plasma: VAR_TYPE = 'data' and UNITS.strip() = ''.
  Fsnr6: VAR_TYPE = 'data' and UNITS.strip() = ''.
  Fsnr6_plasma: VAR_TYPE = 'data' and UNITS.strip() = ''.
IBEX_H3_ENA_HI_R18_CG_SP_RAM_14YR | ISTP.UNITS.Empty:
  Fsnr2: VAR_TYPE = 'data' and UNITS.strip() = ''.
  Fsnr2_plasma: VAR_TYPE = 'data' and UNITS.strip() = ''.
  Fsnr3: VAR_TYPE = 'data' and UNITS.strip() = ''.
  Fsnr3_plasma: VAR_TYPE = 'data' and UNITS.strip() = ''.
  Fsnr4: VAR_TYPE = 'data' and UNITS.strip() = ''.
  Fsnr4_plasma: VAR_TYPE = 'data' and UNITS.strip() = ''.
  Fsnr5: VAR_TYPE = 'data' and UNITS.strip() = ''.
  Fsnr5_plasma: VAR_TYPE = 'data' and UNITS.strip() = ''.
  Fsnr6: VAR_TYPE = 'data' and UNITS.strip() = ''.
  Fsnr6_plasma: VAR_TYPE = 'data' and UNITS.strip() = ''.
IBEX_H3_ENA_HI_R18_CG_SP_RAM_1YR | ISTP.UNITS.Empty:
  Fsnr2: VAR_TYPE = 'data' and UNITS.strip() = ''.
  Fsnr2_plasma: VAR_TYPE = 'data' and UNITS.strip() = ''.
  Fsnr3: VAR_TYPE = 'data' and UNITS.strip() = ''.
  Fsnr3_plasma: VAR_TYPE = 'data' and UNITS.strip() = ''.
  Fsnr4: VAR_TYPE = 'data' and UNITS.strip() = ''.
  Fsnr4_plasma: VAR_TYPE = 'data' and UNITS.strip() = ''.
  Fsnr5: VAR_TYPE = 'data' and UNITS.strip() = ''.
  Fsnr5_plasma: VAR_TYPE = 'data' and UNITS.strip() = ''.
  Fsnr6: VAR_TYPE = 'data' and UNITS.strip() = ''.
  Fsnr6_plasma: VAR_TYPE = 'data' and UNITS.strip() = ''.
IBEX_H3_ENA_HI_R18_CG_SP_RAM_MONO_14YR | ISTP.UNITS.Empty:
  Parm: VAR_TYPE = 'data' and UNITS.strip() = ''.
  Parm_plasma: VAR_TYPE = 'data' and UNITS.strip() = ''.
  Fsnr2: VAR_TYPE = 'data' and UNITS.strip() = ''.
  Fsnr2_plasma: VAR_TYPE = 'data' and UNITS.strip() = ''.
  Fsnr3: VAR_TYPE = 'data' and UNITS.strip() = ''.
  Fsnr3_plasma: VAR_TYPE = 'data' and UNITS.strip() = ''.
  Fsnr4: VAR_TYPE = 'data' and UNITS.strip() = ''.
  Fsnr4_plasma: VAR_TYPE = 'data' and UNITS.strip() = ''.
  Fsnr5: VAR_TYPE = 'data' and UNITS.strip() = ''.
  Fsnr5_plasma: VAR_TYPE = 'data' and UNITS.strip() = ''.
  Fsnr6: VAR_TYPE = 'data' and UNITS.strip() = ''.
  Fsnr6_plasma: VAR_TYPE = 'data' and UNITS.strip() = ''.
IBEX_H3_ENA_HI_R18_CG_SP_RAM_MONO_1YR | ISTP.UNITS.Empty:
  Parm: VAR_TYPE = 'data' and UNITS.strip() = ''.
  Parm_plasma: VAR_TYPE = 'data' and UNITS.strip() = ''.
  Fsnr2: VAR_TYPE = 'data' and UNITS.strip() = ''.
  Fsnr2_plasma: VAR_TYPE = 'data' and UNITS.strip() = ''.
  Fsnr3: VAR_TYPE = 'data' and UNITS.strip() = ''.
  Fsnr3_plasma: VAR_TYPE = 'data' and UNITS.strip() = ''.
  Fsnr4: VAR_TYPE = 'data' and UNITS.strip() = ''.
  Fsnr4_plasma: VAR_TYPE = 'data' and UNITS.strip() = ''.
  Fsnr5: VAR_TYPE = 'data' and UNITS.strip() = ''.
  Fsnr5_plasma: VAR_TYPE = 'data' and UNITS.strip() = ''.
  Fsnr6: VAR_TYPE = 'data' and UNITS.strip() = ''.
  Fsnr6_plasma: VAR_TYPE = 'data' and UNITS.strip() = ''.
IBEX_H3_ENA_HI_R18_NOCG_NOSP_ANTIRAM_14YR | ISTP.UNITS.Empty:
  Fsnr2: VAR_TYPE = 'data' and UNITS.strip() = ''.
  Fsnr2_plasma: VAR_TYPE = 'data' and UNITS.strip() = ''.
  Fsnr3: VAR_TYPE = 'data' and UNITS.strip() = ''.
  Fsnr3_plasma: VAR_TYPE = 'data' and UNITS.strip() = ''.
  Fsnr4: VAR_TYPE = 'data' and UNITS.strip() = ''.
  Fsnr4_plasma: VAR_TYPE = 'data' and UNITS.strip() = ''.
  Fsnr5: VAR_TYPE = 'data' and UNITS.strip() = ''.
  Fsnr5_plasma: VAR_TYPE = 'data' and UNITS.strip() = ''.
  Fsnr6: VAR_TYPE = 'data' and UNITS.strip() = ''.
  Fsnr6_plasma: VAR_TYPE = 'data' and UNITS.strip() = ''.
IBEX_H3_ENA_HI_R18_NOCG_NOSP_ANTIRAM_1YR | ISTP.UNITS.Empty:
  Fsnr2: VAR_TYPE = 'data' and UNITS.strip() = ''.
  Fsnr2_plasma: VAR_TYPE = 'data' and UNITS.strip() = ''.
  Fsnr3: VAR_TYPE = 'data' and UNITS.strip() = ''.
  Fsnr3_plasma: VAR_TYPE = 'data' and UNITS.strip() = ''.
  Fsnr4: VAR_TYPE = 'data' and UNITS.strip() = ''.
  Fsnr4_plasma: VAR_TYPE = 'data' and UNITS.strip() = ''.
  Fsnr5: VAR_TYPE = 'data' and UNITS.strip() = ''.
  Fsnr5_plasma: VAR_TYPE = 'data' and UNITS.strip() = ''.
  Fsnr6: VAR_TYPE = 'data' and UNITS.strip() = ''.
  Fsnr6_plasma: VAR_TYPE = 'data' and UNITS.strip() = ''.
IBEX_H3_ENA_HI_R18_NOCG_NOSP_OMNI_14YR | ISTP.UNITS.Empty:
  Fsnr2: VAR_TYPE = 'data' and UNITS.strip() = ''.
  Fsnr2_plasma: VAR_TYPE = 'data' and UNITS.strip() = ''.
  Fsnr3: VAR_TYPE = 'data' and UNITS.strip() = ''.
  Fsnr3_plasma: VAR_TYPE = 'data' and UNITS.strip() = ''.
  Fsnr4: VAR_TYPE = 'data' and UNITS.strip() = ''.
  Fsnr4_plasma: VAR_TYPE = 'data' and UNITS.strip() = ''.
  Fsnr5: VAR_TYPE = 'data' and UNITS.strip() = ''.
  Fsnr5_plasma: VAR_TYPE = 'data' and UNITS.strip() = ''.
  Fsnr6: VAR_TYPE = 'data' and UNITS.strip() = ''.
  Fsnr6_plasma: VAR_TYPE = 'data' and UNITS.strip() = ''.
IBEX_H3_ENA_HI_R18_NOCG_NOSP_OMNI_6MO | ISTP.UNITS.Empty:
  Fsnr2: VAR_TYPE = 'data' and UNITS.strip() = ''.
  Fsnr2_plasma: VAR_TYPE = 'data' and UNITS.strip() = ''.
  Fsnr3: VAR_TYPE = 'data' and UNITS.strip() = ''.
  Fsnr3_plasma: VAR_TYPE = 'data' and UNITS.strip() = ''.
  Fsnr4: VAR_TYPE = 'data' and UNITS.strip() = ''.
  Fsnr4_plasma: VAR_TYPE = 'data' and UNITS.strip() = ''.
  Fsnr5: VAR_TYPE = 'data' and UNITS.strip() = ''.
  Fsnr5_plasma: VAR_TYPE = 'data' and UNITS.strip() = ''.
  Fsnr6: VAR_TYPE = 'data' and UNITS.strip() = ''.
  Fsnr6_plasma: VAR_TYPE = 'data' and UNITS.strip() = ''.
IBEX_H3_ENA_HI_R18_NOCG_NOSP_RAM_14YR | ISTP.UNITS.Empty:
  Fsnr2: VAR_TYPE = 'data' and UNITS.strip() = ''.
  Fsnr2_plasma: VAR_TYPE = 'data' and UNITS.strip() = ''.
  Fsnr3: VAR_TYPE = 'data' and UNITS.strip() = ''.
  Fsnr3_plasma: VAR_TYPE = 'data' and UNITS.strip() = ''.
  Fsnr4: VAR_TYPE = 'data' and UNITS.strip() = ''.
  Fsnr4_plasma: VAR_TYPE = 'data' and UNITS.strip() = ''.
  Fsnr5: VAR_TYPE = 'data' and UNITS.strip() = ''.
  Fsnr5_plasma: VAR_TYPE = 'data' and UNITS.strip() = ''.
  Fsnr6: VAR_TYPE = 'data' and UNITS.strip() = ''.
  Fsnr6_plasma: VAR_TYPE = 'data' and UNITS.strip() = ''.
IBEX_H3_ENA_HI_R18_NOCG_NOSP_RAM_1YR | ISTP.UNITS.Empty:
  Fsnr2: VAR_TYPE = 'data' and UNITS.strip() = ''.
  Fsnr2_plasma: VAR_TYPE = 'data' and UNITS.strip() = ''.
  Fsnr3: VAR_TYPE = 'data' and UNITS.strip() = ''.
  Fsnr3_plasma: VAR_TYPE = 'data' and UNITS.strip() = ''.
  Fsnr4: VAR_TYPE = 'data' and UNITS.strip() = ''.
  Fsnr4_plasma: VAR_TYPE = 'data' and UNITS.strip() = ''.
  Fsnr5: VAR_TYPE = 'data' and UNITS.strip() = ''.
  Fsnr5_plasma: VAR_TYPE = 'data' and UNITS.strip() = ''.
  Fsnr6: VAR_TYPE = 'data' and UNITS.strip() = ''.
  Fsnr6_plasma: VAR_TYPE = 'data' and UNITS.strip() = ''.
IBEX_H3_ENA_HI_R18_NOCG_SP_ANTIRAM_14YR | ISTP.UNITS.Empty:
  Fsnr2: VAR_TYPE = 'data' and UNITS.strip() = ''.
  Fsnr2_plasma: VAR_TYPE = 'data' and UNITS.strip() = ''.
  Fsnr3: VAR_TYPE = 'data' and UNITS.strip() = ''.
  Fsnr3_plasma: VAR_TYPE = 'data' and UNITS.strip() = ''.
  Fsnr4: VAR_TYPE = 'data' and UNITS.strip() = ''.
  Fsnr4_plasma: VAR_TYPE = 'data' and UNITS.strip() = ''.
  Fsnr5: VAR_TYPE = 'data' and UNITS.strip() = ''.
  Fsnr5_plasma: VAR_TYPE = 'data' and UNITS.strip() = ''.
  Fsnr6: VAR_TYPE = 'data' and UNITS.strip() = ''.
  Fsnr6_plasma: VAR_TYPE = 'data' and UNITS.strip() = ''.
IBEX_H3_ENA_HI_R18_NOCG_SP_ANTIRAM_1YR | ISTP.UNITS.Empty:
  Fsnr2: VAR_TYPE = 'data' and UNITS.strip() = ''.
  Fsnr2_plasma: VAR_TYPE = 'data' and UNITS.strip() = ''.
  Fsnr3: VAR_TYPE = 'data' and UNITS.strip() = ''.
  Fsnr3_plasma: VAR_TYPE = 'data' and UNITS.strip() = ''.
  Fsnr4: VAR_TYPE = 'data' and UNITS.strip() = ''.
  Fsnr4_plasma: VAR_TYPE = 'data' and UNITS.strip() = ''.
  Fsnr5: VAR_TYPE = 'data' and UNITS.strip() = ''.
  Fsnr5_plasma: VAR_TYPE = 'data' and UNITS.strip() = ''.
  Fsnr6: VAR_TYPE = 'data' and UNITS.strip() = ''.
  Fsnr6_plasma: VAR_TYPE = 'data' and UNITS.strip() = ''.
IBEX_H3_ENA_HI_R18_NOCG_SP_OMNI_14YR | ISTP.UNITS.Empty:
  Fsnr2: VAR_TYPE = 'data' and UNITS.strip() = ''.
  Fsnr2_plasma: VAR_TYPE = 'data' and UNITS.strip() = ''.
  Fsnr3: VAR_TYPE = 'data' and UNITS.strip() = ''.
  Fsnr3_plasma: VAR_TYPE = 'data' and UNITS.strip() = ''.
  Fsnr4: VAR_TYPE = 'data' and UNITS.strip() = ''.
  Fsnr4_plasma: VAR_TYPE = 'data' and UNITS.strip() = ''.
  Fsnr5: VAR_TYPE = 'data' and UNITS.strip() = ''.
  Fsnr5_plasma: VAR_TYPE = 'data' and UNITS.strip() = ''.
  Fsnr6: VAR_TYPE = 'data' and UNITS.strip() = ''.
  Fsnr6_plasma: VAR_TYPE = 'data' and UNITS.strip() = ''.
IBEX_H3_ENA_HI_R18_NOCG_SP_OMNI_6MO | ISTP.UNITS.Empty:
  Fsnr2: VAR_TYPE = 'data' and UNITS.strip() = ''.
  Fsnr2_plasma: VAR_TYPE = 'data' and UNITS.strip() = ''.
  Fsnr3: VAR_TYPE = 'data' and UNITS.strip() = ''.
  Fsnr3_plasma: VAR_TYPE = 'data' and UNITS.strip() = ''.
  Fsnr4: VAR_TYPE = 'data' and UNITS.strip() = ''.
  Fsnr4_plasma: VAR_TYPE = 'data' and UNITS.strip() = ''.
  Fsnr5: VAR_TYPE = 'data' and UNITS.strip() = ''.
  Fsnr5_plasma: VAR_TYPE = 'data' and UNITS.strip() = ''.
  Fsnr6: VAR_TYPE = 'data' and UNITS.strip() = ''.
  Fsnr6_plasma: VAR_TYPE = 'data' and UNITS.strip() = ''.
IBEX_H3_ENA_HI_R18_NOCG_SP_RAM_14YR | ISTP.UNITS.Empty:
  Fsnr2: VAR_TYPE = 'data' and UNITS.strip() = ''.
  Fsnr2_plasma: VAR_TYPE = 'data' and UNITS.strip() = ''.
  Fsnr3: VAR_TYPE = 'data' and UNITS.strip() = ''.
  Fsnr3_plasma: VAR_TYPE = 'data' and UNITS.strip() = ''.
  Fsnr4: VAR_TYPE = 'data' and UNITS.strip() = ''.
  Fsnr4_plasma: VAR_TYPE = 'data' and UNITS.strip() = ''.
  Fsnr5: VAR_TYPE = 'data' and UNITS.strip() = ''.
  Fsnr5_plasma: VAR_TYPE = 'data' and UNITS.strip() = ''.
  Fsnr6: VAR_TYPE = 'data' and UNITS.strip() = ''.
  Fsnr6_plasma: VAR_TYPE = 'data' and UNITS.strip() = ''.
IBEX_H3_ENA_HI_R18_NOCG_SP_RAM_1YR | ISTP.UNITS.Empty:
  Fsnr2: VAR_TYPE = 'data' and UNITS.strip() = ''.
  Fsnr2_plasma: VAR_TYPE = 'data' and UNITS.strip() = ''.
  Fsnr3: VAR_TYPE = 'data' and UNITS.strip() = ''.
  Fsnr3_plasma: VAR_TYPE = 'data' and UNITS.strip() = ''.
  Fsnr4: VAR_TYPE = 'data' and UNITS.strip() = ''.
  Fsnr4_plasma: VAR_TYPE = 'data' and UNITS.strip() = ''.
  Fsnr5: VAR_TYPE = 'data' and UNITS.strip() = ''.
  Fsnr5_plasma: VAR_TYPE = 'data' and UNITS.strip() = ''.
  Fsnr6: VAR_TYPE = 'data' and UNITS.strip() = ''.
  Fsnr6_plasma: VAR_TYPE = 'data' and UNITS.strip() = ''.
IBEX_H3_ENA_HI_R18_NOCG_SP_RAM_EQUA_14YR | ISTP.UNITS.Empty:
  Fsnr2: VAR_TYPE = 'data' and UNITS.strip() = ''.
  Fsnr2_plasma: VAR_TYPE = 'data' and UNITS.strip() = ''.
  Fsnr3: VAR_TYPE = 'data' and UNITS.strip() = ''.
  Fsnr3_plasma: VAR_TYPE = 'data' and UNITS.strip() = ''.
  Fsnr4: VAR_TYPE = 'data' and UNITS.strip() = ''.
  Fsnr4_plasma: VAR_TYPE = 'data' and UNITS.strip() = ''.
  Fsnr5: VAR_TYPE = 'data' and UNITS.strip() = ''.
  Fsnr5_plasma: VAR_TYPE = 'data' and UNITS.strip() = ''.
  Fsnr6: VAR_TYPE = 'data' and UNITS.strip() = ''.
  Fsnr6_plasma: VAR_TYPE = 'data' and UNITS.strip() = ''.
IBEX_H3_ENA_HI_R18_NOCG_SP_RAM_GALA_14YR | ISTP.UNITS.Empty:
  Fsnr2: VAR_TYPE = 'data' and UNITS.strip() = ''.
  Fsnr2_plasma: VAR_TYPE = 'data' and UNITS.strip() = ''.
  Fsnr3: VAR_TYPE = 'data' and UNITS.strip() = ''.
  Fsnr3_plasma: VAR_TYPE = 'data' and UNITS.strip() = ''.
  Fsnr4: VAR_TYPE = 'data' and UNITS.strip() = ''.
  Fsnr4_plasma: VAR_TYPE = 'data' and UNITS.strip() = ''.
  Fsnr5: VAR_TYPE = 'data' and UNITS.strip() = ''.
  Fsnr5_plasma: VAR_TYPE = 'data' and UNITS.strip() = ''.
  Fsnr6: VAR_TYPE = 'data' and UNITS.strip() = ''.
  Fsnr6_plasma: VAR_TYPE = 'data' and UNITS.strip() = ''.
IBEX_H3_ENA_LO_R03_ANGULAR_ANALYSIS_7DAY | ISTP.UNITS.Empty:
  Start_GPS_time: VAR_TYPE = 'support_data' and UNITS.strip() = ''.
  End_GPS_time: VAR_TYPE = 'support_data' and UNITS.strip() = ''.
IBEX_H3_ENA_LO_R03_CT_RATE_ANALYSIS_7DAY | ISTP.UNITS.Empty:
  Start_GPS_time: VAR_TYPE = 'support_data' and UNITS.strip() = ''.
  End_GPS_time: VAR_TYPE = 'support_data' and UNITS.strip() = ''.
IBEX_H3_ENA_LO_R04_CG_SP_ANTIRAM_3YR | ISTP.UNITS.Empty:
  Fsnr1: VAR_TYPE = 'data' and UNITS.strip() = ''.
  Fsnr1_plasma: VAR_TYPE = 'data' and UNITS.strip() = ''.
  Fsnr2: VAR_TYPE = 'data' and UNITS.strip() = ''.
  Fsnr2_plasma: VAR_TYPE = 'data' and UNITS.strip() = ''.
  Fsnr3: VAR_TYPE = 'data' and UNITS.strip() = ''.
  Fsnr3_plasma: VAR_TYPE = 'data' and UNITS.strip() = ''.
  Fsnr4: VAR_TYPE = 'data' and UNITS.strip() = ''.
  Fsnr4_plasma: VAR_TYPE = 'data' and UNITS.strip() = ''.
  Fsnr5: VAR_TYPE = 'data' and UNITS.strip() = ''.
  Fsnr5_plasma: VAR_TYPE = 'data' and UNITS.strip() = ''.
  Fsnr6: VAR_TYPE = 'data' and UNITS.strip() = ''.
  Fsnr6_plasma: VAR_TYPE = 'data' and UNITS.strip() = ''.
  Fsnr7: VAR_TYPE = 'data' and UNITS.strip() = ''.
  Fsnr7_plasma: VAR_TYPE = 'data' and UNITS.strip() = ''.
  Fsnr8: VAR_TYPE = 'data' and UNITS.strip() = ''.
  Fsnr8_plasma: VAR_TYPE = 'data' and UNITS.strip() = ''.
IBEX_H3_ENA_LO_R04_CG_SP_RAM_3YR | ISTP.UNITS.Empty:
  Fsnr1: VAR_TYPE = 'data' and UNITS.strip() = ''.
  Fsnr1_plasma: VAR_TYPE = 'data' and UNITS.strip() = ''.
  Fsnr2: VAR_TYPE = 'data' and UNITS.strip() = ''.
  Fsnr2_plasma: VAR_TYPE = 'data' and UNITS.strip() = ''.
  Fsnr3: VAR_TYPE = 'data' and UNITS.strip() = ''.
  Fsnr3_plasma: VAR_TYPE = 'data' and UNITS.strip() = ''.
  Fsnr4: VAR_TYPE = 'data' and UNITS.strip() = ''.
  Fsnr4_plasma: VAR_TYPE = 'data' and UNITS.strip() = ''.
  Fsnr5: VAR_TYPE = 'data' and UNITS.strip() = ''.
  Fsnr5_plasma: VAR_TYPE = 'data' and UNITS.strip() = ''.
  Fsnr6: VAR_TYPE = 'data' and UNITS.strip() = ''.
  Fsnr6_plasma: VAR_TYPE = 'data' and UNITS.strip() = ''.
  Fsnr7: VAR_TYPE = 'data' and UNITS.strip() = ''.
  Fsnr7_plasma: VAR_TYPE = 'data' and UNITS.strip() = ''.
  Fsnr8: VAR_TYPE = 'data' and UNITS.strip() = ''.
  Fsnr8_plasma: VAR_TYPE = 'data' and UNITS.strip() = ''.
IBEX_H3_ENA_LO_R07_NOCG_NOSP_OMNI_6MO | ISTP.UNITS.Empty:
  Fsnr1: VAR_TYPE = 'data' and UNITS.strip() = ''.
  Fsnr1_plasma: VAR_TYPE = 'data' and UNITS.strip() = ''.
  Fsnr2: VAR_TYPE = 'data' and UNITS.strip() = ''.
  Fsnr2_plasma: VAR_TYPE = 'data' and UNITS.strip() = ''.
  Fsnr3: VAR_TYPE = 'data' and UNITS.strip() = ''.
  Fsnr3_plasma: VAR_TYPE = 'data' and UNITS.strip() = ''.
  Fsnr4: VAR_TYPE = 'data' and UNITS.strip() = ''.
  Fsnr4_plasma: VAR_TYPE = 'data' and UNITS.strip() = ''.
  Fsnr5: VAR_TYPE = 'data' and UNITS.strip() = ''.
  Fsnr5_plasma: VAR_TYPE = 'data' and UNITS.strip() = ''.
  Fsnr6: VAR_TYPE = 'data' and UNITS.strip() = ''.
  Fsnr6_plasma: VAR_TYPE = 'data' and UNITS.strip() = ''.
  Fsnr7: VAR_TYPE = 'data' and UNITS.strip() = ''.
  Fsnr7_plasma: VAR_TYPE = 'data' and UNITS.strip() = ''.
  Fsnr8: VAR_TYPE = 'data' and UNITS.strip() = ''.
  Fsnr8_plasma: VAR_TYPE = 'data' and UNITS.strip() = ''.
IBEX_H3_ENA_LO_R07_NOCG_NOSP_OMNI_VESCF_10MP | ISTP.UNITS.Empty:
  Fsnr3: VAR_TYPE = 'data' and UNITS.strip() = ''.
  Fsnr3_plasma: VAR_TYPE = 'data' and UNITS.strip() = ''.
  Fsnr4: VAR_TYPE = 'data' and UNITS.strip() = ''.
  Fsnr4_plasma: VAR_TYPE = 'data' and UNITS.strip() = ''.
  Fsnr5: VAR_TYPE = 'data' and UNITS.strip() = ''.
  Fsnr5_plasma: VAR_TYPE = 'data' and UNITS.strip() = ''.
  Fsnr6: VAR_TYPE = 'data' and UNITS.strip() = ''.
  Fsnr6_plasma: VAR_TYPE = 'data' and UNITS.strip() = ''.
  Fsnr7: VAR_TYPE = 'data' and UNITS.strip() = ''.
  Fsnr7_plasma: VAR_TYPE = 'data' and UNITS.strip() = ''.
  Fsnr8: VAR_TYPE = 'data' and UNITS.strip() = ''.
  Fsnr8_plasma: VAR_TYPE = 'data' and UNITS.strip() = ''.
IBEX_H3_ENA_LO_R07_NOCG_SP_OMNI_6MO | ISTP.UNITS.Empty:
  Fsnr1: VAR_TYPE = 'data' and UNITS.strip() = ''.
  Fsnr1_plasma: VAR_TYPE = 'data' and UNITS.strip() = ''.
  Fsnr2: VAR_TYPE = 'data' and UNITS.strip() = ''.
  Fsnr2_plasma: VAR_TYPE = 'data' and UNITS.strip() = ''.
  Fsnr3: VAR_TYPE = 'data' and UNITS.strip() = ''.
  Fsnr3_plasma: VAR_TYPE = 'data' and UNITS.strip() = ''.
  Fsnr4: VAR_TYPE = 'data' and UNITS.strip() = ''.
  Fsnr4_plasma: VAR_TYPE = 'data' and UNITS.strip() = ''.
  Fsnr5: VAR_TYPE = 'data' and UNITS.strip() = ''.
  Fsnr5_plasma: VAR_TYPE = 'data' and UNITS.strip() = ''.
  Fsnr6: VAR_TYPE = 'data' and UNITS.strip() = ''.
  Fsnr6_plasma: VAR_TYPE = 'data' and UNITS.strip() = ''.
  Fsnr7: VAR_TYPE = 'data' and UNITS.strip() = ''.
  Fsnr7_plasma: VAR_TYPE = 'data' and UNITS.strip() = ''.
  Fsnr8: VAR_TYPE = 'data' and UNITS.strip() = ''.
  Fsnr8_plasma: VAR_TYPE = 'data' and UNITS.strip() = ''.
IBEX_H3_ENA_LO_R07_NOCG_SP_OMNI_VESCF_10MP | ISTP.UNITS.Empty:
  Fsnr3: VAR_TYPE = 'data' and UNITS.strip() = ''.
  Fsnr3_plasma: VAR_TYPE = 'data' and UNITS.strip() = ''.
  Fsnr4: VAR_TYPE = 'data' and UNITS.strip() = ''.
  Fsnr4_plasma: VAR_TYPE = 'data' and UNITS.strip() = ''.
  Fsnr5: VAR_TYPE = 'data' and UNITS.strip() = ''.
  Fsnr5_plasma: VAR_TYPE = 'data' and UNITS.strip() = ''.
  Fsnr6: VAR_TYPE = 'data' and UNITS.strip() = ''.
  Fsnr6_plasma: VAR_TYPE = 'data' and UNITS.strip() = ''.
  Fsnr7: VAR_TYPE = 'data' and UNITS.strip() = ''.
  Fsnr7_plasma: VAR_TYPE = 'data' and UNITS.strip() = ''.
  Fsnr8: VAR_TYPE = 'data' and UNITS.strip() = ''.
  Fsnr8_plasma: VAR_TYPE = 'data' and UNITS.strip() = ''.
IBEX_H3_ENA_LO_R09_PARK_OMAP_3YR | ISTP.UNITS.Empty:
  Rsnr5: VAR_TYPE = 'data' and UNITS.strip() = ''.
  Rsnr5_plasma: VAR_TYPE = 'data' and UNITS.strip() = ''.
  Rsnr6: VAR_TYPE = 'data' and UNITS.strip() = ''.
  Rsnr6_plasma: VAR_TYPE = 'data' and UNITS.strip() = ''.
  Rsnr7: VAR_TYPE = 'data' and UNITS.strip() = ''.
  Rsnr7_plasma: VAR_TYPE = 'data' and UNITS.strip() = ''.
  Rsnr8: VAR_TYPE = 'data' and UNITS.strip() = ''.
  Rsnr8_plasma: VAR_TYPE = 'data' and UNITS.strip() = ''.
IBEX_H3_ENA_LO_R09_PARK_OMAP_3YR-EVEN-MAPS | ISTP.UNITS.Empty:
  Rsnr5: VAR_TYPE = 'data' and UNITS.strip() = ''.
  Rsnr5_plasma: VAR_TYPE = 'data' and UNITS.strip() = ''.
  Rsnr6: VAR_TYPE = 'data' and UNITS.strip() = ''.
  Rsnr6_plasma: VAR_TYPE = 'data' and UNITS.strip() = ''.
  Rsnr7: VAR_TYPE = 'data' and UNITS.strip() = ''.
  Rsnr7_plasma: VAR_TYPE = 'data' and UNITS.strip() = ''.
  Rsnr8: VAR_TYPE = 'data' and UNITS.strip() = ''.
  Rsnr8_plasma: VAR_TYPE = 'data' and UNITS.strip() = ''.
IBEX_H3_ENA_LO_R09_PARK_OMAP_3YR-ODD-MAPS | ISTP.UNITS.Empty:
  Rsnr5: VAR_TYPE = 'data' and UNITS.strip() = ''.
  Rsnr5_plasma: VAR_TYPE = 'data' and UNITS.strip() = ''.
  Rsnr6: VAR_TYPE = 'data' and UNITS.strip() = ''.
  Rsnr6_plasma: VAR_TYPE = 'data' and UNITS.strip() = ''.
  Rsnr7: VAR_TYPE = 'data' and UNITS.strip() = ''.
  Rsnr7_plasma: VAR_TYPE = 'data' and UNITS.strip() = ''.
  Rsnr8: VAR_TYPE = 'data' and UNITS.strip() = ''.
  Rsnr8_plasma: VAR_TYPE = 'data' and UNITS.strip() = ''.
IBEX_H3_ENA_LO_R09_PARK_OMAP_6MO | ISTP.UNITS.Empty:
  Rsnr5: VAR_TYPE = 'data' and UNITS.strip() = ''.
  Rsnr5_plasma: VAR_TYPE = 'data' and UNITS.strip() = ''.
  Rsnr6: VAR_TYPE = 'data' and UNITS.strip() = ''.
  Rsnr6_plasma: VAR_TYPE = 'data' and UNITS.strip() = ''.
  Rsnr7: VAR_TYPE = 'data' and UNITS.strip() = ''.
  Rsnr7_plasma: VAR_TYPE = 'data' and UNITS.strip() = ''.
  Rsnr8: VAR_TYPE = 'data' and UNITS.strip() = ''.
  Rsnr8_plasma: VAR_TYPE = 'data' and UNITS.strip() = ''.
IBEX_H3_ENA_LO_R10_NOCG_NOSP_OMNI_6MO | ISTP.UNITS.Empty:
  Fsnr5: VAR_TYPE = 'data' and UNITS.strip() = ''.
  Fsnr5_plasma: VAR_TYPE = 'data' and UNITS.strip() = ''.
  Fsnr6: VAR_TYPE = 'data' and UNITS.strip() = ''.
  Fsnr6_plasma: VAR_TYPE = 'data' and UNITS.strip() = ''.
  Fsnr7: VAR_TYPE = 'data' and UNITS.strip() = ''.
  Fsnr7_plasma: VAR_TYPE = 'data' and UNITS.strip() = ''.
  Fsnr8: VAR_TYPE = 'data' and UNITS.strip() = ''.
  Fsnr8_plasma: VAR_TYPE = 'data' and UNITS.strip() = ''.
IBEX_H3_ENA_LO_R10_NOCG_NOSP_OMNI_7YR | ISTP.UNITS.Empty:
  Fsnr5: VAR_TYPE = 'data' and UNITS.strip() = ''.
  Fsnr5_plasma: VAR_TYPE = 'data' and UNITS.strip() = ''.
  Fsnr6: VAR_TYPE = 'data' and UNITS.strip() = ''.
  Fsnr6_plasma: VAR_TYPE = 'data' and UNITS.strip() = ''.
  Fsnr7: VAR_TYPE = 'data' and UNITS.strip() = ''.
  Fsnr7_plasma: VAR_TYPE = 'data' and UNITS.strip() = ''.
  Fsnr8: VAR_TYPE = 'data' and UNITS.strip() = ''.
  Fsnr8_plasma: VAR_TYPE = 'data' and UNITS.strip() = ''.
IBEX_H3_ENA_LO_R10_NOCG_SP_OMNI_6MO | ISTP.UNITS.Empty:
  Fsnr5: VAR_TYPE = 'data' and UNITS.strip() = ''.
  Fsnr5_plasma: VAR_TYPE = 'data' and UNITS.strip() = ''.
  Fsnr6: VAR_TYPE = 'data' and UNITS.strip() = ''.
  Fsnr6_plasma: VAR_TYPE = 'data' and UNITS.strip() = ''.
  Fsnr7: VAR_TYPE = 'data' and UNITS.strip() = ''.
  Fsnr7_plasma: VAR_TYPE = 'data' and UNITS.strip() = ''.
  Fsnr8: VAR_TYPE = 'data' and UNITS.strip() = ''.
  Fsnr8_plasma: VAR_TYPE = 'data' and UNITS.strip() = ''.
IBEX_H3_ENA_LO_R10_NOCG_SP_OMNI_7YR | ISTP.UNITS.Empty:
  Fsnr5: VAR_TYPE = 'data' and UNITS.strip() = ''.
  Fsnr5_plasma: VAR_TYPE = 'data' and UNITS.strip() = ''.
  Fsnr6: VAR_TYPE = 'data' and UNITS.strip() = ''.
  Fsnr6_plasma: VAR_TYPE = 'data' and UNITS.strip() = ''.
  Fsnr7: VAR_TYPE = 'data' and UNITS.strip() = ''.
  Fsnr7_plasma: VAR_TYPE = 'data' and UNITS.strip() = ''.
  Fsnr8: VAR_TYPE = 'data' and UNITS.strip() = ''.
  Fsnr8_plasma: VAR_TYPE = 'data' and UNITS.strip() = ''.
IBEX_H3_ENA_LO_R17_CG_NOSP_ANTIRAM_1YR | ISTP.UNITS.Empty:
  Fsnr1: VAR_TYPE = 'data' and UNITS.strip() = ''.
  Fsnr1_plasma: VAR_TYPE = 'data' and UNITS.strip() = ''.
  Fsnr2: VAR_TYPE = 'data' and UNITS.strip() = ''.
  Fsnr2_plasma: VAR_TYPE = 'data' and UNITS.strip() = ''.
  Fsnr3: VAR_TYPE = 'data' and UNITS.strip() = ''.
  Fsnr3_plasma: VAR_TYPE = 'data' and UNITS.strip() = ''.
  Fsnr4: VAR_TYPE = 'data' and UNITS.strip() = ''.
  Fsnr4_plasma: VAR_TYPE = 'data' and UNITS.strip() = ''.
  Fsnr5: VAR_TYPE = 'data' and UNITS.strip() = ''.
  Fsnr5_plasma: VAR_TYPE = 'data' and UNITS.strip() = ''.
  Fsnr6: VAR_TYPE = 'data' and UNITS.strip() = ''.
  Fsnr6_plasma: VAR_TYPE = 'data' and UNITS.strip() = ''.
  Fsnr7: VAR_TYPE = 'data' and UNITS.strip() = ''.
  Fsnr7_plasma: VAR_TYPE = 'data' and UNITS.strip() = ''.
  Fsnr8: VAR_TYPE = 'data' and UNITS.strip() = ''.
  Fsnr8_plasma: VAR_TYPE = 'data' and UNITS.strip() = ''.
IBEX_H3_ENA_LO_R17_CG_NOSP_OMNI_1YR | ISTP.UNITS.Empty:
  Fsnr1: VAR_TYPE = 'data' and UNITS.strip() = ''.
  Fsnr1_plasma: VAR_TYPE = 'data' and UNITS.strip() = ''.
  Fsnr2: VAR_TYPE = 'data' and UNITS.strip() = ''.
  Fsnr2_plasma: VAR_TYPE = 'data' and UNITS.strip() = ''.
  Fsnr3: VAR_TYPE = 'data' and UNITS.strip() = ''.
  Fsnr3_plasma: VAR_TYPE = 'data' and UNITS.strip() = ''.
  Fsnr4: VAR_TYPE = 'data' and UNITS.strip() = ''.
  Fsnr4_plasma: VAR_TYPE = 'data' and UNITS.strip() = ''.
  Fsnr5: VAR_TYPE = 'data' and UNITS.strip() = ''.
  Fsnr5_plasma: VAR_TYPE = 'data' and UNITS.strip() = ''.
  Fsnr6: VAR_TYPE = 'data' and UNITS.strip() = ''.
  Fsnr6_plasma: VAR_TYPE = 'data' and UNITS.strip() = ''.
  Fsnr7: VAR_TYPE = 'data' and UNITS.strip() = ''.
  Fsnr7_plasma: VAR_TYPE = 'data' and UNITS.strip() = ''.
  Fsnr8: VAR_TYPE = 'data' and UNITS.strip() = ''.
  Fsnr8_plasma: VAR_TYPE = 'data' and UNITS.strip() = ''.
IBEX_H3_ENA_LO_R17_CG_NOSP_RAM_1YR | ISTP.UNITS.Empty:
  Fsnr1: VAR_TYPE = 'data' and UNITS.strip() = ''.
  Fsnr1_plasma: VAR_TYPE = 'data' and UNITS.strip() = ''.
  Fsnr2: VAR_TYPE = 'data' and UNITS.strip() = ''.
  Fsnr2_plasma: VAR_TYPE = 'data' and UNITS.strip() = ''.
  Fsnr3: VAR_TYPE = 'data' and UNITS.strip() = ''.
  Fsnr3_plasma: VAR_TYPE = 'data' and UNITS.strip() = ''.
  Fsnr4: VAR_TYPE = 'data' and UNITS.strip() = ''.
  Fsnr4_plasma: VAR_TYPE = 'data' and UNITS.strip() = ''.
  Fsnr5: VAR_TYPE = 'data' and UNITS.strip() = ''.
  Fsnr5_plasma: VAR_TYPE = 'data' and UNITS.strip() = ''.
  Fsnr6: VAR_TYPE = 'data' and UNITS.strip() = ''.
  Fsnr6_plasma: VAR_TYPE = 'data' and UNITS.strip() = ''.
  Fsnr7: VAR_TYPE = 'data' and UNITS.strip() = ''.
  Fsnr7_plasma: VAR_TYPE = 'data' and UNITS.strip() = ''.
  Fsnr8: VAR_TYPE = 'data' and UNITS.strip() = ''.
  Fsnr8_plasma: VAR_TYPE = 'data' and UNITS.strip() = ''.
IBEX_H3_ENA_LO_R17_CG_SP_ANTIRAM_1YR | ISTP.UNITS.Empty:
  Fsnr1: VAR_TYPE = 'data' and UNITS.strip() = ''.
  Fsnr1_plasma: VAR_TYPE = 'data' and UNITS.strip() = ''.
  Fsnr2: VAR_TYPE = 'data' and UNITS.strip() = ''.
  Fsnr2_plasma: VAR_TYPE = 'data' and UNITS.strip() = ''.
  Fsnr3: VAR_TYPE = 'data' and UNITS.strip() = ''.
  Fsnr3_plasma: VAR_TYPE = 'data' and UNITS.strip() = ''.
  Fsnr4: VAR_TYPE = 'data' and UNITS.strip() = ''.
  Fsnr4_plasma: VAR_TYPE = 'data' and UNITS.strip() = ''.
  Fsnr5: VAR_TYPE = 'data' and UNITS.strip() = ''.
  Fsnr5_plasma: VAR_TYPE = 'data' and UNITS.strip() = ''.
  Fsnr6: VAR_TYPE = 'data' and UNITS.strip() = ''.
  Fsnr6_plasma: VAR_TYPE = 'data' and UNITS.strip() = ''.
  Fsnr7: VAR_TYPE = 'data' and UNITS.strip() = ''.
  Fsnr7_plasma: VAR_TYPE = 'data' and UNITS.strip() = ''.
  Fsnr8: VAR_TYPE = 'data' and UNITS.strip() = ''.
  Fsnr8_plasma: VAR_TYPE = 'data' and UNITS.strip() = ''.
IBEX_H3_ENA_LO_R17_CG_SP_OMNI_1YR | ISTP.UNITS.Empty:
  Fsnr1: VAR_TYPE = 'data' and UNITS.strip() = ''.
  Fsnr1_plasma: VAR_TYPE = 'data' and UNITS.strip() = ''.
  Fsnr2: VAR_TYPE = 'data' and UNITS.strip() = ''.
  Fsnr2_plasma: VAR_TYPE = 'data' and UNITS.strip() = ''.
  Fsnr3: VAR_TYPE = 'data' and UNITS.strip() = ''.
  Fsnr3_plasma: VAR_TYPE = 'data' and UNITS.strip() = ''.
  Fsnr4: VAR_TYPE = 'data' and UNITS.strip() = ''.
  Fsnr4_plasma: VAR_TYPE = 'data' and UNITS.strip() = ''.
  Fsnr5: VAR_TYPE = 'data' and UNITS.strip() = ''.
  Fsnr5_plasma: VAR_TYPE = 'data' and UNITS.strip() = ''.
  Fsnr6: VAR_TYPE = 'data' and UNITS.strip() = ''.
  Fsnr6_plasma: VAR_TYPE = 'data' and UNITS.strip() = ''.
  Fsnr7: VAR_TYPE = 'data' and UNITS.strip() = ''.
  Fsnr7_plasma: VAR_TYPE = 'data' and UNITS.strip() = ''.
  Fsnr8: VAR_TYPE = 'data' and UNITS.strip() = ''.
  Fsnr8_plasma: VAR_TYPE = 'data' and UNITS.strip() = ''.
IBEX_H3_ENA_LO_R17_CG_SP_RAM_1YR | ISTP.UNITS.Empty:
  Fsnr1: VAR_TYPE = 'data' and UNITS.strip() = ''.
  Fsnr1_plasma: VAR_TYPE = 'data' and UNITS.strip() = ''.
  Fsnr2: VAR_TYPE = 'data' and UNITS.strip() = ''.
  Fsnr2_plasma: VAR_TYPE = 'data' and UNITS.strip() = ''.
  Fsnr3: VAR_TYPE = 'data' and UNITS.strip() = ''.
  Fsnr3_plasma: VAR_TYPE = 'data' and UNITS.strip() = ''.
  Fsnr4: VAR_TYPE = 'data' and UNITS.strip() = ''.
  Fsnr4_plasma: VAR_TYPE = 'data' and UNITS.strip() = ''.
  Fsnr5: VAR_TYPE = 'data' and UNITS.strip() = ''.
  Fsnr5_plasma: VAR_TYPE = 'data' and UNITS.strip() = ''.
  Fsnr6: VAR_TYPE = 'data' and UNITS.strip() = ''.
  Fsnr6_plasma: VAR_TYPE = 'data' and UNITS.strip() = ''.
  Fsnr7: VAR_TYPE = 'data' and UNITS.strip() = ''.
  Fsnr7_plasma: VAR_TYPE = 'data' and UNITS.strip() = ''.
  Fsnr8: VAR_TYPE = 'data' and UNITS.strip() = ''.
  Fsnr8_plasma: VAR_TYPE = 'data' and UNITS.strip() = ''.
IBEX_H3_ENA_LO_R17_NOCG_NOSP_RAM_1YR | ISTP.UNITS.Empty:
  Fsnr1: VAR_TYPE = 'data' and UNITS.strip() = ''.
  Fsnr1_plasma: VAR_TYPE = 'data' and UNITS.strip() = ''.
  Fsnr2: VAR_TYPE = 'data' and UNITS.strip() = ''.
  Fsnr2_plasma: VAR_TYPE = 'data' and UNITS.strip() = ''.
  Fsnr3: VAR_TYPE = 'data' and UNITS.strip() = ''.
  Fsnr3_plasma: VAR_TYPE = 'data' and UNITS.strip() = ''.
  Fsnr4: VAR_TYPE = 'data' and UNITS.strip() = ''.
  Fsnr4_plasma: VAR_TYPE = 'data' and UNITS.strip() = ''.
  Fsnr5: VAR_TYPE = 'data' and UNITS.strip() = ''.
  Fsnr5_plasma: VAR_TYPE = 'data' and UNITS.strip() = ''.
  Fsnr6: VAR_TYPE = 'data' and UNITS.strip() = ''.
  Fsnr6_plasma: VAR_TYPE = 'data' and UNITS.strip() = ''.
  Fsnr7: VAR_TYPE = 'data' and UNITS.strip() = ''.
  Fsnr7_plasma: VAR_TYPE = 'data' and UNITS.strip() = ''.
  Fsnr8: VAR_TYPE = 'data' and UNITS.strip() = ''.
  Fsnr8_plasma: VAR_TYPE = 'data' and UNITS.strip() = ''.
IBEX_H3_ENA_R18_STATE_VECTOR | ISTP.UNITS.Empty:
  GPSTime: VAR_TYPE = 'data' and UNITS.strip() = ''.
  Orbit: VAR_TYPE = 'data' and UNITS.strip() = ''.
IBEX_OR_SSC | ISTP.UNITS.Empty:
  L_VALUE: VAR_TYPE = 'data' and UNITS.strip() = ''.
ICON_L2-1_MIGHTI-A_LOS-WIND-GREEN | ISTP.UNITS.Empty:
  ICON_L21_UTC_Time: VAR_TYPE = 'support_data' and UNITS.strip() = ''.
ICON_L2-1_MIGHTI-A_LOS-WIND-RED | ISTP.UNITS.Empty:
  ICON_L21_UTC_Time: VAR_TYPE = 'support_data' and UNITS.strip() = ''.
ICON_L2-1_MIGHTI-B_LOS-WIND-GREEN | ISTP.UNITS.Empty:
  ICON_L21_UTC_Time: VAR_TYPE = 'support_data' and UNITS.strip() = ''.
ICON_L2-1_MIGHTI-B_LOS-WIND-RED | ISTP.UNITS.Empty:
  ICON_L21_UTC_Time: VAR_TYPE = 'support_data' and UNITS.strip() = ''.
ICON_L2-2_MIGHTI_VECTOR-WIND-GREEN | ISTP.UNITS.Empty:
  ICON_L22_Orbit_Node: VAR_TYPE = 'data' and UNITS.strip() = ''.
  ICON_L22_Orbit_Number: VAR_TYPE = 'data' and UNITS.strip() = ''.
  ICON_L22_UTC_Time: VAR_TYPE = 'support_data' and UNITS.strip() = ''.
ICON_L2-2_MIGHTI_VECTOR-WIND-RED | ISTP.UNITS.Empty:
  ICON_L22_Orbit_Node: VAR_TYPE = 'data' and UNITS.strip() = ''.
  ICON_L22_Orbit_Number: VAR_TYPE = 'data' and UNITS.strip() = ''.
  ICON_L22_UTC_Time: VAR_TYPE = 'support_data' and UNITS.strip() = ''.
ICON_L2-3_MIGHTI-A_TEMPERATURE | ISTP.UNITS.Empty:
  ICON_L1_MIGHTI_A_Quality_Flag_Bad_Calibration: VAR_TYPE = 'support_data' and UNITS.strip() = ''.
  ICON_L1_MIGHTI_A_Quality_Flag_South_Atlantic_Anomaly: VAR_TYPE = 'support_data' and UNITS.strip() = ''.
  ICON_L23_MIGHTI_A_ABand_Intensity_Scaled: VAR_TYPE = 'data' and UNITS.strip() = ''.
  ICON_L23_MIGHTI_A_ABand_Intensity_Scaled_Uncertainty: VAR_TYPE = 'data' and UNITS.strip() = ''.
  ICON_L23_MIGHTI_A_GPS_Time: VAR_TYPE = 'support_data' and UNITS.strip() = ''.
  ICON_L23_MIGHTI_A_UTC_Time: VAR_TYPE = 'support_data' and UNITS.strip() = ''.
  ICON_L23_Orbit_Node: VAR_TYPE = 'support_data' and UNITS.strip() = ''.
  ICON_L23_Orbit_Number: VAR_TYPE = 'support_data' and UNITS.strip() = ''.
ICON_L2-3_MIGHTI-B_TEMPERATURE | ISTP.UNITS.Empty:
  ICON_L1_MIGHTI_B_Quality_Flag_Bad_Calibration: VAR_TYPE = 'support_data' and UNITS.strip() = ''.
  ICON_L1_MIGHTI_B_Quality_Flag_South_Atlantic_Anomaly: VAR_TYPE = 'support_data' and UNITS.strip() = ''.
  ICON_L23_MIGHTI_B_ABand_Intensity_Scaled: VAR_TYPE = 'data' and UNITS.strip() = ''.
  ICON_L23_MIGHTI_B_ABand_Intensity_Scaled_Uncertainty: VAR_TYPE = 'data' and UNITS.strip() = ''.
  ICON_L23_MIGHTI_B_GPS_Time: VAR_TYPE = 'support_data' and UNITS.strip() = ''.
  ICON_L23_MIGHTI_B_UTC_Time: VAR_TYPE = 'support_data' and UNITS.strip() = ''.
  ICON_L23_Orbit_Node: VAR_TYPE = 'support_data' and UNITS.strip() = ''.
  ICON_L23_Orbit_Number: VAR_TYPE = 'support_data' and UNITS.strip() = ''.
ICON_L2-5_FUV_NIGHT | ISTP.UNITS.Empty:
  ICON_L25_Orbit_Number: VAR_TYPE = 'support_data' and UNITS.strip() = ''.
  ICON_L25_Quality_Flags: VAR_TYPE = 'data' and UNITS.strip() = ''.
  ICON_L25_Start_Times: VAR_TYPE = 'support_data' and UNITS.strip() = ''.
  ICON_L25_Stop_Times: VAR_TYPE = 'support_data' and UNITS.strip() = ''.
  ICON_L25_UTC_Time: VAR_TYPE = 'support_data' and UNITS.strip() = ''.
ICON_L2-7_IVM-A | ISTP.UNITS.Empty:
  ICON_L27_Fractional_Ion_Density_H: VAR_TYPE = 'data' and UNITS.strip() = ''.
  ICON_L27_Fractional_Ion_Density_O: VAR_TYPE = 'data' and UNITS.strip() = ''.
  ICON_L27_Unit_Vector_Meridional_X: VAR_TYPE = 'data' and UNITS.strip() = ''.
  ICON_L27_Unit_Vector_Meridional_Y: VAR_TYPE = 'data' and UNITS.strip() = ''.
  ICON_L27_Unit_Vector_Meridional_Z: VAR_TYPE = 'data' and UNITS.strip() = ''.
  ICON_L27_Unit_Vector_Field_Aligned_X: VAR_TYPE = 'data' and UNITS.strip() = ''.
  ICON_L27_Unit_Vector_Field_Aligned_Y: VAR_TYPE = 'data' and UNITS.strip() = ''.
  ICON_L27_Unit_Vector_Field_Aligned_Z: VAR_TYPE = 'data' and UNITS.strip() = ''.
  ICON_L27_Unit_Vector_Zonal_X: VAR_TYPE = 'data' and UNITS.strip() = ''.
  ICON_L27_Unit_Vector_Zonal_Y: VAR_TYPE = 'data' and UNITS.strip() = ''.
  ICON_L27_Unit_Vector_Zonal_Z: VAR_TYPE = 'data' and UNITS.strip() = ''.
  ICON_L27_Slew_Status: VAR_TYPE = 'data' and UNITS.strip() = ''.
  ICON_L27_DM_Flag: VAR_TYPE = 'data' and UNITS.strip() = ''.
  ICON_L27_RPA_Flag: VAR_TYPE = 'data' and UNITS.strip() = ''.
  ICON_L27_UTC_Time: VAR_TYPE = 'support_data' and UNITS.strip() = ''.
  ICON_L27_Unit_Vector_X_East: VAR_TYPE = 'data' and UNITS.strip() = ''.
  ICON_L27_Unit_Vector_X_North: VAR_TYPE = 'data' and UNITS.strip() = ''.
  ICON_L27_Unit_Vector_X_Up: VAR_TYPE = 'data' and UNITS.strip() = ''.
  ICON_L27_Unit_Vector_Y_East: VAR_TYPE = 'data' and UNITS.strip() = ''.
  ICON_L27_Unit_Vector_Y_North: VAR_TYPE = 'data' and UNITS.strip() = ''.
  ICON_L27_Unit_Vector_Y_Up: VAR_TYPE = 'data' and UNITS.strip() = ''.
  ICON_L27_Unit_Vector_Z_East: VAR_TYPE = 'data' and UNITS.strip() = ''.
  ICON_L27_Unit_Vector_Z_North: VAR_TYPE = 'data' and UNITS.strip() = ''.
  ICON_L27_Unit_Vector_Z_Up: VAR_TYPE = 'data' and UNITS.strip() = ''.
ICON_L2-7_IVM-B | ISTP.UNITS.Empty:
  ICON_L27_DM_Flag: VAR_TYPE = 'data' and UNITS.strip() = ''.
  ICON_L27_Fractional_Ion_Density_H: VAR_TYPE = 'data' and UNITS.strip() = ''.
  ICON_L27_Fractional_Ion_Density_O: VAR_TYPE = 'data' and UNITS.strip() = ''.
  ICON_L27_RPA_Flag: VAR_TYPE = 'data' and UNITS.strip() = ''.
  ICON_L27_Slew_Status: VAR_TYPE = 'data' and UNITS.strip() = ''.
  ICON_L27_UTC_Time: VAR_TYPE = 'support_data' and UNITS.strip() = ''.
  ICON_L27_Unit_Vector_Field_Aligned_X: VAR_TYPE = 'data' and UNITS.strip() = ''.
  ICON_L27_Unit_Vector_Field_Aligned_Y: VAR_TYPE = 'data' and UNITS.strip() = ''.
  ICON_L27_Unit_Vector_Field_Aligned_Z: VAR_TYPE = 'data' and UNITS.strip() = ''.
  ICON_L27_Unit_Vector_Meridional_X: VAR_TYPE = 'data' and UNITS.strip() = ''.
  ICON_L27_Unit_Vector_Meridional_Y: VAR_TYPE = 'data' and UNITS.strip() = ''.
  ICON_L27_Unit_Vector_Meridional_Z: VAR_TYPE = 'data' and UNITS.strip() = ''.
  ICON_L27_Unit_Vector_X_East: VAR_TYPE = 'data' and UNITS.strip() = ''.
  ICON_L27_Unit_Vector_X_North: VAR_TYPE = 'data' and UNITS.strip() = ''.
  ICON_L27_Unit_Vector_X_Up: VAR_TYPE = 'data' and UNITS.strip() = ''.
  ICON_L27_Unit_Vector_Y_East: VAR_TYPE = 'data' and UNITS.strip() = ''.
  ICON_L27_Unit_Vector_Y_North: VAR_TYPE = 'data' and UNITS.strip() = ''.
  ICON_L27_Unit_Vector_Y_Up: VAR_TYPE = 'data' and UNITS.strip() = ''.
  ICON_L27_Unit_Vector_Z_East: VAR_TYPE = 'data' and UNITS.strip() = ''.
  ICON_L27_Unit_Vector_Z_North: VAR_TYPE = 'data' and UNITS.strip() = ''.
  ICON_L27_Unit_Vector_Z_Up: VAR_TYPE = 'data' and UNITS.strip() = ''.
  ICON_L27_Unit_Vector_Zonal_X: VAR_TYPE = 'data' and UNITS.strip() = ''.
  ICON_L27_Unit_Vector_Zonal_Y: VAR_TYPE = 'data' and UNITS.strip() = ''.
  ICON_L27_Unit_Vector_Zonal_Z: VAR_TYPE = 'data' and UNITS.strip() = ''.
IG_K0_PCI | ISTP.UNITS.Empty:
  PC_Vostok: VAR_TYPE = 'data' and UNITS.strip() = ''.
  PC_Thule: VAR_TYPE = 'data' and UNITS.strip() = ''.
  Flag_Vostok: VAR_TYPE = 'support_data' and UNITS.strip() = ''.
  Flag_Thule: VAR_TYPE = 'support_data' and UNITS.strip() = ''.
  Gap_Flag: VAR_TYPE = 'support_data' and UNITS.strip() = ''.
IMAGE_M2_EUV | ISTP.UNITS.Empty:
  Quality_Flag: VAR_TYPE = 'data' and UNITS.strip() = ''.
IM_ELECTRON_DENSITY_RPI | ISTP.UNITS.Empty:
  L: VAR_TYPE = 'data' and UNITS.strip() = ''.
  doy: VAR_TYPE = 'data' and UNITS.strip() = ''.
  type: VAR_TYPE = 'data' and UNITS.strip() = ''.
  numHarmonics: VAR_TYPE = 'data' and UNITS.strip() = ''.
  am: VAR_TYPE = 'data' and UNITS.strip() = ''.
IM_K0_RPI | ISTP.UNITS.Empty:
  BaseGain: VAR_TYPE = 'support_data' and UNITS.strip() = ''.
  FreqSearch: VAR_TYPE = 'support_data' and UNITS.strip() = ''.
  ProgramSpecs: VAR_TYPE = 'data' and UNITS.strip() = ''.
  NumFreqs: VAR_TYPE = 'data' and UNITS.strip() = ''.
  NumRanges: VAR_TYPE = 'data' and UNITS.strip() = ''.
IM_K0_SIE | ISTP.UNITS.Empty:
  SPIN: VAR_TYPE = 'data' and UNITS.strip() = ''.
  FOVSCALE: VAR_TYPE = 'data' and UNITS.strip() = ''.
  SV_X: VAR_TYPE = 'data' and UNITS.strip() = ''.
  SV_Y: VAR_TYPE = 'data' and UNITS.strip() = ''.
  SV_Z: VAR_TYPE = 'data' and UNITS.strip() = ''.
  SCSV_X: VAR_TYPE = 'data' and UNITS.strip() = ''.
  SCSV_Y: VAR_TYPE = 'data' and UNITS.strip() = ''.
  SCSV_Z: VAR_TYPE = 'data' and UNITS.strip() = ''.
IM_K0_SIP | ISTP.UNITS.Empty:
  SPIN: VAR_TYPE = 'data' and UNITS.strip() = ''.
  FOVSCALE: VAR_TYPE = 'data' and UNITS.strip() = ''.
  SV_X: VAR_TYPE = 'data' and UNITS.strip() = ''.
  SV_Y: VAR_TYPE = 'data' and UNITS.strip() = ''.
  SV_Z: VAR_TYPE = 'data' and UNITS.strip() = ''.
  SCSV_X: VAR_TYPE = 'data' and UNITS.strip() = ''.
  SCSV_Y: VAR_TYPE = 'data' and UNITS.strip() = ''.
  SCSV_Z: VAR_TYPE = 'data' and UNITS.strip() = ''.
IM_K0_WIC | ISTP.UNITS.Empty:
  SPIN: VAR_TYPE = 'data' and UNITS.strip() = ''.
  FOVSCALE: VAR_TYPE = 'data' and UNITS.strip() = ''.
  SV_X: VAR_TYPE = 'data' and UNITS.strip() = ''.
  SV_Y: VAR_TYPE = 'data' and UNITS.strip() = ''.
  SV_Z: VAR_TYPE = 'data' and UNITS.strip() = ''.
  SCSV_X: VAR_TYPE = 'data' and UNITS.strip() = ''.
  SCSV_Y: VAR_TYPE = 'data' and UNITS.strip() = ''.
  SCSV_Z: VAR_TYPE = 'data' and UNITS.strip() = ''.
IM_K1_RPI | ISTP.UNITS.Empty:
  NumRepetitions: VAR_TYPE = 'support_data' and UNITS.strip() = ''.
  BaseGain: VAR_TYPE = 'support_data' and UNITS.strip() = ''.
  GainControl: VAR_TYPE = 'support_data' and UNITS.strip() = ''.
  ProgramSpecs: VAR_TYPE = 'data' and UNITS.strip() = ''.
  NumFreqs: VAR_TYPE = 'data' and UNITS.strip() = ''.
  Frequency_No: VAR_TYPE = 'support_data' and UNITS.strip() = ''.
ISEE-3_MAG_1MIN_MAGNETIC_FIELD | ISTP.UNITS.Empty:
  B_dir: VAR_TYPE = 'data' and UNITS.strip() = ''.
ISEE1_PWI_SA | ISTP.UNITS.Empty:
  E_Quality: VAR_TYPE = 'support_data' and UNITS.strip() = ''.
  B_Quality: VAR_TYPE = 'support_data' and UNITS.strip() = ''.
ISEE1_PWI_SA-RAPID-E | ISTP.UNITS.Empty:
  E_Quality: VAR_TYPE = 'support_data' and UNITS.strip() = ''.
  Eu_Sensor: VAR_TYPE = 'support_data' and UNITS.strip() = ''.
ISEE1_PWI_SFR-E | ISTP.UNITS.Empty:
  Eu_Sensor: VAR_TYPE = 'support_data' and UNITS.strip() = ''.
  Quality_Flag: VAR_TYPE = 'support_data' and UNITS.strip() = ''.
  High_Rate: VAR_TYPE = 'support_data' and UNITS.strip() = ''.
ISS_27DAY-AVERAGES_AMS-02 | ISTP.UNITS.Empty:
  BR: VAR_TYPE = 'data' and UNITS.strip() = ''.
  ProHeRatio: VAR_TYPE = 'data' and UNITS.strip() = ''.
  ProHeRatio_TotErr: VAR_TYPE = 'data' and UNITS.strip() = ''.
  ProHeRatio_StatErr: VAR_TYPE = 'data' and UNITS.strip() = ''.
  ProHeRatio_TimeErr: VAR_TYPE = 'data' and UNITS.strip() = ''.
  ProHeRatio_SystErr: VAR_TYPE = 'data' and UNITS.strip() = ''.
  PosEleRatio: VAR_TYPE = 'data' and UNITS.strip() = ''.
  PosEleRatio_TotErr: VAR_TYPE = 'data' and UNITS.strip() = ''.
  PosEleRatio_StatErr: VAR_TYPE = 'data' and UNITS.strip() = ''.
  PosEleRatio_SystErr: VAR_TYPE = 'data' and UNITS.strip() = ''.
IT_K0_AKR | ISTP.UNITS.Empty:
  Gap_Flag: VAR_TYPE = 'support_data' and UNITS.strip() = ''.
IT_K0_COR | ISTP.UNITS.Empty:
  Flag_I: VAR_TYPE = 'support_data' and UNITS.strip() = ''.
  Gap_Flag: VAR_TYPE = 'support_data' and UNITS.strip() = ''.
IT_K0_ELE | ISTP.UNITS.Empty:
  Flag_El: VAR_TYPE = 'support_data' and UNITS.strip() = ''.
  Gap_Flag: VAR_TYPE = 'support_data' and UNITS.strip() = ''.
IT_K0_EPI | ISTP.UNITS.Empty:
  SF_Fe1: VAR_TYPE = 'support_data' and UNITS.strip() = ''.
  SF_Fe2: VAR_TYPE = 'support_data' and UNITS.strip() = ''.
  SF_Fp1: VAR_TYPE = 'support_data' and UNITS.strip() = ''.
  SF_Fp2: VAR_TYPE = 'support_data' and UNITS.strip() = ''.
  SF_Fep3: VAR_TYPE = 'support_data' and UNITS.strip() = ''.
  Gap_Flag: VAR_TYPE = 'support_data' and UNITS.strip() = ''.
IT_K0_ICD | ISTP.UNITS.Empty:
  SF_ICD: VAR_TYPE = 'support_data' and UNITS.strip() = ''.
  Gap_Flag: VAR_TYPE = 'support_data' and UNITS.strip() = ''.
IT_K0_MFI | ISTP.UNITS.Empty:
  SF_B: VAR_TYPE = 'support_data' and UNITS.strip() = ''.
  SF_Mf: VAR_TYPE = 'support_data' and UNITS.strip() = ''.
  Gap_Flag: VAR_TYPE = 'support_data' and UNITS.strip() = ''.
IT_K0_VDP | ISTP.UNITS.Empty:
  Gap_Flag: VAR_TYPE = 'support_data' and UNITS.strip() = ''.
IT_K0_WAV | ISTP.UNITS.Empty:
  SF_Mf: VAR_TYPE = 'support_data' and UNITS.strip() = ''.
  Gap_Flag: VAR_TYPE = 'support_data' and UNITS.strip() = ''.
IT_OR_DEF | ISTP.UNITS.Empty:
  SF_SC_orbit: VAR_TYPE = 'support_data' and UNITS.strip() = ''.
  SF_SC_sep: VAR_TYPE = 'support_data' and UNITS.strip() = ''.
  Gap_Flag: VAR_TYPE = 'support_data' and UNITS.strip() = ''.
L0_K0_MPA | ISTP.UNITS.Empty:
  tratio_hip: VAR_TYPE = 'data' and UNITS.strip() = ''.
  tratio_e: VAR_TYPE = 'data' and UNITS.strip() = ''.
  qual_flag: VAR_TYPE = 'support_data' and UNITS.strip() = ''.
  gap_flag: VAR_TYPE = 'support_data' and UNITS.strip() = ''.
L0_K0_SPA | ISTP.UNITS.Empty:
  E_DQF: VAR_TYPE = 'support_data' and UNITS.strip() = ''.
  P_DQF: VAR_TYPE = 'support_data' and UNITS.strip() = ''.
  ET_DQF: VAR_TYPE = 'support_data' and UNITS.strip() = ''.
  ED_DQF: VAR_TYPE = 'support_data' and UNITS.strip() = ''.
  PT_DQF: VAR_TYPE = 'support_data' and UNITS.strip() = ''.
  PD_DQF: VAR_TYPE = 'support_data' and UNITS.strip() = ''.
  A_DQF: VAR_TYPE = 'support_data' and UNITS.strip() = ''.
  CNO_DQF: VAR_TYPE = 'support_data' and UNITS.strip() = ''.
  POST_GAP_FLAG: VAR_TYPE = 'support_data' and UNITS.strip() = ''.
L1_K0_MPA | ISTP.UNITS.Empty:
  tratio_hip: VAR_TYPE = 'data' and UNITS.strip() = ''.
  tratio_e: VAR_TYPE = 'data' and UNITS.strip() = ''.
  qual_flag: VAR_TYPE = 'support_data' and UNITS.strip() = ''.
  gap_flag: VAR_TYPE = 'support_data' and UNITS.strip() = ''.
L1_K0_SPA | ISTP.UNITS.Empty:
  E_DQF: VAR_TYPE = 'support_data' and UNITS.strip() = ''.
  P_DQF: VAR_TYPE = 'support_data' and UNITS.strip() = ''.
  ET_DQF: VAR_TYPE = 'support_data' and UNITS.strip() = ''.
  ED_DQF: VAR_TYPE = 'support_data' and UNITS.strip() = ''.
  PT_DQF: VAR_TYPE = 'support_data' and UNITS.strip() = ''.
  PD_DQF: VAR_TYPE = 'support_data' and UNITS.strip() = ''.
  A_DQF: VAR_TYPE = 'support_data' and UNITS.strip() = ''.
  CNO_DQF: VAR_TYPE = 'support_data' and UNITS.strip() = ''.
  POST_GAP_FLAG: VAR_TYPE = 'support_data' and UNITS.strip() = ''.
L4_K0_MPA | ISTP.UNITS.Empty:
  tratio_hip: VAR_TYPE = 'data' and UNITS.strip() = ''.
  tratio_e: VAR_TYPE = 'data' and UNITS.strip() = ''.
  qual_flag: VAR_TYPE = 'support_data' and UNITS.strip() = ''.
  gap_flag: VAR_TYPE = 'support_data' and UNITS.strip() = ''.
L4_K0_SPA | ISTP.UNITS.Empty:
  E_DQF: VAR_TYPE = 'support_data' and UNITS.strip() = ''.
  P_DQF: VAR_TYPE = 'support_data' and UNITS.strip() = ''.
  ET_DQF: VAR_TYPE = 'support_data' and UNITS.strip() = ''.
  ED_DQF: VAR_TYPE = 'support_data' and UNITS.strip() = ''.
  PT_DQF: VAR_TYPE = 'support_data' and UNITS.strip() = ''.
  PD_DQF: VAR_TYPE = 'support_data' and UNITS.strip() = ''.
  A_DQF: VAR_TYPE = 'support_data' and UNITS.strip() = ''.
  CNO_DQF: VAR_TYPE = 'support_data' and UNITS.strip() = ''.
  POST_GAP_FLAG: VAR_TYPE = 'support_data' and UNITS.strip() = ''.
L7_H0_MPA | ISTP.UNITS.Empty:
  effecp: VAR_TYPE = 'data' and UNITS.strip() = ''.
  effece: VAR_TYPE = 'data' and UNITS.strip() = ''.
  Inval_mf: VAR_TYPE = 'data' and UNITS.strip() = ''.
  Flags: VAR_TYPE = 'data' and UNITS.strip() = ''.
L7_K0_MPA | ISTP.UNITS.Empty:
  tratio_hip: VAR_TYPE = 'data' and UNITS.strip() = ''.
  tratio_e: VAR_TYPE = 'data' and UNITS.strip() = ''.
  qual_flag: VAR_TYPE = 'support_data' and UNITS.strip() = ''.
  gap_flag: VAR_TYPE = 'support_data' and UNITS.strip() = ''.
L7_K0_SPA | ISTP.UNITS.Empty:
  E_DQF: VAR_TYPE = 'support_data' and UNITS.strip() = ''.
  P_DQF: VAR_TYPE = 'support_data' and UNITS.strip() = ''.
  ET_DQF: VAR_TYPE = 'support_data' and UNITS.strip() = ''.
  ED_DQF: VAR_TYPE = 'support_data' and UNITS.strip() = ''.
  PT_DQF: VAR_TYPE = 'support_data' and UNITS.strip() = ''.
  PD_DQF: VAR_TYPE = 'support_data' and UNITS.strip() = ''.
  A_DQF: VAR_TYPE = 'support_data' and UNITS.strip() = ''.
  CNO_DQF: VAR_TYPE = 'support_data' and UNITS.strip() = ''.
  POST_GAP_FLAG: VAR_TYPE = 'support_data' and UNITS.strip() = ''.
L9_H0_MPA | ISTP.UNITS.Empty:
  effecp: VAR_TYPE = 'data' and UNITS.strip() = ''.
  effece: VAR_TYPE = 'data' and UNITS.strip() = ''.
  Inval_mf: VAR_TYPE = 'data' and UNITS.strip() = ''.
  Flags: VAR_TYPE = 'data' and UNITS.strip() = ''.
L9_K0_MPA | ISTP.UNITS.Empty:
  tratio_hip: VAR_TYPE = 'data' and UNITS.strip() = ''.
  tratio_e: VAR_TYPE = 'data' and UNITS.strip() = ''.
  qual_flag: VAR_TYPE = 'support_data' and UNITS.strip() = ''.
  gap_flag: VAR_TYPE = 'support_data' and UNITS.strip() = ''.
L9_K0_SPA | ISTP.UNITS.Empty:
  E_DQF: VAR_TYPE = 'support_data' and UNITS.strip() = ''.
  P_DQF: VAR_TYPE = 'support_data' and UNITS.strip() = ''.
  ET_DQF: VAR_TYPE = 'support_data' and UNITS.strip() = ''.
  ED_DQF: VAR_TYPE = 'support_data' and UNITS.strip() = ''.
  PT_DQF: VAR_TYPE = 'support_data' and UNITS.strip() = ''.
  PD_DQF: VAR_TYPE = 'support_data' and UNITS.strip() = ''.
  A_DQF: VAR_TYPE = 'support_data' and UNITS.strip() = ''.
  CNO_DQF: VAR_TYPE = 'support_data' and UNITS.strip() = ''.
  POST_GAP_FLAG: VAR_TYPE = 'support_data' and UNITS.strip() = ''.
METOP1_POES-SEM2_FLUXES-2SEC | ISTP.UNITS.Empty:
  ted_ele_tel0_low_eflux_error: VAR_TYPE = 'data' and UNITS.strip() = ''.
  ted_ele_tel30_low_eflux_error: VAR_TYPE = 'data' and UNITS.strip() = ''.
  ted_ele_tel0_hi_eflux_error: VAR_TYPE = 'data' and UNITS.strip() = ''.
  ted_ele_tel30_hi_eflux_error: VAR_TYPE = 'data' and UNITS.strip() = ''.
  ted_pro_tel0_low_eflux_error: VAR_TYPE = 'data' and UNITS.strip() = ''.
  ted_pro_tel30_low_eflux_error: VAR_TYPE = 'data' and UNITS.strip() = ''.
  ted_pro_tel0_hi_eflux_error: VAR_TYPE = 'data' and UNITS.strip() = ''.
  ted_pro_tel30_hi_eflux_error: VAR_TYPE = 'data' and UNITS.strip() = ''.
  ted_ele_eflux_atmo_low_err: VAR_TYPE = 'data' and UNITS.strip() = ''.
  ted_ele_eflux_atmo_hi_err: VAR_TYPE = 'data' and UNITS.strip() = ''.
  ted_ele_eflux_atmo_total_err: VAR_TYPE = 'data' and UNITS.strip() = ''.
  ted_pro_eflux_atmo_low_err: VAR_TYPE = 'data' and UNITS.strip() = ''.
  ted_pro_eflux_atmo_hi_err: VAR_TYPE = 'data' and UNITS.strip() = ''.
  ted_pro_eflux_atmo_total_err: VAR_TYPE = 'data' and UNITS.strip() = ''.
  mep_ele_flux_err_stackt0: VAR_TYPE = 'data' and UNITS.strip() = ''.
  mep_ele_flux_err_stackt90: VAR_TYPE = 'data' and UNITS.strip() = ''.
  mep_ele_flux_err: VAR_TYPE = 'support_data' and UNITS.strip() = ''.
  mep_pro_flux_err_stackt0: VAR_TYPE = 'data' and UNITS.strip() = ''.
  mep_pro_flux_err_stackt90: VAR_TYPE = 'data' and UNITS.strip() = ''.
  mep_pro_flux_err: VAR_TYPE = 'support_data' and UNITS.strip() = ''.
  mep_pro_flux_p6_err: VAR_TYPE = 'data' and UNITS.strip() = ''.
  mep_omni_flux_flag_fit: VAR_TYPE = 'data' and UNITS.strip() = ''.
  mep_omni_gamma_stack: VAR_TYPE = 'data' and UNITS.strip() = ''.
METOP2_POES-SEM2_FLUXES-2SEC | ISTP.UNITS.Empty:
  ted_ele_tel0_low_eflux_error: VAR_TYPE = 'data' and UNITS.strip() = ''.
  ted_ele_tel30_low_eflux_error: VAR_TYPE = 'data' and UNITS.strip() = ''.
  ted_ele_tel0_hi_eflux_error: VAR_TYPE = 'data' and UNITS.strip() = ''.
  ted_ele_tel30_hi_eflux_error: VAR_TYPE = 'data' and UNITS.strip() = ''.
  ted_pro_tel0_low_eflux_error: VAR_TYPE = 'data' and UNITS.strip() = ''.
  ted_pro_tel30_low_eflux_error: VAR_TYPE = 'data' and UNITS.strip() = ''.
  ted_pro_tel0_hi_eflux_error: VAR_TYPE = 'data' and UNITS.strip() = ''.
  ted_pro_tel30_hi_eflux_error: VAR_TYPE = 'data' and UNITS.strip() = ''.
  ted_ele_eflux_atmo_low_err: VAR_TYPE = 'data' and UNITS.strip() = ''.
  ted_ele_eflux_atmo_hi_err: VAR_TYPE = 'data' and UNITS.strip() = ''.
  ted_ele_eflux_atmo_total_err: VAR_TYPE = 'data' and UNITS.strip() = ''.
  ted_pro_eflux_atmo_low_err: VAR_TYPE = 'data' and UNITS.strip() = ''.
  ted_pro_eflux_atmo_hi_err: VAR_TYPE = 'data' and UNITS.strip() = ''.
  ted_pro_eflux_atmo_total_err: VAR_TYPE = 'data' and UNITS.strip() = ''.
  mep_ele_flux_err_stackt0: VAR_TYPE = 'data' and UNITS.strip() = ''.
  mep_ele_flux_err_stackt90: VAR_TYPE = 'data' and UNITS.strip() = ''.
  mep_ele_flux_err: VAR_TYPE = 'support_data' and UNITS.strip() = ''.
  mep_pro_flux_err_stackt0: VAR_TYPE = 'data' and UNITS.strip() = ''.
  mep_pro_flux_err_stackt90: VAR_TYPE = 'data' and UNITS.strip() = ''.
  mep_pro_flux_err: VAR_TYPE = 'support_data' and UNITS.strip() = ''.
  mep_pro_flux_p6_err: VAR_TYPE = 'data' and UNITS.strip() = ''.
  mep_omni_flux_flag_fit: VAR_TYPE = 'data' and UNITS.strip() = ''.
  mep_omni_gamma_stack: VAR_TYPE = 'data' and UNITS.strip() = ''.
METOP3_POES-SEM2_FLUXES-2SEC | ISTP.UNITS.Empty:
  ted_ele_tel0_low_eflux_error: VAR_TYPE = 'data' and UNITS.strip() = ''.
  ted_ele_tel30_low_eflux_error: VAR_TYPE = 'data' and UNITS.strip() = ''.
  ted_ele_tel0_hi_eflux_error: VAR_TYPE = 'data' and UNITS.strip() = ''.
  ted_ele_tel30_hi_eflux_error: VAR_TYPE = 'data' and UNITS.strip() = ''.
  ted_pro_tel0_low_eflux_error: VAR_TYPE = 'data' and UNITS.strip() = ''.
  ted_pro_tel30_low_eflux_error: VAR_TYPE = 'data' and UNITS.strip() = ''.
  ted_pro_tel0_hi_eflux_error: VAR_TYPE = 'data' and UNITS.strip() = ''.
  ted_pro_tel30_hi_eflux_error: VAR_TYPE = 'data' and UNITS.strip() = ''.
  ted_ele_eflux_atmo_low_err: VAR_TYPE = 'data' and UNITS.strip() = ''.
  ted_ele_eflux_atmo_hi_err: VAR_TYPE = 'data' and UNITS.strip() = ''.
  ted_ele_eflux_atmo_total_err: VAR_TYPE = 'data' and UNITS.strip() = ''.
  ted_pro_eflux_atmo_low_err: VAR_TYPE = 'data' and UNITS.strip() = ''.
  ted_pro_eflux_atmo_hi_err: VAR_TYPE = 'data' and UNITS.strip() = ''.
  ted_pro_eflux_atmo_total_err: VAR_TYPE = 'data' and UNITS.strip() = ''.
  mep_ele_flux_err_stackt0: VAR_TYPE = 'data' and UNITS.strip() = ''.
  mep_ele_flux_err_stackt90: VAR_TYPE = 'data' and UNITS.strip() = ''.
  mep_ele_flux_err: VAR_TYPE = 'support_data' and UNITS.strip() = ''.
  mep_pro_flux_err_stackt0: VAR_TYPE = 'data' and UNITS.strip() = ''.
  mep_pro_flux_err_stackt90: VAR_TYPE = 'data' and UNITS.strip() = ''.
  mep_pro_flux_err: VAR_TYPE = 'support_data' and UNITS.strip() = ''.
  mep_pro_flux_p6_err: VAR_TYPE = 'data' and UNITS.strip() = ''.
  mep_omni_flux_flag_fit: VAR_TYPE = 'data' and UNITS.strip() = ''.
  mep_omni_gamma_stack: VAR_TYPE = 'data' and UNITS.strip() = ''.
MMS1_ASPOC_SRVY_L2 | ISTP.UNITS.Empty:
  mms1_aspoc_status: VAR_TYPE = 'data' and UNITS.strip() = ''.
MMS1_EDP_BRST_L2_DCE | ISTP.UNITS.Empty:
  mms1_edp_bitmask_brst_l2: VAR_TYPE = 'support_data' and UNITS.strip() = ''.
MMS1_EDP_BRST_L2_SCPOT | ISTP.UNITS.Empty:
  mms1_edp_bitmask_brst_l2: VAR_TYPE = 'support_data' and UNITS.strip() = ''.
  mms1_edp_quality_brst_l2: VAR_TYPE = 'support_data' and UNITS.strip() = ''.
MMS1_EDP_FAST_L2_DCE | ISTP.UNITS.Empty:
  mms1_edp_bitmask_fast_l2: VAR_TYPE = 'support_data' and UNITS.strip() = ''.
MMS1_EDP_FAST_L2_SCPOT | ISTP.UNITS.Empty:
  mms1_edp_bitmask_fast_l2: VAR_TYPE = 'support_data' and UNITS.strip() = ''.
  mms1_edp_quality_fast_l2: VAR_TYPE = 'support_data' and UNITS.strip() = ''.
MMS1_EDP_SLOW_L2_DCE | ISTP.UNITS.Empty:
  mms1_edp_bitmask_slow_l2: VAR_TYPE = 'support_data' and UNITS.strip() = ''.
MMS1_EDP_SLOW_L2_SCPOT | ISTP.UNITS.Empty:
  mms1_edp_bitmask_slow_l2: VAR_TYPE = 'support_data' and UNITS.strip() = ''.
  mms1_edp_quality_slow_l2: VAR_TYPE = 'support_data' and UNITS.strip() = ''.
MMS1_EPD-EIS_BRST_L2_EXTOF | ISTP.UNITS.Empty:
  mms1_epd_eis_brst_l2_extof_proton_P5_counts_t0: VAR_TYPE = 'data' and UNITS.strip() = ''.
  mms1_epd_eis_brst_l2_extof_proton_P5_counts_t1: VAR_TYPE = 'data' and UNITS.strip() = ''.
  mms1_epd_eis_brst_l2_extof_proton_P5_counts_t2: VAR_TYPE = 'data' and UNITS.strip() = ''.
  mms1_epd_eis_brst_l2_extof_proton_P5_counts_t3: VAR_TYPE = 'data' and UNITS.strip() = ''.
  mms1_epd_eis_brst_l2_extof_proton_P5_counts_t4: VAR_TYPE = 'data' and UNITS.strip() = ''.
  mms1_epd_eis_brst_l2_extof_proton_P5_counts_t5: VAR_TYPE = 'data' and UNITS.strip() = ''.
  mms1_epd_eis_brst_l2_extof_oxygen_P5_counts_t0: VAR_TYPE = 'data' and UNITS.strip() = ''.
  mms1_epd_eis_brst_l2_extof_oxygen_P5_counts_t1: VAR_TYPE = 'data' and UNITS.strip() = ''.
  mms1_epd_eis_brst_l2_extof_oxygen_P5_counts_t2: VAR_TYPE = 'data' and UNITS.strip() = ''.
  mms1_epd_eis_brst_l2_extof_oxygen_P5_counts_t3: VAR_TYPE = 'data' and UNITS.strip() = ''.
  mms1_epd_eis_brst_l2_extof_oxygen_P5_counts_t4: VAR_TYPE = 'data' and UNITS.strip() = ''.
  mms1_epd_eis_brst_l2_extof_oxygen_P5_counts_t5: VAR_TYPE = 'data' and UNITS.strip() = ''.
  mms1_epd_eis_brst_l2_extof_helium_P5_counts_t0: VAR_TYPE = 'data' and UNITS.strip() = ''.
  mms1_epd_eis_brst_l2_extof_helium_P5_counts_t1: VAR_TYPE = 'data' and UNITS.strip() = ''.
  mms1_epd_eis_brst_l2_extof_helium_P5_counts_t2: VAR_TYPE = 'data' and UNITS.strip() = ''.
  mms1_epd_eis_brst_l2_extof_helium_P5_counts_t3: VAR_TYPE = 'data' and UNITS.strip() = ''.
  mms1_epd_eis_brst_l2_extof_helium_P5_counts_t4: VAR_TYPE = 'data' and UNITS.strip() = ''.
  mms1_epd_eis_brst_l2_extof_helium_P5_counts_t5: VAR_TYPE = 'data' and UNITS.strip() = ''.
MMS1_EPD-EIS_BRST_L2_PHXTOF | ISTP.UNITS.Empty:
  mms1_epd_eis_brst_l2_phxtof_proton_P5_counts_t0: VAR_TYPE = 'data' and UNITS.strip() = ''.
  mms1_epd_eis_brst_l2_phxtof_proton_P5_counts_t1: VAR_TYPE = 'data' and UNITS.strip() = ''.
  mms1_epd_eis_brst_l2_phxtof_proton_P5_counts_t2: VAR_TYPE = 'data' and UNITS.strip() = ''.
  mms1_epd_eis_brst_l2_phxtof_proton_P5_counts_t3: VAR_TYPE = 'data' and UNITS.strip() = ''.
  mms1_epd_eis_brst_l2_phxtof_proton_P5_counts_t4: VAR_TYPE = 'data' and UNITS.strip() = ''.
  mms1_epd_eis_brst_l2_phxtof_proton_P5_counts_t5: VAR_TYPE = 'data' and UNITS.strip() = ''.
  mms1_epd_eis_brst_l2_phxtof_oxygen_P5_counts_t0: VAR_TYPE = 'data' and UNITS.strip() = ''.
  mms1_epd_eis_brst_l2_phxtof_oxygen_P5_counts_t1: VAR_TYPE = 'data' and UNITS.strip() = ''.
  mms1_epd_eis_brst_l2_phxtof_oxygen_P5_counts_t2: VAR_TYPE = 'data' and UNITS.strip() = ''.
  mms1_epd_eis_brst_l2_phxtof_oxygen_P5_counts_t3: VAR_TYPE = 'data' and UNITS.strip() = ''.
  mms1_epd_eis_brst_l2_phxtof_oxygen_P5_counts_t4: VAR_TYPE = 'data' and UNITS.strip() = ''.
  mms1_epd_eis_brst_l2_phxtof_oxygen_P5_counts_t5: VAR_TYPE = 'data' and UNITS.strip() = ''.
MMS1_EPD-EIS_SRVY_L2_ELECTRONENERGY | ISTP.UNITS.Empty:
  mms1_epd_eis_srvy_l2_electronenergy_electron_P5_counts_t0: VAR_TYPE = 'data' and UNITS.strip() = ''.
  mms1_epd_eis_srvy_l2_electronenergy_electron_P5_counts_t1: VAR_TYPE = 'data' and UNITS.strip() = ''.
  mms1_epd_eis_srvy_l2_electronenergy_electron_P5_counts_t2: VAR_TYPE = 'data' and UNITS.strip() = ''.
  mms1_epd_eis_srvy_l2_electronenergy_electron_P5_counts_t3: VAR_TYPE = 'data' and UNITS.strip() = ''.
  mms1_epd_eis_srvy_l2_electronenergy_electron_P5_counts_t4: VAR_TYPE = 'data' and UNITS.strip() = ''.
  mms1_epd_eis_srvy_l2_electronenergy_electron_P5_counts_t5: VAR_TYPE = 'data' and UNITS.strip() = ''.
MMS1_EPD-EIS_SRVY_L2_EXTOF | ISTP.UNITS.Empty:
  mms1_epd_eis_srvy_l2_extof_proton_P5_counts_t0: VAR_TYPE = 'data' and UNITS.strip() = ''.
  mms1_epd_eis_srvy_l2_extof_proton_P5_counts_t1: VAR_TYPE = 'data' and UNITS.strip() = ''.
  mms1_epd_eis_srvy_l2_extof_proton_P5_counts_t2: VAR_TYPE = 'data' and UNITS.strip() = ''.
  mms1_epd_eis_srvy_l2_extof_proton_P5_counts_t3: VAR_TYPE = 'data' and UNITS.strip() = ''.
  mms1_epd_eis_srvy_l2_extof_proton_P5_counts_t4: VAR_TYPE = 'data' and UNITS.strip() = ''.
  mms1_epd_eis_srvy_l2_extof_proton_P5_counts_t5: VAR_TYPE = 'data' and UNITS.strip() = ''.
  mms1_epd_eis_srvy_l2_extof_oxygen_P5_counts_t0: VAR_TYPE = 'data' and UNITS.strip() = ''.
  mms1_epd_eis_srvy_l2_extof_oxygen_P5_counts_t1: VAR_TYPE = 'data' and UNITS.strip() = ''.
  mms1_epd_eis_srvy_l2_extof_oxygen_P5_counts_t2: VAR_TYPE = 'data' and UNITS.strip() = ''.
  mms1_epd_eis_srvy_l2_extof_oxygen_P5_counts_t3: VAR_TYPE = 'data' and UNITS.strip() = ''.
  mms1_epd_eis_srvy_l2_extof_oxygen_P5_counts_t4: VAR_TYPE = 'data' and UNITS.strip() = ''.
  mms1_epd_eis_srvy_l2_extof_oxygen_P5_counts_t5: VAR_TYPE = 'data' and UNITS.strip() = ''.
  mms1_epd_eis_srvy_l2_extof_helium_P5_counts_t0: VAR_TYPE = 'data' and UNITS.strip() = ''.
  mms1_epd_eis_srvy_l2_extof_helium_P5_counts_t1: VAR_TYPE = 'data' and UNITS.strip() = ''.
  mms1_epd_eis_srvy_l2_extof_helium_P5_counts_t2: VAR_TYPE = 'data' and UNITS.strip() = ''.
  mms1_epd_eis_srvy_l2_extof_helium_P5_counts_t3: VAR_TYPE = 'data' and UNITS.strip() = ''.
  mms1_epd_eis_srvy_l2_extof_helium_P5_counts_t4: VAR_TYPE = 'data' and UNITS.strip() = ''.
  mms1_epd_eis_srvy_l2_extof_helium_P5_counts_t5: VAR_TYPE = 'data' and UNITS.strip() = ''.
MMS1_EPD-EIS_SRVY_L2_PHXTOF | ISTP.UNITS.Empty:
  mms1_epd_eis_srvy_l2_phxtof_proton_P5_counts_t0: VAR_TYPE = 'data' and UNITS.strip() = ''.
  mms1_epd_eis_srvy_l2_phxtof_proton_P5_counts_t1: VAR_TYPE = 'data' and UNITS.strip() = ''.
  mms1_epd_eis_srvy_l2_phxtof_proton_P5_counts_t2: VAR_TYPE = 'data' and UNITS.strip() = ''.
  mms1_epd_eis_srvy_l2_phxtof_proton_P5_counts_t3: VAR_TYPE = 'data' and UNITS.strip() = ''.
  mms1_epd_eis_srvy_l2_phxtof_proton_P5_counts_t4: VAR_TYPE = 'data' and UNITS.strip() = ''.
  mms1_epd_eis_srvy_l2_phxtof_proton_P5_counts_t5: VAR_TYPE = 'data' and UNITS.strip() = ''.
  mms1_epd_eis_srvy_l2_phxtof_oxygen_P5_counts_t0: VAR_TYPE = 'data' and UNITS.strip() = ''.
  mms1_epd_eis_srvy_l2_phxtof_oxygen_P5_counts_t1: VAR_TYPE = 'data' and UNITS.strip() = ''.
  mms1_epd_eis_srvy_l2_phxtof_oxygen_P5_counts_t2: VAR_TYPE = 'data' and UNITS.strip() = ''.
  mms1_epd_eis_srvy_l2_phxtof_oxygen_P5_counts_t3: VAR_TYPE = 'data' and UNITS.strip() = ''.
  mms1_epd_eis_srvy_l2_phxtof_oxygen_P5_counts_t4: VAR_TYPE = 'data' and UNITS.strip() = ''.
  mms1_epd_eis_srvy_l2_phxtof_oxygen_P5_counts_t5: VAR_TYPE = 'data' and UNITS.strip() = ''.
  mms1_epd_eis_srvy_l2_phxtof_oxygen_P4_counts_t0: VAR_TYPE = 'data' and UNITS.strip() = ''.
  mms1_epd_eis_srvy_l2_phxtof_oxygen_P4_counts_t1: VAR_TYPE = 'data' and UNITS.strip() = ''.
  mms1_epd_eis_srvy_l2_phxtof_oxygen_P4_counts_t2: VAR_TYPE = 'data' and UNITS.strip() = ''.
  mms1_epd_eis_srvy_l2_phxtof_oxygen_P4_counts_t3: VAR_TYPE = 'data' and UNITS.strip() = ''.
  mms1_epd_eis_srvy_l2_phxtof_oxygen_P4_counts_t4: VAR_TYPE = 'data' and UNITS.strip() = ''.
  mms1_epd_eis_srvy_l2_phxtof_oxygen_P4_counts_t5: VAR_TYPE = 'data' and UNITS.strip() = ''.
MMS1_FEEPS_BRST_L2_ELECTRON | ISTP.UNITS.Empty:
  epoch: VAR_TYPE = 'support_data' and UNITS.strip() = ''.
  mms1_epd_feeps_brst_l2_electron_spinsectnum: VAR_TYPE = 'support_data' and UNITS.strip() = ''.
  mms1_epd_feeps_brst_l2_electron_top_quality_indicator_sensorid_1: VAR_TYPE = 'data' and UNITS.strip() = ''.
  mms1_epd_feeps_brst_l2_electron_top_quality_indicator_sensorid_2: VAR_TYPE = 'data' and UNITS.strip() = ''.
  mms1_epd_feeps_brst_l2_electron_top_quality_indicator_sensorid_3: VAR_TYPE = 'data' and UNITS.strip() = ''.
  mms1_epd_feeps_brst_l2_electron_top_quality_indicator_sensorid_4: VAR_TYPE = 'data' and UNITS.strip() = ''.
  mms1_epd_feeps_brst_l2_electron_top_quality_indicator_sensorid_5: VAR_TYPE = 'data' and UNITS.strip() = ''.
  mms1_epd_feeps_brst_l2_electron_top_quality_indicator_sensorid_9: VAR_TYPE = 'data' and UNITS.strip() = ''.
  mms1_epd_feeps_brst_l2_electron_top_quality_indicator_sensorid_10: VAR_TYPE = 'data' and UNITS.strip() = ''.
  mms1_epd_feeps_brst_l2_electron_top_quality_indicator_sensorid_11: VAR_TYPE = 'data' and UNITS.strip() = ''.
  mms1_epd_feeps_brst_l2_electron_top_quality_indicator_sensorid_12: VAR_TYPE = 'data' and UNITS.strip() = ''.
  mms1_epd_feeps_brst_l2_electron_bottom_quality_indicator_sensorid_1: VAR_TYPE = 'data' and UNITS.strip() = ''.
  mms1_epd_feeps_brst_l2_electron_bottom_quality_indicator_sensorid_2: VAR_TYPE = 'data' and UNITS.strip() = ''.
  mms1_epd_feeps_brst_l2_electron_bottom_quality_indicator_sensorid_3: VAR_TYPE = 'data' and UNITS.strip() = ''.
  mms1_epd_feeps_brst_l2_electron_bottom_quality_indicator_sensorid_4: VAR_TYPE = 'data' and UNITS.strip() = ''.
  mms1_epd_feeps_brst_l2_electron_bottom_quality_indicator_sensorid_5: VAR_TYPE = 'data' and UNITS.strip() = ''.
  mms1_epd_feeps_brst_l2_electron_bottom_quality_indicator_sensorid_9: VAR_TYPE = 'data' and UNITS.strip() = ''.
  mms1_epd_feeps_brst_l2_electron_bottom_quality_indicator_sensorid_10: VAR_TYPE = 'data' and UNITS.strip() = ''.
  mms1_epd_feeps_brst_l2_electron_bottom_quality_indicator_sensorid_11: VAR_TYPE = 'data' and UNITS.strip() = ''.
  mms1_epd_feeps_brst_l2_electron_bottom_quality_indicator_sensorid_12: VAR_TYPE = 'data' and UNITS.strip() = ''.
  mms1_epd_feeps_brst_l2_electron_top_sector_mask_sensorid_1: VAR_TYPE = 'support_data' and UNITS.strip() = ''.
  mms1_epd_feeps_brst_l2_electron_top_sector_mask_sensorid_2: VAR_TYPE = 'support_data' and UNITS.strip() = ''.
  mms1_epd_feeps_brst_l2_electron_top_sector_mask_sensorid_3: VAR_TYPE = 'support_data' and UNITS.strip() = ''.
  mms1_epd_feeps_brst_l2_electron_top_sector_mask_sensorid_4: VAR_TYPE = 'support_data' and UNITS.strip() = ''.
  mms1_epd_feeps_brst_l2_electron_top_sector_mask_sensorid_5: VAR_TYPE = 'support_data' and UNITS.strip() = ''.
  mms1_epd_feeps_brst_l2_electron_top_sector_mask_sensorid_9: VAR_TYPE = 'support_data' and UNITS.strip() = ''.
  mms1_epd_feeps_brst_l2_electron_top_sector_mask_sensorid_10: VAR_TYPE = 'support_data' and UNITS.strip() = ''.
  mms1_epd_feeps_brst_l2_electron_top_sector_mask_sensorid_11: VAR_TYPE = 'support_data' and UNITS.strip() = ''.
  mms1_epd_feeps_brst_l2_electron_top_sector_mask_sensorid_12: VAR_TYPE = 'support_data' and UNITS.strip() = ''.
  mms1_epd_feeps_brst_l2_electron_bottom_sector_mask_sensorid_1: VAR_TYPE = 'support_data' and UNITS.strip() = ''.
  mms1_epd_feeps_brst_l2_electron_bottom_sector_mask_sensorid_2: VAR_TYPE = 'support_data' and UNITS.strip() = ''.
  mms1_epd_feeps_brst_l2_electron_bottom_sector_mask_sensorid_3: VAR_TYPE = 'support_data' and UNITS.strip() = ''.
  mms1_epd_feeps_brst_l2_electron_bottom_sector_mask_sensorid_4: VAR_TYPE = 'support_data' and UNITS.strip() = ''.
  mms1_epd_feeps_brst_l2_electron_bottom_sector_mask_sensorid_5: VAR_TYPE = 'support_data' and UNITS.strip() = ''.
  mms1_epd_feeps_brst_l2_electron_bottom_sector_mask_sensorid_9: VAR_TYPE = 'support_data' and UNITS.strip() = ''.
  mms1_epd_feeps_brst_l2_electron_bottom_sector_mask_sensorid_10: VAR_TYPE = 'support_data' and UNITS.strip() = ''.
  mms1_epd_feeps_brst_l2_electron_bottom_sector_mask_sensorid_11: VAR_TYPE = 'support_data' and UNITS.strip() = ''.
  mms1_epd_feeps_brst_l2_electron_bottom_sector_mask_sensorid_12: VAR_TYPE = 'support_data' and UNITS.strip() = ''.
  mms1_epd_feeps_brst_l2_electron_top_sun_contamination_sensorid_1: VAR_TYPE = 'support_data' and UNITS.strip() = ''.
  mms1_epd_feeps_brst_l2_electron_top_sun_contamination_sensorid_2: VAR_TYPE = 'support_data' and UNITS.strip() = ''.
  mms1_epd_feeps_brst_l2_electron_top_sun_contamination_sensorid_3: VAR_TYPE = 'support_data' and UNITS.strip() = ''.
  mms1_epd_feeps_brst_l2_electron_top_sun_contamination_sensorid_4: VAR_TYPE = 'support_data' and UNITS.strip() = ''.
  mms1_epd_feeps_brst_l2_electron_top_sun_contamination_sensorid_5: VAR_TYPE = 'support_data' and UNITS.strip() = ''.
  mms1_epd_feeps_brst_l2_electron_top_sun_contamination_sensorid_9: VAR_TYPE = 'support_data' and UNITS.strip() = ''.
  mms1_epd_feeps_brst_l2_electron_top_sun_contamination_sensorid_10: VAR_TYPE = 'support_data' and UNITS.strip() = ''.
  mms1_epd_feeps_brst_l2_electron_top_sun_contamination_sensorid_11: VAR_TYPE = 'support_data' and UNITS.strip() = ''.
  mms1_epd_feeps_brst_l2_electron_top_sun_contamination_sensorid_12: VAR_TYPE = 'support_data' and UNITS.strip() = ''.
  mms1_epd_feeps_brst_l2_electron_bottom_sun_contamination_sensorid_1: VAR_TYPE = 'support_data' and UNITS.strip() = ''.
  mms1_epd_feeps_brst_l2_electron_bottom_sun_contamination_sensorid_2: VAR_TYPE = 'support_data' and UNITS.strip() = ''.
  mms1_epd_feeps_brst_l2_electron_bottom_sun_contamination_sensorid_3: VAR_TYPE = 'support_data' and UNITS.strip() = ''.
  mms1_epd_feeps_brst_l2_electron_bottom_sun_contamination_sensorid_4: VAR_TYPE = 'support_data' and UNITS.strip() = ''.
  mms1_epd_feeps_brst_l2_electron_bottom_sun_contamination_sensorid_5: VAR_TYPE = 'support_data' and UNITS.strip() = ''.
  mms1_epd_feeps_brst_l2_electron_bottom_sun_contamination_sensorid_9: VAR_TYPE = 'support_data' and UNITS.strip() = ''.
  mms1_epd_feeps_brst_l2_electron_bottom_sun_contamination_sensorid_10: VAR_TYPE = 'support_data' and UNITS.strip() = ''.
  mms1_epd_feeps_brst_l2_electron_bottom_sun_contamination_sensorid_11: VAR_TYPE = 'support_data' and UNITS.strip() = ''.
  mms1_epd_feeps_brst_l2_electron_bottom_sun_contamination_sensorid_12: VAR_TYPE = 'support_data' and UNITS.strip() = ''.
  mms1_epd_feeps_brst_l2_electron_top_percent_error_sensorid_1: VAR_TYPE = 'data' and UNITS.strip() = ''.
  mms1_epd_feeps_brst_l2_electron_top_percent_error_sensorid_2: VAR_TYPE = 'data' and UNITS.strip() = ''.
  mms1_epd_feeps_brst_l2_electron_top_percent_error_sensorid_3: VAR_TYPE = 'data' and UNITS.strip() = ''.
  mms1_epd_feeps_brst_l2_electron_top_percent_error_sensorid_4: VAR_TYPE = 'data' and UNITS.strip() = ''.
  mms1_epd_feeps_brst_l2_electron_top_percent_error_sensorid_5: VAR_TYPE = 'data' and UNITS.strip() = ''.
  mms1_epd_feeps_brst_l2_electron_top_percent_error_sensorid_9: VAR_TYPE = 'data' and UNITS.strip() = ''.
  mms1_epd_feeps_brst_l2_electron_top_percent_error_sensorid_10: VAR_TYPE = 'data' and UNITS.strip() = ''.
  mms1_epd_feeps_brst_l2_electron_top_percent_error_sensorid_11: VAR_TYPE = 'data' and UNITS.strip() = ''.
  mms1_epd_feeps_brst_l2_electron_top_percent_error_sensorid_12: VAR_TYPE = 'data' and UNITS.strip() = ''.
  mms1_epd_feeps_brst_l2_electron_bottom_percent_error_sensorid_1: VAR_TYPE = 'data' and UNITS.strip() = ''.
  mms1_epd_feeps_brst_l2_electron_bottom_percent_error_sensorid_2: VAR_TYPE = 'data' and UNITS.strip() = ''.
  mms1_epd_feeps_brst_l2_electron_bottom_percent_error_sensorid_3: VAR_TYPE = 'data' and UNITS.strip() = ''.
  mms1_epd_feeps_brst_l2_electron_bottom_percent_error_sensorid_4: VAR_TYPE = 'data' and UNITS.strip() = ''.
  mms1_epd_feeps_brst_l2_electron_bottom_percent_error_sensorid_5: VAR_TYPE = 'data' and UNITS.strip() = ''.
  mms1_epd_feeps_brst_l2_electron_bottom_percent_error_sensorid_9: VAR_TYPE = 'data' and UNITS.strip() = ''.
  mms1_epd_feeps_brst_l2_electron_bottom_percent_error_sensorid_10: VAR_TYPE = 'data' and UNITS.strip() = ''.
  mms1_epd_feeps_brst_l2_electron_bottom_percent_error_sensorid_11: VAR_TYPE = 'data' and UNITS.strip() = ''.
  mms1_epd_feeps_brst_l2_electron_bottom_percent_error_sensorid_12: VAR_TYPE = 'data' and UNITS.strip() = ''.
  mms1_epd_feeps_brst_l2_electron_spin: VAR_TYPE = 'support_data' and UNITS.strip() = ''.
  mms1_epd_feeps_brst_l2_electron_integration_sectors: VAR_TYPE = 'support_data' and UNITS.strip() = ''.
  mms1_epd_feeps_brst_l2_electron_scz_vec_gse: VAR_TYPE = 'support_data' and UNITS.strip() = ''.
  mms1_epd_feeps_brst_l2_electron_scy_vec_gse: VAR_TYPE = 'support_data' and UNITS.strip() = ''.
  mms1_epd_feeps_brst_l2_electron_scx_vec_gse: VAR_TYPE = 'support_data' and UNITS.strip() = ''.
MMS1_FEEPS_BRST_L2_ION | ISTP.UNITS.Empty:
  epoch: VAR_TYPE = 'support_data' and UNITS.strip() = ''.
  mms1_epd_feeps_brst_l2_ion_spinsectnum: VAR_TYPE = 'support_data' and UNITS.strip() = ''.
  mms1_epd_feeps_brst_l2_ion_top_quality_indicator_sensorid_6: VAR_TYPE = 'data' and UNITS.strip() = ''.
  mms1_epd_feeps_brst_l2_ion_top_quality_indicator_sensorid_7: VAR_TYPE = 'data' and UNITS.strip() = ''.
  mms1_epd_feeps_brst_l2_ion_top_quality_indicator_sensorid_8: VAR_TYPE = 'data' and UNITS.strip() = ''.
  mms1_epd_feeps_brst_l2_ion_bottom_quality_indicator_sensorid_6: VAR_TYPE = 'data' and UNITS.strip() = ''.
  mms1_epd_feeps_brst_l2_ion_bottom_quality_indicator_sensorid_7: VAR_TYPE = 'data' and UNITS.strip() = ''.
  mms1_epd_feeps_brst_l2_ion_bottom_quality_indicator_sensorid_8: VAR_TYPE = 'data' and UNITS.strip() = ''.
  mms1_epd_feeps_brst_l2_ion_top_sector_mask_sensorid_6: VAR_TYPE = 'support_data' and UNITS.strip() = ''.
  mms1_epd_feeps_brst_l2_ion_top_sector_mask_sensorid_7: VAR_TYPE = 'support_data' and UNITS.strip() = ''.
  mms1_epd_feeps_brst_l2_ion_top_sector_mask_sensorid_8: VAR_TYPE = 'support_data' and UNITS.strip() = ''.
  mms1_epd_feeps_brst_l2_ion_bottom_sector_mask_sensorid_6: VAR_TYPE = 'support_data' and UNITS.strip() = ''.
  mms1_epd_feeps_brst_l2_ion_bottom_sector_mask_sensorid_7: VAR_TYPE = 'support_data' and UNITS.strip() = ''.
  mms1_epd_feeps_brst_l2_ion_bottom_sector_mask_sensorid_8: VAR_TYPE = 'support_data' and UNITS.strip() = ''.
  mms1_epd_feeps_brst_l2_ion_top_sun_contamination_sensorid_6: VAR_TYPE = 'support_data' and UNITS.strip() = ''.
  mms1_epd_feeps_brst_l2_ion_top_sun_contamination_sensorid_7: VAR_TYPE = 'support_data' and UNITS.strip() = ''.
  mms1_epd_feeps_brst_l2_ion_top_sun_contamination_sensorid_8: VAR_TYPE = 'support_data' and UNITS.strip() = ''.
  mms1_epd_feeps_brst_l2_ion_bottom_sun_contamination_sensorid_6: VAR_TYPE = 'support_data' and UNITS.strip() = ''.
  mms1_epd_feeps_brst_l2_ion_bottom_sun_contamination_sensorid_7: VAR_TYPE = 'support_data' and UNITS.strip() = ''.
  mms1_epd_feeps_brst_l2_ion_bottom_sun_contamination_sensorid_8: VAR_TYPE = 'support_data' and UNITS.strip() = ''.
  mms1_epd_feeps_brst_l2_ion_top_percent_error_sensorid_6: VAR_TYPE = 'data' and UNITS.strip() = ''.
  mms1_epd_feeps_brst_l2_ion_top_percent_error_sensorid_7: VAR_TYPE = 'data' and UNITS.strip() = ''.
  mms1_epd_feeps_brst_l2_ion_top_percent_error_sensorid_8: VAR_TYPE = 'data' and UNITS.strip() = ''.
  mms1_epd_feeps_brst_l2_ion_bottom_percent_error_sensorid_6: VAR_TYPE = 'data' and UNITS.strip() = ''.
  mms1_epd_feeps_brst_l2_ion_bottom_percent_error_sensorid_7: VAR_TYPE = 'data' and UNITS.strip() = ''.
  mms1_epd_feeps_brst_l2_ion_bottom_percent_error_sensorid_8: VAR_TYPE = 'data' and UNITS.strip() = ''.
  mms1_epd_feeps_brst_l2_ion_spin: VAR_TYPE = 'support_data' and UNITS.strip() = ''.
  mms1_epd_feeps_brst_l2_ion_integration_sectors: VAR_TYPE = 'support_data' and UNITS.strip() = ''.
  mms1_epd_feeps_brst_l2_ion_scz_vec_gse: VAR_TYPE = 'support_data' and UNITS.strip() = ''.
  mms1_epd_feeps_brst_l2_ion_scy_vec_gse: VAR_TYPE = 'support_data' and UNITS.strip() = ''.
  mms1_epd_feeps_brst_l2_ion_scx_vec_gse: VAR_TYPE = 'support_data' and UNITS.strip() = ''.
MMS1_FEEPS_SRVY_L2_ELECTRON | ISTP.UNITS.Empty:
  epoch: VAR_TYPE = 'support_data' and UNITS.strip() = ''.
  mms1_epd_feeps_srvy_l2_electron_spinsectnum: VAR_TYPE = 'support_data' and UNITS.strip() = ''.
  mms1_epd_feeps_srvy_l2_electron_top_quality_indicator_sensorid_1: VAR_TYPE = 'data' and UNITS.strip() = ''.
  mms1_epd_feeps_srvy_l2_electron_top_quality_indicator_sensorid_2: VAR_TYPE = 'data' and UNITS.strip() = ''.
  mms1_epd_feeps_srvy_l2_electron_top_quality_indicator_sensorid_3: VAR_TYPE = 'data' and UNITS.strip() = ''.
  mms1_epd_feeps_srvy_l2_electron_top_quality_indicator_sensorid_4: VAR_TYPE = 'data' and UNITS.strip() = ''.
  mms1_epd_feeps_srvy_l2_electron_top_quality_indicator_sensorid_5: VAR_TYPE = 'data' and UNITS.strip() = ''.
  mms1_epd_feeps_srvy_l2_electron_top_quality_indicator_sensorid_9: VAR_TYPE = 'data' and UNITS.strip() = ''.
  mms1_epd_feeps_srvy_l2_electron_top_quality_indicator_sensorid_10: VAR_TYPE = 'data' and UNITS.strip() = ''.
  mms1_epd_feeps_srvy_l2_electron_top_quality_indicator_sensorid_11: VAR_TYPE = 'data' and UNITS.strip() = ''.
  mms1_epd_feeps_srvy_l2_electron_top_quality_indicator_sensorid_12: VAR_TYPE = 'data' and UNITS.strip() = ''.
  mms1_epd_feeps_srvy_l2_electron_bottom_quality_indicator_sensorid_1: VAR_TYPE = 'data' and UNITS.strip() = ''.
  mms1_epd_feeps_srvy_l2_electron_bottom_quality_indicator_sensorid_2: VAR_TYPE = 'data' and UNITS.strip() = ''.
  mms1_epd_feeps_srvy_l2_electron_bottom_quality_indicator_sensorid_3: VAR_TYPE = 'data' and UNITS.strip() = ''.
  mms1_epd_feeps_srvy_l2_electron_bottom_quality_indicator_sensorid_4: VAR_TYPE = 'data' and UNITS.strip() = ''.
  mms1_epd_feeps_srvy_l2_electron_bottom_quality_indicator_sensorid_5: VAR_TYPE = 'data' and UNITS.strip() = ''.
  mms1_epd_feeps_srvy_l2_electron_bottom_quality_indicator_sensorid_9: VAR_TYPE = 'data' and UNITS.strip() = ''.
  mms1_epd_feeps_srvy_l2_electron_bottom_quality_indicator_sensorid_10: VAR_TYPE = 'data' and UNITS.strip() = ''.
  mms1_epd_feeps_srvy_l2_electron_bottom_quality_indicator_sensorid_11: VAR_TYPE = 'data' and UNITS.strip() = ''.
  mms1_epd_feeps_srvy_l2_electron_bottom_quality_indicator_sensorid_12: VAR_TYPE = 'data' and UNITS.strip() = ''.
  mms1_epd_feeps_srvy_l2_electron_top_sector_mask_sensorid_1: VAR_TYPE = 'support_data' and UNITS.strip() = ''.
  mms1_epd_feeps_srvy_l2_electron_top_sector_mask_sensorid_2: VAR_TYPE = 'support_data' and UNITS.strip() = ''.
  mms1_epd_feeps_srvy_l2_electron_top_sector_mask_sensorid_3: VAR_TYPE = 'support_data' and UNITS.strip() = ''.
  mms1_epd_feeps_srvy_l2_electron_top_sector_mask_sensorid_4: VAR_TYPE = 'support_data' and UNITS.strip() = ''.
  mms1_epd_feeps_srvy_l2_electron_top_sector_mask_sensorid_5: VAR_TYPE = 'support_data' and UNITS.strip() = ''.
  mms1_epd_feeps_srvy_l2_electron_top_sector_mask_sensorid_9: VAR_TYPE = 'support_data' and UNITS.strip() = ''.
  mms1_epd_feeps_srvy_l2_electron_top_sector_mask_sensorid_10: VAR_TYPE = 'support_data' and UNITS.strip() = ''.
  mms1_epd_feeps_srvy_l2_electron_top_sector_mask_sensorid_11: VAR_TYPE = 'support_data' and UNITS.strip() = ''.
  mms1_epd_feeps_srvy_l2_electron_top_sector_mask_sensorid_12: VAR_TYPE = 'support_data' and UNITS.strip() = ''.
  mms1_epd_feeps_srvy_l2_electron_bottom_sector_mask_sensorid_1: VAR_TYPE = 'support_data' and UNITS.strip() = ''.
  mms1_epd_feeps_srvy_l2_electron_bottom_sector_mask_sensorid_2: VAR_TYPE = 'support_data' and UNITS.strip() = ''.
  mms1_epd_feeps_srvy_l2_electron_bottom_sector_mask_sensorid_3: VAR_TYPE = 'support_data' and UNITS.strip() = ''.
  mms1_epd_feeps_srvy_l2_electron_bottom_sector_mask_sensorid_4: VAR_TYPE = 'support_data' and UNITS.strip() = ''.
  mms1_epd_feeps_srvy_l2_electron_bottom_sector_mask_sensorid_5: VAR_TYPE = 'support_data' and UNITS.strip() = ''.
  mms1_epd_feeps_srvy_l2_electron_bottom_sector_mask_sensorid_9: VAR_TYPE = 'support_data' and UNITS.strip() = ''.
  mms1_epd_feeps_srvy_l2_electron_bottom_sector_mask_sensorid_10: VAR_TYPE = 'support_data' and UNITS.strip() = ''.
  mms1_epd_feeps_srvy_l2_electron_bottom_sector_mask_sensorid_11: VAR_TYPE = 'support_data' and UNITS.strip() = ''.
  mms1_epd_feeps_srvy_l2_electron_bottom_sector_mask_sensorid_12: VAR_TYPE = 'support_data' and UNITS.strip() = ''.
  mms1_epd_feeps_srvy_l2_electron_top_sun_contamination_sensorid_1: VAR_TYPE = 'support_data' and UNITS.strip() = ''.
  mms1_epd_feeps_srvy_l2_electron_top_sun_contamination_sensorid_2: VAR_TYPE = 'support_data' and UNITS.strip() = ''.
  mms1_epd_feeps_srvy_l2_electron_top_sun_contamination_sensorid_3: VAR_TYPE = 'support_data' and UNITS.strip() = ''.
  mms1_epd_feeps_srvy_l2_electron_top_sun_contamination_sensorid_4: VAR_TYPE = 'support_data' and UNITS.strip() = ''.
  mms1_epd_feeps_srvy_l2_electron_top_sun_contamination_sensorid_5: VAR_TYPE = 'support_data' and UNITS.strip() = ''.
  mms1_epd_feeps_srvy_l2_electron_top_sun_contamination_sensorid_9: VAR_TYPE = 'support_data' and UNITS.strip() = ''.
  mms1_epd_feeps_srvy_l2_electron_top_sun_contamination_sensorid_10: VAR_TYPE = 'support_data' and UNITS.strip() = ''.
  mms1_epd_feeps_srvy_l2_electron_top_sun_contamination_sensorid_11: VAR_TYPE = 'support_data' and UNITS.strip() = ''.
  mms1_epd_feeps_srvy_l2_electron_top_sun_contamination_sensorid_12: VAR_TYPE = 'support_data' and UNITS.strip() = ''.
  mms1_epd_feeps_srvy_l2_electron_bottom_sun_contamination_sensorid_1: VAR_TYPE = 'support_data' and UNITS.strip() = ''.
  mms1_epd_feeps_srvy_l2_electron_bottom_sun_contamination_sensorid_2: VAR_TYPE = 'support_data' and UNITS.strip() = ''.
  mms1_epd_feeps_srvy_l2_electron_bottom_sun_contamination_sensorid_3: VAR_TYPE = 'support_data' and UNITS.strip() = ''.
  mms1_epd_feeps_srvy_l2_electron_bottom_sun_contamination_sensorid_4: VAR_TYPE = 'support_data' and UNITS.strip() = ''.
  mms1_epd_feeps_srvy_l2_electron_bottom_sun_contamination_sensorid_5: VAR_TYPE = 'support_data' and UNITS.strip() = ''.
  mms1_epd_feeps_srvy_l2_electron_bottom_sun_contamination_sensorid_9: VAR_TYPE = 'support_data' and UNITS.strip() = ''.
  mms1_epd_feeps_srvy_l2_electron_bottom_sun_contamination_sensorid_10: VAR_TYPE = 'support_data' and UNITS.strip() = ''.
  mms1_epd_feeps_srvy_l2_electron_bottom_sun_contamination_sensorid_11: VAR_TYPE = 'support_data' and UNITS.strip() = ''.
  mms1_epd_feeps_srvy_l2_electron_bottom_sun_contamination_sensorid_12: VAR_TYPE = 'support_data' and UNITS.strip() = ''.
  mms1_epd_feeps_srvy_l2_electron_top_percent_error_sensorid_1: VAR_TYPE = 'data' and UNITS.strip() = ''.
  mms1_epd_feeps_srvy_l2_electron_top_percent_error_sensorid_2: VAR_TYPE = 'data' and UNITS.strip() = ''.
  mms1_epd_feeps_srvy_l2_electron_top_percent_error_sensorid_3: VAR_TYPE = 'data' and UNITS.strip() = ''.
  mms1_epd_feeps_srvy_l2_electron_top_percent_error_sensorid_4: VAR_TYPE = 'data' and UNITS.strip() = ''.
  mms1_epd_feeps_srvy_l2_electron_top_percent_error_sensorid_5: VAR_TYPE = 'data' and UNITS.strip() = ''.
  mms1_epd_feeps_srvy_l2_electron_top_percent_error_sensorid_9: VAR_TYPE = 'data' and UNITS.strip() = ''.
  mms1_epd_feeps_srvy_l2_electron_top_percent_error_sensorid_10: VAR_TYPE = 'data' and UNITS.strip() = ''.
  mms1_epd_feeps_srvy_l2_electron_top_percent_error_sensorid_11: VAR_TYPE = 'data' and UNITS.strip() = ''.
  mms1_epd_feeps_srvy_l2_electron_top_percent_error_sensorid_12: VAR_TYPE = 'data' and UNITS.strip() = ''.
  mms1_epd_feeps_srvy_l2_electron_bottom_percent_error_sensorid_1: VAR_TYPE = 'data' and UNITS.strip() = ''.
  mms1_epd_feeps_srvy_l2_electron_bottom_percent_error_sensorid_2: VAR_TYPE = 'data' and UNITS.strip() = ''.
  mms1_epd_feeps_srvy_l2_electron_bottom_percent_error_sensorid_3: VAR_TYPE = 'data' and UNITS.strip() = ''.
  mms1_epd_feeps_srvy_l2_electron_bottom_percent_error_sensorid_4: VAR_TYPE = 'data' and UNITS.strip() = ''.
  mms1_epd_feeps_srvy_l2_electron_bottom_percent_error_sensorid_5: VAR_TYPE = 'data' and UNITS.strip() = ''.
  mms1_epd_feeps_srvy_l2_electron_bottom_percent_error_sensorid_9: VAR_TYPE = 'data' and UNITS.strip() = ''.
  mms1_epd_feeps_srvy_l2_electron_bottom_percent_error_sensorid_10: VAR_TYPE = 'data' and UNITS.strip() = ''.
  mms1_epd_feeps_srvy_l2_electron_bottom_percent_error_sensorid_11: VAR_TYPE = 'data' and UNITS.strip() = ''.
  mms1_epd_feeps_srvy_l2_electron_bottom_percent_error_sensorid_12: VAR_TYPE = 'data' and UNITS.strip() = ''.
  mms1_epd_feeps_srvy_l2_electron_spin: VAR_TYPE = 'support_data' and UNITS.strip() = ''.
  mms1_epd_feeps_srvy_l2_electron_integration_sectors: VAR_TYPE = 'support_data' and UNITS.strip() = ''.
  mms1_epd_feeps_srvy_l2_electron_scz_vec_gse: VAR_TYPE = 'support_data' and UNITS.strip() = ''.
  mms1_epd_feeps_srvy_l2_electron_scy_vec_gse: VAR_TYPE = 'support_data' and UNITS.strip() = ''.
  mms1_epd_feeps_srvy_l2_electron_scx_vec_gse: VAR_TYPE = 'support_data' and UNITS.strip() = ''.
MMS1_FEEPS_SRVY_L2_ION | ISTP.UNITS.Empty:
  epoch: VAR_TYPE = 'support_data' and UNITS.strip() = ''.
  mms1_epd_feeps_srvy_l2_ion_spinsectnum: VAR_TYPE = 'support_data' and UNITS.strip() = ''.
  mms1_epd_feeps_srvy_l2_ion_top_quality_indicator_sensorid_6: VAR_TYPE = 'data' and UNITS.strip() = ''.
  mms1_epd_feeps_srvy_l2_ion_top_quality_indicator_sensorid_7: VAR_TYPE = 'data' and UNITS.strip() = ''.
  mms1_epd_feeps_srvy_l2_ion_top_quality_indicator_sensorid_8: VAR_TYPE = 'data' and UNITS.strip() = ''.
  mms1_epd_feeps_srvy_l2_ion_bottom_quality_indicator_sensorid_6: VAR_TYPE = 'data' and UNITS.strip() = ''.
  mms1_epd_feeps_srvy_l2_ion_bottom_quality_indicator_sensorid_7: VAR_TYPE = 'data' and UNITS.strip() = ''.
  mms1_epd_feeps_srvy_l2_ion_bottom_quality_indicator_sensorid_8: VAR_TYPE = 'data' and UNITS.strip() = ''.
  mms1_epd_feeps_srvy_l2_ion_top_sector_mask_sensorid_6: VAR_TYPE = 'support_data' and UNITS.strip() = ''.
  mms1_epd_feeps_srvy_l2_ion_top_sector_mask_sensorid_7: VAR_TYPE = 'support_data' and UNITS.strip() = ''.
  mms1_epd_feeps_srvy_l2_ion_top_sector_mask_sensorid_8: VAR_TYPE = 'support_data' and UNITS.strip() = ''.
  mms1_epd_feeps_srvy_l2_ion_bottom_sector_mask_sensorid_6: VAR_TYPE = 'support_data' and UNITS.strip() = ''.
  mms1_epd_feeps_srvy_l2_ion_bottom_sector_mask_sensorid_7: VAR_TYPE = 'support_data' and UNITS.strip() = ''.
  mms1_epd_feeps_srvy_l2_ion_bottom_sector_mask_sensorid_8: VAR_TYPE = 'support_data' and UNITS.strip() = ''.
  mms1_epd_feeps_srvy_l2_ion_top_sun_contamination_sensorid_6: VAR_TYPE = 'support_data' and UNITS.strip() = ''.
  mms1_epd_feeps_srvy_l2_ion_top_sun_contamination_sensorid_7: VAR_TYPE = 'support_data' and UNITS.strip() = ''.
  mms1_epd_feeps_srvy_l2_ion_top_sun_contamination_sensorid_8: VAR_TYPE = 'support_data' and UNITS.strip() = ''.
  mms1_epd_feeps_srvy_l2_ion_bottom_sun_contamination_sensorid_6: VAR_TYPE = 'support_data' and UNITS.strip() = ''.
  mms1_epd_feeps_srvy_l2_ion_bottom_sun_contamination_sensorid_7: VAR_TYPE = 'support_data' and UNITS.strip() = ''.
  mms1_epd_feeps_srvy_l2_ion_bottom_sun_contamination_sensorid_8: VAR_TYPE = 'support_data' and UNITS.strip() = ''.
  mms1_epd_feeps_srvy_l2_ion_top_percent_error_sensorid_6: VAR_TYPE = 'data' and UNITS.strip() = ''.
  mms1_epd_feeps_srvy_l2_ion_top_percent_error_sensorid_7: VAR_TYPE = 'data' and UNITS.strip() = ''.
  mms1_epd_feeps_srvy_l2_ion_top_percent_error_sensorid_8: VAR_TYPE = 'data' and UNITS.strip() = ''.
  mms1_epd_feeps_srvy_l2_ion_bottom_percent_error_sensorid_6: VAR_TYPE = 'data' and UNITS.strip() = ''.
  mms1_epd_feeps_srvy_l2_ion_bottom_percent_error_sensorid_7: VAR_TYPE = 'data' and UNITS.strip() = ''.
  mms1_epd_feeps_srvy_l2_ion_bottom_percent_error_sensorid_8: VAR_TYPE = 'data' and UNITS.strip() = ''.
  mms1_epd_feeps_srvy_l2_ion_spin: VAR_TYPE = 'support_data' and UNITS.strip() = ''.
  mms1_epd_feeps_srvy_l2_ion_integration_sectors: VAR_TYPE = 'support_data' and UNITS.strip() = ''.
  mms1_epd_feeps_srvy_l2_ion_scz_vec_gse: VAR_TYPE = 'support_data' and UNITS.strip() = ''.
  mms1_epd_feeps_srvy_l2_ion_scy_vec_gse: VAR_TYPE = 'support_data' and UNITS.strip() = ''.
  mms1_epd_feeps_srvy_l2_ion_scx_vec_gse: VAR_TYPE = 'support_data' and UNITS.strip() = ''.
MMS1_FGM_BRST_L2 | ISTP.UNITS.Empty:
  mms1_fgm_hirange_brst_l2: VAR_TYPE = 'support_data' and UNITS.strip() = ''.
MMS1_FGM_SRVY_L2 | ISTP.UNITS.Empty:
  mms1_fgm_hirange_srvy_l2: VAR_TYPE = 'support_data' and UNITS.strip() = ''.
MMS1_HPCA_BRST_L2_ION | ISTP.UNITS.Empty:
  mms1_hpca_azimuth_decimation_factor: VAR_TYPE = 'support_data' and UNITS.strip() = ''.
  mms1_hpca_polar_decimation_factor: VAR_TYPE = 'support_data' and UNITS.strip() = ''.
  mms1_hpca_energy_decimation_factor: VAR_TYPE = 'support_data' and UNITS.strip() = ''.
  mms1_hpca_sweep_table_number: VAR_TYPE = 'support_data' and UNITS.strip() = ''.
  mms1_hpca_start_azimuth: VAR_TYPE = 'data' and UNITS.strip() = ''.
  mms1_hpca_science_mode: VAR_TYPE = 'data' and UNITS.strip() = ''.
  mms1_hpca_azimuth_index: VAR_TYPE = 'support_data' and UNITS.strip() = ''.
  mms1_hpca_energy_step_number: VAR_TYPE = 'support_data' and UNITS.strip() = ''.
  mms1_hpca_MCP_VMON_MIN_converted: VAR_TYPE = 'data' and UNITS.strip() = ''.
  mms1_hpca_TOF_VMON_MIN_converted: VAR_TYPE = 'data' and UNITS.strip() = ''.
  mms1_hpca_decimation_factor_index: VAR_TYPE = 'data' and UNITS.strip() = ''.
MMS1_HPCA_BRST_L2_MOMENTS | ISTP.UNITS.Empty:
  mms1_hpca_spin_number: VAR_TYPE = 'support_data' and UNITS.strip() = ''.
  mms1_hpca_sweep_table_number: VAR_TYPE = 'support_data' and UNITS.strip() = ''.
  mms1_hpca_science_mode: VAR_TYPE = 'support_data' and UNITS.strip() = ''.
  mms1_hpca_MCP_VMON_MIN_converted: VAR_TYPE = 'data' and UNITS.strip() = ''.
  mms1_hpca_TOF_VMON_MIN_converted: VAR_TYPE = 'data' and UNITS.strip() = ''.
MMS1_HPCA_SRVY_L2_ION | ISTP.UNITS.Empty:
  mms1_hpca_azimuth_decimation_factor: VAR_TYPE = 'support_data' and UNITS.strip() = ''.
  mms1_hpca_polar_decimation_factor: VAR_TYPE = 'support_data' and UNITS.strip() = ''.
  mms1_hpca_energy_decimation_factor: VAR_TYPE = 'support_data' and UNITS.strip() = ''.
  mms1_hpca_sweep_table_number: VAR_TYPE = 'support_data' and UNITS.strip() = ''.
  mms1_hpca_start_azimuth: VAR_TYPE = 'data' and UNITS.strip() = ''.
  mms1_hpca_science_mode: VAR_TYPE = 'data' and UNITS.strip() = ''.
  mms1_hpca_azimuth_index: VAR_TYPE = 'support_data' and UNITS.strip() = ''.
  mms1_hpca_energy_step_number: VAR_TYPE = 'support_data' and UNITS.strip() = ''.
  mms1_hpca_MCP_VMON_MIN_converted: VAR_TYPE = 'data' and UNITS.strip() = ''.
  mms1_hpca_TOF_VMON_MIN_converted: VAR_TYPE = 'data' and UNITS.strip() = ''.
  mms1_hpca_decimation_factor_index: VAR_TYPE = 'data' and UNITS.strip() = ''.
MMS1_HPCA_SRVY_L2_MOMENTS | ISTP.UNITS.Empty:
  mms1_hpca_spin_number: VAR_TYPE = 'support_data' and UNITS.strip() = ''.
  mms1_hpca_sweep_table_number: VAR_TYPE = 'support_data' and UNITS.strip() = ''.
  mms1_hpca_science_mode: VAR_TYPE = 'support_data' and UNITS.strip() = ''.
  mms1_hpca_MCP_VMON_MIN_converted: VAR_TYPE = 'data' and UNITS.strip() = ''.
  mms1_hpca_TOF_VMON_MIN_converted: VAR_TYPE = 'data' and UNITS.strip() = ''.
MMS1_HPCA_SRVY_L2_TOF-COUNTS | ISTP.UNITS.Empty:
  mms1_hpca_tof_counts: VAR_TYPE = 'data' and UNITS.strip() = ''.
  mms1_hpca_tof_counts_allA_atE: VAR_TYPE = 'data' and UNITS.strip() = ''.
  mms1_hpca_tof_counts_allE_atA: VAR_TYPE = 'data' and UNITS.strip() = ''.
MMS1_MEC_BRST_L2_EPHT89D | ISTP.UNITS.Empty:
  mms1_mec_l_dipole: VAR_TYPE = 'data' and UNITS.strip() = ''.
  mms1_mec_quat_eci_to_bcs: VAR_TYPE = 'data' and UNITS.strip() = ''.
  mms1_mec_quat_eci_to_dbcs: VAR_TYPE = 'data' and UNITS.strip() = ''.
  mms1_mec_quat_eci_to_dmpa: VAR_TYPE = 'data' and UNITS.strip() = ''.
  mms1_mec_quat_eci_to_smpa: VAR_TYPE = 'data' and UNITS.strip() = ''.
  mms1_mec_quat_eci_to_dsl: VAR_TYPE = 'data' and UNITS.strip() = ''.
  mms1_mec_quat_eci_to_ssl: VAR_TYPE = 'data' and UNITS.strip() = ''.
  mms1_mec_kp: VAR_TYPE = 'data' and UNITS.strip() = ''.
  mms1_mec_earth_eclipse_flag: VAR_TYPE = 'data' and UNITS.strip() = ''.
  mms1_mec_moon_eclipse_flag: VAR_TYPE = 'data' and UNITS.strip() = ''.
  mms1_mec_quat_eci_to_gsm: VAR_TYPE = 'data' and UNITS.strip() = ''.
  mms1_mec_quat_eci_to_geo: VAR_TYPE = 'data' and UNITS.strip() = ''.
  mms1_mec_quat_eci_to_sm: VAR_TYPE = 'data' and UNITS.strip() = ''.
  mms1_mec_quat_eci_to_gse: VAR_TYPE = 'data' and UNITS.strip() = ''.
  mms1_mec_quat_eci_to_gse2000: VAR_TYPE = 'data' and UNITS.strip() = ''.
  mms1_mec_fieldline_type: VAR_TYPE = 'data' and UNITS.strip() = ''.
MMS1_MEC_BRST_L2_EPHT89Q | ISTP.UNITS.Empty:
  mms1_mec_l_dipole: VAR_TYPE = 'data' and UNITS.strip() = ''.
  mms1_mec_quat_eci_to_bcs: VAR_TYPE = 'data' and UNITS.strip() = ''.
  mms1_mec_quat_eci_to_dbcs: VAR_TYPE = 'data' and UNITS.strip() = ''.
  mms1_mec_quat_eci_to_dmpa: VAR_TYPE = 'data' and UNITS.strip() = ''.
  mms1_mec_quat_eci_to_smpa: VAR_TYPE = 'data' and UNITS.strip() = ''.
  mms1_mec_quat_eci_to_dsl: VAR_TYPE = 'data' and UNITS.strip() = ''.
  mms1_mec_quat_eci_to_ssl: VAR_TYPE = 'data' and UNITS.strip() = ''.
  mms1_mec_kp: VAR_TYPE = 'data' and UNITS.strip() = ''.
  mms1_mec_earth_eclipse_flag: VAR_TYPE = 'data' and UNITS.strip() = ''.
  mms1_mec_moon_eclipse_flag: VAR_TYPE = 'data' and UNITS.strip() = ''.
  mms1_mec_quat_eci_to_gsm: VAR_TYPE = 'data' and UNITS.strip() = ''.
  mms1_mec_quat_eci_to_geo: VAR_TYPE = 'data' and UNITS.strip() = ''.
  mms1_mec_quat_eci_to_sm: VAR_TYPE = 'data' and UNITS.strip() = ''.
  mms1_mec_quat_eci_to_gse: VAR_TYPE = 'data' and UNITS.strip() = ''.
  mms1_mec_quat_eci_to_gse2000: VAR_TYPE = 'data' and UNITS.strip() = ''.
  mms1_mec_fieldline_type: VAR_TYPE = 'data' and UNITS.strip() = ''.
MMS1_MEC_BRST_L2_EPHTS04D | ISTP.UNITS.Empty:
  mms1_mec_l_dipole: VAR_TYPE = 'data' and UNITS.strip() = ''.
  mms1_mec_quat_eci_to_bcs: VAR_TYPE = 'data' and UNITS.strip() = ''.
  mms1_mec_quat_eci_to_dbcs: VAR_TYPE = 'data' and UNITS.strip() = ''.
  mms1_mec_quat_eci_to_dmpa: VAR_TYPE = 'data' and UNITS.strip() = ''.
  mms1_mec_quat_eci_to_smpa: VAR_TYPE = 'data' and UNITS.strip() = ''.
  mms1_mec_quat_eci_to_dsl: VAR_TYPE = 'data' and UNITS.strip() = ''.
  mms1_mec_quat_eci_to_ssl: VAR_TYPE = 'data' and UNITS.strip() = ''.
  mms1_mec_kp: VAR_TYPE = 'data' and UNITS.strip() = ''.
  mms1_mec_earth_eclipse_flag: VAR_TYPE = 'data' and UNITS.strip() = ''.
  mms1_mec_moon_eclipse_flag: VAR_TYPE = 'data' and UNITS.strip() = ''.
  mms1_mec_quat_eci_to_gsm: VAR_TYPE = 'data' and UNITS.strip() = ''.
  mms1_mec_quat_eci_to_geo: VAR_TYPE = 'data' and UNITS.strip() = ''.
  mms1_mec_quat_eci_to_sm: VAR_TYPE = 'data' and UNITS.strip() = ''.
  mms1_mec_quat_eci_to_gse: VAR_TYPE = 'data' and UNITS.strip() = ''.
  mms1_mec_quat_eci_to_gse2000: VAR_TYPE = 'data' and UNITS.strip() = ''.
  mms1_mec_fieldline_type: VAR_TYPE = 'data' and UNITS.strip() = ''.
MMS1_MEC_SRVY_L2_EPHT89D | ISTP.UNITS.Empty:
  mms1_mec_l_dipole: VAR_TYPE = 'data' and UNITS.strip() = ''.
  mms1_mec_quat_eci_to_bcs: VAR_TYPE = 'data' and UNITS.strip() = ''.
  mms1_mec_quat_eci_to_dbcs: VAR_TYPE = 'data' and UNITS.strip() = ''.
  mms1_mec_quat_eci_to_dmpa: VAR_TYPE = 'data' and UNITS.strip() = ''.
  mms1_mec_quat_eci_to_smpa: VAR_TYPE = 'data' and UNITS.strip() = ''.
  mms1_mec_quat_eci_to_dsl: VAR_TYPE = 'data' and UNITS.strip() = ''.
  mms1_mec_quat_eci_to_ssl: VAR_TYPE = 'data' and UNITS.strip() = ''.
  mms1_mec_kp: VAR_TYPE = 'data' and UNITS.strip() = ''.
  mms1_mec_earth_eclipse_flag: VAR_TYPE = 'data' and UNITS.strip() = ''.
  mms1_mec_moon_eclipse_flag: VAR_TYPE = 'data' and UNITS.strip() = ''.
  mms1_mec_quat_eci_to_gsm: VAR_TYPE = 'data' and UNITS.strip() = ''.
  mms1_mec_quat_eci_to_geo: VAR_TYPE = 'data' and UNITS.strip() = ''.
  mms1_mec_quat_eci_to_sm: VAR_TYPE = 'data' and UNITS.strip() = ''.
  mms1_mec_quat_eci_to_gse: VAR_TYPE = 'data' and UNITS.strip() = ''.
  mms1_mec_quat_eci_to_gse2000: VAR_TYPE = 'data' and UNITS.strip() = ''.
  mms1_mec_fieldline_type: VAR_TYPE = 'data' and UNITS.strip() = ''.
MMS1_MEC_SRVY_L2_EPHT89Q | ISTP.UNITS.Empty:
  mms1_mec_l_dipole: VAR_TYPE = 'data' and UNITS.strip() = ''.
  mms1_mec_quat_eci_to_bcs: VAR_TYPE = 'data' and UNITS.strip() = ''.
  mms1_mec_quat_eci_to_dbcs: VAR_TYPE = 'data' and UNITS.strip() = ''.
  mms1_mec_quat_eci_to_dmpa: VAR_TYPE = 'data' and UNITS.strip() = ''.
  mms1_mec_quat_eci_to_smpa: VAR_TYPE = 'data' and UNITS.strip() = ''.
  mms1_mec_quat_eci_to_dsl: VAR_TYPE = 'data' and UNITS.strip() = ''.
  mms1_mec_quat_eci_to_ssl: VAR_TYPE = 'data' and UNITS.strip() = ''.
  mms1_mec_kp: VAR_TYPE = 'data' and UNITS.strip() = ''.
  mms1_mec_earth_eclipse_flag: VAR_TYPE = 'data' and UNITS.strip() = ''.
  mms1_mec_moon_eclipse_flag: VAR_TYPE = 'data' and UNITS.strip() = ''.
  mms1_mec_quat_eci_to_gsm: VAR_TYPE = 'data' and UNITS.strip() = ''.
  mms1_mec_quat_eci_to_geo: VAR_TYPE = 'data' and UNITS.strip() = ''.
  mms1_mec_quat_eci_to_sm: VAR_TYPE = 'data' and UNITS.strip() = ''.
  mms1_mec_quat_eci_to_gse: VAR_TYPE = 'data' and UNITS.strip() = ''.
  mms1_mec_quat_eci_to_gse2000: VAR_TYPE = 'data' and UNITS.strip() = ''.
  mms1_mec_fieldline_type: VAR_TYPE = 'data' and UNITS.strip() = ''.
MMS1_MEC_SRVY_L2_EPHTS04D | ISTP.UNITS.Empty:
  mms1_mec_l_dipole: VAR_TYPE = 'data' and UNITS.strip() = ''.
  mms1_mec_quat_eci_to_bcs: VAR_TYPE = 'data' and UNITS.strip() = ''.
  mms1_mec_quat_eci_to_dbcs: VAR_TYPE = 'data' and UNITS.strip() = ''.
  mms1_mec_quat_eci_to_dmpa: VAR_TYPE = 'data' and UNITS.strip() = ''.
  mms1_mec_quat_eci_to_smpa: VAR_TYPE = 'data' and UNITS.strip() = ''.
  mms1_mec_quat_eci_to_dsl: VAR_TYPE = 'data' and UNITS.strip() = ''.
  mms1_mec_quat_eci_to_ssl: VAR_TYPE = 'data' and UNITS.strip() = ''.
  mms1_mec_kp: VAR_TYPE = 'data' and UNITS.strip() = ''.
  mms1_mec_earth_eclipse_flag: VAR_TYPE = 'data' and UNITS.strip() = ''.
  mms1_mec_moon_eclipse_flag: VAR_TYPE = 'data' and UNITS.strip() = ''.
  mms1_mec_quat_eci_to_gsm: VAR_TYPE = 'data' and UNITS.strip() = ''.
  mms1_mec_quat_eci_to_geo: VAR_TYPE = 'data' and UNITS.strip() = ''.
  mms1_mec_quat_eci_to_sm: VAR_TYPE = 'data' and UNITS.strip() = ''.
  mms1_mec_quat_eci_to_gse: VAR_TYPE = 'data' and UNITS.strip() = ''.
  mms1_mec_quat_eci_to_gse2000: VAR_TYPE = 'data' and UNITS.strip() = ''.
  mms1_mec_fieldline_type: VAR_TYPE = 'data' and UNITS.strip() = ''.
MMS2_ASPOC_SRVY_L2 | ISTP.UNITS.Empty:
  mms2_aspoc_status: VAR_TYPE = 'data' and UNITS.strip() = ''.
MMS2_EDP_BRST_L2_DCE | ISTP.UNITS.Empty:
  mms2_edp_bitmask_brst_l2: VAR_TYPE = 'support_data' and UNITS.strip() = ''.
MMS2_EDP_BRST_L2_SCPOT | ISTP.UNITS.Empty:
  mms2_edp_bitmask_brst_l2: VAR_TYPE = 'support_data' and UNITS.strip() = ''.
  mms2_edp_quality_brst_l2: VAR_TYPE = 'support_data' and UNITS.strip() = ''.
MMS2_EDP_FAST_L2_DCE | ISTP.UNITS.Empty:
  mms2_edp_bitmask_fast_l2: VAR_TYPE = 'support_data' and UNITS.strip() = ''.
MMS2_EDP_FAST_L2_SCPOT | ISTP.UNITS.Empty:
  mms2_edp_bitmask_fast_l2: VAR_TYPE = 'support_data' and UNITS.strip() = ''.
  mms2_edp_quality_fast_l2: VAR_TYPE = 'support_data' and UNITS.strip() = ''.
MMS2_EDP_SLOW_L2_DCE | ISTP.UNITS.Empty:
  mms2_edp_bitmask_slow_l2: VAR_TYPE = 'support_data' and UNITS.strip() = ''.
MMS2_EDP_SLOW_L2_SCPOT | ISTP.UNITS.Empty:
  mms2_edp_bitmask_slow_l2: VAR_TYPE = 'support_data' and UNITS.strip() = ''.
  mms2_edp_quality_slow_l2: VAR_TYPE = 'support_data' and UNITS.strip() = ''.
MMS2_EPD-EIS_BRST_L2_EXTOF | ISTP.UNITS.Empty:
  mms2_epd_eis_brst_l2_extof_proton_P5_counts_t0: VAR_TYPE = 'data' and UNITS.strip() = ''.
  mms2_epd_eis_brst_l2_extof_proton_P5_counts_t1: VAR_TYPE = 'data' and UNITS.strip() = ''.
  mms2_epd_eis_brst_l2_extof_proton_P5_counts_t2: VAR_TYPE = 'data' and UNITS.strip() = ''.
  mms2_epd_eis_brst_l2_extof_proton_P5_counts_t3: VAR_TYPE = 'data' and UNITS.strip() = ''.
  mms2_epd_eis_brst_l2_extof_proton_P5_counts_t4: VAR_TYPE = 'data' and UNITS.strip() = ''.
  mms2_epd_eis_brst_l2_extof_proton_P5_counts_t5: VAR_TYPE = 'data' and UNITS.strip() = ''.
  mms2_epd_eis_brst_l2_extof_oxygen_P5_counts_t0: VAR_TYPE = 'data' and UNITS.strip() = ''.
  mms2_epd_eis_brst_l2_extof_oxygen_P5_counts_t1: VAR_TYPE = 'data' and UNITS.strip() = ''.
  mms2_epd_eis_brst_l2_extof_oxygen_P5_counts_t2: VAR_TYPE = 'data' and UNITS.strip() = ''.
  mms2_epd_eis_brst_l2_extof_oxygen_P5_counts_t3: VAR_TYPE = 'data' and UNITS.strip() = ''.
  mms2_epd_eis_brst_l2_extof_oxygen_P5_counts_t4: VAR_TYPE = 'data' and UNITS.strip() = ''.
  mms2_epd_eis_brst_l2_extof_oxygen_P5_counts_t5: VAR_TYPE = 'data' and UNITS.strip() = ''.
  mms2_epd_eis_brst_l2_extof_helium_P5_counts_t0: VAR_TYPE = 'data' and UNITS.strip() = ''.
  mms2_epd_eis_brst_l2_extof_helium_P5_counts_t1: VAR_TYPE = 'data' and UNITS.strip() = ''.
  mms2_epd_eis_brst_l2_extof_helium_P5_counts_t2: VAR_TYPE = 'data' and UNITS.strip() = ''.
  mms2_epd_eis_brst_l2_extof_helium_P5_counts_t3: VAR_TYPE = 'data' and UNITS.strip() = ''.
  mms2_epd_eis_brst_l2_extof_helium_P5_counts_t4: VAR_TYPE = 'data' and UNITS.strip() = ''.
  mms2_epd_eis_brst_l2_extof_helium_P5_counts_t5: VAR_TYPE = 'data' and UNITS.strip() = ''.
MMS2_EPD-EIS_BRST_L2_PHXTOF | ISTP.UNITS.Empty:
  mms2_epd_eis_brst_l2_phxtof_proton_P5_counts_t0: VAR_TYPE = 'data' and UNITS.strip() = ''.
  mms2_epd_eis_brst_l2_phxtof_proton_P5_counts_t1: VAR_TYPE = 'data' and UNITS.strip() = ''.
  mms2_epd_eis_brst_l2_phxtof_proton_P5_counts_t2: VAR_TYPE = 'data' and UNITS.strip() = ''.
  mms2_epd_eis_brst_l2_phxtof_proton_P5_counts_t3: VAR_TYPE = 'data' and UNITS.strip() = ''.
  mms2_epd_eis_brst_l2_phxtof_proton_P5_counts_t4: VAR_TYPE = 'data' and UNITS.strip() = ''.
  mms2_epd_eis_brst_l2_phxtof_proton_P5_counts_t5: VAR_TYPE = 'data' and UNITS.strip() = ''.
  mms2_epd_eis_brst_l2_phxtof_oxygen_P5_counts_t0: VAR_TYPE = 'data' and UNITS.strip() = ''.
  mms2_epd_eis_brst_l2_phxtof_oxygen_P5_counts_t1: VAR_TYPE = 'data' and UNITS.strip() = ''.
  mms2_epd_eis_brst_l2_phxtof_oxygen_P5_counts_t2: VAR_TYPE = 'data' and UNITS.strip() = ''.
  mms2_epd_eis_brst_l2_phxtof_oxygen_P5_counts_t3: VAR_TYPE = 'data' and UNITS.strip() = ''.
  mms2_epd_eis_brst_l2_phxtof_oxygen_P5_counts_t4: VAR_TYPE = 'data' and UNITS.strip() = ''.
  mms2_epd_eis_brst_l2_phxtof_oxygen_P5_counts_t5: VAR_TYPE = 'data' and UNITS.strip() = ''.
MMS2_EPD-EIS_SRVY_L2_ELECTRONENERGY | ISTP.UNITS.Empty:
  mms2_epd_eis_srvy_l2_electronenergy_electron_P5_counts_t0: VAR_TYPE = 'data' and UNITS.strip() = ''.
  mms2_epd_eis_srvy_l2_electronenergy_electron_P5_counts_t1: VAR_TYPE = 'data' and UNITS.strip() = ''.
  mms2_epd_eis_srvy_l2_electronenergy_electron_P5_counts_t2: VAR_TYPE = 'data' and UNITS.strip() = ''.
  mms2_epd_eis_srvy_l2_electronenergy_electron_P5_counts_t3: VAR_TYPE = 'data' and UNITS.strip() = ''.
  mms2_epd_eis_srvy_l2_electronenergy_electron_P5_counts_t4: VAR_TYPE = 'data' and UNITS.strip() = ''.
  mms2_epd_eis_srvy_l2_electronenergy_electron_P5_counts_t5: VAR_TYPE = 'data' and UNITS.strip() = ''.
MMS2_EPD-EIS_SRVY_L2_EXTOF | ISTP.UNITS.Empty:
  mms2_epd_eis_srvy_l2_extof_proton_P5_counts_t0: VAR_TYPE = 'data' and UNITS.strip() = ''.
  mms2_epd_eis_srvy_l2_extof_proton_P5_counts_t1: VAR_TYPE = 'data' and UNITS.strip() = ''.
  mms2_epd_eis_srvy_l2_extof_proton_P5_counts_t2: VAR_TYPE = 'data' and UNITS.strip() = ''.
  mms2_epd_eis_srvy_l2_extof_proton_P5_counts_t3: VAR_TYPE = 'data' and UNITS.strip() = ''.
  mms2_epd_eis_srvy_l2_extof_proton_P5_counts_t4: VAR_TYPE = 'data' and UNITS.strip() = ''.
  mms2_epd_eis_srvy_l2_extof_proton_P5_counts_t5: VAR_TYPE = 'data' and UNITS.strip() = ''.
  mms2_epd_eis_srvy_l2_extof_oxygen_P5_counts_t0: VAR_TYPE = 'data' and UNITS.strip() = ''.
  mms2_epd_eis_srvy_l2_extof_oxygen_P5_counts_t1: VAR_TYPE = 'data' and UNITS.strip() = ''.
  mms2_epd_eis_srvy_l2_extof_oxygen_P5_counts_t2: VAR_TYPE = 'data' and UNITS.strip() = ''.
  mms2_epd_eis_srvy_l2_extof_oxygen_P5_counts_t3: VAR_TYPE = 'data' and UNITS.strip() = ''.
  mms2_epd_eis_srvy_l2_extof_oxygen_P5_counts_t4: VAR_TYPE = 'data' and UNITS.strip() = ''.
  mms2_epd_eis_srvy_l2_extof_oxygen_P5_counts_t5: VAR_TYPE = 'data' and UNITS.strip() = ''.
  mms2_epd_eis_srvy_l2_extof_helium_P5_counts_t0: VAR_TYPE = 'data' and UNITS.strip() = ''.
  mms2_epd_eis_srvy_l2_extof_helium_P5_counts_t1: VAR_TYPE = 'data' and UNITS.strip() = ''.
  mms2_epd_eis_srvy_l2_extof_helium_P5_counts_t2: VAR_TYPE = 'data' and UNITS.strip() = ''.
  mms2_epd_eis_srvy_l2_extof_helium_P5_counts_t3: VAR_TYPE = 'data' and UNITS.strip() = ''.
  mms2_epd_eis_srvy_l2_extof_helium_P5_counts_t4: VAR_TYPE = 'data' and UNITS.strip() = ''.
  mms2_epd_eis_srvy_l2_extof_helium_P5_counts_t5: VAR_TYPE = 'data' and UNITS.strip() = ''.
MMS2_EPD-EIS_SRVY_L2_PHXTOF | ISTP.UNITS.Empty:
  mms2_epd_eis_srvy_l2_phxtof_proton_P5_counts_t0: VAR_TYPE = 'data' and UNITS.strip() = ''.
  mms2_epd_eis_srvy_l2_phxtof_proton_P5_counts_t1: VAR_TYPE = 'data' and UNITS.strip() = ''.
  mms2_epd_eis_srvy_l2_phxtof_proton_P5_counts_t2: VAR_TYPE = 'data' and UNITS.strip() = ''.
  mms2_epd_eis_srvy_l2_phxtof_proton_P5_counts_t3: VAR_TYPE = 'data' and UNITS.strip() = ''.
  mms2_epd_eis_srvy_l2_phxtof_proton_P5_counts_t4: VAR_TYPE = 'data' and UNITS.strip() = ''.
  mms2_epd_eis_srvy_l2_phxtof_proton_P5_counts_t5: VAR_TYPE = 'data' and UNITS.strip() = ''.
  mms2_epd_eis_srvy_l2_phxtof_oxygen_P5_counts_t0: VAR_TYPE = 'data' and UNITS.strip() = ''.
  mms2_epd_eis_srvy_l2_phxtof_oxygen_P5_counts_t1: VAR_TYPE = 'data' and UNITS.strip() = ''.
  mms2_epd_eis_srvy_l2_phxtof_oxygen_P5_counts_t2: VAR_TYPE = 'data' and UNITS.strip() = ''.
  mms2_epd_eis_srvy_l2_phxtof_oxygen_P5_counts_t3: VAR_TYPE = 'data' and UNITS.strip() = ''.
  mms2_epd_eis_srvy_l2_phxtof_oxygen_P5_counts_t4: VAR_TYPE = 'data' and UNITS.strip() = ''.
  mms2_epd_eis_srvy_l2_phxtof_oxygen_P5_counts_t5: VAR_TYPE = 'data' and UNITS.strip() = ''.
  mms2_epd_eis_srvy_l2_phxtof_oxygen_P4_counts_t0: VAR_TYPE = 'data' and UNITS.strip() = ''.
  mms2_epd_eis_srvy_l2_phxtof_oxygen_P4_counts_t1: VAR_TYPE = 'data' and UNITS.strip() = ''.
  mms2_epd_eis_srvy_l2_phxtof_oxygen_P4_counts_t2: VAR_TYPE = 'data' and UNITS.strip() = ''.
  mms2_epd_eis_srvy_l2_phxtof_oxygen_P4_counts_t3: VAR_TYPE = 'data' and UNITS.strip() = ''.
  mms2_epd_eis_srvy_l2_phxtof_oxygen_P4_counts_t4: VAR_TYPE = 'data' and UNITS.strip() = ''.
  mms2_epd_eis_srvy_l2_phxtof_oxygen_P4_counts_t5: VAR_TYPE = 'data' and UNITS.strip() = ''.
MMS2_FEEPS_BRST_L2_ELECTRON | ISTP.UNITS.Empty:
  epoch: VAR_TYPE = 'support_data' and UNITS.strip() = ''.
  mms2_epd_feeps_brst_l2_electron_spinsectnum: VAR_TYPE = 'support_data' and UNITS.strip() = ''.
  mms2_epd_feeps_brst_l2_electron_top_quality_indicator_sensorid_1: VAR_TYPE = 'data' and UNITS.strip() = ''.
  mms2_epd_feeps_brst_l2_electron_top_quality_indicator_sensorid_2: VAR_TYPE = 'data' and UNITS.strip() = ''.
  mms2_epd_feeps_brst_l2_electron_top_quality_indicator_sensorid_3: VAR_TYPE = 'data' and UNITS.strip() = ''.
  mms2_epd_feeps_brst_l2_electron_top_quality_indicator_sensorid_4: VAR_TYPE = 'data' and UNITS.strip() = ''.
  mms2_epd_feeps_brst_l2_electron_top_quality_indicator_sensorid_5: VAR_TYPE = 'data' and UNITS.strip() = ''.
  mms2_epd_feeps_brst_l2_electron_top_quality_indicator_sensorid_9: VAR_TYPE = 'data' and UNITS.strip() = ''.
  mms2_epd_feeps_brst_l2_electron_top_quality_indicator_sensorid_10: VAR_TYPE = 'data' and UNITS.strip() = ''.
  mms2_epd_feeps_brst_l2_electron_top_quality_indicator_sensorid_11: VAR_TYPE = 'data' and UNITS.strip() = ''.
  mms2_epd_feeps_brst_l2_electron_top_quality_indicator_sensorid_12: VAR_TYPE = 'data' and UNITS.strip() = ''.
  mms2_epd_feeps_brst_l2_electron_bottom_quality_indicator_sensorid_1: VAR_TYPE = 'data' and UNITS.strip() = ''.
  mms2_epd_feeps_brst_l2_electron_bottom_quality_indicator_sensorid_2: VAR_TYPE = 'data' and UNITS.strip() = ''.
  mms2_epd_feeps_brst_l2_electron_bottom_quality_indicator_sensorid_3: VAR_TYPE = 'data' and UNITS.strip() = ''.
  mms2_epd_feeps_brst_l2_electron_bottom_quality_indicator_sensorid_4: VAR_TYPE = 'data' and UNITS.strip() = ''.
  mms2_epd_feeps_brst_l2_electron_bottom_quality_indicator_sensorid_5: VAR_TYPE = 'data' and UNITS.strip() = ''.
  mms2_epd_feeps_brst_l2_electron_bottom_quality_indicator_sensorid_9: VAR_TYPE = 'data' and UNITS.strip() = ''.
  mms2_epd_feeps_brst_l2_electron_bottom_quality_indicator_sensorid_10: VAR_TYPE = 'data' and UNITS.strip() = ''.
  mms2_epd_feeps_brst_l2_electron_bottom_quality_indicator_sensorid_11: VAR_TYPE = 'data' and UNITS.strip() = ''.
  mms2_epd_feeps_brst_l2_electron_bottom_quality_indicator_sensorid_12: VAR_TYPE = 'data' and UNITS.strip() = ''.
  mms2_epd_feeps_brst_l2_electron_top_sector_mask_sensorid_1: VAR_TYPE = 'support_data' and UNITS.strip() = ''.
  mms2_epd_feeps_brst_l2_electron_top_sector_mask_sensorid_2: VAR_TYPE = 'support_data' and UNITS.strip() = ''.
  mms2_epd_feeps_brst_l2_electron_top_sector_mask_sensorid_3: VAR_TYPE = 'support_data' and UNITS.strip() = ''.
  mms2_epd_feeps_brst_l2_electron_top_sector_mask_sensorid_4: VAR_TYPE = 'support_data' and UNITS.strip() = ''.
  mms2_epd_feeps_brst_l2_electron_top_sector_mask_sensorid_5: VAR_TYPE = 'support_data' and UNITS.strip() = ''.
  mms2_epd_feeps_brst_l2_electron_top_sector_mask_sensorid_9: VAR_TYPE = 'support_data' and UNITS.strip() = ''.
  mms2_epd_feeps_brst_l2_electron_top_sector_mask_sensorid_10: VAR_TYPE = 'support_data' and UNITS.strip() = ''.
  mms2_epd_feeps_brst_l2_electron_top_sector_mask_sensorid_11: VAR_TYPE = 'support_data' and UNITS.strip() = ''.
  mms2_epd_feeps_brst_l2_electron_top_sector_mask_sensorid_12: VAR_TYPE = 'support_data' and UNITS.strip() = ''.
  mms2_epd_feeps_brst_l2_electron_bottom_sector_mask_sensorid_1: VAR_TYPE = 'support_data' and UNITS.strip() = ''.
  mms2_epd_feeps_brst_l2_electron_bottom_sector_mask_sensorid_2: VAR_TYPE = 'support_data' and UNITS.strip() = ''.
  mms2_epd_feeps_brst_l2_electron_bottom_sector_mask_sensorid_3: VAR_TYPE = 'support_data' and UNITS.strip() = ''.
  mms2_epd_feeps_brst_l2_electron_bottom_sector_mask_sensorid_4: VAR_TYPE = 'support_data' and UNITS.strip() = ''.
  mms2_epd_feeps_brst_l2_electron_bottom_sector_mask_sensorid_5: VAR_TYPE = 'support_data' and UNITS.strip() = ''.
  mms2_epd_feeps_brst_l2_electron_bottom_sector_mask_sensorid_9: VAR_TYPE = 'support_data' and UNITS.strip() = ''.
  mms2_epd_feeps_brst_l2_electron_bottom_sector_mask_sensorid_10: VAR_TYPE = 'support_data' and UNITS.strip() = ''.
  mms2_epd_feeps_brst_l2_electron_bottom_sector_mask_sensorid_11: VAR_TYPE = 'support_data' and UNITS.strip() = ''.
  mms2_epd_feeps_brst_l2_electron_bottom_sector_mask_sensorid_12: VAR_TYPE = 'support_data' and UNITS.strip() = ''.
  mms2_epd_feeps_brst_l2_electron_top_sun_contamination_sensorid_1: VAR_TYPE = 'support_data' and UNITS.strip() = ''.
  mms2_epd_feeps_brst_l2_electron_top_sun_contamination_sensorid_2: VAR_TYPE = 'support_data' and UNITS.strip() = ''.
  mms2_epd_feeps_brst_l2_electron_top_sun_contamination_sensorid_3: VAR_TYPE = 'support_data' and UNITS.strip() = ''.
  mms2_epd_feeps_brst_l2_electron_top_sun_contamination_sensorid_4: VAR_TYPE = 'support_data' and UNITS.strip() = ''.
  mms2_epd_feeps_brst_l2_electron_top_sun_contamination_sensorid_5: VAR_TYPE = 'support_data' and UNITS.strip() = ''.
  mms2_epd_feeps_brst_l2_electron_top_sun_contamination_sensorid_9: VAR_TYPE = 'support_data' and UNITS.strip() = ''.
  mms2_epd_feeps_brst_l2_electron_top_sun_contamination_sensorid_10: VAR_TYPE = 'support_data' and UNITS.strip() = ''.
  mms2_epd_feeps_brst_l2_electron_top_sun_contamination_sensorid_11: VAR_TYPE = 'support_data' and UNITS.strip() = ''.
  mms2_epd_feeps_brst_l2_electron_top_sun_contamination_sensorid_12: VAR_TYPE = 'support_data' and UNITS.strip() = ''.
  mms2_epd_feeps_brst_l2_electron_bottom_sun_contamination_sensorid_1: VAR_TYPE = 'support_data' and UNITS.strip() = ''.
  mms2_epd_feeps_brst_l2_electron_bottom_sun_contamination_sensorid_2: VAR_TYPE = 'support_data' and UNITS.strip() = ''.
  mms2_epd_feeps_brst_l2_electron_bottom_sun_contamination_sensorid_3: VAR_TYPE = 'support_data' and UNITS.strip() = ''.
  mms2_epd_feeps_brst_l2_electron_bottom_sun_contamination_sensorid_4: VAR_TYPE = 'support_data' and UNITS.strip() = ''.
  mms2_epd_feeps_brst_l2_electron_bottom_sun_contamination_sensorid_5: VAR_TYPE = 'support_data' and UNITS.strip() = ''.
  mms2_epd_feeps_brst_l2_electron_bottom_sun_contamination_sensorid_9: VAR_TYPE = 'support_data' and UNITS.strip() = ''.
  mms2_epd_feeps_brst_l2_electron_bottom_sun_contamination_sensorid_10: VAR_TYPE = 'support_data' and UNITS.strip() = ''.
  mms2_epd_feeps_brst_l2_electron_bottom_sun_contamination_sensorid_11: VAR_TYPE = 'support_data' and UNITS.strip() = ''.
  mms2_epd_feeps_brst_l2_electron_bottom_sun_contamination_sensorid_12: VAR_TYPE = 'support_data' and UNITS.strip() = ''.
  mms2_epd_feeps_brst_l2_electron_top_percent_error_sensorid_1: VAR_TYPE = 'data' and UNITS.strip() = ''.
  mms2_epd_feeps_brst_l2_electron_top_percent_error_sensorid_2: VAR_TYPE = 'data' and UNITS.strip() = ''.
  mms2_epd_feeps_brst_l2_electron_top_percent_error_sensorid_3: VAR_TYPE = 'data' and UNITS.strip() = ''.
  mms2_epd_feeps_brst_l2_electron_top_percent_error_sensorid_4: VAR_TYPE = 'data' and UNITS.strip() = ''.
  mms2_epd_feeps_brst_l2_electron_top_percent_error_sensorid_5: VAR_TYPE = 'data' and UNITS.strip() = ''.
  mms2_epd_feeps_brst_l2_electron_top_percent_error_sensorid_9: VAR_TYPE = 'data' and UNITS.strip() = ''.
  mms2_epd_feeps_brst_l2_electron_top_percent_error_sensorid_10: VAR_TYPE = 'data' and UNITS.strip() = ''.
  mms2_epd_feeps_brst_l2_electron_top_percent_error_sensorid_11: VAR_TYPE = 'data' and UNITS.strip() = ''.
  mms2_epd_feeps_brst_l2_electron_top_percent_error_sensorid_12: VAR_TYPE = 'data' and UNITS.strip() = ''.
  mms2_epd_feeps_brst_l2_electron_bottom_percent_error_sensorid_1: VAR_TYPE = 'data' and UNITS.strip() = ''.
  mms2_epd_feeps_brst_l2_electron_bottom_percent_error_sensorid_2: VAR_TYPE = 'data' and UNITS.strip() = ''.
  mms2_epd_feeps_brst_l2_electron_bottom_percent_error_sensorid_3: VAR_TYPE = 'data' and UNITS.strip() = ''.
  mms2_epd_feeps_brst_l2_electron_bottom_percent_error_sensorid_4: VAR_TYPE = 'data' and UNITS.strip() = ''.
  mms2_epd_feeps_brst_l2_electron_bottom_percent_error_sensorid_5: VAR_TYPE = 'data' and UNITS.strip() = ''.
  mms2_epd_feeps_brst_l2_electron_bottom_percent_error_sensorid_9: VAR_TYPE = 'data' and UNITS.strip() = ''.
  mms2_epd_feeps_brst_l2_electron_bottom_percent_error_sensorid_10: VAR_TYPE = 'data' and UNITS.strip() = ''.
  mms2_epd_feeps_brst_l2_electron_bottom_percent_error_sensorid_11: VAR_TYPE = 'data' and UNITS.strip() = ''.
  mms2_epd_feeps_brst_l2_electron_bottom_percent_error_sensorid_12: VAR_TYPE = 'data' and UNITS.strip() = ''.
  mms2_epd_feeps_brst_l2_electron_spin: VAR_TYPE = 'support_data' and UNITS.strip() = ''.
  mms2_epd_feeps_brst_l2_electron_integration_sectors: VAR_TYPE = 'support_data' and UNITS.strip() = ''.
  mms2_epd_feeps_brst_l2_electron_scz_vec_gse: VAR_TYPE = 'support_data' and UNITS.strip() = ''.
  mms2_epd_feeps_brst_l2_electron_scy_vec_gse: VAR_TYPE = 'support_data' and UNITS.strip() = ''.
  mms2_epd_feeps_brst_l2_electron_scx_vec_gse: VAR_TYPE = 'support_data' and UNITS.strip() = ''.
MMS2_FEEPS_BRST_L2_ION | ISTP.UNITS.Empty:
  epoch: VAR_TYPE = 'support_data' and UNITS.strip() = ''.
  mms2_epd_feeps_brst_l2_ion_spinsectnum: VAR_TYPE = 'support_data' and UNITS.strip() = ''.
  mms2_epd_feeps_brst_l2_ion_top_quality_indicator_sensorid_6: VAR_TYPE = 'data' and UNITS.strip() = ''.
  mms2_epd_feeps_brst_l2_ion_top_quality_indicator_sensorid_7: VAR_TYPE = 'data' and UNITS.strip() = ''.
  mms2_epd_feeps_brst_l2_ion_top_quality_indicator_sensorid_8: VAR_TYPE = 'data' and UNITS.strip() = ''.
  mms2_epd_feeps_brst_l2_ion_bottom_quality_indicator_sensorid_6: VAR_TYPE = 'data' and UNITS.strip() = ''.
  mms2_epd_feeps_brst_l2_ion_bottom_quality_indicator_sensorid_7: VAR_TYPE = 'data' and UNITS.strip() = ''.
  mms2_epd_feeps_brst_l2_ion_bottom_quality_indicator_sensorid_8: VAR_TYPE = 'data' and UNITS.strip() = ''.
  mms2_epd_feeps_brst_l2_ion_top_sector_mask_sensorid_6: VAR_TYPE = 'support_data' and UNITS.strip() = ''.
  mms2_epd_feeps_brst_l2_ion_top_sector_mask_sensorid_7: VAR_TYPE = 'support_data' and UNITS.strip() = ''.
  mms2_epd_feeps_brst_l2_ion_top_sector_mask_sensorid_8: VAR_TYPE = 'support_data' and UNITS.strip() = ''.
  mms2_epd_feeps_brst_l2_ion_bottom_sector_mask_sensorid_6: VAR_TYPE = 'support_data' and UNITS.strip() = ''.
  mms2_epd_feeps_brst_l2_ion_bottom_sector_mask_sensorid_7: VAR_TYPE = 'support_data' and UNITS.strip() = ''.
  mms2_epd_feeps_brst_l2_ion_bottom_sector_mask_sensorid_8: VAR_TYPE = 'support_data' and UNITS.strip() = ''.
  mms2_epd_feeps_brst_l2_ion_top_sun_contamination_sensorid_6: VAR_TYPE = 'support_data' and UNITS.strip() = ''.
  mms2_epd_feeps_brst_l2_ion_top_sun_contamination_sensorid_7: VAR_TYPE = 'support_data' and UNITS.strip() = ''.
  mms2_epd_feeps_brst_l2_ion_top_sun_contamination_sensorid_8: VAR_TYPE = 'support_data' and UNITS.strip() = ''.
  mms2_epd_feeps_brst_l2_ion_bottom_sun_contamination_sensorid_6: VAR_TYPE = 'support_data' and UNITS.strip() = ''.
  mms2_epd_feeps_brst_l2_ion_bottom_sun_contamination_sensorid_7: VAR_TYPE = 'support_data' and UNITS.strip() = ''.
  mms2_epd_feeps_brst_l2_ion_bottom_sun_contamination_sensorid_8: VAR_TYPE = 'support_data' and UNITS.strip() = ''.
  mms2_epd_feeps_brst_l2_ion_top_percent_error_sensorid_6: VAR_TYPE = 'data' and UNITS.strip() = ''.
  mms2_epd_feeps_brst_l2_ion_top_percent_error_sensorid_7: VAR_TYPE = 'data' and UNITS.strip() = ''.
  mms2_epd_feeps_brst_l2_ion_top_percent_error_sensorid_8: VAR_TYPE = 'data' and UNITS.strip() = ''.
  mms2_epd_feeps_brst_l2_ion_bottom_percent_error_sensorid_6: VAR_TYPE = 'data' and UNITS.strip() = ''.
  mms2_epd_feeps_brst_l2_ion_bottom_percent_error_sensorid_7: VAR_TYPE = 'data' and UNITS.strip() = ''.
  mms2_epd_feeps_brst_l2_ion_bottom_percent_error_sensorid_8: VAR_TYPE = 'data' and UNITS.strip() = ''.
  mms2_epd_feeps_brst_l2_ion_spin: VAR_TYPE = 'support_data' and UNITS.strip() = ''.
  mms2_epd_feeps_brst_l2_ion_integration_sectors: VAR_TYPE = 'support_data' and UNITS.strip() = ''.
  mms2_epd_feeps_brst_l2_ion_scz_vec_gse: VAR_TYPE = 'support_data' and UNITS.strip() = ''.
  mms2_epd_feeps_brst_l2_ion_scy_vec_gse: VAR_TYPE = 'support_data' and UNITS.strip() = ''.
  mms2_epd_feeps_brst_l2_ion_scx_vec_gse: VAR_TYPE = 'support_data' and UNITS.strip() = ''.
MMS2_FEEPS_SRVY_L2_ELECTRON | ISTP.UNITS.Empty:
  epoch: VAR_TYPE = 'support_data' and UNITS.strip() = ''.
  mms2_epd_feeps_srvy_l2_electron_spinsectnum: VAR_TYPE = 'support_data' and UNITS.strip() = ''.
  mms2_epd_feeps_srvy_l2_electron_top_quality_indicator_sensorid_1: VAR_TYPE = 'data' and UNITS.strip() = ''.
  mms2_epd_feeps_srvy_l2_electron_top_quality_indicator_sensorid_2: VAR_TYPE = 'data' and UNITS.strip() = ''.
  mms2_epd_feeps_srvy_l2_electron_top_quality_indicator_sensorid_3: VAR_TYPE = 'data' and UNITS.strip() = ''.
  mms2_epd_feeps_srvy_l2_electron_top_quality_indicator_sensorid_4: VAR_TYPE = 'data' and UNITS.strip() = ''.
  mms2_epd_feeps_srvy_l2_electron_top_quality_indicator_sensorid_5: VAR_TYPE = 'data' and UNITS.strip() = ''.
  mms2_epd_feeps_srvy_l2_electron_top_quality_indicator_sensorid_9: VAR_TYPE = 'data' and UNITS.strip() = ''.
  mms2_epd_feeps_srvy_l2_electron_top_quality_indicator_sensorid_10: VAR_TYPE = 'data' and UNITS.strip() = ''.
  mms2_epd_feeps_srvy_l2_electron_top_quality_indicator_sensorid_11: VAR_TYPE = 'data' and UNITS.strip() = ''.
  mms2_epd_feeps_srvy_l2_electron_top_quality_indicator_sensorid_12: VAR_TYPE = 'data' and UNITS.strip() = ''.
  mms2_epd_feeps_srvy_l2_electron_bottom_quality_indicator_sensorid_1: VAR_TYPE = 'data' and UNITS.strip() = ''.
  mms2_epd_feeps_srvy_l2_electron_bottom_quality_indicator_sensorid_2: VAR_TYPE = 'data' and UNITS.strip() = ''.
  mms2_epd_feeps_srvy_l2_electron_bottom_quality_indicator_sensorid_3: VAR_TYPE = 'data' and UNITS.strip() = ''.
  mms2_epd_feeps_srvy_l2_electron_bottom_quality_indicator_sensorid_4: VAR_TYPE = 'data' and UNITS.strip() = ''.
  mms2_epd_feeps_srvy_l2_electron_bottom_quality_indicator_sensorid_5: VAR_TYPE = 'data' and UNITS.strip() = ''.
  mms2_epd_feeps_srvy_l2_electron_bottom_quality_indicator_sensorid_9: VAR_TYPE = 'data' and UNITS.strip() = ''.
  mms2_epd_feeps_srvy_l2_electron_bottom_quality_indicator_sensorid_10: VAR_TYPE = 'data' and UNITS.strip() = ''.
  mms2_epd_feeps_srvy_l2_electron_bottom_quality_indicator_sensorid_11: VAR_TYPE = 'data' and UNITS.strip() = ''.
  mms2_epd_feeps_srvy_l2_electron_bottom_quality_indicator_sensorid_12: VAR_TYPE = 'data' and UNITS.strip() = ''.
  mms2_epd_feeps_srvy_l2_electron_top_sector_mask_sensorid_1: VAR_TYPE = 'support_data' and UNITS.strip() = ''.
  mms2_epd_feeps_srvy_l2_electron_top_sector_mask_sensorid_2: VAR_TYPE = 'support_data' and UNITS.strip() = ''.
  mms2_epd_feeps_srvy_l2_electron_top_sector_mask_sensorid_3: VAR_TYPE = 'support_data' and UNITS.strip() = ''.
  mms2_epd_feeps_srvy_l2_electron_top_sector_mask_sensorid_4: VAR_TYPE = 'support_data' and UNITS.strip() = ''.
  mms2_epd_feeps_srvy_l2_electron_top_sector_mask_sensorid_5: VAR_TYPE = 'support_data' and UNITS.strip() = ''.
  mms2_epd_feeps_srvy_l2_electron_top_sector_mask_sensorid_9: VAR_TYPE = 'support_data' and UNITS.strip() = ''.
  mms2_epd_feeps_srvy_l2_electron_top_sector_mask_sensorid_10: VAR_TYPE = 'support_data' and UNITS.strip() = ''.
  mms2_epd_feeps_srvy_l2_electron_top_sector_mask_sensorid_11: VAR_TYPE = 'support_data' and UNITS.strip() = ''.
  mms2_epd_feeps_srvy_l2_electron_top_sector_mask_sensorid_12: VAR_TYPE = 'support_data' and UNITS.strip() = ''.
  mms2_epd_feeps_srvy_l2_electron_bottom_sector_mask_sensorid_1: VAR_TYPE = 'support_data' and UNITS.strip() = ''.
  mms2_epd_feeps_srvy_l2_electron_bottom_sector_mask_sensorid_2: VAR_TYPE = 'support_data' and UNITS.strip() = ''.
  mms2_epd_feeps_srvy_l2_electron_bottom_sector_mask_sensorid_3: VAR_TYPE = 'support_data' and UNITS.strip() = ''.
  mms2_epd_feeps_srvy_l2_electron_bottom_sector_mask_sensorid_4: VAR_TYPE = 'support_data' and UNITS.strip() = ''.
  mms2_epd_feeps_srvy_l2_electron_bottom_sector_mask_sensorid_5: VAR_TYPE = 'support_data' and UNITS.strip() = ''.
  mms2_epd_feeps_srvy_l2_electron_bottom_sector_mask_sensorid_9: VAR_TYPE = 'support_data' and UNITS.strip() = ''.
  mms2_epd_feeps_srvy_l2_electron_bottom_sector_mask_sensorid_10: VAR_TYPE = 'support_data' and UNITS.strip() = ''.
  mms2_epd_feeps_srvy_l2_electron_bottom_sector_mask_sensorid_11: VAR_TYPE = 'support_data' and UNITS.strip() = ''.
  mms2_epd_feeps_srvy_l2_electron_bottom_sector_mask_sensorid_12: VAR_TYPE = 'support_data' and UNITS.strip() = ''.
  mms2_epd_feeps_srvy_l2_electron_top_sun_contamination_sensorid_1: VAR_TYPE = 'support_data' and UNITS.strip() = ''.
  mms2_epd_feeps_srvy_l2_electron_top_sun_contamination_sensorid_2: VAR_TYPE = 'support_data' and UNITS.strip() = ''.
  mms2_epd_feeps_srvy_l2_electron_top_sun_contamination_sensorid_3: VAR_TYPE = 'support_data' and UNITS.strip() = ''.
  mms2_epd_feeps_srvy_l2_electron_top_sun_contamination_sensorid_4: VAR_TYPE = 'support_data' and UNITS.strip() = ''.
  mms2_epd_feeps_srvy_l2_electron_top_sun_contamination_sensorid_5: VAR_TYPE = 'support_data' and UNITS.strip() = ''.
  mms2_epd_feeps_srvy_l2_electron_top_sun_contamination_sensorid_9: VAR_TYPE = 'support_data' and UNITS.strip() = ''.
  mms2_epd_feeps_srvy_l2_electron_top_sun_contamination_sensorid_10: VAR_TYPE = 'support_data' and UNITS.strip() = ''.
  mms2_epd_feeps_srvy_l2_electron_top_sun_contamination_sensorid_11: VAR_TYPE = 'support_data' and UNITS.strip() = ''.
  mms2_epd_feeps_srvy_l2_electron_top_sun_contamination_sensorid_12: VAR_TYPE = 'support_data' and UNITS.strip() = ''.
  mms2_epd_feeps_srvy_l2_electron_bottom_sun_contamination_sensorid_1: VAR_TYPE = 'support_data' and UNITS.strip() = ''.
  mms2_epd_feeps_srvy_l2_electron_bottom_sun_contamination_sensorid_2: VAR_TYPE = 'support_data' and UNITS.strip() = ''.
  mms2_epd_feeps_srvy_l2_electron_bottom_sun_contamination_sensorid_3: VAR_TYPE = 'support_data' and UNITS.strip() = ''.
  mms2_epd_feeps_srvy_l2_electron_bottom_sun_contamination_sensorid_4: VAR_TYPE = 'support_data' and UNITS.strip() = ''.
  mms2_epd_feeps_srvy_l2_electron_bottom_sun_contamination_sensorid_5: VAR_TYPE = 'support_data' and UNITS.strip() = ''.
  mms2_epd_feeps_srvy_l2_electron_bottom_sun_contamination_sensorid_9: VAR_TYPE = 'support_data' and UNITS.strip() = ''.
  mms2_epd_feeps_srvy_l2_electron_bottom_sun_contamination_sensorid_10: VAR_TYPE = 'support_data' and UNITS.strip() = ''.
  mms2_epd_feeps_srvy_l2_electron_bottom_sun_contamination_sensorid_11: VAR_TYPE = 'support_data' and UNITS.strip() = ''.
  mms2_epd_feeps_srvy_l2_electron_bottom_sun_contamination_sensorid_12: VAR_TYPE = 'support_data' and UNITS.strip() = ''.
  mms2_epd_feeps_srvy_l2_electron_top_percent_error_sensorid_1: VAR_TYPE = 'data' and UNITS.strip() = ''.
  mms2_epd_feeps_srvy_l2_electron_top_percent_error_sensorid_2: VAR_TYPE = 'data' and UNITS.strip() = ''.
  mms2_epd_feeps_srvy_l2_electron_top_percent_error_sensorid_3: VAR_TYPE = 'data' and UNITS.strip() = ''.
  mms2_epd_feeps_srvy_l2_electron_top_percent_error_sensorid_4: VAR_TYPE = 'data' and UNITS.strip() = ''.
  mms2_epd_feeps_srvy_l2_electron_top_percent_error_sensorid_5: VAR_TYPE = 'data' and UNITS.strip() = ''.
  mms2_epd_feeps_srvy_l2_electron_top_percent_error_sensorid_9: VAR_TYPE = 'data' and UNITS.strip() = ''.
  mms2_epd_feeps_srvy_l2_electron_top_percent_error_sensorid_10: VAR_TYPE = 'data' and UNITS.strip() = ''.
  mms2_epd_feeps_srvy_l2_electron_top_percent_error_sensorid_11: VAR_TYPE = 'data' and UNITS.strip() = ''.
  mms2_epd_feeps_srvy_l2_electron_top_percent_error_sensorid_12: VAR_TYPE = 'data' and UNITS.strip() = ''.
  mms2_epd_feeps_srvy_l2_electron_bottom_percent_error_sensorid_1: VAR_TYPE = 'data' and UNITS.strip() = ''.
  mms2_epd_feeps_srvy_l2_electron_bottom_percent_error_sensorid_2: VAR_TYPE = 'data' and UNITS.strip() = ''.
  mms2_epd_feeps_srvy_l2_electron_bottom_percent_error_sensorid_3: VAR_TYPE = 'data' and UNITS.strip() = ''.
  mms2_epd_feeps_srvy_l2_electron_bottom_percent_error_sensorid_4: VAR_TYPE = 'data' and UNITS.strip() = ''.
  mms2_epd_feeps_srvy_l2_electron_bottom_percent_error_sensorid_5: VAR_TYPE = 'data' and UNITS.strip() = ''.
  mms2_epd_feeps_srvy_l2_electron_bottom_percent_error_sensorid_9: VAR_TYPE = 'data' and UNITS.strip() = ''.
  mms2_epd_feeps_srvy_l2_electron_bottom_percent_error_sensorid_10: VAR_TYPE = 'data' and UNITS.strip() = ''.
  mms2_epd_feeps_srvy_l2_electron_bottom_percent_error_sensorid_11: VAR_TYPE = 'data' and UNITS.strip() = ''.
  mms2_epd_feeps_srvy_l2_electron_bottom_percent_error_sensorid_12: VAR_TYPE = 'data' and UNITS.strip() = ''.
  mms2_epd_feeps_srvy_l2_electron_spin: VAR_TYPE = 'support_data' and UNITS.strip() = ''.
  mms2_epd_feeps_srvy_l2_electron_integration_sectors: VAR_TYPE = 'support_data' and UNITS.strip() = ''.
  mms2_epd_feeps_srvy_l2_electron_scz_vec_gse: VAR_TYPE = 'support_data' and UNITS.strip() = ''.
  mms2_epd_feeps_srvy_l2_electron_scy_vec_gse: VAR_TYPE = 'support_data' and UNITS.strip() = ''.
  mms2_epd_feeps_srvy_l2_electron_scx_vec_gse: VAR_TYPE = 'support_data' and UNITS.strip() = ''.
MMS2_FEEPS_SRVY_L2_ION | ISTP.UNITS.Empty:
  epoch: VAR_TYPE = 'support_data' and UNITS.strip() = ''.
  mms2_epd_feeps_srvy_l2_ion_spinsectnum: VAR_TYPE = 'support_data' and UNITS.strip() = ''.
  mms2_epd_feeps_srvy_l2_ion_top_quality_indicator_sensorid_6: VAR_TYPE = 'data' and UNITS.strip() = ''.
  mms2_epd_feeps_srvy_l2_ion_top_quality_indicator_sensorid_7: VAR_TYPE = 'data' and UNITS.strip() = ''.
  mms2_epd_feeps_srvy_l2_ion_top_quality_indicator_sensorid_8: VAR_TYPE = 'data' and UNITS.strip() = ''.
  mms2_epd_feeps_srvy_l2_ion_bottom_quality_indicator_sensorid_6: VAR_TYPE = 'data' and UNITS.strip() = ''.
  mms2_epd_feeps_srvy_l2_ion_bottom_quality_indicator_sensorid_7: VAR_TYPE = 'data' and UNITS.strip() = ''.
  mms2_epd_feeps_srvy_l2_ion_bottom_quality_indicator_sensorid_8: VAR_TYPE = 'data' and UNITS.strip() = ''.
  mms2_epd_feeps_srvy_l2_ion_top_sector_mask_sensorid_6: VAR_TYPE = 'support_data' and UNITS.strip() = ''.
  mms2_epd_feeps_srvy_l2_ion_top_sector_mask_sensorid_7: VAR_TYPE = 'support_data' and UNITS.strip() = ''.
  mms2_epd_feeps_srvy_l2_ion_top_sector_mask_sensorid_8: VAR_TYPE = 'support_data' and UNITS.strip() = ''.
  mms2_epd_feeps_srvy_l2_ion_bottom_sector_mask_sensorid_6: VAR_TYPE = 'support_data' and UNITS.strip() = ''.
  mms2_epd_feeps_srvy_l2_ion_bottom_sector_mask_sensorid_7: VAR_TYPE = 'support_data' and UNITS.strip() = ''.
  mms2_epd_feeps_srvy_l2_ion_bottom_sector_mask_sensorid_8: VAR_TYPE = 'support_data' and UNITS.strip() = ''.
  mms2_epd_feeps_srvy_l2_ion_top_sun_contamination_sensorid_6: VAR_TYPE = 'support_data' and UNITS.strip() = ''.
  mms2_epd_feeps_srvy_l2_ion_top_sun_contamination_sensorid_7: VAR_TYPE = 'support_data' and UNITS.strip() = ''.
  mms2_epd_feeps_srvy_l2_ion_top_sun_contamination_sensorid_8: VAR_TYPE = 'support_data' and UNITS.strip() = ''.
  mms2_epd_feeps_srvy_l2_ion_bottom_sun_contamination_sensorid_6: VAR_TYPE = 'support_data' and UNITS.strip() = ''.
  mms2_epd_feeps_srvy_l2_ion_bottom_sun_contamination_sensorid_7: VAR_TYPE = 'support_data' and UNITS.strip() = ''.
  mms2_epd_feeps_srvy_l2_ion_bottom_sun_contamination_sensorid_8: VAR_TYPE = 'support_data' and UNITS.strip() = ''.
  mms2_epd_feeps_srvy_l2_ion_top_percent_error_sensorid_6: VAR_TYPE = 'data' and UNITS.strip() = ''.
  mms2_epd_feeps_srvy_l2_ion_top_percent_error_sensorid_7: VAR_TYPE = 'data' and UNITS.strip() = ''.
  mms2_epd_feeps_srvy_l2_ion_top_percent_error_sensorid_8: VAR_TYPE = 'data' and UNITS.strip() = ''.
  mms2_epd_feeps_srvy_l2_ion_bottom_percent_error_sensorid_6: VAR_TYPE = 'data' and UNITS.strip() = ''.
  mms2_epd_feeps_srvy_l2_ion_bottom_percent_error_sensorid_7: VAR_TYPE = 'data' and UNITS.strip() = ''.
  mms2_epd_feeps_srvy_l2_ion_bottom_percent_error_sensorid_8: VAR_TYPE = 'data' and UNITS.strip() = ''.
  mms2_epd_feeps_srvy_l2_ion_spin: VAR_TYPE = 'support_data' and UNITS.strip() = ''.
  mms2_epd_feeps_srvy_l2_ion_integration_sectors: VAR_TYPE = 'support_data' and UNITS.strip() = ''.
  mms2_epd_feeps_srvy_l2_ion_scz_vec_gse: VAR_TYPE = 'support_data' and UNITS.strip() = ''.
  mms2_epd_feeps_srvy_l2_ion_scy_vec_gse: VAR_TYPE = 'support_data' and UNITS.strip() = ''.
  mms2_epd_feeps_srvy_l2_ion_scx_vec_gse: VAR_TYPE = 'support_data' and UNITS.strip() = ''.
MMS2_FGM_BRST_L2 | ISTP.UNITS.Empty:
  mms2_fgm_hirange_brst_l2: VAR_TYPE = 'support_data' and UNITS.strip() = ''.
MMS2_FGM_SRVY_L2 | ISTP.UNITS.Empty:
  mms2_fgm_hirange_srvy_l2: VAR_TYPE = 'support_data' and UNITS.strip() = ''.
MMS2_HPCA_BRST_L2_ION | ISTP.UNITS.Empty:
  mms2_hpca_azimuth_decimation_factor: VAR_TYPE = 'support_data' and UNITS.strip() = ''.
  mms2_hpca_polar_decimation_factor: VAR_TYPE = 'support_data' and UNITS.strip() = ''.
  mms2_hpca_energy_decimation_factor: VAR_TYPE = 'support_data' and UNITS.strip() = ''.
  mms2_hpca_sweep_table_number: VAR_TYPE = 'support_data' and UNITS.strip() = ''.
  mms2_hpca_start_azimuth: VAR_TYPE = 'data' and UNITS.strip() = ''.
  mms2_hpca_science_mode: VAR_TYPE = 'data' and UNITS.strip() = ''.
  mms2_hpca_azimuth_index: VAR_TYPE = 'support_data' and UNITS.strip() = ''.
  mms2_hpca_energy_step_number: VAR_TYPE = 'support_data' and UNITS.strip() = ''.
  mms2_hpca_MCP_VMON_MIN_converted: VAR_TYPE = 'data' and UNITS.strip() = ''.
  mms2_hpca_TOF_VMON_MIN_converted: VAR_TYPE = 'data' and UNITS.strip() = ''.
  mms2_hpca_decimation_factor_index: VAR_TYPE = 'data' and UNITS.strip() = ''.
MMS2_HPCA_BRST_L2_MOMENTS | ISTP.UNITS.Empty:
  mms2_hpca_spin_number: VAR_TYPE = 'support_data' and UNITS.strip() = ''.
  mms2_hpca_sweep_table_number: VAR_TYPE = 'support_data' and UNITS.strip() = ''.
  mms2_hpca_science_mode: VAR_TYPE = 'support_data' and UNITS.strip() = ''.
  mms2_hpca_MCP_VMON_MIN_converted: VAR_TYPE = 'data' and UNITS.strip() = ''.
  mms2_hpca_TOF_VMON_MIN_converted: VAR_TYPE = 'data' and UNITS.strip() = ''.
MMS2_HPCA_SRVY_L2_ION | ISTP.UNITS.Empty:
  mms2_hpca_azimuth_decimation_factor: VAR_TYPE = 'support_data' and UNITS.strip() = ''.
  mms2_hpca_polar_decimation_factor: VAR_TYPE = 'support_data' and UNITS.strip() = ''.
  mms2_hpca_energy_decimation_factor: VAR_TYPE = 'support_data' and UNITS.strip() = ''.
  mms2_hpca_sweep_table_number: VAR_TYPE = 'support_data' and UNITS.strip() = ''.
  mms2_hpca_start_azimuth: VAR_TYPE = 'data' and UNITS.strip() = ''.
  mms2_hpca_science_mode: VAR_TYPE = 'data' and UNITS.strip() = ''.
  mms2_hpca_azimuth_index: VAR_TYPE = 'support_data' and UNITS.strip() = ''.
  mms2_hpca_energy_step_number: VAR_TYPE = 'support_data' and UNITS.strip() = ''.
  mms2_hpca_MCP_VMON_MIN_converted: VAR_TYPE = 'data' and UNITS.strip() = ''.
  mms2_hpca_TOF_VMON_MIN_converted: VAR_TYPE = 'data' and UNITS.strip() = ''.
  mms2_hpca_decimation_factor_index: VAR_TYPE = 'data' and UNITS.strip() = ''.
MMS2_HPCA_SRVY_L2_MOMENTS | ISTP.UNITS.Empty:
  mms2_hpca_spin_number: VAR_TYPE = 'support_data' and UNITS.strip() = ''.
  mms2_hpca_sweep_table_number: VAR_TYPE = 'support_data' and UNITS.strip() = ''.
  mms2_hpca_science_mode: VAR_TYPE = 'support_data' and UNITS.strip() = ''.
  mms2_hpca_MCP_VMON_MIN_converted: VAR_TYPE = 'data' and UNITS.strip() = ''.
  mms2_hpca_TOF_VMON_MIN_converted: VAR_TYPE = 'data' and UNITS.strip() = ''.
MMS2_HPCA_SRVY_L2_TOF-COUNTS | ISTP.UNITS.Empty:
  mms2_hpca_tof_counts: VAR_TYPE = 'data' and UNITS.strip() = ''.
  mms2_hpca_tof_counts_allA_atE: VAR_TYPE = 'data' and UNITS.strip() = ''.
  mms2_hpca_tof_counts_allE_atA: VAR_TYPE = 'data' and UNITS.strip() = ''.
MMS2_MEC_BRST_L2_EPHT89D | ISTP.UNITS.Empty:
  mms2_mec_l_dipole: VAR_TYPE = 'data' and UNITS.strip() = ''.
  mms2_mec_quat_eci_to_bcs: VAR_TYPE = 'data' and UNITS.strip() = ''.
  mms2_mec_quat_eci_to_dbcs: VAR_TYPE = 'data' and UNITS.strip() = ''.
  mms2_mec_quat_eci_to_dmpa: VAR_TYPE = 'data' and UNITS.strip() = ''.
  mms2_mec_quat_eci_to_smpa: VAR_TYPE = 'data' and UNITS.strip() = ''.
  mms2_mec_quat_eci_to_dsl: VAR_TYPE = 'data' and UNITS.strip() = ''.
  mms2_mec_quat_eci_to_ssl: VAR_TYPE = 'data' and UNITS.strip() = ''.
  mms2_mec_kp: VAR_TYPE = 'data' and UNITS.strip() = ''.
  mms2_mec_earth_eclipse_flag: VAR_TYPE = 'data' and UNITS.strip() = ''.
  mms2_mec_moon_eclipse_flag: VAR_TYPE = 'data' and UNITS.strip() = ''.
  mms2_mec_quat_eci_to_gsm: VAR_TYPE = 'data' and UNITS.strip() = ''.
  mms2_mec_quat_eci_to_geo: VAR_TYPE = 'data' and UNITS.strip() = ''.
  mms2_mec_quat_eci_to_sm: VAR_TYPE = 'data' and UNITS.strip() = ''.
  mms2_mec_quat_eci_to_gse: VAR_TYPE = 'data' and UNITS.strip() = ''.
  mms2_mec_quat_eci_to_gse2000: VAR_TYPE = 'data' and UNITS.strip() = ''.
  mms2_mec_fieldline_type: VAR_TYPE = 'data' and UNITS.strip() = ''.
MMS2_MEC_BRST_L2_EPHT89Q | ISTP.UNITS.Empty:
  mms2_mec_l_dipole: VAR_TYPE = 'data' and UNITS.strip() = ''.
  mms2_mec_quat_eci_to_bcs: VAR_TYPE = 'data' and UNITS.strip() = ''.
  mms2_mec_quat_eci_to_dbcs: VAR_TYPE = 'data' and UNITS.strip() = ''.
  mms2_mec_quat_eci_to_dmpa: VAR_TYPE = 'data' and UNITS.strip() = ''.
  mms2_mec_quat_eci_to_smpa: VAR_TYPE = 'data' and UNITS.strip() = ''.
  mms2_mec_quat_eci_to_dsl: VAR_TYPE = 'data' and UNITS.strip() = ''.
  mms2_mec_quat_eci_to_ssl: VAR_TYPE = 'data' and UNITS.strip() = ''.
  mms2_mec_kp: VAR_TYPE = 'data' and UNITS.strip() = ''.
  mms2_mec_earth_eclipse_flag: VAR_TYPE = 'data' and UNITS.strip() = ''.
  mms2_mec_moon_eclipse_flag: VAR_TYPE = 'data' and UNITS.strip() = ''.
  mms2_mec_quat_eci_to_gsm: VAR_TYPE = 'data' and UNITS.strip() = ''.
  mms2_mec_quat_eci_to_geo: VAR_TYPE = 'data' and UNITS.strip() = ''.
  mms2_mec_quat_eci_to_sm: VAR_TYPE = 'data' and UNITS.strip() = ''.
  mms2_mec_quat_eci_to_gse: VAR_TYPE = 'data' and UNITS.strip() = ''.
  mms2_mec_quat_eci_to_gse2000: VAR_TYPE = 'data' and UNITS.strip() = ''.
  mms2_mec_fieldline_type: VAR_TYPE = 'data' and UNITS.strip() = ''.
MMS2_MEC_BRST_L2_EPHTS04D | ISTP.UNITS.Empty:
  mms2_mec_l_dipole: VAR_TYPE = 'data' and UNITS.strip() = ''.
  mms2_mec_quat_eci_to_bcs: VAR_TYPE = 'data' and UNITS.strip() = ''.
  mms2_mec_quat_eci_to_dbcs: VAR_TYPE = 'data' and UNITS.strip() = ''.
  mms2_mec_quat_eci_to_dmpa: VAR_TYPE = 'data' and UNITS.strip() = ''.
  mms2_mec_quat_eci_to_smpa: VAR_TYPE = 'data' and UNITS.strip() = ''.
  mms2_mec_quat_eci_to_dsl: VAR_TYPE = 'data' and UNITS.strip() = ''.
  mms2_mec_quat_eci_to_ssl: VAR_TYPE = 'data' and UNITS.strip() = ''.
  mms2_mec_kp: VAR_TYPE = 'data' and UNITS.strip() = ''.
  mms2_mec_earth_eclipse_flag: VAR_TYPE = 'data' and UNITS.strip() = ''.
  mms2_mec_moon_eclipse_flag: VAR_TYPE = 'data' and UNITS.strip() = ''.
  mms2_mec_quat_eci_to_gsm: VAR_TYPE = 'data' and UNITS.strip() = ''.
  mms2_mec_quat_eci_to_geo: VAR_TYPE = 'data' and UNITS.strip() = ''.
  mms2_mec_quat_eci_to_sm: VAR_TYPE = 'data' and UNITS.strip() = ''.
  mms2_mec_quat_eci_to_gse: VAR_TYPE = 'data' and UNITS.strip() = ''.
  mms2_mec_quat_eci_to_gse2000: VAR_TYPE = 'data' and UNITS.strip() = ''.
  mms2_mec_fieldline_type: VAR_TYPE = 'data' and UNITS.strip() = ''.
MMS2_MEC_SRVY_L2_EPHT89D | ISTP.UNITS.Empty:
  mms2_mec_l_dipole: VAR_TYPE = 'data' and UNITS.strip() = ''.
  mms2_mec_quat_eci_to_bcs: VAR_TYPE = 'data' and UNITS.strip() = ''.
  mms2_mec_quat_eci_to_dbcs: VAR_TYPE = 'data' and UNITS.strip() = ''.
  mms2_mec_quat_eci_to_dmpa: VAR_TYPE = 'data' and UNITS.strip() = ''.
  mms2_mec_quat_eci_to_smpa: VAR_TYPE = 'data' and UNITS.strip() = ''.
  mms2_mec_quat_eci_to_dsl: VAR_TYPE = 'data' and UNITS.strip() = ''.
  mms2_mec_quat_eci_to_ssl: VAR_TYPE = 'data' and UNITS.strip() = ''.
  mms2_mec_kp: VAR_TYPE = 'data' and UNITS.strip() = ''.
  mms2_mec_earth_eclipse_flag: VAR_TYPE = 'data' and UNITS.strip() = ''.
  mms2_mec_moon_eclipse_flag: VAR_TYPE = 'data' and UNITS.strip() = ''.
  mms2_mec_quat_eci_to_gsm: VAR_TYPE = 'data' and UNITS.strip() = ''.
  mms2_mec_quat_eci_to_geo: VAR_TYPE = 'data' and UNITS.strip() = ''.
  mms2_mec_quat_eci_to_sm: VAR_TYPE = 'data' and UNITS.strip() = ''.
  mms2_mec_quat_eci_to_gse: VAR_TYPE = 'data' and UNITS.strip() = ''.
  mms2_mec_quat_eci_to_gse2000: VAR_TYPE = 'data' and UNITS.strip() = ''.
  mms2_mec_fieldline_type: VAR_TYPE = 'data' and UNITS.strip() = ''.
MMS2_MEC_SRVY_L2_EPHT89Q | ISTP.UNITS.Empty:
  mms2_mec_l_dipole: VAR_TYPE = 'data' and UNITS.strip() = ''.
  mms2_mec_quat_eci_to_bcs: VAR_TYPE = 'data' and UNITS.strip() = ''.
  mms2_mec_quat_eci_to_dbcs: VAR_TYPE = 'data' and UNITS.strip() = ''.
  mms2_mec_quat_eci_to_dmpa: VAR_TYPE = 'data' and UNITS.strip() = ''.
  mms2_mec_quat_eci_to_smpa: VAR_TYPE = 'data' and UNITS.strip() = ''.
  mms2_mec_quat_eci_to_dsl: VAR_TYPE = 'data' and UNITS.strip() = ''.
  mms2_mec_quat_eci_to_ssl: VAR_TYPE = 'data' and UNITS.strip() = ''.
  mms2_mec_kp: VAR_TYPE = 'data' and UNITS.strip() = ''.
  mms2_mec_earth_eclipse_flag: VAR_TYPE = 'data' and UNITS.strip() = ''.
  mms2_mec_moon_eclipse_flag: VAR_TYPE = 'data' and UNITS.strip() = ''.
  mms2_mec_quat_eci_to_gsm: VAR_TYPE = 'data' and UNITS.strip() = ''.
  mms2_mec_quat_eci_to_geo: VAR_TYPE = 'data' and UNITS.strip() = ''.
  mms2_mec_quat_eci_to_sm: VAR_TYPE = 'data' and UNITS.strip() = ''.
  mms2_mec_quat_eci_to_gse: VAR_TYPE = 'data' and UNITS.strip() = ''.
  mms2_mec_quat_eci_to_gse2000: VAR_TYPE = 'data' and UNITS.strip() = ''.
  mms2_mec_fieldline_type: VAR_TYPE = 'data' and UNITS.strip() = ''.
MMS2_MEC_SRVY_L2_EPHTS04D | ISTP.UNITS.Empty:
  mms2_mec_l_dipole: VAR_TYPE = 'data' and UNITS.strip() = ''.
  mms2_mec_quat_eci_to_bcs: VAR_TYPE = 'data' and UNITS.strip() = ''.
  mms2_mec_quat_eci_to_dbcs: VAR_TYPE = 'data' and UNITS.strip() = ''.
  mms2_mec_quat_eci_to_dmpa: VAR_TYPE = 'data' and UNITS.strip() = ''.
  mms2_mec_quat_eci_to_smpa: VAR_TYPE = 'data' and UNITS.strip() = ''.
  mms2_mec_quat_eci_to_dsl: VAR_TYPE = 'data' and UNITS.strip() = ''.
  mms2_mec_quat_eci_to_ssl: VAR_TYPE = 'data' and UNITS.strip() = ''.
  mms2_mec_kp: VAR_TYPE = 'data' and UNITS.strip() = ''.
  mms2_mec_earth_eclipse_flag: VAR_TYPE = 'data' and UNITS.strip() = ''.
  mms2_mec_moon_eclipse_flag: VAR_TYPE = 'data' and UNITS.strip() = ''.
  mms2_mec_quat_eci_to_gsm: VAR_TYPE = 'data' and UNITS.strip() = ''.
  mms2_mec_quat_eci_to_geo: VAR_TYPE = 'data' and UNITS.strip() = ''.
  mms2_mec_quat_eci_to_sm: VAR_TYPE = 'data' and UNITS.strip() = ''.
  mms2_mec_quat_eci_to_gse: VAR_TYPE = 'data' and UNITS.strip() = ''.
  mms2_mec_quat_eci_to_gse2000: VAR_TYPE = 'data' and UNITS.strip() = ''.
  mms2_mec_fieldline_type: VAR_TYPE = 'data' and UNITS.strip() = ''.
MMS3_ASPOC_SRVY_L2 | ISTP.UNITS.Empty:
  mms3_aspoc_status: VAR_TYPE = 'data' and UNITS.strip() = ''.
MMS3_EDP_BRST_L2_DCE | ISTP.UNITS.Empty:
  mms3_edp_bitmask_brst_l2: VAR_TYPE = 'support_data' and UNITS.strip() = ''.
MMS3_EDP_BRST_L2_SCPOT | ISTP.UNITS.Empty:
  mms3_edp_bitmask_brst_l2: VAR_TYPE = 'support_data' and UNITS.strip() = ''.
  mms3_edp_quality_brst_l2: VAR_TYPE = 'support_data' and UNITS.strip() = ''.
MMS3_EDP_FAST_L2_DCE | ISTP.UNITS.Empty:
  mms3_edp_bitmask_fast_l2: VAR_TYPE = 'support_data' and UNITS.strip() = ''.
MMS3_EDP_FAST_L2_SCPOT | ISTP.UNITS.Empty:
  mms3_edp_bitmask_fast_l2: VAR_TYPE = 'support_data' and UNITS.strip() = ''.
  mms3_edp_quality_fast_l2: VAR_TYPE = 'support_data' and UNITS.strip() = ''.
MMS3_EDP_SLOW_L2_DCE | ISTP.UNITS.Empty:
  mms3_edp_bitmask_slow_l2: VAR_TYPE = 'support_data' and UNITS.strip() = ''.
MMS3_EDP_SLOW_L2_SCPOT | ISTP.UNITS.Empty:
  mms3_edp_bitmask_slow_l2: VAR_TYPE = 'support_data' and UNITS.strip() = ''.
  mms3_edp_quality_slow_l2: VAR_TYPE = 'support_data' and UNITS.strip() = ''.
MMS3_EPD-EIS_BRST_L2_EXTOF | ISTP.UNITS.Empty:
  mms3_epd_eis_brst_l2_extof_proton_P5_counts_t0: VAR_TYPE = 'data' and UNITS.strip() = ''.
  mms3_epd_eis_brst_l2_extof_proton_P5_counts_t1: VAR_TYPE = 'data' and UNITS.strip() = ''.
  mms3_epd_eis_brst_l2_extof_proton_P5_counts_t2: VAR_TYPE = 'data' and UNITS.strip() = ''.
  mms3_epd_eis_brst_l2_extof_proton_P5_counts_t3: VAR_TYPE = 'data' and UNITS.strip() = ''.
  mms3_epd_eis_brst_l2_extof_proton_P5_counts_t4: VAR_TYPE = 'data' and UNITS.strip() = ''.
  mms3_epd_eis_brst_l2_extof_proton_P5_counts_t5: VAR_TYPE = 'data' and UNITS.strip() = ''.
  mms3_epd_eis_brst_l2_extof_oxygen_P5_counts_t0: VAR_TYPE = 'data' and UNITS.strip() = ''.
  mms3_epd_eis_brst_l2_extof_oxygen_P5_counts_t1: VAR_TYPE = 'data' and UNITS.strip() = ''.
  mms3_epd_eis_brst_l2_extof_oxygen_P5_counts_t2: VAR_TYPE = 'data' and UNITS.strip() = ''.
  mms3_epd_eis_brst_l2_extof_oxygen_P5_counts_t3: VAR_TYPE = 'data' and UNITS.strip() = ''.
  mms3_epd_eis_brst_l2_extof_oxygen_P5_counts_t4: VAR_TYPE = 'data' and UNITS.strip() = ''.
  mms3_epd_eis_brst_l2_extof_oxygen_P5_counts_t5: VAR_TYPE = 'data' and UNITS.strip() = ''.
  mms3_epd_eis_brst_l2_extof_helium_P5_counts_t0: VAR_TYPE = 'data' and UNITS.strip() = ''.
  mms3_epd_eis_brst_l2_extof_helium_P5_counts_t1: VAR_TYPE = 'data' and UNITS.strip() = ''.
  mms3_epd_eis_brst_l2_extof_helium_P5_counts_t2: VAR_TYPE = 'data' and UNITS.strip() = ''.
  mms3_epd_eis_brst_l2_extof_helium_P5_counts_t3: VAR_TYPE = 'data' and UNITS.strip() = ''.
  mms3_epd_eis_brst_l2_extof_helium_P5_counts_t4: VAR_TYPE = 'data' and UNITS.strip() = ''.
  mms3_epd_eis_brst_l2_extof_helium_P5_counts_t5: VAR_TYPE = 'data' and UNITS.strip() = ''.
MMS3_EPD-EIS_BRST_L2_PHXTOF | ISTP.UNITS.Empty:
  mms3_epd_eis_brst_l2_phxtof_proton_P5_counts_t0: VAR_TYPE = 'data' and UNITS.strip() = ''.
  mms3_epd_eis_brst_l2_phxtof_proton_P5_counts_t1: VAR_TYPE = 'data' and UNITS.strip() = ''.
  mms3_epd_eis_brst_l2_phxtof_proton_P5_counts_t2: VAR_TYPE = 'data' and UNITS.strip() = ''.
  mms3_epd_eis_brst_l2_phxtof_proton_P5_counts_t3: VAR_TYPE = 'data' and UNITS.strip() = ''.
  mms3_epd_eis_brst_l2_phxtof_proton_P5_counts_t4: VAR_TYPE = 'data' and UNITS.strip() = ''.
  mms3_epd_eis_brst_l2_phxtof_proton_P5_counts_t5: VAR_TYPE = 'data' and UNITS.strip() = ''.
  mms3_epd_eis_brst_l2_phxtof_oxygen_P5_counts_t0: VAR_TYPE = 'data' and UNITS.strip() = ''.
  mms3_epd_eis_brst_l2_phxtof_oxygen_P5_counts_t1: VAR_TYPE = 'data' and UNITS.strip() = ''.
  mms3_epd_eis_brst_l2_phxtof_oxygen_P5_counts_t2: VAR_TYPE = 'data' and UNITS.strip() = ''.
  mms3_epd_eis_brst_l2_phxtof_oxygen_P5_counts_t3: VAR_TYPE = 'data' and UNITS.strip() = ''.
  mms3_epd_eis_brst_l2_phxtof_oxygen_P5_counts_t4: VAR_TYPE = 'data' and UNITS.strip() = ''.
  mms3_epd_eis_brst_l2_phxtof_oxygen_P5_counts_t5: VAR_TYPE = 'data' and UNITS.strip() = ''.
MMS3_EPD-EIS_SRVY_L2_ELECTRONENERGY | ISTP.UNITS.Empty:
  mms3_epd_eis_srvy_l2_electronenergy_electron_P5_counts_t0: VAR_TYPE = 'data' and UNITS.strip() = ''.
  mms3_epd_eis_srvy_l2_electronenergy_electron_P5_counts_t1: VAR_TYPE = 'data' and UNITS.strip() = ''.
  mms3_epd_eis_srvy_l2_electronenergy_electron_P5_counts_t2: VAR_TYPE = 'data' and UNITS.strip() = ''.
  mms3_epd_eis_srvy_l2_electronenergy_electron_P5_counts_t3: VAR_TYPE = 'data' and UNITS.strip() = ''.
  mms3_epd_eis_srvy_l2_electronenergy_electron_P5_counts_t4: VAR_TYPE = 'data' and UNITS.strip() = ''.
  mms3_epd_eis_srvy_l2_electronenergy_electron_P5_counts_t5: VAR_TYPE = 'data' and UNITS.strip() = ''.
MMS3_EPD-EIS_SRVY_L2_EXTOF | ISTP.UNITS.Empty:
  mms3_epd_eis_srvy_l2_extof_proton_P5_counts_t0: VAR_TYPE = 'data' and UNITS.strip() = ''.
  mms3_epd_eis_srvy_l2_extof_proton_P5_counts_t1: VAR_TYPE = 'data' and UNITS.strip() = ''.
  mms3_epd_eis_srvy_l2_extof_proton_P5_counts_t2: VAR_TYPE = 'data' and UNITS.strip() = ''.
  mms3_epd_eis_srvy_l2_extof_proton_P5_counts_t3: VAR_TYPE = 'data' and UNITS.strip() = ''.
  mms3_epd_eis_srvy_l2_extof_proton_P5_counts_t4: VAR_TYPE = 'data' and UNITS.strip() = ''.
  mms3_epd_eis_srvy_l2_extof_proton_P5_counts_t5: VAR_TYPE = 'data' and UNITS.strip() = ''.
  mms3_epd_eis_srvy_l2_extof_oxygen_P5_counts_t0: VAR_TYPE = 'data' and UNITS.strip() = ''.
  mms3_epd_eis_srvy_l2_extof_oxygen_P5_counts_t1: VAR_TYPE = 'data' and UNITS.strip() = ''.
  mms3_epd_eis_srvy_l2_extof_oxygen_P5_counts_t2: VAR_TYPE = 'data' and UNITS.strip() = ''.
  mms3_epd_eis_srvy_l2_extof_oxygen_P5_counts_t3: VAR_TYPE = 'data' and UNITS.strip() = ''.
  mms3_epd_eis_srvy_l2_extof_oxygen_P5_counts_t4: VAR_TYPE = 'data' and UNITS.strip() = ''.
  mms3_epd_eis_srvy_l2_extof_oxygen_P5_counts_t5: VAR_TYPE = 'data' and UNITS.strip() = ''.
  mms3_epd_eis_srvy_l2_extof_helium_P5_counts_t0: VAR_TYPE = 'data' and UNITS.strip() = ''.
  mms3_epd_eis_srvy_l2_extof_helium_P5_counts_t1: VAR_TYPE = 'data' and UNITS.strip() = ''.
  mms3_epd_eis_srvy_l2_extof_helium_P5_counts_t2: VAR_TYPE = 'data' and UNITS.strip() = ''.
  mms3_epd_eis_srvy_l2_extof_helium_P5_counts_t3: VAR_TYPE = 'data' and UNITS.strip() = ''.
  mms3_epd_eis_srvy_l2_extof_helium_P5_counts_t4: VAR_TYPE = 'data' and UNITS.strip() = ''.
  mms3_epd_eis_srvy_l2_extof_helium_P5_counts_t5: VAR_TYPE = 'data' and UNITS.strip() = ''.
MMS3_EPD-EIS_SRVY_L2_PHXTOF | ISTP.UNITS.Empty:
  mms3_epd_eis_srvy_l2_phxtof_proton_P5_counts_t0: VAR_TYPE = 'data' and UNITS.strip() = ''.
  mms3_epd_eis_srvy_l2_phxtof_proton_P5_counts_t1: VAR_TYPE = 'data' and UNITS.strip() = ''.
  mms3_epd_eis_srvy_l2_phxtof_proton_P5_counts_t2: VAR_TYPE = 'data' and UNITS.strip() = ''.
  mms3_epd_eis_srvy_l2_phxtof_proton_P5_counts_t3: VAR_TYPE = 'data' and UNITS.strip() = ''.
  mms3_epd_eis_srvy_l2_phxtof_proton_P5_counts_t4: VAR_TYPE = 'data' and UNITS.strip() = ''.
  mms3_epd_eis_srvy_l2_phxtof_proton_P5_counts_t5: VAR_TYPE = 'data' and UNITS.strip() = ''.
  mms3_epd_eis_srvy_l2_phxtof_oxygen_P5_counts_t0: VAR_TYPE = 'data' and UNITS.strip() = ''.
  mms3_epd_eis_srvy_l2_phxtof_oxygen_P5_counts_t1: VAR_TYPE = 'data' and UNITS.strip() = ''.
  mms3_epd_eis_srvy_l2_phxtof_oxygen_P5_counts_t2: VAR_TYPE = 'data' and UNITS.strip() = ''.
  mms3_epd_eis_srvy_l2_phxtof_oxygen_P5_counts_t3: VAR_TYPE = 'data' and UNITS.strip() = ''.
  mms3_epd_eis_srvy_l2_phxtof_oxygen_P5_counts_t4: VAR_TYPE = 'data' and UNITS.strip() = ''.
  mms3_epd_eis_srvy_l2_phxtof_oxygen_P5_counts_t5: VAR_TYPE = 'data' and UNITS.strip() = ''.
  mms3_epd_eis_srvy_l2_phxtof_oxygen_P4_counts_t0: VAR_TYPE = 'data' and UNITS.strip() = ''.
  mms3_epd_eis_srvy_l2_phxtof_oxygen_P4_counts_t1: VAR_TYPE = 'data' and UNITS.strip() = ''.
  mms3_epd_eis_srvy_l2_phxtof_oxygen_P4_counts_t2: VAR_TYPE = 'data' and UNITS.strip() = ''.
  mms3_epd_eis_srvy_l2_phxtof_oxygen_P4_counts_t3: VAR_TYPE = 'data' and UNITS.strip() = ''.
  mms3_epd_eis_srvy_l2_phxtof_oxygen_P4_counts_t4: VAR_TYPE = 'data' and UNITS.strip() = ''.
  mms3_epd_eis_srvy_l2_phxtof_oxygen_P4_counts_t5: VAR_TYPE = 'data' and UNITS.strip() = ''.
MMS3_FEEPS_BRST_L2_ELECTRON | ISTP.UNITS.Empty:
  epoch: VAR_TYPE = 'support_data' and UNITS.strip() = ''.
  mms3_epd_feeps_brst_l2_electron_spinsectnum: VAR_TYPE = 'support_data' and UNITS.strip() = ''.
  mms3_epd_feeps_brst_l2_electron_top_quality_indicator_sensorid_1: VAR_TYPE = 'data' and UNITS.strip() = ''.
  mms3_epd_feeps_brst_l2_electron_top_quality_indicator_sensorid_2: VAR_TYPE = 'data' and UNITS.strip() = ''.
  mms3_epd_feeps_brst_l2_electron_top_quality_indicator_sensorid_3: VAR_TYPE = 'data' and UNITS.strip() = ''.
  mms3_epd_feeps_brst_l2_electron_top_quality_indicator_sensorid_4: VAR_TYPE = 'data' and UNITS.strip() = ''.
  mms3_epd_feeps_brst_l2_electron_top_quality_indicator_sensorid_5: VAR_TYPE = 'data' and UNITS.strip() = ''.
  mms3_epd_feeps_brst_l2_electron_top_quality_indicator_sensorid_9: VAR_TYPE = 'data' and UNITS.strip() = ''.
  mms3_epd_feeps_brst_l2_electron_top_quality_indicator_sensorid_10: VAR_TYPE = 'data' and UNITS.strip() = ''.
  mms3_epd_feeps_brst_l2_electron_top_quality_indicator_sensorid_11: VAR_TYPE = 'data' and UNITS.strip() = ''.
  mms3_epd_feeps_brst_l2_electron_top_quality_indicator_sensorid_12: VAR_TYPE = 'data' and UNITS.strip() = ''.
  mms3_epd_feeps_brst_l2_electron_bottom_quality_indicator_sensorid_1: VAR_TYPE = 'data' and UNITS.strip() = ''.
  mms3_epd_feeps_brst_l2_electron_bottom_quality_indicator_sensorid_2: VAR_TYPE = 'data' and UNITS.strip() = ''.
  mms3_epd_feeps_brst_l2_electron_bottom_quality_indicator_sensorid_3: VAR_TYPE = 'data' and UNITS.strip() = ''.
  mms3_epd_feeps_brst_l2_electron_bottom_quality_indicator_sensorid_4: VAR_TYPE = 'data' and UNITS.strip() = ''.
  mms3_epd_feeps_brst_l2_electron_bottom_quality_indicator_sensorid_5: VAR_TYPE = 'data' and UNITS.strip() = ''.
  mms3_epd_feeps_brst_l2_electron_bottom_quality_indicator_sensorid_9: VAR_TYPE = 'data' and UNITS.strip() = ''.
  mms3_epd_feeps_brst_l2_electron_bottom_quality_indicator_sensorid_10: VAR_TYPE = 'data' and UNITS.strip() = ''.
  mms3_epd_feeps_brst_l2_electron_bottom_quality_indicator_sensorid_11: VAR_TYPE = 'data' and UNITS.strip() = ''.
  mms3_epd_feeps_brst_l2_electron_bottom_quality_indicator_sensorid_12: VAR_TYPE = 'data' and UNITS.strip() = ''.
  mms3_epd_feeps_brst_l2_electron_top_sector_mask_sensorid_1: VAR_TYPE = 'support_data' and UNITS.strip() = ''.
  mms3_epd_feeps_brst_l2_electron_top_sector_mask_sensorid_2: VAR_TYPE = 'support_data' and UNITS.strip() = ''.
  mms3_epd_feeps_brst_l2_electron_top_sector_mask_sensorid_3: VAR_TYPE = 'support_data' and UNITS.strip() = ''.
  mms3_epd_feeps_brst_l2_electron_top_sector_mask_sensorid_4: VAR_TYPE = 'support_data' and UNITS.strip() = ''.
  mms3_epd_feeps_brst_l2_electron_top_sector_mask_sensorid_5: VAR_TYPE = 'support_data' and UNITS.strip() = ''.
  mms3_epd_feeps_brst_l2_electron_top_sector_mask_sensorid_9: VAR_TYPE = 'support_data' and UNITS.strip() = ''.
  mms3_epd_feeps_brst_l2_electron_top_sector_mask_sensorid_10: VAR_TYPE = 'support_data' and UNITS.strip() = ''.
  mms3_epd_feeps_brst_l2_electron_top_sector_mask_sensorid_11: VAR_TYPE = 'support_data' and UNITS.strip() = ''.
  mms3_epd_feeps_brst_l2_electron_top_sector_mask_sensorid_12: VAR_TYPE = 'support_data' and UNITS.strip() = ''.
  mms3_epd_feeps_brst_l2_electron_bottom_sector_mask_sensorid_1: VAR_TYPE = 'support_data' and UNITS.strip() = ''.
  mms3_epd_feeps_brst_l2_electron_bottom_sector_mask_sensorid_2: VAR_TYPE = 'support_data' and UNITS.strip() = ''.
  mms3_epd_feeps_brst_l2_electron_bottom_sector_mask_sensorid_3: VAR_TYPE = 'support_data' and UNITS.strip() = ''.
  mms3_epd_feeps_brst_l2_electron_bottom_sector_mask_sensorid_4: VAR_TYPE = 'support_data' and UNITS.strip() = ''.
  mms3_epd_feeps_brst_l2_electron_bottom_sector_mask_sensorid_5: VAR_TYPE = 'support_data' and UNITS.strip() = ''.
  mms3_epd_feeps_brst_l2_electron_bottom_sector_mask_sensorid_9: VAR_TYPE = 'support_data' and UNITS.strip() = ''.
  mms3_epd_feeps_brst_l2_electron_bottom_sector_mask_sensorid_10: VAR_TYPE = 'support_data' and UNITS.strip() = ''.
  mms3_epd_feeps_brst_l2_electron_bottom_sector_mask_sensorid_11: VAR_TYPE = 'support_data' and UNITS.strip() = ''.
  mms3_epd_feeps_brst_l2_electron_bottom_sector_mask_sensorid_12: VAR_TYPE = 'support_data' and UNITS.strip() = ''.
  mms3_epd_feeps_brst_l2_electron_top_sun_contamination_sensorid_1: VAR_TYPE = 'support_data' and UNITS.strip() = ''.
  mms3_epd_feeps_brst_l2_electron_top_sun_contamination_sensorid_2: VAR_TYPE = 'support_data' and UNITS.strip() = ''.
  mms3_epd_feeps_brst_l2_electron_top_sun_contamination_sensorid_3: VAR_TYPE = 'support_data' and UNITS.strip() = ''.
  mms3_epd_feeps_brst_l2_electron_top_sun_contamination_sensorid_4: VAR_TYPE = 'support_data' and UNITS.strip() = ''.
  mms3_epd_feeps_brst_l2_electron_top_sun_contamination_sensorid_5: VAR_TYPE = 'support_data' and UNITS.strip() = ''.
  mms3_epd_feeps_brst_l2_electron_top_sun_contamination_sensorid_9: VAR_TYPE = 'support_data' and UNITS.strip() = ''.
  mms3_epd_feeps_brst_l2_electron_top_sun_contamination_sensorid_10: VAR_TYPE = 'support_data' and UNITS.strip() = ''.
  mms3_epd_feeps_brst_l2_electron_top_sun_contamination_sensorid_11: VAR_TYPE = 'support_data' and UNITS.strip() = ''.
  mms3_epd_feeps_brst_l2_electron_top_sun_contamination_sensorid_12: VAR_TYPE = 'support_data' and UNITS.strip() = ''.
  mms3_epd_feeps_brst_l2_electron_bottom_sun_contamination_sensorid_1: VAR_TYPE = 'support_data' and UNITS.strip() = ''.
  mms3_epd_feeps_brst_l2_electron_bottom_sun_contamination_sensorid_2: VAR_TYPE = 'support_data' and UNITS.strip() = ''.
  mms3_epd_feeps_brst_l2_electron_bottom_sun_contamination_sensorid_3: VAR_TYPE = 'support_data' and UNITS.strip() = ''.
  mms3_epd_feeps_brst_l2_electron_bottom_sun_contamination_sensorid_4: VAR_TYPE = 'support_data' and UNITS.strip() = ''.
  mms3_epd_feeps_brst_l2_electron_bottom_sun_contamination_sensorid_5: VAR_TYPE = 'support_data' and UNITS.strip() = ''.
  mms3_epd_feeps_brst_l2_electron_bottom_sun_contamination_sensorid_9: VAR_TYPE = 'support_data' and UNITS.strip() = ''.
  mms3_epd_feeps_brst_l2_electron_bottom_sun_contamination_sensorid_10: VAR_TYPE = 'support_data' and UNITS.strip() = ''.
  mms3_epd_feeps_brst_l2_electron_bottom_sun_contamination_sensorid_11: VAR_TYPE = 'support_data' and UNITS.strip() = ''.
  mms3_epd_feeps_brst_l2_electron_bottom_sun_contamination_sensorid_12: VAR_TYPE = 'support_data' and UNITS.strip() = ''.
  mms3_epd_feeps_brst_l2_electron_top_percent_error_sensorid_1: VAR_TYPE = 'data' and UNITS.strip() = ''.
  mms3_epd_feeps_brst_l2_electron_top_percent_error_sensorid_2: VAR_TYPE = 'data' and UNITS.strip() = ''.
  mms3_epd_feeps_brst_l2_electron_top_percent_error_sensorid_3: VAR_TYPE = 'data' and UNITS.strip() = ''.
  mms3_epd_feeps_brst_l2_electron_top_percent_error_sensorid_4: VAR_TYPE = 'data' and UNITS.strip() = ''.
  mms3_epd_feeps_brst_l2_electron_top_percent_error_sensorid_5: VAR_TYPE = 'data' and UNITS.strip() = ''.
  mms3_epd_feeps_brst_l2_electron_top_percent_error_sensorid_9: VAR_TYPE = 'data' and UNITS.strip() = ''.
  mms3_epd_feeps_brst_l2_electron_top_percent_error_sensorid_10: VAR_TYPE = 'data' and UNITS.strip() = ''.
  mms3_epd_feeps_brst_l2_electron_top_percent_error_sensorid_11: VAR_TYPE = 'data' and UNITS.strip() = ''.
  mms3_epd_feeps_brst_l2_electron_top_percent_error_sensorid_12: VAR_TYPE = 'data' and UNITS.strip() = ''.
  mms3_epd_feeps_brst_l2_electron_bottom_percent_error_sensorid_1: VAR_TYPE = 'data' and UNITS.strip() = ''.
  mms3_epd_feeps_brst_l2_electron_bottom_percent_error_sensorid_2: VAR_TYPE = 'data' and UNITS.strip() = ''.
  mms3_epd_feeps_brst_l2_electron_bottom_percent_error_sensorid_3: VAR_TYPE = 'data' and UNITS.strip() = ''.
  mms3_epd_feeps_brst_l2_electron_bottom_percent_error_sensorid_4: VAR_TYPE = 'data' and UNITS.strip() = ''.
  mms3_epd_feeps_brst_l2_electron_bottom_percent_error_sensorid_5: VAR_TYPE = 'data' and UNITS.strip() = ''.
  mms3_epd_feeps_brst_l2_electron_bottom_percent_error_sensorid_9: VAR_TYPE = 'data' and UNITS.strip() = ''.
  mms3_epd_feeps_brst_l2_electron_bottom_percent_error_sensorid_10: VAR_TYPE = 'data' and UNITS.strip() = ''.
  mms3_epd_feeps_brst_l2_electron_bottom_percent_error_sensorid_11: VAR_TYPE = 'data' and UNITS.strip() = ''.
  mms3_epd_feeps_brst_l2_electron_bottom_percent_error_sensorid_12: VAR_TYPE = 'data' and UNITS.strip() = ''.
  mms3_epd_feeps_brst_l2_electron_spin: VAR_TYPE = 'support_data' and UNITS.strip() = ''.
  mms3_epd_feeps_brst_l2_electron_integration_sectors: VAR_TYPE = 'support_data' and UNITS.strip() = ''.
  mms3_epd_feeps_brst_l2_electron_scz_vec_gse: VAR_TYPE = 'support_data' and UNITS.strip() = ''.
  mms3_epd_feeps_brst_l2_electron_scy_vec_gse: VAR_TYPE = 'support_data' and UNITS.strip() = ''.
  mms3_epd_feeps_brst_l2_electron_scx_vec_gse: VAR_TYPE = 'support_data' and UNITS.strip() = ''.
MMS3_FEEPS_BRST_L2_ION | ISTP.UNITS.Empty:
  epoch: VAR_TYPE = 'support_data' and UNITS.strip() = ''.
  mms3_epd_feeps_brst_l2_ion_spinsectnum: VAR_TYPE = 'support_data' and UNITS.strip() = ''.
  mms3_epd_feeps_brst_l2_ion_top_quality_indicator_sensorid_6: VAR_TYPE = 'data' and UNITS.strip() = ''.
  mms3_epd_feeps_brst_l2_ion_top_quality_indicator_sensorid_7: VAR_TYPE = 'data' and UNITS.strip() = ''.
  mms3_epd_feeps_brst_l2_ion_top_quality_indicator_sensorid_8: VAR_TYPE = 'data' and UNITS.strip() = ''.
  mms3_epd_feeps_brst_l2_ion_bottom_quality_indicator_sensorid_6: VAR_TYPE = 'data' and UNITS.strip() = ''.
  mms3_epd_feeps_brst_l2_ion_bottom_quality_indicator_sensorid_7: VAR_TYPE = 'data' and UNITS.strip() = ''.
  mms3_epd_feeps_brst_l2_ion_bottom_quality_indicator_sensorid_8: VAR_TYPE = 'data' and UNITS.strip() = ''.
  mms3_epd_feeps_brst_l2_ion_top_sector_mask_sensorid_6: VAR_TYPE = 'support_data' and UNITS.strip() = ''.
  mms3_epd_feeps_brst_l2_ion_top_sector_mask_sensorid_7: VAR_TYPE = 'support_data' and UNITS.strip() = ''.
  mms3_epd_feeps_brst_l2_ion_top_sector_mask_sensorid_8: VAR_TYPE = 'support_data' and UNITS.strip() = ''.
  mms3_epd_feeps_brst_l2_ion_bottom_sector_mask_sensorid_6: VAR_TYPE = 'support_data' and UNITS.strip() = ''.
  mms3_epd_feeps_brst_l2_ion_bottom_sector_mask_sensorid_7: VAR_TYPE = 'support_data' and UNITS.strip() = ''.
  mms3_epd_feeps_brst_l2_ion_bottom_sector_mask_sensorid_8: VAR_TYPE = 'support_data' and UNITS.strip() = ''.
  mms3_epd_feeps_brst_l2_ion_top_sun_contamination_sensorid_6: VAR_TYPE = 'support_data' and UNITS.strip() = ''.
  mms3_epd_feeps_brst_l2_ion_top_sun_contamination_sensorid_7: VAR_TYPE = 'support_data' and UNITS.strip() = ''.
  mms3_epd_feeps_brst_l2_ion_top_sun_contamination_sensorid_8: VAR_TYPE = 'support_data' and UNITS.strip() = ''.
  mms3_epd_feeps_brst_l2_ion_bottom_sun_contamination_sensorid_6: VAR_TYPE = 'support_data' and UNITS.strip() = ''.
  mms3_epd_feeps_brst_l2_ion_bottom_sun_contamination_sensorid_7: VAR_TYPE = 'support_data' and UNITS.strip() = ''.
  mms3_epd_feeps_brst_l2_ion_bottom_sun_contamination_sensorid_8: VAR_TYPE = 'support_data' and UNITS.strip() = ''.
  mms3_epd_feeps_brst_l2_ion_top_percent_error_sensorid_6: VAR_TYPE = 'data' and UNITS.strip() = ''.
  mms3_epd_feeps_brst_l2_ion_top_percent_error_sensorid_7: VAR_TYPE = 'data' and UNITS.strip() = ''.
  mms3_epd_feeps_brst_l2_ion_top_percent_error_sensorid_8: VAR_TYPE = 'data' and UNITS.strip() = ''.
  mms3_epd_feeps_brst_l2_ion_bottom_percent_error_sensorid_6: VAR_TYPE = 'data' and UNITS.strip() = ''.
  mms3_epd_feeps_brst_l2_ion_bottom_percent_error_sensorid_7: VAR_TYPE = 'data' and UNITS.strip() = ''.
  mms3_epd_feeps_brst_l2_ion_bottom_percent_error_sensorid_8: VAR_TYPE = 'data' and UNITS.strip() = ''.
  mms3_epd_feeps_brst_l2_ion_spin: VAR_TYPE = 'support_data' and UNITS.strip() = ''.
  mms3_epd_feeps_brst_l2_ion_integration_sectors: VAR_TYPE = 'support_data' and UNITS.strip() = ''.
  mms3_epd_feeps_brst_l2_ion_scz_vec_gse: VAR_TYPE = 'support_data' and UNITS.strip() = ''.
  mms3_epd_feeps_brst_l2_ion_scy_vec_gse: VAR_TYPE = 'support_data' and UNITS.strip() = ''.
  mms3_epd_feeps_brst_l2_ion_scx_vec_gse: VAR_TYPE = 'support_data' and UNITS.strip() = ''.
MMS3_FEEPS_SRVY_L2_ELECTRON | ISTP.UNITS.Empty:
  epoch: VAR_TYPE = 'support_data' and UNITS.strip() = ''.
  mms3_epd_feeps_srvy_l2_electron_spinsectnum: VAR_TYPE = 'support_data' and UNITS.strip() = ''.
  mms3_epd_feeps_srvy_l2_electron_top_quality_indicator_sensorid_1: VAR_TYPE = 'data' and UNITS.strip() = ''.
  mms3_epd_feeps_srvy_l2_electron_top_quality_indicator_sensorid_2: VAR_TYPE = 'data' and UNITS.strip() = ''.
  mms3_epd_feeps_srvy_l2_electron_top_quality_indicator_sensorid_3: VAR_TYPE = 'data' and UNITS.strip() = ''.
  mms3_epd_feeps_srvy_l2_electron_top_quality_indicator_sensorid_4: VAR_TYPE = 'data' and UNITS.strip() = ''.
  mms3_epd_feeps_srvy_l2_electron_top_quality_indicator_sensorid_5: VAR_TYPE = 'data' and UNITS.strip() = ''.
  mms3_epd_feeps_srvy_l2_electron_top_quality_indicator_sensorid_9: VAR_TYPE = 'data' and UNITS.strip() = ''.
  mms3_epd_feeps_srvy_l2_electron_top_quality_indicator_sensorid_10: VAR_TYPE = 'data' and UNITS.strip() = ''.
  mms3_epd_feeps_srvy_l2_electron_top_quality_indicator_sensorid_11: VAR_TYPE = 'data' and UNITS.strip() = ''.
  mms3_epd_feeps_srvy_l2_electron_top_quality_indicator_sensorid_12: VAR_TYPE = 'data' and UNITS.strip() = ''.
  mms3_epd_feeps_srvy_l2_electron_bottom_quality_indicator_sensorid_1: VAR_TYPE = 'data' and UNITS.strip() = ''.
  mms3_epd_feeps_srvy_l2_electron_bottom_quality_indicator_sensorid_2: VAR_TYPE = 'data' and UNITS.strip() = ''.
  mms3_epd_feeps_srvy_l2_electron_bottom_quality_indicator_sensorid_3: VAR_TYPE = 'data' and UNITS.strip() = ''.
  mms3_epd_feeps_srvy_l2_electron_bottom_quality_indicator_sensorid_4: VAR_TYPE = 'data' and UNITS.strip() = ''.
  mms3_epd_feeps_srvy_l2_electron_bottom_quality_indicator_sensorid_5: VAR_TYPE = 'data' and UNITS.strip() = ''.
  mms3_epd_feeps_srvy_l2_electron_bottom_quality_indicator_sensorid_9: VAR_TYPE = 'data' and UNITS.strip() = ''.
  mms3_epd_feeps_srvy_l2_electron_bottom_quality_indicator_sensorid_10: VAR_TYPE = 'data' and UNITS.strip() = ''.
  mms3_epd_feeps_srvy_l2_electron_bottom_quality_indicator_sensorid_11: VAR_TYPE = 'data' and UNITS.strip() = ''.
  mms3_epd_feeps_srvy_l2_electron_bottom_quality_indicator_sensorid_12: VAR_TYPE = 'data' and UNITS.strip() = ''.
  mms3_epd_feeps_srvy_l2_electron_top_sector_mask_sensorid_1: VAR_TYPE = 'support_data' and UNITS.strip() = ''.
  mms3_epd_feeps_srvy_l2_electron_top_sector_mask_sensorid_2: VAR_TYPE = 'support_data' and UNITS.strip() = ''.
  mms3_epd_feeps_srvy_l2_electron_top_sector_mask_sensorid_3: VAR_TYPE = 'support_data' and UNITS.strip() = ''.
  mms3_epd_feeps_srvy_l2_electron_top_sector_mask_sensorid_4: VAR_TYPE = 'support_data' and UNITS.strip() = ''.
  mms3_epd_feeps_srvy_l2_electron_top_sector_mask_sensorid_5: VAR_TYPE = 'support_data' and UNITS.strip() = ''.
  mms3_epd_feeps_srvy_l2_electron_top_sector_mask_sensorid_9: VAR_TYPE = 'support_data' and UNITS.strip() = ''.
  mms3_epd_feeps_srvy_l2_electron_top_sector_mask_sensorid_10: VAR_TYPE = 'support_data' and UNITS.strip() = ''.
  mms3_epd_feeps_srvy_l2_electron_top_sector_mask_sensorid_11: VAR_TYPE = 'support_data' and UNITS.strip() = ''.
  mms3_epd_feeps_srvy_l2_electron_top_sector_mask_sensorid_12: VAR_TYPE = 'support_data' and UNITS.strip() = ''.
  mms3_epd_feeps_srvy_l2_electron_bottom_sector_mask_sensorid_1: VAR_TYPE = 'support_data' and UNITS.strip() = ''.
  mms3_epd_feeps_srvy_l2_electron_bottom_sector_mask_sensorid_2: VAR_TYPE = 'support_data' and UNITS.strip() = ''.
  mms3_epd_feeps_srvy_l2_electron_bottom_sector_mask_sensorid_3: VAR_TYPE = 'support_data' and UNITS.strip() = ''.
  mms3_epd_feeps_srvy_l2_electron_bottom_sector_mask_sensorid_4: VAR_TYPE = 'support_data' and UNITS.strip() = ''.
  mms3_epd_feeps_srvy_l2_electron_bottom_sector_mask_sensorid_5: VAR_TYPE = 'support_data' and UNITS.strip() = ''.
  mms3_epd_feeps_srvy_l2_electron_bottom_sector_mask_sensorid_9: VAR_TYPE = 'support_data' and UNITS.strip() = ''.
  mms3_epd_feeps_srvy_l2_electron_bottom_sector_mask_sensorid_10: VAR_TYPE = 'support_data' and UNITS.strip() = ''.
  mms3_epd_feeps_srvy_l2_electron_bottom_sector_mask_sensorid_11: VAR_TYPE = 'support_data' and UNITS.strip() = ''.
  mms3_epd_feeps_srvy_l2_electron_bottom_sector_mask_sensorid_12: VAR_TYPE = 'support_data' and UNITS.strip() = ''.
  mms3_epd_feeps_srvy_l2_electron_top_sun_contamination_sensorid_1: VAR_TYPE = 'support_data' and UNITS.strip() = ''.
  mms3_epd_feeps_srvy_l2_electron_top_sun_contamination_sensorid_2: VAR_TYPE = 'support_data' and UNITS.strip() = ''.
  mms3_epd_feeps_srvy_l2_electron_top_sun_contamination_sensorid_3: VAR_TYPE = 'support_data' and UNITS.strip() = ''.
  mms3_epd_feeps_srvy_l2_electron_top_sun_contamination_sensorid_4: VAR_TYPE = 'support_data' and UNITS.strip() = ''.
  mms3_epd_feeps_srvy_l2_electron_top_sun_contamination_sensorid_5: VAR_TYPE = 'support_data' and UNITS.strip() = ''.
  mms3_epd_feeps_srvy_l2_electron_top_sun_contamination_sensorid_9: VAR_TYPE = 'support_data' and UNITS.strip() = ''.
  mms3_epd_feeps_srvy_l2_electron_top_sun_contamination_sensorid_10: VAR_TYPE = 'support_data' and UNITS.strip() = ''.
  mms3_epd_feeps_srvy_l2_electron_top_sun_contamination_sensorid_11: VAR_TYPE = 'support_data' and UNITS.strip() = ''.
  mms3_epd_feeps_srvy_l2_electron_top_sun_contamination_sensorid_12: VAR_TYPE = 'support_data' and UNITS.strip() = ''.
  mms3_epd_feeps_srvy_l2_electron_bottom_sun_contamination_sensorid_1: VAR_TYPE = 'support_data' and UNITS.strip() = ''.
  mms3_epd_feeps_srvy_l2_electron_bottom_sun_contamination_sensorid_2: VAR_TYPE = 'support_data' and UNITS.strip() = ''.
  mms3_epd_feeps_srvy_l2_electron_bottom_sun_contamination_sensorid_3: VAR_TYPE = 'support_data' and UNITS.strip() = ''.
  mms3_epd_feeps_srvy_l2_electron_bottom_sun_contamination_sensorid_4: VAR_TYPE = 'support_data' and UNITS.strip() = ''.
  mms3_epd_feeps_srvy_l2_electron_bottom_sun_contamination_sensorid_5: VAR_TYPE = 'support_data' and UNITS.strip() = ''.
  mms3_epd_feeps_srvy_l2_electron_bottom_sun_contamination_sensorid_9: VAR_TYPE = 'support_data' and UNITS.strip() = ''.
  mms3_epd_feeps_srvy_l2_electron_bottom_sun_contamination_sensorid_10: VAR_TYPE = 'support_data' and UNITS.strip() = ''.
  mms3_epd_feeps_srvy_l2_electron_bottom_sun_contamination_sensorid_11: VAR_TYPE = 'support_data' and UNITS.strip() = ''.
  mms3_epd_feeps_srvy_l2_electron_bottom_sun_contamination_sensorid_12: VAR_TYPE = 'support_data' and UNITS.strip() = ''.
  mms3_epd_feeps_srvy_l2_electron_top_percent_error_sensorid_1: VAR_TYPE = 'data' and UNITS.strip() = ''.
  mms3_epd_feeps_srvy_l2_electron_top_percent_error_sensorid_2: VAR_TYPE = 'data' and UNITS.strip() = ''.
  mms3_epd_feeps_srvy_l2_electron_top_percent_error_sensorid_3: VAR_TYPE = 'data' and UNITS.strip() = ''.
  mms3_epd_feeps_srvy_l2_electron_top_percent_error_sensorid_4: VAR_TYPE = 'data' and UNITS.strip() = ''.
  mms3_epd_feeps_srvy_l2_electron_top_percent_error_sensorid_5: VAR_TYPE = 'data' and UNITS.strip() = ''.
  mms3_epd_feeps_srvy_l2_electron_top_percent_error_sensorid_9: VAR_TYPE = 'data' and UNITS.strip() = ''.
  mms3_epd_feeps_srvy_l2_electron_top_percent_error_sensorid_10: VAR_TYPE = 'data' and UNITS.strip() = ''.
  mms3_epd_feeps_srvy_l2_electron_top_percent_error_sensorid_11: VAR_TYPE = 'data' and UNITS.strip() = ''.
  mms3_epd_feeps_srvy_l2_electron_top_percent_error_sensorid_12: VAR_TYPE = 'data' and UNITS.strip() = ''.
  mms3_epd_feeps_srvy_l2_electron_bottom_percent_error_sensorid_1: VAR_TYPE = 'data' and UNITS.strip() = ''.
  mms3_epd_feeps_srvy_l2_electron_bottom_percent_error_sensorid_2: VAR_TYPE = 'data' and UNITS.strip() = ''.
  mms3_epd_feeps_srvy_l2_electron_bottom_percent_error_sensorid_3: VAR_TYPE = 'data' and UNITS.strip() = ''.
  mms3_epd_feeps_srvy_l2_electron_bottom_percent_error_sensorid_4: VAR_TYPE = 'data' and UNITS.strip() = ''.
  mms3_epd_feeps_srvy_l2_electron_bottom_percent_error_sensorid_5: VAR_TYPE = 'data' and UNITS.strip() = ''.
  mms3_epd_feeps_srvy_l2_electron_bottom_percent_error_sensorid_9: VAR_TYPE = 'data' and UNITS.strip() = ''.
  mms3_epd_feeps_srvy_l2_electron_bottom_percent_error_sensorid_10: VAR_TYPE = 'data' and UNITS.strip() = ''.
  mms3_epd_feeps_srvy_l2_electron_bottom_percent_error_sensorid_11: VAR_TYPE = 'data' and UNITS.strip() = ''.
  mms3_epd_feeps_srvy_l2_electron_bottom_percent_error_sensorid_12: VAR_TYPE = 'data' and UNITS.strip() = ''.
  mms3_epd_feeps_srvy_l2_electron_spin: VAR_TYPE = 'support_data' and UNITS.strip() = ''.
  mms3_epd_feeps_srvy_l2_electron_integration_sectors: VAR_TYPE = 'support_data' and UNITS.strip() = ''.
  mms3_epd_feeps_srvy_l2_electron_scz_vec_gse: VAR_TYPE = 'support_data' and UNITS.strip() = ''.
  mms3_epd_feeps_srvy_l2_electron_scy_vec_gse: VAR_TYPE = 'support_data' and UNITS.strip() = ''.
  mms3_epd_feeps_srvy_l2_electron_scx_vec_gse: VAR_TYPE = 'support_data' and UNITS.strip() = ''.
MMS3_FEEPS_SRVY_L2_ION | ISTP.UNITS.Empty:
  epoch: VAR_TYPE = 'support_data' and UNITS.strip() = ''.
  mms3_epd_feeps_srvy_l2_ion_spinsectnum: VAR_TYPE = 'support_data' and UNITS.strip() = ''.
  mms3_epd_feeps_srvy_l2_ion_top_quality_indicator_sensorid_6: VAR_TYPE = 'data' and UNITS.strip() = ''.
  mms3_epd_feeps_srvy_l2_ion_top_quality_indicator_sensorid_7: VAR_TYPE = 'data' and UNITS.strip() = ''.
  mms3_epd_feeps_srvy_l2_ion_top_quality_indicator_sensorid_8: VAR_TYPE = 'data' and UNITS.strip() = ''.
  mms3_epd_feeps_srvy_l2_ion_bottom_quality_indicator_sensorid_6: VAR_TYPE = 'data' and UNITS.strip() = ''.
  mms3_epd_feeps_srvy_l2_ion_bottom_quality_indicator_sensorid_7: VAR_TYPE = 'data' and UNITS.strip() = ''.
  mms3_epd_feeps_srvy_l2_ion_bottom_quality_indicator_sensorid_8: VAR_TYPE = 'data' and UNITS.strip() = ''.
  mms3_epd_feeps_srvy_l2_ion_top_sector_mask_sensorid_6: VAR_TYPE = 'support_data' and UNITS.strip() = ''.
  mms3_epd_feeps_srvy_l2_ion_top_sector_mask_sensorid_7: VAR_TYPE = 'support_data' and UNITS.strip() = ''.
  mms3_epd_feeps_srvy_l2_ion_top_sector_mask_sensorid_8: VAR_TYPE = 'support_data' and UNITS.strip() = ''.
  mms3_epd_feeps_srvy_l2_ion_bottom_sector_mask_sensorid_6: VAR_TYPE = 'support_data' and UNITS.strip() = ''.
  mms3_epd_feeps_srvy_l2_ion_bottom_sector_mask_sensorid_7: VAR_TYPE = 'support_data' and UNITS.strip() = ''.
  mms3_epd_feeps_srvy_l2_ion_bottom_sector_mask_sensorid_8: VAR_TYPE = 'support_data' and UNITS.strip() = ''.
  mms3_epd_feeps_srvy_l2_ion_top_sun_contamination_sensorid_6: VAR_TYPE = 'support_data' and UNITS.strip() = ''.
  mms3_epd_feeps_srvy_l2_ion_top_sun_contamination_sensorid_7: VAR_TYPE = 'support_data' and UNITS.strip() = ''.
  mms3_epd_feeps_srvy_l2_ion_top_sun_contamination_sensorid_8: VAR_TYPE = 'support_data' and UNITS.strip() = ''.
  mms3_epd_feeps_srvy_l2_ion_bottom_sun_contamination_sensorid_6: VAR_TYPE = 'support_data' and UNITS.strip() = ''.
  mms3_epd_feeps_srvy_l2_ion_bottom_sun_contamination_sensorid_7: VAR_TYPE = 'support_data' and UNITS.strip() = ''.
  mms3_epd_feeps_srvy_l2_ion_bottom_sun_contamination_sensorid_8: VAR_TYPE = 'support_data' and UNITS.strip() = ''.
  mms3_epd_feeps_srvy_l2_ion_top_percent_error_sensorid_6: VAR_TYPE = 'data' and UNITS.strip() = ''.
  mms3_epd_feeps_srvy_l2_ion_top_percent_error_sensorid_7: VAR_TYPE = 'data' and UNITS.strip() = ''.
  mms3_epd_feeps_srvy_l2_ion_top_percent_error_sensorid_8: VAR_TYPE = 'data' and UNITS.strip() = ''.
  mms3_epd_feeps_srvy_l2_ion_bottom_percent_error_sensorid_6: VAR_TYPE = 'data' and UNITS.strip() = ''.
  mms3_epd_feeps_srvy_l2_ion_bottom_percent_error_sensorid_7: VAR_TYPE = 'data' and UNITS.strip() = ''.
  mms3_epd_feeps_srvy_l2_ion_bottom_percent_error_sensorid_8: VAR_TYPE = 'data' and UNITS.strip() = ''.
  mms3_epd_feeps_srvy_l2_ion_spin: VAR_TYPE = 'support_data' and UNITS.strip() = ''.
  mms3_epd_feeps_srvy_l2_ion_integration_sectors: VAR_TYPE = 'support_data' and UNITS.strip() = ''.
  mms3_epd_feeps_srvy_l2_ion_scz_vec_gse: VAR_TYPE = 'support_data' and UNITS.strip() = ''.
  mms3_epd_feeps_srvy_l2_ion_scy_vec_gse: VAR_TYPE = 'support_data' and UNITS.strip() = ''.
  mms3_epd_feeps_srvy_l2_ion_scx_vec_gse: VAR_TYPE = 'support_data' and UNITS.strip() = ''.
MMS3_FGM_BRST_L2 | ISTP.UNITS.Empty:
  mms3_fgm_hirange_brst_l2: VAR_TYPE = 'support_data' and UNITS.strip() = ''.
MMS3_FGM_SRVY_L2 | ISTP.UNITS.Empty:
  mms3_fgm_hirange_srvy_l2: VAR_TYPE = 'support_data' and UNITS.strip() = ''.
MMS3_HPCA_BRST_L2_ION | ISTP.UNITS.Empty:
  mms3_hpca_azimuth_decimation_factor: VAR_TYPE = 'support_data' and UNITS.strip() = ''.
  mms3_hpca_polar_decimation_factor: VAR_TYPE = 'support_data' and UNITS.strip() = ''.
  mms3_hpca_energy_decimation_factor: VAR_TYPE = 'support_data' and UNITS.strip() = ''.
  mms3_hpca_sweep_table_number: VAR_TYPE = 'support_data' and UNITS.strip() = ''.
  mms3_hpca_start_azimuth: VAR_TYPE = 'data' and UNITS.strip() = ''.
  mms3_hpca_science_mode: VAR_TYPE = 'data' and UNITS.strip() = ''.
  mms3_hpca_azimuth_index: VAR_TYPE = 'support_data' and UNITS.strip() = ''.
  mms3_hpca_energy_step_number: VAR_TYPE = 'support_data' and UNITS.strip() = ''.
  mms3_hpca_MCP_VMON_MIN_converted: VAR_TYPE = 'data' and UNITS.strip() = ''.
  mms3_hpca_TOF_VMON_MIN_converted: VAR_TYPE = 'data' and UNITS.strip() = ''.
  mms3_hpca_decimation_factor_index: VAR_TYPE = 'data' and UNITS.strip() = ''.
MMS3_HPCA_BRST_L2_MOMENTS | ISTP.UNITS.Empty:
  mms3_hpca_spin_number: VAR_TYPE = 'support_data' and UNITS.strip() = ''.
  mms3_hpca_sweep_table_number: VAR_TYPE = 'support_data' and UNITS.strip() = ''.
  mms3_hpca_science_mode: VAR_TYPE = 'support_data' and UNITS.strip() = ''.
  mms3_hpca_MCP_VMON_MIN_converted: VAR_TYPE = 'data' and UNITS.strip() = ''.
  mms3_hpca_TOF_VMON_MIN_converted: VAR_TYPE = 'data' and UNITS.strip() = ''.
MMS3_HPCA_SRVY_L2_ION | ISTP.UNITS.Empty:
  mms3_hpca_azimuth_decimation_factor: VAR_TYPE = 'support_data' and UNITS.strip() = ''.
  mms3_hpca_polar_decimation_factor: VAR_TYPE = 'support_data' and UNITS.strip() = ''.
  mms3_hpca_energy_decimation_factor: VAR_TYPE = 'support_data' and UNITS.strip() = ''.
  mms3_hpca_sweep_table_number: VAR_TYPE = 'support_data' and UNITS.strip() = ''.
  mms3_hpca_start_azimuth: VAR_TYPE = 'data' and UNITS.strip() = ''.
  mms3_hpca_science_mode: VAR_TYPE = 'data' and UNITS.strip() = ''.
  mms3_hpca_azimuth_index: VAR_TYPE = 'support_data' and UNITS.strip() = ''.
  mms3_hpca_energy_step_number: VAR_TYPE = 'support_data' and UNITS.strip() = ''.
  mms3_hpca_MCP_VMON_MIN_converted: VAR_TYPE = 'data' and UNITS.strip() = ''.
  mms3_hpca_TOF_VMON_MIN_converted: VAR_TYPE = 'data' and UNITS.strip() = ''.
  mms3_hpca_decimation_factor_index: VAR_TYPE = 'data' and UNITS.strip() = ''.
MMS3_HPCA_SRVY_L2_MOMENTS | ISTP.UNITS.Empty:
  mms3_hpca_spin_number: VAR_TYPE = 'support_data' and UNITS.strip() = ''.
  mms3_hpca_sweep_table_number: VAR_TYPE = 'support_data' and UNITS.strip() = ''.
  mms3_hpca_science_mode: VAR_TYPE = 'support_data' and UNITS.strip() = ''.
  mms3_hpca_MCP_VMON_MIN_converted: VAR_TYPE = 'data' and UNITS.strip() = ''.
  mms3_hpca_TOF_VMON_MIN_converted: VAR_TYPE = 'data' and UNITS.strip() = ''.
MMS3_HPCA_SRVY_L2_TOF-COUNTS | ISTP.UNITS.Empty:
  mms3_hpca_tof_counts: VAR_TYPE = 'data' and UNITS.strip() = ''.
  mms3_hpca_tof_counts_allA_atE: VAR_TYPE = 'data' and UNITS.strip() = ''.
  mms3_hpca_tof_counts_allE_atA: VAR_TYPE = 'data' and UNITS.strip() = ''.
MMS3_MEC_BRST_L2_EPHT89D | ISTP.UNITS.Empty:
  mms3_mec_l_dipole: VAR_TYPE = 'data' and UNITS.strip() = ''.
  mms3_mec_quat_eci_to_bcs: VAR_TYPE = 'data' and UNITS.strip() = ''.
  mms3_mec_quat_eci_to_dbcs: VAR_TYPE = 'data' and UNITS.strip() = ''.
  mms3_mec_quat_eci_to_dmpa: VAR_TYPE = 'data' and UNITS.strip() = ''.
  mms3_mec_quat_eci_to_smpa: VAR_TYPE = 'data' and UNITS.strip() = ''.
  mms3_mec_quat_eci_to_dsl: VAR_TYPE = 'data' and UNITS.strip() = ''.
  mms3_mec_quat_eci_to_ssl: VAR_TYPE = 'data' and UNITS.strip() = ''.
  mms3_mec_kp: VAR_TYPE = 'data' and UNITS.strip() = ''.
  mms3_mec_earth_eclipse_flag: VAR_TYPE = 'data' and UNITS.strip() = ''.
  mms3_mec_moon_eclipse_flag: VAR_TYPE = 'data' and UNITS.strip() = ''.
  mms3_mec_quat_eci_to_gsm: VAR_TYPE = 'data' and UNITS.strip() = ''.
  mms3_mec_quat_eci_to_geo: VAR_TYPE = 'data' and UNITS.strip() = ''.
  mms3_mec_quat_eci_to_sm: VAR_TYPE = 'data' and UNITS.strip() = ''.
  mms3_mec_quat_eci_to_gse: VAR_TYPE = 'data' and UNITS.strip() = ''.
  mms3_mec_quat_eci_to_gse2000: VAR_TYPE = 'data' and UNITS.strip() = ''.
  mms3_mec_fieldline_type: VAR_TYPE = 'data' and UNITS.strip() = ''.
MMS3_MEC_BRST_L2_EPHT89Q | ISTP.UNITS.Empty:
  mms3_mec_l_dipole: VAR_TYPE = 'data' and UNITS.strip() = ''.
  mms3_mec_quat_eci_to_bcs: VAR_TYPE = 'data' and UNITS.strip() = ''.
  mms3_mec_quat_eci_to_dbcs: VAR_TYPE = 'data' and UNITS.strip() = ''.
  mms3_mec_quat_eci_to_dmpa: VAR_TYPE = 'data' and UNITS.strip() = ''.
  mms3_mec_quat_eci_to_smpa: VAR_TYPE = 'data' and UNITS.strip() = ''.
  mms3_mec_quat_eci_to_dsl: VAR_TYPE = 'data' and UNITS.strip() = ''.
  mms3_mec_quat_eci_to_ssl: VAR_TYPE = 'data' and UNITS.strip() = ''.
  mms3_mec_kp: VAR_TYPE = 'data' and UNITS.strip() = ''.
  mms3_mec_earth_eclipse_flag: VAR_TYPE = 'data' and UNITS.strip() = ''.
  mms3_mec_moon_eclipse_flag: VAR_TYPE = 'data' and UNITS.strip() = ''.
  mms3_mec_quat_eci_to_gsm: VAR_TYPE = 'data' and UNITS.strip() = ''.
  mms3_mec_quat_eci_to_geo: VAR_TYPE = 'data' and UNITS.strip() = ''.
  mms3_mec_quat_eci_to_sm: VAR_TYPE = 'data' and UNITS.strip() = ''.
  mms3_mec_quat_eci_to_gse: VAR_TYPE = 'data' and UNITS.strip() = ''.
  mms3_mec_quat_eci_to_gse2000: VAR_TYPE = 'data' and UNITS.strip() = ''.
  mms3_mec_fieldline_type: VAR_TYPE = 'data' and UNITS.strip() = ''.
MMS3_MEC_BRST_L2_EPHTS04D | ISTP.UNITS.Empty:
  mms3_mec_l_dipole: VAR_TYPE = 'data' and UNITS.strip() = ''.
  mms3_mec_quat_eci_to_bcs: VAR_TYPE = 'data' and UNITS.strip() = ''.
  mms3_mec_quat_eci_to_dbcs: VAR_TYPE = 'data' and UNITS.strip() = ''.
  mms3_mec_quat_eci_to_dmpa: VAR_TYPE = 'data' and UNITS.strip() = ''.
  mms3_mec_quat_eci_to_smpa: VAR_TYPE = 'data' and UNITS.strip() = ''.
  mms3_mec_quat_eci_to_dsl: VAR_TYPE = 'data' and UNITS.strip() = ''.
  mms3_mec_quat_eci_to_ssl: VAR_TYPE = 'data' and UNITS.strip() = ''.
  mms3_mec_kp: VAR_TYPE = 'data' and UNITS.strip() = ''.
  mms3_mec_earth_eclipse_flag: VAR_TYPE = 'data' and UNITS.strip() = ''.
  mms3_mec_moon_eclipse_flag: VAR_TYPE = 'data' and UNITS.strip() = ''.
  mms3_mec_quat_eci_to_gsm: VAR_TYPE = 'data' and UNITS.strip() = ''.
  mms3_mec_quat_eci_to_geo: VAR_TYPE = 'data' and UNITS.strip() = ''.
  mms3_mec_quat_eci_to_sm: VAR_TYPE = 'data' and UNITS.strip() = ''.
  mms3_mec_quat_eci_to_gse: VAR_TYPE = 'data' and UNITS.strip() = ''.
  mms3_mec_quat_eci_to_gse2000: VAR_TYPE = 'data' and UNITS.strip() = ''.
  mms3_mec_fieldline_type: VAR_TYPE = 'data' and UNITS.strip() = ''.
MMS3_MEC_SRVY_L2_EPHT89D | ISTP.UNITS.Empty:
  mms3_mec_l_dipole: VAR_TYPE = 'data' and UNITS.strip() = ''.
  mms3_mec_quat_eci_to_bcs: VAR_TYPE = 'data' and UNITS.strip() = ''.
  mms3_mec_quat_eci_to_dbcs: VAR_TYPE = 'data' and UNITS.strip() = ''.
  mms3_mec_quat_eci_to_dmpa: VAR_TYPE = 'data' and UNITS.strip() = ''.
  mms3_mec_quat_eci_to_smpa: VAR_TYPE = 'data' and UNITS.strip() = ''.
  mms3_mec_quat_eci_to_dsl: VAR_TYPE = 'data' and UNITS.strip() = ''.
  mms3_mec_quat_eci_to_ssl: VAR_TYPE = 'data' and UNITS.strip() = ''.
  mms3_mec_kp: VAR_TYPE = 'data' and UNITS.strip() = ''.
  mms3_mec_earth_eclipse_flag: VAR_TYPE = 'data' and UNITS.strip() = ''.
  mms3_mec_moon_eclipse_flag: VAR_TYPE = 'data' and UNITS.strip() = ''.
  mms3_mec_quat_eci_to_gsm: VAR_TYPE = 'data' and UNITS.strip() = ''.
  mms3_mec_quat_eci_to_geo: VAR_TYPE = 'data' and UNITS.strip() = ''.
  mms3_mec_quat_eci_to_sm: VAR_TYPE = 'data' and UNITS.strip() = ''.
  mms3_mec_quat_eci_to_gse: VAR_TYPE = 'data' and UNITS.strip() = ''.
  mms3_mec_quat_eci_to_gse2000: VAR_TYPE = 'data' and UNITS.strip() = ''.
  mms3_mec_fieldline_type: VAR_TYPE = 'data' and UNITS.strip() = ''.
MMS3_MEC_SRVY_L2_EPHT89Q | ISTP.UNITS.Empty:
  mms3_mec_l_dipole: VAR_TYPE = 'data' and UNITS.strip() = ''.
  mms3_mec_quat_eci_to_bcs: VAR_TYPE = 'data' and UNITS.strip() = ''.
  mms3_mec_quat_eci_to_dbcs: VAR_TYPE = 'data' and UNITS.strip() = ''.
  mms3_mec_quat_eci_to_dmpa: VAR_TYPE = 'data' and UNITS.strip() = ''.
  mms3_mec_quat_eci_to_smpa: VAR_TYPE = 'data' and UNITS.strip() = ''.
  mms3_mec_quat_eci_to_dsl: VAR_TYPE = 'data' and UNITS.strip() = ''.
  mms3_mec_quat_eci_to_ssl: VAR_TYPE = 'data' and UNITS.strip() = ''.
  mms3_mec_kp: VAR_TYPE = 'data' and UNITS.strip() = ''.
  mms3_mec_earth_eclipse_flag: VAR_TYPE = 'data' and UNITS.strip() = ''.
  mms3_mec_moon_eclipse_flag: VAR_TYPE = 'data' and UNITS.strip() = ''.
  mms3_mec_quat_eci_to_gsm: VAR_TYPE = 'data' and UNITS.strip() = ''.
  mms3_mec_quat_eci_to_geo: VAR_TYPE = 'data' and UNITS.strip() = ''.
  mms3_mec_quat_eci_to_sm: VAR_TYPE = 'data' and UNITS.strip() = ''.
  mms3_mec_quat_eci_to_gse: VAR_TYPE = 'data' and UNITS.strip() = ''.
  mms3_mec_quat_eci_to_gse2000: VAR_TYPE = 'data' and UNITS.strip() = ''.
  mms3_mec_fieldline_type: VAR_TYPE = 'data' and UNITS.strip() = ''.
MMS3_MEC_SRVY_L2_EPHTS04D | ISTP.UNITS.Empty:
  mms3_mec_l_dipole: VAR_TYPE = 'data' and UNITS.strip() = ''.
  mms3_mec_quat_eci_to_bcs: VAR_TYPE = 'data' and UNITS.strip() = ''.
  mms3_mec_quat_eci_to_dbcs: VAR_TYPE = 'data' and UNITS.strip() = ''.
  mms3_mec_quat_eci_to_dmpa: VAR_TYPE = 'data' and UNITS.strip() = ''.
  mms3_mec_quat_eci_to_smpa: VAR_TYPE = 'data' and UNITS.strip() = ''.
  mms3_mec_quat_eci_to_dsl: VAR_TYPE = 'data' and UNITS.strip() = ''.
  mms3_mec_quat_eci_to_ssl: VAR_TYPE = 'data' and UNITS.strip() = ''.
  mms3_mec_kp: VAR_TYPE = 'data' and UNITS.strip() = ''.
  mms3_mec_earth_eclipse_flag: VAR_TYPE = 'data' and UNITS.strip() = ''.
  mms3_mec_moon_eclipse_flag: VAR_TYPE = 'data' and UNITS.strip() = ''.
  mms3_mec_quat_eci_to_gsm: VAR_TYPE = 'data' and UNITS.strip() = ''.
  mms3_mec_quat_eci_to_geo: VAR_TYPE = 'data' and UNITS.strip() = ''.
  mms3_mec_quat_eci_to_sm: VAR_TYPE = 'data' and UNITS.strip() = ''.
  mms3_mec_quat_eci_to_gse: VAR_TYPE = 'data' and UNITS.strip() = ''.
  mms3_mec_quat_eci_to_gse2000: VAR_TYPE = 'data' and UNITS.strip() = ''.
  mms3_mec_fieldline_type: VAR_TYPE = 'data' and UNITS.strip() = ''.
MMS4_ASPOC_SRVY_L2 | ISTP.UNITS.Empty:
  mms4_aspoc_status: VAR_TYPE = 'data' and UNITS.strip() = ''.
MMS4_EDP_BRST_L2_DCE | ISTP.UNITS.Empty:
  mms4_edp_bitmask_brst_l2: VAR_TYPE = 'support_data' and UNITS.strip() = ''.
MMS4_EDP_BRST_L2_SCPOT | ISTP.UNITS.Empty:
  mms4_edp_bitmask_brst_l2: VAR_TYPE = 'support_data' and UNITS.strip() = ''.
  mms4_edp_quality_brst_l2: VAR_TYPE = 'support_data' and UNITS.strip() = ''.
MMS4_EDP_FAST_L2_DCE | ISTP.UNITS.Empty:
  mms4_edp_bitmask_fast_l2: VAR_TYPE = 'support_data' and UNITS.strip() = ''.
MMS4_EDP_FAST_L2_SCPOT | ISTP.UNITS.Empty:
  mms4_edp_bitmask_fast_l2: VAR_TYPE = 'support_data' and UNITS.strip() = ''.
  mms4_edp_quality_fast_l2: VAR_TYPE = 'support_data' and UNITS.strip() = ''.
MMS4_EDP_SLOW_L2_DCE | ISTP.UNITS.Empty:
  mms4_edp_bitmask_slow_l2: VAR_TYPE = 'support_data' and UNITS.strip() = ''.
MMS4_EDP_SLOW_L2_SCPOT | ISTP.UNITS.Empty:
  mms4_edp_bitmask_slow_l2: VAR_TYPE = 'support_data' and UNITS.strip() = ''.
  mms4_edp_quality_slow_l2: VAR_TYPE = 'support_data' and UNITS.strip() = ''.
MMS4_EPD-EIS_BRST_L2_EXTOF | ISTP.UNITS.Empty:
  mms4_epd_eis_brst_l2_extof_proton_P5_counts_t0: VAR_TYPE = 'data' and UNITS.strip() = ''.
  mms4_epd_eis_brst_l2_extof_proton_P5_counts_t1: VAR_TYPE = 'data' and UNITS.strip() = ''.
  mms4_epd_eis_brst_l2_extof_proton_P5_counts_t2: VAR_TYPE = 'data' and UNITS.strip() = ''.
  mms4_epd_eis_brst_l2_extof_proton_P5_counts_t3: VAR_TYPE = 'data' and UNITS.strip() = ''.
  mms4_epd_eis_brst_l2_extof_proton_P5_counts_t4: VAR_TYPE = 'data' and UNITS.strip() = ''.
  mms4_epd_eis_brst_l2_extof_proton_P5_counts_t5: VAR_TYPE = 'data' and UNITS.strip() = ''.
  mms4_epd_eis_brst_l2_extof_oxygen_P5_counts_t0: VAR_TYPE = 'data' and UNITS.strip() = ''.
  mms4_epd_eis_brst_l2_extof_oxygen_P5_counts_t1: VAR_TYPE = 'data' and UNITS.strip() = ''.
  mms4_epd_eis_brst_l2_extof_oxygen_P5_counts_t2: VAR_TYPE = 'data' and UNITS.strip() = ''.
  mms4_epd_eis_brst_l2_extof_oxygen_P5_counts_t3: VAR_TYPE = 'data' and UNITS.strip() = ''.
  mms4_epd_eis_brst_l2_extof_oxygen_P5_counts_t4: VAR_TYPE = 'data' and UNITS.strip() = ''.
  mms4_epd_eis_brst_l2_extof_oxygen_P5_counts_t5: VAR_TYPE = 'data' and UNITS.strip() = ''.
  mms4_epd_eis_brst_l2_extof_helium_P5_counts_t0: VAR_TYPE = 'data' and UNITS.strip() = ''.
  mms4_epd_eis_brst_l2_extof_helium_P5_counts_t1: VAR_TYPE = 'data' and UNITS.strip() = ''.
  mms4_epd_eis_brst_l2_extof_helium_P5_counts_t2: VAR_TYPE = 'data' and UNITS.strip() = ''.
  mms4_epd_eis_brst_l2_extof_helium_P5_counts_t3: VAR_TYPE = 'data' and UNITS.strip() = ''.
  mms4_epd_eis_brst_l2_extof_helium_P5_counts_t4: VAR_TYPE = 'data' and UNITS.strip() = ''.
  mms4_epd_eis_brst_l2_extof_helium_P5_counts_t5: VAR_TYPE = 'data' and UNITS.strip() = ''.
MMS4_EPD-EIS_BRST_L2_PHXTOF | ISTP.UNITS.Empty:
  mms4_epd_eis_brst_l2_phxtof_proton_P5_counts_t0: VAR_TYPE = 'data' and UNITS.strip() = ''.
  mms4_epd_eis_brst_l2_phxtof_proton_P5_counts_t1: VAR_TYPE = 'data' and UNITS.strip() = ''.
  mms4_epd_eis_brst_l2_phxtof_proton_P5_counts_t2: VAR_TYPE = 'data' and UNITS.strip() = ''.
  mms4_epd_eis_brst_l2_phxtof_proton_P5_counts_t3: VAR_TYPE = 'data' and UNITS.strip() = ''.
  mms4_epd_eis_brst_l2_phxtof_proton_P5_counts_t4: VAR_TYPE = 'data' and UNITS.strip() = ''.
  mms4_epd_eis_brst_l2_phxtof_proton_P5_counts_t5: VAR_TYPE = 'data' and UNITS.strip() = ''.
  mms4_epd_eis_brst_l2_phxtof_oxygen_P5_counts_t0: VAR_TYPE = 'data' and UNITS.strip() = ''.
  mms4_epd_eis_brst_l2_phxtof_oxygen_P5_counts_t1: VAR_TYPE = 'data' and UNITS.strip() = ''.
  mms4_epd_eis_brst_l2_phxtof_oxygen_P5_counts_t2: VAR_TYPE = 'data' and UNITS.strip() = ''.
  mms4_epd_eis_brst_l2_phxtof_oxygen_P5_counts_t3: VAR_TYPE = 'data' and UNITS.strip() = ''.
  mms4_epd_eis_brst_l2_phxtof_oxygen_P5_counts_t4: VAR_TYPE = 'data' and UNITS.strip() = ''.
  mms4_epd_eis_brst_l2_phxtof_oxygen_P5_counts_t5: VAR_TYPE = 'data' and UNITS.strip() = ''.
MMS4_EPD-EIS_SRVY_L2_ELECTRONENERGY | ISTP.UNITS.Empty:
  mms4_epd_eis_srvy_l2_electronenergy_electron_P5_counts_t0: VAR_TYPE = 'data' and UNITS.strip() = ''.
  mms4_epd_eis_srvy_l2_electronenergy_electron_P5_counts_t1: VAR_TYPE = 'data' and UNITS.strip() = ''.
  mms4_epd_eis_srvy_l2_electronenergy_electron_P5_counts_t2: VAR_TYPE = 'data' and UNITS.strip() = ''.
  mms4_epd_eis_srvy_l2_electronenergy_electron_P5_counts_t3: VAR_TYPE = 'data' and UNITS.strip() = ''.
  mms4_epd_eis_srvy_l2_electronenergy_electron_P5_counts_t4: VAR_TYPE = 'data' and UNITS.strip() = ''.
  mms4_epd_eis_srvy_l2_electronenergy_electron_P5_counts_t5: VAR_TYPE = 'data' and UNITS.strip() = ''.
MMS4_EPD-EIS_SRVY_L2_EXTOF | ISTP.UNITS.Empty:
  mms4_epd_eis_srvy_l2_extof_proton_P5_counts_t0: VAR_TYPE = 'data' and UNITS.strip() = ''.
  mms4_epd_eis_srvy_l2_extof_proton_P5_counts_t1: VAR_TYPE = 'data' and UNITS.strip() = ''.
  mms4_epd_eis_srvy_l2_extof_proton_P5_counts_t2: VAR_TYPE = 'data' and UNITS.strip() = ''.
  mms4_epd_eis_srvy_l2_extof_proton_P5_counts_t3: VAR_TYPE = 'data' and UNITS.strip() = ''.
  mms4_epd_eis_srvy_l2_extof_proton_P5_counts_t4: VAR_TYPE = 'data' and UNITS.strip() = ''.
  mms4_epd_eis_srvy_l2_extof_proton_P5_counts_t5: VAR_TYPE = 'data' and UNITS.strip() = ''.
  mms4_epd_eis_srvy_l2_extof_oxygen_P5_counts_t0: VAR_TYPE = 'data' and UNITS.strip() = ''.
  mms4_epd_eis_srvy_l2_extof_oxygen_P5_counts_t1: VAR_TYPE = 'data' and UNITS.strip() = ''.
  mms4_epd_eis_srvy_l2_extof_oxygen_P5_counts_t2: VAR_TYPE = 'data' and UNITS.strip() = ''.
  mms4_epd_eis_srvy_l2_extof_oxygen_P5_counts_t3: VAR_TYPE = 'data' and UNITS.strip() = ''.
  mms4_epd_eis_srvy_l2_extof_oxygen_P5_counts_t4: VAR_TYPE = 'data' and UNITS.strip() = ''.
  mms4_epd_eis_srvy_l2_extof_oxygen_P5_counts_t5: VAR_TYPE = 'data' and UNITS.strip() = ''.
  mms4_epd_eis_srvy_l2_extof_helium_P5_counts_t0: VAR_TYPE = 'data' and UNITS.strip() = ''.
  mms4_epd_eis_srvy_l2_extof_helium_P5_counts_t1: VAR_TYPE = 'data' and UNITS.strip() = ''.
  mms4_epd_eis_srvy_l2_extof_helium_P5_counts_t2: VAR_TYPE = 'data' and UNITS.strip() = ''.
  mms4_epd_eis_srvy_l2_extof_helium_P5_counts_t3: VAR_TYPE = 'data' and UNITS.strip() = ''.
  mms4_epd_eis_srvy_l2_extof_helium_P5_counts_t4: VAR_TYPE = 'data' and UNITS.strip() = ''.
  mms4_epd_eis_srvy_l2_extof_helium_P5_counts_t5: VAR_TYPE = 'data' and UNITS.strip() = ''.
MMS4_EPD-EIS_SRVY_L2_PHXTOF | ISTP.UNITS.Empty:
  mms4_epd_eis_srvy_l2_phxtof_proton_P5_counts_t0: VAR_TYPE = 'data' and UNITS.strip() = ''.
  mms4_epd_eis_srvy_l2_phxtof_proton_P5_counts_t1: VAR_TYPE = 'data' and UNITS.strip() = ''.
  mms4_epd_eis_srvy_l2_phxtof_proton_P5_counts_t2: VAR_TYPE = 'data' and UNITS.strip() = ''.
  mms4_epd_eis_srvy_l2_phxtof_proton_P5_counts_t3: VAR_TYPE = 'data' and UNITS.strip() = ''.
  mms4_epd_eis_srvy_l2_phxtof_proton_P5_counts_t4: VAR_TYPE = 'data' and UNITS.strip() = ''.
  mms4_epd_eis_srvy_l2_phxtof_proton_P5_counts_t5: VAR_TYPE = 'data' and UNITS.strip() = ''.
  mms4_epd_eis_srvy_l2_phxtof_oxygen_P5_counts_t0: VAR_TYPE = 'data' and UNITS.strip() = ''.
  mms4_epd_eis_srvy_l2_phxtof_oxygen_P5_counts_t1: VAR_TYPE = 'data' and UNITS.strip() = ''.
  mms4_epd_eis_srvy_l2_phxtof_oxygen_P5_counts_t2: VAR_TYPE = 'data' and UNITS.strip() = ''.
  mms4_epd_eis_srvy_l2_phxtof_oxygen_P5_counts_t3: VAR_TYPE = 'data' and UNITS.strip() = ''.
  mms4_epd_eis_srvy_l2_phxtof_oxygen_P5_counts_t4: VAR_TYPE = 'data' and UNITS.strip() = ''.
  mms4_epd_eis_srvy_l2_phxtof_oxygen_P5_counts_t5: VAR_TYPE = 'data' and UNITS.strip() = ''.
  mms4_epd_eis_srvy_l2_phxtof_oxygen_P4_counts_t0: VAR_TYPE = 'data' and UNITS.strip() = ''.
  mms4_epd_eis_srvy_l2_phxtof_oxygen_P4_counts_t1: VAR_TYPE = 'data' and UNITS.strip() = ''.
  mms4_epd_eis_srvy_l2_phxtof_oxygen_P4_counts_t2: VAR_TYPE = 'data' and UNITS.strip() = ''.
  mms4_epd_eis_srvy_l2_phxtof_oxygen_P4_counts_t3: VAR_TYPE = 'data' and UNITS.strip() = ''.
  mms4_epd_eis_srvy_l2_phxtof_oxygen_P4_counts_t4: VAR_TYPE = 'data' and UNITS.strip() = ''.
  mms4_epd_eis_srvy_l2_phxtof_oxygen_P4_counts_t5: VAR_TYPE = 'data' and UNITS.strip() = ''.
MMS4_FEEPS_BRST_L2_ELECTRON | ISTP.UNITS.Empty:
  epoch: VAR_TYPE = 'support_data' and UNITS.strip() = ''.
  mms4_epd_feeps_brst_l2_electron_spinsectnum: VAR_TYPE = 'support_data' and UNITS.strip() = ''.
  mms4_epd_feeps_brst_l2_electron_top_quality_indicator_sensorid_1: VAR_TYPE = 'data' and UNITS.strip() = ''.
  mms4_epd_feeps_brst_l2_electron_top_quality_indicator_sensorid_2: VAR_TYPE = 'data' and UNITS.strip() = ''.
  mms4_epd_feeps_brst_l2_electron_top_quality_indicator_sensorid_3: VAR_TYPE = 'data' and UNITS.strip() = ''.
  mms4_epd_feeps_brst_l2_electron_top_quality_indicator_sensorid_4: VAR_TYPE = 'data' and UNITS.strip() = ''.
  mms4_epd_feeps_brst_l2_electron_top_quality_indicator_sensorid_5: VAR_TYPE = 'data' and UNITS.strip() = ''.
  mms4_epd_feeps_brst_l2_electron_top_quality_indicator_sensorid_9: VAR_TYPE = 'data' and UNITS.strip() = ''.
  mms4_epd_feeps_brst_l2_electron_top_quality_indicator_sensorid_10: VAR_TYPE = 'data' and UNITS.strip() = ''.
  mms4_epd_feeps_brst_l2_electron_top_quality_indicator_sensorid_11: VAR_TYPE = 'data' and UNITS.strip() = ''.
  mms4_epd_feeps_brst_l2_electron_top_quality_indicator_sensorid_12: VAR_TYPE = 'data' and UNITS.strip() = ''.
  mms4_epd_feeps_brst_l2_electron_bottom_quality_indicator_sensorid_1: VAR_TYPE = 'data' and UNITS.strip() = ''.
  mms4_epd_feeps_brst_l2_electron_bottom_quality_indicator_sensorid_2: VAR_TYPE = 'data' and UNITS.strip() = ''.
  mms4_epd_feeps_brst_l2_electron_bottom_quality_indicator_sensorid_3: VAR_TYPE = 'data' and UNITS.strip() = ''.
  mms4_epd_feeps_brst_l2_electron_bottom_quality_indicator_sensorid_4: VAR_TYPE = 'data' and UNITS.strip() = ''.
  mms4_epd_feeps_brst_l2_electron_bottom_quality_indicator_sensorid_5: VAR_TYPE = 'data' and UNITS.strip() = ''.
  mms4_epd_feeps_brst_l2_electron_bottom_quality_indicator_sensorid_9: VAR_TYPE = 'data' and UNITS.strip() = ''.
  mms4_epd_feeps_brst_l2_electron_bottom_quality_indicator_sensorid_10: VAR_TYPE = 'data' and UNITS.strip() = ''.
  mms4_epd_feeps_brst_l2_electron_bottom_quality_indicator_sensorid_11: VAR_TYPE = 'data' and UNITS.strip() = ''.
  mms4_epd_feeps_brst_l2_electron_bottom_quality_indicator_sensorid_12: VAR_TYPE = 'data' and UNITS.strip() = ''.
  mms4_epd_feeps_brst_l2_electron_top_sector_mask_sensorid_1: VAR_TYPE = 'support_data' and UNITS.strip() = ''.
  mms4_epd_feeps_brst_l2_electron_top_sector_mask_sensorid_2: VAR_TYPE = 'support_data' and UNITS.strip() = ''.
  mms4_epd_feeps_brst_l2_electron_top_sector_mask_sensorid_3: VAR_TYPE = 'support_data' and UNITS.strip() = ''.
  mms4_epd_feeps_brst_l2_electron_top_sector_mask_sensorid_4: VAR_TYPE = 'support_data' and UNITS.strip() = ''.
  mms4_epd_feeps_brst_l2_electron_top_sector_mask_sensorid_5: VAR_TYPE = 'support_data' and UNITS.strip() = ''.
  mms4_epd_feeps_brst_l2_electron_top_sector_mask_sensorid_9: VAR_TYPE = 'support_data' and UNITS.strip() = ''.
  mms4_epd_feeps_brst_l2_electron_top_sector_mask_sensorid_10: VAR_TYPE = 'support_data' and UNITS.strip() = ''.
  mms4_epd_feeps_brst_l2_electron_top_sector_mask_sensorid_11: VAR_TYPE = 'support_data' and UNITS.strip() = ''.
  mms4_epd_feeps_brst_l2_electron_top_sector_mask_sensorid_12: VAR_TYPE = 'support_data' and UNITS.strip() = ''.
  mms4_epd_feeps_brst_l2_electron_bottom_sector_mask_sensorid_1: VAR_TYPE = 'support_data' and UNITS.strip() = ''.
  mms4_epd_feeps_brst_l2_electron_bottom_sector_mask_sensorid_2: VAR_TYPE = 'support_data' and UNITS.strip() = ''.
  mms4_epd_feeps_brst_l2_electron_bottom_sector_mask_sensorid_3: VAR_TYPE = 'support_data' and UNITS.strip() = ''.
  mms4_epd_feeps_brst_l2_electron_bottom_sector_mask_sensorid_4: VAR_TYPE = 'support_data' and UNITS.strip() = ''.
  mms4_epd_feeps_brst_l2_electron_bottom_sector_mask_sensorid_5: VAR_TYPE = 'support_data' and UNITS.strip() = ''.
  mms4_epd_feeps_brst_l2_electron_bottom_sector_mask_sensorid_9: VAR_TYPE = 'support_data' and UNITS.strip() = ''.
  mms4_epd_feeps_brst_l2_electron_bottom_sector_mask_sensorid_10: VAR_TYPE = 'support_data' and UNITS.strip() = ''.
  mms4_epd_feeps_brst_l2_electron_bottom_sector_mask_sensorid_11: VAR_TYPE = 'support_data' and UNITS.strip() = ''.
  mms4_epd_feeps_brst_l2_electron_bottom_sector_mask_sensorid_12: VAR_TYPE = 'support_data' and UNITS.strip() = ''.
  mms4_epd_feeps_brst_l2_electron_top_sun_contamination_sensorid_1: VAR_TYPE = 'support_data' and UNITS.strip() = ''.
  mms4_epd_feeps_brst_l2_electron_top_sun_contamination_sensorid_2: VAR_TYPE = 'support_data' and UNITS.strip() = ''.
  mms4_epd_feeps_brst_l2_electron_top_sun_contamination_sensorid_3: VAR_TYPE = 'support_data' and UNITS.strip() = ''.
  mms4_epd_feeps_brst_l2_electron_top_sun_contamination_sensorid_4: VAR_TYPE = 'support_data' and UNITS.strip() = ''.
  mms4_epd_feeps_brst_l2_electron_top_sun_contamination_sensorid_5: VAR_TYPE = 'support_data' and UNITS.strip() = ''.
  mms4_epd_feeps_brst_l2_electron_top_sun_contamination_sensorid_9: VAR_TYPE = 'support_data' and UNITS.strip() = ''.
  mms4_epd_feeps_brst_l2_electron_top_sun_contamination_sensorid_10: VAR_TYPE = 'support_data' and UNITS.strip() = ''.
  mms4_epd_feeps_brst_l2_electron_top_sun_contamination_sensorid_11: VAR_TYPE = 'support_data' and UNITS.strip() = ''.
  mms4_epd_feeps_brst_l2_electron_top_sun_contamination_sensorid_12: VAR_TYPE = 'support_data' and UNITS.strip() = ''.
  mms4_epd_feeps_brst_l2_electron_bottom_sun_contamination_sensorid_1: VAR_TYPE = 'support_data' and UNITS.strip() = ''.
  mms4_epd_feeps_brst_l2_electron_bottom_sun_contamination_sensorid_2: VAR_TYPE = 'support_data' and UNITS.strip() = ''.
  mms4_epd_feeps_brst_l2_electron_bottom_sun_contamination_sensorid_3: VAR_TYPE = 'support_data' and UNITS.strip() = ''.
  mms4_epd_feeps_brst_l2_electron_bottom_sun_contamination_sensorid_4: VAR_TYPE = 'support_data' and UNITS.strip() = ''.
  mms4_epd_feeps_brst_l2_electron_bottom_sun_contamination_sensorid_5: VAR_TYPE = 'support_data' and UNITS.strip() = ''.
  mms4_epd_feeps_brst_l2_electron_bottom_sun_contamination_sensorid_9: VAR_TYPE = 'support_data' and UNITS.strip() = ''.
  mms4_epd_feeps_brst_l2_electron_bottom_sun_contamination_sensorid_10: VAR_TYPE = 'support_data' and UNITS.strip() = ''.
  mms4_epd_feeps_brst_l2_electron_bottom_sun_contamination_sensorid_11: VAR_TYPE = 'support_data' and UNITS.strip() = ''.
  mms4_epd_feeps_brst_l2_electron_bottom_sun_contamination_sensorid_12: VAR_TYPE = 'support_data' and UNITS.strip() = ''.
  mms4_epd_feeps_brst_l2_electron_top_percent_error_sensorid_1: VAR_TYPE = 'data' and UNITS.strip() = ''.
  mms4_epd_feeps_brst_l2_electron_top_percent_error_sensorid_2: VAR_TYPE = 'data' and UNITS.strip() = ''.
  mms4_epd_feeps_brst_l2_electron_top_percent_error_sensorid_3: VAR_TYPE = 'data' and UNITS.strip() = ''.
  mms4_epd_feeps_brst_l2_electron_top_percent_error_sensorid_4: VAR_TYPE = 'data' and UNITS.strip() = ''.
  mms4_epd_feeps_brst_l2_electron_top_percent_error_sensorid_5: VAR_TYPE = 'data' and UNITS.strip() = ''.
  mms4_epd_feeps_brst_l2_electron_top_percent_error_sensorid_9: VAR_TYPE = 'data' and UNITS.strip() = ''.
  mms4_epd_feeps_brst_l2_electron_top_percent_error_sensorid_10: VAR_TYPE = 'data' and UNITS.strip() = ''.
  mms4_epd_feeps_brst_l2_electron_top_percent_error_sensorid_11: VAR_TYPE = 'data' and UNITS.strip() = ''.
  mms4_epd_feeps_brst_l2_electron_top_percent_error_sensorid_12: VAR_TYPE = 'data' and UNITS.strip() = ''.
  mms4_epd_feeps_brst_l2_electron_bottom_percent_error_sensorid_1: VAR_TYPE = 'data' and UNITS.strip() = ''.
  mms4_epd_feeps_brst_l2_electron_bottom_percent_error_sensorid_2: VAR_TYPE = 'data' and UNITS.strip() = ''.
  mms4_epd_feeps_brst_l2_electron_bottom_percent_error_sensorid_3: VAR_TYPE = 'data' and UNITS.strip() = ''.
  mms4_epd_feeps_brst_l2_electron_bottom_percent_error_sensorid_4: VAR_TYPE = 'data' and UNITS.strip() = ''.
  mms4_epd_feeps_brst_l2_electron_bottom_percent_error_sensorid_5: VAR_TYPE = 'data' and UNITS.strip() = ''.
  mms4_epd_feeps_brst_l2_electron_bottom_percent_error_sensorid_9: VAR_TYPE = 'data' and UNITS.strip() = ''.
  mms4_epd_feeps_brst_l2_electron_bottom_percent_error_sensorid_10: VAR_TYPE = 'data' and UNITS.strip() = ''.
  mms4_epd_feeps_brst_l2_electron_bottom_percent_error_sensorid_11: VAR_TYPE = 'data' and UNITS.strip() = ''.
  mms4_epd_feeps_brst_l2_electron_bottom_percent_error_sensorid_12: VAR_TYPE = 'data' and UNITS.strip() = ''.
  mms4_epd_feeps_brst_l2_electron_spin: VAR_TYPE = 'support_data' and UNITS.strip() = ''.
  mms4_epd_feeps_brst_l2_electron_integration_sectors: VAR_TYPE = 'support_data' and UNITS.strip() = ''.
  mms4_epd_feeps_brst_l2_electron_scz_vec_gse: VAR_TYPE = 'support_data' and UNITS.strip() = ''.
  mms4_epd_feeps_brst_l2_electron_scy_vec_gse: VAR_TYPE = 'support_data' and UNITS.strip() = ''.
  mms4_epd_feeps_brst_l2_electron_scx_vec_gse: VAR_TYPE = 'support_data' and UNITS.strip() = ''.
MMS4_FEEPS_BRST_L2_ION | ISTP.UNITS.Empty:
  epoch: VAR_TYPE = 'support_data' and UNITS.strip() = ''.
  mms4_epd_feeps_brst_l2_ion_spinsectnum: VAR_TYPE = 'support_data' and UNITS.strip() = ''.
  mms4_epd_feeps_brst_l2_ion_top_quality_indicator_sensorid_6: VAR_TYPE = 'data' and UNITS.strip() = ''.
  mms4_epd_feeps_brst_l2_ion_top_quality_indicator_sensorid_7: VAR_TYPE = 'data' and UNITS.strip() = ''.
  mms4_epd_feeps_brst_l2_ion_top_quality_indicator_sensorid_8: VAR_TYPE = 'data' and UNITS.strip() = ''.
  mms4_epd_feeps_brst_l2_ion_bottom_quality_indicator_sensorid_6: VAR_TYPE = 'data' and UNITS.strip() = ''.
  mms4_epd_feeps_brst_l2_ion_bottom_quality_indicator_sensorid_7: VAR_TYPE = 'data' and UNITS.strip() = ''.
  mms4_epd_feeps_brst_l2_ion_bottom_quality_indicator_sensorid_8: VAR_TYPE = 'data' and UNITS.strip() = ''.
  mms4_epd_feeps_brst_l2_ion_top_sector_mask_sensorid_6: VAR_TYPE = 'support_data' and UNITS.strip() = ''.
  mms4_epd_feeps_brst_l2_ion_top_sector_mask_sensorid_7: VAR_TYPE = 'support_data' and UNITS.strip() = ''.
  mms4_epd_feeps_brst_l2_ion_top_sector_mask_sensorid_8: VAR_TYPE = 'support_data' and UNITS.strip() = ''.
  mms4_epd_feeps_brst_l2_ion_bottom_sector_mask_sensorid_6: VAR_TYPE = 'support_data' and UNITS.strip() = ''.
  mms4_epd_feeps_brst_l2_ion_bottom_sector_mask_sensorid_7: VAR_TYPE = 'support_data' and UNITS.strip() = ''.
  mms4_epd_feeps_brst_l2_ion_bottom_sector_mask_sensorid_8: VAR_TYPE = 'support_data' and UNITS.strip() = ''.
  mms4_epd_feeps_brst_l2_ion_top_sun_contamination_sensorid_6: VAR_TYPE = 'support_data' and UNITS.strip() = ''.
  mms4_epd_feeps_brst_l2_ion_top_sun_contamination_sensorid_7: VAR_TYPE = 'support_data' and UNITS.strip() = ''.
  mms4_epd_feeps_brst_l2_ion_top_sun_contamination_sensorid_8: VAR_TYPE = 'support_data' and UNITS.strip() = ''.
  mms4_epd_feeps_brst_l2_ion_bottom_sun_contamination_sensorid_6: VAR_TYPE = 'support_data' and UNITS.strip() = ''.
  mms4_epd_feeps_brst_l2_ion_bottom_sun_contamination_sensorid_7: VAR_TYPE = 'support_data' and UNITS.strip() = ''.
  mms4_epd_feeps_brst_l2_ion_bottom_sun_contamination_sensorid_8: VAR_TYPE = 'support_data' and UNITS.strip() = ''.
  mms4_epd_feeps_brst_l2_ion_top_percent_error_sensorid_6: VAR_TYPE = 'data' and UNITS.strip() = ''.
  mms4_epd_feeps_brst_l2_ion_top_percent_error_sensorid_7: VAR_TYPE = 'data' and UNITS.strip() = ''.
  mms4_epd_feeps_brst_l2_ion_top_percent_error_sensorid_8: VAR_TYPE = 'data' and UNITS.strip() = ''.
  mms4_epd_feeps_brst_l2_ion_bottom_percent_error_sensorid_6: VAR_TYPE = 'data' and UNITS.strip() = ''.
  mms4_epd_feeps_brst_l2_ion_bottom_percent_error_sensorid_7: VAR_TYPE = 'data' and UNITS.strip() = ''.
  mms4_epd_feeps_brst_l2_ion_bottom_percent_error_sensorid_8: VAR_TYPE = 'data' and UNITS.strip() = ''.
  mms4_epd_feeps_brst_l2_ion_spin: VAR_TYPE = 'support_data' and UNITS.strip() = ''.
  mms4_epd_feeps_brst_l2_ion_integration_sectors: VAR_TYPE = 'support_data' and UNITS.strip() = ''.
  mms4_epd_feeps_brst_l2_ion_scz_vec_gse: VAR_TYPE = 'support_data' and UNITS.strip() = ''.
  mms4_epd_feeps_brst_l2_ion_scy_vec_gse: VAR_TYPE = 'support_data' and UNITS.strip() = ''.
  mms4_epd_feeps_brst_l2_ion_scx_vec_gse: VAR_TYPE = 'support_data' and UNITS.strip() = ''.
MMS4_FEEPS_SRVY_L2_ELECTRON | ISTP.UNITS.Empty:
  epoch: VAR_TYPE = 'support_data' and UNITS.strip() = ''.
  mms4_epd_feeps_srvy_l2_electron_spinsectnum: VAR_TYPE = 'support_data' and UNITS.strip() = ''.
  mms4_epd_feeps_srvy_l2_electron_top_quality_indicator_sensorid_1: VAR_TYPE = 'data' and UNITS.strip() = ''.
  mms4_epd_feeps_srvy_l2_electron_top_quality_indicator_sensorid_2: VAR_TYPE = 'data' and UNITS.strip() = ''.
  mms4_epd_feeps_srvy_l2_electron_top_quality_indicator_sensorid_3: VAR_TYPE = 'data' and UNITS.strip() = ''.
  mms4_epd_feeps_srvy_l2_electron_top_quality_indicator_sensorid_4: VAR_TYPE = 'data' and UNITS.strip() = ''.
  mms4_epd_feeps_srvy_l2_electron_top_quality_indicator_sensorid_5: VAR_TYPE = 'data' and UNITS.strip() = ''.
  mms4_epd_feeps_srvy_l2_electron_top_quality_indicator_sensorid_9: VAR_TYPE = 'data' and UNITS.strip() = ''.
  mms4_epd_feeps_srvy_l2_electron_top_quality_indicator_sensorid_10: VAR_TYPE = 'data' and UNITS.strip() = ''.
  mms4_epd_feeps_srvy_l2_electron_top_quality_indicator_sensorid_11: VAR_TYPE = 'data' and UNITS.strip() = ''.
  mms4_epd_feeps_srvy_l2_electron_top_quality_indicator_sensorid_12: VAR_TYPE = 'data' and UNITS.strip() = ''.
  mms4_epd_feeps_srvy_l2_electron_bottom_quality_indicator_sensorid_1: VAR_TYPE = 'data' and UNITS.strip() = ''.
  mms4_epd_feeps_srvy_l2_electron_bottom_quality_indicator_sensorid_2: VAR_TYPE = 'data' and UNITS.strip() = ''.
  mms4_epd_feeps_srvy_l2_electron_bottom_quality_indicator_sensorid_3: VAR_TYPE = 'data' and UNITS.strip() = ''.
  mms4_epd_feeps_srvy_l2_electron_bottom_quality_indicator_sensorid_4: VAR_TYPE = 'data' and UNITS.strip() = ''.
  mms4_epd_feeps_srvy_l2_electron_bottom_quality_indicator_sensorid_5: VAR_TYPE = 'data' and UNITS.strip() = ''.
  mms4_epd_feeps_srvy_l2_electron_bottom_quality_indicator_sensorid_9: VAR_TYPE = 'data' and UNITS.strip() = ''.
  mms4_epd_feeps_srvy_l2_electron_bottom_quality_indicator_sensorid_10: VAR_TYPE = 'data' and UNITS.strip() = ''.
  mms4_epd_feeps_srvy_l2_electron_bottom_quality_indicator_sensorid_11: VAR_TYPE = 'data' and UNITS.strip() = ''.
  mms4_epd_feeps_srvy_l2_electron_bottom_quality_indicator_sensorid_12: VAR_TYPE = 'data' and UNITS.strip() = ''.
  mms4_epd_feeps_srvy_l2_electron_top_sector_mask_sensorid_1: VAR_TYPE = 'support_data' and UNITS.strip() = ''.
  mms4_epd_feeps_srvy_l2_electron_top_sector_mask_sensorid_2: VAR_TYPE = 'support_data' and UNITS.strip() = ''.
  mms4_epd_feeps_srvy_l2_electron_top_sector_mask_sensorid_3: VAR_TYPE = 'support_data' and UNITS.strip() = ''.
  mms4_epd_feeps_srvy_l2_electron_top_sector_mask_sensorid_4: VAR_TYPE = 'support_data' and UNITS.strip() = ''.
  mms4_epd_feeps_srvy_l2_electron_top_sector_mask_sensorid_5: VAR_TYPE = 'support_data' and UNITS.strip() = ''.
  mms4_epd_feeps_srvy_l2_electron_top_sector_mask_sensorid_9: VAR_TYPE = 'support_data' and UNITS.strip() = ''.
  mms4_epd_feeps_srvy_l2_electron_top_sector_mask_sensorid_10: VAR_TYPE = 'support_data' and UNITS.strip() = ''.
  mms4_epd_feeps_srvy_l2_electron_top_sector_mask_sensorid_11: VAR_TYPE = 'support_data' and UNITS.strip() = ''.
  mms4_epd_feeps_srvy_l2_electron_top_sector_mask_sensorid_12: VAR_TYPE = 'support_data' and UNITS.strip() = ''.
  mms4_epd_feeps_srvy_l2_electron_bottom_sector_mask_sensorid_1: VAR_TYPE = 'support_data' and UNITS.strip() = ''.
  mms4_epd_feeps_srvy_l2_electron_bottom_sector_mask_sensorid_2: VAR_TYPE = 'support_data' and UNITS.strip() = ''.
  mms4_epd_feeps_srvy_l2_electron_bottom_sector_mask_sensorid_3: VAR_TYPE = 'support_data' and UNITS.strip() = ''.
  mms4_epd_feeps_srvy_l2_electron_bottom_sector_mask_sensorid_4: VAR_TYPE = 'support_data' and UNITS.strip() = ''.
  mms4_epd_feeps_srvy_l2_electron_bottom_sector_mask_sensorid_5: VAR_TYPE = 'support_data' and UNITS.strip() = ''.
  mms4_epd_feeps_srvy_l2_electron_bottom_sector_mask_sensorid_9: VAR_TYPE = 'support_data' and UNITS.strip() = ''.
  mms4_epd_feeps_srvy_l2_electron_bottom_sector_mask_sensorid_10: VAR_TYPE = 'support_data' and UNITS.strip() = ''.
  mms4_epd_feeps_srvy_l2_electron_bottom_sector_mask_sensorid_11: VAR_TYPE = 'support_data' and UNITS.strip() = ''.
  mms4_epd_feeps_srvy_l2_electron_bottom_sector_mask_sensorid_12: VAR_TYPE = 'support_data' and UNITS.strip() = ''.
  mms4_epd_feeps_srvy_l2_electron_top_sun_contamination_sensorid_1: VAR_TYPE = 'support_data' and UNITS.strip() = ''.
  mms4_epd_feeps_srvy_l2_electron_top_sun_contamination_sensorid_2: VAR_TYPE = 'support_data' and UNITS.strip() = ''.
  mms4_epd_feeps_srvy_l2_electron_top_sun_contamination_sensorid_3: VAR_TYPE = 'support_data' and UNITS.strip() = ''.
  mms4_epd_feeps_srvy_l2_electron_top_sun_contamination_sensorid_4: VAR_TYPE = 'support_data' and UNITS.strip() = ''.
  mms4_epd_feeps_srvy_l2_electron_top_sun_contamination_sensorid_5: VAR_TYPE = 'support_data' and UNITS.strip() = ''.
  mms4_epd_feeps_srvy_l2_electron_top_sun_contamination_sensorid_9: VAR_TYPE = 'support_data' and UNITS.strip() = ''.
  mms4_epd_feeps_srvy_l2_electron_top_sun_contamination_sensorid_10: VAR_TYPE = 'support_data' and UNITS.strip() = ''.
  mms4_epd_feeps_srvy_l2_electron_top_sun_contamination_sensorid_11: VAR_TYPE = 'support_data' and UNITS.strip() = ''.
  mms4_epd_feeps_srvy_l2_electron_top_sun_contamination_sensorid_12: VAR_TYPE = 'support_data' and UNITS.strip() = ''.
  mms4_epd_feeps_srvy_l2_electron_bottom_sun_contamination_sensorid_1: VAR_TYPE = 'support_data' and UNITS.strip() = ''.
  mms4_epd_feeps_srvy_l2_electron_bottom_sun_contamination_sensorid_2: VAR_TYPE = 'support_data' and UNITS.strip() = ''.
  mms4_epd_feeps_srvy_l2_electron_bottom_sun_contamination_sensorid_3: VAR_TYPE = 'support_data' and UNITS.strip() = ''.
  mms4_epd_feeps_srvy_l2_electron_bottom_sun_contamination_sensorid_4: VAR_TYPE = 'support_data' and UNITS.strip() = ''.
  mms4_epd_feeps_srvy_l2_electron_bottom_sun_contamination_sensorid_5: VAR_TYPE = 'support_data' and UNITS.strip() = ''.
  mms4_epd_feeps_srvy_l2_electron_bottom_sun_contamination_sensorid_9: VAR_TYPE = 'support_data' and UNITS.strip() = ''.
  mms4_epd_feeps_srvy_l2_electron_bottom_sun_contamination_sensorid_10: VAR_TYPE = 'support_data' and UNITS.strip() = ''.
  mms4_epd_feeps_srvy_l2_electron_bottom_sun_contamination_sensorid_11: VAR_TYPE = 'support_data' and UNITS.strip() = ''.
  mms4_epd_feeps_srvy_l2_electron_bottom_sun_contamination_sensorid_12: VAR_TYPE = 'support_data' and UNITS.strip() = ''.
  mms4_epd_feeps_srvy_l2_electron_top_percent_error_sensorid_1: VAR_TYPE = 'data' and UNITS.strip() = ''.
  mms4_epd_feeps_srvy_l2_electron_top_percent_error_sensorid_2: VAR_TYPE = 'data' and UNITS.strip() = ''.
  mms4_epd_feeps_srvy_l2_electron_top_percent_error_sensorid_3: VAR_TYPE = 'data' and UNITS.strip() = ''.
  mms4_epd_feeps_srvy_l2_electron_top_percent_error_sensorid_4: VAR_TYPE = 'data' and UNITS.strip() = ''.
  mms4_epd_feeps_srvy_l2_electron_top_percent_error_sensorid_5: VAR_TYPE = 'data' and UNITS.strip() = ''.
  mms4_epd_feeps_srvy_l2_electron_top_percent_error_sensorid_9: VAR_TYPE = 'data' and UNITS.strip() = ''.
  mms4_epd_feeps_srvy_l2_electron_top_percent_error_sensorid_10: VAR_TYPE = 'data' and UNITS.strip() = ''.
  mms4_epd_feeps_srvy_l2_electron_top_percent_error_sensorid_11: VAR_TYPE = 'data' and UNITS.strip() = ''.
  mms4_epd_feeps_srvy_l2_electron_top_percent_error_sensorid_12: VAR_TYPE = 'data' and UNITS.strip() = ''.
  mms4_epd_feeps_srvy_l2_electron_bottom_percent_error_sensorid_1: VAR_TYPE = 'data' and UNITS.strip() = ''.
  mms4_epd_feeps_srvy_l2_electron_bottom_percent_error_sensorid_2: VAR_TYPE = 'data' and UNITS.strip() = ''.
  mms4_epd_feeps_srvy_l2_electron_bottom_percent_error_sensorid_3: VAR_TYPE = 'data' and UNITS.strip() = ''.
  mms4_epd_feeps_srvy_l2_electron_bottom_percent_error_sensorid_4: VAR_TYPE = 'data' and UNITS.strip() = ''.
  mms4_epd_feeps_srvy_l2_electron_bottom_percent_error_sensorid_5: VAR_TYPE = 'data' and UNITS.strip() = ''.
  mms4_epd_feeps_srvy_l2_electron_bottom_percent_error_sensorid_9: VAR_TYPE = 'data' and UNITS.strip() = ''.
  mms4_epd_feeps_srvy_l2_electron_bottom_percent_error_sensorid_10: VAR_TYPE = 'data' and UNITS.strip() = ''.
  mms4_epd_feeps_srvy_l2_electron_bottom_percent_error_sensorid_11: VAR_TYPE = 'data' and UNITS.strip() = ''.
  mms4_epd_feeps_srvy_l2_electron_bottom_percent_error_sensorid_12: VAR_TYPE = 'data' and UNITS.strip() = ''.
  mms4_epd_feeps_srvy_l2_electron_spin: VAR_TYPE = 'support_data' and UNITS.strip() = ''.
  mms4_epd_feeps_srvy_l2_electron_integration_sectors: VAR_TYPE = 'support_data' and UNITS.strip() = ''.
  mms4_epd_feeps_srvy_l2_electron_scz_vec_gse: VAR_TYPE = 'support_data' and UNITS.strip() = ''.
  mms4_epd_feeps_srvy_l2_electron_scy_vec_gse: VAR_TYPE = 'support_data' and UNITS.strip() = ''.
  mms4_epd_feeps_srvy_l2_electron_scx_vec_gse: VAR_TYPE = 'support_data' and UNITS.strip() = ''.
MMS4_FEEPS_SRVY_L2_ION | ISTP.UNITS.Empty:
  epoch: VAR_TYPE = 'support_data' and UNITS.strip() = ''.
  mms4_epd_feeps_srvy_l2_ion_spinsectnum: VAR_TYPE = 'support_data' and UNITS.strip() = ''.
  mms4_epd_feeps_srvy_l2_ion_top_quality_indicator_sensorid_6: VAR_TYPE = 'data' and UNITS.strip() = ''.
  mms4_epd_feeps_srvy_l2_ion_top_quality_indicator_sensorid_7: VAR_TYPE = 'data' and UNITS.strip() = ''.
  mms4_epd_feeps_srvy_l2_ion_top_quality_indicator_sensorid_8: VAR_TYPE = 'data' and UNITS.strip() = ''.
  mms4_epd_feeps_srvy_l2_ion_bottom_quality_indicator_sensorid_6: VAR_TYPE = 'data' and UNITS.strip() = ''.
  mms4_epd_feeps_srvy_l2_ion_bottom_quality_indicator_sensorid_7: VAR_TYPE = 'data' and UNITS.strip() = ''.
  mms4_epd_feeps_srvy_l2_ion_bottom_quality_indicator_sensorid_8: VAR_TYPE = 'data' and UNITS.strip() = ''.
  mms4_epd_feeps_srvy_l2_ion_top_sector_mask_sensorid_6: VAR_TYPE = 'support_data' and UNITS.strip() = ''.
  mms4_epd_feeps_srvy_l2_ion_top_sector_mask_sensorid_7: VAR_TYPE = 'support_data' and UNITS.strip() = ''.
  mms4_epd_feeps_srvy_l2_ion_top_sector_mask_sensorid_8: VAR_TYPE = 'support_data' and UNITS.strip() = ''.
  mms4_epd_feeps_srvy_l2_ion_bottom_sector_mask_sensorid_6: VAR_TYPE = 'support_data' and UNITS.strip() = ''.
  mms4_epd_feeps_srvy_l2_ion_bottom_sector_mask_sensorid_7: VAR_TYPE = 'support_data' and UNITS.strip() = ''.
  mms4_epd_feeps_srvy_l2_ion_bottom_sector_mask_sensorid_8: VAR_TYPE = 'support_data' and UNITS.strip() = ''.
  mms4_epd_feeps_srvy_l2_ion_top_sun_contamination_sensorid_6: VAR_TYPE = 'support_data' and UNITS.strip() = ''.
  mms4_epd_feeps_srvy_l2_ion_top_sun_contamination_sensorid_7: VAR_TYPE = 'support_data' and UNITS.strip() = ''.
  mms4_epd_feeps_srvy_l2_ion_top_sun_contamination_sensorid_8: VAR_TYPE = 'support_data' and UNITS.strip() = ''.
  mms4_epd_feeps_srvy_l2_ion_bottom_sun_contamination_sensorid_6: VAR_TYPE = 'support_data' and UNITS.strip() = ''.
  mms4_epd_feeps_srvy_l2_ion_bottom_sun_contamination_sensorid_7: VAR_TYPE = 'support_data' and UNITS.strip() = ''.
  mms4_epd_feeps_srvy_l2_ion_bottom_sun_contamination_sensorid_8: VAR_TYPE = 'support_data' and UNITS.strip() = ''.
  mms4_epd_feeps_srvy_l2_ion_top_percent_error_sensorid_6: VAR_TYPE = 'data' and UNITS.strip() = ''.
  mms4_epd_feeps_srvy_l2_ion_top_percent_error_sensorid_7: VAR_TYPE = 'data' and UNITS.strip() = ''.
  mms4_epd_feeps_srvy_l2_ion_top_percent_error_sensorid_8: VAR_TYPE = 'data' and UNITS.strip() = ''.
  mms4_epd_feeps_srvy_l2_ion_bottom_percent_error_sensorid_6: VAR_TYPE = 'data' and UNITS.strip() = ''.
  mms4_epd_feeps_srvy_l2_ion_bottom_percent_error_sensorid_7: VAR_TYPE = 'data' and UNITS.strip() = ''.
  mms4_epd_feeps_srvy_l2_ion_bottom_percent_error_sensorid_8: VAR_TYPE = 'data' and UNITS.strip() = ''.
  mms4_epd_feeps_srvy_l2_ion_spin: VAR_TYPE = 'support_data' and UNITS.strip() = ''.
  mms4_epd_feeps_srvy_l2_ion_integration_sectors: VAR_TYPE = 'support_data' and UNITS.strip() = ''.
  mms4_epd_feeps_srvy_l2_ion_scz_vec_gse: VAR_TYPE = 'support_data' and UNITS.strip() = ''.
  mms4_epd_feeps_srvy_l2_ion_scy_vec_gse: VAR_TYPE = 'support_data' and UNITS.strip() = ''.
  mms4_epd_feeps_srvy_l2_ion_scx_vec_gse: VAR_TYPE = 'support_data' and UNITS.strip() = ''.
MMS4_FGM_BRST_L2 | ISTP.UNITS.Empty:
  mms4_fgm_hirange_brst_l2: VAR_TYPE = 'support_data' and UNITS.strip() = ''.
MMS4_FGM_SRVY_L2 | ISTP.UNITS.Empty:
  mms4_fgm_hirange_srvy_l2: VAR_TYPE = 'support_data' and UNITS.strip() = ''.
MMS4_HPCA_BRST_L2_ION | ISTP.UNITS.Empty:
  mms4_hpca_azimuth_decimation_factor: VAR_TYPE = 'support_data' and UNITS.strip() = ''.
  mms4_hpca_polar_decimation_factor: VAR_TYPE = 'support_data' and UNITS.strip() = ''.
  mms4_hpca_energy_decimation_factor: VAR_TYPE = 'support_data' and UNITS.strip() = ''.
  mms4_hpca_sweep_table_number: VAR_TYPE = 'support_data' and UNITS.strip() = ''.
  mms4_hpca_start_azimuth: VAR_TYPE = 'data' and UNITS.strip() = ''.
  mms4_hpca_science_mode: VAR_TYPE = 'data' and UNITS.strip() = ''.
  mms4_hpca_azimuth_index: VAR_TYPE = 'support_data' and UNITS.strip() = ''.
  mms4_hpca_energy_step_number: VAR_TYPE = 'support_data' and UNITS.strip() = ''.
  mms4_hpca_MCP_VMON_MIN_converted: VAR_TYPE = 'data' and UNITS.strip() = ''.
  mms4_hpca_TOF_VMON_MIN_converted: VAR_TYPE = 'data' and UNITS.strip() = ''.
  mms4_hpca_decimation_factor_index: VAR_TYPE = 'data' and UNITS.strip() = ''.
MMS4_HPCA_BRST_L2_MOMENTS | ISTP.UNITS.Empty:
  mms4_hpca_spin_number: VAR_TYPE = 'support_data' and UNITS.strip() = ''.
  mms4_hpca_sweep_table_number: VAR_TYPE = 'support_data' and UNITS.strip() = ''.
  mms4_hpca_science_mode: VAR_TYPE = 'support_data' and UNITS.strip() = ''.
  mms4_hpca_MCP_VMON_MIN_converted: VAR_TYPE = 'data' and UNITS.strip() = ''.
  mms4_hpca_TOF_VMON_MIN_converted: VAR_TYPE = 'data' and UNITS.strip() = ''.
MMS4_HPCA_SRVY_L2_ION | ISTP.UNITS.Empty:
  mms4_hpca_azimuth_decimation_factor: VAR_TYPE = 'support_data' and UNITS.strip() = ''.
  mms4_hpca_polar_decimation_factor: VAR_TYPE = 'support_data' and UNITS.strip() = ''.
  mms4_hpca_energy_decimation_factor: VAR_TYPE = 'support_data' and UNITS.strip() = ''.
  mms4_hpca_sweep_table_number: VAR_TYPE = 'support_data' and UNITS.strip() = ''.
  mms4_hpca_start_azimuth: VAR_TYPE = 'data' and UNITS.strip() = ''.
  mms4_hpca_science_mode: VAR_TYPE = 'data' and UNITS.strip() = ''.
  mms4_hpca_azimuth_index: VAR_TYPE = 'support_data' and UNITS.strip() = ''.
  mms4_hpca_energy_step_number: VAR_TYPE = 'support_data' and UNITS.strip() = ''.
  mms4_hpca_MCP_VMON_MIN_converted: VAR_TYPE = 'data' and UNITS.strip() = ''.
  mms4_hpca_TOF_VMON_MIN_converted: VAR_TYPE = 'data' and UNITS.strip() = ''.
  mms4_hpca_decimation_factor_index: VAR_TYPE = 'data' and UNITS.strip() = ''.
MMS4_HPCA_SRVY_L2_MOMENTS | ISTP.UNITS.Empty:
  mms4_hpca_spin_number: VAR_TYPE = 'support_data' and UNITS.strip() = ''.
  mms4_hpca_sweep_table_number: VAR_TYPE = 'support_data' and UNITS.strip() = ''.
  mms4_hpca_science_mode: VAR_TYPE = 'support_data' and UNITS.strip() = ''.
  mms4_hpca_MCP_VMON_MIN_converted: VAR_TYPE = 'data' and UNITS.strip() = ''.
  mms4_hpca_TOF_VMON_MIN_converted: VAR_TYPE = 'data' and UNITS.strip() = ''.
MMS4_HPCA_SRVY_L2_TOF-COUNTS | ISTP.UNITS.Empty:
  mms4_hpca_tof_counts: VAR_TYPE = 'data' and UNITS.strip() = ''.
  mms4_hpca_tof_counts_allA_atE: VAR_TYPE = 'data' and UNITS.strip() = ''.
  mms4_hpca_tof_counts_allE_atA: VAR_TYPE = 'data' and UNITS.strip() = ''.
MMS4_MEC_BRST_L2_EPHT89D | ISTP.UNITS.Empty:
  mms4_mec_l_dipole: VAR_TYPE = 'data' and UNITS.strip() = ''.
  mms4_mec_quat_eci_to_bcs: VAR_TYPE = 'data' and UNITS.strip() = ''.
  mms4_mec_quat_eci_to_dbcs: VAR_TYPE = 'data' and UNITS.strip() = ''.
  mms4_mec_quat_eci_to_dmpa: VAR_TYPE = 'data' and UNITS.strip() = ''.
  mms4_mec_quat_eci_to_smpa: VAR_TYPE = 'data' and UNITS.strip() = ''.
  mms4_mec_quat_eci_to_dsl: VAR_TYPE = 'data' and UNITS.strip() = ''.
  mms4_mec_quat_eci_to_ssl: VAR_TYPE = 'data' and UNITS.strip() = ''.
  mms4_mec_kp: VAR_TYPE = 'data' and UNITS.strip() = ''.
  mms4_mec_earth_eclipse_flag: VAR_TYPE = 'data' and UNITS.strip() = ''.
  mms4_mec_moon_eclipse_flag: VAR_TYPE = 'data' and UNITS.strip() = ''.
  mms4_mec_quat_eci_to_gsm: VAR_TYPE = 'data' and UNITS.strip() = ''.
  mms4_mec_quat_eci_to_geo: VAR_TYPE = 'data' and UNITS.strip() = ''.
  mms4_mec_quat_eci_to_sm: VAR_TYPE = 'data' and UNITS.strip() = ''.
  mms4_mec_quat_eci_to_gse: VAR_TYPE = 'data' and UNITS.strip() = ''.
  mms4_mec_quat_eci_to_gse2000: VAR_TYPE = 'data' and UNITS.strip() = ''.
  mms4_mec_fieldline_type: VAR_TYPE = 'data' and UNITS.strip() = ''.
MMS4_MEC_BRST_L2_EPHT89Q | ISTP.UNITS.Empty:
  mms4_mec_l_dipole: VAR_TYPE = 'data' and UNITS.strip() = ''.
  mms4_mec_quat_eci_to_bcs: VAR_TYPE = 'data' and UNITS.strip() = ''.
  mms4_mec_quat_eci_to_dbcs: VAR_TYPE = 'data' and UNITS.strip() = ''.
  mms4_mec_quat_eci_to_dmpa: VAR_TYPE = 'data' and UNITS.strip() = ''.
  mms4_mec_quat_eci_to_smpa: VAR_TYPE = 'data' and UNITS.strip() = ''.
  mms4_mec_quat_eci_to_dsl: VAR_TYPE = 'data' and UNITS.strip() = ''.
  mms4_mec_quat_eci_to_ssl: VAR_TYPE = 'data' and UNITS.strip() = ''.
  mms4_mec_kp: VAR_TYPE = 'data' and UNITS.strip() = ''.
  mms4_mec_earth_eclipse_flag: VAR_TYPE = 'data' and UNITS.strip() = ''.
  mms4_mec_moon_eclipse_flag: VAR_TYPE = 'data' and UNITS.strip() = ''.
  mms4_mec_quat_eci_to_gsm: VAR_TYPE = 'data' and UNITS.strip() = ''.
  mms4_mec_quat_eci_to_geo: VAR_TYPE = 'data' and UNITS.strip() = ''.
  mms4_mec_quat_eci_to_sm: VAR_TYPE = 'data' and UNITS.strip() = ''.
  mms4_mec_quat_eci_to_gse: VAR_TYPE = 'data' and UNITS.strip() = ''.
  mms4_mec_quat_eci_to_gse2000: VAR_TYPE = 'data' and UNITS.strip() = ''.
  mms4_mec_fieldline_type: VAR_TYPE = 'data' and UNITS.strip() = ''.
MMS4_MEC_BRST_L2_EPHTS04D | ISTP.UNITS.Empty:
  mms4_mec_l_dipole: VAR_TYPE = 'data' and UNITS.strip() = ''.
  mms4_mec_quat_eci_to_bcs: VAR_TYPE = 'data' and UNITS.strip() = ''.
  mms4_mec_quat_eci_to_dbcs: VAR_TYPE = 'data' and UNITS.strip() = ''.
  mms4_mec_quat_eci_to_dmpa: VAR_TYPE = 'data' and UNITS.strip() = ''.
  mms4_mec_quat_eci_to_smpa: VAR_TYPE = 'data' and UNITS.strip() = ''.
  mms4_mec_quat_eci_to_dsl: VAR_TYPE = 'data' and UNITS.strip() = ''.
  mms4_mec_quat_eci_to_ssl: VAR_TYPE = 'data' and UNITS.strip() = ''.
  mms4_mec_kp: VAR_TYPE = 'data' and UNITS.strip() = ''.
  mms4_mec_earth_eclipse_flag: VAR_TYPE = 'data' and UNITS.strip() = ''.
  mms4_mec_moon_eclipse_flag: VAR_TYPE = 'data' and UNITS.strip() = ''.
  mms4_mec_quat_eci_to_gsm: VAR_TYPE = 'data' and UNITS.strip() = ''.
  mms4_mec_quat_eci_to_geo: VAR_TYPE = 'data' and UNITS.strip() = ''.
  mms4_mec_quat_eci_to_sm: VAR_TYPE = 'data' and UNITS.strip() = ''.
  mms4_mec_quat_eci_to_gse: VAR_TYPE = 'data' and UNITS.strip() = ''.
  mms4_mec_quat_eci_to_gse2000: VAR_TYPE = 'data' and UNITS.strip() = ''.
  mms4_mec_fieldline_type: VAR_TYPE = 'data' and UNITS.strip() = ''.
MMS4_MEC_SRVY_L2_EPHT89D | ISTP.UNITS.Empty:
  mms4_mec_l_dipole: VAR_TYPE = 'data' and UNITS.strip() = ''.
  mms4_mec_quat_eci_to_bcs: VAR_TYPE = 'data' and UNITS.strip() = ''.
  mms4_mec_quat_eci_to_dbcs: VAR_TYPE = 'data' and UNITS.strip() = ''.
  mms4_mec_quat_eci_to_dmpa: VAR_TYPE = 'data' and UNITS.strip() = ''.
  mms4_mec_quat_eci_to_smpa: VAR_TYPE = 'data' and UNITS.strip() = ''.
  mms4_mec_quat_eci_to_dsl: VAR_TYPE = 'data' and UNITS.strip() = ''.
  mms4_mec_quat_eci_to_ssl: VAR_TYPE = 'data' and UNITS.strip() = ''.
  mms4_mec_kp: VAR_TYPE = 'data' and UNITS.strip() = ''.
  mms4_mec_earth_eclipse_flag: VAR_TYPE = 'data' and UNITS.strip() = ''.
  mms4_mec_moon_eclipse_flag: VAR_TYPE = 'data' and UNITS.strip() = ''.
  mms4_mec_quat_eci_to_gsm: VAR_TYPE = 'data' and UNITS.strip() = ''.
  mms4_mec_quat_eci_to_geo: VAR_TYPE = 'data' and UNITS.strip() = ''.
  mms4_mec_quat_eci_to_sm: VAR_TYPE = 'data' and UNITS.strip() = ''.
  mms4_mec_quat_eci_to_gse: VAR_TYPE = 'data' and UNITS.strip() = ''.
  mms4_mec_quat_eci_to_gse2000: VAR_TYPE = 'data' and UNITS.strip() = ''.
  mms4_mec_fieldline_type: VAR_TYPE = 'data' and UNITS.strip() = ''.
MMS4_MEC_SRVY_L2_EPHT89Q | ISTP.UNITS.Empty:
  mms4_mec_l_dipole: VAR_TYPE = 'data' and UNITS.strip() = ''.
  mms4_mec_quat_eci_to_bcs: VAR_TYPE = 'data' and UNITS.strip() = ''.
  mms4_mec_quat_eci_to_dbcs: VAR_TYPE = 'data' and UNITS.strip() = ''.
  mms4_mec_quat_eci_to_dmpa: VAR_TYPE = 'data' and UNITS.strip() = ''.
  mms4_mec_quat_eci_to_smpa: VAR_TYPE = 'data' and UNITS.strip() = ''.
  mms4_mec_quat_eci_to_dsl: VAR_TYPE = 'data' and UNITS.strip() = ''.
  mms4_mec_quat_eci_to_ssl: VAR_TYPE = 'data' and UNITS.strip() = ''.
  mms4_mec_kp: VAR_TYPE = 'data' and UNITS.strip() = ''.
  mms4_mec_earth_eclipse_flag: VAR_TYPE = 'data' and UNITS.strip() = ''.
  mms4_mec_moon_eclipse_flag: VAR_TYPE = 'data' and UNITS.strip() = ''.
  mms4_mec_quat_eci_to_gsm: VAR_TYPE = 'data' and UNITS.strip() = ''.
  mms4_mec_quat_eci_to_geo: VAR_TYPE = 'data' and UNITS.strip() = ''.
  mms4_mec_quat_eci_to_sm: VAR_TYPE = 'data' and UNITS.strip() = ''.
  mms4_mec_quat_eci_to_gse: VAR_TYPE = 'data' and UNITS.strip() = ''.
  mms4_mec_quat_eci_to_gse2000: VAR_TYPE = 'data' and UNITS.strip() = ''.
  mms4_mec_fieldline_type: VAR_TYPE = 'data' and UNITS.strip() = ''.
MMS4_MEC_SRVY_L2_EPHTS04D | ISTP.UNITS.Empty:
  mms4_mec_l_dipole: VAR_TYPE = 'data' and UNITS.strip() = ''.
  mms4_mec_quat_eci_to_bcs: VAR_TYPE = 'data' and UNITS.strip() = ''.
  mms4_mec_quat_eci_to_dbcs: VAR_TYPE = 'data' and UNITS.strip() = ''.
  mms4_mec_quat_eci_to_dmpa: VAR_TYPE = 'data' and UNITS.strip() = ''.
  mms4_mec_quat_eci_to_smpa: VAR_TYPE = 'data' and UNITS.strip() = ''.
  mms4_mec_quat_eci_to_dsl: VAR_TYPE = 'data' and UNITS.strip() = ''.
  mms4_mec_quat_eci_to_ssl: VAR_TYPE = 'data' and UNITS.strip() = ''.
  mms4_mec_kp: VAR_TYPE = 'data' and UNITS.strip() = ''.
  mms4_mec_earth_eclipse_flag: VAR_TYPE = 'data' and UNITS.strip() = ''.
  mms4_mec_moon_eclipse_flag: VAR_TYPE = 'data' and UNITS.strip() = ''.
  mms4_mec_quat_eci_to_gsm: VAR_TYPE = 'data' and UNITS.strip() = ''.
  mms4_mec_quat_eci_to_geo: VAR_TYPE = 'data' and UNITS.strip() = ''.
  mms4_mec_quat_eci_to_sm: VAR_TYPE = 'data' and UNITS.strip() = ''.
  mms4_mec_quat_eci_to_gse: VAR_TYPE = 'data' and UNITS.strip() = ''.
  mms4_mec_quat_eci_to_gse2000: VAR_TYPE = 'data' and UNITS.strip() = ''.
  mms4_mec_fieldline_type: VAR_TYPE = 'data' and UNITS.strip() = ''.
MUNIN_M1_MDSE | ISTP.UNITS.Empty:
  Sensor_Index: VAR_TYPE = 'support_data' and UNITS.strip() = ''.
MUNIN_M1_MDSI | ISTP.UNITS.Empty:
  Sensor_Index: VAR_TYPE = 'support_data' and UNITS.strip() = ''.
MVN_INSITU_KP-4SEC | ISTP.UNITS.Empty:
  LPW_E_field_wave_power_2_100_data_quality: VAR_TYPE = 'data' and UNITS.strip() = ''.
  LPW_E_field_wave_power_100_800_data_quality: VAR_TYPE = 'data' and UNITS.strip() = ''.
  LPW_E_field_wave_power_800_1000_data_quality: VAR_TYPE = 'data' and UNITS.strip() = ''.
  LPW_EUV_irradiance_pt1_7_data_quality: VAR_TYPE = 'data' and UNITS.strip() = ''.
  LPW_EUV_irradiance_17_22_data_quality: VAR_TYPE = 'data' and UNITS.strip() = ''.
  LPW_EUV_irradiance_lyman_alpha_data_quality: VAR_TYPE = 'data' and UNITS.strip() = ''.
  SWEA_Electron_spectrum_shape: VAR_TYPE = 'data' and UNITS.strip() = ''.
  SWEA_Electron_spectrum_shape_data_quality: VAR_TYPE = 'data' and UNITS.strip() = ''.
  SWIA_Hplus_density_data_quality: VAR_TYPE = 'data' and UNITS.strip() = ''.
  SWIA_Hplus_flow_velocity_MSO_data_quality: VAR_TYPE = 'data' and UNITS.strip() = ''.
  SWIA_Hplus_temperature_data_quality: VAR_TYPE = 'data' and UNITS.strip() = ''.
  SWIA_dynamic_pressure_data_quality: VAR_TYPE = 'data' and UNITS.strip() = ''.
  STATIC_Quality: VAR_TYPE = 'data' and UNITS.strip() = ''.
  STATIC_Hplus_density_data_quality: VAR_TYPE = 'data' and UNITS.strip() = ''.
  STATIC_Oplus_density_data_quality: VAR_TYPE = 'data' and UNITS.strip() = ''.
  STATIC_O2plus_density_data_quality: VAR_TYPE = 'data' and UNITS.strip() = ''.
  STATIC_Hplus_temperature_data_quality: VAR_TYPE = 'data' and UNITS.strip() = ''.
  STATIC_Oplus_temperature_data_quality: VAR_TYPE = 'data' and UNITS.strip() = ''.
  STATIC_O2plus_temperature_data_quality: VAR_TYPE = 'data' and UNITS.strip() = ''.
  STATIC_O2plus_flow_velocity_MAVEN_APP_data_quality: VAR_TYPE = 'data' and UNITS.strip() = ''.
  STATIC_O2plus_flow_velocity_MSO_data_quality: VAR_TYPE = 'data' and UNITS.strip() = ''.
  STATIC_Hplus_characteristic_energy_DQ: VAR_TYPE = 'data' and UNITS.strip() = ''.
  STATIC_HEplus_characteristic_energy_DQ: VAR_TYPE = 'data' and UNITS.strip() = ''.
  STATIC_Oplus_characteristic_energy_DQ: VAR_TYPE = 'data' and UNITS.strip() = ''.
  STATIC_O2plus_characteristic_energy_DQ: VAR_TYPE = 'data' and UNITS.strip() = ''.
  STATIC_Hplus_characteristic_angular_width_DQ: VAR_TYPE = 'data' and UNITS.strip() = ''.
  STATIC_dominant_pickup_ion_characteristic_angular_width_DQ: VAR_TYPE = 'data' and UNITS.strip() = ''.
  SEP_Ion_Energy_Flux_30_1000_FOV_1F_data_quality: VAR_TYPE = 'data' and UNITS.strip() = ''.
  SEP_Ion_Energy_Flux_30_1000_FOV_1R_data_quality: VAR_TYPE = 'data' and UNITS.strip() = ''.
  SEP_Ion_Energy_Flux_30_1000_FOV_2F_data_quality: VAR_TYPE = 'data' and UNITS.strip() = ''.
  SEP_Ion_Energy_Flux_30_1000_FOV_2R_data_quality: VAR_TYPE = 'data' and UNITS.strip() = ''.
  SEP_Electron_Energy_Flux_30_300_FOV_1F_data_quality: VAR_TYPE = 'data' and UNITS.strip() = ''.
  SEP_Electron_Energy_Flux_30_300_FOV_1R_data_quality: VAR_TYPE = 'data' and UNITS.strip() = ''.
  SEP_Electron_Energy_Flux_30_300_FOV_2F_data_quality: VAR_TYPE = 'data' and UNITS.strip() = ''.
  SEP_Electron_Energy_Flux_30_300_FOV_2R_data_quality: VAR_TYPE = 'data' and UNITS.strip() = ''.
  MAG_field_MSO_data_quality: VAR_TYPE = 'data' and UNITS.strip() = ''.
  MAG_field_GEO_data_quality: VAR_TYPE = 'data' and UNITS.strip() = ''.
  MAG_field_RMS_deviation_data_quality: VAR_TYPE = 'data' and UNITS.strip() = ''.
  SPICE_Orbit_Number: VAR_TYPE = 'data' and UNITS.strip() = ''.
  Inbound_Outbound_Flag: VAR_TYPE = 'data' and UNITS.strip() = ''.
  Rotation_matrix_IAU_MARS_MAVEN_MSO: VAR_TYPE = 'data' and UNITS.strip() = ''.
  Rotation_matrix_SPACECRAFT_MAVEN_MSO: VAR_TYPE = 'data' and UNITS.strip() = ''.
MVN_MAG_L2-SUNSTATE-1SEC | ISTP.UNITS.Empty:
  DDAY: VAR_TYPE = 'support_data' and UNITS.strip() = ''.
  OB_B_range: VAR_TYPE = 'data' and UNITS.strip() = ''.
  OB_BDPL_range: VAR_TYPE = 'data' and UNITS.strip() = ''.
MVN_SWE_L2_SVYSPEC | ISTP.UNITS.Empty:
  counts: VAR_TYPE = 'data' and UNITS.strip() = ''.
  counts_time: VAR_TYPE = 'data' and UNITS.strip() = ''.
NOAA05_MEPED1MIN_SEM | ISTP.UNITS.Empty:
  Epoch: VAR_TYPE = 'support_data' and UNITS.strip() = ''.
  Doy: VAR_TYPE = 'data' and UNITS.strip() = ''.
  IGRF_B_Bmin: VAR_TYPE = 'data' and UNITS.strip() = ''.
  IGRF_Lm: VAR_TYPE = 'data' and UNITS.strip() = ''.
  T89_B_Bmin: VAR_TYPE = 'data' and UNITS.strip() = ''.
  T89_Lm: VAR_TYPE = 'data' and UNITS.strip() = ''.
  T96_B_Bmin: VAR_TYPE = 'data' and UNITS.strip() = ''.
  T96_Lm: VAR_TYPE = 'data' and UNITS.strip() = ''.
  T01_B_Bmin: VAR_TYPE = 'data' and UNITS.strip() = ''.
  T01_Lm: VAR_TYPE = 'data' and UNITS.strip() = ''.
NOAA06_MEPED1MIN_SEM | ISTP.UNITS.Empty:
  Epoch: VAR_TYPE = 'support_data' and UNITS.strip() = ''.
  Doy: VAR_TYPE = 'data' and UNITS.strip() = ''.
  IGRF_B_Bmin: VAR_TYPE = 'data' and UNITS.strip() = ''.
  IGRF_Lm: VAR_TYPE = 'data' and UNITS.strip() = ''.
  T89_B_Bmin: VAR_TYPE = 'data' and UNITS.strip() = ''.
  T89_Lm: VAR_TYPE = 'data' and UNITS.strip() = ''.
  T96_B_Bmin: VAR_TYPE = 'data' and UNITS.strip() = ''.
  T96_Lm: VAR_TYPE = 'data' and UNITS.strip() = ''.
  T01_B_Bmin: VAR_TYPE = 'data' and UNITS.strip() = ''.
  T01_Lm: VAR_TYPE = 'data' and UNITS.strip() = ''.
NOAA07_MEPED1MIN_SEM | ISTP.UNITS.Empty:
  Epoch: VAR_TYPE = 'support_data' and UNITS.strip() = ''.
  Doy: VAR_TYPE = 'data' and UNITS.strip() = ''.
  IGRF_B_Bmin: VAR_TYPE = 'data' and UNITS.strip() = ''.
  IGRF_Lm: VAR_TYPE = 'data' and UNITS.strip() = ''.
  T89_B_Bmin: VAR_TYPE = 'data' and UNITS.strip() = ''.
  T89_Lm: VAR_TYPE = 'data' and UNITS.strip() = ''.
  T96_B_Bmin: VAR_TYPE = 'data' and UNITS.strip() = ''.
  T96_Lm: VAR_TYPE = 'data' and UNITS.strip() = ''.
  T01_B_Bmin: VAR_TYPE = 'data' and UNITS.strip() = ''.
  T01_Lm: VAR_TYPE = 'data' and UNITS.strip() = ''.
NOAA08_MEPED1MIN_SEM | ISTP.UNITS.Empty:
  Epoch: VAR_TYPE = 'support_data' and UNITS.strip() = ''.
  Doy: VAR_TYPE = 'data' and UNITS.strip() = ''.
  IGRF_B_Bmin: VAR_TYPE = 'data' and UNITS.strip() = ''.
  IGRF_Lm: VAR_TYPE = 'data' and UNITS.strip() = ''.
  T89_B_Bmin: VAR_TYPE = 'data' and UNITS.strip() = ''.
  T89_Lm: VAR_TYPE = 'data' and UNITS.strip() = ''.
  T96_B_Bmin: VAR_TYPE = 'data' and UNITS.strip() = ''.
  T96_Lm: VAR_TYPE = 'data' and UNITS.strip() = ''.
  T01_B_Bmin: VAR_TYPE = 'data' and UNITS.strip() = ''.
  T01_Lm: VAR_TYPE = 'data' and UNITS.strip() = ''.
NOAA10_MEPED1MIN_SEM | ISTP.UNITS.Empty:
  Epoch: VAR_TYPE = 'support_data' and UNITS.strip() = ''.
  Doy: VAR_TYPE = 'data' and UNITS.strip() = ''.
  IGRF_B_Bmin: VAR_TYPE = 'data' and UNITS.strip() = ''.
  IGRF_Lm: VAR_TYPE = 'data' and UNITS.strip() = ''.
  T89_B_Bmin: VAR_TYPE = 'data' and UNITS.strip() = ''.
  T89_Lm: VAR_TYPE = 'data' and UNITS.strip() = ''.
  T96_B_Bmin: VAR_TYPE = 'data' and UNITS.strip() = ''.
  T96_Lm: VAR_TYPE = 'data' and UNITS.strip() = ''.
  T01_B_Bmin: VAR_TYPE = 'data' and UNITS.strip() = ''.
  T01_Lm: VAR_TYPE = 'data' and UNITS.strip() = ''.
NOAA12_MEPED1MIN_SEM | ISTP.UNITS.Empty:
  Epoch: VAR_TYPE = 'support_data' and UNITS.strip() = ''.
  Doy: VAR_TYPE = 'data' and UNITS.strip() = ''.
  IGRF_B_Bmin: VAR_TYPE = 'data' and UNITS.strip() = ''.
  IGRF_Lm: VAR_TYPE = 'data' and UNITS.strip() = ''.
  T89_B_Bmin: VAR_TYPE = 'data' and UNITS.strip() = ''.
  T89_Lm: VAR_TYPE = 'data' and UNITS.strip() = ''.
  T96_B_Bmin: VAR_TYPE = 'data' and UNITS.strip() = ''.
  T96_Lm: VAR_TYPE = 'data' and UNITS.strip() = ''.
  T01_B_Bmin: VAR_TYPE = 'data' and UNITS.strip() = ''.
  T01_Lm: VAR_TYPE = 'data' and UNITS.strip() = ''.
NOAA14_MEPED1MIN_SEM | ISTP.UNITS.Empty:
  Epoch: VAR_TYPE = 'support_data' and UNITS.strip() = ''.
  Doy: VAR_TYPE = 'data' and UNITS.strip() = ''.
  IGRF_B_Bmin: VAR_TYPE = 'data' and UNITS.strip() = ''.
  IGRF_Lm: VAR_TYPE = 'data' and UNITS.strip() = ''.
  T89_B_Bmin: VAR_TYPE = 'data' and UNITS.strip() = ''.
  T89_Lm: VAR_TYPE = 'data' and UNITS.strip() = ''.
  T96_B_Bmin: VAR_TYPE = 'data' and UNITS.strip() = ''.
  T96_Lm: VAR_TYPE = 'data' and UNITS.strip() = ''.
  T01_B_Bmin: VAR_TYPE = 'data' and UNITS.strip() = ''.
  T01_Lm: VAR_TYPE = 'data' and UNITS.strip() = ''.
NOAA15_POES-SEM2_FLUXES-2SEC | ISTP.UNITS.Empty:
  ted_ele_tel0_low_eflux_error: VAR_TYPE = 'data' and UNITS.strip() = ''.
  ted_ele_tel30_low_eflux_error: VAR_TYPE = 'data' and UNITS.strip() = ''.
  ted_ele_tel0_hi_eflux_error: VAR_TYPE = 'data' and UNITS.strip() = ''.
  ted_ele_tel30_hi_eflux_error: VAR_TYPE = 'data' and UNITS.strip() = ''.
  ted_pro_tel0_low_eflux_error: VAR_TYPE = 'data' and UNITS.strip() = ''.
  ted_pro_tel30_low_eflux_error: VAR_TYPE = 'data' and UNITS.strip() = ''.
  ted_pro_tel0_hi_eflux_error: VAR_TYPE = 'data' and UNITS.strip() = ''.
  ted_pro_tel30_hi_eflux_error: VAR_TYPE = 'data' and UNITS.strip() = ''.
  ted_ele_eflux_atmo_low_err: VAR_TYPE = 'data' and UNITS.strip() = ''.
  ted_ele_eflux_atmo_hi_err: VAR_TYPE = 'data' and UNITS.strip() = ''.
  ted_ele_eflux_atmo_total_err: VAR_TYPE = 'data' and UNITS.strip() = ''.
  ted_pro_eflux_atmo_low_err: VAR_TYPE = 'data' and UNITS.strip() = ''.
  ted_pro_eflux_atmo_hi_err: VAR_TYPE = 'data' and UNITS.strip() = ''.
  ted_pro_eflux_atmo_total_err: VAR_TYPE = 'data' and UNITS.strip() = ''.
  mep_ele_flux_err_stackt0: VAR_TYPE = 'data' and UNITS.strip() = ''.
  mep_ele_flux_err_stackt90: VAR_TYPE = 'data' and UNITS.strip() = ''.
  mep_ele_flux_err: VAR_TYPE = 'support_data' and UNITS.strip() = ''.
  mep_pro_flux_err_stackt0: VAR_TYPE = 'data' and UNITS.strip() = ''.
  mep_pro_flux_err_stackt90: VAR_TYPE = 'data' and UNITS.strip() = ''.
  mep_pro_flux_err: VAR_TYPE = 'support_data' and UNITS.strip() = ''.
  mep_pro_flux_p6_err: VAR_TYPE = 'data' and UNITS.strip() = ''.
  mep_omni_flux_flag_fit: VAR_TYPE = 'data' and UNITS.strip() = ''.
  mep_omni_gamma_stack: VAR_TYPE = 'data' and UNITS.strip() = ''.
NOAA16_POES-SEM2_FLUXES-2SEC | ISTP.UNITS.Empty:
  ted_ele_tel0_low_eflux_error: VAR_TYPE = 'data' and UNITS.strip() = ''.
  ted_ele_tel30_low_eflux_error: VAR_TYPE = 'data' and UNITS.strip() = ''.
  ted_ele_tel0_hi_eflux_error: VAR_TYPE = 'data' and UNITS.strip() = ''.
  ted_ele_tel30_hi_eflux_error: VAR_TYPE = 'data' and UNITS.strip() = ''.
  ted_pro_tel0_low_eflux_error: VAR_TYPE = 'data' and UNITS.strip() = ''.
  ted_pro_tel30_low_eflux_error: VAR_TYPE = 'data' and UNITS.strip() = ''.
  ted_pro_tel0_hi_eflux_error: VAR_TYPE = 'data' and UNITS.strip() = ''.
  ted_pro_tel30_hi_eflux_error: VAR_TYPE = 'data' and UNITS.strip() = ''.
  ted_ele_eflux_atmo_low_err: VAR_TYPE = 'data' and UNITS.strip() = ''.
  ted_ele_eflux_atmo_hi_err: VAR_TYPE = 'data' and UNITS.strip() = ''.
  ted_ele_eflux_atmo_total_err: VAR_TYPE = 'data' and UNITS.strip() = ''.
  ted_pro_eflux_atmo_low_err: VAR_TYPE = 'data' and UNITS.strip() = ''.
  ted_pro_eflux_atmo_hi_err: VAR_TYPE = 'data' and UNITS.strip() = ''.
  ted_pro_eflux_atmo_total_err: VAR_TYPE = 'data' and UNITS.strip() = ''.
  mep_ele_flux_err_stackt0: VAR_TYPE = 'data' and UNITS.strip() = ''.
  mep_ele_flux_err_stackt90: VAR_TYPE = 'data' and UNITS.strip() = ''.
  mep_ele_flux_err: VAR_TYPE = 'support_data' and UNITS.strip() = ''.
  mep_pro_flux_err_stackt0: VAR_TYPE = 'data' and UNITS.strip() = ''.
  mep_pro_flux_err_stackt90: VAR_TYPE = 'data' and UNITS.strip() = ''.
  mep_pro_flux_err: VAR_TYPE = 'support_data' and UNITS.strip() = ''.
  mep_pro_flux_p6_err: VAR_TYPE = 'data' and UNITS.strip() = ''.
  mep_omni_flux_flag_fit: VAR_TYPE = 'data' and UNITS.strip() = ''.
  mep_omni_gamma_stack: VAR_TYPE = 'data' and UNITS.strip() = ''.
NOAA18_POES-SEM2_FLUXES-2SEC | ISTP.UNITS.Empty:
  ted_ele_tel0_low_eflux_error: VAR_TYPE = 'data' and UNITS.strip() = ''.
  ted_ele_tel30_low_eflux_error: VAR_TYPE = 'data' and UNITS.strip() = ''.
  ted_ele_tel0_hi_eflux_error: VAR_TYPE = 'data' and UNITS.strip() = ''.
  ted_ele_tel30_hi_eflux_error: VAR_TYPE = 'data' and UNITS.strip() = ''.
  ted_pro_tel0_low_eflux_error: VAR_TYPE = 'data' and UNITS.strip() = ''.
  ted_pro_tel30_low_eflux_error: VAR_TYPE = 'data' and UNITS.strip() = ''.
  ted_pro_tel0_hi_eflux_error: VAR_TYPE = 'data' and UNITS.strip() = ''.
  ted_pro_tel30_hi_eflux_error: VAR_TYPE = 'data' and UNITS.strip() = ''.
  ted_ele_eflux_atmo_low_err: VAR_TYPE = 'data' and UNITS.strip() = ''.
  ted_ele_eflux_atmo_hi_err: VAR_TYPE = 'data' and UNITS.strip() = ''.
  ted_ele_eflux_atmo_total_err: VAR_TYPE = 'data' and UNITS.strip() = ''.
  ted_pro_eflux_atmo_low_err: VAR_TYPE = 'data' and UNITS.strip() = ''.
  ted_pro_eflux_atmo_hi_err: VAR_TYPE = 'data' and UNITS.strip() = ''.
  ted_pro_eflux_atmo_total_err: VAR_TYPE = 'data' and UNITS.strip() = ''.
  mep_ele_flux_err_stackt0: VAR_TYPE = 'data' and UNITS.strip() = ''.
  mep_ele_flux_err_stackt90: VAR_TYPE = 'data' and UNITS.strip() = ''.
  mep_ele_flux_err: VAR_TYPE = 'support_data' and UNITS.strip() = ''.
  mep_pro_flux_err_stackt0: VAR_TYPE = 'data' and UNITS.strip() = ''.
  mep_pro_flux_err_stackt90: VAR_TYPE = 'data' and UNITS.strip() = ''.
  mep_pro_flux_err: VAR_TYPE = 'support_data' and UNITS.strip() = ''.
  mep_pro_flux_p6_err: VAR_TYPE = 'data' and UNITS.strip() = ''.
  mep_omni_flux_flag_fit: VAR_TYPE = 'data' and UNITS.strip() = ''.
  mep_omni_gamma_stack: VAR_TYPE = 'data' and UNITS.strip() = ''.
NOAA19_POES-SEM2_FLUXES-2SEC | ISTP.UNITS.Empty:
  ted_ele_tel0_low_eflux_error: VAR_TYPE = 'data' and UNITS.strip() = ''.
  ted_ele_tel30_low_eflux_error: VAR_TYPE = 'data' and UNITS.strip() = ''.
  ted_ele_tel0_hi_eflux_error: VAR_TYPE = 'data' and UNITS.strip() = ''.
  ted_ele_tel30_hi_eflux_error: VAR_TYPE = 'data' and UNITS.strip() = ''.
  ted_pro_tel0_low_eflux_error: VAR_TYPE = 'data' and UNITS.strip() = ''.
  ted_pro_tel30_low_eflux_error: VAR_TYPE = 'data' and UNITS.strip() = ''.
  ted_pro_tel0_hi_eflux_error: VAR_TYPE = 'data' and UNITS.strip() = ''.
  ted_pro_tel30_hi_eflux_error: VAR_TYPE = 'data' and UNITS.strip() = ''.
  ted_ele_eflux_atmo_low_err: VAR_TYPE = 'data' and UNITS.strip() = ''.
  ted_ele_eflux_atmo_hi_err: VAR_TYPE = 'data' and UNITS.strip() = ''.
  ted_ele_eflux_atmo_total_err: VAR_TYPE = 'data' and UNITS.strip() = ''.
  ted_pro_eflux_atmo_low_err: VAR_TYPE = 'data' and UNITS.strip() = ''.
  ted_pro_eflux_atmo_hi_err: VAR_TYPE = 'data' and UNITS.strip() = ''.
  ted_pro_eflux_atmo_total_err: VAR_TYPE = 'data' and UNITS.strip() = ''.
  mep_ele_flux_err_stackt0: VAR_TYPE = 'data' and UNITS.strip() = ''.
  mep_ele_flux_err_stackt90: VAR_TYPE = 'data' and UNITS.strip() = ''.
  mep_ele_flux_err: VAR_TYPE = 'support_data' and UNITS.strip() = ''.
  mep_pro_flux_err_stackt0: VAR_TYPE = 'data' and UNITS.strip() = ''.
  mep_pro_flux_err_stackt90: VAR_TYPE = 'data' and UNITS.strip() = ''.
  mep_pro_flux_err: VAR_TYPE = 'support_data' and UNITS.strip() = ''.
  mep_pro_flux_p6_err: VAR_TYPE = 'data' and UNITS.strip() = ''.
  mep_omni_flux_flag_fit: VAR_TYPE = 'data' and UNITS.strip() = ''.
  mep_omni_gamma_stack: VAR_TYPE = 'data' and UNITS.strip() = ''.
OMNI2_H0_MRG1HR | ISTP.UNITS.Empty:
  Rot1800: VAR_TYPE = 'data' and UNITS.strip() = ''.
  F10_INDEX1800: VAR_TYPE = 'data' and UNITS.strip() = ''.
  PC_N_INDEX1800: VAR_TYPE = 'data' and UNITS.strip() = ''.
  Proton_QI1800: VAR_TYPE = 'data' and UNITS.strip() = ''.
OMNI_HRO2_1MIN | ISTP.UNITS.Empty:
  NaNp_Ratio: VAR_TYPE = 'data' and UNITS.strip() = ''.
OMNI_HRO2_5MIN | ISTP.UNITS.Empty:
  NaNp_Ratio: VAR_TYPE = 'data' and UNITS.strip() = ''.
OMNI_HRO_1MIN | ISTP.UNITS.Empty:
  PC_N_INDEX: VAR_TYPE = 'data' and UNITS.strip() = ''.
OMNI_HRO_5MIN | ISTP.UNITS.Empty:
  PC_N_INDEX: VAR_TYPE = 'data' and UNITS.strip() = ''.
PO_10MINATT_EFI | ISTP.UNITS.Empty:
  X: VAR_TYPE = 'data' and UNITS.strip() = ''.
  Y: VAR_TYPE = 'data' and UNITS.strip() = ''.
  Z: VAR_TYPE = 'data' and UNITS.strip() = ''.
PO_H0_TID | ISTP.UNITS.Empty:
  sub_min: VAR_TYPE = 'support_data' and UNITS.strip() = ''.
  sum_avg: VAR_TYPE = 'support_data' and UNITS.strip() = ''.
  bfld_source: VAR_TYPE = 'support_data' and UNITS.strip() = ''.
  mask_corr: VAR_TYPE = 'support_data' and UNITS.strip() = ''.
PO_H0_TIM | ISTP.UNITS.Empty:
  Even_odd: VAR_TYPE = 'support_data' and UNITS.strip() = ''.
PO_H1_PWI | ISTP.UNITS.Empty:
  SFR5_Corr: VAR_TYPE = 'data' and UNITS.strip() = ''.
  SFR4_Corr: VAR_TYPE = 'data' and UNITS.strip() = ''.
  SFR3_Corr: VAR_TYPE = 'data' and UNITS.strip() = ''.
  SFR2_Corr: VAR_TYPE = 'data' and UNITS.strip() = ''.
  SFR1_Corr: VAR_TYPE = 'data' and UNITS.strip() = ''.
PO_H1_TID | ISTP.UNITS.Empty:
  sub_min: VAR_TYPE = 'support_data' and UNITS.strip() = ''.
  sum_avg: VAR_TYPE = 'support_data' and UNITS.strip() = ''.
  bfld_source: VAR_TYPE = 'support_data' and UNITS.strip() = ''.
  mask_corr: VAR_TYPE = 'support_data' and UNITS.strip() = ''.
PO_H2_TIM | ISTP.UNITS.Empty:
  SZA_status: VAR_TYPE = 'data' and UNITS.strip() = ''.
  Conjugate_SZA_status: VAR_TYPE = 'data' and UNITS.strip() = ''.
  Energy_range: VAR_TYPE = 'data' and UNITS.strip() = ''.
  Intervals: VAR_TYPE = 'support_data' and UNITS.strip() = ''.
  SCPot_status: VAR_TYPE = 'support_data' and UNITS.strip() = ''.
  IMF_status: VAR_TYPE = 'support_data' and UNITS.strip() = ''.
  SW_status: VAR_TYPE = 'support_data' and UNITS.strip() = ''.
  Mag_status: VAR_TYPE = 'support_data' and UNITS.strip() = ''.
  Orbit_status: VAR_TYPE = 'support_data' and UNITS.strip() = ''.
PO_H3_PWI | ISTP.UNITS.Empty:
  FilterMode: VAR_TYPE = 'support_data' and UNITS.strip() = ''.
  FFT_SIZE: VAR_TYPE = 'support_data' and UNITS.strip() = ''.
  Num_Spec: VAR_TYPE = 'support_data' and UNITS.strip() = ''.
PO_H4_PWI | ISTP.UNITS.Empty:
  FilterMode: VAR_TYPE = 'support_data' and UNITS.strip() = ''.
  FFT_SIZE: VAR_TYPE = 'support_data' and UNITS.strip() = ''.
  Num_Spec: VAR_TYPE = 'support_data' and UNITS.strip() = ''.
  DATA_QUALITY: VAR_TYPE = 'data' and UNITS.strip() = ''.
  Gain1: VAR_TYPE = 'data' and UNITS.strip() = ''.
  Gain2: VAR_TYPE = 'data' and UNITS.strip() = ''.
  Gain3: VAR_TYPE = 'data' and UNITS.strip() = ''.
  MGain: VAR_TYPE = 'data' and UNITS.strip() = ''.
PO_H5_PWI | ISTP.UNITS.Empty:
  FilterMode: VAR_TYPE = 'support_data' and UNITS.strip() = ''.
  FFT_SIZE: VAR_TYPE = 'support_data' and UNITS.strip() = ''.
  Num_Spec: VAR_TYPE = 'support_data' and UNITS.strip() = ''.
  DATA_QUALITY: VAR_TYPE = 'data' and UNITS.strip() = ''.
PO_H7_PWI | ISTP.UNITS.Empty:
  FilterMode: VAR_TYPE = 'support_data' and UNITS.strip() = ''.
  FFT_size: VAR_TYPE = 'support_data' and UNITS.strip() = ''.
  NUM_FFT: VAR_TYPE = 'support_data' and UNITS.strip() = ''.
  NUM_SNAP: VAR_TYPE = 'support_data' and UNITS.strip() = ''.
  Gain1: VAR_TYPE = 'data' and UNITS.strip() = ''.
  Gain2: VAR_TYPE = 'data' and UNITS.strip() = ''.
  Gain3: VAR_TYPE = 'data' and UNITS.strip() = ''.
  MGain: VAR_TYPE = 'data' and UNITS.strip() = ''.
PO_H8_PWI | ISTP.UNITS.Empty:
  FilterMode: VAR_TYPE = 'support_data' and UNITS.strip() = ''.
  FFT_size: VAR_TYPE = 'support_data' and UNITS.strip() = ''.
  NUM_SNAP: VAR_TYPE = 'support_data' and UNITS.strip() = ''.
  NUM_PTS: VAR_TYPE = 'data' and UNITS.strip() = ''.
  NUM_FFT: VAR_TYPE = 'data' and UNITS.strip() = ''.
  Gain1: VAR_TYPE = 'data' and UNITS.strip() = ''.
  Gain2: VAR_TYPE = 'data' and UNITS.strip() = ''.
  Gain3: VAR_TYPE = 'data' and UNITS.strip() = ''.
  MGain: VAR_TYPE = 'data' and UNITS.strip() = ''.
  HFWR1_Flag: VAR_TYPE = 'support_data' and UNITS.strip() = ''.
  HFWR2_Flag: VAR_TYPE = 'support_data' and UNITS.strip() = ''.
  HFWR3_Flag: VAR_TYPE = 'support_data' and UNITS.strip() = ''.
  HFWR4_Flag: VAR_TYPE = 'support_data' and UNITS.strip() = ''.
  HFWR5_Flag: VAR_TYPE = 'support_data' and UNITS.strip() = ''.
  HFWR6_Flag: VAR_TYPE = 'support_data' and UNITS.strip() = ''.
  DATA_Q_Eu: VAR_TYPE = 'data' and UNITS.strip() = ''.
  DATA_Q_Evp: VAR_TYPE = 'data' and UNITS.strip() = ''.
  DATA_Q_Evm: VAR_TYPE = 'data' and UNITS.strip() = ''.
  DATA_Q_Bu: VAR_TYPE = 'data' and UNITS.strip() = ''.
  DATA_Q_Bv: VAR_TYPE = 'data' and UNITS.strip() = ''.
  DATA_Q_Bz: VAR_TYPE = 'data' and UNITS.strip() = ''.
  Data_No: VAR_TYPE = 'support_data' and UNITS.strip() = ''.
PO_H9_PWI | ISTP.UNITS.Empty:
  FilterMode: VAR_TYPE = 'data' and UNITS.strip() = ''.
  WBR_Ant: VAR_TYPE = 'data' and UNITS.strip() = ''.
  NumPoints: VAR_TYPE = 'support_data' and UNITS.strip() = ''.
  Num_Snap: VAR_TYPE = 'support_data' and UNITS.strip() = ''.
  FFT_size: VAR_TYPE = 'support_data' and UNITS.strip() = ''.
PO_K0_CAM | ISTP.UNITS.Empty:
  QUAL_P: VAR_TYPE = 'support_data' and UNITS.strip() = ''.
  QUAL_Hep: VAR_TYPE = 'support_data' and UNITS.strip() = ''.
  QUAL_alpha: VAR_TYPE = 'support_data' and UNITS.strip() = ''.
  QUAL_Op: VAR_TYPE = 'support_data' and UNITS.strip() = ''.
  QUAL_O3pl: VAR_TYPE = 'support_data' and UNITS.strip() = ''.
  QUAL_H_le: VAR_TYPE = 'support_data' and UNITS.strip() = ''.
  QUAL_H_he: VAR_TYPE = 'support_data' and UNITS.strip() = ''.
  QUAL_He_le: VAR_TYPE = 'support_data' and UNITS.strip() = ''.
  QUAL_He_he: VAR_TYPE = 'support_data' and UNITS.strip() = ''.
  QUAL_CNO_le: VAR_TYPE = 'support_data' and UNITS.strip() = ''.
  QUAL_CNO_he: VAR_TYPE = 'support_data' and UNITS.strip() = ''.
PO_K0_CEP | ISTP.UNITS.Empty:
  IPS_30: VAR_TYPE = 'data' and UNITS.strip() = ''.
  IPS_30_errorbars: VAR_TYPE = 'data' and UNITS.strip() = ''.
  IPS_30_ERR: VAR_TYPE = 'data' and UNITS.strip() = ''.
  IPS_50: VAR_TYPE = 'data' and UNITS.strip() = ''.
  IPS_50_errorbars: VAR_TYPE = 'data' and UNITS.strip() = ''.
  IPS_50_ERR: VAR_TYPE = 'data' and UNITS.strip() = ''.
  IPS_FLAG: VAR_TYPE = 'data' and UNITS.strip() = ''.
  IES_30: VAR_TYPE = 'data' and UNITS.strip() = ''.
  IES_30_errorbars: VAR_TYPE = 'data' and UNITS.strip() = ''.
  IES_30_ERR: VAR_TYPE = 'data' and UNITS.strip() = ''.
  IES_50: VAR_TYPE = 'data' and UNITS.strip() = ''.
  IES_50_errorbars: VAR_TYPE = 'data' and UNITS.strip() = ''.
  IES_50_ERR: VAR_TYPE = 'data' and UNITS.strip() = ''.
  IES_FLAG: VAR_TYPE = 'support_data' and UNITS.strip() = ''.
  HIST_ABCI_ERR: VAR_TYPE = 'data' and UNITS.strip() = ''.
  HIST_ABCE: VAR_TYPE = 'data' and UNITS.strip() = ''.
  HIST_ABCE_errorbars: VAR_TYPE = 'data' and UNITS.strip() = ''.
  HIST_ABCE_ERR: VAR_TYPE = 'data' and UNITS.strip() = ''.
  HIST_AH_ERR: VAR_TYPE = 'data' and UNITS.strip() = ''.
  HIST_A1: VAR_TYPE = 'data' and UNITS.strip() = ''.
  HIST_A1_errorbars: VAR_TYPE = 'data' and UNITS.strip() = ''.
  HIST_A1_ERR: VAR_TYPE = 'data' and UNITS.strip() = ''.
  HIST_FLAG: VAR_TYPE = 'data' and UNITS.strip() = ''.
PO_K0_EFI | ISTP.UNITS.Empty:
  EFIMODE: VAR_TYPE = 'support_data' and UNITS.strip() = ''.
  FLIPFACTOR: VAR_TYPE = 'support_data' and UNITS.strip() = ''.
  OUTQUAL: VAR_TYPE = 'support_data' and UNITS.strip() = ''.
  Gap_Flag: VAR_TYPE = 'support_data' and UNITS.strip() = ''.
PO_K0_HYD | ISTP.UNITS.Empty:
  POST_GAP: VAR_TYPE = 'support_data' and UNITS.strip() = ''.
  DQF: VAR_TYPE = 'support_data' and UNITS.strip() = ''.
  INSTR_MODE: VAR_TYPE = 'support_data' and UNITS.strip() = ''.
PO_K0_MFE | ISTP.UNITS.Empty:
  MF_Num: VAR_TYPE = 'support_data' and UNITS.strip() = ''.
  DQF: VAR_TYPE = 'support_data' and UNITS.strip() = ''.
  POST_GAP: VAR_TYPE = 'support_data' and UNITS.strip() = ''.
PO_K0_PIX | ISTP.UNITS.Empty:
  Post_Gap_Quality: VAR_TYPE = 'support_data' and UNITS.strip() = ''.
  KP_Quality: VAR_TYPE = 'support_data' and UNITS.strip() = ''.
  Image_row: VAR_TYPE = 'support_data' and UNITS.strip() = ''.
  Image_column: VAR_TYPE = 'support_data' and UNITS.strip() = ''.
  Term_1: VAR_TYPE = 'support_data' and UNITS.strip() = ''.
  Term_2: VAR_TYPE = 'support_data' and UNITS.strip() = ''.
  Greenwich_Mer: VAR_TYPE = 'support_data' and UNITS.strip() = ''.
  Geographic_Pole: VAR_TYPE = 'support_data' and UNITS.strip() = ''.
  Magnetic_Pole: VAR_TYPE = 'support_data' and UNITS.strip() = ''.
  Sub_Point: VAR_TYPE = 'support_data' and UNITS.strip() = ''.
  MLT_0: VAR_TYPE = 'support_data' and UNITS.strip() = ''.
  MLT_6: VAR_TYPE = 'support_data' and UNITS.strip() = ''.
  MLT_12: VAR_TYPE = 'support_data' and UNITS.strip() = ''.
  MLT_18: VAR_TYPE = 'support_data' and UNITS.strip() = ''.
  Campaigns: VAR_TYPE = 'support_data' and UNITS.strip() = ''.
  Num_Sub_Images: VAR_TYPE = 'support_data' and UNITS.strip() = ''.
  Process_Status: VAR_TYPE = 'support_data' and UNITS.strip() = ''.
  Instr_Status: VAR_TYPE = 'support_data' and UNITS.strip() = ''.
  SC_Status: VAR_TYPE = 'support_data' and UNITS.strip() = ''.
PO_K0_PWI | ISTP.UNITS.Empty:
  L_Shell: VAR_TYPE = 'data' and UNITS.strip() = ''.
  SFR_MODE: VAR_TYPE = 'data' and UNITS.strip() = ''.
  SFRA_Antenna: VAR_TYPE = 'data' and UNITS.strip() = ''.
  SFRB_Antenna: VAR_TYPE = 'data' and UNITS.strip() = ''.
  L_ShellV: VAR_TYPE = 'data' and UNITS.strip() = ''.
  DATA_QUALITY: VAR_TYPE = 'support_data' and UNITS.strip() = ''.
PO_K0_SPHA | ISTP.UNITS.Empty:
  FAULT: VAR_TYPE = 'data' and UNITS.strip() = ''.
PO_K0_UVI | ISTP.UNITS.Empty:
  POST_GAP_FLAG: VAR_TYPE = 'support_data' and UNITS.strip() = ''.
  QUALITY_FLAG: VAR_TYPE = 'data' and UNITS.strip() = ''.
  SYSTEM: VAR_TYPE = 'support_data' and UNITS.strip() = ''.
  SEQ: VAR_TYPE = 'support_data' and UNITS.strip() = ''.
  MODE: VAR_TYPE = 'support_data' and UNITS.strip() = ''.
  GAIN: VAR_TYPE = 'support_data' and UNITS.strip() = ''.
  DOOR: VAR_TYPE = 'support_data' and UNITS.strip() = ''.
  ATTITUDE: VAR_TYPE = 'data' and UNITS.strip() = ''.
  GCI_LOOK_DIR: VAR_TYPE = 'data' and UNITS.strip() = ''.
  FILTER: VAR_TYPE = 'data' and UNITS.strip() = ''.
PO_K0_VIS | ISTP.UNITS.Empty:
  D_Qual: VAR_TYPE = 'data' and UNITS.strip() = ''.
  Post_Gap: VAR_TYPE = 'support_data' and UNITS.strip() = ''.
  Headers: VAR_TYPE = 'support_data' and UNITS.strip() = ''.
PO_K1_VIS | ISTP.UNITS.Empty:
  Headers: VAR_TYPE = 'data' and UNITS.strip() = ''.
PO_OR_DEF | ISTP.UNITS.Empty:
  CRN_EARTH: VAR_TYPE = 'data' and UNITS.strip() = ''.
  ORB_REV_NUM: VAR_TYPE = 'data' and UNITS.strip() = ''.
  NEXT_CROSS: VAR_TYPE = 'data' and UNITS.strip() = ''.
PO_OR_PRE | ISTP.UNITS.Empty:
  CRN_EARTH: VAR_TYPE = 'data' and UNITS.strip() = ''.
  ORB_REV_NUM: VAR_TYPE = 'data' and UNITS.strip() = ''.
  NEXT_CROSS: VAR_TYPE = 'data' and UNITS.strip() = ''.
PO_PA_DEF | ISTP.UNITS.Empty:
  DPA_INDICATOR: VAR_TYPE = 'data' and UNITS.strip() = ''.
  LOCK_STATUS: VAR_TYPE = 'data' and UNITS.strip() = ''.
PO_VIS_EARTH-CAMERA-CALIBRATED | ISTP.UNITS.Empty:
  Image_Counts_Raw: VAR_TYPE = 'data' and UNITS.strip() = ''.
  D_Qual: VAR_TYPE = 'support_data' and UNITS.strip() = ''.
  Post_Gap: VAR_TYPE = 'support_data' and UNITS.strip() = ''.
  Headers: VAR_TYPE = 'support_data' and UNITS.strip() = ''.
PO_VIS_VISIBLE-IMAGER-CALIBRATED | ISTP.UNITS.Empty:
  Post_Gap: VAR_TYPE = 'support_data' and UNITS.strip() = ''.
  Headers: VAR_TYPE = 'support_data' and UNITS.strip() = ''.
PSP_FLD_L2_DFB_AC_BPF_DV12HG | ISTP.UNITS.Empty:
  psp_fld_l2_dfb_ac_bpf_dV12hg_saturation_flags: VAR_TYPE = 'support_data' and UNITS.strip() = ''.
PSP_FLD_L2_DFB_AC_BPF_DV34HG | ISTP.UNITS.Empty:
  psp_fld_l2_dfb_ac_bpf_dV34hg_saturation_flags: VAR_TYPE = 'support_data' and UNITS.strip() = ''.
PSP_FLD_L2_DFB_AC_BPF_SCMULFHG | ISTP.UNITS.Empty:
  psp_fld_l2_dfb_ac_bpf_SCMulfhg_saturation_flags: VAR_TYPE = 'support_data' and UNITS.strip() = ''.
PSP_FLD_L2_DFB_AC_BPF_SCMUMFHG | ISTP.UNITS.Empty:
  psp_fld_l2_dfb_ac_bpf_SCMumfhg_saturation_flags: VAR_TYPE = 'support_data' and UNITS.strip() = ''.
PSP_FLD_L2_DFB_AC_SPEC_DV12HG | ISTP.UNITS.Empty:
  psp_fld_l2_dfb_ac_spec_dV12hg_saturation_flags: VAR_TYPE = 'support_data' and UNITS.strip() = ''.
PSP_FLD_L2_DFB_AC_SPEC_DV34HG | ISTP.UNITS.Empty:
  psp_fld_l2_dfb_ac_spec_dV34hg_saturation_flags: VAR_TYPE = 'support_data' and UNITS.strip() = ''.
PSP_FLD_L2_DFB_AC_SPEC_SCMDLFHG | ISTP.UNITS.Empty:
  psp_fld_l2_dfb_ac_spec_SCMdlfhg_saturation_flags: VAR_TYPE = 'support_data' and UNITS.strip() = ''.
PSP_FLD_L2_DFB_AC_SPEC_SCMELFHG | ISTP.UNITS.Empty:
  psp_fld_l2_dfb_ac_spec_SCMelfhg_saturation_flags: VAR_TYPE = 'support_data' and UNITS.strip() = ''.
PSP_FLD_L2_DFB_AC_SPEC_SCMFLFHG | ISTP.UNITS.Empty:
  psp_fld_l2_dfb_ac_spec_SCMflfhg_saturation_flags: VAR_TYPE = 'support_data' and UNITS.strip() = ''.
PSP_FLD_L2_DFB_AC_SPEC_SCMMF | ISTP.UNITS.Empty:
  psp_fld_l2_dfb_ac_spec_SCMmf_saturation_flags: VAR_TYPE = 'support_data' and UNITS.strip() = ''.
PSP_FLD_L2_DFB_AC_SPEC_SCMULFLG | ISTP.UNITS.Empty:
  psp_fld_l2_dfb_ac_spec_SCMulflg_saturation_flags: VAR_TYPE = 'support_data' and UNITS.strip() = ''.
PSP_FLD_L2_DFB_AC_SPEC_SCMVLFHG | ISTP.UNITS.Empty:
  psp_fld_l2_dfb_ac_spec_SCMvlfhg_saturation_flags: VAR_TYPE = 'support_data' and UNITS.strip() = ''.
PSP_FLD_L2_DFB_AC_SPEC_V5HG | ISTP.UNITS.Empty:
  psp_fld_l2_dfb_ac_spec_V5hg_saturation_flags: VAR_TYPE = 'support_data' and UNITS.strip() = ''.
PSP_FLD_L2_DFB_AC_XSPEC_DV12HG_DV34HG | ISTP.UNITS.Empty:
  psp_fld_l2_dfb_ac_xspec_power_ch1_dV12hg_saturation_flags: VAR_TYPE = 'support_data' and UNITS.strip() = ''.
  psp_fld_l2_dfb_ac_xspec_power_ch2_dV34hg_saturation_flags: VAR_TYPE = 'support_data' and UNITS.strip() = ''.
  psp_fld_l2_dfb_ac_xspec_coh_dV12hg_dV34hg: VAR_TYPE = 'data' and UNITS.strip() = ''.
  psp_fld_l2_dfb_ac_xspec_coh_dV12hg_dV34hg_saturation_flags: VAR_TYPE = 'support_data' and UNITS.strip() = ''.
  psp_fld_l2_dfb_ac_xspec_phase_dV12hg_dV34hg_saturation_flags: VAR_TYPE = 'support_data' and UNITS.strip() = ''.
  psp_fld_l2_dfb_ac_xspec_crossterm_Real_dV12hg_dV34hg_saturation_flags: VAR_TYPE = 'support_data' and UNITS.strip() = ''.
  psp_fld_l2_dfb_ac_xspec_crossterm_Imag_dV12hg_dV34hg_saturation_flags: VAR_TYPE = 'support_data' and UNITS.strip() = ''.
PSP_FLD_L2_DFB_AC_XSPEC_SCMDLFHG_SCMELFHG | ISTP.UNITS.Empty:
  psp_fld_l2_dfb_ac_xspec_power_ch1_SCMdlfhg_saturation_flags: VAR_TYPE = 'support_data' and UNITS.strip() = ''.
  psp_fld_l2_dfb_ac_xspec_power_ch2_SCMelfhg_saturation_flags: VAR_TYPE = 'support_data' and UNITS.strip() = ''.
  psp_fld_l2_dfb_ac_xspec_coh_SCMdlfhg_SCMelfhg: VAR_TYPE = 'data' and UNITS.strip() = ''.
  psp_fld_l2_dfb_ac_xspec_coh_SCMdlfhg_SCMelfhg_saturation_flags: VAR_TYPE = 'support_data' and UNITS.strip() = ''.
  psp_fld_l2_dfb_ac_xspec_phase_SCMdlfhg_SCMelfhg_saturation_flags: VAR_TYPE = 'support_data' and UNITS.strip() = ''.
  psp_fld_l2_dfb_ac_xspec_crossterm_Real_SCMdlfhg_SCMelfhg_saturation_flags: VAR_TYPE = 'support_data' and UNITS.strip() = ''.
  psp_fld_l2_dfb_ac_xspec_crossterm_Imag_SCMdlfhg_SCMelfhg_saturation_flags: VAR_TYPE = 'support_data' and UNITS.strip() = ''.
PSP_FLD_L2_DFB_AC_XSPEC_SCMDLFHG_SCMFLFHG | ISTP.UNITS.Empty:
  psp_fld_l2_dfb_ac_xspec_power_ch1_SCMdlfhg_saturation_flags: VAR_TYPE = 'support_data' and UNITS.strip() = ''.
  psp_fld_l2_dfb_ac_xspec_power_ch2_SCMflfhg_saturation_flags: VAR_TYPE = 'support_data' and UNITS.strip() = ''.
  psp_fld_l2_dfb_ac_xspec_coh_SCMdlfhg_SCMflfhg: VAR_TYPE = 'data' and UNITS.strip() = ''.
  psp_fld_l2_dfb_ac_xspec_coh_SCMdlfhg_SCMflfhg_saturation_flags: VAR_TYPE = 'support_data' and UNITS.strip() = ''.
  psp_fld_l2_dfb_ac_xspec_phase_SCMdlfhg_SCMflfhg_saturation_flags: VAR_TYPE = 'support_data' and UNITS.strip() = ''.
  psp_fld_l2_dfb_ac_xspec_crossterm_Real_SCMdlfhg_SCMflfhg_saturation_flags: VAR_TYPE = 'support_data' and UNITS.strip() = ''.
  psp_fld_l2_dfb_ac_xspec_crossterm_Imag_SCMdlfhg_SCMflfhg_saturation_flags: VAR_TYPE = 'support_data' and UNITS.strip() = ''.
PSP_FLD_L2_DFB_AC_XSPEC_SCMELFHG_SCMFLFHG | ISTP.UNITS.Empty:
  psp_fld_l2_dfb_ac_xspec_power_ch1_SCMelfhg_saturation_flags: VAR_TYPE = 'support_data' and UNITS.strip() = ''.
  psp_fld_l2_dfb_ac_xspec_power_ch2_SCMflfhg_saturation_flags: VAR_TYPE = 'support_data' and UNITS.strip() = ''.
  psp_fld_l2_dfb_ac_xspec_coh_SCMelfhg_SCMflfhg: VAR_TYPE = 'data' and UNITS.strip() = ''.
  psp_fld_l2_dfb_ac_xspec_coh_SCMelfhg_SCMflfhg_saturation_flags: VAR_TYPE = 'support_data' and UNITS.strip() = ''.
  psp_fld_l2_dfb_ac_xspec_phase_SCMelfhg_SCMflfhg_saturation_flags: VAR_TYPE = 'support_data' and UNITS.strip() = ''.
  psp_fld_l2_dfb_ac_xspec_crossterm_Real_SCMelfhg_SCMflfhg_saturation_flags: VAR_TYPE = 'support_data' and UNITS.strip() = ''.
  psp_fld_l2_dfb_ac_xspec_crossterm_Imag_SCMelfhg_SCMflfhg_saturation_flags: VAR_TYPE = 'support_data' and UNITS.strip() = ''.
PSP_FLD_L2_DFB_DC_BPF_DV12HG | ISTP.UNITS.Empty:
  psp_fld_l2_dfb_dc_bpf_dV12hg_saturation_flags: VAR_TYPE = 'support_data' and UNITS.strip() = ''.
PSP_FLD_L2_DFB_DC_BPF_DV34HG | ISTP.UNITS.Empty:
  psp_fld_l2_dfb_dc_bpf_dV34hg_saturation_flags: VAR_TYPE = 'support_data' and UNITS.strip() = ''.
PSP_FLD_L2_DFB_DC_BPF_SCMULFHG | ISTP.UNITS.Empty:
  psp_fld_l2_dfb_dc_bpf_SCMulfhg_saturation_flags: VAR_TYPE = 'support_data' and UNITS.strip() = ''.
PSP_FLD_L2_DFB_DC_BPF_SCMVLFHG | ISTP.UNITS.Empty:
  psp_fld_l2_dfb_dc_bpf_SCMvlfhg_saturation_flags: VAR_TYPE = 'support_data' and UNITS.strip() = ''.
PSP_FLD_L2_DFB_DC_SPEC_DV12HG | ISTP.UNITS.Empty:
  psp_fld_l2_dfb_dc_spec_dV12hg_saturation_flags: VAR_TYPE = 'support_data' and UNITS.strip() = ''.
PSP_FLD_L2_DFB_DC_SPEC_SCMDLFHG | ISTP.UNITS.Empty:
  psp_fld_l2_dfb_dc_spec_SCMdlfhg_saturation_flags: VAR_TYPE = 'support_data' and UNITS.strip() = ''.
PSP_FLD_L2_DFB_DC_SPEC_SCMELFHG | ISTP.UNITS.Empty:
  psp_fld_l2_dfb_dc_spec_SCMelfhg_saturation_flags: VAR_TYPE = 'support_data' and UNITS.strip() = ''.
PSP_FLD_L2_DFB_DC_SPEC_SCMFLFHG | ISTP.UNITS.Empty:
  psp_fld_l2_dfb_dc_spec_SCMflfhg_saturation_flags: VAR_TYPE = 'support_data' and UNITS.strip() = ''.
PSP_FLD_L2_DFB_DC_SPEC_SCMULFHG | ISTP.UNITS.Empty:
  psp_fld_l2_dfb_dc_spec_SCMulfhg_saturation_flags: VAR_TYPE = 'support_data' and UNITS.strip() = ''.
PSP_FLD_L2_DFB_DC_SPEC_SCMVLFHG | ISTP.UNITS.Empty:
  psp_fld_l2_dfb_dc_spec_SCMvlfhg_saturation_flags: VAR_TYPE = 'support_data' and UNITS.strip() = ''.
PSP_FLD_L2_DFB_DC_SPEC_SCMWLFHG | ISTP.UNITS.Empty:
  psp_fld_l2_dfb_dc_spec_SCMwlfhg_saturation_flags: VAR_TYPE = 'support_data' and UNITS.strip() = ''.
PSP_FLD_L2_DFB_DC_XSPEC_SCMDLFHG_SCMELFHG | ISTP.UNITS.Empty:
  psp_fld_l2_dfb_dc_xspec_power_ch1_SCMdlfhg_saturation_flags: VAR_TYPE = 'support_data' and UNITS.strip() = ''.
  psp_fld_l2_dfb_dc_xspec_power_ch2_SCMelfhg_saturation_flags: VAR_TYPE = 'support_data' and UNITS.strip() = ''.
  psp_fld_l2_dfb_dc_xspec_coh_SCMdlfhg_SCMelfhg: VAR_TYPE = 'data' and UNITS.strip() = ''.
  psp_fld_l2_dfb_dc_xspec_coh_SCMdlfhg_SCMelfhg_saturation_flags: VAR_TYPE = 'support_data' and UNITS.strip() = ''.
  psp_fld_l2_dfb_dc_xspec_phase_SCMdlfhg_SCMelfhg_saturation_flags: VAR_TYPE = 'support_data' and UNITS.strip() = ''.
  psp_fld_l2_dfb_dc_xspec_crossterm_Real_SCMdlfhg_SCMelfhg_saturation_flags: VAR_TYPE = 'support_data' and UNITS.strip() = ''.
  psp_fld_l2_dfb_dc_xspec_crossterm_Imag_SCMdlfhg_SCMelfhg_saturation_flags: VAR_TYPE = 'support_data' and UNITS.strip() = ''.
PSP_FLD_L2_DFB_DC_XSPEC_SCMDLFHG_SCMFLFHG | ISTP.UNITS.Empty:
  psp_fld_l2_dfb_dc_xspec_power_ch1_SCMdlfhg_saturation_flags: VAR_TYPE = 'support_data' and UNITS.strip() = ''.
  psp_fld_l2_dfb_dc_xspec_power_ch2_SCMflfhg_saturation_flags: VAR_TYPE = 'support_data' and UNITS.strip() = ''.
  psp_fld_l2_dfb_dc_xspec_coh_SCMdlfhg_SCMflfhg: VAR_TYPE = 'data' and UNITS.strip() = ''.
  psp_fld_l2_dfb_dc_xspec_coh_SCMdlfhg_SCMflfhg_saturation_flags: VAR_TYPE = 'support_data' and UNITS.strip() = ''.
  psp_fld_l2_dfb_dc_xspec_phase_SCMdlfhg_SCMflfhg_saturation_flags: VAR_TYPE = 'support_data' and UNITS.strip() = ''.
  psp_fld_l2_dfb_dc_xspec_crossterm_Real_SCMdlfhg_SCMflfhg_saturation_flags: VAR_TYPE = 'support_data' and UNITS.strip() = ''.
  psp_fld_l2_dfb_dc_xspec_crossterm_Imag_SCMdlfhg_SCMflfhg_saturation_flags: VAR_TYPE = 'support_data' and UNITS.strip() = ''.
PSP_FLD_L2_DFB_DC_XSPEC_SCMELFHG_SCMFLFHG | ISTP.UNITS.Empty:
  psp_fld_l2_dfb_dc_xspec_power_ch1_SCMelfhg_saturation_flags: VAR_TYPE = 'support_data' and UNITS.strip() = ''.
  psp_fld_l2_dfb_dc_xspec_power_ch2_SCMflfhg_saturation_flags: VAR_TYPE = 'support_data' and UNITS.strip() = ''.
  psp_fld_l2_dfb_dc_xspec_coh_SCMelfhg_SCMflfhg: VAR_TYPE = 'data' and UNITS.strip() = ''.
  psp_fld_l2_dfb_dc_xspec_coh_SCMelfhg_SCMflfhg_saturation_flags: VAR_TYPE = 'support_data' and UNITS.strip() = ''.
  psp_fld_l2_dfb_dc_xspec_phase_SCMelfhg_SCMflfhg_saturation_flags: VAR_TYPE = 'support_data' and UNITS.strip() = ''.
  psp_fld_l2_dfb_dc_xspec_crossterm_Real_SCMelfhg_SCMflfhg_saturation_flags: VAR_TYPE = 'support_data' and UNITS.strip() = ''.
  psp_fld_l2_dfb_dc_xspec_crossterm_Imag_SCMelfhg_SCMflfhg_saturation_flags: VAR_TYPE = 'support_data' and UNITS.strip() = ''.
PSP_FLD_L2_DFB_DC_XSPEC_SCMVLFHG_SCMWLFHG | ISTP.UNITS.Empty:
  psp_fld_l2_dfb_dc_xspec_power_ch1_SCMvlfhg_saturation_flags: VAR_TYPE = 'support_data' and UNITS.strip() = ''.
  psp_fld_l2_dfb_dc_xspec_power_ch2_SCMwlfhg_saturation_flags: VAR_TYPE = 'support_data' and UNITS.strip() = ''.
  psp_fld_l2_dfb_dc_xspec_coh_SCMvlfhg_SCMwlfhg: VAR_TYPE = 'data' and UNITS.strip() = ''.
  psp_fld_l2_dfb_dc_xspec_coh_SCMvlfhg_SCMwlfhg_saturation_flags: VAR_TYPE = 'support_data' and UNITS.strip() = ''.
  psp_fld_l2_dfb_dc_xspec_phase_SCMvlfhg_SCMwlfhg_saturation_flags: VAR_TYPE = 'support_data' and UNITS.strip() = ''.
  psp_fld_l2_dfb_dc_xspec_crossterm_Real_SCMvlfhg_SCMwlfhg_saturation_flags: VAR_TYPE = 'support_data' and UNITS.strip() = ''.
  psp_fld_l2_dfb_dc_xspec_crossterm_Imag_SCMvlfhg_SCMwlfhg_saturation_flags: VAR_TYPE = 'support_data' and UNITS.strip() = ''.
PSP_FLD_L3_DUST | ISTP.UNITS.Empty:
  psp_fld_l3_dust_V2_rate_encounter: VAR_TYPE = 'data' and UNITS.strip() = ''.
  psp_fld_l3_dust_V2_rate_inoutbound: VAR_TYPE = 'data' and UNITS.strip() = ''.
  psp_fld_l3_dust_ej2000_pointing_sc_x_vector: VAR_TYPE = 'data' and UNITS.strip() = ''.
  psp_fld_l3_dust_ej2000_pointing_sc_y_vector: VAR_TYPE = 'data' and UNITS.strip() = ''.
  psp_fld_l3_dust_ej2000_pointing_sc_z_vector: VAR_TYPE = 'data' and UNITS.strip() = ''.
PSP_FLD_L3_RFS_LFR_QTN | ISTP.UNITS.Empty:
  N_elec_dqf: VAR_TYPE = 'support_data' and UNITS.strip() = ''.
PSP_ISOIS-EPIHI_L2-HET-RATES10 | ISTP.UNITS.Empty:
  Quality_Flag: VAR_TYPE = 'data' and UNITS.strip() = ''.
  Quality_Flag_NUM: VAR_TYPE = 'support_data' and UNITS.strip() = ''.
  HET_A_RTN: VAR_TYPE = 'data' and UNITS.strip() = ''.
  HET_A_HCI: VAR_TYPE = 'data' and UNITS.strip() = ''.
  HET_B_RTN: VAR_TYPE = 'data' and UNITS.strip() = ''.
  HET_B_HCI: VAR_TYPE = 'data' and UNITS.strip() = ''.
PSP_ISOIS-EPIHI_L2-HET-RATES300 | ISTP.UNITS.Empty:
  HET_R17_SECTORS: VAR_TYPE = 'support_data' and UNITS.strip() = ''.
  HET_A_RTN: VAR_TYPE = 'data' and UNITS.strip() = ''.
  HET_A_R17_SECT_RTN: VAR_TYPE = 'data' and UNITS.strip() = ''.
  HET_B_HCI: VAR_TYPE = 'data' and UNITS.strip() = ''.
  HET_A_HCI: VAR_TYPE = 'data' and UNITS.strip() = ''.
  HET_B_R17_SECT_RTN: VAR_TYPE = 'data' and UNITS.strip() = ''.
  HET_B_R17_SECT_HCI: VAR_TYPE = 'data' and UNITS.strip() = ''.
  HET_B_RTN: VAR_TYPE = 'data' and UNITS.strip() = ''.
  HET_A_R17_SECT_HCI: VAR_TYPE = 'data' and UNITS.strip() = ''.
  Quality_Flag: VAR_TYPE = 'data' and UNITS.strip() = ''.
  Quality_Flag_NUM: VAR_TYPE = 'support_data' and UNITS.strip() = ''.
PSP_ISOIS-EPIHI_L2-HET-RATES3600 | ISTP.UNITS.Empty:
  Quality_Flag: VAR_TYPE = 'data' and UNITS.strip() = ''.
  Quality_Flag_NUM: VAR_TYPE = 'support_data' and UNITS.strip() = ''.
  HET_A_RTN: VAR_TYPE = 'data' and UNITS.strip() = ''.
  HET_A_HCI: VAR_TYPE = 'data' and UNITS.strip() = ''.
  HET_R17_SECTORS: VAR_TYPE = 'support_data' and UNITS.strip() = ''.
  HET_A_R17_SECT_RTN: VAR_TYPE = 'data' and UNITS.strip() = ''.
  HET_A_R17_SECT_HCI: VAR_TYPE = 'data' and UNITS.strip() = ''.
  HET_B_RTN: VAR_TYPE = 'data' and UNITS.strip() = ''.
  HET_B_HCI: VAR_TYPE = 'data' and UNITS.strip() = ''.
  HET_B_R17_SECT_RTN: VAR_TYPE = 'data' and UNITS.strip() = ''.
  HET_B_R17_SECT_HCI: VAR_TYPE = 'data' and UNITS.strip() = ''.
PSP_ISOIS-EPIHI_L2-HET-RATES60 | ISTP.UNITS.Empty:
  Quality_Flag: VAR_TYPE = 'data' and UNITS.strip() = ''.
  Quality_Flag_NUM: VAR_TYPE = 'support_data' and UNITS.strip() = ''.
  HET_A_RTN: VAR_TYPE = 'data' and UNITS.strip() = ''.
  HET_A_HCI: VAR_TYPE = 'data' and UNITS.strip() = ''.
  HET_R17_SECTORS: VAR_TYPE = 'support_data' and UNITS.strip() = ''.
  HET_A_R17_SECT_RTN: VAR_TYPE = 'data' and UNITS.strip() = ''.
  HET_A_R17_SECT_HCI: VAR_TYPE = 'data' and UNITS.strip() = ''.
  HET_B_RTN: VAR_TYPE = 'data' and UNITS.strip() = ''.
  HET_B_HCI: VAR_TYPE = 'data' and UNITS.strip() = ''.
  HET_B_R17_SECT_RTN: VAR_TYPE = 'data' and UNITS.strip() = ''.
  HET_B_R17_SECT_HCI: VAR_TYPE = 'data' and UNITS.strip() = ''.
PSP_ISOIS-EPIHI_L2-LET1-RATES10 | ISTP.UNITS.Empty:
  Quality_Flag: VAR_TYPE = 'data' and UNITS.strip() = ''.
  Quality_Flag_NUM: VAR_TYPE = 'support_data' and UNITS.strip() = ''.
  LET1_A_RTN: VAR_TYPE = 'data' and UNITS.strip() = ''.
  LET1_A_HCI: VAR_TYPE = 'data' and UNITS.strip() = ''.
  LET1_B_RTN: VAR_TYPE = 'data' and UNITS.strip() = ''.
  LET1_B_HCI: VAR_TYPE = 'data' and UNITS.strip() = ''.
PSP_ISOIS-EPIHI_L2-LET1-RATES300 | ISTP.UNITS.Empty:
  LET1_R1_SECTORS: VAR_TYPE = 'support_data' and UNITS.strip() = ''.
  LET1_R26_SECTORS: VAR_TYPE = 'support_data' and UNITS.strip() = ''.
  LET1_A_R1_SECT_HCI: VAR_TYPE = 'data' and UNITS.strip() = ''.
  LET1_B_R1_SECT_RTN: VAR_TYPE = 'data' and UNITS.strip() = ''.
  LET1_A_R26_SECT_RTN: VAR_TYPE = 'data' and UNITS.strip() = ''.
  LET1_A_HCI: VAR_TYPE = 'data' and UNITS.strip() = ''.
  LET1_B_RTN: VAR_TYPE = 'data' and UNITS.strip() = ''.
  LET1_A_R26_SECT_HCI: VAR_TYPE = 'data' and UNITS.strip() = ''.
  LET1_B_R1_SECT_HCI: VAR_TYPE = 'data' and UNITS.strip() = ''.
  LET1_B_R26_SECT_RTN: VAR_TYPE = 'data' and UNITS.strip() = ''.
  LET1_A_R1_SECT_RTN: VAR_TYPE = 'data' and UNITS.strip() = ''.
  LET1_B_HCI: VAR_TYPE = 'data' and UNITS.strip() = ''.
  LET1_A_RTN: VAR_TYPE = 'data' and UNITS.strip() = ''.
  LET1_B_R26_SECT_HCI: VAR_TYPE = 'data' and UNITS.strip() = ''.
  Quality_Flag: VAR_TYPE = 'data' and UNITS.strip() = ''.
  Quality_Flag_NUM: VAR_TYPE = 'support_data' and UNITS.strip() = ''.
PSP_ISOIS-EPIHI_L2-LET1-RATES3600 | ISTP.UNITS.Empty:
  Quality_Flag: VAR_TYPE = 'data' and UNITS.strip() = ''.
  Quality_Flag_NUM: VAR_TYPE = 'support_data' and UNITS.strip() = ''.
  LET1_A_RTN: VAR_TYPE = 'data' and UNITS.strip() = ''.
  LET1_A_HCI: VAR_TYPE = 'data' and UNITS.strip() = ''.
  LET1_R1_SECTORS: VAR_TYPE = 'support_data' and UNITS.strip() = ''.
  LET1_A_R1_SECT_RTN: VAR_TYPE = 'data' and UNITS.strip() = ''.
  LET1_A_R1_SECT_HCI: VAR_TYPE = 'data' and UNITS.strip() = ''.
  LET1_R26_SECTORS: VAR_TYPE = 'support_data' and UNITS.strip() = ''.
  LET1_A_R26_SECT_RTN: VAR_TYPE = 'data' and UNITS.strip() = ''.
  LET1_A_R26_SECT_HCI: VAR_TYPE = 'data' and UNITS.strip() = ''.
  LET1_B_RTN: VAR_TYPE = 'data' and UNITS.strip() = ''.
  LET1_B_HCI: VAR_TYPE = 'data' and UNITS.strip() = ''.
  LET1_B_R1_SECT_RTN: VAR_TYPE = 'data' and UNITS.strip() = ''.
  LET1_B_R1_SECT_HCI: VAR_TYPE = 'data' and UNITS.strip() = ''.
  LET1_B_R26_SECT_RTN: VAR_TYPE = 'data' and UNITS.strip() = ''.
  LET1_B_R26_SECT_HCI: VAR_TYPE = 'data' and UNITS.strip() = ''.
PSP_ISOIS-EPIHI_L2-LET1-RATES60 | ISTP.UNITS.Empty:
  Quality_Flag: VAR_TYPE = 'data' and UNITS.strip() = ''.
  Quality_Flag_NUM: VAR_TYPE = 'support_data' and UNITS.strip() = ''.
  LET1_A_RTN: VAR_TYPE = 'data' and UNITS.strip() = ''.
  LET1_A_HCI: VAR_TYPE = 'data' and UNITS.strip() = ''.
  LET1_R1_SECTORS: VAR_TYPE = 'support_data' and UNITS.strip() = ''.
  LET1_A_R1_SECT_RTN: VAR_TYPE = 'data' and UNITS.strip() = ''.
  LET1_A_R1_SECT_HCI: VAR_TYPE = 'data' and UNITS.strip() = ''.
  LET1_R26_SECTORS: VAR_TYPE = 'support_data' and UNITS.strip() = ''.
  LET1_A_R26_SECT_RTN: VAR_TYPE = 'data' and UNITS.strip() = ''.
  LET1_A_R26_SECT_HCI: VAR_TYPE = 'data' and UNITS.strip() = ''.
  LET1_B_RTN: VAR_TYPE = 'data' and UNITS.strip() = ''.
  LET1_B_HCI: VAR_TYPE = 'data' and UNITS.strip() = ''.
  LET1_B_R1_SECT_RTN: VAR_TYPE = 'data' and UNITS.strip() = ''.
  LET1_B_R1_SECT_HCI: VAR_TYPE = 'data' and UNITS.strip() = ''.
  LET1_B_R26_SECT_RTN: VAR_TYPE = 'data' and UNITS.strip() = ''.
  LET1_B_R26_SECT_HCI: VAR_TYPE = 'data' and UNITS.strip() = ''.
PSP_ISOIS-EPIHI_L2-LET2-RATES10 | ISTP.UNITS.Empty:
  Quality_Flag: VAR_TYPE = 'data' and UNITS.strip() = ''.
  Quality_Flag_NUM: VAR_TYPE = 'support_data' and UNITS.strip() = ''.
  LET2_C_RTN: VAR_TYPE = 'data' and UNITS.strip() = ''.
  LET2_C_HCI: VAR_TYPE = 'data' and UNITS.strip() = ''.
PSP_ISOIS-EPIHI_L2-LET2-RATES300 | ISTP.UNITS.Empty:
  LET2_C_R1_SECT_RTN: VAR_TYPE = 'data' and UNITS.strip() = ''.
  LET2_R1_SECTORS: VAR_TYPE = 'support_data' and UNITS.strip() = ''.
  LET2_R25_SECTORS: VAR_TYPE = 'support_data' and UNITS.strip() = ''.
  LET2_C_R25_SECT_HCI: VAR_TYPE = 'data' and UNITS.strip() = ''.
  LET2_C_R1_SECT_HCI: VAR_TYPE = 'data' and UNITS.strip() = ''.
  LET2_C_RTN: VAR_TYPE = 'data' and UNITS.strip() = ''.
  LET2_C_R25_SECT_RTN: VAR_TYPE = 'data' and UNITS.strip() = ''.
  LET2_C_HCI: VAR_TYPE = 'data' and UNITS.strip() = ''.
  Quality_Flag: VAR_TYPE = 'data' and UNITS.strip() = ''.
  Quality_Flag_NUM: VAR_TYPE = 'support_data' and UNITS.strip() = ''.
PSP_ISOIS-EPIHI_L2-LET2-RATES3600 | ISTP.UNITS.Empty:
  Quality_Flag: VAR_TYPE = 'data' and UNITS.strip() = ''.
  Quality_Flag_NUM: VAR_TYPE = 'support_data' and UNITS.strip() = ''.
  LET2_C_RTN: VAR_TYPE = 'data' and UNITS.strip() = ''.
  LET2_C_HCI: VAR_TYPE = 'data' and UNITS.strip() = ''.
  LET2_R1_SECTORS: VAR_TYPE = 'support_data' and UNITS.strip() = ''.
  LET2_C_R1_SECT_RTN: VAR_TYPE = 'data' and UNITS.strip() = ''.
  LET2_C_R1_SECT_HCI: VAR_TYPE = 'data' and UNITS.strip() = ''.
  LET2_R25_SECTORS: VAR_TYPE = 'support_data' and UNITS.strip() = ''.
  LET2_C_R25_SECT_RTN: VAR_TYPE = 'data' and UNITS.strip() = ''.
  LET2_C_R25_SECT_HCI: VAR_TYPE = 'data' and UNITS.strip() = ''.
PSP_ISOIS-EPIHI_L2-LET2-RATES60 | ISTP.UNITS.Empty:
  Quality_Flag: VAR_TYPE = 'data' and UNITS.strip() = ''.
  Quality_Flag_NUM: VAR_TYPE = 'support_data' and UNITS.strip() = ''.
  LET2_C_RTN: VAR_TYPE = 'data' and UNITS.strip() = ''.
  LET2_C_HCI: VAR_TYPE = 'data' and UNITS.strip() = ''.
  LET2_R1_SECTORS: VAR_TYPE = 'support_data' and UNITS.strip() = ''.
  LET2_C_R1_SECT_RTN: VAR_TYPE = 'data' and UNITS.strip() = ''.
  LET2_C_R1_SECT_HCI: VAR_TYPE = 'data' and UNITS.strip() = ''.
  LET2_R25_SECTORS: VAR_TYPE = 'support_data' and UNITS.strip() = ''.
  LET2_C_R25_SECT_RTN: VAR_TYPE = 'data' and UNITS.strip() = ''.
  LET2_C_R25_SECT_HCI: VAR_TYPE = 'data' and UNITS.strip() = ''.
PSP_ISOIS-EPIHI_L2-SECOND-RATES | ISTP.UNITS.Empty:
  HET_B_RTN: VAR_TYPE = 'data' and UNITS.strip() = ''.
  HET_A_HCI: VAR_TYPE = 'data' and UNITS.strip() = ''.
  LET1_A_HCI: VAR_TYPE = 'data' and UNITS.strip() = ''.
  LET1_B_RTN: VAR_TYPE = 'data' and UNITS.strip() = ''.
  LET2_C_RTN: VAR_TYPE = 'data' and UNITS.strip() = ''.
  HET_A_RTN: VAR_TYPE = 'data' and UNITS.strip() = ''.
  HET_B_HCI: VAR_TYPE = 'data' and UNITS.strip() = ''.
  LET1_B_HCI: VAR_TYPE = 'data' and UNITS.strip() = ''.
  LET1_A_RTN: VAR_TYPE = 'data' and UNITS.strip() = ''.
  LET2_C_HCI: VAR_TYPE = 'data' and UNITS.strip() = ''.
  Quality_Flag: VAR_TYPE = 'data' and UNITS.strip() = ''.
  Quality_Flag_NUM: VAR_TYPE = 'support_data' and UNITS.strip() = ''.
PSP_ISOIS-EPILO_L2-IC | ISTP.UNITS.Empty:
  Quality_Flag_NUM: VAR_TYPE = 'support_data' and UNITS.strip() = ''.
  Quality_Flag_ChanR: VAR_TYPE = 'data' and UNITS.strip() = ''.
  Quality_Flag_ChanT: VAR_TYPE = 'data' and UNITS.strip() = ''.
  HCI_ChanC: VAR_TYPE = 'data' and UNITS.strip() = ''.
  HCI_ChanD: VAR_TYPE = 'data' and UNITS.strip() = ''.
  HCI_ChanP: VAR_TYPE = 'data' and UNITS.strip() = ''.
  HCI_ChanR: VAR_TYPE = 'data' and UNITS.strip() = ''.
  HCI_ChanT: VAR_TYPE = 'data' and UNITS.strip() = ''.
  RTN_ChanC: VAR_TYPE = 'data' and UNITS.strip() = ''.
  RTN_ChanD: VAR_TYPE = 'data' and UNITS.strip() = ''.
  RTN_ChanP: VAR_TYPE = 'data' and UNITS.strip() = ''.
  RTN_ChanR: VAR_TYPE = 'data' and UNITS.strip() = ''.
  RTN_ChanT: VAR_TYPE = 'data' and UNITS.strip() = ''.
  Look_Direction_80_DELTAPLUS: VAR_TYPE = 'support_data' and UNITS.strip() = ''.
  Look_Direction_80_DELTAMINUS: VAR_TYPE = 'support_data' and UNITS.strip() = ''.
PSP_ISOIS-EPILO_L2-PE | ISTP.UNITS.Empty:
  HCI_ChanE: VAR_TYPE = 'data' and UNITS.strip() = ''.
  Look_Direction_08_DELTAMINUS: VAR_TYPE = 'support_data' and UNITS.strip() = ''.
  Look_Direction_08_DELTAPLUS: VAR_TYPE = 'support_data' and UNITS.strip() = ''.
  HCI_ChanF: VAR_TYPE = 'data' and UNITS.strip() = ''.
  HCI_ChanG: VAR_TYPE = 'data' and UNITS.strip() = ''.
  Look_Direction_80_DELTAPLUS: VAR_TYPE = 'support_data' and UNITS.strip() = ''.
  Look_Direction_80_DELTAMINUS: VAR_TYPE = 'support_data' and UNITS.strip() = ''.
  RTN_ChanE: VAR_TYPE = 'data' and UNITS.strip() = ''.
  RTN_ChanF: VAR_TYPE = 'data' and UNITS.strip() = ''.
  RTN_ChanG: VAR_TYPE = 'data' and UNITS.strip() = ''.
  Quality_Flag_ChanE: VAR_TYPE = 'data' and UNITS.strip() = ''.
  Quality_Flag_ChanF: VAR_TYPE = 'data' and UNITS.strip() = ''.
  Quality_Flag_ChanG: VAR_TYPE = 'data' and UNITS.strip() = ''.
  Quality_Flag_NUM: VAR_TYPE = 'support_data' and UNITS.strip() = ''.
PSP_ISOIS_L2-EPHEM | ISTP.UNITS.Empty:
  Ram_Pointing: VAR_TYPE = 'data' and UNITS.strip() = ''.
  Umbra_Pointing: VAR_TYPE = 'data' and UNITS.strip() = ''.
PSP_SWP_SPA_SF0_L3_PAD | ISTP.UNITS.Empty:
  QUALITY_FLAG: VAR_TYPE = 'data' and UNITS.strip() = ''.
PSP_SWP_SPB_SF0_L2_16AX8DX32E | ISTP.UNITS.Empty:
  QUALITY_FLAG: VAR_TYPE = 'data' and UNITS.strip() = ''.
PSP_SWP_SPB_SF0_L3_PAD | ISTP.UNITS.Empty:
  QUALITY_FLAG: VAR_TYPE = 'data' and UNITS.strip() = ''.
PSP_SWP_SPB_SF1_L2_32E | ISTP.UNITS.Empty:
  QUALITY_FLAG: VAR_TYPE = 'data' and UNITS.strip() = ''.
PSP_SWP_SPI_SF00_L2_8DX32EX8A | ISTP.UNITS.Empty:
  CNTS: VAR_TYPE = 'data' and UNITS.strip() = ''.
  DATA: VAR_TYPE = 'data' and UNITS.strip() = ''.
  QUALITY_FLAG: VAR_TYPE = 'data' and UNITS.strip() = ''.
PSP_SWP_SPI_SF00_L3_MOM | ISTP.UNITS.Empty:
  CNTS: VAR_TYPE = 'data' and UNITS.strip() = ''.
  QUALITY_FLAG: VAR_TYPE = 'data' and UNITS.strip() = ''.
  QUAT_SC_TO_RTN: VAR_TYPE = 'data' and UNITS.strip() = ''.
PSP_SWP_SPI_SF00_L3_MOM_INST | ISTP.UNITS.Empty:
  QUALITY_FLAG: VAR_TYPE = 'data' and UNITS.strip() = ''.
PSP_SWP_SPI_SF01_L2_8DX32EX8A | ISTP.UNITS.Empty:
  CNTS: VAR_TYPE = 'data' and UNITS.strip() = ''.
  DATA: VAR_TYPE = 'data' and UNITS.strip() = ''.
  QUALITY_FLAG: VAR_TYPE = 'data' and UNITS.strip() = ''.
PSP_SWP_SPI_SF0A_L3_MOM | ISTP.UNITS.Empty:
  CNTS: VAR_TYPE = 'data' and UNITS.strip() = ''.
  QUALITY_FLAG: VAR_TYPE = 'data' and UNITS.strip() = ''.
  QUAT_SC_TO_RTN: VAR_TYPE = 'data' and UNITS.strip() = ''.
PSP_SWP_SPI_SF0A_L3_MOM_INST | ISTP.UNITS.Empty:
  QUALITY_FLAG: VAR_TYPE = 'data' and UNITS.strip() = ''.
RBSP-A_HFR-WAVEFORM_EMFISIS-L2 | ISTP.UNITS.Empty:
  fftSize: VAR_TYPE = 'support_data' and UNITS.strip() = ''.
RBSP-A_WFR-SPECTRAL-MATRIX_EMFISIS-L2 | ISTP.UNITS.Empty:
  Complex: VAR_TYPE = 'support_data' and UNITS.strip() = ''.
RBSP-A_WFR-WAVEFORM-CONTINUOUS-BURST_EMFISIS-L2 | ISTP.UNITS.Empty:
  fftSize: VAR_TYPE = 'support_data' and UNITS.strip() = ''.
RBSP-A_WFR-WAVEFORM_EMFISIS-L2 | ISTP.UNITS.Empty:
  fftSize: VAR_TYPE = 'support_data' and UNITS.strip() = ''.
RBSP-A_WNA-SURVEY-SHEATH-CORRECTED-E_EMFISIS-L4 | ISTP.UNITS.Empty:
  cohb1_2: VAR_TYPE = 'data' and UNITS.strip() = ''.
  cohb1_3: VAR_TYPE = 'data' and UNITS.strip() = ''.
  cohb2_3: VAR_TYPE = 'data' and UNITS.strip() = ''.
  eigen: VAR_TYPE = 'data' and UNITS.strip() = ''.
  ellsvd: VAR_TYPE = 'data' and UNITS.strip() = ''.
  polsvd: VAR_TYPE = 'data' and UNITS.strip() = ''.
  plansvd: VAR_TYPE = 'data' and UNITS.strip() = ''.
  plansvde: VAR_TYPE = 'data' and UNITS.strip() = ''.
  L: VAR_TYPE = 'support_data' and UNITS.strip() = ''.
  Tuvw2fac: VAR_TYPE = 'support_data' and UNITS.strip() = ''.
  EclipseFlag: VAR_TYPE = 'support_data' and UNITS.strip() = ''.
  ThrusterFlag: VAR_TYPE = 'support_data' and UNITS.strip() = ''.
  ChargeEvtFlag: VAR_TYPE = 'support_data' and UNITS.strip() = ''.
  SunShadowFlag: VAR_TYPE = 'support_data' and UNITS.strip() = ''.
  EuSheathCorMag: VAR_TYPE = 'support_data' and UNITS.strip() = ''.
  EvSheathCorMag: VAR_TYPE = 'support_data' and UNITS.strip() = ''.
  EwSheathCorMag: VAR_TYPE = 'support_data' and UNITS.strip() = ''.
RBSP-A_WNA-SURVEY_EMFISIS-L4 | ISTP.UNITS.Empty:
  L: VAR_TYPE = 'data' and UNITS.strip() = ''.
  Tuvw2fac: VAR_TYPE = 'data' and UNITS.strip() = ''.
  EclipseFlag: VAR_TYPE = 'support_data' and UNITS.strip() = ''.
  ThrusterFlag: VAR_TYPE = 'support_data' and UNITS.strip() = ''.
  ChargeEvtFlag: VAR_TYPE = 'support_data' and UNITS.strip() = ''.
  SunShadowFlag: VAR_TYPE = 'support_data' and UNITS.strip() = ''.
RBSP-B_HFR-WAVEFORM_EMFISIS-L2 | ISTP.UNITS.Empty:
  fftSize: VAR_TYPE = 'support_data' and UNITS.strip() = ''.
RBSP-B_WFR-SPECTRAL-MATRIX_EMFISIS-L2 | ISTP.UNITS.Empty:
  Complex: VAR_TYPE = 'support_data' and UNITS.strip() = ''.
RBSP-B_WFR-WAVEFORM-CONTINUOUS-BURST_EMFISIS-L2 | ISTP.UNITS.Empty:
  fftSize: VAR_TYPE = 'support_data' and UNITS.strip() = ''.
RBSP-B_WFR-WAVEFORM_EMFISIS-L2 | ISTP.UNITS.Empty:
  fftSize: VAR_TYPE = 'support_data' and UNITS.strip() = ''.
RBSP-B_WNA-SURVEY-SHEATH-CORRECTED-E_EMFISIS-L4 | ISTP.UNITS.Empty:
  cohb1_2: VAR_TYPE = 'data' and UNITS.strip() = ''.
  cohb1_3: VAR_TYPE = 'data' and UNITS.strip() = ''.
  cohb2_3: VAR_TYPE = 'data' and UNITS.strip() = ''.
  eigen: VAR_TYPE = 'data' and UNITS.strip() = ''.
  ellsvd: VAR_TYPE = 'data' and UNITS.strip() = ''.
  polsvd: VAR_TYPE = 'data' and UNITS.strip() = ''.
  plansvd: VAR_TYPE = 'data' and UNITS.strip() = ''.
  plansvde: VAR_TYPE = 'data' and UNITS.strip() = ''.
  L: VAR_TYPE = 'support_data' and UNITS.strip() = ''.
  Tuvw2fac: VAR_TYPE = 'support_data' and UNITS.strip() = ''.
  EclipseFlag: VAR_TYPE = 'support_data' and UNITS.strip() = ''.
  ThrusterFlag: VAR_TYPE = 'support_data' and UNITS.strip() = ''.
  ChargeEvtFlag: VAR_TYPE = 'support_data' and UNITS.strip() = ''.
  SunShadowFlag: VAR_TYPE = 'support_data' and UNITS.strip() = ''.
  EuSheathCorMag: VAR_TYPE = 'support_data' and UNITS.strip() = ''.
  EvSheathCorMag: VAR_TYPE = 'support_data' and UNITS.strip() = ''.
  EwSheathCorMag: VAR_TYPE = 'support_data' and UNITS.strip() = ''.
RBSP-B_WNA-SURVEY_EMFISIS-L4 | ISTP.UNITS.Empty:
  L: VAR_TYPE = 'data' and UNITS.strip() = ''.
  Tuvw2fac: VAR_TYPE = 'data' and UNITS.strip() = ''.
  EclipseFlag: VAR_TYPE = 'support_data' and UNITS.strip() = ''.
  ThrusterFlag: VAR_TYPE = 'support_data' and UNITS.strip() = ''.
  ChargeEvtFlag: VAR_TYPE = 'support_data' and UNITS.strip() = ''.
  SunShadowFlag: VAR_TYPE = 'support_data' and UNITS.strip() = ''.
RBSPA_REL04_ECT-HOPE-SCI-L2 | ISTP.UNITS.Empty:
  L_Ion: VAR_TYPE = 'data' and UNITS.strip() = ''.
  L_Ele: VAR_TYPE = 'data' and UNITS.strip() = ''.
  L_star_Ion: VAR_TYPE = 'data' and UNITS.strip() = ''.
  L_star_Ele: VAR_TYPE = 'data' and UNITS.strip() = ''.
RBSPA_REL04_ECT-HOPE-SCI-L2SA | ISTP.UNITS.Empty:
  L_Ion: VAR_TYPE = 'data' and UNITS.strip() = ''.
  L_Ele: VAR_TYPE = 'data' and UNITS.strip() = ''.
  L_star_Ion: VAR_TYPE = 'data' and UNITS.strip() = ''.
  L_star_Ele: VAR_TYPE = 'data' and UNITS.strip() = ''.
RBSPB_REL04_ECT-HOPE-SCI-L2 | ISTP.UNITS.Empty:
  L_Ion: VAR_TYPE = 'data' and UNITS.strip() = ''.
  L_Ele: VAR_TYPE = 'data' and UNITS.strip() = ''.
  L_star_Ion: VAR_TYPE = 'data' and UNITS.strip() = ''.
  L_star_Ele: VAR_TYPE = 'data' and UNITS.strip() = ''.
RBSPB_REL04_ECT-HOPE-SCI-L2SA | ISTP.UNITS.Empty:
  L_Ion: VAR_TYPE = 'data' and UNITS.strip() = ''.
  L_Ele: VAR_TYPE = 'data' and UNITS.strip() = ''.
  L_star_Ion: VAR_TYPE = 'data' and UNITS.strip() = ''.
  L_star_Ele: VAR_TYPE = 'data' and UNITS.strip() = ''.
RBSP_ECT-REPT-SCI-L3-SELESNICK-MODEL | ISTP.UNITS.Empty:
  numEnergies: VAR_TYPE = 'support_data' and UNITS.strip() = ''.
  numPitchAngles: VAR_TYPE = 'support_data' and UNITS.strip() = ''.
  numLshells: VAR_TYPE = 'support_data' and UNITS.strip() = ''.
  NL_shells: VAR_TYPE = 'data' and UNITS.strip() = ''.
  Ne_index: VAR_TYPE = 'support_data' and UNITS.strip() = ''.
  Na_index: VAR_TYPE = 'support_data' and UNITS.strip() = ''.
  NL_index: VAR_TYPE = 'support_data' and UNITS.strip() = ''.
RS_K0_IPEI | ISTP.UNITS.Empty:
  Ni: VAR_TYPE = 'data' and UNITS.strip() = ''.
  logN: VAR_TYPE = 'data' and UNITS.strip() = ''.
SE_K0_AIS | ISTP.UNITS.Empty:
  quality_flag: VAR_TYPE = 'support_data' and UNITS.strip() = ''.
  feature_flag: VAR_TYPE = 'support_data' and UNITS.strip() = ''.
  post_gap: VAR_TYPE = 'support_data' and UNITS.strip() = ''.
SE_K0_FPI | ISTP.UNITS.Empty:
  quality_flag: VAR_TYPE = 'support_data' and UNITS.strip() = ''.
  post_gap: VAR_TYPE = 'support_data' and UNITS.strip() = ''.
SE_K0_MAG | ISTP.UNITS.Empty:
  quality_flag: VAR_TYPE = 'support_data' and UNITS.strip() = ''.
  post_gap: VAR_TYPE = 'support_data' and UNITS.strip() = ''.
SE_K0_RIO | ISTP.UNITS.Empty:
  quality_flag: VAR_TYPE = 'support_data' and UNITS.strip() = ''.
  post_gap: VAR_TYPE = 'support_data' and UNITS.strip() = ''.
SE_K0_VLF | ISTP.UNITS.Empty:
  quality_flag: VAR_TYPE = 'support_data' and UNITS.strip() = ''.
  post_gap: VAR_TYPE = 'support_data' and UNITS.strip() = ''.
SNOE_L3_GEO | ISTP.UNITS.Empty:
  YYYYDDD: VAR_TYPE = 'support_data' and UNITS.strip() = ''.
  orbit: VAR_TYPE = 'data' and UNITS.strip() = ''.
SNOE_L3_MAG | ISTP.UNITS.Empty:
  YYYYDDD: VAR_TYPE = 'support_data' and UNITS.strip() = ''.
  orbit: VAR_TYPE = 'data' and UNITS.strip() = ''.
SOHO_CELIAS-PM_30S | ISTP.UNITS.Empty:
  CRN: VAR_TYPE = 'data' and UNITS.strip() = ''.
SOHO_CELIAS-PM_5MIN | ISTP.UNITS.Empty:
  CRN: VAR_TYPE = 'data' and UNITS.strip() = ''.
SOHO_COSTEP-EPHIN_L3I-10MIN | ISTP.UNITS.Empty:
  status: VAR_TYPE = 'data' and UNITS.strip() = ''.
SOHO_COSTEP-EPHIN_L3I-1DAY | ISTP.UNITS.Empty:
  status: VAR_TYPE = 'data' and UNITS.strip() = ''.
SOHO_COSTEP-EPHIN_L3I-1HR | ISTP.UNITS.Empty:
  status: VAR_TYPE = 'data' and UNITS.strip() = ''.
SOHO_COSTEP-EPHIN_L3I-1MIN | ISTP.UNITS.Empty:
  status: VAR_TYPE = 'data' and UNITS.strip() = ''.
SOHO_COSTEP-EPHIN_L3I-30MIN | ISTP.UNITS.Empty:
  status: VAR_TYPE = 'data' and UNITS.strip() = ''.
SOHO_COSTEP-EPHIN_L3I-5MIN | ISTP.UNITS.Empty:
  status: VAR_TYPE = 'data' and UNITS.strip() = ''.
SOHO_ERNE-HED_L2-1MIN | ISTP.UNITS.Empty:
  est: VAR_TYPE = 'data' and UNITS.strip() = ''.
SOHO_ERNE-LED_L2-1MIN | ISTP.UNITS.Empty:
  est: VAR_TYPE = 'data' and UNITS.strip() = ''.
SOHO_ERNE_HEAVY-ION-1HR | ISTP.UNITS.Empty:
  C_count: VAR_TYPE = 'data' and UNITS.strip() = ''.
  N_count: VAR_TYPE = 'data' and UNITS.strip() = ''.
  O_count: VAR_TYPE = 'data' and UNITS.strip() = ''.
  Ne_count: VAR_TYPE = 'data' and UNITS.strip() = ''.
  Mg_count: VAR_TYPE = 'data' and UNITS.strip() = ''.
  Si_count: VAR_TYPE = 'data' and UNITS.strip() = ''.
  CNO_count: VAR_TYPE = 'data' and UNITS.strip() = ''.
  SiAr_count: VAR_TYPE = 'data' and UNITS.strip() = ''.
  FeCoNi_count: VAR_TYPE = 'data' and UNITS.strip() = ''.
SOHO_ERNE_HEAVY-ION-5MIN | ISTP.UNITS.Empty:
  C_count: VAR_TYPE = 'data' and UNITS.strip() = ''.
  N_count: VAR_TYPE = 'data' and UNITS.strip() = ''.
  O_count: VAR_TYPE = 'data' and UNITS.strip() = ''.
  Ne_count: VAR_TYPE = 'data' and UNITS.strip() = ''.
  Mg_count: VAR_TYPE = 'data' and UNITS.strip() = ''.
  Si_count: VAR_TYPE = 'data' and UNITS.strip() = ''.
  CNO_count: VAR_TYPE = 'data' and UNITS.strip() = ''.
  SiAr_count: VAR_TYPE = 'data' and UNITS.strip() = ''.
  FeCoNi_count: VAR_TYPE = 'data' and UNITS.strip() = ''.
SOLO_L2_EPD-EPT-ASUN-BURST-ELE-CLOSE | ISTP.UNITS.Empty:
  QUALITY_FLAG: VAR_TYPE = 'support_data' and UNITS.strip() = ''.
  QUALITY_BITMASK: VAR_TYPE = 'support_data' and UNITS.strip() = ''.
SOLO_L2_EPD-EPT-ASUN-BURST-ION | ISTP.UNITS.Empty:
  QUALITY_FLAG: VAR_TYPE = 'support_data' and UNITS.strip() = ''.
  QUALITY_BITMASK: VAR_TYPE = 'support_data' and UNITS.strip() = ''.
SOLO_L2_EPD-EPT-ASUN-HCAD | ISTP.UNITS.Empty:
  RTN: VAR_TYPE = 'support_data' and UNITS.strip() = ''.
  XYZ: VAR_TYPE = 'support_data' and UNITS.strip() = ''.
  QUALITY_FLAG: VAR_TYPE = 'support_data' and UNITS.strip() = ''.
  QUALITY_BITMASK: VAR_TYPE = 'support_data' and UNITS.strip() = ''.
SOLO_L2_EPD-EPT-ASUN-RATES | ISTP.UNITS.Empty:
  RTN: VAR_TYPE = 'support_data' and UNITS.strip() = ''.
  XYZ: VAR_TYPE = 'support_data' and UNITS.strip() = ''.
  QUALITY_FLAG: VAR_TYPE = 'support_data' and UNITS.strip() = ''.
  QUALITY_BITMASK: VAR_TYPE = 'support_data' and UNITS.strip() = ''.
  QUALITY_FLAG_1: VAR_TYPE = 'support_data' and UNITS.strip() = ''.
  QUALITY_BITMASK_1: VAR_TYPE = 'support_data' and UNITS.strip() = ''.
SOLO_L2_EPD-EPT-NORTH-BURST-ELE-CLOSE | ISTP.UNITS.Empty:
  QUALITY_FLAG: VAR_TYPE = 'support_data' and UNITS.strip() = ''.
  QUALITY_BITMASK: VAR_TYPE = 'support_data' and UNITS.strip() = ''.
SOLO_L2_EPD-EPT-NORTH-BURST-ION | ISTP.UNITS.Empty:
  QUALITY_FLAG: VAR_TYPE = 'support_data' and UNITS.strip() = ''.
  QUALITY_BITMASK: VAR_TYPE = 'support_data' and UNITS.strip() = ''.
SOLO_L2_EPD-EPT-NORTH-HCAD | ISTP.UNITS.Empty:
  RTN: VAR_TYPE = 'support_data' and UNITS.strip() = ''.
  XYZ: VAR_TYPE = 'support_data' and UNITS.strip() = ''.
  QUALITY_FLAG: VAR_TYPE = 'support_data' and UNITS.strip() = ''.
  QUALITY_BITMASK: VAR_TYPE = 'support_data' and UNITS.strip() = ''.
SOLO_L2_EPD-EPT-NORTH-RATES | ISTP.UNITS.Empty:
  RTN: VAR_TYPE = 'support_data' and UNITS.strip() = ''.
  XYZ: VAR_TYPE = 'support_data' and UNITS.strip() = ''.
  QUALITY_FLAG: VAR_TYPE = 'support_data' and UNITS.strip() = ''.
  QUALITY_BITMASK: VAR_TYPE = 'support_data' and UNITS.strip() = ''.
  QUALITY_FLAG_1: VAR_TYPE = 'support_data' and UNITS.strip() = ''.
  QUALITY_BITMASK_1: VAR_TYPE = 'support_data' and UNITS.strip() = ''.
SOLO_L2_EPD-EPT-SOUTH-BURST-ELE-CLOSE | ISTP.UNITS.Empty:
  QUALITY_FLAG: VAR_TYPE = 'support_data' and UNITS.strip() = ''.
  QUALITY_BITMASK: VAR_TYPE = 'support_data' and UNITS.strip() = ''.
SOLO_L2_EPD-EPT-SOUTH-BURST-ION | ISTP.UNITS.Empty:
  QUALITY_FLAG: VAR_TYPE = 'support_data' and UNITS.strip() = ''.
  QUALITY_BITMASK: VAR_TYPE = 'support_data' and UNITS.strip() = ''.
SOLO_L2_EPD-EPT-SOUTH-HCAD | ISTP.UNITS.Empty:
  RTN: VAR_TYPE = 'support_data' and UNITS.strip() = ''.
  XYZ: VAR_TYPE = 'support_data' and UNITS.strip() = ''.
  QUALITY_FLAG: VAR_TYPE = 'support_data' and UNITS.strip() = ''.
  QUALITY_BITMASK: VAR_TYPE = 'support_data' and UNITS.strip() = ''.
SOLO_L2_EPD-EPT-SOUTH-RATES | ISTP.UNITS.Empty:
  RTN: VAR_TYPE = 'support_data' and UNITS.strip() = ''.
  XYZ: VAR_TYPE = 'support_data' and UNITS.strip() = ''.
  QUALITY_FLAG: VAR_TYPE = 'support_data' and UNITS.strip() = ''.
  QUALITY_BITMASK: VAR_TYPE = 'support_data' and UNITS.strip() = ''.
  QUALITY_FLAG_1: VAR_TYPE = 'support_data' and UNITS.strip() = ''.
  QUALITY_BITMASK_1: VAR_TYPE = 'support_data' and UNITS.strip() = ''.
SOLO_L2_EPD-EPT-SUN-BURST-ELE-CLOSE | ISTP.UNITS.Empty:
  QUALITY_FLAG: VAR_TYPE = 'support_data' and UNITS.strip() = ''.
  QUALITY_BITMASK: VAR_TYPE = 'support_data' and UNITS.strip() = ''.
SOLO_L2_EPD-EPT-SUN-BURST-ION | ISTP.UNITS.Empty:
  QUALITY_FLAG: VAR_TYPE = 'support_data' and UNITS.strip() = ''.
  QUALITY_BITMASK: VAR_TYPE = 'support_data' and UNITS.strip() = ''.
SOLO_L2_EPD-EPT-SUN-HCAD | ISTP.UNITS.Empty:
  RTN: VAR_TYPE = 'support_data' and UNITS.strip() = ''.
  XYZ: VAR_TYPE = 'support_data' and UNITS.strip() = ''.
  QUALITY_FLAG: VAR_TYPE = 'support_data' and UNITS.strip() = ''.
  QUALITY_BITMASK: VAR_TYPE = 'support_data' and UNITS.strip() = ''.
SOLO_L2_EPD-EPT-SUN-RATES | ISTP.UNITS.Empty:
  RTN: VAR_TYPE = 'support_data' and UNITS.strip() = ''.
  XYZ: VAR_TYPE = 'support_data' and UNITS.strip() = ''.
  QUALITY_FLAG: VAR_TYPE = 'support_data' and UNITS.strip() = ''.
  QUALITY_BITMASK: VAR_TYPE = 'support_data' and UNITS.strip() = ''.
  QUALITY_FLAG_1: VAR_TYPE = 'support_data' and UNITS.strip() = ''.
  QUALITY_BITMASK_1: VAR_TYPE = 'support_data' and UNITS.strip() = ''.
SOLO_L2_EPD-HET-ASUN-BURST | ISTP.UNITS.Empty:
  QUALITY_FLAG: VAR_TYPE = 'support_data' and UNITS.strip() = ''.
  QUALITY_BITMASK: VAR_TYPE = 'support_data' and UNITS.strip() = ''.
  QUALITY_FLAG_1: VAR_TYPE = 'support_data' and UNITS.strip() = ''.
  QUALITY_BITMASK_1: VAR_TYPE = 'support_data' and UNITS.strip() = ''.
SOLO_L2_EPD-HET-ASUN-RATES | ISTP.UNITS.Empty:
  RTN: VAR_TYPE = 'support_data' and UNITS.strip() = ''.
  XYZ: VAR_TYPE = 'support_data' and UNITS.strip() = ''.
  QUALITY_FLAG: VAR_TYPE = 'support_data' and UNITS.strip() = ''.
  QUALITY_BITMASK: VAR_TYPE = 'support_data' and UNITS.strip() = ''.
  QUALITY_FLAG_1: VAR_TYPE = 'support_data' and UNITS.strip() = ''.
  QUALITY_BITMASK_1: VAR_TYPE = 'support_data' and UNITS.strip() = ''.
  QUALITY_FLAG_2: VAR_TYPE = 'support_data' and UNITS.strip() = ''.
  QUALITY_BITMASK_2: VAR_TYPE = 'support_data' and UNITS.strip() = ''.
  QUALITY_FLAG_3: VAR_TYPE = 'support_data' and UNITS.strip() = ''.
  QUALITY_BITMASK_3: VAR_TYPE = 'support_data' and UNITS.strip() = ''.
  QUALITY_FLAG_4: VAR_TYPE = 'support_data' and UNITS.strip() = ''.
  QUALITY_BITMASK_4: VAR_TYPE = 'support_data' and UNITS.strip() = ''.
SOLO_L2_EPD-HET-NORTH-BURST | ISTP.UNITS.Empty:
  QUALITY_FLAG: VAR_TYPE = 'support_data' and UNITS.strip() = ''.
  QUALITY_BITMASK: VAR_TYPE = 'support_data' and UNITS.strip() = ''.
  QUALITY_FLAG_1: VAR_TYPE = 'support_data' and UNITS.strip() = ''.
  QUALITY_BITMASK_1: VAR_TYPE = 'support_data' and UNITS.strip() = ''.
SOLO_L2_EPD-HET-NORTH-RATES | ISTP.UNITS.Empty:
  RTN: VAR_TYPE = 'support_data' and UNITS.strip() = ''.
  XYZ: VAR_TYPE = 'support_data' and UNITS.strip() = ''.
  QUALITY_FLAG: VAR_TYPE = 'support_data' and UNITS.strip() = ''.
  QUALITY_BITMASK: VAR_TYPE = 'support_data' and UNITS.strip() = ''.
  QUALITY_FLAG_1: VAR_TYPE = 'support_data' and UNITS.strip() = ''.
  QUALITY_BITMASK_1: VAR_TYPE = 'support_data' and UNITS.strip() = ''.
  QUALITY_FLAG_2: VAR_TYPE = 'support_data' and UNITS.strip() = ''.
  QUALITY_BITMASK_2: VAR_TYPE = 'support_data' and UNITS.strip() = ''.
  QUALITY_FLAG_3: VAR_TYPE = 'support_data' and UNITS.strip() = ''.
  QUALITY_BITMASK_3: VAR_TYPE = 'support_data' and UNITS.strip() = ''.
  QUALITY_FLAG_4: VAR_TYPE = 'support_data' and UNITS.strip() = ''.
  QUALITY_BITMASK_4: VAR_TYPE = 'support_data' and UNITS.strip() = ''.
SOLO_L2_EPD-HET-SOUTH-BURST | ISTP.UNITS.Empty:
  QUALITY_FLAG: VAR_TYPE = 'support_data' and UNITS.strip() = ''.
  QUALITY_BITMASK: VAR_TYPE = 'support_data' and UNITS.strip() = ''.
  QUALITY_FLAG_1: VAR_TYPE = 'support_data' and UNITS.strip() = ''.
  QUALITY_BITMASK_1: VAR_TYPE = 'support_data' and UNITS.strip() = ''.
SOLO_L2_EPD-HET-SOUTH-RATES | ISTP.UNITS.Empty:
  RTN: VAR_TYPE = 'support_data' and UNITS.strip() = ''.
  XYZ: VAR_TYPE = 'support_data' and UNITS.strip() = ''.
  QUALITY_FLAG: VAR_TYPE = 'support_data' and UNITS.strip() = ''.
  QUALITY_BITMASK: VAR_TYPE = 'support_data' and UNITS.strip() = ''.
  QUALITY_FLAG_1: VAR_TYPE = 'support_data' and UNITS.strip() = ''.
  QUALITY_BITMASK_1: VAR_TYPE = 'support_data' and UNITS.strip() = ''.
  QUALITY_FLAG_2: VAR_TYPE = 'support_data' and UNITS.strip() = ''.
  QUALITY_BITMASK_2: VAR_TYPE = 'support_data' and UNITS.strip() = ''.
  QUALITY_FLAG_3: VAR_TYPE = 'support_data' and UNITS.strip() = ''.
  QUALITY_BITMASK_3: VAR_TYPE = 'support_data' and UNITS.strip() = ''.
  QUALITY_FLAG_4: VAR_TYPE = 'support_data' and UNITS.strip() = ''.
  QUALITY_BITMASK_4: VAR_TYPE = 'support_data' and UNITS.strip() = ''.
SOLO_L2_EPD-HET-SUN-BURST | ISTP.UNITS.Empty:
  QUALITY_FLAG: VAR_TYPE = 'support_data' and UNITS.strip() = ''.
  QUALITY_BITMASK: VAR_TYPE = 'support_data' and UNITS.strip() = ''.
  QUALITY_FLAG_1: VAR_TYPE = 'support_data' and UNITS.strip() = ''.
  QUALITY_BITMASK_1: VAR_TYPE = 'support_data' and UNITS.strip() = ''.
SOLO_L2_EPD-HET-SUN-RATES | ISTP.UNITS.Empty:
  RTN: VAR_TYPE = 'support_data' and UNITS.strip() = ''.
  XYZ: VAR_TYPE = 'support_data' and UNITS.strip() = ''.
  QUALITY_FLAG: VAR_TYPE = 'support_data' and UNITS.strip() = ''.
  QUALITY_BITMASK: VAR_TYPE = 'support_data' and UNITS.strip() = ''.
  QUALITY_FLAG_1: VAR_TYPE = 'support_data' and UNITS.strip() = ''.
  QUALITY_BITMASK_1: VAR_TYPE = 'support_data' and UNITS.strip() = ''.
  QUALITY_FLAG_2: VAR_TYPE = 'support_data' and UNITS.strip() = ''.
  QUALITY_BITMASK_2: VAR_TYPE = 'support_data' and UNITS.strip() = ''.
  QUALITY_FLAG_3: VAR_TYPE = 'support_data' and UNITS.strip() = ''.
  QUALITY_BITMASK_3: VAR_TYPE = 'support_data' and UNITS.strip() = ''.
  QUALITY_FLAG_4: VAR_TYPE = 'support_data' and UNITS.strip() = ''.
  QUALITY_BITMASK_4: VAR_TYPE = 'support_data' and UNITS.strip() = ''.
SOLO_L2_EPD-SIS-A-HEHIST | ISTP.UNITS.Empty:
  XYZ: VAR_TYPE = 'support_data' and UNITS.strip() = ''.
  QUALITY_FLAG: VAR_TYPE = 'support_data' and UNITS.strip() = ''.
  QUALITY_BITMASK: VAR_TYPE = 'support_data' and UNITS.strip() = ''.
SOLO_L2_EPD-SIS-A-RATES-FAST | ISTP.UNITS.Empty:
  RTN: VAR_TYPE = 'support_data' and UNITS.strip() = ''.
  XYZ: VAR_TYPE = 'support_data' and UNITS.strip() = ''.
  QUALITY_FLAG: VAR_TYPE = 'support_data' and UNITS.strip() = ''.
  QUALITY_BITMASK: VAR_TYPE = 'support_data' and UNITS.strip() = ''.
SOLO_L2_EPD-SIS-A-RATES-MEDIUM | ISTP.UNITS.Empty:
  RTN: VAR_TYPE = 'support_data' and UNITS.strip() = ''.
  XYZ: VAR_TYPE = 'support_data' and UNITS.strip() = ''.
  QUALITY_FLAG: VAR_TYPE = 'support_data' and UNITS.strip() = ''.
  QUALITY_BITMASK: VAR_TYPE = 'support_data' and UNITS.strip() = ''.
SOLO_L2_EPD-SIS-A-RATES-SLOW | ISTP.UNITS.Empty:
  XYZ: VAR_TYPE = 'support_data' and UNITS.strip() = ''.
  QUALITY_FLAG: VAR_TYPE = 'support_data' and UNITS.strip() = ''.
  QUALITY_BITMASK: VAR_TYPE = 'support_data' and UNITS.strip() = ''.
SOLO_L2_EPD-SIS-B-HEHIST | ISTP.UNITS.Empty:
  XYZ: VAR_TYPE = 'support_data' and UNITS.strip() = ''.
  QUALITY_FLAG: VAR_TYPE = 'support_data' and UNITS.strip() = ''.
  QUALITY_BITMASK: VAR_TYPE = 'support_data' and UNITS.strip() = ''.
SOLO_L2_EPD-SIS-B-RATES-FAST | ISTP.UNITS.Empty:
  RTN: VAR_TYPE = 'support_data' and UNITS.strip() = ''.
  XYZ: VAR_TYPE = 'support_data' and UNITS.strip() = ''.
  QUALITY_FLAG: VAR_TYPE = 'support_data' and UNITS.strip() = ''.
  QUALITY_BITMASK: VAR_TYPE = 'support_data' and UNITS.strip() = ''.
SOLO_L2_EPD-SIS-B-RATES-MEDIUM | ISTP.UNITS.Empty:
  RTN: VAR_TYPE = 'support_data' and UNITS.strip() = ''.
  XYZ: VAR_TYPE = 'support_data' and UNITS.strip() = ''.
  QUALITY_FLAG: VAR_TYPE = 'support_data' and UNITS.strip() = ''.
  QUALITY_BITMASK: VAR_TYPE = 'support_data' and UNITS.strip() = ''.
SOLO_L2_EPD-SIS-B-RATES-SLOW | ISTP.UNITS.Empty:
  XYZ: VAR_TYPE = 'support_data' and UNITS.strip() = ''.
  QUALITY_FLAG: VAR_TYPE = 'support_data' and UNITS.strip() = ''.
  QUALITY_BITMASK: VAR_TYPE = 'support_data' and UNITS.strip() = ''.
SOLO_L2_EPD-STEP-BURST | ISTP.UNITS.Empty:
  Sectors: VAR_TYPE = 'support_data' and UNITS.strip() = ''.
  QUALITY_FLAG: VAR_TYPE = 'support_data' and UNITS.strip() = ''.
  QUALITY_BITMASK: VAR_TYPE = 'support_data' and UNITS.strip() = ''.
SOLO_L2_EPD-STEP-HCAD | ISTP.UNITS.Empty:
  Sector_Rows: VAR_TYPE = 'support_data' and UNITS.strip() = ''.
  Sector_Columns: VAR_TYPE = 'support_data' and UNITS.strip() = ''.
  RTN_Sector_Rows: VAR_TYPE = 'support_data' and UNITS.strip() = ''.
  XYZ_Sector_Rows: VAR_TYPE = 'support_data' and UNITS.strip() = ''.
  RTN_Sector_Columns: VAR_TYPE = 'support_data' and UNITS.strip() = ''.
  XYZ_Sector_Columns: VAR_TYPE = 'support_data' and UNITS.strip() = ''.
  QUALITY_FLAG: VAR_TYPE = 'support_data' and UNITS.strip() = ''.
  QUALITY_BITMASK: VAR_TYPE = 'support_data' and UNITS.strip() = ''.
SOLO_L2_EPD-STEP-MAIN | ISTP.UNITS.Empty:
  QUALITY_FLAG: VAR_TYPE = 'support_data' and UNITS.strip() = ''.
  QUALITY_BITMASK: VAR_TYPE = 'support_data' and UNITS.strip() = ''.
  SMALL_PIXELS_FLAG: VAR_TYPE = 'support_data' and UNITS.strip() = ''.
  Electron_01_Flux_Mult: VAR_TYPE = 'support_data' and UNITS.strip() = ''.
  Electron_02_Flux_Mult: VAR_TYPE = 'support_data' and UNITS.strip() = ''.
  Electron_03_Flux_Mult: VAR_TYPE = 'support_data' and UNITS.strip() = ''.
  Electron_04_Flux_Mult: VAR_TYPE = 'support_data' and UNITS.strip() = ''.
  Electron_05_Flux_Mult: VAR_TYPE = 'support_data' and UNITS.strip() = ''.
  Electron_06_Flux_Mult: VAR_TYPE = 'support_data' and UNITS.strip() = ''.
  Electron_07_Flux_Mult: VAR_TYPE = 'support_data' and UNITS.strip() = ''.
  Electron_08_Flux_Mult: VAR_TYPE = 'support_data' and UNITS.strip() = ''.
  Electron_09_Flux_Mult: VAR_TYPE = 'support_data' and UNITS.strip() = ''.
  Electron_10_Flux_Mult: VAR_TYPE = 'support_data' and UNITS.strip() = ''.
  Electron_11_Flux_Mult: VAR_TYPE = 'support_data' and UNITS.strip() = ''.
  Electron_12_Flux_Mult: VAR_TYPE = 'support_data' and UNITS.strip() = ''.
  Electron_13_Flux_Mult: VAR_TYPE = 'support_data' and UNITS.strip() = ''.
  Electron_14_Flux_Mult: VAR_TYPE = 'support_data' and UNITS.strip() = ''.
  Electron_15_Flux_Mult: VAR_TYPE = 'support_data' and UNITS.strip() = ''.
  Electron_Avg_Flux_Mult: VAR_TYPE = 'support_data' and UNITS.strip() = ''.
  RTN: VAR_TYPE = 'support_data' and UNITS.strip() = ''.
  XYZ: VAR_TYPE = 'support_data' and UNITS.strip() = ''.
  Pixels: VAR_TYPE = 'support_data' and UNITS.strip() = ''.
  RTN_Pixels: VAR_TYPE = 'support_data' and UNITS.strip() = ''.
  XYZ_Pixels: VAR_TYPE = 'support_data' and UNITS.strip() = ''.
SOLO_L2_EPD-STEP-RATES | ISTP.UNITS.Empty:
  RTN: VAR_TYPE = 'support_data' and UNITS.strip() = ''.
  XYZ: VAR_TYPE = 'support_data' and UNITS.strip() = ''.
  Sectors: VAR_TYPE = 'support_data' and UNITS.strip() = ''.
  RTN_Sectors: VAR_TYPE = 'support_data' and UNITS.strip() = ''.
  XYZ_Sectors: VAR_TYPE = 'support_data' and UNITS.strip() = ''.
  QUALITY_FLAG: VAR_TYPE = 'support_data' and UNITS.strip() = ''.
  QUALITY_BITMASK: VAR_TYPE = 'support_data' and UNITS.strip() = ''.
SOLO_L2_RPW-HFR-SURV | ISTP.UNITS.Empty:
  NUM: VAR_TYPE = 'support_data' and UNITS.strip() = ''.
  TIME_INTERPOL_FLAG: VAR_TYPE = 'support_data' and UNITS.strip() = ''.
  QUALITY_FLAG: VAR_TYPE = 'support_data' and UNITS.strip() = ''.
  QUALITY_BITMASK: VAR_TYPE = 'support_data' and UNITS.strip() = ''.
  SWEEP_NUM: VAR_TYPE = 'data' and UNITS.strip() = ''.
  TICKS_NR: VAR_TYPE = 'support_data' and UNITS.strip() = ''.
  SWEEP_MODE: VAR_TYPE = 'data' and UNITS.strip() = ''.
  SURVEY_MODE: VAR_TYPE = 'data' and UNITS.strip() = ''.
  CHANNEL_STATUS: VAR_TYPE = 'support_data' and UNITS.strip() = ''.
  AVERAGE_NR: VAR_TYPE = 'data' and UNITS.strip() = ''.
  FRONT_END: VAR_TYPE = 'data' and UNITS.strip() = ''.
  SENSOR_CONFIG: VAR_TYPE = 'data' and UNITS.strip() = ''.
  RPW_STATUS: VAR_TYPE = 'data' and UNITS.strip() = ''.
  HFR_BAND: VAR_TYPE = 'support_data' and UNITS.strip() = ''.
  SYNCHRO_FLAG: VAR_TYPE = 'support_data' and UNITS.strip() = ''.
SOLO_L2_RPW-LFR-SURV-ASM | ISTP.UNITS.Empty:
  F0: VAR_TYPE = 'support_data' and UNITS.strip() = ''.
  F1: VAR_TYPE = 'support_data' and UNITS.strip() = ''.
  F2: VAR_TYPE = 'support_data' and UNITS.strip() = ''.
  ASM_RE_F0: VAR_TYPE = 'data' and UNITS.strip() = ''.
  ASM_RE_F0_ASF_SPEC: VAR_TYPE = 'data' and UNITS.strip() = ''.
  ASM_IM_F0: VAR_TYPE = 'data' and UNITS.strip() = ''.
  ASM_IM_F0_ASF_SPEC: VAR_TYPE = 'data' and UNITS.strip() = ''.
  ASM_RE_F1: VAR_TYPE = 'data' and UNITS.strip() = ''.
  ASM_RE_F1_ASF_SPEC: VAR_TYPE = 'data' and UNITS.strip() = ''.
  ASM_IM_F1: VAR_TYPE = 'data' and UNITS.strip() = ''.
  ASM_IM_F1_ASF_SPEC: VAR_TYPE = 'data' and UNITS.strip() = ''.
  ASM_RE_F2: VAR_TYPE = 'data' and UNITS.strip() = ''.
  ASM_RE_F2_ASF_SPEC: VAR_TYPE = 'data' and UNITS.strip() = ''.
  ASM_IM_F2: VAR_TYPE = 'data' and UNITS.strip() = ''.
  ASM_IM_F2_ASF_SPEC: VAR_TYPE = 'data' and UNITS.strip() = ''.
  ASM_RE_F0_SRF: VAR_TYPE = 'data' and UNITS.strip() = ''.
  ASM_RE_F0_SRF_SPEC: VAR_TYPE = 'data' and UNITS.strip() = ''.
  ASM_IM_F0_SRF: VAR_TYPE = 'data' and UNITS.strip() = ''.
  ASM_IM_F0_SRF_SPEC: VAR_TYPE = 'data' and UNITS.strip() = ''.
  ASM_RE_F1_SRF: VAR_TYPE = 'data' and UNITS.strip() = ''.
  ASM_RE_F1_SRF_SPEC: VAR_TYPE = 'data' and UNITS.strip() = ''.
  ASM_IM_F1_SRF: VAR_TYPE = 'data' and UNITS.strip() = ''.
  ASM_IM_F1_SRF_SPEC: VAR_TYPE = 'data' and UNITS.strip() = ''.
  ASM_RE_F2_SRF: VAR_TYPE = 'data' and UNITS.strip() = ''.
  ASM_RE_F2_SRF_SPEC: VAR_TYPE = 'data' and UNITS.strip() = ''.
  ASM_IM_F2_SRF: VAR_TYPE = 'data' and UNITS.strip() = ''.
  ASM_IM_F2_SRF_SPEC: VAR_TYPE = 'data' and UNITS.strip() = ''.
  QUALITY_FLAG: VAR_TYPE = 'support_data' and UNITS.strip() = ''.
  COMMON_BIA_STATUS_FLAG: VAR_TYPE = 'support_data' and UNITS.strip() = ''.
  QUALITY_BITMASK: VAR_TYPE = 'support_data' and UNITS.strip() = ''.
  SURVEY_MODE: VAR_TYPE = 'data' and UNITS.strip() = ''.
  FREQ: VAR_TYPE = 'support_data' and UNITS.strip() = ''.
  BIAS_MODE_MUX_SET: VAR_TYPE = 'support_data' and UNITS.strip() = ''.
  BIAS_MODE_HV_ENABLED: VAR_TYPE = 'support_data' and UNITS.strip() = ''.
  BIAS_MODE_BIAS1_ENABLED: VAR_TYPE = 'support_data' and UNITS.strip() = ''.
  BIAS_MODE_BIAS2_ENABLED: VAR_TYPE = 'support_data' and UNITS.strip() = ''.
  BIAS_MODE_BIAS3_ENABLED: VAR_TYPE = 'support_data' and UNITS.strip() = ''.
  BIAS_ON_OFF: VAR_TYPE = 'support_data' and UNITS.strip() = ''.
  BW: VAR_TYPE = 'support_data' and UNITS.strip() = ''.
  SP0: VAR_TYPE = 'support_data' and UNITS.strip() = ''.
  SP1: VAR_TYPE = 'support_data' and UNITS.strip() = ''.
  R0: VAR_TYPE = 'support_data' and UNITS.strip() = ''.
  R1: VAR_TYPE = 'support_data' and UNITS.strip() = ''.
  R2: VAR_TYPE = 'support_data' and UNITS.strip() = ''.
  ASM_CNT: VAR_TYPE = 'support_data' and UNITS.strip() = ''.
  SYNCHRO_FLAG: VAR_TYPE = 'support_data' and UNITS.strip() = ''.
SOLO_L2_RPW-LFR-SURV-BP1 | ISTP.UNITS.Empty:
  L2_QUALITY_BITMASK: VAR_TYPE = 'support_data' and UNITS.strip() = ''.
  N_F0: VAR_TYPE = 'support_data' and UNITS.strip() = ''.
  N_F1: VAR_TYPE = 'support_data' and UNITS.strip() = ''.
  N_F2: VAR_TYPE = 'support_data' and UNITS.strip() = ''.
  B_F0: VAR_TYPE = 'support_data' and UNITS.strip() = ''.
  B_F1: VAR_TYPE = 'support_data' and UNITS.strip() = ''.
  PE_N_F0: VAR_TYPE = 'data' and UNITS.strip() = ''.
  PE_N_F1: VAR_TYPE = 'data' and UNITS.strip() = ''.
  PE_N_F2: VAR_TYPE = 'data' and UNITS.strip() = ''.
  PE_B_F0: VAR_TYPE = 'data' and UNITS.strip() = ''.
  PE_B_F1: VAR_TYPE = 'data' and UNITS.strip() = ''.
  PB_N_F0: VAR_TYPE = 'data' and UNITS.strip() = ''.
  PB_N_F1: VAR_TYPE = 'data' and UNITS.strip() = ''.
  PB_N_F2: VAR_TYPE = 'data' and UNITS.strip() = ''.
  PB_B_F0: VAR_TYPE = 'data' and UNITS.strip() = ''.
  PB_B_F1: VAR_TYPE = 'data' and UNITS.strip() = ''.
  NVEC_N_F0: VAR_TYPE = 'data' and UNITS.strip() = ''.
  NVEC_N_F1: VAR_TYPE = 'data' and UNITS.strip() = ''.
  NVEC_N_F2: VAR_TYPE = 'data' and UNITS.strip() = ''.
  NVEC_B_F0: VAR_TYPE = 'data' and UNITS.strip() = ''.
  NVEC_B_F1: VAR_TYPE = 'data' and UNITS.strip() = ''.
  NVEC_N_F0_SRF: VAR_TYPE = 'data' and UNITS.strip() = ''.
  NVEC_N_F1_SRF: VAR_TYPE = 'data' and UNITS.strip() = ''.
  NVEC_N_F2_SRF: VAR_TYPE = 'data' and UNITS.strip() = ''.
  NVEC_B_F0_SRF: VAR_TYPE = 'data' and UNITS.strip() = ''.
  NVEC_B_F1_SRF: VAR_TYPE = 'data' and UNITS.strip() = ''.
  ELLIP_N_F0: VAR_TYPE = 'data' and UNITS.strip() = ''.
  ELLIP_N_F1: VAR_TYPE = 'data' and UNITS.strip() = ''.
  ELLIP_N_F2: VAR_TYPE = 'data' and UNITS.strip() = ''.
  ELLIP_B_F0: VAR_TYPE = 'data' and UNITS.strip() = ''.
  ELLIP_B_F1: VAR_TYPE = 'data' and UNITS.strip() = ''.
  DOP_N_F0: VAR_TYPE = 'data' and UNITS.strip() = ''.
  DOP_N_F1: VAR_TYPE = 'data' and UNITS.strip() = ''.
  DOP_N_F2: VAR_TYPE = 'data' and UNITS.strip() = ''.
  DOP_B_F0: VAR_TYPE = 'data' and UNITS.strip() = ''.
  DOP_B_F1: VAR_TYPE = 'data' and UNITS.strip() = ''.
  SX_REA_N_F0: VAR_TYPE = 'data' and UNITS.strip() = ''.
  SX_REA_N_F1: VAR_TYPE = 'data' and UNITS.strip() = ''.
  SX_REA_N_F2: VAR_TYPE = 'data' and UNITS.strip() = ''.
  SX_REA_B_F0: VAR_TYPE = 'data' and UNITS.strip() = ''.
  SX_REA_B_F1: VAR_TYPE = 'data' and UNITS.strip() = ''.
  SX_ARG_N_F0: VAR_TYPE = 'data' and UNITS.strip() = ''.
  SX_ARG_N_F1: VAR_TYPE = 'data' and UNITS.strip() = ''.
  SX_ARG_N_F2: VAR_TYPE = 'data' and UNITS.strip() = ''.
  SX_ARG_B_F0: VAR_TYPE = 'data' and UNITS.strip() = ''.
  SX_ARG_B_F1: VAR_TYPE = 'data' and UNITS.strip() = ''.
  VPHI_REA_N_F0: VAR_TYPE = 'data' and UNITS.strip() = ''.
  VPHI_REA_N_F1: VAR_TYPE = 'data' and UNITS.strip() = ''.
  VPHI_REA_N_F2: VAR_TYPE = 'data' and UNITS.strip() = ''.
  VPHI_REA_B_F0: VAR_TYPE = 'data' and UNITS.strip() = ''.
  VPHI_REA_B_F1: VAR_TYPE = 'data' and UNITS.strip() = ''.
  VPHI_ARG_N_F0: VAR_TYPE = 'data' and UNITS.strip() = ''.
  VPHI_ARG_N_F1: VAR_TYPE = 'data' and UNITS.strip() = ''.
  VPHI_ARG_N_F2: VAR_TYPE = 'data' and UNITS.strip() = ''.
  VPHI_ARG_B_F0: VAR_TYPE = 'data' and UNITS.strip() = ''.
  VPHI_ARG_B_F1: VAR_TYPE = 'data' and UNITS.strip() = ''.
  QUALITY_FLAG: VAR_TYPE = 'support_data' and UNITS.strip() = ''.
  COMMON_BIA_STATUS_FLAG: VAR_TYPE = 'support_data' and UNITS.strip() = ''.
  QUALITY_BITMASK: VAR_TYPE = 'support_data' and UNITS.strip() = ''.
  SURVEY_MODE: VAR_TYPE = 'data' and UNITS.strip() = ''.
  FREQ: VAR_TYPE = 'support_data' and UNITS.strip() = ''.
  BIAS_MODE_MUX_SET: VAR_TYPE = 'support_data' and UNITS.strip() = ''.
  BIAS_MODE_HV_ENABLED: VAR_TYPE = 'support_data' and UNITS.strip() = ''.
  BIAS_MODE_BIAS1_ENABLED: VAR_TYPE = 'support_data' and UNITS.strip() = ''.
  BIAS_MODE_BIAS2_ENABLED: VAR_TYPE = 'support_data' and UNITS.strip() = ''.
  BIAS_MODE_BIAS3_ENABLED: VAR_TYPE = 'support_data' and UNITS.strip() = ''.
  BIAS_ON_OFF: VAR_TYPE = 'support_data' and UNITS.strip() = ''.
  BW: VAR_TYPE = 'support_data' and UNITS.strip() = ''.
  SP0: VAR_TYPE = 'support_data' and UNITS.strip() = ''.
  SP1: VAR_TYPE = 'support_data' and UNITS.strip() = ''.
  R0: VAR_TYPE = 'support_data' and UNITS.strip() = ''.
  R1: VAR_TYPE = 'support_data' and UNITS.strip() = ''.
  R2: VAR_TYPE = 'support_data' and UNITS.strip() = ''.
  BP1_CNT: VAR_TYPE = 'support_data' and UNITS.strip() = ''.
  SYNCHRO_FLAG: VAR_TYPE = 'support_data' and UNITS.strip() = ''.
SOLO_L2_RPW-LFR-SURV-BP2 | ISTP.UNITS.Empty:
  N_F0: VAR_TYPE = 'support_data' and UNITS.strip() = ''.
  N_F1: VAR_TYPE = 'support_data' and UNITS.strip() = ''.
  N_F2: VAR_TYPE = 'support_data' and UNITS.strip() = ''.
  B_F0: VAR_TYPE = 'support_data' and UNITS.strip() = ''.
  B_F1: VAR_TYPE = 'support_data' and UNITS.strip() = ''.
  BP2_RE_N_F0: VAR_TYPE = 'data' and UNITS.strip() = ''.
  BP2_RE_N_F1: VAR_TYPE = 'data' and UNITS.strip() = ''.
  BP2_RE_N_F2: VAR_TYPE = 'data' and UNITS.strip() = ''.
  BP2_IM_N_F0: VAR_TYPE = 'data' and UNITS.strip() = ''.
  BP2_IM_N_F1: VAR_TYPE = 'data' and UNITS.strip() = ''.
  BP2_IM_N_F2: VAR_TYPE = 'data' and UNITS.strip() = ''.
  BP2_RE_B_F0: VAR_TYPE = 'data' and UNITS.strip() = ''.
  BP2_RE_B_F1: VAR_TYPE = 'data' and UNITS.strip() = ''.
  BP2_IM_B_F0: VAR_TYPE = 'data' and UNITS.strip() = ''.
  BP2_IM_B_F1: VAR_TYPE = 'data' and UNITS.strip() = ''.
  BP2_RE_N_F0_SRF: VAR_TYPE = 'data' and UNITS.strip() = ''.
  BP2_RE_N_F1_SRF: VAR_TYPE = 'data' and UNITS.strip() = ''.
  BP2_RE_N_F2_SRF: VAR_TYPE = 'data' and UNITS.strip() = ''.
  BP2_IM_N_F0_SRF: VAR_TYPE = 'data' and UNITS.strip() = ''.
  BP2_IM_N_F1_SRF: VAR_TYPE = 'data' and UNITS.strip() = ''.
  BP2_IM_N_F2_SRF: VAR_TYPE = 'data' and UNITS.strip() = ''.
  BP2_RE_B_F0_SRF: VAR_TYPE = 'data' and UNITS.strip() = ''.
  BP2_RE_B_F1_SRF: VAR_TYPE = 'data' and UNITS.strip() = ''.
  BP2_IM_B_F0_SRF: VAR_TYPE = 'data' and UNITS.strip() = ''.
  BP2_IM_B_F1_SRF: VAR_TYPE = 'data' and UNITS.strip() = ''.
  QUALITY_FLAG: VAR_TYPE = 'support_data' and UNITS.strip() = ''.
  QUALITY_BITMASK: VAR_TYPE = 'support_data' and UNITS.strip() = ''.
  COMMON_BIA_STATUS_FLAG: VAR_TYPE = 'support_data' and UNITS.strip() = ''.
  SURVEY_MODE: VAR_TYPE = 'data' and UNITS.strip() = ''.
  FREQ: VAR_TYPE = 'support_data' and UNITS.strip() = ''.
  BIAS_MODE_MUX_SET: VAR_TYPE = 'support_data' and UNITS.strip() = ''.
  BIAS_MODE_HV_ENABLED: VAR_TYPE = 'support_data' and UNITS.strip() = ''.
  BIAS_MODE_BIAS1_ENABLED: VAR_TYPE = 'support_data' and UNITS.strip() = ''.
  BIAS_MODE_BIAS2_ENABLED: VAR_TYPE = 'support_data' and UNITS.strip() = ''.
  BIAS_MODE_BIAS3_ENABLED: VAR_TYPE = 'support_data' and UNITS.strip() = ''.
  BIAS_ON_OFF: VAR_TYPE = 'support_data' and UNITS.strip() = ''.
  BW: VAR_TYPE = 'support_data' and UNITS.strip() = ''.
  SP0: VAR_TYPE = 'support_data' and UNITS.strip() = ''.
  SP1: VAR_TYPE = 'support_data' and UNITS.strip() = ''.
  R0: VAR_TYPE = 'support_data' and UNITS.strip() = ''.
  R1: VAR_TYPE = 'support_data' and UNITS.strip() = ''.
  R2: VAR_TYPE = 'support_data' and UNITS.strip() = ''.
  BP2_CNT: VAR_TYPE = 'support_data' and UNITS.strip() = ''.
  SYNCHRO_FLAG: VAR_TYPE = 'support_data' and UNITS.strip() = ''.
SOLO_L2_RPW-LFR-SURV-CWF-B | ISTP.UNITS.Empty:
  QUALITY_FLAG: VAR_TYPE = 'support_data' and UNITS.strip() = ''.
  SURVEY_MODE: VAR_TYPE = 'data' and UNITS.strip() = ''.
  CALIBRATION_TABLE_INDEX: VAR_TYPE = 'support_data' and UNITS.strip() = ''.
  QUALITY_BITMASK: VAR_TYPE = 'support_data' and UNITS.strip() = ''.
  L2_QUALITY_BITMASK: VAR_TYPE = 'support_data' and UNITS.strip() = ''.
SOLO_L2_RPW-LFR-SURV-CWF-E | ISTP.UNITS.Empty:
  QUALITY_FLAG: VAR_TYPE = 'support_data' and UNITS.strip() = ''.
  QUALITY_BITMASK: VAR_TYPE = 'support_data' and UNITS.strip() = ''.
  L2_QUALITY_BITMASK: VAR_TYPE = 'support_data' and UNITS.strip() = ''.
  BW: VAR_TYPE = 'support_data' and UNITS.strip() = ''.
  DELTA_PLUS_MINUS: VAR_TYPE = 'support_data' and UNITS.strip() = ''.
  SYNCHRO_FLAG: VAR_TYPE = 'support_data' and UNITS.strip() = ''.
SOLO_L2_RPW-TDS-SURV-HIST1D | ISTP.UNITS.Empty:
  QUALITY_FLAG: VAR_TYPE = 'support_data' and UNITS.strip() = ''.
  QUALITY_BITMASK: VAR_TYPE = 'support_data' and UNITS.strip() = ''.
  BIA_STATUS_INFO: VAR_TYPE = 'support_data' and UNITS.strip() = ''.
  RPW_STATUS_INFO: VAR_TYPE = 'support_data' and UNITS.strip() = ''.
  SURVEY_MODE: VAR_TYPE = 'support_data' and UNITS.strip() = ''.
  INPUT_CONFIG: VAR_TYPE = 'support_data' and UNITS.strip() = ''.
  CHANNEL_REF: VAR_TYPE = 'support_data' and UNITS.strip() = ''.
  HIST1D_ID: VAR_TYPE = 'support_data' and UNITS.strip() = ''.
  HIST1D_PARAM: VAR_TYPE = 'support_data' and UNITS.strip() = ''.
  HIST1D_AXIS: VAR_TYPE = 'support_data' and UNITS.strip() = ''.
  HIST1D_OUT: VAR_TYPE = 'support_data' and UNITS.strip() = ''.
  HIST1D_BINS: VAR_TYPE = 'support_data' and UNITS.strip() = ''.
SOLO_L2_RPW-TDS-SURV-HIST2D | ISTP.UNITS.Empty:
  QUALITY_FLAG: VAR_TYPE = 'support_data' and UNITS.strip() = ''.
  QUALITY_BITMASK: VAR_TYPE = 'support_data' and UNITS.strip() = ''.
  BIA_STATUS_INFO: VAR_TYPE = 'support_data' and UNITS.strip() = ''.
  SURVEY_MODE: VAR_TYPE = 'support_data' and UNITS.strip() = ''.
  INPUT_CONFIG: VAR_TYPE = 'support_data' and UNITS.strip() = ''.
  CHANNEL_REF: VAR_TYPE = 'support_data' and UNITS.strip() = ''.
  HIST2D_ID: VAR_TYPE = 'support_data' and UNITS.strip() = ''.
  HIST2D_PARAMS: VAR_TYPE = 'support_data' and UNITS.strip() = ''.
  HIST2D_AXIS1: VAR_TYPE = 'support_data' and UNITS.strip() = ''.
  HIST2D_AXIS2: VAR_TYPE = 'support_data' and UNITS.strip() = ''.
  HIST2D_BINS1: VAR_TYPE = 'support_data' and UNITS.strip() = ''.
  HIST2D_BINS2: VAR_TYPE = 'support_data' and UNITS.strip() = ''.
  HIST2D_TOT_SNAPSHOT: VAR_TYPE = 'data' and UNITS.strip() = ''.
SOLO_L2_RPW-TDS-SURV-STAT | ISTP.UNITS.Empty:
  QUALITY_FLAG: VAR_TYPE = 'support_data' and UNITS.strip() = ''.
  QUALITY_BITMASK: VAR_TYPE = 'support_data' and UNITS.strip() = ''.
  BIA_STATUS_INFO: VAR_TYPE = 'support_data' and UNITS.strip() = ''.
  RPW_STATUS_INFO: VAR_TYPE = 'support_data' and UNITS.strip() = ''.
  SURVEY_MODE: VAR_TYPE = 'support_data' and UNITS.strip() = ''.
  INPUT_CONFIG: VAR_TYPE = 'support_data' and UNITS.strip() = ''.
  CHANNEL_REF: VAR_TYPE = 'support_data' and UNITS.strip() = ''.
  SN_NR_EVENTS: VAR_TYPE = 'data' and UNITS.strip() = ''.
  SN_THRESHOLD: VAR_TYPE = 'data' and UNITS.strip() = ''.
SOLO_L2_SWA-EAS-PAD-DEF | ISTP.UNITS.Empty:
  QUALITY_BITMASK: VAR_TYPE = 'support_data' and UNITS.strip() = ''.
SOLO_L2_SWA-EAS-PAD-DNF | ISTP.UNITS.Empty:
  QUALITY_BITMASK: VAR_TYPE = 'support_data' and UNITS.strip() = ''.
SOLO_L2_SWA-EAS-PAD-PSD | ISTP.UNITS.Empty:
  QUALITY_BITMASK: VAR_TYPE = 'support_data' and UNITS.strip() = ''.
SOLO_L2_SWA-EAS1-NM3D-DEF | ISTP.UNITS.Empty:
  QUALITY_FLAG: VAR_TYPE = 'support_data' and UNITS.strip() = ''.
  QUALITY_BITMASK: VAR_TYPE = 'support_data' and UNITS.strip() = ''.
SOLO_L2_SWA-EAS1-NM3D-DNF | ISTP.UNITS.Empty:
  EAS1_TO_RTN: VAR_TYPE = 'support_data' and UNITS.strip() = ''.
  QUALITY_FLAG: VAR_TYPE = 'support_data' and UNITS.strip() = ''.
  QUALITY_BITMASK: VAR_TYPE = 'support_data' and UNITS.strip() = ''.
SOLO_L2_SWA-EAS1-NM3D-PSD | ISTP.UNITS.Empty:
  EAS1_TO_RTN: VAR_TYPE = 'support_data' and UNITS.strip() = ''.
  QUALITY_FLAG: VAR_TYPE = 'support_data' and UNITS.strip() = ''.
  QUALITY_BITMASK: VAR_TYPE = 'support_data' and UNITS.strip() = ''.
SOLO_L2_SWA-EAS1-SS-DEF | ISTP.UNITS.Empty:
  EAS1_TO_SRF: VAR_TYPE = 'support_data' and UNITS.strip() = ''.
  EAS1_TO_RTN: VAR_TYPE = 'support_data' and UNITS.strip() = ''.
  QUALITY_FLAG: VAR_TYPE = 'support_data' and UNITS.strip() = ''.
  QUALITY_BITMASK: VAR_TYPE = 'support_data' and UNITS.strip() = ''.
SOLO_L2_SWA-EAS1-SS-DNF | ISTP.UNITS.Empty:
  EAS1_TO_SRF: VAR_TYPE = 'support_data' and UNITS.strip() = ''.
  EAS1_TO_RTN: VAR_TYPE = 'support_data' and UNITS.strip() = ''.
  QUALITY_FLAG: VAR_TYPE = 'support_data' and UNITS.strip() = ''.
  QUALITY_BITMASK: VAR_TYPE = 'support_data' and UNITS.strip() = ''.
SOLO_L2_SWA-EAS1-SS-PSD | ISTP.UNITS.Empty:
  EAS1_TO_SRF: VAR_TYPE = 'support_data' and UNITS.strip() = ''.
  EAS1_TO_RTN: VAR_TYPE = 'support_data' and UNITS.strip() = ''.
  QUALITY_FLAG: VAR_TYPE = 'support_data' and UNITS.strip() = ''.
  QUALITY_BITMASK: VAR_TYPE = 'support_data' and UNITS.strip() = ''.
SOLO_L2_SWA-EAS2-NM3D-DEF | ISTP.UNITS.Empty:
  QUALITY_BITMASK: VAR_TYPE = 'support_data' and UNITS.strip() = ''.
SOLO_L2_SWA-EAS2-NM3D-DNF | ISTP.UNITS.Empty:
  EAS2_TO_RTN: VAR_TYPE = 'support_data' and UNITS.strip() = ''.
  QUALITY_FLAG: VAR_TYPE = 'support_data' and UNITS.strip() = ''.
  QUALITY_BITMASK: VAR_TYPE = 'support_data' and UNITS.strip() = ''.
SOLO_L2_SWA-EAS2-NM3D-PSD | ISTP.UNITS.Empty:
  EAS2_TO_RTN: VAR_TYPE = 'support_data' and UNITS.strip() = ''.
  QUALITY_FLAG: VAR_TYPE = 'support_data' and UNITS.strip() = ''.
  QUALITY_BITMASK: VAR_TYPE = 'support_data' and UNITS.strip() = ''.
SOLO_L2_SWA-EAS2-SS-DEF | ISTP.UNITS.Empty:
  EAS2_TO_SRF: VAR_TYPE = 'support_data' and UNITS.strip() = ''.
  EAS2_TO_RTN: VAR_TYPE = 'support_data' and UNITS.strip() = ''.
  QUALITY_FLAG: VAR_TYPE = 'support_data' and UNITS.strip() = ''.
  QUALITY_BITMASK: VAR_TYPE = 'support_data' and UNITS.strip() = ''.
SOLO_L2_SWA-EAS2-SS-DNF | ISTP.UNITS.Empty:
  EAS2_TO_SRF: VAR_TYPE = 'support_data' and UNITS.strip() = ''.
  EAS2_TO_RTN: VAR_TYPE = 'support_data' and UNITS.strip() = ''.
  QUALITY_FLAG: VAR_TYPE = 'support_data' and UNITS.strip() = ''.
  QUALITY_BITMASK: VAR_TYPE = 'support_data' and UNITS.strip() = ''.
SOLO_L2_SWA-EAS2-SS-PSD | ISTP.UNITS.Empty:
  EAS2_TO_SRF: VAR_TYPE = 'support_data' and UNITS.strip() = ''.
  EAS2_TO_RTN: VAR_TYPE = 'support_data' and UNITS.strip() = ''.
  QUALITY_FLAG: VAR_TYPE = 'support_data' and UNITS.strip() = ''.
  QUALITY_BITMASK: VAR_TYPE = 'support_data' and UNITS.strip() = ''.
SOLO_L2_SWA-HIS-HK | ISTP.UNITS.Empty:
  SELECT: VAR_TYPE = 'support_data' and UNITS.strip() = ''.
  REGISTER: VAR_TYPE = 'support_data' and UNITS.strip() = ''.
  STATUS: VAR_TYPE = 'support_data' and UNITS.strip() = ''.
  SAFING_ST_CDH_MON: VAR_TYPE = 'support_data' and UNITS.strip() = ''.
  SAFING_ST_DSCB_MON: VAR_TYPE = 'support_data' and UNITS.strip() = ''.
  AC_LINK_EN: VAR_TYPE = 'data' and UNITS.strip() = ''.
  AC_LINK_ERR: VAR_TYPE = 'data' and UNITS.strip() = ''.
  ALPHA_DECI_DECR_THRESH_REG: VAR_TYPE = 'data' and UNITS.strip() = ''.
  ALPHA_DECI_INCR_REG: VAR_TYPE = 'data' and UNITS.strip() = ''.
  ALPHA_DECI_INCR_THRESH_REG: VAR_TYPE = 'data' and UNITS.strip() = ''.
  ALPHA_DECI_LEVEL_REG: VAR_TYPE = 'data' and UNITS.strip() = ''.
  ALPHA_MAX_VAL_REG: VAR_TYPE = 'data' and UNITS.strip() = ''.
  ALPHA_MIN_VAL_REG: VAR_TYPE = 'data' and UNITS.strip() = ''.
  ANODE_STIM_DELAY: VAR_TYPE = 'data' and UNITS.strip() = ''.
  ANODE_STIM_ON: VAR_TYPE = 'data' and UNITS.strip() = ''.
  ANODE_STIM_RATE: VAR_TYPE = 'data' and UNITS.strip() = ''.
  ASIC_ADC_WAIT: VAR_TYPE = 'data' and UNITS.strip() = ''.
  ASIC_CONF_REG: VAR_TYPE = 'data' and UNITS.strip() = ''.
  ASIC_CS_MON: VAR_TYPE = 'data' and UNITS.strip() = ''.
  ASIC_OUT_OF_SYSTEM_EN: VAR_TYPE = 'data' and UNITS.strip() = ''.
  ASIC_REG_SWITCH: VAR_TYPE = 'data' and UNITS.strip() = ''.
  ASIC_RESET: VAR_TYPE = 'data' and UNITS.strip() = ''.
  ASIC_STIM_DELAY: VAR_TYPE = 'data' and UNITS.strip() = ''.
  ASIC_STIM_ON: VAR_TYPE = 'data' and UNITS.strip() = ''.
  ASIC_STIM_RATE: VAR_TYPE = 'data' and UNITS.strip() = ''.
  ASIC_TP_RATE: VAR_TYPE = 'data' and UNITS.strip() = ''.
  ASIC_WRITE_REG: VAR_TYPE = 'data' and UNITS.strip() = ''.
  BOARD_ID: VAR_TYPE = 'data' and UNITS.strip() = ''.
  TOF_CAL_EN: VAR_TYPE = 'data' and UNITS.strip() = ''.
  CCSDS_REJ_MESSAGE_CNT: VAR_TYPE = 'data' and UNITS.strip() = ''.
  CDH_GROUND: VAR_TYPE = 'data' and UNITS.strip() = ''.
  CDH_OPTO_LINK_RX_EN: VAR_TYPE = 'data' and UNITS.strip() = ''.
  CDH_OPTO_LINK_RX_RATE: VAR_TYPE = 'data' and UNITS.strip() = ''.
  CDH_OPTO_LINK_STAT_A: VAR_TYPE = 'data' and UNITS.strip() = ''.
  CDH_OPTO_LINK_STAT_B: VAR_TYPE = 'data' and UNITS.strip() = ''.
  CDH_OPTO_LINK_TX_POWER: VAR_TYPE = 'data' and UNITS.strip() = ''.
  CDH_OPTO_LINK_TX_RATE: VAR_TYPE = 'data' and UNITS.strip() = ''.
  CDH_OPTO_RX_CLOCK_SYNC_ERR_CNT: VAR_TYPE = 'data' and UNITS.strip() = ''.
  CDH_OPTO_RX_CRC_ERR_CNT: VAR_TYPE = 'data' and UNITS.strip() = ''.
  CDH_OPTO_RX_HDR_ERR_CNT: VAR_TYPE = 'data' and UNITS.strip() = ''.
  CDH_OPTO_RX_SIDE: VAR_TYPE = 'data' and UNITS.strip() = ''.
  CDH_SWEEP_DAC_EN_LATCHED: VAR_TYPE = 'data' and UNITS.strip() = ''.
  CDH_SWEEP_STATE: VAR_TYPE = 'data' and UNITS.strip() = ''.
  CDH_WDOG_EN: VAR_TYPE = 'data' and UNITS.strip() = ''.
  CDH_WDOG_STATUS: VAR_TYPE = 'data' and UNITS.strip() = ''.
  CHECKSUM: VAR_TYPE = 'data' and UNITS.strip() = ''.
  CMD_ACC_CNT: VAR_TYPE = 'data' and UNITS.strip() = ''.
  CMD_ACC_LAST_SERVICE: VAR_TYPE = 'data' and UNITS.strip() = ''.
  CMD_ACC_LAST_SUBSERVICE: VAR_TYPE = 'data' and UNITS.strip() = ''.
  CMD_ACC_SSC: VAR_TYPE = 'data' and UNITS.strip() = ''.
  CMD_POL_BOT_DEF: VAR_TYPE = 'data' and UNITS.strip() = ''.
  CMD_POL_TOP_DEF: VAR_TYPE = 'data' and UNITS.strip() = ''.
  CMD_POL_TOP_PLATE: VAR_TYPE = 'data' and UNITS.strip() = ''.
  CMD_REJ_CNT: VAR_TYPE = 'data' and UNITS.strip() = ''.
  CMD_REJ_LAST_SERVICE: VAR_TYPE = 'data' and UNITS.strip() = ''.
  CMD_REJ_LAST_SUBSERVICE: VAR_TYPE = 'data' and UNITS.strip() = ''.
  CMD_REJ_SSC: VAR_TYPE = 'data' and UNITS.strip() = ''.
  CMD_RNG_ANALYZER: VAR_TYPE = 'data' and UNITS.strip() = ''.
  CMD_RNG_BOT_DEF: VAR_TYPE = 'data' and UNITS.strip() = ''.
  CMD_RNG_TOP_DEF: VAR_TYPE = 'data' and UNITS.strip() = ''.
  CMD_RNG_TOP_PLATE: VAR_TYPE = 'data' and UNITS.strip() = ''.
  COINC_TIMING_ASIC_SHAPE: VAR_TYPE = 'data' and UNITS.strip() = ''.
  COINC_TIMING_ASIC_WINDOW: VAR_TYPE = 'data' and UNITS.strip() = ''.
  COINC_TIMING_POS_TIMEOUT: VAR_TYPE = 'data' and UNITS.strip() = ''.
  COINC_TIMING_TOF_TIMEOUT: VAR_TYPE = 'data' and UNITS.strip() = ''.
  CONNECTION_TEST_CNT: VAR_TYPE = 'data' and UNITS.strip() = ''.
  CPU_WDOG_EN: VAR_TYPE = 'data' and UNITS.strip() = ''.
  CPU_WDOG_STATUS: VAR_TYPE = 'data' and UNITS.strip() = ''.
  DSCB_ADC_EN: VAR_TYPE = 'data' and UNITS.strip() = ''.
  DSCB_ADC_WAITS: VAR_TYPE = 'data' and UNITS.strip() = ''.
  DSCB_ASIC_CONTROL_STATE_MACHINE: VAR_TYPE = 'data' and UNITS.strip() = ''.
  DSCB_ASIC_FLAG: VAR_TYPE = 'data' and UNITS.strip() = ''.
  DSCB_ASIC_READ_OUT_STATE_MACHINE: VAR_TYPE = 'data' and UNITS.strip() = ''.
  DSCB_ASIC_WRITE_STATE_MACHINE: VAR_TYPE = 'data' and UNITS.strip() = ''.
  DSCB_AZIMUTHAL_SEL: VAR_TYPE = 'data' and UNITS.strip() = ''.
  DSCB_CMD_NAKS: VAR_TYPE = 'data' and UNITS.strip() = ''.
  DSCB_COINC: VAR_TYPE = 'data' and UNITS.strip() = ''.
  DSCB_COMM_ACTIVE: VAR_TYPE = 'data' and UNITS.strip() = ''.
  DSCB_DOUBLE_BIT_EDAC: VAR_TYPE = 'data' and UNITS.strip() = ''.
  DSCB_FPGA_BASE: VAR_TYPE = 'data' and UNITS.strip() = ''.
  DSCB_FPGA_REV: VAR_TYPE = 'data' and UNITS.strip() = ''.
  DSCB_HK_RATE: VAR_TYPE = 'data' and UNITS.strip() = ''.
  DSCB_HV_AUTO_RESET_EN: VAR_TYPE = 'data' and UNITS.strip() = ''.
  DSCB_HV_EN: VAR_TYPE = 'data' and UNITS.strip() = ''.
  DSCB_HV_LIMITED: VAR_TYPE = 'data' and UNITS.strip() = ''.
  DSCB_HV_MON_EN: VAR_TYPE = 'data' and UNITS.strip() = ''.
  DSCB_INIT_BIT: VAR_TYPE = 'data' and UNITS.strip() = ''.
  DSCB_INIT_REG: VAR_TYPE = 'data' and UNITS.strip() = ''.
  DSCB_MCP_BIAS_EN: VAR_TYPE = 'data' and UNITS.strip() = ''.
  DSCB_MCP_BIAS_I_LIMIT_EN: VAR_TYPE = 'data' and UNITS.strip() = ''.
  DSCB_MCP_BIAS_I_TRIP: VAR_TYPE = 'data' and UNITS.strip() = ''.
  DSCB_MCP_BIAS_V_LIMIT_EN: VAR_TYPE = 'data' and UNITS.strip() = ''.
  DSCB_MCP_BIAS_V_TRIP: VAR_TYPE = 'data' and UNITS.strip() = ''.
  DSCB_OPTO_RX_CLOCK_SYNC_ERR_CNT: VAR_TYPE = 'data' and UNITS.strip() = ''.
  DSCB_OPTO_RX_CRC_ERR_CNT: VAR_TYPE = 'data' and UNITS.strip() = ''.
  DSCB_OPTO_RX_DATA1_ERR_CNT: VAR_TYPE = 'data' and UNITS.strip() = ''.
  DSCB_OPTO_RX_DATA2_ERR_CNT: VAR_TYPE = 'data' and UNITS.strip() = ''.
  DSCB_OPTO_RX_HDR_ERR_CNT: VAR_TYPE = 'data' and UNITS.strip() = ''.
  DSCB_POS_START: VAR_TYPE = 'data' and UNITS.strip() = ''.
  DSCB_POS_START_ADD_SUB: VAR_TYPE = 'data' and UNITS.strip() = ''.
  DSCB_POS_START_SEL: VAR_TYPE = 'data' and UNITS.strip() = ''.
  DSCB_POS_STOP: VAR_TYPE = 'data' and UNITS.strip() = ''.
  DSCB_POS_STOP_ADD_SUB: VAR_TYPE = 'data' and UNITS.strip() = ''.
  DSCB_POS_STOP_DUAL_SEL: VAR_TYPE = 'data' and UNITS.strip() = ''.
  DSCB_POS_STOP_SEL: VAR_TYPE = 'data' and UNITS.strip() = ''.
  DSCB_RATES_EN: VAR_TYPE = 'data' and UNITS.strip() = ''.
  DSCB_RESET_DECI_LEVEL: VAR_TYPE = 'data' and UNITS.strip() = ''.
  DSCB_RESET_FSW: VAR_TYPE = 'data' and UNITS.strip() = ''.
  DSCB_RESET_POR: VAR_TYPE = 'data' and UNITS.strip() = ''.
  DSCB_RESET_WDOG: VAR_TYPE = 'data' and UNITS.strip() = ''.
  DSCB_SINGLE_BIT_EDAC: VAR_TYPE = 'data' and UNITS.strip() = ''.
  DSCB_STARTUP_POWER: VAR_TYPE = 'data' and UNITS.strip() = ''.
  DSCB_STARTUP_RX_A_EN: VAR_TYPE = 'data' and UNITS.strip() = ''.
  DSCB_STARTUP_RX_B_EN: VAR_TYPE = 'data' and UNITS.strip() = ''.
  DSCB_STARTUP_TX_A_EN: VAR_TYPE = 'data' and UNITS.strip() = ''.
  DSCB_STARTUP_TX_B_EN: VAR_TYPE = 'data' and UNITS.strip() = ''.
  DSCB_SWEEP_OVER: VAR_TYPE = 'data' and UNITS.strip() = ''.
  DSCB_SYSTEM_FSM: VAR_TYPE = 'data' and UNITS.strip() = ''.
  DSCB_TOF_START: VAR_TYPE = 'data' and UNITS.strip() = ''.
  DSCB_TOF_START_ADD_SUB: VAR_TYPE = 'data' and UNITS.strip() = ''.
  DSCB_TOF_STOP: VAR_TYPE = 'data' and UNITS.strip() = ''.
  DSCB_TOF_STOP_ADD_SUB: VAR_TYPE = 'data' and UNITS.strip() = ''.
  DSCB_WDOG_CNT: VAR_TYPE = 'data' and UNITS.strip() = ''.
  DSCB_WDOG_ON: VAR_TYPE = 'data' and UNITS.strip() = ''.
  ENERGY_ASIC_ACQ_TP: VAR_TYPE = 'data' and UNITS.strip() = ''.
  ENERGY_ASIC_PARITY: VAR_TYPE = 'data' and UNITS.strip() = ''.
  EVENT_ERR_CNT: VAR_TYPE = 'data' and UNITS.strip() = ''.
  FDIR_DSCB_AUTOMATIC_LIMIT: VAR_TYPE = 'data' and UNITS.strip() = ''.
  FDIR_DSCB_COMM_LOSS: VAR_TYPE = 'data' and UNITS.strip() = ''.
  FDIR_DSCB_DOWNLINK_UNDETERMINED: VAR_TYPE = 'data' and UNITS.strip() = ''.
  FDIR_DSCB_NOT_RUNNING: VAR_TYPE = 'data' and UNITS.strip() = ''.
  FDIR_DSCB_REG_INIT: VAR_TYPE = 'data' and UNITS.strip() = ''.
  FDIR_EMERGENCY_FAST_SAFE: VAR_TYPE = 'data' and UNITS.strip() = ''.
  FDIR_LEVEL: VAR_TYPE = 'data' and UNITS.strip() = ''.
  FDIR_NOMINAL_SLOW_SAFE: VAR_TYPE = 'data' and UNITS.strip() = ''.
  FDIR_RED_LIMIT: VAR_TYPE = 'data' and UNITS.strip() = ''.
  FDIR_RESERVED: VAR_TYPE = 'data' and UNITS.strip() = ''.
  FDIR_SCIENCE_AUTO_MODE_FAIL: VAR_TYPE = 'data' and UNITS.strip() = ''.
  FDIR_SOLAR_ARRAY_STEERING_START: VAR_TYPE = 'data' and UNITS.strip() = ''.
  FDIR_SOLAR_ARRAY_STEERING_STOP: VAR_TYPE = 'data' and UNITS.strip() = ''.
  FDIR_TASK_TIMEOUT: VAR_TYPE = 'data' and UNITS.strip() = ''.
  FDIR_THRUSTER_FIRING_START: VAR_TYPE = 'data' and UNITS.strip() = ''.
  FDIR_THRUSTER_FIRING_STOP: VAR_TYPE = 'data' and UNITS.strip() = ''.
  FDIR_YELLOW_LIMIT: VAR_TYPE = 'data' and UNITS.strip() = ''.
  FPGA_STEP_TBL: VAR_TYPE = 'data' and UNITS.strip() = ''.
  FPGA_STEP_TBL_DATA_ELEV_INDEX: VAR_TYPE = 'data' and UNITS.strip() = ''.
  FPGA_STEP_TBL_E_Q_INDEX: VAR_TYPE = 'data' and UNITS.strip() = ''.
  FPGA_STEP_TBL_ELEV_INDEX: VAR_TYPE = 'data' and UNITS.strip() = ''.
  FPGA_SWEEP_TBL_ROW: VAR_TYPE = 'data' and UNITS.strip() = ''.
  FPGA_SWEEP_TBL_SIDE: VAR_TYPE = 'data' and UNITS.strip() = ''.
  FPGA_SWEEP_TBL_DATA_SIDE: VAR_TYPE = 'data' and UNITS.strip() = ''.
  HK_EN: VAR_TYPE = 'data' and UNITS.strip() = ''.
  HV_DISABLED: VAR_TYPE = 'data' and UNITS.strip() = ''.
  HV_I_LIM_PERSISTENCE: VAR_TYPE = 'data' and UNITS.strip() = ''.
  HV_LIMITED: VAR_TYPE = 'data' and UNITS.strip() = ''.
  HV_V_LIM_PERSISTENCE: VAR_TYPE = 'data' and UNITS.strip() = ''.
  HVPS_ANALYZER_POL: VAR_TYPE = 'data' and UNITS.strip() = ''.
  HVPS_ANALYZER_RNG: VAR_TYPE = 'data' and UNITS.strip() = ''.
  HVPS_BOT_DEF_POL: VAR_TYPE = 'data' and UNITS.strip() = ''.
  HVPS_BOT_DEF_RNG: VAR_TYPE = 'data' and UNITS.strip() = ''.
  HVPS_HV_MAIN_N_POL: VAR_TYPE = 'data' and UNITS.strip() = ''.
  HVPS_HV_MAIN_N_RNG: VAR_TYPE = 'data' and UNITS.strip() = ''.
  HVPS_HV_MAIN_P_POL: VAR_TYPE = 'data' and UNITS.strip() = ''.
  HVPS_HV_MAIN_P_RNG: VAR_TYPE = 'data' and UNITS.strip() = ''.
  HVPS_TOP_DEF_POL: VAR_TYPE = 'data' and UNITS.strip() = ''.
  HVPS_TOP_DEF_RNG: VAR_TYPE = 'data' and UNITS.strip() = ''.
  HVPS_TOP_PLATE_POL: VAR_TYPE = 'data' and UNITS.strip() = ''.
  HVPS_TOP_PLATE_RNG: VAR_TYPE = 'data' and UNITS.strip() = ''.
  INTEGRATION_TIME: VAR_TYPE = 'data' and UNITS.strip() = ''.
  INTER_INST_INFO_CNT: VAR_TYPE = 'data' and UNITS.strip() = ''.
  IRAP_HV_ON: VAR_TYPE = 'data' and UNITS.strip() = ''.
  LAST_ERR_CODE: VAR_TYPE = 'data' and UNITS.strip() = ''.
  LAST_MACRO_ACC_CMD_CNT: VAR_TYPE = 'data' and UNITS.strip() = ''.
  LAST_MACRO_ACC_SERVICE: VAR_TYPE = 'data' and UNITS.strip() = ''.
  LAST_MACRO_ACC_SUBSERVICE: VAR_TYPE = 'data' and UNITS.strip() = ''.
  LAST_MACRO_CALLER: VAR_TYPE = 'data' and UNITS.strip() = ''.
  LAST_MACRO_CMD_CNT: VAR_TYPE = 'data' and UNITS.strip() = ''.
  LAST_MACRO_I_WAIT: VAR_TYPE = 'data' and UNITS.strip() = ''.
  LAST_MACRO_REJ_CMD_CNT: VAR_TYPE = 'data' and UNITS.strip() = ''.
  LAST_MACRO_REJ_SERVICE: VAR_TYPE = 'data' and UNITS.strip() = ''.
  LAST_MACRO_REJ_SUBSERVICE: VAR_TYPE = 'data' and UNITS.strip() = ''.
  LAST_MACRO_SEL: VAR_TYPE = 'data' and UNITS.strip() = ''.
  LAST_MACRO_TOTAL_CMDS: VAR_TYPE = 'data' and UNITS.strip() = ''.
  LOW_TOF_CUT_OFF_REG: VAR_TYPE = 'data' and UNITS.strip() = ''.
  MACRO_STATUS: VAR_TYPE = 'data' and UNITS.strip() = ''.
  MASTER_SWEEP_EN: VAR_TYPE = 'data' and UNITS.strip() = ''.
  MASTER_SWEEP_EN_STATUS: VAR_TYPE = 'data' and UNITS.strip() = ''.
  MISSING_SPACEWIRE_TIME_CODE: VAR_TYPE = 'data' and UNITS.strip() = ''.
  MODE_CHANGE_REASON: VAR_TYPE = 'data' and UNITS.strip() = ''.
  MRAM_WR_EN: VAR_TYPE = 'data' and UNITS.strip() = ''.
  OFFSET_EN: VAR_TYPE = 'data' and UNITS.strip() = ''.
  OFFSET_I_EN_LIM: VAR_TYPE = 'data' and UNITS.strip() = ''.
  OFFSET_I_TRIG: VAR_TYPE = 'data' and UNITS.strip() = ''.
  OFFSET_V_EN_LIM: VAR_TYPE = 'data' and UNITS.strip() = ''.
  OFFSET_V_TRIG: VAR_TYPE = 'data' and UNITS.strip() = ''.
  OP_MODE: VAR_TYPE = 'data' and UNITS.strip() = ''.
  OPTO_RX_A_EN: VAR_TYPE = 'data' and UNITS.strip() = ''.
  OPTO_RX_A_EN_INIT: VAR_TYPE = 'data' and UNITS.strip() = ''.
  OPTO_RX_B_EN: VAR_TYPE = 'data' and UNITS.strip() = ''.
  OPTO_RX_B_EN_INIT: VAR_TYPE = 'data' and UNITS.strip() = ''.
  OPTO_RX_LOOPBACK: VAR_TYPE = 'data' and UNITS.strip() = ''.
  OPTO_RX_RATE: VAR_TYPE = 'data' and UNITS.strip() = ''.
  OPTO_RX_SIGNAL_QUALITY: VAR_TYPE = 'data' and UNITS.strip() = ''.
  OPTO_RX_SYNCED: VAR_TYPE = 'data' and UNITS.strip() = ''.
  OPTO_TX_A_EN: VAR_TYPE = 'data' and UNITS.strip() = ''.
  OPTO_TX_A_EN_INIT: VAR_TYPE = 'data' and UNITS.strip() = ''.
  OPTO_TX_B_EN: VAR_TYPE = 'data' and UNITS.strip() = ''.
  OPTO_TX_B_EN_INIT: VAR_TYPE = 'data' and UNITS.strip() = ''.
  OPTO_TX_EN: VAR_TYPE = 'data' and UNITS.strip() = ''.
  OPTO_TX_POWER: VAR_TYPE = 'data' and UNITS.strip() = ''.
  OPTO_TX_POWER_EN: VAR_TYPE = 'data' and UNITS.strip() = ''.
  OPTO_TX_RATE: VAR_TYPE = 'data' and UNITS.strip() = ''.
  OPTO_TX_READY: VAR_TYPE = 'data' and UNITS.strip() = ''.
  OSC_ADJ_POS_START: VAR_TYPE = 'data' and UNITS.strip() = ''.
  OSC_ADJ_POS_STOP: VAR_TYPE = 'data' and UNITS.strip() = ''.
  OSC_ADJ_TOF_START: VAR_TYPE = 'data' and UNITS.strip() = ''.
  OSC_ADJ_TOF_STOP: VAR_TYPE = 'data' and UNITS.strip() = ''.
  PA_HV_ON: VAR_TYPE = 'data' and UNITS.strip() = ''.
  PACKET_SUB_TIME: VAR_TYPE = 'data' and UNITS.strip() = ''.
  PACKET_WHOLE_TIME: VAR_TYPE = 'data' and UNITS.strip() = ''.
  POS_CAL_DONE: VAR_TYPE = 'data' and UNITS.strip() = ''.
  PROCESSOR_IDLE_PERCENTAGE: VAR_TYPE = 'data' and UNITS.strip() = ''.
  PROTON_AVOIDANCE_STATUS: VAR_TYPE = 'data' and UNITS.strip() = ''.
  PROTON_DECI_DECR_THRESH_REG: VAR_TYPE = 'data' and UNITS.strip() = ''.
  PROTON_DECI_INCR_REG: VAR_TYPE = 'data' and UNITS.strip() = ''.
  PROTON_DECI_INCR_THRESH_REG: VAR_TYPE = 'data' and UNITS.strip() = ''.
  PROTON_DECI_LEVEL_REG: VAR_TYPE = 'data' and UNITS.strip() = ''.
  PROTON_MAX_VAL_REG: VAR_TYPE = 'data' and UNITS.strip() = ''.
  PROTON_MIN_VAL_REG: VAR_TYPE = 'data' and UNITS.strip() = ''.
  QUALITY_BITMASK: VAR_TYPE = 'data' and UNITS.strip() = ''.
  QUALITY_FLAG: VAR_TYPE = 'data' and UNITS.strip() = ''.
  SAFETY_CHECKING_STATUS_CDH: VAR_TYPE = 'data' and UNITS.strip() = ''.
  SAFETY_CHECKING_STATUS_DSCB: VAR_TYPE = 'data' and UNITS.strip() = ''.
  SAFING_STATUS_CDH_MON_RED: VAR_TYPE = 'data' and UNITS.strip() = ''.
  SAFING_STATUS_CDH_MON_YEL: VAR_TYPE = 'data' and UNITS.strip() = ''.
  SAFING_STATUS_DSCB_MON_RED: VAR_TYPE = 'data' and UNITS.strip() = ''.
  SAFING_STATUS_DSCB_MON_YEL: VAR_TYPE = 'data' and UNITS.strip() = ''.
  SEQ_CNT: VAR_TYPE = 'data' and UNITS.strip() = ''.
  SSD_EN: VAR_TYPE = 'data' and UNITS.strip() = ''.
  SSD_I_EN_LIM: VAR_TYPE = 'data' and UNITS.strip() = ''.
  SSD_I_TRIG: VAR_TYPE = 'data' and UNITS.strip() = ''.
  SSD_V_EN_LIM: VAR_TYPE = 'data' and UNITS.strip() = ''.
  SSD_V_TRIG: VAR_TYPE = 'data' and UNITS.strip() = ''.
  START_ANODE_A_OSC_CNT: VAR_TYPE = 'data' and UNITS.strip() = ''.
  START_ANODE_B_OSC_CNT: VAR_TYPE = 'data' and UNITS.strip() = ''.
  START_COLLECTION: VAR_TYPE = 'data' and UNITS.strip() = ''.
  START_MCP_EN: VAR_TYPE = 'data' and UNITS.strip() = ''.
  START_MCP_I_EN_LIM: VAR_TYPE = 'data' and UNITS.strip() = ''.
  START_MCP_I_TRIG: VAR_TYPE = 'data' and UNITS.strip() = ''.
  START_MCP_V_EN_LIM: VAR_TYPE = 'data' and UNITS.strip() = ''.
  START_MCP_V_TRIG: VAR_TYPE = 'data' and UNITS.strip() = ''.
  START_STIM_DELAY: VAR_TYPE = 'data' and UNITS.strip() = ''.
  START_STIM_EXT: VAR_TYPE = 'data' and UNITS.strip() = ''.
  START_STIM_ON: VAR_TYPE = 'data' and UNITS.strip() = ''.
  START_STIM_RATE: VAR_TYPE = 'data' and UNITS.strip() = ''.
  START_TOF_OSC_CNT: VAR_TYPE = 'data' and UNITS.strip() = ''.
  STOP_MCP_EN: VAR_TYPE = 'data' and UNITS.strip() = ''.
  STOP_MCP_I_EN_LIM: VAR_TYPE = 'data' and UNITS.strip() = ''.
  STOP_MCP_I_TRIG: VAR_TYPE = 'data' and UNITS.strip() = ''.
  STOP_MCP_V_EN_LIM: VAR_TYPE = 'data' and UNITS.strip() = ''.
  STOP_MCP_V_TRIG: VAR_TYPE = 'data' and UNITS.strip() = ''.
  STOP_TOF_OSC_CNT: VAR_TYPE = 'data' and UNITS.strip() = ''.
  SWEEP_DATA_A_ACTIVE: VAR_TYPE = 'data' and UNITS.strip() = ''.
  SWEEP_DATA_B_ACTIVE: VAR_TYPE = 'data' and UNITS.strip() = ''.
  SWEEP_EDAC_EN: VAR_TYPE = 'data' and UNITS.strip() = ''.
  SWEEP_EDP: VAR_TYPE = 'data' and UNITS.strip() = ''.
  SWEEP_EN_ANALYZER: VAR_TYPE = 'data' and UNITS.strip() = ''.
  SWEEP_EN_BOT_DEF: VAR_TYPE = 'data' and UNITS.strip() = ''.
  SWEEP_EN_TOP_DEF: VAR_TYPE = 'data' and UNITS.strip() = ''.
  SWEEP_EN_TOP_PLATE: VAR_TYPE = 'data' and UNITS.strip() = ''.
  SWEEP_SCRUBBING_EN: VAR_TYPE = 'data' and UNITS.strip() = ''.
  SWEEP_TBL_POINTER_SEL: VAR_TYPE = 'data' and UNITS.strip() = ''.
  SYSTEM_MODULE_VERIFY: VAR_TYPE = 'data' and UNITS.strip() = ''.
  TIME_CODE_CNT: VAR_TYPE = 'data' and UNITS.strip() = ''.
  TIME_MESSAGE_CNT: VAR_TYPE = 'data' and UNITS.strip() = ''.
  TOF_CAL_DONE: VAR_TYPE = 'data' and UNITS.strip() = ''.
  TOF_START_SEL: VAR_TYPE = 'data' and UNITS.strip() = ''.
  TOF_STIM_DELAY: VAR_TYPE = 'data' and UNITS.strip() = ''.
  TOF_STIM_EXT: VAR_TYPE = 'data' and UNITS.strip() = ''.
  TOF_STIM_ON: VAR_TYPE = 'data' and UNITS.strip() = ''.
  TOF_STIM_RATE: VAR_TYPE = 'data' and UNITS.strip() = ''.
  WDOG_RESET_CNT: VAR_TYPE = 'data' and UNITS.strip() = ''.
SOLO_L2_SWA-HIS-PHA | ISTP.UNITS.Empty:
  QUALITY_FLAG: VAR_TYPE = 'support_data' and UNITS.strip() = ''.
  QUALITY_BITMASK: VAR_TYPE = 'support_data' and UNITS.strip() = ''.
  MODE: VAR_TYPE = 'support_data' and UNITS.strip() = ''.
  NUM_PHA: VAR_TYPE = 'support_data' and UNITS.strip() = ''.
  PROTON_DECIMATION_LEVEL: VAR_TYPE = 'support_data' and UNITS.strip() = ''.
  ALPHA_DECIMATION_LEVEL: VAR_TYPE = 'support_data' and UNITS.strip() = ''.
  PHA_EOQ_STEP: VAR_TYPE = 'data' and UNITS.strip() = ''.
  PHA_AZIMUTH_BIN: VAR_TYPE = 'data' and UNITS.strip() = ''.
  PHA_ELEVATION_BIN: VAR_TYPE = 'data' and UNITS.strip() = ''.
  PHA_TOF_BIN: VAR_TYPE = 'data' and UNITS.strip() = ''.
  PHA_SSD_ENERGY_BIN: VAR_TYPE = 'data' and UNITS.strip() = ''.
  PHA_DETECTOR_ID: VAR_TYPE = 'data' and UNITS.strip() = ''.
  PHA_DECIMATION_CLASSIFICATION: VAR_TYPE = 'data' and UNITS.strip() = ''.
  PHA_PRIORITIZATION_RANGE: VAR_TYPE = 'data' and UNITS.strip() = ''.
  PHA_MULTI_SSD: VAR_TYPE = 'data' and UNITS.strip() = ''.
  PHA_PRIORITY_WEIGHT: VAR_TYPE = 'data' and UNITS.strip() = ''.
  PHA_PRIORITY_WEIGHT_DELTA: VAR_TYPE = 'data' and UNITS.strip() = ''.
  PRIORITY_VERSION: VAR_TYPE = 'support_data' and UNITS.strip() = ''.
  SPECIES_BOX_VERSION: VAR_TYPE = 'support_data' and UNITS.strip() = ''.
  SSD_THRESHOLD_VERSION: VAR_TYPE = 'support_data' and UNITS.strip() = ''.
SOLO_L2_SWA-HIS-RATES | ISTP.UNITS.Empty:
  QUALITY_FLAG: VAR_TYPE = 'support_data' and UNITS.strip() = ''.
  QUALITY_BITMASK: VAR_TYPE = 'support_data' and UNITS.strip() = ''.
  MODE: VAR_TYPE = 'support_data' and UNITS.strip() = ''.
  COMPRESSION_CODE: VAR_TYPE = 'support_data' and UNITS.strip() = ''.
  STEP_TABLE: VAR_TYPE = 'support_data' and UNITS.strip() = ''.
  MAIN_ENABLES: VAR_TYPE = 'support_data' and UNITS.strip() = ''.
  SSD_ENABLES: VAR_TYPE = 'support_data' and UNITS.strip() = ''.
  PRIORITY_ENABLES: VAR_TYPE = 'support_data' and UNITS.strip() = ''.
  START_DIMENSIONS: VAR_TYPE = 'support_data' and UNITS.strip() = ''.
  STOP_DIMENSIONS: VAR_TYPE = 'support_data' and UNITS.strip() = ''.
  DC_DIMENSIONS: VAR_TYPE = 'support_data' and UNITS.strip() = ''.
  TC_DIMENSIONS: VAR_TYPE = 'support_data' and UNITS.strip() = ''.
  LOW_TOF_DIMENSIONS: VAR_TYPE = 'support_data' and UNITS.strip() = ''.
  PROTON_DEC_DIMENSIONS: VAR_TYPE = 'support_data' and UNITS.strip() = ''.
  ALPHA_DEC_DIMENSIONS: VAR_TYPE = 'support_data' and UNITS.strip() = ''.
  POS_A_DIMENSIONS: VAR_TYPE = 'support_data' and UNITS.strip() = ''.
  POS_B_DIMENSIONS: VAR_TYPE = 'support_data' and UNITS.strip() = ''.
  SSD_DIMENSIONS: VAR_TYPE = 'support_data' and UNITS.strip() = ''.
  PRIORITY_DIMENSIONS: VAR_TYPE = 'support_data' and UNITS.strip() = ''.
  PRIORITY_VERSION: VAR_TYPE = 'support_data' and UNITS.strip() = ''.
  SPECIES_BOX_VERSION: VAR_TYPE = 'support_data' and UNITS.strip() = ''.
  SSD_THRESHOLD_VERSION: VAR_TYPE = 'support_data' and UNITS.strip() = ''.
  PROD_CONF_TBL_NUM: VAR_TYPE = 'support_data' and UNITS.strip() = ''.
  PRIORITY: VAR_TYPE = 'support_data' and UNITS.strip() = ''.
SOLO_L2_SWA-PAS-EFLUX | ISTP.UNITS.Empty:
  Info: VAR_TYPE = 'support_data' and UNITS.strip() = ''.
  unrecovered_count: VAR_TYPE = 'data' and UNITS.strip() = ''.
  total_count: VAR_TYPE = 'data' and UNITS.strip() = ''.
  quality_factor: VAR_TYPE = 'data' and UNITS.strip() = ''.
  start_energy: VAR_TYPE = 'support_data' and UNITS.strip() = ''.
  nb_energy: VAR_TYPE = 'support_data' and UNITS.strip() = ''.
SOLO_L2_SWA-PAS-GRND-MOM | ISTP.UNITS.Empty:
  unrecovered_count: VAR_TYPE = 'data' and UNITS.strip() = ''.
  total_count: VAR_TYPE = 'data' and UNITS.strip() = ''.
  quality_factor: VAR_TYPE = 'data' and UNITS.strip() = ''.
SOLO_L2_SWA-PAS-VDF | ISTP.UNITS.Empty:
  Info: VAR_TYPE = 'support_data' and UNITS.strip() = ''.
  unrecovered_count: VAR_TYPE = 'data' and UNITS.strip() = ''.
  total_count: VAR_TYPE = 'data' and UNITS.strip() = ''.
  quality_factor: VAR_TYPE = 'data' and UNITS.strip() = ''.
  start_energy: VAR_TYPE = 'support_data' and UNITS.strip() = ''.
  nb_energy: VAR_TYPE = 'support_data' and UNITS.strip() = ''.
  start_elevation: VAR_TYPE = 'support_data' and UNITS.strip() = ''.
  nb_elevation: VAR_TYPE = 'support_data' and UNITS.strip() = ''.
  start_CEM: VAR_TYPE = 'support_data' and UNITS.strip() = ''.
  nb_CEM: VAR_TYPE = 'support_data' and UNITS.strip() = ''.
  nb_K: VAR_TYPE = 'support_data' and UNITS.strip() = ''.
  K: VAR_TYPE = 'support_data' and UNITS.strip() = ''.
SOLO_L3_RPW-BIA-DENSITY | ISTP.UNITS.Empty:
  QUALITY_FLAG: VAR_TYPE = 'support_data' and UNITS.strip() = ''.
  QUALITY_BITMASK: VAR_TYPE = 'support_data' and UNITS.strip() = ''.
  L2_QUALITY_BITMASK: VAR_TYPE = 'support_data' and UNITS.strip() = ''.
SOLO_L3_RPW-BIA-DENSITY-10-SECONDS | ISTP.UNITS.Empty:
  QUALITY_FLAG: VAR_TYPE = 'support_data' and UNITS.strip() = ''.
  QUALITY_BITMASK: VAR_TYPE = 'support_data' and UNITS.strip() = ''.
  L2_QUALITY_BITMASK: VAR_TYPE = 'support_data' and UNITS.strip() = ''.
SOLO_L3_RPW-BIA-EFIELD | ISTP.UNITS.Empty:
  QUALITY_FLAG: VAR_TYPE = 'support_data' and UNITS.strip() = ''.
  QUALITY_BITMASK: VAR_TYPE = 'support_data' and UNITS.strip() = ''.
  L2_QUALITY_BITMASK: VAR_TYPE = 'support_data' and UNITS.strip() = ''.
SOLO_L3_RPW-BIA-EFIELD-10-SECONDS | ISTP.UNITS.Empty:
  QUALITY_FLAG: VAR_TYPE = 'support_data' and UNITS.strip() = ''.
  QUALITY_BITMASK: VAR_TYPE = 'support_data' and UNITS.strip() = ''.
  L2_QUALITY_BITMASK: VAR_TYPE = 'support_data' and UNITS.strip() = ''.
SOLO_L3_RPW-BIA-SCPOT | ISTP.UNITS.Empty:
  QUALITY_FLAG: VAR_TYPE = 'support_data' and UNITS.strip() = ''.
  QUALITY_BITMASK: VAR_TYPE = 'support_data' and UNITS.strip() = ''.
  L2_QUALITY_BITMASK: VAR_TYPE = 'support_data' and UNITS.strip() = ''.
SOLO_L3_RPW-BIA-SCPOT-10-SECONDS | ISTP.UNITS.Empty:
  QUALITY_FLAG: VAR_TYPE = 'support_data' and UNITS.strip() = ''.
  QUALITY_BITMASK: VAR_TYPE = 'support_data' and UNITS.strip() = ''.
  L2_QUALITY_BITMASK: VAR_TYPE = 'support_data' and UNITS.strip() = ''.
SOLO_L3_RPW-TNR-FP | ISTP.UNITS.Empty:
  TIME_INTERPOL_FLAG: VAR_TYPE = 'support_data' and UNITS.strip() = ''.
  QUALITY_FLAG: VAR_TYPE = 'support_data' and UNITS.strip() = ''.
  QUALITY_BITMASK: VAR_TYPE = 'support_data' and UNITS.strip() = ''.
  SENSOR_CONFIG: VAR_TYPE = 'data' and UNITS.strip() = ''.
  QUALITY_FACTOR: VAR_TYPE = 'data' and UNITS.strip() = ''.
SOLO_LL02_RPW-SBM1 | ISTP.UNITS.Empty:
  SYNCHRO_FLAG: VAR_TYPE = 'support_data' and UNITS.strip() = ''.
  QUALITY_FLAG: VAR_TYPE = 'support_data' and UNITS.strip() = ''.
  SBM1_ALGO_STATUS: VAR_TYPE = 'data' and UNITS.strip() = ''.
  SBM1_TIME: VAR_TYPE = 'data' and UNITS.strip() = ''.
  SBM1_QF: VAR_TYPE = 'data' and UNITS.strip() = ''.
  DT1_SBM1: VAR_TYPE = 'data' and UNITS.strip() = ''.
  DT2_SBM1: VAR_TYPE = 'data' and UNITS.strip() = ''.
  DT3_SBM1: VAR_TYPE = 'data' and UNITS.strip() = ''.
SOLO_LL02_RPW-SBM2 | ISTP.UNITS.Empty:
  SYNCHRO_FLAG: VAR_TYPE = 'support_data' and UNITS.strip() = ''.
  QUALITY_FLAG: VAR_TYPE = 'support_data' and UNITS.strip() = ''.
  SBM2_ALGO_STATUS: VAR_TYPE = 'data' and UNITS.strip() = ''.
  SBM2_TIME: VAR_TYPE = 'data' and UNITS.strip() = ''.
  SBM2_QF: VAR_TYPE = 'data' and UNITS.strip() = ''.
  DT_SBM2: VAR_TYPE = 'data' and UNITS.strip() = ''.
  DT_LW: VAR_TYPE = 'data' and UNITS.strip() = ''.
  EPD_S20_FLAG: VAR_TYPE = 'data' and UNITS.strip() = ''.
SOLO_LL02_RPW-TNR | ISTP.UNITS.Empty:
  SYNCHRO_FLAG: VAR_TYPE = 'support_data' and UNITS.strip() = ''.
  QUALITY_FLAG: VAR_TYPE = 'support_data' and UNITS.strip() = ''.
  COARSE_TIME_ONLY_FLAG: VAR_TYPE = 'support_data' and UNITS.strip() = ''.
  AGC_BAND_D: VAR_TYPE = 'data' and UNITS.strip() = ''.
  AUTO_MEDIAN_1MHZ: VAR_TYPE = 'data' and UNITS.strip() = ''.
  PLASMA_FREQ_INDEX: VAR_TYPE = 'data' and UNITS.strip() = ''.
SOLO_LL02_SWA-HIS-RAT | ISTP.UNITS.Empty:
  SWA_HIS_SPECTRUM1: VAR_TYPE = 'data' and UNITS.strip() = ''.
  SWA_HIS_SPECTRUM2: VAR_TYPE = 'data' and UNITS.strip() = ''.
  QUALITY_BITMASK: VAR_TYPE = 'support_data' and UNITS.strip() = ''.
SO_K0_CEL | ISTP.UNITS.Empty:
  SW_Quality: VAR_TYPE = 'support_data' and UNITS.strip() = ''.
  EUV_Quality: VAR_TYPE = 'support_data' and UNITS.strip() = ''.
  HIR_Quality: VAR_TYPE = 'support_data' and UNITS.strip() = ''.
  Gap_Flag: VAR_TYPE = 'support_data' and UNITS.strip() = ''.
SO_K0_CST | ISTP.UNITS.Empty:
  Ephin_Stat: VAR_TYPE = 'support_data' and UNITS.strip() = ''.
  Lion_Stat: VAR_TYPE = 'support_data' and UNITS.strip() = ''.
  Ephin_DQF: VAR_TYPE = 'support_data' and UNITS.strip() = ''.
  Lion_DQF: VAR_TYPE = 'support_data' and UNITS.strip() = ''.
  PGF: VAR_TYPE = 'support_data' and UNITS.strip() = ''.
SO_K0_ERN | ISTP.UNITS.Empty:
  DQF: VAR_TYPE = 'support_data' and UNITS.strip() = ''.
  Gap_Flag: VAR_TYPE = 'support_data' and UNITS.strip() = ''.
SO_OR_DEF | ISTP.UNITS.Empty:
  CRN_EARTH: VAR_TYPE = 'data' and UNITS.strip() = ''.
SO_OR_PRE | ISTP.UNITS.Empty:
  CRN_EARTH: VAR_TYPE = 'data' and UNITS.strip() = ''.
STA_L2_PLA_ALPHA_RA_1DMAX_10MIN | ISTP.UNITS.Empty:
  alpha_cycles: VAR_TYPE = 'support_data' and UNITS.strip() = ''.
  processing_date: VAR_TYPE = 'support_data' and UNITS.strip() = ''.
STA_L2_PLA_ALPHA_RA_1DMAX_1HR | ISTP.UNITS.Empty:
  alpha_cycles: VAR_TYPE = 'support_data' and UNITS.strip() = ''.
  processing_date: VAR_TYPE = 'support_data' and UNITS.strip() = ''.
STA_L2_SWEA_PAD | ISTP.UNITS.Empty:
  quality_index_0: VAR_TYPE = 'data' and UNITS.strip() = ''.
  quality_index_1: VAR_TYPE = 'data' and UNITS.strip() = ''.
STA_L3_PLA_HEPLUS_SW_VELCTDIST_5MIN | ISTP.UNITS.Empty:
  PUI_vel_ct_den: VAR_TYPE = 'data' and UNITS.strip() = ''.
STA_L3_WAV_HFR | ISTP.UNITS.Empty:
  SENSOR_CONFIG: VAR_TYPE = 'support_data' and UNITS.strip() = ''.
  STOKES_Q: VAR_TYPE = 'data' and UNITS.strip() = ''.
  STOKES_U: VAR_TYPE = 'data' and UNITS.strip() = ''.
  STOKES_V: VAR_TYPE = 'data' and UNITS.strip() = ''.
STA_L3_WAV_LFR | ISTP.UNITS.Empty:
  SENSOR_CONFIG: VAR_TYPE = 'support_data' and UNITS.strip() = ''.
  STOKES_Q: VAR_TYPE = 'data' and UNITS.strip() = ''.
  STOKES_U: VAR_TYPE = 'data' and UNITS.strip() = ''.
  STOKES_V: VAR_TYPE = 'data' and UNITS.strip() = ''.
STB_L2_PLA_ALPHA_RA_1DMAX_10MIN | ISTP.UNITS.Empty:
  alpha_cycles_den_vth: VAR_TYPE = 'support_data' and UNITS.strip() = ''.
  alpha_cycles_vel: VAR_TYPE = 'support_data' and UNITS.strip() = ''.
  alpha_cycles_na_np: VAR_TYPE = 'support_data' and UNITS.strip() = ''.
  alpha_caution: VAR_TYPE = 'support_data' and UNITS.strip() = ''.
  processing_date: VAR_TYPE = 'support_data' and UNITS.strip() = ''.
STB_L2_PLA_ALPHA_RA_1DMAX_1HR | ISTP.UNITS.Empty:
  alpha_cycles_den_vth: VAR_TYPE = 'support_data' and UNITS.strip() = ''.
  alpha_cycles_vel: VAR_TYPE = 'support_data' and UNITS.strip() = ''.
  alpha_cycles_na_np: VAR_TYPE = 'support_data' and UNITS.strip() = ''.
  alpha_caution: VAR_TYPE = 'support_data' and UNITS.strip() = ''.
  processing_date: VAR_TYPE = 'support_data' and UNITS.strip() = ''.
STB_L2_SWEA_PAD | ISTP.UNITS.Empty:
  quality_index_0: VAR_TYPE = 'data' and UNITS.strip() = ''.
  quality_index_1: VAR_TYPE = 'data' and UNITS.strip() = ''.
STB_L3_WAV_HFR | ISTP.UNITS.Empty:
  SENSOR_CONFIG: VAR_TYPE = 'support_data' and UNITS.strip() = ''.
  STOKES_Q: VAR_TYPE = 'data' and UNITS.strip() = ''.
  STOKES_U: VAR_TYPE = 'data' and UNITS.strip() = ''.
  STOKES_V: VAR_TYPE = 'data' and UNITS.strip() = ''.
STB_L3_WAV_LFR | ISTP.UNITS.Empty:
  SENSOR_CONFIG: VAR_TYPE = 'support_data' and UNITS.strip() = ''.
  STOKES_Q: VAR_TYPE = 'data' and UNITS.strip() = ''.
  STOKES_U: VAR_TYPE = 'data' and UNITS.strip() = ''.
  STOKES_V: VAR_TYPE = 'data' and UNITS.strip() = ''.
SX_K0_30F | ISTP.UNITS.Empty:
  iso_time: VAR_TYPE = 'support_data' and UNITS.strip() = ''.
  orbit: VAR_TYPE = 'support_data' and UNITS.strip() = ''.
  bl_igrf_vers: VAR_TYPE = 'support_data' and UNITS.strip() = ''.
  mag_eph_vers: VAR_TYPE = 'support_data' and UNITS.strip() = ''.
  dir_cos: VAR_TYPE = 'support_data' and UNITS.strip() = ''.
  drag: VAR_TYPE = 'data' and UNITS.strip() = ''.
  geomag_index: VAR_TYPE = 'data' and UNITS.strip() = ''.
  L_shell: VAR_TYPE = 'data' and UNITS.strip() = ''.
  ctrl_mode: VAR_TYPE = 'data' and UNITS.strip() = ''.
  sun_b_angle: VAR_TYPE = 'data' and UNITS.strip() = ''.
  lica_flag: VAR_TYPE = 'support_data' and UNITS.strip() = ''.
  HILT_flag: VAR_TYPE = 'support_data' and UNITS.strip() = ''.
  MAST_flag: VAR_TYPE = 'support_data' and UNITS.strip() = ''.
  PET_flag: VAR_TYPE = 'support_data' and UNITS.strip() = ''.
SX_K0_POF | ISTP.UNITS.Empty:
  entry_iso_time: VAR_TYPE = 'support_data' and UNITS.strip() = ''.
  exit_iso_time: VAR_TYPE = 'support_data' and UNITS.strip() = ''.
  Polarcap_ID: VAR_TYPE = 'support_data' and UNITS.strip() = ''.
  lica_flag: VAR_TYPE = 'data' and UNITS.strip() = ''.
  HILT_flag: VAR_TYPE = 'data' and UNITS.strip() = ''.
  MAST_flag: VAR_TYPE = 'data' and UNITS.strip() = ''.
  PET_flag: VAR_TYPE = 'data' and UNITS.strip() = ''.
THAPRED_OR_SSC | ISTP.UNITS.Empty:
  L_VALUE: VAR_TYPE = 'data' and UNITS.strip() = ''.
THA_OR_SSC | ISTP.UNITS.Empty:
  L_VALUE: VAR_TYPE = 'data' and UNITS.strip() = ''.
THBPRED_OR_SSC | ISTP.UNITS.Empty:
  L_VALUE: VAR_TYPE = 'data' and UNITS.strip() = ''.
THB_OR_SSC | ISTP.UNITS.Empty:
  L_VALUE: VAR_TYPE = 'data' and UNITS.strip() = ''.
THCPRED_OR_SSC | ISTP.UNITS.Empty:
  L_VALUE: VAR_TYPE = 'data' and UNITS.strip() = ''.
THC_OR_SSC | ISTP.UNITS.Empty:
  L_VALUE: VAR_TYPE = 'data' and UNITS.strip() = ''.
THDPRED_OR_SSC | ISTP.UNITS.Empty:
  L_VALUE: VAR_TYPE = 'data' and UNITS.strip() = ''.
THD_OR_SSC | ISTP.UNITS.Empty:
  L_VALUE: VAR_TYPE = 'data' and UNITS.strip() = ''.
THEPRED_OR_SSC | ISTP.UNITS.Empty:
  L_VALUE: VAR_TYPE = 'data' and UNITS.strip() = ''.
THE_OR_SSC | ISTP.UNITS.Empty:
  L_VALUE: VAR_TYPE = 'data' and UNITS.strip() = ''.
TIMED_EDP_GUVI | ISTP.UNITS.Empty:
  Orbit: VAR_TYPE = 'data' and UNITS.strip() = ''.
  norbp_PROF: VAR_TYPE = 'support_data' and UNITS.strip() = ''.
  norbp_DPROF: VAR_TYPE = 'support_data' and UNITS.strip() = ''.
  norbp_IND: VAR_TYPE = 'support_data' and UNITS.strip() = ''.
  norbp_HPCOR: VAR_TYPE = 'data' and UNITS.strip() = ''.
  norbp_NCOMB: VAR_TYPE = 'support_data' and UNITS.strip() = ''.
  k_par_R: VAR_TYPE = 'support_data' and UNITS.strip() = ''.
  k_par_W0: VAR_TYPE = 'data' and UNITS.strip() = ''.
  k_par_W1: VAR_TYPE = 'data' and UNITS.strip() = ''.
  k_nonpar_THETAPIX: VAR_TYPE = 'support_data' and UNITS.strip() = ''.
  k_nonpar_W0: VAR_TYPE = 'data' and UNITS.strip() = ''.
  k_nonpar_W1: VAR_TYPE = 'data' and UNITS.strip() = ''.
  k_nonpar_W0C: VAR_TYPE = 'data' and UNITS.strip() = ''.
  k_nonpar_W1C: VAR_TYPE = 'data' and UNITS.strip() = ''.
TIMED_L1BV20_SABER | ISTP.UNITS.Empty:
  event: VAR_TYPE = 'support_data' and UNITS.strip() = ''.
  DATE: VAR_TYPE = 'support_data' and UNITS.strip() = ''.
  offsetALT: VAR_TYPE = 'support_data' and UNITS.strip() = ''.
  solAP: VAR_TYPE = 'data' and UNITS.strip() = ''.
  solKP: VAR_TYPE = 'data' and UNITS.strip() = ''.
  solSpotNo: VAR_TYPE = 'support_data' and UNITS.strip() = ''.
  lunar_vector: VAR_TYPE = 'support_data' and UNITS.strip() = ''.
  sigma: VAR_TYPE = 'support_data' and UNITS.strip() = ''.
TIMED_L1CDISK_GUVI | ISTP.UNITS.Empty:
  orbitNumber: VAR_TYPE = 'support_data' and UNITS.strip() = ''.
  Detector: VAR_TYPE = 'data' and UNITS.strip() = ''.
  Slit: VAR_TYPE = 'data' and UNITS.strip() = ''.
  orbitNumber_ax: VAR_TYPE = 'support_data' and UNITS.strip() = ''.
TIMED_L2A_SABER | ISTP.UNITS.Empty:
  event: VAR_TYPE = 'support_data' and UNITS.strip() = ''.
  DATE: VAR_TYPE = 'support_data' and UNITS.strip() = ''.
  solSpotNo: VAR_TYPE = 'data' and UNITS.strip() = ''.
  Iaurora: VAR_TYPE = 'data' and UNITS.strip() = ''.
TIMED_L3A_SEE | ISTP.UNITS.Empty:
  DATE: VAR_TYPE = 'support_data' and UNITS.strip() = ''.
  ODC_ID: VAR_TYPE = 'support_data' and UNITS.strip() = ''.
  Data_Product_Version: VAR_TYPE = 'support_data' and UNITS.strip() = ''.
  NAME_LINE: VAR_TYPE = 'data' and UNITS.strip() = ''.
  LOGT_LINE: VAR_TYPE = 'data' and UNITS.strip() = ''.
  QS_XPS_SF: VAR_TYPE = 'support_data' and UNITS.strip() = ''.
TIMED_WINDVECTORSNCAR_TIDI | ISTP.UNITS.Empty:
  REC_INDEXcold_ascend: VAR_TYPE = 'support_data' and UNITS.strip() = ''.
  DATA_OKcold_ascend: VAR_TYPE = 'support_data' and UNITS.strip() = ''.
  TABLE_IDcold_ascend: VAR_TYPE = 'support_data' and UNITS.strip() = ''.
  REC_INDEXcold_descend: VAR_TYPE = 'support_data' and UNITS.strip() = ''.
  DATA_OKcold_descend: VAR_TYPE = 'support_data' and UNITS.strip() = ''.
  TABLE_IDcold_descend: VAR_TYPE = 'support_data' and UNITS.strip() = ''.
  REC_INDEXwarm_ascend: VAR_TYPE = 'support_data' and UNITS.strip() = ''.
  DATA_OKwarm_ascend: VAR_TYPE = 'support_data' and UNITS.strip() = ''.
  TABLE_IDwarm_ascend: VAR_TYPE = 'support_data' and UNITS.strip() = ''.
  REC_INDEXwarm_descend: VAR_TYPE = 'support_data' and UNITS.strip() = ''.
  DATA_OKwarm_descend: VAR_TYPE = 'support_data' and UNITS.strip() = ''.
  TABLE_IDwarm_descend: VAR_TYPE = 'support_data' and UNITS.strip() = ''.
TSS-1R_M1_SPEA | ISTP.UNITS.Empty:
  Sensor_Index: VAR_TYPE = 'support_data' and UNITS.strip() = ''.
TSS-1R_M1_SPEB | ISTP.UNITS.Empty:
  Sensor_Index: VAR_TYPE = 'support_data' and UNITS.strip() = ''.
TSS-1R_M1_SPEC | ISTP.UNITS.Empty:
  Sensor_Index: VAR_TYPE = 'support_data' and UNITS.strip() = ''.
TSS-1R_M1_SPED | ISTP.UNITS.Empty:
  Sensor_Index: VAR_TYPE = 'support_data' and UNITS.strip() = ''.
TSS-1R_M1_SPIC | ISTP.UNITS.Empty:
  Sensor_Index: VAR_TYPE = 'support_data' and UNITS.strip() = ''.
TSS-1R_M1_SPID | ISTP.UNITS.Empty:
  Sensor_Index: VAR_TYPE = 'support_data' and UNITS.strip() = ''.
TSS-1R_M1_SPIE | ISTP.UNITS.Empty:
  Sensor_Index: VAR_TYPE = 'support_data' and UNITS.strip() = ''.
TSS-1R_M1_SPIF | ISTP.UNITS.Empty:
  Sensor_Index: VAR_TYPE = 'support_data' and UNITS.strip() = ''.
TWINS1_HK_1SEC | ISTP.UNITS.Empty:
  TWASPEEDSELECTION: VAR_TYPE = 'data' and UNITS.strip() = ''.
  TWAPOSITIONMONITOR: VAR_TYPE = 'data' and UNITS.strip() = ''.
TWINS1_L1_IMAGER | ISTP.UNITS.Empty:
  pixel_sweep_count: VAR_TYPE = 'data' and UNITS.strip() = ''.
  smooth_image_val: VAR_TYPE = 'data' and UNITS.strip() = ''.
  quality_flag: VAR_TYPE = 'data' and UNITS.strip() = ''.
  no_orbit_data: VAR_TYPE = 'data' and UNITS.strip() = ''.
  spin_axis_eci: VAR_TYPE = 'data' and UNITS.strip() = ''.
  prime_meridian_eci: VAR_TYPE = 'data' and UNITS.strip() = ''.
  sun_posv_eci: VAR_TYPE = 'data' and UNITS.strip() = ''.
  mag_eci: VAR_TYPE = 'data' and UNITS.strip() = ''.
  spin_axis_sm: VAR_TYPE = 'data' and UNITS.strip() = ''.
  prime_meridian_sm: VAR_TYPE = 'data' and UNITS.strip() = ''.
  sun_posv_sm: VAR_TYPE = 'data' and UNITS.strip() = ''.
TWINS1_TISTORM_IMAGER | ISTP.UNITS.Empty:
  sweepsMin: VAR_TYPE = 'data' and UNITS.strip() = ''.
  sweepsMax: VAR_TYPE = 'data' and UNITS.strip() = ''.
  tot_sweeps1: VAR_TYPE = 'support_data' and UNITS.strip() = ''.
  counterrors: VAR_TYPE = 'data' and UNITS.strip() = ''.
TWINS2_HK_1SEC | ISTP.UNITS.Empty:
  TWASPEEDSELECTION: VAR_TYPE = 'data' and UNITS.strip() = ''.
TWINS2_L1_IMAGER | ISTP.UNITS.Empty:
  pixel_sweep_count: VAR_TYPE = 'data' and UNITS.strip() = ''.
  smooth_image_val: VAR_TYPE = 'data' and UNITS.strip() = ''.
  quality_flag: VAR_TYPE = 'data' and UNITS.strip() = ''.
  no_orbit_data: VAR_TYPE = 'data' and UNITS.strip() = ''.
  spin_axis_eci: VAR_TYPE = 'data' and UNITS.strip() = ''.
  prime_meridian_eci: VAR_TYPE = 'data' and UNITS.strip() = ''.
  sun_posv_eci: VAR_TYPE = 'data' and UNITS.strip() = ''.
  mag_eci: VAR_TYPE = 'data' and UNITS.strip() = ''.
  spin_axis_sm: VAR_TYPE = 'data' and UNITS.strip() = ''.
  prime_meridian_sm: VAR_TYPE = 'data' and UNITS.strip() = ''.
  sun_posv_sm: VAR_TYPE = 'data' and UNITS.strip() = ''.
TWINS2_TISTORM_IMAGER | ISTP.UNITS.Empty:
  sweepsMin: VAR_TYPE = 'data' and UNITS.strip() = ''.
  sweepsMax: VAR_TYPE = 'data' and UNITS.strip() = ''.
  tot_sweeps2: VAR_TYPE = 'support_data' and UNITS.strip() = ''.
  counterrors: VAR_TYPE = 'data' and UNITS.strip() = ''.
UY_ALPHA-DISTRIBUTIONS_SWOOPS | ISTP.UNITS.Empty:
  v_par_index: VAR_TYPE = 'support_data' and UNITS.strip() = ''.
  v_per_index: VAR_TYPE = 'support_data' and UNITS.strip() = ''.
UY_ALPHA-FIT-PARAMETERS_SWOOPS | ISTP.UNITS.Empty:
  anis1: VAR_TYPE = 'data' and UNITS.strip() = ''.
  anis2: VAR_TYPE = 'data' and UNITS.strip() = ''.
  denrat: VAR_TYPE = 'data' and UNITS.strip() = ''.
UY_COHO1HR_MERGED_MAG_PLASMA | ISTP.UNITS.Empty:
  numVectorsMagFldAvg: VAR_TYPE = 'data' and UNITS.strip() = ''.
UY_H0_GLG | ISTP.UNITS.Empty:
  GAP_FLAG: VAR_TYPE = 'support_data' and UNITS.strip() = ''.
  NON_NOMINAL_FLAG: VAR_TYPE = 'support_data' and UNITS.strip() = ''.
  STATUS_FLAG: VAR_TYPE = 'support_data' and UNITS.strip() = ''.
UY_M0_BAE | ISTP.UNITS.Empty:
  IDIM: VAR_TYPE = 'support_data' and UNITS.strip() = ''.
  ISOUND: VAR_TYPE = 'support_data' and UNITS.strip() = ''.
UY_M0_BAI | ISTP.UNITS.Empty:
  QUAL: VAR_TYPE = 'support_data' and UNITS.strip() = ''.
UY_M0_HFT | ISTP.UNITS.Empty:
  F1J_helium: VAR_TYPE = 'data' and UNITS.strip() = ''.
  Sectors: VAR_TYPE = 'support_data' and UNITS.strip() = ''.
UY_M0_PFRA | ISTP.UNITS.Empty:
  Mode: VAR_TYPE = 'support_data' and UNITS.strip() = ''.
  IBPS: VAR_TYPE = 'support_data' and UNITS.strip() = ''.
UY_M0_PFRP | ISTP.UNITS.Empty:
  Mode: VAR_TYPE = 'support_data' and UNITS.strip() = ''.
  IBPS: VAR_TYPE = 'support_data' and UNITS.strip() = ''.
UY_M0_R144 | ISTP.UNITS.Empty:
  Lo_pol_mode: VAR_TYPE = 'support_data' and UNITS.strip() = ''.
  Lo_sum_mode: VAR_TYPE = 'support_data' and UNITS.strip() = ''.
  Hi_pol_mode: VAR_TYPE = 'support_data' and UNITS.strip() = ''.
  Hi_sum_mode: VAR_TYPE = 'support_data' and UNITS.strip() = ''.
  IBPS: VAR_TYPE = 'support_data' and UNITS.strip() = ''.
UY_M0_RARA | ISTP.UNITS.Empty:
  Mode_hi: VAR_TYPE = 'support_data' and UNITS.strip() = ''.
  Mode_lo: VAR_TYPE = 'support_data' and UNITS.strip() = ''.
  IBPS: VAR_TYPE = 'support_data' and UNITS.strip() = ''.
UY_M0_RARP | ISTP.UNITS.Empty:
  Mode_hi: VAR_TYPE = 'support_data' and UNITS.strip() = ''.
  Mode_lo: VAR_TYPE = 'support_data' and UNITS.strip() = ''.
  IBPS: VAR_TYPE = 'support_data' and UNITS.strip() = ''.
UY_M0_WFBA | ISTP.UNITS.Empty:
  Iantenna: VAR_TYPE = 'support_data' and UNITS.strip() = ''.
  IPFRmode: VAR_TYPE = 'support_data' and UNITS.strip() = ''.
  IBPS: VAR_TYPE = 'support_data' and UNITS.strip() = ''.
UY_M0_WFBP | ISTP.UNITS.Empty:
  Iantenna: VAR_TYPE = 'support_data' and UNITS.strip() = ''.
  IPFRmode: VAR_TYPE = 'support_data' and UNITS.strip() = ''.
  IBPS: VAR_TYPE = 'support_data' and UNITS.strip() = ''.
UY_M0_WFEA | ISTP.UNITS.Empty:
  IPFRmode: VAR_TYPE = 'support_data' and UNITS.strip() = ''.
  IBPS: VAR_TYPE = 'support_data' and UNITS.strip() = ''.
UY_M0_WFEP | ISTP.UNITS.Empty:
  IPFRmode: VAR_TYPE = 'support_data' and UNITS.strip() = ''.
  IBPS: VAR_TYPE = 'support_data' and UNITS.strip() = ''.
UY_M1_SCS | ISTP.UNITS.Empty:
  RATC6_C5: VAR_TYPE = 'data' and UNITS.strip() = ''.
  RATO7_O6: VAR_TYPE = 'data' and UNITS.strip() = ''.
  RATFE_O : VAR_TYPE = 'data' and UNITS.strip() = ''.
  FECHARGE: VAR_TYPE = 'data' and UNITS.strip() = ''.
  NULL: VAR_TYPE = 'support_data' and UNITS.strip() = ''.
UY_M1_SWI | ISTP.UNITS.Empty:
  Density: VAR_TYPE = 'data' and UNITS.strip() = ''.
UY_M1_VHM | ISTP.UNITS.Empty:
  Null: VAR_TYPE = 'support_data' and UNITS.strip() = ''.
UY_PROTON-DISTRIBUTIONS_SWOOPS | ISTP.UNITS.Empty:
  v_par_index: VAR_TYPE = 'support_data' and UNITS.strip() = ''.
  v_per_index: VAR_TYPE = 'support_data' and UNITS.strip() = ''.
UY_PROTON-FIT-PARAMETERS_SWOOPS | ISTP.UNITS.Empty:
  anis1: VAR_TYPE = 'data' and UNITS.strip() = ''.
  anis2: VAR_TYPE = 'data' and UNITS.strip() = ''.
  denrat: VAR_TYPE = 'data' and UNITS.strip() = ''.
VG1_PWS_LR | ISTP.UNITS.Empty:
  sclk: VAR_TYPE = 'data' and UNITS.strip() = ''.
VG1_PWS_WF | ISTP.UNITS.Empty:
  Part: VAR_TYPE = 'support_data' and UNITS.strip() = ''.
  SCLK: VAR_TYPE = 'support_data' and UNITS.strip() = ''.
  Waveform: VAR_TYPE = 'data' and UNITS.strip() = ''.
  Waveform_time: VAR_TYPE = 'data' and UNITS.strip() = ''.
VG2_PWS_LR | ISTP.UNITS.Empty:
  sclk: VAR_TYPE = 'data' and UNITS.strip() = ''.
VG2_PWS_WF | ISTP.UNITS.Empty:
  Part: VAR_TYPE = 'support_data' and UNITS.strip() = ''.
  SCLK: VAR_TYPE = 'support_data' and UNITS.strip() = ''.
  Waveform: VAR_TYPE = 'data' and UNITS.strip() = ''.
  Waveform_time: VAR_TYPE = 'data' and UNITS.strip() = ''.
VOYAGER-1_LECP_ELEC-BGND-COR-1D | ISTP.UNITS.Empty:
  year: VAR_TYPE = 'support_data' and UNITS.strip() = ''.
  doy: VAR_TYPE = 'support_data' and UNITS.strip() = ''.
  decimalYear: VAR_TYPE = 'support_data' and UNITS.strip() = ''.
VOYAGER-2_LECP_ELEC-BGND-COR-1D | ISTP.UNITS.Empty:
  year: VAR_TYPE = 'support_data' and UNITS.strip() = ''.
  doy: VAR_TYPE = 'support_data' and UNITS.strip() = ''.
  decimalYear: VAR_TYPE = 'support_data' and UNITS.strip() = ''.
VOYAGER1_10S_MAG | ISTP.UNITS.Empty:
  dataID: VAR_TYPE = 'support_data' and UNITS.strip() = ''.
  telemetryFormat: VAR_TYPE = 'support_data' and UNITS.strip() = ''.
  SCid: VAR_TYPE = 'support_data' and UNITS.strip() = ''.
  timeType: VAR_TYPE = 'support_data' and UNITS.strip() = ''.
  timePeriod: VAR_TYPE = 'support_data' and UNITS.strip() = ''.
  min48ctr: VAR_TYPE = 'support_data' and UNITS.strip() = ''.
  sec48ctr: VAR_TYPE = 'support_data' and UNITS.strip() = ''.
  msec60ctr: VAR_TYPE = 'support_data' and UNITS.strip() = ''.
  magStatus: VAR_TYPE = 'data' and UNITS.strip() = ''.
  MagCommand: VAR_TYPE = 'data' and UNITS.strip() = ''.
  DataIdInt: VAR_TYPE = 'support_data' and UNITS.strip() = ''.
  DataRate: VAR_TYPE = 'support_data' and UNITS.strip() = ''.
  numPrimaryData: VAR_TYPE = 'support_data' and UNITS.strip() = ''.
  numSecondaryData: VAR_TYPE = 'support_data' and UNITS.strip() = ''.
  numPrimaryFull: VAR_TYPE = 'support_data' and UNITS.strip() = ''.
  numSecondaryFull: VAR_TYPE = 'support_data' and UNITS.strip() = ''.
  recNumber: VAR_TYPE = 'support_data' and UNITS.strip() = ''.
  numWordsRemaining: VAR_TYPE = 'support_data' and UNITS.strip() = ''.
  num1_92_averages: VAR_TYPE = 'data' and UNITS.strip() = ''.
  num_9_6: VAR_TYPE = 'support_data' and UNITS.strip() = ''.
  epicDayNav: VAR_TYPE = 'support_data' and UNITS.strip() = ''.
  epicDayVec: VAR_TYPE = 'support_data' and UNITS.strip() = ''.
  matrix1: VAR_TYPE = 'data' and UNITS.strip() = ''.
  matrix2: VAR_TYPE = 'data' and UNITS.strip() = ''.
  matrix3: VAR_TYPE = 'data' and UNITS.strip() = ''.
  recTypeHead: VAR_TYPE = 'support_data' and UNITS.strip() = ''.
  telFmtHead: VAR_TYPE = 'support_data' and UNITS.strip() = ''.
  scIDHead: VAR_TYPE = 'support_data' and UNITS.strip() = ''.
  timeHead: VAR_TYPE = 'support_data' and UNITS.strip() = ''.
  runYearHead: VAR_TYPE = 'support_data' and UNITS.strip() = ''.
  calDayHead: VAR_TYPE = 'support_data' and UNITS.strip() = ''.
  runMonthHead: VAR_TYPE = 'support_data' and UNITS.strip() = ''.
  runDayHead: VAR_TYPE = 'support_data' and UNITS.strip() = ''.
  runTypeHead: VAR_TYPE = 'support_data' and UNITS.strip() = ''.
  coordHead: VAR_TYPE = 'support_data' and UNITS.strip() = ''.
  dataIDHead: VAR_TYPE = 'support_data' and UNITS.strip() = ''.
  word32Head: VAR_TYPE = 'support_data' and UNITS.strip() = ''.
  edrsysHead: VAR_TYPE = 'support_data' and UNITS.strip() = ''.
  magsysHead: VAR_TYPE = 'support_data' and UNITS.strip() = ''.
  zeroNameHead: VAR_TYPE = 'support_data' and UNITS.strip() = ''.
  sensNameHead: VAR_TYPE = 'support_data' and UNITS.strip() = ''.
  recTypeTrail: VAR_TYPE = 'support_data' and UNITS.strip() = ''.
  telFmtTrail: VAR_TYPE = 'support_data' and UNITS.strip() = ''.
  scIDTrail: VAR_TYPE = 'support_data' and UNITS.strip() = ''.
  timeTrail: VAR_TYPE = 'support_data' and UNITS.strip() = ''.
  runYearTrail: VAR_TYPE = 'support_data' and UNITS.strip() = ''.
  calDayTrail: VAR_TYPE = 'support_data' and UNITS.strip() = ''.
  runMonthTrail: VAR_TYPE = 'support_data' and UNITS.strip() = ''.
  runDayTrail: VAR_TYPE = 'support_data' and UNITS.strip() = ''.
  runTypeTrail: VAR_TYPE = 'support_data' and UNITS.strip() = ''.
  coordTrail: VAR_TYPE = 'support_data' and UNITS.strip() = ''.
  dataIDTrail: VAR_TYPE = 'support_data' and UNITS.strip() = ''.
  word32Trail: VAR_TYPE = 'support_data' and UNITS.strip() = ''.
  edrsysTrail: VAR_TYPE = 'support_data' and UNITS.strip() = ''.
  magsysTrail: VAR_TYPE = 'support_data' and UNITS.strip() = ''.
  zeroNameTrail: VAR_TYPE = 'support_data' and UNITS.strip() = ''.
  sensNameTrail: VAR_TYPE = 'support_data' and UNITS.strip() = ''.
VOYAGER1_1HR_MAG | ISTP.UNITS.Empty:
  Spacecraft: VAR_TYPE = 'data' and UNITS.strip() = ''.
  Decimal_Year: VAR_TYPE = 'data' and UNITS.strip() = ''.
VOYAGER1_2S_MAG | ISTP.UNITS.Empty:
  dataID: VAR_TYPE = 'support_data' and UNITS.strip() = ''.
  telemetryFormat: VAR_TYPE = 'support_data' and UNITS.strip() = ''.
  SCid: VAR_TYPE = 'support_data' and UNITS.strip() = ''.
  timeType: VAR_TYPE = 'support_data' and UNITS.strip() = ''.
  timePeriod: VAR_TYPE = 'support_data' and UNITS.strip() = ''.
  min48ctr: VAR_TYPE = 'support_data' and UNITS.strip() = ''.
  sec48ctr: VAR_TYPE = 'support_data' and UNITS.strip() = ''.
  msec60ctr: VAR_TYPE = 'support_data' and UNITS.strip() = ''.
  magStatus: VAR_TYPE = 'data' and UNITS.strip() = ''.
  magCommand: VAR_TYPE = 'data' and UNITS.strip() = ''.
  DataIdInt: VAR_TYPE = 'support_data' and UNITS.strip() = ''.
  DataRate: VAR_TYPE = 'support_data' and UNITS.strip() = ''.
  numPrimaryData: VAR_TYPE = 'support_data' and UNITS.strip() = ''.
  numSecondaryData: VAR_TYPE = 'support_data' and UNITS.strip() = ''.
  numPrimaryFull: VAR_TYPE = 'support_data' and UNITS.strip() = ''.
  numSecondaryFull: VAR_TYPE = 'support_data' and UNITS.strip() = ''.
  recNumber: VAR_TYPE = 'support_data' and UNITS.strip() = ''.
  numWordsRemaining: VAR_TYPE = 'support_data' and UNITS.strip() = ''.
  numDetailPoints: VAR_TYPE = 'data' and UNITS.strip() = ''.
  num_9_6: VAR_TYPE = 'support_data' and UNITS.strip() = ''.
  epicDayNav: VAR_TYPE = 'support_data' and UNITS.strip() = ''.
  epicDayVec: VAR_TYPE = 'support_data' and UNITS.strip() = ''.
  matrix1: VAR_TYPE = 'data' and UNITS.strip() = ''.
  matrix2: VAR_TYPE = 'data' and UNITS.strip() = ''.
  matrix3: VAR_TYPE = 'data' and UNITS.strip() = ''.
  recTypeHead: VAR_TYPE = 'support_data' and UNITS.strip() = ''.
  telFmtHead: VAR_TYPE = 'support_data' and UNITS.strip() = ''.
  scIDHead: VAR_TYPE = 'support_data' and UNITS.strip() = ''.
  timeHead: VAR_TYPE = 'support_data' and UNITS.strip() = ''.
  runYearHead: VAR_TYPE = 'support_data' and UNITS.strip() = ''.
  calDayHead: VAR_TYPE = 'support_data' and UNITS.strip() = ''.
  runMonthHead: VAR_TYPE = 'support_data' and UNITS.strip() = ''.
  runDayHead: VAR_TYPE = 'support_data' and UNITS.strip() = ''.
  runTypeHead: VAR_TYPE = 'support_data' and UNITS.strip() = ''.
  coordHead: VAR_TYPE = 'support_data' and UNITS.strip() = ''.
  dataIDHead: VAR_TYPE = 'support_data' and UNITS.strip() = ''.
  word32Head: VAR_TYPE = 'support_data' and UNITS.strip() = ''.
  edrsysHead: VAR_TYPE = 'support_data' and UNITS.strip() = ''.
  magsysHead: VAR_TYPE = 'support_data' and UNITS.strip() = ''.
  zeroNameHead: VAR_TYPE = 'support_data' and UNITS.strip() = ''.
  sensNameHead: VAR_TYPE = 'support_data' and UNITS.strip() = ''.
  recTypeTrail: VAR_TYPE = 'support_data' and UNITS.strip() = ''.
  telFmtTrail: VAR_TYPE = 'support_data' and UNITS.strip() = ''.
  scIDTrail: VAR_TYPE = 'support_data' and UNITS.strip() = ''.
  timeTrail: VAR_TYPE = 'support_data' and UNITS.strip() = ''.
  runYearTrail: VAR_TYPE = 'support_data' and UNITS.strip() = ''.
  calDayTrail: VAR_TYPE = 'support_data' and UNITS.strip() = ''.
  runMonthTrail: VAR_TYPE = 'support_data' and UNITS.strip() = ''.
  runDayTrail: VAR_TYPE = 'support_data' and UNITS.strip() = ''.
  runTypeTrail: VAR_TYPE = 'support_data' and UNITS.strip() = ''.
  coordTrail: VAR_TYPE = 'support_data' and UNITS.strip() = ''.
  dataIDTrail: VAR_TYPE = 'support_data' and UNITS.strip() = ''.
  word32Trail: VAR_TYPE = 'support_data' and UNITS.strip() = ''.
  edrsysTrail: VAR_TYPE = 'support_data' and UNITS.strip() = ''.
  magsysTrail: VAR_TYPE = 'support_data' and UNITS.strip() = ''.
  zeroNameTrail: VAR_TYPE = 'support_data' and UNITS.strip() = ''.
  sensNameTrail: VAR_TYPE = 'support_data' and UNITS.strip() = ''.
VOYAGER1_48S_MAG | ISTP.UNITS.Empty:
  dataID: VAR_TYPE = 'support_data' and UNITS.strip() = ''.
  telemetryFormat: VAR_TYPE = 'support_data' and UNITS.strip() = ''.
  SCid: VAR_TYPE = 'support_data' and UNITS.strip() = ''.
  timeType: VAR_TYPE = 'support_data' and UNITS.strip() = ''.
  timePeriod: VAR_TYPE = 'support_data' and UNITS.strip() = ''.
  min48ctr: VAR_TYPE = 'support_data' and UNITS.strip() = ''.
  sec48ctr: VAR_TYPE = 'support_data' and UNITS.strip() = ''.
  msec60ctr: VAR_TYPE = 'support_data' and UNITS.strip() = ''.
  magStatus: VAR_TYPE = 'data' and UNITS.strip() = ''.
  magCommand: VAR_TYPE = 'data' and UNITS.strip() = ''.
  DataIdInt: VAR_TYPE = 'support_data' and UNITS.strip() = ''.
  DataRate: VAR_TYPE = 'support_data' and UNITS.strip() = ''.
  numPrimaryData: VAR_TYPE = 'support_data' and UNITS.strip() = ''.
  numSecondaryData: VAR_TYPE = 'support_data' and UNITS.strip() = ''.
  numPrimaryFull: VAR_TYPE = 'support_data' and UNITS.strip() = ''.
  numSecondaryFull: VAR_TYPE = 'support_data' and UNITS.strip() = ''.
  recNumber: VAR_TYPE = 'support_data' and UNITS.strip() = ''.
  numWordsRemaining: VAR_TYPE = 'support_data' and UNITS.strip() = ''.
  num9_6_averages: VAR_TYPE = 'data' and UNITS.strip() = ''.
  num_9_6: VAR_TYPE = 'support_data' and UNITS.strip() = ''.
  epicDayNav: VAR_TYPE = 'support_data' and UNITS.strip() = ''.
  epicDayVec: VAR_TYPE = 'support_data' and UNITS.strip() = ''.
  matrix1: VAR_TYPE = 'data' and UNITS.strip() = ''.
  matrix2: VAR_TYPE = 'data' and UNITS.strip() = ''.
  matrix3: VAR_TYPE = 'data' and UNITS.strip() = ''.
  recTypeHead: VAR_TYPE = 'support_data' and UNITS.strip() = ''.
  telFmtHead: VAR_TYPE = 'support_data' and UNITS.strip() = ''.
  scIDHead: VAR_TYPE = 'support_data' and UNITS.strip() = ''.
  timeHead: VAR_TYPE = 'support_data' and UNITS.strip() = ''.
  runYearHead: VAR_TYPE = 'support_data' and UNITS.strip() = ''.
  calDayHead: VAR_TYPE = 'support_data' and UNITS.strip() = ''.
  runMonthHead: VAR_TYPE = 'support_data' and UNITS.strip() = ''.
  runDayHead: VAR_TYPE = 'support_data' and UNITS.strip() = ''.
  runTypeHead: VAR_TYPE = 'support_data' and UNITS.strip() = ''.
  coordHead: VAR_TYPE = 'support_data' and UNITS.strip() = ''.
  dataIDHead: VAR_TYPE = 'support_data' and UNITS.strip() = ''.
  word32Head: VAR_TYPE = 'support_data' and UNITS.strip() = ''.
  edrsysHead: VAR_TYPE = 'support_data' and UNITS.strip() = ''.
  magsysHead: VAR_TYPE = 'support_data' and UNITS.strip() = ''.
  zeroNameHead: VAR_TYPE = 'support_data' and UNITS.strip() = ''.
  sensNameHead: VAR_TYPE = 'support_data' and UNITS.strip() = ''.
  recTypeTrail: VAR_TYPE = 'support_data' and UNITS.strip() = ''.
  telFmtTrail: VAR_TYPE = 'support_data' and UNITS.strip() = ''.
  scIDTrail: VAR_TYPE = 'support_data' and UNITS.strip() = ''.
  timeTrail: VAR_TYPE = 'support_data' and UNITS.strip() = ''.
  runYearTrail: VAR_TYPE = 'support_data' and UNITS.strip() = ''.
  calDayTrail: VAR_TYPE = 'support_data' and UNITS.strip() = ''.
  runMonthTrail: VAR_TYPE = 'support_data' and UNITS.strip() = ''.
  runDayTrail: VAR_TYPE = 'support_data' and UNITS.strip() = ''.
  runTypeTrail: VAR_TYPE = 'support_data' and UNITS.strip() = ''.
  coordTrail: VAR_TYPE = 'support_data' and UNITS.strip() = ''.
  dataIDTrail: VAR_TYPE = 'support_data' and UNITS.strip() = ''.
  word32Trail: VAR_TYPE = 'support_data' and UNITS.strip() = ''.
  edrsysTrail: VAR_TYPE = 'support_data' and UNITS.strip() = ''.
  magsysTrail: VAR_TYPE = 'support_data' and UNITS.strip() = ''.
  zeroNameTrail: VAR_TYPE = 'support_data' and UNITS.strip() = ''.
  sensNameTrail: VAR_TYPE = 'support_data' and UNITS.strip() = ''.
VOYAGER1_48S_MAG-VIM | ISTP.UNITS.Empty:
  spacecraftID: VAR_TYPE = 'support_data' and UNITS.strip() = ''.
VOYAGER2_10S_MAG | ISTP.UNITS.Empty:
  dataID: VAR_TYPE = 'support_data' and UNITS.strip() = ''.
  telemetryFormat: VAR_TYPE = 'support_data' and UNITS.strip() = ''.
  SCid: VAR_TYPE = 'support_data' and UNITS.strip() = ''.
  timeType: VAR_TYPE = 'support_data' and UNITS.strip() = ''.
  timePeriod: VAR_TYPE = 'support_data' and UNITS.strip() = ''.
  min48ctr: VAR_TYPE = 'support_data' and UNITS.strip() = ''.
  sec48ctr: VAR_TYPE = 'support_data' and UNITS.strip() = ''.
  msec60ctr: VAR_TYPE = 'support_data' and UNITS.strip() = ''.
  magStatus: VAR_TYPE = 'data' and UNITS.strip() = ''.
  MagCommand: VAR_TYPE = 'data' and UNITS.strip() = ''.
  DataIdInt: VAR_TYPE = 'support_data' and UNITS.strip() = ''.
  DataRate: VAR_TYPE = 'support_data' and UNITS.strip() = ''.
  numPrimaryData: VAR_TYPE = 'support_data' and UNITS.strip() = ''.
  numSecondaryData: VAR_TYPE = 'support_data' and UNITS.strip() = ''.
  numPrimaryFull: VAR_TYPE = 'support_data' and UNITS.strip() = ''.
  numSecondaryFull: VAR_TYPE = 'support_data' and UNITS.strip() = ''.
  recNumber: VAR_TYPE = 'support_data' and UNITS.strip() = ''.
  numWordsRemaining: VAR_TYPE = 'support_data' and UNITS.strip() = ''.
  num1_92_averages: VAR_TYPE = 'data' and UNITS.strip() = ''.
  num_9_6: VAR_TYPE = 'support_data' and UNITS.strip() = ''.
  epicDayNav: VAR_TYPE = 'support_data' and UNITS.strip() = ''.
  epicDayVec: VAR_TYPE = 'support_data' and UNITS.strip() = ''.
  matrix1: VAR_TYPE = 'data' and UNITS.strip() = ''.
  matrix2: VAR_TYPE = 'data' and UNITS.strip() = ''.
  matrix3: VAR_TYPE = 'data' and UNITS.strip() = ''.
  recTypeHead: VAR_TYPE = 'support_data' and UNITS.strip() = ''.
  telFmtHead: VAR_TYPE = 'support_data' and UNITS.strip() = ''.
  scIDHead: VAR_TYPE = 'support_data' and UNITS.strip() = ''.
  timeHead: VAR_TYPE = 'support_data' and UNITS.strip() = ''.
  runYearHead: VAR_TYPE = 'support_data' and UNITS.strip() = ''.
  calDayHead: VAR_TYPE = 'support_data' and UNITS.strip() = ''.
  runMonthHead: VAR_TYPE = 'support_data' and UNITS.strip() = ''.
  runDayHead: VAR_TYPE = 'support_data' and UNITS.strip() = ''.
  runTypeHead: VAR_TYPE = 'support_data' and UNITS.strip() = ''.
  coordHead: VAR_TYPE = 'support_data' and UNITS.strip() = ''.
  dataIDHead: VAR_TYPE = 'support_data' and UNITS.strip() = ''.
  word32Head: VAR_TYPE = 'support_data' and UNITS.strip() = ''.
  edrsysHead: VAR_TYPE = 'support_data' and UNITS.strip() = ''.
  magsysHead: VAR_TYPE = 'support_data' and UNITS.strip() = ''.
  zeroNameHead: VAR_TYPE = 'support_data' and UNITS.strip() = ''.
  sensNameHead: VAR_TYPE = 'support_data' and UNITS.strip() = ''.
  recTypeTrail: VAR_TYPE = 'support_data' and UNITS.strip() = ''.
  telFmtTrail: VAR_TYPE = 'support_data' and UNITS.strip() = ''.
  scIDTrail: VAR_TYPE = 'support_data' and UNITS.strip() = ''.
  timeTrail: VAR_TYPE = 'support_data' and UNITS.strip() = ''.
  runYearTrail: VAR_TYPE = 'support_data' and UNITS.strip() = ''.
  calDayTrail: VAR_TYPE = 'support_data' and UNITS.strip() = ''.
  runMonthTrail: VAR_TYPE = 'support_data' and UNITS.strip() = ''.
  runDayTrail: VAR_TYPE = 'support_data' and UNITS.strip() = ''.
  runTypeTrail: VAR_TYPE = 'support_data' and UNITS.strip() = ''.
  coordTrail: VAR_TYPE = 'support_data' and UNITS.strip() = ''.
  dataIDTrail: VAR_TYPE = 'support_data' and UNITS.strip() = ''.
  word32Trail: VAR_TYPE = 'support_data' and UNITS.strip() = ''.
  edrsysTrail: VAR_TYPE = 'support_data' and UNITS.strip() = ''.
  magsysTrail: VAR_TYPE = 'support_data' and UNITS.strip() = ''.
  zeroNameTrail: VAR_TYPE = 'support_data' and UNITS.strip() = ''.
  sensNameTrail: VAR_TYPE = 'support_data' and UNITS.strip() = ''.
VOYAGER2_1HR_MAG | ISTP.UNITS.Empty:
  Spacecraft: VAR_TYPE = 'data' and UNITS.strip() = ''.
  Decimal_Year: VAR_TYPE = 'data' and UNITS.strip() = ''.
VOYAGER2_2S_MAG | ISTP.UNITS.Empty:
  dataID: VAR_TYPE = 'support_data' and UNITS.strip() = ''.
  telemetryFormat: VAR_TYPE = 'support_data' and UNITS.strip() = ''.
  SCid: VAR_TYPE = 'support_data' and UNITS.strip() = ''.
  timeType: VAR_TYPE = 'support_data' and UNITS.strip() = ''.
  timePeriod: VAR_TYPE = 'support_data' and UNITS.strip() = ''.
  min48ctr: VAR_TYPE = 'support_data' and UNITS.strip() = ''.
  sec48ctr: VAR_TYPE = 'support_data' and UNITS.strip() = ''.
  msec60ctr: VAR_TYPE = 'support_data' and UNITS.strip() = ''.
  magStatus: VAR_TYPE = 'data' and UNITS.strip() = ''.
  MagCommand: VAR_TYPE = 'data' and UNITS.strip() = ''.
  DataIdInt: VAR_TYPE = 'support_data' and UNITS.strip() = ''.
  DataRate: VAR_TYPE = 'support_data' and UNITS.strip() = ''.
  numPrimaryData: VAR_TYPE = 'support_data' and UNITS.strip() = ''.
  numSecondaryData: VAR_TYPE = 'support_data' and UNITS.strip() = ''.
  numPrimaryFull: VAR_TYPE = 'support_data' and UNITS.strip() = ''.
  numSecondaryFull: VAR_TYPE = 'support_data' and UNITS.strip() = ''.
  recNumber: VAR_TYPE = 'support_data' and UNITS.strip() = ''.
  numWordsRemaining: VAR_TYPE = 'support_data' and UNITS.strip() = ''.
  numDetailPoints: VAR_TYPE = 'data' and UNITS.strip() = ''.
  num_9_6: VAR_TYPE = 'support_data' and UNITS.strip() = ''.
  epicDayNav: VAR_TYPE = 'support_data' and UNITS.strip() = ''.
  epicDayVec: VAR_TYPE = 'support_data' and UNITS.strip() = ''.
  matrix1: VAR_TYPE = 'data' and UNITS.strip() = ''.
  matrix2: VAR_TYPE = 'data' and UNITS.strip() = ''.
  matrix3: VAR_TYPE = 'data' and UNITS.strip() = ''.
  recTypeHead: VAR_TYPE = 'support_data' and UNITS.strip() = ''.
  telFmtHead: VAR_TYPE = 'support_data' and UNITS.strip() = ''.
  scIDHead: VAR_TYPE = 'support_data' and UNITS.strip() = ''.
  timeHead: VAR_TYPE = 'support_data' and UNITS.strip() = ''.
  runYearHead: VAR_TYPE = 'support_data' and UNITS.strip() = ''.
  calDayHead: VAR_TYPE = 'support_data' and UNITS.strip() = ''.
  runMonthHead: VAR_TYPE = 'support_data' and UNITS.strip() = ''.
  runDayHead: VAR_TYPE = 'support_data' and UNITS.strip() = ''.
  runTypeHead: VAR_TYPE = 'support_data' and UNITS.strip() = ''.
  coordHead: VAR_TYPE = 'support_data' and UNITS.strip() = ''.
  dataIDHead: VAR_TYPE = 'support_data' and UNITS.strip() = ''.
  word32Head: VAR_TYPE = 'support_data' and UNITS.strip() = ''.
  edrsysHead: VAR_TYPE = 'support_data' and UNITS.strip() = ''.
  magsysHead: VAR_TYPE = 'support_data' and UNITS.strip() = ''.
  zeroNameHead: VAR_TYPE = 'support_data' and UNITS.strip() = ''.
  sensNameHead: VAR_TYPE = 'support_data' and UNITS.strip() = ''.
  recTypeTrail: VAR_TYPE = 'support_data' and UNITS.strip() = ''.
  telFmtTrail: VAR_TYPE = 'support_data' and UNITS.strip() = ''.
  scIDTrail: VAR_TYPE = 'support_data' and UNITS.strip() = ''.
  timeTrail: VAR_TYPE = 'support_data' and UNITS.strip() = ''.
  runYearTrail: VAR_TYPE = 'support_data' and UNITS.strip() = ''.
  calDayTrail: VAR_TYPE = 'support_data' and UNITS.strip() = ''.
  runMonthTrail: VAR_TYPE = 'support_data' and UNITS.strip() = ''.
  runDayTrail: VAR_TYPE = 'support_data' and UNITS.strip() = ''.
  runTypeTrail: VAR_TYPE = 'support_data' and UNITS.strip() = ''.
  coordTrail: VAR_TYPE = 'support_data' and UNITS.strip() = ''.
  dataIDTrail: VAR_TYPE = 'support_data' and UNITS.strip() = ''.
  word32Trail: VAR_TYPE = 'support_data' and UNITS.strip() = ''.
  edrsysTrail: VAR_TYPE = 'support_data' and UNITS.strip() = ''.
  magsysTrail: VAR_TYPE = 'support_data' and UNITS.strip() = ''.
  zeroNameTrail: VAR_TYPE = 'support_data' and UNITS.strip() = ''.
  sensNameTrail: VAR_TYPE = 'support_data' and UNITS.strip() = ''.
VOYAGER2_48S_MAG | ISTP.UNITS.Empty:
  dataID: VAR_TYPE = 'support_data' and UNITS.strip() = ''.
  telemetryFormat: VAR_TYPE = 'support_data' and UNITS.strip() = ''.
  SCid: VAR_TYPE = 'support_data' and UNITS.strip() = ''.
  timeType: VAR_TYPE = 'support_data' and UNITS.strip() = ''.
  timePeriod: VAR_TYPE = 'support_data' and UNITS.strip() = ''.
  min48ctr: VAR_TYPE = 'support_data' and UNITS.strip() = ''.
  sec48ctr: VAR_TYPE = 'support_data' and UNITS.strip() = ''.
  msec60ctr: VAR_TYPE = 'support_data' and UNITS.strip() = ''.
  magStatus: VAR_TYPE = 'data' and UNITS.strip() = ''.
  magCommand: VAR_TYPE = 'data' and UNITS.strip() = ''.
  DataIdInt: VAR_TYPE = 'support_data' and UNITS.strip() = ''.
  DataRate: VAR_TYPE = 'support_data' and UNITS.strip() = ''.
  numPrimaryData: VAR_TYPE = 'support_data' and UNITS.strip() = ''.
  numSecondaryData: VAR_TYPE = 'support_data' and UNITS.strip() = ''.
  numPrimaryFull: VAR_TYPE = 'support_data' and UNITS.strip() = ''.
  numSecondaryFull: VAR_TYPE = 'support_data' and UNITS.strip() = ''.
  recNumber: VAR_TYPE = 'support_data' and UNITS.strip() = ''.
  numWordsRemaining: VAR_TYPE = 'support_data' and UNITS.strip() = ''.
  num9_6_averages: VAR_TYPE = 'data' and UNITS.strip() = ''.
  num_9_6: VAR_TYPE = 'support_data' and UNITS.strip() = ''.
  epicDayNav: VAR_TYPE = 'support_data' and UNITS.strip() = ''.
  epicDayVec: VAR_TYPE = 'support_data' and UNITS.strip() = ''.
  matrix1: VAR_TYPE = 'data' and UNITS.strip() = ''.
  matrix2: VAR_TYPE = 'data' and UNITS.strip() = ''.
  matrix3: VAR_TYPE = 'data' and UNITS.strip() = ''.
  recTypeHead: VAR_TYPE = 'support_data' and UNITS.strip() = ''.
  telFmtHead: VAR_TYPE = 'support_data' and UNITS.strip() = ''.
  scIDHead: VAR_TYPE = 'support_data' and UNITS.strip() = ''.
  timeHead: VAR_TYPE = 'support_data' and UNITS.strip() = ''.
  runYearHead: VAR_TYPE = 'support_data' and UNITS.strip() = ''.
  calDayHead: VAR_TYPE = 'support_data' and UNITS.strip() = ''.
  runMonthHead: VAR_TYPE = 'support_data' and UNITS.strip() = ''.
  runDayHead: VAR_TYPE = 'support_data' and UNITS.strip() = ''.
  runTypeHead: VAR_TYPE = 'support_data' and UNITS.strip() = ''.
  coordHead: VAR_TYPE = 'support_data' and UNITS.strip() = ''.
  dataIDHead: VAR_TYPE = 'support_data' and UNITS.strip() = ''.
  word32Head: VAR_TYPE = 'support_data' and UNITS.strip() = ''.
  edrsysHead: VAR_TYPE = 'support_data' and UNITS.strip() = ''.
  magsysHead: VAR_TYPE = 'support_data' and UNITS.strip() = ''.
  zeroNameHead: VAR_TYPE = 'support_data' and UNITS.strip() = ''.
  sensNameHead: VAR_TYPE = 'support_data' and UNITS.strip() = ''.
  recTypeTrail: VAR_TYPE = 'support_data' and UNITS.strip() = ''.
  telFmtTrail: VAR_TYPE = 'support_data' and UNITS.strip() = ''.
  scIDTrail: VAR_TYPE = 'support_data' and UNITS.strip() = ''.
  timeTrail: VAR_TYPE = 'support_data' and UNITS.strip() = ''.
  runYearTrail: VAR_TYPE = 'support_data' and UNITS.strip() = ''.
  calDayTrail: VAR_TYPE = 'support_data' and UNITS.strip() = ''.
  runMonthTrail: VAR_TYPE = 'support_data' and UNITS.strip() = ''.
  runDayTrail: VAR_TYPE = 'support_data' and UNITS.strip() = ''.
  runTypeTrail: VAR_TYPE = 'support_data' and UNITS.strip() = ''.
  coordTrail: VAR_TYPE = 'support_data' and UNITS.strip() = ''.
  dataIDTrail: VAR_TYPE = 'support_data' and UNITS.strip() = ''.
  word32Trail: VAR_TYPE = 'support_data' and UNITS.strip() = ''.
  edrsysTrail: VAR_TYPE = 'support_data' and UNITS.strip() = ''.
  magsysTrail: VAR_TYPE = 'support_data' and UNITS.strip() = ''.
  zeroNameTrail: VAR_TYPE = 'support_data' and UNITS.strip() = ''.
  sensNameTrail: VAR_TYPE = 'support_data' and UNITS.strip() = ''.
VOYAGER2_48S_MAG-VIM | ISTP.UNITS.Empty:
  spacecraftID: VAR_TYPE = 'support_data' and UNITS.strip() = ''.
VOYAGER2_PLS_HIRES_PLASMA_DATA_HSH | ISTP.UNITS.Empty:
  chi2: VAR_TYPE = 'data' and UNITS.strip() = ''.
WI_ELM2_3DP | ISTP.UNITS.Empty:
  EFLUX: VAR_TYPE = 'data' and UNITS.strip() = ''.
WI_EM_3DP | ISTP.UNITS.Empty:
  SPIN: VAR_TYPE = 'support_data' and UNITS.strip() = ''.
WI_EPACT_STEP-DIFFERENTIAL-ION-FLUX-1HR | ISTP.UNITS.Empty:
  H_index: VAR_TYPE = 'support_data' and UNITS.strip() = ''.
  He_index: VAR_TYPE = 'support_data' and UNITS.strip() = ''.
  CNO_index: VAR_TYPE = 'support_data' and UNITS.strip() = ''.
  NeS_index: VAR_TYPE = 'support_data' and UNITS.strip() = ''.
  Fe_index: VAR_TYPE = 'support_data' and UNITS.strip() = ''.
  TELESCOPE_index: VAR_TYPE = 'support_data' and UNITS.strip() = ''.
WI_EPACT_STEP-DIRECTIONAL-DIFF-CNO-FLUX-10MIN | ISTP.UNITS.Empty:
  CNO_index: VAR_TYPE = 'support_data' and UNITS.strip() = ''.
  TELESCOPE_index: VAR_TYPE = 'support_data' and UNITS.strip() = ''.
WI_EPACT_STEP-DIRECTIONAL-DIFF-FE-FLUX-10MIN | ISTP.UNITS.Empty:
  FE_index: VAR_TYPE = 'support_data' and UNITS.strip() = ''.
  TELESCOPE_index: VAR_TYPE = 'support_data' and UNITS.strip() = ''.
WI_EPACT_STEP-DIRECTIONAL-DIFF-H-FLUX-10MIN | ISTP.UNITS.Empty:
  H_index: VAR_TYPE = 'support_data' and UNITS.strip() = ''.
  TELESCOPE_index: VAR_TYPE = 'support_data' and UNITS.strip() = ''.
WI_EPACT_STEP-DIRECTIONAL-DIFF-HE-FLUX-10MIN | ISTP.UNITS.Empty:
  TELESCOPE_index: VAR_TYPE = 'support_data' and UNITS.strip() = ''.
WI_H0_MFI | ISTP.UNITS.Empty:
  NUM_PTS: VAR_TYPE = 'support_data' and UNITS.strip() = ''.
  SGSE: VAR_TYPE = 'support_data' and UNITS.strip() = ''.
  RANGE_I: VAR_TYPE = 'support_data' and UNITS.strip() = ''.
  RANGE_O: VAR_TYPE = 'support_data' and UNITS.strip() = ''.
  SPC_MODE: VAR_TYPE = 'support_data' and UNITS.strip() = ''.
  MAG_MODE: VAR_TYPE = 'support_data' and UNITS.strip() = ''.
  NUM3_PTS: VAR_TYPE = 'support_data' and UNITS.strip() = ''.
  NUM1_PTS: VAR_TYPE = 'support_data' and UNITS.strip() = ''.
WI_H0_WAV | ISTP.UNITS.Empty:
  Ne_Quality: VAR_TYPE = 'data' and UNITS.strip() = ''.
  GAP_FLAG: VAR_TYPE = 'support_data' and UNITS.strip() = ''.
WI_H1_WAV | ISTP.UNITS.Empty:
  E_VOLTAGE_RAD2: VAR_TYPE = 'data' and UNITS.strip() = ''.
  E_VOLTAGE_RAD1: VAR_TYPE = 'data' and UNITS.strip() = ''.
  E_VOLTAGE_TNR: VAR_TYPE = 'data' and UNITS.strip() = ''.
WI_H2_MFI | ISTP.UNITS.Empty:
  RANGE: VAR_TYPE = 'support_data' and UNITS.strip() = ''.
  SPC_MODE: VAR_TYPE = 'support_data' and UNITS.strip() = ''.
  MAG_MODE: VAR_TYPE = 'support_data' and UNITS.strip() = ''.
  NUM1_PTS_O: VAR_TYPE = 'support_data' and UNITS.strip() = ''.
  NUM1_PTS_I: VAR_TYPE = 'support_data' and UNITS.strip() = ''.
WI_H3-RTN_MFI | ISTP.UNITS.Empty:
  NUM_PTS: VAR_TYPE = 'support_data' and UNITS.strip() = ''.
  RANGE_I: VAR_TYPE = 'support_data' and UNITS.strip() = ''.
  RANGE_O: VAR_TYPE = 'support_data' and UNITS.strip() = ''.
  SPC_MODE: VAR_TYPE = 'support_data' and UNITS.strip() = ''.
  MAG_MODE: VAR_TYPE = 'support_data' and UNITS.strip() = ''.
  NUM3_PTS: VAR_TYPE = 'support_data' and UNITS.strip() = ''.
  NUM1_PTS: VAR_TYPE = 'support_data' and UNITS.strip() = ''.
  ZERO_I: VAR_TYPE = 'support_data' and UNITS.strip() = ''.
  SENS_I: VAR_TYPE = 'support_data' and UNITS.strip() = ''.
  AMPL_I: VAR_TYPE = 'support_data' and UNITS.strip() = ''.
  ORTH_I: VAR_TYPE = 'support_data' and UNITS.strip() = ''.
  PAYLD_I: VAR_TYPE = 'support_data' and UNITS.strip() = ''.
  FLAG_I: VAR_TYPE = 'support_data' and UNITS.strip() = ''.
  ZERO_O: VAR_TYPE = 'support_data' and UNITS.strip() = ''.
  SENS_O: VAR_TYPE = 'support_data' and UNITS.strip() = ''.
  AMPL_O: VAR_TYPE = 'support_data' and UNITS.strip() = ''.
  ORTH_O: VAR_TYPE = 'support_data' and UNITS.strip() = ''.
  PAYLD_O: VAR_TYPE = 'support_data' and UNITS.strip() = ''.
  FLAG_O: VAR_TYPE = 'support_data' and UNITS.strip() = ''.
WI_H4-RTN_MFI | ISTP.UNITS.Empty:
  RANGE: VAR_TYPE = 'support_data' and UNITS.strip() = ''.
  SPC_MODE: VAR_TYPE = 'support_data' and UNITS.strip() = ''.
  MAG_MODE: VAR_TYPE = 'support_data' and UNITS.strip() = ''.
  NUM1_PTS_O: VAR_TYPE = 'support_data' and UNITS.strip() = ''.
  ZERO1_O: VAR_TYPE = 'support_data' and UNITS.strip() = ''.
  SENS1_O: VAR_TYPE = 'support_data' and UNITS.strip() = ''.
  AMPL1_O: VAR_TYPE = 'support_data' and UNITS.strip() = ''.
  ORTH1_O: VAR_TYPE = 'support_data' and UNITS.strip() = ''.
  PAYLD1_O: VAR_TYPE = 'support_data' and UNITS.strip() = ''.
  FLAG1_O: VAR_TYPE = 'support_data' and UNITS.strip() = ''.
  NUM1_PTS_I: VAR_TYPE = 'support_data' and UNITS.strip() = ''.
  ZERO1_I: VAR_TYPE = 'support_data' and UNITS.strip() = ''.
  SENS1_I: VAR_TYPE = 'support_data' and UNITS.strip() = ''.
  AMPL1_I: VAR_TYPE = 'support_data' and UNITS.strip() = ''.
  ORTH1_I: VAR_TYPE = 'support_data' and UNITS.strip() = ''.
  PAYLD1_I: VAR_TYPE = 'support_data' and UNITS.strip() = ''.
  FLAG1_I: VAR_TYPE = 'support_data' and UNITS.strip() = ''.
WI_K0_3DP | ISTP.UNITS.Empty:
  DQ_Flag: VAR_TYPE = 'support_data' and UNITS.strip() = ''.
  PG_Flag: VAR_TYPE = 'support_data' and UNITS.strip() = ''.
  instr_mode: VAR_TYPE = 'support_data' and UNITS.strip() = ''.
WI_K0_EPA | ISTP.UNITS.Empty:
  DQF: VAR_TYPE = 'support_data' and UNITS.strip() = ''.
  Gap_Flag: VAR_TYPE = 'support_data' and UNITS.strip() = ''.
WI_K0_MFI | ISTP.UNITS.Empty:
  DQF: VAR_TYPE = 'support_data' and UNITS.strip() = ''.
  Gap_Flag: VAR_TYPE = 'support_data' and UNITS.strip() = ''.
WI_K0_SMS | ISTP.UNITS.Empty:
  C/O_ratio: VAR_TYPE = 'data' and UNITS.strip() = ''.
  C/O_ratio_errorbars: VAR_TYPE = 'data' and UNITS.strip() = ''.
  C/O_Delta: VAR_TYPE = 'data' and UNITS.strip() = ''.
  DQF_1: VAR_TYPE = 'support_data' and UNITS.strip() = ''.
  PGF: VAR_TYPE = 'support_data' and UNITS.strip() = ''.
WI_K0_SPHA | ISTP.UNITS.Empty:
  FAULT: VAR_TYPE = 'data' and UNITS.strip() = ''.
WI_K0_SWE | ISTP.UNITS.Empty:
  GAP_FLAG: VAR_TYPE = 'support_data' and UNITS.strip() = ''.
  MODE: VAR_TYPE = 'support_data' and UNITS.strip() = ''.
  DQF: VAR_TYPE = 'support_data' and UNITS.strip() = ''.
  QF_V: VAR_TYPE = 'data' and UNITS.strip() = ''.
  QF_Vth: VAR_TYPE = 'support_data' and UNITS.strip() = ''.
  QF_Np: VAR_TYPE = 'data' and UNITS.strip() = ''.
  QF_a/p: VAR_TYPE = 'support_data' and UNITS.strip() = ''.
WI_K0_SWE_RTN | ISTP.UNITS.Empty:
  GAP_FLAG: VAR_TYPE = 'support_data' and UNITS.strip() = ''.
  MODE: VAR_TYPE = 'support_data' and UNITS.strip() = ''.
  DQF: VAR_TYPE = 'support_data' and UNITS.strip() = ''.
  QF_V: VAR_TYPE = 'support_data' and UNITS.strip() = ''.
  QF_Vth: VAR_TYPE = 'support_data' and UNITS.strip() = ''.
  QF_Np: VAR_TYPE = 'support_data' and UNITS.strip() = ''.
  QF_ap: VAR_TYPE = 'support_data' and UNITS.strip() = ''.
WI_K0_WAV | ISTP.UNITS.Empty:
  Ne_Quality: VAR_TYPE = 'support_data' and UNITS.strip() = ''.
  E_Quality: VAR_TYPE = 'support_data' and UNITS.strip() = ''.
  GAP_FLAG: VAR_TYPE = 'support_data' and UNITS.strip() = ''.
WI_K1-RTN_MFI | ISTP.UNITS.Empty:
  DQF: VAR_TYPE = 'support_data' and UNITS.strip() = ''.
  Gap_Flag: VAR_TYPE = 'support_data' and UNITS.strip() = ''.
WI_L2-30MIN_SMS-STICS-AFM-MAGNETOSPHERE | ISTP.UNITS.Empty:
  TELESCOPE_index: VAR_TYPE = 'support_data' and UNITS.strip() = ''.
WI_L2-30MIN_SMS-STICS-AFM-SOLARWIND | ISTP.UNITS.Empty:
  TELESCOPE_index: VAR_TYPE = 'support_data' and UNITS.strip() = ''.
WI_L2-3MIN_SMS-STICS-VDF-MAGNETOSPHERE | ISTP.UNITS.Empty:
  counts_tc_hplus: VAR_TYPE = 'data' and UNITS.strip() = ''.
  counts_tc_hplus_sum: VAR_TYPE = 'data' and UNITS.strip() = ''.
  counts_tc_hplus_sum1_sort: VAR_TYPE = 'data' and UNITS.strip() = ''.
  counts_error_tc_hplus: VAR_TYPE = 'data' and UNITS.strip() = ''.
  counts_tc_heplus: VAR_TYPE = 'data' and UNITS.strip() = ''.
  counts_tc_heplus_sum: VAR_TYPE = 'data' and UNITS.strip() = ''.
  counts_tc_heplus_sum1_sort: VAR_TYPE = 'data' and UNITS.strip() = ''.
  counts_error_tc_heplus: VAR_TYPE = 'data' and UNITS.strip() = ''.
  counts_tc_he2plus: VAR_TYPE = 'data' and UNITS.strip() = ''.
  counts_tc_he2plus_sum: VAR_TYPE = 'data' and UNITS.strip() = ''.
  counts_tc_he2plus_sum1_sort: VAR_TYPE = 'data' and UNITS.strip() = ''.
  counts_error_tc_he2plus: VAR_TYPE = 'data' and UNITS.strip() = ''.
  counts_tc_oplus: VAR_TYPE = 'data' and UNITS.strip() = ''.
  counts_tc_oplus_sum: VAR_TYPE = 'data' and UNITS.strip() = ''.
  counts_tc_oplus_sum1_sort: VAR_TYPE = 'data' and UNITS.strip() = ''.
  counts_error_tc_oplus: VAR_TYPE = 'data' and UNITS.strip() = ''.
  counts_tc_o6plus: VAR_TYPE = 'data' and UNITS.strip() = ''.
  counts_tc_o6plus_sum: VAR_TYPE = 'data' and UNITS.strip() = ''.
  counts_tc_o6plus_sum1_sort: VAR_TYPE = 'data' and UNITS.strip() = ''.
  counts_error_tc_o6plus: VAR_TYPE = 'data' and UNITS.strip() = ''.
  counts_tc_c5plus: VAR_TYPE = 'data' and UNITS.strip() = ''.
  counts_tc_c5plus_sum: VAR_TYPE = 'data' and UNITS.strip() = ''.
  counts_tc_c5plus_sum1_sort: VAR_TYPE = 'data' and UNITS.strip() = ''.
  counts_error_tc_c5plus: VAR_TYPE = 'data' and UNITS.strip() = ''.
  counts_tc_fe10plus: VAR_TYPE = 'data' and UNITS.strip() = ''.
  counts_tc_fe10plus_sum: VAR_TYPE = 'data' and UNITS.strip() = ''.
  counts_tc_fe10plus_sum1_sort: VAR_TYPE = 'data' and UNITS.strip() = ''.
  counts_error_tc_fe10plus: VAR_TYPE = 'data' and UNITS.strip() = ''.
  counts_dc_hplus: VAR_TYPE = 'data' and UNITS.strip() = ''.
  counts_dc_hplus_sum: VAR_TYPE = 'data' and UNITS.strip() = ''.
  counts_dc_hplus_sum1_sort: VAR_TYPE = 'data' and UNITS.strip() = ''.
  counts_error_dc_hplus: VAR_TYPE = 'data' and UNITS.strip() = ''.
  counts_dc_heplus: VAR_TYPE = 'data' and UNITS.strip() = ''.
  counts_dc_heplus_sum: VAR_TYPE = 'data' and UNITS.strip() = ''.
  counts_dc_heplus_sum1_sort: VAR_TYPE = 'data' and UNITS.strip() = ''.
  counts_error_dc_heplus: VAR_TYPE = 'data' and UNITS.strip() = ''.
  counts_dc_he2plus: VAR_TYPE = 'data' and UNITS.strip() = ''.
  counts_dc_he2plus_sum: VAR_TYPE = 'data' and UNITS.strip() = ''.
  counts_dc_he2plus_sum1_sort: VAR_TYPE = 'data' and UNITS.strip() = ''.
  counts_error_dc_he2plus: VAR_TYPE = 'data' and UNITS.strip() = ''.
  counts_dc_oplus: VAR_TYPE = 'data' and UNITS.strip() = ''.
  counts_dc_oplus_sum: VAR_TYPE = 'data' and UNITS.strip() = ''.
  counts_dc_oplus_sum1_sort: VAR_TYPE = 'data' and UNITS.strip() = ''.
  counts_error_dc_oplus: VAR_TYPE = 'data' and UNITS.strip() = ''.
  counts_dc_o6plus: VAR_TYPE = 'data' and UNITS.strip() = ''.
  counts_dc_o6plus_sum: VAR_TYPE = 'data' and UNITS.strip() = ''.
  counts_dc_o6plus_sum1_sort: VAR_TYPE = 'data' and UNITS.strip() = ''.
  counts_error_dc_o6plus: VAR_TYPE = 'data' and UNITS.strip() = ''.
  delT: VAR_TYPE = 'data' and UNITS.strip() = ''.
  SECTOR_index: VAR_TYPE = 'support_data' and UNITS.strip() = ''.
  TELESCOPE_index: VAR_TYPE = 'support_data' and UNITS.strip() = ''.
  STEP_index: VAR_TYPE = 'support_data' and UNITS.strip() = ''.
WI_L2-3MIN_SMS-STICS-VDF-SOLARWIND | ISTP.UNITS.Empty:
  counts_tc_hplus: VAR_TYPE = 'data' and UNITS.strip() = ''.
  counts_tc_hplus_sum: VAR_TYPE = 'data' and UNITS.strip() = ''.
  counts_tc_hplus_sum1_sort: VAR_TYPE = 'data' and UNITS.strip() = ''.
  counts_error_tc_hplus: VAR_TYPE = 'data' and UNITS.strip() = ''.
  counts_tc_heplus: VAR_TYPE = 'data' and UNITS.strip() = ''.
  counts_tc_heplus_sum: VAR_TYPE = 'data' and UNITS.strip() = ''.
  counts_tc_heplus_sum1_sort: VAR_TYPE = 'data' and UNITS.strip() = ''.
  counts_error_tc_heplus: VAR_TYPE = 'data' and UNITS.strip() = ''.
  counts_tc_he2plus: VAR_TYPE = 'data' and UNITS.strip() = ''.
  counts_tc_he2plus_sum: VAR_TYPE = 'data' and UNITS.strip() = ''.
  counts_tc_he2plus_sum1_sort: VAR_TYPE = 'data' and UNITS.strip() = ''.
  counts_error_tc_he2plus: VAR_TYPE = 'data' and UNITS.strip() = ''.
  counts_tc_oplus: VAR_TYPE = 'data' and UNITS.strip() = ''.
  counts_tc_oplus_sum: VAR_TYPE = 'data' and UNITS.strip() = ''.
  counts_tc_oplus_sum1_sort: VAR_TYPE = 'data' and UNITS.strip() = ''.
  counts_error_tc_oplus: VAR_TYPE = 'data' and UNITS.strip() = ''.
  counts_tc_o6plus: VAR_TYPE = 'data' and UNITS.strip() = ''.
  counts_tc_o6plus_sum: VAR_TYPE = 'data' and UNITS.strip() = ''.
  counts_tc_o6plus_sum1_sort: VAR_TYPE = 'data' and UNITS.strip() = ''.
  counts_error_tc_o6plus: VAR_TYPE = 'data' and UNITS.strip() = ''.
  counts_tc_c5plus: VAR_TYPE = 'data' and UNITS.strip() = ''.
  counts_tc_c5plus_sum: VAR_TYPE = 'data' and UNITS.strip() = ''.
  counts_tc_c5plus_sum1_sort: VAR_TYPE = 'data' and UNITS.strip() = ''.
  counts_error_tc_c5plus: VAR_TYPE = 'data' and UNITS.strip() = ''.
  counts_tc_fe10plus: VAR_TYPE = 'data' and UNITS.strip() = ''.
  counts_tc_fe10plus_sum: VAR_TYPE = 'data' and UNITS.strip() = ''.
  counts_tc_fe10plus_sum1_sort: VAR_TYPE = 'data' and UNITS.strip() = ''.
  counts_error_tc_fe10plus: VAR_TYPE = 'data' and UNITS.strip() = ''.
  counts_dc_hplus: VAR_TYPE = 'data' and UNITS.strip() = ''.
  counts_dc_hplus_sum: VAR_TYPE = 'data' and UNITS.strip() = ''.
  counts_dc_hplus_sum1_sort: VAR_TYPE = 'data' and UNITS.strip() = ''.
  counts_error_dc_hplus: VAR_TYPE = 'data' and UNITS.strip() = ''.
  counts_dc_heplus: VAR_TYPE = 'data' and UNITS.strip() = ''.
  counts_dc_heplus_sum: VAR_TYPE = 'data' and UNITS.strip() = ''.
  counts_dc_heplus_sum1_sort: VAR_TYPE = 'data' and UNITS.strip() = ''.
  counts_error_dc_heplus: VAR_TYPE = 'data' and UNITS.strip() = ''.
  counts_dc_he2plus: VAR_TYPE = 'data' and UNITS.strip() = ''.
  counts_dc_he2plus_sum: VAR_TYPE = 'data' and UNITS.strip() = ''.
  counts_dc_he2plus_sum1_sort: VAR_TYPE = 'data' and UNITS.strip() = ''.
  counts_error_dc_he2plus: VAR_TYPE = 'data' and UNITS.strip() = ''.
  counts_dc_oplus: VAR_TYPE = 'data' and UNITS.strip() = ''.
  counts_dc_oplus_sum: VAR_TYPE = 'data' and UNITS.strip() = ''.
  counts_dc_oplus_sum1_sort: VAR_TYPE = 'data' and UNITS.strip() = ''.
  counts_error_dc_oplus: VAR_TYPE = 'data' and UNITS.strip() = ''.
  counts_dc_o6plus: VAR_TYPE = 'data' and UNITS.strip() = ''.
  counts_dc_o6plus_sum: VAR_TYPE = 'data' and UNITS.strip() = ''.
  counts_dc_o6plus_sum1_sort: VAR_TYPE = 'data' and UNITS.strip() = ''.
  counts_error_dc_o6plus: VAR_TYPE = 'data' and UNITS.strip() = ''.
  delT: VAR_TYPE = 'data' and UNITS.strip() = ''.
  SECTOR_index: VAR_TYPE = 'support_data' and UNITS.strip() = ''.
  TELESCOPE_index: VAR_TYPE = 'support_data' and UNITS.strip() = ''.
  STEP_index: VAR_TYPE = 'support_data' and UNITS.strip() = ''.
WI_L2_WAV_RAD1 | ISTP.UNITS.Empty:
  SWEEP: VAR_TYPE = 'support_data' and UNITS.strip() = ''.
  NUM: VAR_TYPE = 'support_data' and UNITS.strip() = ''.
  RECEIVER_MODE: VAR_TYPE = 'support_data' and UNITS.strip() = ''.
  SENSOR_CONFIG: VAR_TYPE = 'support_data' and UNITS.strip() = ''.
  QUALITY_FLAG: VAR_TYPE = 'support_data' and UNITS.strip() = ''.
WI_L2_WAV_RAD2 | ISTP.UNITS.Empty:
  SWEEP: VAR_TYPE = 'support_data' and UNITS.strip() = ''.
  NUM: VAR_TYPE = 'support_data' and UNITS.strip() = ''.
  RECEIVER_MODE: VAR_TYPE = 'support_data' and UNITS.strip() = ''.
  SENSOR_CONFIG: VAR_TYPE = 'support_data' and UNITS.strip() = ''.
  QUALITY_FLAG: VAR_TYPE = 'support_data' and UNITS.strip() = ''.
WI_L3-DUSTIMPACT_WAVES | ISTP.UNITS.Empty:
  TDS_Event_Number: VAR_TYPE = 'support_data' and UNITS.strip() = ''.
  Ch01___cc_value: VAR_TYPE = 'data' and UNITS.strip() = ''.
  Ch01___cc_threshold: VAR_TYPE = 'data' and UNITS.strip() = ''.
  Ch02___cc_value: VAR_TYPE = 'data' and UNITS.strip() = ''.
  Ch02___cc_threshold: VAR_TYPE = 'data' and UNITS.strip() = ''.
WI_OR_DEF | ISTP.UNITS.Empty:
  CRN_EARTH: VAR_TYPE = 'data' and UNITS.strip() = ''.
WI_OR_PRE | ISTP.UNITS.Empty:
  CRN_EARTH: VAR_TYPE = 'data' and UNITS.strip() = ''.
WI_PLSP_3DP | ISTP.UNITS.Empty:
  MOM.P.EFLUX: VAR_TYPE = 'data' and UNITS.strip() = ''.
  MOM.P.MAGT3: VAR_TYPE = 'data' and UNITS.strip() = ''.
  MOM.A.EFLUX: VAR_TYPE = 'data' and UNITS.strip() = ''.
  MOM.A.MAGT3: VAR_TYPE = 'data' and UNITS.strip() = ''.
WI_PM_3DP | ISTP.UNITS.Empty:
  SPIN: VAR_TYPE = 'support_data' and UNITS.strip() = ''.
  VC: VAR_TYPE = 'support_data' and UNITS.strip() = ''.
WI_WA_RAD1_L3_DF | ISTP.UNITS.Empty:
  SWEEP: VAR_TYPE = 'support_data' and UNITS.strip() = ''.
  NUM: VAR_TYPE = 'support_data' and UNITS.strip() = ''.
  MODULATION_RATE: VAR_TYPE = 'data' and UNITS.strip() = ''.