ALOUETTE2_AV_LIM | ISTP.DataType.Invalid:
  satellite: CDF VAR_TYPE = 'metadata' and DataType not one of ['CDF_CHAR', 'CDF_UCHAR']
  station_id: CDF VAR_TYPE = 'metadata' and DataType not one of ['CDF_CHAR', 'CDF_UCHAR']
  power_code: CDF VAR_TYPE = 'metadata' and DataType not one of ['CDF_CHAR', 'CDF_UCHAR']
  s/r_code: CDF VAR_TYPE = 'metadata' and DataType not one of ['CDF_CHAR', 'CDF_UCHAR']
  pps_code: CDF VAR_TYPE = 'metadata' and DataType not one of ['CDF_CHAR', 'CDF_UCHAR']
  DMODE: CDF VAR_TYPE = 'metadata' and DataType not one of ['CDF_CHAR', 'CDF_UCHAR']
  GMODE: CDF VAR_TYPE = 'metadata' and DataType not one of ['CDF_CHAR', 'CDF_UCHAR']
  mixed_mode: CDF VAR_TYPE = 'metadata' and DataType not one of ['CDF_CHAR', 'CDF_UCHAR']
  fix_freq: CDF VAR_TYPE = 'metadata' and DataType not one of ['CDF_CHAR', 'CDF_UCHAR']
  geo_coord: CDF VAR_TYPE = 'metadata' and DataType not one of ['CDF_CHAR', 'CDF_UCHAR']
  sun: CDF VAR_TYPE = 'metadata' and DataType not one of ['CDF_CHAR', 'CDF_UCHAR']
  CEP: CDF VAR_TYPE = 'metadata' and DataType not one of ['CDF_CHAR', 'CDF_UCHAR']
  VLF: CDF VAR_TYPE = 'metadata' and DataType not one of ['CDF_CHAR', 'CDF_UCHAR']
  SEA: CDF VAR_TYPE = 'metadata' and DataType not one of ['CDF_CHAR', 'CDF_UCHAR']
  IMS1: CDF VAR_TYPE = 'metadata' and DataType not one of ['CDF_CHAR', 'CDF_UCHAR']
  IMS2: CDF VAR_TYPE = 'metadata' and DataType not one of ['CDF_CHAR', 'CDF_UCHAR']
  SPS: CDF VAR_TYPE = 'metadata' and DataType not one of ['CDF_CHAR', 'CDF_UCHAR']
  EPD: CDF VAR_TYPE = 'metadata' and DataType not one of ['CDF_CHAR', 'CDF_UCHAR']
  swept_start: CDF VAR_TYPE = 'metadata' and DataType not one of ['CDF_CHAR', 'CDF_UCHAR']
ALOUETTE2_AV_QUI | ISTP.DataType.Invalid:
  satellite: CDF VAR_TYPE = 'metadata' and DataType not one of ['CDF_CHAR', 'CDF_UCHAR']
  station_id: CDF VAR_TYPE = 'metadata' and DataType not one of ['CDF_CHAR', 'CDF_UCHAR']
  power_code: CDF VAR_TYPE = 'metadata' and DataType not one of ['CDF_CHAR', 'CDF_UCHAR']
  s/r_code: CDF VAR_TYPE = 'metadata' and DataType not one of ['CDF_CHAR', 'CDF_UCHAR']
  pps_code: CDF VAR_TYPE = 'metadata' and DataType not one of ['CDF_CHAR', 'CDF_UCHAR']
  DMODE: CDF VAR_TYPE = 'metadata' and DataType not one of ['CDF_CHAR', 'CDF_UCHAR']
  GMODE: CDF VAR_TYPE = 'metadata' and DataType not one of ['CDF_CHAR', 'CDF_UCHAR']
  mixed_mode: CDF VAR_TYPE = 'metadata' and DataType not one of ['CDF_CHAR', 'CDF_UCHAR']
  fix_freq: CDF VAR_TYPE = 'metadata' and DataType not one of ['CDF_CHAR', 'CDF_UCHAR']
  geo_coord: CDF VAR_TYPE = 'metadata' and DataType not one of ['CDF_CHAR', 'CDF_UCHAR']
  sun: CDF VAR_TYPE = 'metadata' and DataType not one of ['CDF_CHAR', 'CDF_UCHAR']
  CEP: CDF VAR_TYPE = 'metadata' and DataType not one of ['CDF_CHAR', 'CDF_UCHAR']
  VLF: CDF VAR_TYPE = 'metadata' and DataType not one of ['CDF_CHAR', 'CDF_UCHAR']
  SEA: CDF VAR_TYPE = 'metadata' and DataType not one of ['CDF_CHAR', 'CDF_UCHAR']
  IMS1: CDF VAR_TYPE = 'metadata' and DataType not one of ['CDF_CHAR', 'CDF_UCHAR']
  IMS2: CDF VAR_TYPE = 'metadata' and DataType not one of ['CDF_CHAR', 'CDF_UCHAR']
  SPS: CDF VAR_TYPE = 'metadata' and DataType not one of ['CDF_CHAR', 'CDF_UCHAR']
  EPD: CDF VAR_TYPE = 'metadata' and DataType not one of ['CDF_CHAR', 'CDF_UCHAR']
  swept_start: CDF VAR_TYPE = 'metadata' and DataType not one of ['CDF_CHAR', 'CDF_UCHAR']
ALOUETTE2_AV_SNT | ISTP.DataType.Invalid:
  satellite: CDF VAR_TYPE = 'metadata' and DataType not one of ['CDF_CHAR', 'CDF_UCHAR']
  station_id: CDF VAR_TYPE = 'metadata' and DataType not one of ['CDF_CHAR', 'CDF_UCHAR']
  power_code: CDF VAR_TYPE = 'metadata' and DataType not one of ['CDF_CHAR', 'CDF_UCHAR']
  s/r_code: CDF VAR_TYPE = 'metadata' and DataType not one of ['CDF_CHAR', 'CDF_UCHAR']
  pps_code: CDF VAR_TYPE = 'metadata' and DataType not one of ['CDF_CHAR', 'CDF_UCHAR']
  DMODE: CDF VAR_TYPE = 'metadata' and DataType not one of ['CDF_CHAR', 'CDF_UCHAR']
  GMODE: CDF VAR_TYPE = 'metadata' and DataType not one of ['CDF_CHAR', 'CDF_UCHAR']
  mixed_mode: CDF VAR_TYPE = 'metadata' and DataType not one of ['CDF_CHAR', 'CDF_UCHAR']
  fix_freq: CDF VAR_TYPE = 'metadata' and DataType not one of ['CDF_CHAR', 'CDF_UCHAR']
  geo_coord: CDF VAR_TYPE = 'metadata' and DataType not one of ['CDF_CHAR', 'CDF_UCHAR']
  sun: CDF VAR_TYPE = 'metadata' and DataType not one of ['CDF_CHAR', 'CDF_UCHAR']
  CEP: CDF VAR_TYPE = 'metadata' and DataType not one of ['CDF_CHAR', 'CDF_UCHAR']
  VLF: CDF VAR_TYPE = 'metadata' and DataType not one of ['CDF_CHAR', 'CDF_UCHAR']
  SEA: CDF VAR_TYPE = 'metadata' and DataType not one of ['CDF_CHAR', 'CDF_UCHAR']
  IMS1: CDF VAR_TYPE = 'metadata' and DataType not one of ['CDF_CHAR', 'CDF_UCHAR']
  IMS2: CDF VAR_TYPE = 'metadata' and DataType not one of ['CDF_CHAR', 'CDF_UCHAR']
  SPS: CDF VAR_TYPE = 'metadata' and DataType not one of ['CDF_CHAR', 'CDF_UCHAR']
  EPD: CDF VAR_TYPE = 'metadata' and DataType not one of ['CDF_CHAR', 'CDF_UCHAR']
  swept_start: CDF VAR_TYPE = 'metadata' and DataType not one of ['CDF_CHAR', 'CDF_UCHAR']
ALOUETTE2_AV_SOL | ISTP.DataType.Invalid:
  satellite: CDF VAR_TYPE = 'metadata' and DataType not one of ['CDF_CHAR', 'CDF_UCHAR']
  station_id: CDF VAR_TYPE = 'metadata' and DataType not one of ['CDF_CHAR', 'CDF_UCHAR']
  power_code: CDF VAR_TYPE = 'metadata' and DataType not one of ['CDF_CHAR', 'CDF_UCHAR']
  s/r_code: CDF VAR_TYPE = 'metadata' and DataType not one of ['CDF_CHAR', 'CDF_UCHAR']
  pps_code: CDF VAR_TYPE = 'metadata' and DataType not one of ['CDF_CHAR', 'CDF_UCHAR']
  DMODE: CDF VAR_TYPE = 'metadata' and DataType not one of ['CDF_CHAR', 'CDF_UCHAR']
  GMODE: CDF VAR_TYPE = 'metadata' and DataType not one of ['CDF_CHAR', 'CDF_UCHAR']
  mixed_mode: CDF VAR_TYPE = 'metadata' and DataType not one of ['CDF_CHAR', 'CDF_UCHAR']
  fix_freq: CDF VAR_TYPE = 'metadata' and DataType not one of ['CDF_CHAR', 'CDF_UCHAR']
  geo_coord: CDF VAR_TYPE = 'metadata' and DataType not one of ['CDF_CHAR', 'CDF_UCHAR']
  sun: CDF VAR_TYPE = 'metadata' and DataType not one of ['CDF_CHAR', 'CDF_UCHAR']
  CEP: CDF VAR_TYPE = 'metadata' and DataType not one of ['CDF_CHAR', 'CDF_UCHAR']
  VLF: CDF VAR_TYPE = 'metadata' and DataType not one of ['CDF_CHAR', 'CDF_UCHAR']
  SEA: CDF VAR_TYPE = 'metadata' and DataType not one of ['CDF_CHAR', 'CDF_UCHAR']
  IMS1: CDF VAR_TYPE = 'metadata' and DataType not one of ['CDF_CHAR', 'CDF_UCHAR']
  IMS2: CDF VAR_TYPE = 'metadata' and DataType not one of ['CDF_CHAR', 'CDF_UCHAR']
  SPS: CDF VAR_TYPE = 'metadata' and DataType not one of ['CDF_CHAR', 'CDF_UCHAR']
  EPD: CDF VAR_TYPE = 'metadata' and DataType not one of ['CDF_CHAR', 'CDF_UCHAR']
  swept_start: CDF VAR_TYPE = 'metadata' and DataType not one of ['CDF_CHAR', 'CDF_UCHAR']
ALOUETTE2_AV_ULA | ISTP.DataType.Invalid:
  satellite: CDF VAR_TYPE = 'metadata' and DataType not one of ['CDF_CHAR', 'CDF_UCHAR']
  station_id: CDF VAR_TYPE = 'metadata' and DataType not one of ['CDF_CHAR', 'CDF_UCHAR']
  power_code: CDF VAR_TYPE = 'metadata' and DataType not one of ['CDF_CHAR', 'CDF_UCHAR']
  s/r_code: CDF VAR_TYPE = 'metadata' and DataType not one of ['CDF_CHAR', 'CDF_UCHAR']
  pps_code: CDF VAR_TYPE = 'metadata' and DataType not one of ['CDF_CHAR', 'CDF_UCHAR']
  DMODE: CDF VAR_TYPE = 'metadata' and DataType not one of ['CDF_CHAR', 'CDF_UCHAR']
  GMODE: CDF VAR_TYPE = 'metadata' and DataType not one of ['CDF_CHAR', 'CDF_UCHAR']
  mixed_mode: CDF VAR_TYPE = 'metadata' and DataType not one of ['CDF_CHAR', 'CDF_UCHAR']
  fix_freq: CDF VAR_TYPE = 'metadata' and DataType not one of ['CDF_CHAR', 'CDF_UCHAR']
  geo_coord: CDF VAR_TYPE = 'metadata' and DataType not one of ['CDF_CHAR', 'CDF_UCHAR']
  sun: CDF VAR_TYPE = 'metadata' and DataType not one of ['CDF_CHAR', 'CDF_UCHAR']
  CEP: CDF VAR_TYPE = 'metadata' and DataType not one of ['CDF_CHAR', 'CDF_UCHAR']
  VLF: CDF VAR_TYPE = 'metadata' and DataType not one of ['CDF_CHAR', 'CDF_UCHAR']
  SEA: CDF VAR_TYPE = 'metadata' and DataType not one of ['CDF_CHAR', 'CDF_UCHAR']
  IMS1: CDF VAR_TYPE = 'metadata' and DataType not one of ['CDF_CHAR', 'CDF_UCHAR']
  IMS2: CDF VAR_TYPE = 'metadata' and DataType not one of ['CDF_CHAR', 'CDF_UCHAR']
  SPS: CDF VAR_TYPE = 'metadata' and DataType not one of ['CDF_CHAR', 'CDF_UCHAR']
  EPD: CDF VAR_TYPE = 'metadata' and DataType not one of ['CDF_CHAR', 'CDF_UCHAR']
  swept_start: CDF VAR_TYPE = 'metadata' and DataType not one of ['CDF_CHAR', 'CDF_UCHAR']
ALOUETTE2_AV_WNK | ISTP.DataType.Invalid:
  satellite: CDF VAR_TYPE = 'metadata' and DataType not one of ['CDF_CHAR', 'CDF_UCHAR']
  station_id: CDF VAR_TYPE = 'metadata' and DataType not one of ['CDF_CHAR', 'CDF_UCHAR']
  power_code: CDF VAR_TYPE = 'metadata' and DataType not one of ['CDF_CHAR', 'CDF_UCHAR']
  s/r_code: CDF VAR_TYPE = 'metadata' and DataType not one of ['CDF_CHAR', 'CDF_UCHAR']
  pps_code: CDF VAR_TYPE = 'metadata' and DataType not one of ['CDF_CHAR', 'CDF_UCHAR']
  DMODE: CDF VAR_TYPE = 'metadata' and DataType not one of ['CDF_CHAR', 'CDF_UCHAR']
  GMODE: CDF VAR_TYPE = 'metadata' and DataType not one of ['CDF_CHAR', 'CDF_UCHAR']
  mixed_mode: CDF VAR_TYPE = 'metadata' and DataType not one of ['CDF_CHAR', 'CDF_UCHAR']
  fix_freq: CDF VAR_TYPE = 'metadata' and DataType not one of ['CDF_CHAR', 'CDF_UCHAR']
  geo_coord: CDF VAR_TYPE = 'metadata' and DataType not one of ['CDF_CHAR', 'CDF_UCHAR']
  sun: CDF VAR_TYPE = 'metadata' and DataType not one of ['CDF_CHAR', 'CDF_UCHAR']
  CEP: CDF VAR_TYPE = 'metadata' and DataType not one of ['CDF_CHAR', 'CDF_UCHAR']
  VLF: CDF VAR_TYPE = 'metadata' and DataType not one of ['CDF_CHAR', 'CDF_UCHAR']
  SEA: CDF VAR_TYPE = 'metadata' and DataType not one of ['CDF_CHAR', 'CDF_UCHAR']
  IMS1: CDF VAR_TYPE = 'metadata' and DataType not one of ['CDF_CHAR', 'CDF_UCHAR']
  IMS2: CDF VAR_TYPE = 'metadata' and DataType not one of ['CDF_CHAR', 'CDF_UCHAR']
  SPS: CDF VAR_TYPE = 'metadata' and DataType not one of ['CDF_CHAR', 'CDF_UCHAR']
  EPD: CDF VAR_TYPE = 'metadata' and DataType not one of ['CDF_CHAR', 'CDF_UCHAR']
  swept_start: CDF VAR_TYPE = 'metadata' and DataType not one of ['CDF_CHAR', 'CDF_UCHAR']
AWE_L3A_TMP | ISTP.DataType.Invalid:
  time_base: CDF VAR_TYPE = 'metadata' and DataType not one of ['CDF_CHAR', 'CDF_UCHAR']
AWE_L3C_Q20 | ISTP.DataType.Invalid:
  time_base: CDF VAR_TYPE = 'metadata' and DataType not one of ['CDF_CHAR', 'CDF_UCHAR']
C1_JP_PMP | ISTP.DataType.Invalid:
  Half_interval__C1_JP_PMP: CDF VAR_TYPE = 'metadata' and DataType not one of ['CDF_CHAR', 'CDF_UCHAR']
C1_JP_PSE | ISTP.DataType.Invalid:
  Half_interval__C1_JP_PSE: CDF VAR_TYPE = 'metadata' and DataType not one of ['CDF_CHAR', 'CDF_UCHAR']
C1_PP_ASP | ISTP.DataType.Invalid:
  Half_interval__C1_PP_ASP: CDF VAR_TYPE = 'metadata' and DataType not one of ['CDF_CHAR', 'CDF_UCHAR']
C1_PP_CIS | ISTP.DataType.Invalid:
  Half_interval__C1_PP_CIS: CDF VAR_TYPE = 'metadata' and DataType not one of ['CDF_CHAR', 'CDF_UCHAR']
C1_PP_DWP | ISTP.DataType.Invalid:
  Half_interval__C1_PP_DWP: CDF VAR_TYPE = 'metadata' and DataType not one of ['CDF_CHAR', 'CDF_UCHAR']
C1_PP_EDI | ISTP.DataType.Invalid:
  Half_interval__C1_PP_EDI: CDF VAR_TYPE = 'metadata' and DataType not one of ['CDF_CHAR', 'CDF_UCHAR']
C1_PP_EFW | ISTP.DataType.Invalid:
  Half_interval__C1_PP_EFW: CDF VAR_TYPE = 'metadata' and DataType not one of ['CDF_CHAR', 'CDF_UCHAR']
C1_PP_PEA | ISTP.DataType.Invalid:
  Half_interval__C1_PP_PEA: CDF VAR_TYPE = 'metadata' and DataType not one of ['CDF_CHAR', 'CDF_UCHAR']
C1_PP_RAP | ISTP.DataType.Invalid:
  Half_interval__C1_PP_RAP: CDF VAR_TYPE = 'metadata' and DataType not one of ['CDF_CHAR', 'CDF_UCHAR']
C1_PP_STA | ISTP.DataType.Invalid:
  Half_interval__C1_PP_STA: CDF VAR_TYPE = 'metadata' and DataType not one of ['CDF_CHAR', 'CDF_UCHAR']
C1_PP_WHI | ISTP.DataType.Invalid:
  Half_interval__C1_PP_WHI: CDF VAR_TYPE = 'metadata' and DataType not one of ['CDF_CHAR', 'CDF_UCHAR']
C1_UP_FGM | ISTP.DataType.Invalid:
  Half_interval__C1_UP_FGM: CDF VAR_TYPE = 'metadata' and DataType not one of ['CDF_CHAR', 'CDF_UCHAR']
C2_JP_PMP | ISTP.DataType.Invalid:
  Half_interval__C2_JP_PMP: CDF VAR_TYPE = 'metadata' and DataType not one of ['CDF_CHAR', 'CDF_UCHAR']
C2_JP_PSE | ISTP.DataType.Invalid:
  Half_interval__C2_JP_PSE: CDF VAR_TYPE = 'metadata' and DataType not one of ['CDF_CHAR', 'CDF_UCHAR']
C2_PP_ASP | ISTP.DataType.Invalid:
  Half_interval__C2_PP_ASP: CDF VAR_TYPE = 'metadata' and DataType not one of ['CDF_CHAR', 'CDF_UCHAR']
C2_PP_DWP | ISTP.DataType.Invalid:
  Half_interval__C2_PP_DWP: CDF VAR_TYPE = 'metadata' and DataType not one of ['CDF_CHAR', 'CDF_UCHAR']
C2_PP_EDI | ISTP.DataType.Invalid:
  Half_interval__C2_PP_EDI: CDF VAR_TYPE = 'metadata' and DataType not one of ['CDF_CHAR', 'CDF_UCHAR']
C2_PP_EFW | ISTP.DataType.Invalid:
  Half_interval__C2_PP_EFW: CDF VAR_TYPE = 'metadata' and DataType not one of ['CDF_CHAR', 'CDF_UCHAR']
C2_PP_PEA | ISTP.DataType.Invalid:
  Half_interval__C2_PP_PEA: CDF VAR_TYPE = 'metadata' and DataType not one of ['CDF_CHAR', 'CDF_UCHAR']
C2_PP_RAP | ISTP.DataType.Invalid:
  Half_interval__C2_PP_RAP: CDF VAR_TYPE = 'metadata' and DataType not one of ['CDF_CHAR', 'CDF_UCHAR']
C2_PP_STA | ISTP.DataType.Invalid:
  Half_interval__C2_PP_STA: CDF VAR_TYPE = 'metadata' and DataType not one of ['CDF_CHAR', 'CDF_UCHAR']
C2_PP_WHI | ISTP.DataType.Invalid:
  Half_interval__C2_PP_WHI: CDF VAR_TYPE = 'metadata' and DataType not one of ['CDF_CHAR', 'CDF_UCHAR']
C2_UP_FGM | ISTP.DataType.Invalid:
  Half_interval__C2_UP_FGM: CDF VAR_TYPE = 'metadata' and DataType not one of ['CDF_CHAR', 'CDF_UCHAR']
C3_JP_PMP | ISTP.DataType.Invalid:
  Half_interval__C3_JP_PMP: CDF VAR_TYPE = 'metadata' and DataType not one of ['CDF_CHAR', 'CDF_UCHAR']
C3_JP_PSE | ISTP.DataType.Invalid:
  Half_interval__C3_JP_PSE: CDF VAR_TYPE = 'metadata' and DataType not one of ['CDF_CHAR', 'CDF_UCHAR']
C3_PP_ASP | ISTP.DataType.Invalid:
  Half_interval__C3_PP_ASP: CDF VAR_TYPE = 'metadata' and DataType not one of ['CDF_CHAR', 'CDF_UCHAR']
C3_PP_CIS | ISTP.DataType.Invalid:
  Half_interval__C3_PP_CIS: CDF VAR_TYPE = 'metadata' and DataType not one of ['CDF_CHAR', 'CDF_UCHAR']
C3_PP_EDI | ISTP.DataType.Invalid:
  Half_interval__C3_PP_EDI: CDF VAR_TYPE = 'metadata' and DataType not one of ['CDF_CHAR', 'CDF_UCHAR']
C3_PP_EFW | ISTP.DataType.Invalid:
  Half_interval__C3_PP_EFW: CDF VAR_TYPE = 'metadata' and DataType not one of ['CDF_CHAR', 'CDF_UCHAR']
C3_PP_PEA | ISTP.DataType.Invalid:
  Half_interval__C3_PP_PEA: CDF VAR_TYPE = 'metadata' and DataType not one of ['CDF_CHAR', 'CDF_UCHAR']
C3_PP_RAP | ISTP.DataType.Invalid:
  Half_interval__C3_PP_RAP: CDF VAR_TYPE = 'metadata' and DataType not one of ['CDF_CHAR', 'CDF_UCHAR']
C3_PP_STA | ISTP.DataType.Invalid:
  Half_interval__C3_PP_STA: CDF VAR_TYPE = 'metadata' and DataType not one of ['CDF_CHAR', 'CDF_UCHAR']
C3_PP_WHI | ISTP.DataType.Invalid:
  Half_interval__C3_PP_WHI: CDF VAR_TYPE = 'metadata' and DataType not one of ['CDF_CHAR', 'CDF_UCHAR']
C3_UP_FGM | ISTP.DataType.Invalid:
  Half_interval__C3_UP_FGM: CDF VAR_TYPE = 'metadata' and DataType not one of ['CDF_CHAR', 'CDF_UCHAR']
C4_JP_PMP | ISTP.DataType.Invalid:
  Half_interval__C4_JP_PMP: CDF VAR_TYPE = 'metadata' and DataType not one of ['CDF_CHAR', 'CDF_UCHAR']
C4_JP_PSE | ISTP.DataType.Invalid:
  Half_interval__C4_JP_PSE: CDF VAR_TYPE = 'metadata' and DataType not one of ['CDF_CHAR', 'CDF_UCHAR']
C4_PP_ASP | ISTP.DataType.Invalid:
  Half_interval__C4_PP_ASP: CDF VAR_TYPE = 'metadata' and DataType not one of ['CDF_CHAR', 'CDF_UCHAR']
C4_PP_CIS | ISTP.DataType.Invalid:
  Half_interval__C4_PP_CIS: CDF VAR_TYPE = 'metadata' and DataType not one of ['CDF_CHAR', 'CDF_UCHAR']
C4_PP_DWP | ISTP.DataType.Invalid:
  Half_interval__C4_PP_DWP: CDF VAR_TYPE = 'metadata' and DataType not one of ['CDF_CHAR', 'CDF_UCHAR']
C4_PP_EDI | ISTP.DataType.Invalid:
  Half_interval__C4_PP_EDI: CDF VAR_TYPE = 'metadata' and DataType not one of ['CDF_CHAR', 'CDF_UCHAR']
C4_PP_EFW | ISTP.DataType.Invalid:
  Half_interval__C4_PP_EFW: CDF VAR_TYPE = 'metadata' and DataType not one of ['CDF_CHAR', 'CDF_UCHAR']
C4_PP_PEA | ISTP.DataType.Invalid:
  Half_interval__C4_PP_PEA: CDF VAR_TYPE = 'metadata' and DataType not one of ['CDF_CHAR', 'CDF_UCHAR']
C4_PP_RAP | ISTP.DataType.Invalid:
  Half_interval__C4_PP_RAP: CDF VAR_TYPE = 'metadata' and DataType not one of ['CDF_CHAR', 'CDF_UCHAR']
C4_PP_STA | ISTP.DataType.Invalid:
  Half_interval__C4_PP_STA: CDF VAR_TYPE = 'metadata' and DataType not one of ['CDF_CHAR', 'CDF_UCHAR']
C4_PP_WHI | ISTP.DataType.Invalid:
  Half_interval__C4_PP_WHI: CDF VAR_TYPE = 'metadata' and DataType not one of ['CDF_CHAR', 'CDF_UCHAR']
C4_UP_FGM | ISTP.DataType.Invalid:
  Half_interval__C4_UP_FGM: CDF VAR_TYPE = 'metadata' and DataType not one of ['CDF_CHAR', 'CDF_UCHAR']
CASSINI_MAG_1MIN_MAGNETIC_FIELD | ISTP.DataType.Invalid:
  num_points: CDF VAR_TYPE = 'metadata' and DataType not one of ['CDF_CHAR', 'CDF_UCHAR']
CL_JP_PCY | ISTP.DataType.Invalid:
  Half_interval__CL_JP_PCY: CDF VAR_TYPE = 'metadata' and DataType not one of ['CDF_CHAR', 'CDF_UCHAR']
CL_JP_PGP | ISTP.DataType.Invalid:
  Half_interval__CL_JP_PGP: CDF VAR_TYPE = 'metadata' and DataType not one of ['CDF_CHAR', 'CDF_UCHAR']
CL_SP_AUX | ISTP.DataType.Invalid:
  Half_interval__CL_SP_AUX: CDF VAR_TYPE = 'metadata' and DataType not one of ['CDF_CHAR', 'CDF_UCHAR']
CT_JP_PSE | ISTP.DataType.Invalid:
  Half_interval__CT_JP_PSE: CDF VAR_TYPE = 'metadata' and DataType not one of ['CDF_CHAR', 'CDF_UCHAR']
DE1_1MIN_RIMS | ISTP.DataType.Invalid:
  compno_3: CDF VAR_TYPE = 'metadata' and DataType not one of ['CDF_CHAR', 'CDF_UCHAR']
DE_VS_EICS | ISTP.DataType.Invalid:
  Time_PB5: CDF VAR_TYPE = 'metadata' and DataType not one of ['CDF_CHAR', 'CDF_UCHAR']
DN_MAGN-L2-HIRES_G08 | ISTP.DataType.Invalid:
  time_base: CDF VAR_TYPE = 'metadata' and DataType not one of ['CDF_CHAR', 'CDF_UCHAR']
  time: CDF VAR_TYPE = 'metadata' and DataType not one of ['CDF_CHAR', 'CDF_UCHAR']
  coordinate: CDF VAR_TYPE = 'metadata' and DataType not one of ['CDF_CHAR', 'CDF_UCHAR']
DN_MAGN-L2-HIRES_G09 | ISTP.DataType.Invalid:
  time_base: CDF VAR_TYPE = 'metadata' and DataType not one of ['CDF_CHAR', 'CDF_UCHAR']
  time: CDF VAR_TYPE = 'metadata' and DataType not one of ['CDF_CHAR', 'CDF_UCHAR']
  coordinate: CDF VAR_TYPE = 'metadata' and DataType not one of ['CDF_CHAR', 'CDF_UCHAR']
DN_MAGN-L2-HIRES_G10 | ISTP.DataType.Invalid:
  time_base: CDF VAR_TYPE = 'metadata' and DataType not one of ['CDF_CHAR', 'CDF_UCHAR']
  time: CDF VAR_TYPE = 'metadata' and DataType not one of ['CDF_CHAR', 'CDF_UCHAR']
  coordinate: CDF VAR_TYPE = 'metadata' and DataType not one of ['CDF_CHAR', 'CDF_UCHAR']
DN_MAGN-L2-HIRES_G11 | ISTP.DataType.Invalid:
  time_base: CDF VAR_TYPE = 'metadata' and DataType not one of ['CDF_CHAR', 'CDF_UCHAR']
  time: CDF VAR_TYPE = 'metadata' and DataType not one of ['CDF_CHAR', 'CDF_UCHAR']
  coordinate: CDF VAR_TYPE = 'metadata' and DataType not one of ['CDF_CHAR', 'CDF_UCHAR']
DN_MAGN-L2-HIRES_G12 | ISTP.DataType.Invalid:
  time_base: CDF VAR_TYPE = 'metadata' and DataType not one of ['CDF_CHAR', 'CDF_UCHAR']
  time: CDF VAR_TYPE = 'metadata' and DataType not one of ['CDF_CHAR', 'CDF_UCHAR']
  coordinate: CDF VAR_TYPE = 'metadata' and DataType not one of ['CDF_CHAR', 'CDF_UCHAR']
DN_MAGN-L2-HIRES_G13 | ISTP.DataType.Invalid:
  time_base: CDF VAR_TYPE = 'metadata' and DataType not one of ['CDF_CHAR', 'CDF_UCHAR']
  time: CDF VAR_TYPE = 'metadata' and DataType not one of ['CDF_CHAR', 'CDF_UCHAR']
  coordinate: CDF VAR_TYPE = 'metadata' and DataType not one of ['CDF_CHAR', 'CDF_UCHAR']
DN_MAGN-L2-HIRES_G14 | ISTP.DataType.Invalid:
  time_base: CDF VAR_TYPE = 'metadata' and DataType not one of ['CDF_CHAR', 'CDF_UCHAR']
  time: CDF VAR_TYPE = 'metadata' and DataType not one of ['CDF_CHAR', 'CDF_UCHAR']
  coordinate: CDF VAR_TYPE = 'metadata' and DataType not one of ['CDF_CHAR', 'CDF_UCHAR']
DN_MAGN-L2-HIRES_G15 | ISTP.DataType.Invalid:
  time_base: CDF VAR_TYPE = 'metadata' and DataType not one of ['CDF_CHAR', 'CDF_UCHAR']
  time: CDF VAR_TYPE = 'metadata' and DataType not one of ['CDF_CHAR', 'CDF_UCHAR']
  coordinate: CDF VAR_TYPE = 'metadata' and DataType not one of ['CDF_CHAR', 'CDF_UCHAR']
DN_MAGN-L2-HIRES_G16 | ISTP.DataType.Invalid:
  time_base: CDF VAR_TYPE = 'metadata' and DataType not one of ['CDF_CHAR', 'CDF_UCHAR']
  time: CDF VAR_TYPE = 'metadata' and DataType not one of ['CDF_CHAR', 'CDF_UCHAR']
  coordinate: CDF VAR_TYPE = 'metadata' and DataType not one of ['CDF_CHAR', 'CDF_UCHAR']
DN_MAGN-L2-HIRES_G17 | ISTP.DataType.Invalid:
  time_base: CDF VAR_TYPE = 'metadata' and DataType not one of ['CDF_CHAR', 'CDF_UCHAR']
  time: CDF VAR_TYPE = 'metadata' and DataType not one of ['CDF_CHAR', 'CDF_UCHAR']
  coordinate: CDF VAR_TYPE = 'metadata' and DataType not one of ['CDF_CHAR', 'CDF_UCHAR']
DN_MAGN-L2-HIRES_G18 | ISTP.DataType.Invalid:
  time_base: CDF VAR_TYPE = 'metadata' and DataType not one of ['CDF_CHAR', 'CDF_UCHAR']
  coordinate: CDF VAR_TYPE = 'metadata' and DataType not one of ['CDF_CHAR', 'CDF_UCHAR']
DSCOVR_H0_MAG | ISTP.DataType.Invalid:
  ZERO: CDF VAR_TYPE = 'metadata' and DataType not one of ['CDF_CHAR', 'CDF_UCHAR']
  SENS: CDF VAR_TYPE = 'metadata' and DataType not one of ['CDF_CHAR', 'CDF_UCHAR']
EQ_PP_AUX | ISTP.DataType.Invalid:
  Half_interval%eq_pp_aux: CDF VAR_TYPE = 'metadata' and DataType not one of ['CDF_CHAR', 'CDF_UCHAR']
EQ_PP_EDI | ISTP.DataType.Invalid:
  Half_interval%eq_pp_edi: CDF VAR_TYPE = 'metadata' and DataType not one of ['CDF_CHAR', 'CDF_UCHAR']
EQ_PP_EPI | ISTP.DataType.Invalid:
  Half_interval%eq_pp_epi: CDF VAR_TYPE = 'metadata' and DataType not one of ['CDF_CHAR', 'CDF_UCHAR']
EQ_PP_ICI | ISTP.DataType.Invalid:
  Half_interval%eq_pp_ici: CDF VAR_TYPE = 'metadata' and DataType not one of ['CDF_CHAR', 'CDF_UCHAR']
EQ_PP_MAM | ISTP.DataType.Invalid:
  Half_interval%eq_pp_mam: CDF VAR_TYPE = 'metadata' and DataType not one of ['CDF_CHAR', 'CDF_UCHAR']
EQ_PP_PCD | ISTP.DataType.Invalid:
  Half_interval%eq_pp_pcd: CDF VAR_TYPE = 'metadata' and DataType not one of ['CDF_CHAR', 'CDF_UCHAR']
EQ_SP_SFD | ISTP.DataType.Invalid:
  Half_interval%eq_sp_sfd: CDF VAR_TYPE = 'metadata' and DataType not one of ['CDF_CHAR', 'CDF_UCHAR']
FA_ESA_L2_EEB | ISTP.DataType.Invalid:
  num_dists: CDF VAR_TYPE = 'metadata' and DataType not one of ['CDF_CHAR', 'CDF_UCHAR']
  bins: CDF VAR_TYPE = 'metadata' and DataType not one of ['CDF_CHAR', 'CDF_UCHAR']
  energy: CDF VAR_TYPE = 'metadata' and DataType not one of ['CDF_CHAR', 'CDF_UCHAR']
  denergy: CDF VAR_TYPE = 'metadata' and DataType not one of ['CDF_CHAR', 'CDF_UCHAR']
  theta: CDF VAR_TYPE = 'metadata' and DataType not one of ['CDF_CHAR', 'CDF_UCHAR']
  dtheta: CDF VAR_TYPE = 'metadata' and DataType not one of ['CDF_CHAR', 'CDF_UCHAR']
  gf: CDF VAR_TYPE = 'metadata' and DataType not one of ['CDF_CHAR', 'CDF_UCHAR']
  eff: CDF VAR_TYPE = 'metadata' and DataType not one of ['CDF_CHAR', 'CDF_UCHAR']
  dead: CDF VAR_TYPE = 'metadata' and DataType not one of ['CDF_CHAR', 'CDF_UCHAR']
  mass: CDF VAR_TYPE = 'metadata' and DataType not one of ['CDF_CHAR', 'CDF_UCHAR']
  charge: CDF VAR_TYPE = 'metadata' and DataType not one of ['CDF_CHAR', 'CDF_UCHAR']
  bkg_arr: CDF VAR_TYPE = 'metadata' and DataType not one of ['CDF_CHAR', 'CDF_UCHAR']
  orbit_start: CDF VAR_TYPE = 'metadata' and DataType not one of ['CDF_CHAR', 'CDF_UCHAR']
  orbit_end: CDF VAR_TYPE = 'metadata' and DataType not one of ['CDF_CHAR', 'CDF_UCHAR']
FA_ESA_L2_EES | ISTP.DataType.Invalid:
  num_dists: CDF VAR_TYPE = 'metadata' and DataType not one of ['CDF_CHAR', 'CDF_UCHAR']
  bins: CDF VAR_TYPE = 'metadata' and DataType not one of ['CDF_CHAR', 'CDF_UCHAR']
  energy: CDF VAR_TYPE = 'metadata' and DataType not one of ['CDF_CHAR', 'CDF_UCHAR']
  denergy: CDF VAR_TYPE = 'metadata' and DataType not one of ['CDF_CHAR', 'CDF_UCHAR']
  theta: CDF VAR_TYPE = 'metadata' and DataType not one of ['CDF_CHAR', 'CDF_UCHAR']
  dtheta: CDF VAR_TYPE = 'metadata' and DataType not one of ['CDF_CHAR', 'CDF_UCHAR']
  gf: CDF VAR_TYPE = 'metadata' and DataType not one of ['CDF_CHAR', 'CDF_UCHAR']
  eff: CDF VAR_TYPE = 'metadata' and DataType not one of ['CDF_CHAR', 'CDF_UCHAR']
  dead: CDF VAR_TYPE = 'metadata' and DataType not one of ['CDF_CHAR', 'CDF_UCHAR']
  mass: CDF VAR_TYPE = 'metadata' and DataType not one of ['CDF_CHAR', 'CDF_UCHAR']
  charge: CDF VAR_TYPE = 'metadata' and DataType not one of ['CDF_CHAR', 'CDF_UCHAR']
  bkg_arr: CDF VAR_TYPE = 'metadata' and DataType not one of ['CDF_CHAR', 'CDF_UCHAR']
  orbit_start: CDF VAR_TYPE = 'metadata' and DataType not one of ['CDF_CHAR', 'CDF_UCHAR']
  orbit_end: CDF VAR_TYPE = 'metadata' and DataType not one of ['CDF_CHAR', 'CDF_UCHAR']
FA_ESA_L2_IEB | ISTP.DataType.Invalid:
  num_dists: CDF VAR_TYPE = 'metadata' and DataType not one of ['CDF_CHAR', 'CDF_UCHAR']
  bins: CDF VAR_TYPE = 'metadata' and DataType not one of ['CDF_CHAR', 'CDF_UCHAR']
  energy: CDF VAR_TYPE = 'metadata' and DataType not one of ['CDF_CHAR', 'CDF_UCHAR']
  denergy: CDF VAR_TYPE = 'metadata' and DataType not one of ['CDF_CHAR', 'CDF_UCHAR']
  theta: CDF VAR_TYPE = 'metadata' and DataType not one of ['CDF_CHAR', 'CDF_UCHAR']
  dtheta: CDF VAR_TYPE = 'metadata' and DataType not one of ['CDF_CHAR', 'CDF_UCHAR']
  gf: CDF VAR_TYPE = 'metadata' and DataType not one of ['CDF_CHAR', 'CDF_UCHAR']
  eff: CDF VAR_TYPE = 'metadata' and DataType not one of ['CDF_CHAR', 'CDF_UCHAR']
  dead: CDF VAR_TYPE = 'metadata' and DataType not one of ['CDF_CHAR', 'CDF_UCHAR']
  mass: CDF VAR_TYPE = 'metadata' and DataType not one of ['CDF_CHAR', 'CDF_UCHAR']
  charge: CDF VAR_TYPE = 'metadata' and DataType not one of ['CDF_CHAR', 'CDF_UCHAR']
  bkg_arr: CDF VAR_TYPE = 'metadata' and DataType not one of ['CDF_CHAR', 'CDF_UCHAR']
  orbit_start: CDF VAR_TYPE = 'metadata' and DataType not one of ['CDF_CHAR', 'CDF_UCHAR']
  orbit_end: CDF VAR_TYPE = 'metadata' and DataType not one of ['CDF_CHAR', 'CDF_UCHAR']
FA_ESA_L2_IES | ISTP.DataType.Invalid:
  num_dists: CDF VAR_TYPE = 'metadata' and DataType not one of ['CDF_CHAR', 'CDF_UCHAR']
  bins: CDF VAR_TYPE = 'metadata' and DataType not one of ['CDF_CHAR', 'CDF_UCHAR']
  energy: CDF VAR_TYPE = 'metadata' and DataType not one of ['CDF_CHAR', 'CDF_UCHAR']
  denergy: CDF VAR_TYPE = 'metadata' and DataType not one of ['CDF_CHAR', 'CDF_UCHAR']
  theta: CDF VAR_TYPE = 'metadata' and DataType not one of ['CDF_CHAR', 'CDF_UCHAR']
  dtheta: CDF VAR_TYPE = 'metadata' and DataType not one of ['CDF_CHAR', 'CDF_UCHAR']
  gf: CDF VAR_TYPE = 'metadata' and DataType not one of ['CDF_CHAR', 'CDF_UCHAR']
  eff: CDF VAR_TYPE = 'metadata' and DataType not one of ['CDF_CHAR', 'CDF_UCHAR']
  dead: CDF VAR_TYPE = 'metadata' and DataType not one of ['CDF_CHAR', 'CDF_UCHAR']
  mass: CDF VAR_TYPE = 'metadata' and DataType not one of ['CDF_CHAR', 'CDF_UCHAR']
  charge: CDF VAR_TYPE = 'metadata' and DataType not one of ['CDF_CHAR', 'CDF_UCHAR']
  bkg_arr: CDF VAR_TYPE = 'metadata' and DataType not one of ['CDF_CHAR', 'CDF_UCHAR']
  orbit_start: CDF VAR_TYPE = 'metadata' and DataType not one of ['CDF_CHAR', 'CDF_UCHAR']
  orbit_end: CDF VAR_TYPE = 'metadata' and DataType not one of ['CDF_CHAR', 'CDF_UCHAR']
FM_K0_KILP | ISTP.DataType.Invalid:
  Data_Availab: CDF VAR_TYPE = 'metadata' and DataType not one of ['CDF_CHAR', 'CDF_UCHAR']
GOLD_L2_O2DEN | ISTP.DataType.Invalid:
  n_iter: CDF VAR_TYPE = 'metadata' and DataType not one of ['CDF_CHAR', 'CDF_UCHAR']
  convergence: CDF VAR_TYPE = 'metadata' and DataType not one of ['CDF_CHAR', 'CDF_UCHAR']
GPS_RF_LANL-VTEC-1HR | ISTP.DataType.Invalid:
  time_base: CDF VAR_TYPE = 'metadata' and DataType not one of ['CDF_CHAR', 'CDF_UCHAR']
  time_bounds: CDF VAR_TYPE = 'metadata' and DataType not one of ['CDF_CHAR', 'CDF_UCHAR']
HELIOS1_E6_KUNOW_1HOUR_PARTICLE-FLUX | ISTP.DataType.Invalid:
  p_flux_energy: CDF VAR_TYPE = 'metadata' and DataType not one of ['CDF_CHAR', 'CDF_UCHAR']
  p_flux_energy_plus: CDF VAR_TYPE = 'metadata' and DataType not one of ['CDF_CHAR', 'CDF_UCHAR']
  p_flux_energy_minus: CDF VAR_TYPE = 'metadata' and DataType not one of ['CDF_CHAR', 'CDF_UCHAR']
  e_flux_energy: CDF VAR_TYPE = 'metadata' and DataType not one of ['CDF_CHAR', 'CDF_UCHAR']
  e_flux_energy_plus: CDF VAR_TYPE = 'metadata' and DataType not one of ['CDF_CHAR', 'CDF_UCHAR']
  e_flux_energy_minus: CDF VAR_TYPE = 'metadata' and DataType not one of ['CDF_CHAR', 'CDF_UCHAR']
  He_flux_energy: CDF VAR_TYPE = 'metadata' and DataType not one of ['CDF_CHAR', 'CDF_UCHAR']
  He_flux_energy_plus: CDF VAR_TYPE = 'metadata' and DataType not one of ['CDF_CHAR', 'CDF_UCHAR']
  He_flux_energy_minus: CDF VAR_TYPE = 'metadata' and DataType not one of ['CDF_CHAR', 'CDF_UCHAR']
HELIOS2_E6_KUNOW_1HOUR_PARTICLE-FLUX | ISTP.DataType.Invalid:
  p_flux_energy: CDF VAR_TYPE = 'metadata' and DataType not one of ['CDF_CHAR', 'CDF_UCHAR']
  p_flux_energy_plus: CDF VAR_TYPE = 'metadata' and DataType not one of ['CDF_CHAR', 'CDF_UCHAR']
  p_flux_energy_minus: CDF VAR_TYPE = 'metadata' and DataType not one of ['CDF_CHAR', 'CDF_UCHAR']
  e_flux_energy: CDF VAR_TYPE = 'metadata' and DataType not one of ['CDF_CHAR', 'CDF_UCHAR']
  e_flux_energy_plus: CDF VAR_TYPE = 'metadata' and DataType not one of ['CDF_CHAR', 'CDF_UCHAR']
  e_flux_energy_minus: CDF VAR_TYPE = 'metadata' and DataType not one of ['CDF_CHAR', 'CDF_UCHAR']
  He_flux_energy: CDF VAR_TYPE = 'metadata' and DataType not one of ['CDF_CHAR', 'CDF_UCHAR']
  He_flux_energy_plus: CDF VAR_TYPE = 'metadata' and DataType not one of ['CDF_CHAR', 'CDF_UCHAR']
  He_flux_energy_minus: CDF VAR_TYPE = 'metadata' and DataType not one of ['CDF_CHAR', 'CDF_UCHAR']
I1_AV2_OTT | ISTP.DataType.Invalid:
  satellite: CDF VAR_TYPE = 'metadata' and DataType not one of ['CDF_CHAR', 'CDF_UCHAR']
  station_id: CDF VAR_TYPE = 'metadata' and DataType not one of ['CDF_CHAR', 'CDF_UCHAR']
  power_code: CDF VAR_TYPE = 'metadata' and DataType not one of ['CDF_CHAR', 'CDF_UCHAR']
  s_r_code: CDF VAR_TYPE = 'metadata' and DataType not one of ['CDF_CHAR', 'CDF_UCHAR']
  pps_code: CDF VAR_TYPE = 'metadata' and DataType not one of ['CDF_CHAR', 'CDF_UCHAR']
  DMODE: CDF VAR_TYPE = 'metadata' and DataType not one of ['CDF_CHAR', 'CDF_UCHAR']
  GMODE: CDF VAR_TYPE = 'metadata' and DataType not one of ['CDF_CHAR', 'CDF_UCHAR']
  mixed_mode: CDF VAR_TYPE = 'metadata' and DataType not one of ['CDF_CHAR', 'CDF_UCHAR']
  fix_freq: CDF VAR_TYPE = 'metadata' and DataType not one of ['CDF_CHAR', 'CDF_UCHAR']
  sun: CDF VAR_TYPE = 'metadata' and DataType not one of ['CDF_CHAR', 'CDF_UCHAR']
  CEP: CDF VAR_TYPE = 'metadata' and DataType not one of ['CDF_CHAR', 'CDF_UCHAR']
  VLF: CDF VAR_TYPE = 'metadata' and DataType not one of ['CDF_CHAR', 'CDF_UCHAR']
  SEA: CDF VAR_TYPE = 'metadata' and DataType not one of ['CDF_CHAR', 'CDF_UCHAR']
  IMS1: CDF VAR_TYPE = 'metadata' and DataType not one of ['CDF_CHAR', 'CDF_UCHAR']
  IMS2: CDF VAR_TYPE = 'metadata' and DataType not one of ['CDF_CHAR', 'CDF_UCHAR']
  SPS: CDF VAR_TYPE = 'metadata' and DataType not one of ['CDF_CHAR', 'CDF_UCHAR']
  EPD: CDF VAR_TYPE = 'metadata' and DataType not one of ['CDF_CHAR', 'CDF_UCHAR']
  swept_start: CDF VAR_TYPE = 'metadata' and DataType not one of ['CDF_CHAR', 'CDF_UCHAR']
I1_AV2_QUI | ISTP.DataType.Invalid:
  satellite: CDF VAR_TYPE = 'metadata' and DataType not one of ['CDF_CHAR', 'CDF_UCHAR']
  station_id: CDF VAR_TYPE = 'metadata' and DataType not one of ['CDF_CHAR', 'CDF_UCHAR']
  power_code: CDF VAR_TYPE = 'metadata' and DataType not one of ['CDF_CHAR', 'CDF_UCHAR']
  s_r_code: CDF VAR_TYPE = 'metadata' and DataType not one of ['CDF_CHAR', 'CDF_UCHAR']
  pps_code: CDF VAR_TYPE = 'metadata' and DataType not one of ['CDF_CHAR', 'CDF_UCHAR']
  DMODE: CDF VAR_TYPE = 'metadata' and DataType not one of ['CDF_CHAR', 'CDF_UCHAR']
  GMODE: CDF VAR_TYPE = 'metadata' and DataType not one of ['CDF_CHAR', 'CDF_UCHAR']
  mixed_mode: CDF VAR_TYPE = 'metadata' and DataType not one of ['CDF_CHAR', 'CDF_UCHAR']
  fix_freq: CDF VAR_TYPE = 'metadata' and DataType not one of ['CDF_CHAR', 'CDF_UCHAR']
  sun: CDF VAR_TYPE = 'metadata' and DataType not one of ['CDF_CHAR', 'CDF_UCHAR']
  CEP: CDF VAR_TYPE = 'metadata' and DataType not one of ['CDF_CHAR', 'CDF_UCHAR']
  VLF: CDF VAR_TYPE = 'metadata' and DataType not one of ['CDF_CHAR', 'CDF_UCHAR']
  SEA: CDF VAR_TYPE = 'metadata' and DataType not one of ['CDF_CHAR', 'CDF_UCHAR']
  IMS1: CDF VAR_TYPE = 'metadata' and DataType not one of ['CDF_CHAR', 'CDF_UCHAR']
  IMS2: CDF VAR_TYPE = 'metadata' and DataType not one of ['CDF_CHAR', 'CDF_UCHAR']
  SPS: CDF VAR_TYPE = 'metadata' and DataType not one of ['CDF_CHAR', 'CDF_UCHAR']
  EPD: CDF VAR_TYPE = 'metadata' and DataType not one of ['CDF_CHAR', 'CDF_UCHAR']
  swept_start: CDF VAR_TYPE = 'metadata' and DataType not one of ['CDF_CHAR', 'CDF_UCHAR']
I1_AV2_SNT | ISTP.DataType.Invalid:
  satellite: CDF VAR_TYPE = 'metadata' and DataType not one of ['CDF_CHAR', 'CDF_UCHAR']
  station_id: CDF VAR_TYPE = 'metadata' and DataType not one of ['CDF_CHAR', 'CDF_UCHAR']
  power_code: CDF VAR_TYPE = 'metadata' and DataType not one of ['CDF_CHAR', 'CDF_UCHAR']
  s_r_code: CDF VAR_TYPE = 'metadata' and DataType not one of ['CDF_CHAR', 'CDF_UCHAR']
  pps_code: CDF VAR_TYPE = 'metadata' and DataType not one of ['CDF_CHAR', 'CDF_UCHAR']
  DMODE: CDF VAR_TYPE = 'metadata' and DataType not one of ['CDF_CHAR', 'CDF_UCHAR']
  GMODE: CDF VAR_TYPE = 'metadata' and DataType not one of ['CDF_CHAR', 'CDF_UCHAR']
  mixed_mode: CDF VAR_TYPE = 'metadata' and DataType not one of ['CDF_CHAR', 'CDF_UCHAR']
  fix_freq: CDF VAR_TYPE = 'metadata' and DataType not one of ['CDF_CHAR', 'CDF_UCHAR']
  sun: CDF VAR_TYPE = 'metadata' and DataType not one of ['CDF_CHAR', 'CDF_UCHAR']
  CEP: CDF VAR_TYPE = 'metadata' and DataType not one of ['CDF_CHAR', 'CDF_UCHAR']
  VLF: CDF VAR_TYPE = 'metadata' and DataType not one of ['CDF_CHAR', 'CDF_UCHAR']
  SEA: CDF VAR_TYPE = 'metadata' and DataType not one of ['CDF_CHAR', 'CDF_UCHAR']
  IMS1: CDF VAR_TYPE = 'metadata' and DataType not one of ['CDF_CHAR', 'CDF_UCHAR']
  IMS2: CDF VAR_TYPE = 'metadata' and DataType not one of ['CDF_CHAR', 'CDF_UCHAR']
  SPS: CDF VAR_TYPE = 'metadata' and DataType not one of ['CDF_CHAR', 'CDF_UCHAR']
  EPD: CDF VAR_TYPE = 'metadata' and DataType not one of ['CDF_CHAR', 'CDF_UCHAR']
  swept_start: CDF VAR_TYPE = 'metadata' and DataType not one of ['CDF_CHAR', 'CDF_UCHAR']
I1_AV2_ULA | ISTP.DataType.Invalid:
  satellite: CDF VAR_TYPE = 'metadata' and DataType not one of ['CDF_CHAR', 'CDF_UCHAR']
  station_id: CDF VAR_TYPE = 'metadata' and DataType not one of ['CDF_CHAR', 'CDF_UCHAR']
  power_code: CDF VAR_TYPE = 'metadata' and DataType not one of ['CDF_CHAR', 'CDF_UCHAR']
  s_r_code: CDF VAR_TYPE = 'metadata' and DataType not one of ['CDF_CHAR', 'CDF_UCHAR']
  pps_code: CDF VAR_TYPE = 'metadata' and DataType not one of ['CDF_CHAR', 'CDF_UCHAR']
  DMODE: CDF VAR_TYPE = 'metadata' and DataType not one of ['CDF_CHAR', 'CDF_UCHAR']
  GMODE: CDF VAR_TYPE = 'metadata' and DataType not one of ['CDF_CHAR', 'CDF_UCHAR']
  mixed_mode: CDF VAR_TYPE = 'metadata' and DataType not one of ['CDF_CHAR', 'CDF_UCHAR']
  fix_freq: CDF VAR_TYPE = 'metadata' and DataType not one of ['CDF_CHAR', 'CDF_UCHAR']
  sun: CDF VAR_TYPE = 'metadata' and DataType not one of ['CDF_CHAR', 'CDF_UCHAR']
  CEP: CDF VAR_TYPE = 'metadata' and DataType not one of ['CDF_CHAR', 'CDF_UCHAR']
  VLF: CDF VAR_TYPE = 'metadata' and DataType not one of ['CDF_CHAR', 'CDF_UCHAR']
  SEA: CDF VAR_TYPE = 'metadata' and DataType not one of ['CDF_CHAR', 'CDF_UCHAR']
  IMS1: CDF VAR_TYPE = 'metadata' and DataType not one of ['CDF_CHAR', 'CDF_UCHAR']
  IMS2: CDF VAR_TYPE = 'metadata' and DataType not one of ['CDF_CHAR', 'CDF_UCHAR']
  SPS: CDF VAR_TYPE = 'metadata' and DataType not one of ['CDF_CHAR', 'CDF_UCHAR']
  EPD: CDF VAR_TYPE = 'metadata' and DataType not one of ['CDF_CHAR', 'CDF_UCHAR']
  swept_start: CDF VAR_TYPE = 'metadata' and DataType not one of ['CDF_CHAR', 'CDF_UCHAR']
I1_AV_KER | ISTP.DataType.Invalid:
  satellite: CDF VAR_TYPE = 'metadata' and DataType not one of ['CDF_CHAR', 'CDF_UCHAR']
  station_id: CDF VAR_TYPE = 'metadata' and DataType not one of ['CDF_CHAR', 'CDF_UCHAR']
  power_code: CDF VAR_TYPE = 'metadata' and DataType not one of ['CDF_CHAR', 'CDF_UCHAR']
  s/r_code: CDF VAR_TYPE = 'metadata' and DataType not one of ['CDF_CHAR', 'CDF_UCHAR']
  pps_code: CDF VAR_TYPE = 'metadata' and DataType not one of ['CDF_CHAR', 'CDF_UCHAR']
  DMODE: CDF VAR_TYPE = 'metadata' and DataType not one of ['CDF_CHAR', 'CDF_UCHAR']
  GMODE: CDF VAR_TYPE = 'metadata' and DataType not one of ['CDF_CHAR', 'CDF_UCHAR']
  mixed_mode: CDF VAR_TYPE = 'metadata' and DataType not one of ['CDF_CHAR', 'CDF_UCHAR']
  fix_freq: CDF VAR_TYPE = 'metadata' and DataType not one of ['CDF_CHAR', 'CDF_UCHAR']
  geo_coord: CDF VAR_TYPE = 'metadata' and DataType not one of ['CDF_CHAR', 'CDF_UCHAR']
  sun: CDF VAR_TYPE = 'metadata' and DataType not one of ['CDF_CHAR', 'CDF_UCHAR']
  CEP: CDF VAR_TYPE = 'metadata' and DataType not one of ['CDF_CHAR', 'CDF_UCHAR']
  VLF: CDF VAR_TYPE = 'metadata' and DataType not one of ['CDF_CHAR', 'CDF_UCHAR']
  SEA: CDF VAR_TYPE = 'metadata' and DataType not one of ['CDF_CHAR', 'CDF_UCHAR']
  IMS1: CDF VAR_TYPE = 'metadata' and DataType not one of ['CDF_CHAR', 'CDF_UCHAR']
  IMS2: CDF VAR_TYPE = 'metadata' and DataType not one of ['CDF_CHAR', 'CDF_UCHAR']
  SPS: CDF VAR_TYPE = 'metadata' and DataType not one of ['CDF_CHAR', 'CDF_UCHAR']
  EPD: CDF VAR_TYPE = 'metadata' and DataType not one of ['CDF_CHAR', 'CDF_UCHAR']
  swept_start: CDF VAR_TYPE = 'metadata' and DataType not one of ['CDF_CHAR', 'CDF_UCHAR']
I1_AV_KSH | ISTP.DataType.Invalid:
  satellite: CDF VAR_TYPE = 'metadata' and DataType not one of ['CDF_CHAR', 'CDF_UCHAR']
  station_id: CDF VAR_TYPE = 'metadata' and DataType not one of ['CDF_CHAR', 'CDF_UCHAR']
  power_code: CDF VAR_TYPE = 'metadata' and DataType not one of ['CDF_CHAR', 'CDF_UCHAR']
  s/r_code: CDF VAR_TYPE = 'metadata' and DataType not one of ['CDF_CHAR', 'CDF_UCHAR']
  pps_code: CDF VAR_TYPE = 'metadata' and DataType not one of ['CDF_CHAR', 'CDF_UCHAR']
  DMODE: CDF VAR_TYPE = 'metadata' and DataType not one of ['CDF_CHAR', 'CDF_UCHAR']
  GMODE: CDF VAR_TYPE = 'metadata' and DataType not one of ['CDF_CHAR', 'CDF_UCHAR']
  mixed_mode: CDF VAR_TYPE = 'metadata' and DataType not one of ['CDF_CHAR', 'CDF_UCHAR']
  fix_freq: CDF VAR_TYPE = 'metadata' and DataType not one of ['CDF_CHAR', 'CDF_UCHAR']
  geo_coord: CDF VAR_TYPE = 'metadata' and DataType not one of ['CDF_CHAR', 'CDF_UCHAR']
  sun: CDF VAR_TYPE = 'metadata' and DataType not one of ['CDF_CHAR', 'CDF_UCHAR']
  CEP: CDF VAR_TYPE = 'metadata' and DataType not one of ['CDF_CHAR', 'CDF_UCHAR']
  VLF: CDF VAR_TYPE = 'metadata' and DataType not one of ['CDF_CHAR', 'CDF_UCHAR']
  SEA: CDF VAR_TYPE = 'metadata' and DataType not one of ['CDF_CHAR', 'CDF_UCHAR']
  IMS1: CDF VAR_TYPE = 'metadata' and DataType not one of ['CDF_CHAR', 'CDF_UCHAR']
  IMS2: CDF VAR_TYPE = 'metadata' and DataType not one of ['CDF_CHAR', 'CDF_UCHAR']
  SPS: CDF VAR_TYPE = 'metadata' and DataType not one of ['CDF_CHAR', 'CDF_UCHAR']
  EPD: CDF VAR_TYPE = 'metadata' and DataType not one of ['CDF_CHAR', 'CDF_UCHAR']
  swept_start: CDF VAR_TYPE = 'metadata' and DataType not one of ['CDF_CHAR', 'CDF_UCHAR']
I1_AV_KWA | ISTP.DataType.Invalid:
  satellite: CDF VAR_TYPE = 'metadata' and DataType not one of ['CDF_CHAR', 'CDF_UCHAR']
  station_id: CDF VAR_TYPE = 'metadata' and DataType not one of ['CDF_CHAR', 'CDF_UCHAR']
  power_code: CDF VAR_TYPE = 'metadata' and DataType not one of ['CDF_CHAR', 'CDF_UCHAR']
  s/r_code: CDF VAR_TYPE = 'metadata' and DataType not one of ['CDF_CHAR', 'CDF_UCHAR']
  pps_code: CDF VAR_TYPE = 'metadata' and DataType not one of ['CDF_CHAR', 'CDF_UCHAR']
  DMODE: CDF VAR_TYPE = 'metadata' and DataType not one of ['CDF_CHAR', 'CDF_UCHAR']
  GMODE: CDF VAR_TYPE = 'metadata' and DataType not one of ['CDF_CHAR', 'CDF_UCHAR']
  mixed_mode: CDF VAR_TYPE = 'metadata' and DataType not one of ['CDF_CHAR', 'CDF_UCHAR']
  fix_freq: CDF VAR_TYPE = 'metadata' and DataType not one of ['CDF_CHAR', 'CDF_UCHAR']
  geo_coord: CDF VAR_TYPE = 'metadata' and DataType not one of ['CDF_CHAR', 'CDF_UCHAR']
  sun: CDF VAR_TYPE = 'metadata' and DataType not one of ['CDF_CHAR', 'CDF_UCHAR']
  CEP: CDF VAR_TYPE = 'metadata' and DataType not one of ['CDF_CHAR', 'CDF_UCHAR']
  VLF: CDF VAR_TYPE = 'metadata' and DataType not one of ['CDF_CHAR', 'CDF_UCHAR']
  SEA: CDF VAR_TYPE = 'metadata' and DataType not one of ['CDF_CHAR', 'CDF_UCHAR']
  IMS1: CDF VAR_TYPE = 'metadata' and DataType not one of ['CDF_CHAR', 'CDF_UCHAR']
  IMS2: CDF VAR_TYPE = 'metadata' and DataType not one of ['CDF_CHAR', 'CDF_UCHAR']
  SPS: CDF VAR_TYPE = 'metadata' and DataType not one of ['CDF_CHAR', 'CDF_UCHAR']
  EPD: CDF VAR_TYPE = 'metadata' and DataType not one of ['CDF_CHAR', 'CDF_UCHAR']
  swept_start: CDF VAR_TYPE = 'metadata' and DataType not one of ['CDF_CHAR', 'CDF_UCHAR']
I1_AV_ODG | ISTP.DataType.Invalid:
  satellite: CDF VAR_TYPE = 'metadata' and DataType not one of ['CDF_CHAR', 'CDF_UCHAR']
  station_id: CDF VAR_TYPE = 'metadata' and DataType not one of ['CDF_CHAR', 'CDF_UCHAR']
  power_code: CDF VAR_TYPE = 'metadata' and DataType not one of ['CDF_CHAR', 'CDF_UCHAR']
  s/r_code: CDF VAR_TYPE = 'metadata' and DataType not one of ['CDF_CHAR', 'CDF_UCHAR']
  pps_code: CDF VAR_TYPE = 'metadata' and DataType not one of ['CDF_CHAR', 'CDF_UCHAR']
  DMODE: CDF VAR_TYPE = 'metadata' and DataType not one of ['CDF_CHAR', 'CDF_UCHAR']
  GMODE: CDF VAR_TYPE = 'metadata' and DataType not one of ['CDF_CHAR', 'CDF_UCHAR']
  mixed_mode: CDF VAR_TYPE = 'metadata' and DataType not one of ['CDF_CHAR', 'CDF_UCHAR']
  fix_freq: CDF VAR_TYPE = 'metadata' and DataType not one of ['CDF_CHAR', 'CDF_UCHAR']
  geo_coord: CDF VAR_TYPE = 'metadata' and DataType not one of ['CDF_CHAR', 'CDF_UCHAR']
  sun: CDF VAR_TYPE = 'metadata' and DataType not one of ['CDF_CHAR', 'CDF_UCHAR']
  CEP: CDF VAR_TYPE = 'metadata' and DataType not one of ['CDF_CHAR', 'CDF_UCHAR']
  VLF: CDF VAR_TYPE = 'metadata' and DataType not one of ['CDF_CHAR', 'CDF_UCHAR']
  SEA: CDF VAR_TYPE = 'metadata' and DataType not one of ['CDF_CHAR', 'CDF_UCHAR']
  IMS1: CDF VAR_TYPE = 'metadata' and DataType not one of ['CDF_CHAR', 'CDF_UCHAR']
  IMS2: CDF VAR_TYPE = 'metadata' and DataType not one of ['CDF_CHAR', 'CDF_UCHAR']
  SPS: CDF VAR_TYPE = 'metadata' and DataType not one of ['CDF_CHAR', 'CDF_UCHAR']
  EPD: CDF VAR_TYPE = 'metadata' and DataType not one of ['CDF_CHAR', 'CDF_UCHAR']
  swept_start: CDF VAR_TYPE = 'metadata' and DataType not one of ['CDF_CHAR', 'CDF_UCHAR']
I1_AV_ORR | ISTP.DataType.Invalid:
  satellite: CDF VAR_TYPE = 'metadata' and DataType not one of ['CDF_CHAR', 'CDF_UCHAR']
  station_id: CDF VAR_TYPE = 'metadata' and DataType not one of ['CDF_CHAR', 'CDF_UCHAR']
  power_code: CDF VAR_TYPE = 'metadata' and DataType not one of ['CDF_CHAR', 'CDF_UCHAR']
  s/r_code: CDF VAR_TYPE = 'metadata' and DataType not one of ['CDF_CHAR', 'CDF_UCHAR']
  pps_code: CDF VAR_TYPE = 'metadata' and DataType not one of ['CDF_CHAR', 'CDF_UCHAR']
  DMODE: CDF VAR_TYPE = 'metadata' and DataType not one of ['CDF_CHAR', 'CDF_UCHAR']
  GMODE: CDF VAR_TYPE = 'metadata' and DataType not one of ['CDF_CHAR', 'CDF_UCHAR']
  mixed_mode: CDF VAR_TYPE = 'metadata' and DataType not one of ['CDF_CHAR', 'CDF_UCHAR']
  fix_freq: CDF VAR_TYPE = 'metadata' and DataType not one of ['CDF_CHAR', 'CDF_UCHAR']
  geo_coord: CDF VAR_TYPE = 'metadata' and DataType not one of ['CDF_CHAR', 'CDF_UCHAR']
  sun: CDF VAR_TYPE = 'metadata' and DataType not one of ['CDF_CHAR', 'CDF_UCHAR']
  CEP: CDF VAR_TYPE = 'metadata' and DataType not one of ['CDF_CHAR', 'CDF_UCHAR']
  VLF: CDF VAR_TYPE = 'metadata' and DataType not one of ['CDF_CHAR', 'CDF_UCHAR']
  SEA: CDF VAR_TYPE = 'metadata' and DataType not one of ['CDF_CHAR', 'CDF_UCHAR']
  IMS1: CDF VAR_TYPE = 'metadata' and DataType not one of ['CDF_CHAR', 'CDF_UCHAR']
  IMS2: CDF VAR_TYPE = 'metadata' and DataType not one of ['CDF_CHAR', 'CDF_UCHAR']
  SPS: CDF VAR_TYPE = 'metadata' and DataType not one of ['CDF_CHAR', 'CDF_UCHAR']
  EPD: CDF VAR_TYPE = 'metadata' and DataType not one of ['CDF_CHAR', 'CDF_UCHAR']
  swept_start: CDF VAR_TYPE = 'metadata' and DataType not one of ['CDF_CHAR', 'CDF_UCHAR']
I1_AV_OTT | ISTP.DataType.Invalid:
  satellite: CDF VAR_TYPE = 'metadata' and DataType not one of ['CDF_CHAR', 'CDF_UCHAR']
  station_id: CDF VAR_TYPE = 'metadata' and DataType not one of ['CDF_CHAR', 'CDF_UCHAR']
  power_code: CDF VAR_TYPE = 'metadata' and DataType not one of ['CDF_CHAR', 'CDF_UCHAR']
  s/r_code: CDF VAR_TYPE = 'metadata' and DataType not one of ['CDF_CHAR', 'CDF_UCHAR']
  pps_code: CDF VAR_TYPE = 'metadata' and DataType not one of ['CDF_CHAR', 'CDF_UCHAR']
  DMODE: CDF VAR_TYPE = 'metadata' and DataType not one of ['CDF_CHAR', 'CDF_UCHAR']
  GMODE: CDF VAR_TYPE = 'metadata' and DataType not one of ['CDF_CHAR', 'CDF_UCHAR']
  mixed_mode: CDF VAR_TYPE = 'metadata' and DataType not one of ['CDF_CHAR', 'CDF_UCHAR']
  fix_freq: CDF VAR_TYPE = 'metadata' and DataType not one of ['CDF_CHAR', 'CDF_UCHAR']
  geo_coord: CDF VAR_TYPE = 'metadata' and DataType not one of ['CDF_CHAR', 'CDF_UCHAR']
  sun: CDF VAR_TYPE = 'metadata' and DataType not one of ['CDF_CHAR', 'CDF_UCHAR']
  CEP: CDF VAR_TYPE = 'metadata' and DataType not one of ['CDF_CHAR', 'CDF_UCHAR']
  VLF: CDF VAR_TYPE = 'metadata' and DataType not one of ['CDF_CHAR', 'CDF_UCHAR']
  SEA: CDF VAR_TYPE = 'metadata' and DataType not one of ['CDF_CHAR', 'CDF_UCHAR']
  IMS1: CDF VAR_TYPE = 'metadata' and DataType not one of ['CDF_CHAR', 'CDF_UCHAR']
  IMS2: CDF VAR_TYPE = 'metadata' and DataType not one of ['CDF_CHAR', 'CDF_UCHAR']
  SPS: CDF VAR_TYPE = 'metadata' and DataType not one of ['CDF_CHAR', 'CDF_UCHAR']
  EPD: CDF VAR_TYPE = 'metadata' and DataType not one of ['CDF_CHAR', 'CDF_UCHAR']
  swept_start: CDF VAR_TYPE = 'metadata' and DataType not one of ['CDF_CHAR', 'CDF_UCHAR']
I1_AV_QUI | ISTP.DataType.Invalid:
  satellite: CDF VAR_TYPE = 'metadata' and DataType not one of ['CDF_CHAR', 'CDF_UCHAR']
  station_id: CDF VAR_TYPE = 'metadata' and DataType not one of ['CDF_CHAR', 'CDF_UCHAR']
  power_code: CDF VAR_TYPE = 'metadata' and DataType not one of ['CDF_CHAR', 'CDF_UCHAR']
  s/r_code: CDF VAR_TYPE = 'metadata' and DataType not one of ['CDF_CHAR', 'CDF_UCHAR']
  pps_code: CDF VAR_TYPE = 'metadata' and DataType not one of ['CDF_CHAR', 'CDF_UCHAR']
  DMODE: CDF VAR_TYPE = 'metadata' and DataType not one of ['CDF_CHAR', 'CDF_UCHAR']
  GMODE: CDF VAR_TYPE = 'metadata' and DataType not one of ['CDF_CHAR', 'CDF_UCHAR']
  mixed_mode: CDF VAR_TYPE = 'metadata' and DataType not one of ['CDF_CHAR', 'CDF_UCHAR']
  fix_freq: CDF VAR_TYPE = 'metadata' and DataType not one of ['CDF_CHAR', 'CDF_UCHAR']
  geo_coord: CDF VAR_TYPE = 'metadata' and DataType not one of ['CDF_CHAR', 'CDF_UCHAR']
  sun: CDF VAR_TYPE = 'metadata' and DataType not one of ['CDF_CHAR', 'CDF_UCHAR']
  CEP: CDF VAR_TYPE = 'metadata' and DataType not one of ['CDF_CHAR', 'CDF_UCHAR']
  VLF: CDF VAR_TYPE = 'metadata' and DataType not one of ['CDF_CHAR', 'CDF_UCHAR']
  SEA: CDF VAR_TYPE = 'metadata' and DataType not one of ['CDF_CHAR', 'CDF_UCHAR']
  IMS1: CDF VAR_TYPE = 'metadata' and DataType not one of ['CDF_CHAR', 'CDF_UCHAR']
  IMS2: CDF VAR_TYPE = 'metadata' and DataType not one of ['CDF_CHAR', 'CDF_UCHAR']
  SPS: CDF VAR_TYPE = 'metadata' and DataType not one of ['CDF_CHAR', 'CDF_UCHAR']
  EPD: CDF VAR_TYPE = 'metadata' and DataType not one of ['CDF_CHAR', 'CDF_UCHAR']
  swept_start: CDF VAR_TYPE = 'metadata' and DataType not one of ['CDF_CHAR', 'CDF_UCHAR']
I1_AV_RES | ISTP.DataType.Invalid:
  satellite: CDF VAR_TYPE = 'metadata' and DataType not one of ['CDF_CHAR', 'CDF_UCHAR']
  station_id: CDF VAR_TYPE = 'metadata' and DataType not one of ['CDF_CHAR', 'CDF_UCHAR']
  power_code: CDF VAR_TYPE = 'metadata' and DataType not one of ['CDF_CHAR', 'CDF_UCHAR']
  s/r_code: CDF VAR_TYPE = 'metadata' and DataType not one of ['CDF_CHAR', 'CDF_UCHAR']
  pps_code: CDF VAR_TYPE = 'metadata' and DataType not one of ['CDF_CHAR', 'CDF_UCHAR']
  DMODE: CDF VAR_TYPE = 'metadata' and DataType not one of ['CDF_CHAR', 'CDF_UCHAR']
  GMODE: CDF VAR_TYPE = 'metadata' and DataType not one of ['CDF_CHAR', 'CDF_UCHAR']
  mixed_mode: CDF VAR_TYPE = 'metadata' and DataType not one of ['CDF_CHAR', 'CDF_UCHAR']
  fix_freq: CDF VAR_TYPE = 'metadata' and DataType not one of ['CDF_CHAR', 'CDF_UCHAR']
  geo_coord: CDF VAR_TYPE = 'metadata' and DataType not one of ['CDF_CHAR', 'CDF_UCHAR']
  sun: CDF VAR_TYPE = 'metadata' and DataType not one of ['CDF_CHAR', 'CDF_UCHAR']
  CEP: CDF VAR_TYPE = 'metadata' and DataType not one of ['CDF_CHAR', 'CDF_UCHAR']
  VLF: CDF VAR_TYPE = 'metadata' and DataType not one of ['CDF_CHAR', 'CDF_UCHAR']
  SEA: CDF VAR_TYPE = 'metadata' and DataType not one of ['CDF_CHAR', 'CDF_UCHAR']
  IMS1: CDF VAR_TYPE = 'metadata' and DataType not one of ['CDF_CHAR', 'CDF_UCHAR']
  IMS2: CDF VAR_TYPE = 'metadata' and DataType not one of ['CDF_CHAR', 'CDF_UCHAR']
  SPS: CDF VAR_TYPE = 'metadata' and DataType not one of ['CDF_CHAR', 'CDF_UCHAR']
  EPD: CDF VAR_TYPE = 'metadata' and DataType not one of ['CDF_CHAR', 'CDF_UCHAR']
  swept_start: CDF VAR_TYPE = 'metadata' and DataType not one of ['CDF_CHAR', 'CDF_UCHAR']
I1_AV_SNT | ISTP.DataType.Invalid:
  satellite: CDF VAR_TYPE = 'metadata' and DataType not one of ['CDF_CHAR', 'CDF_UCHAR']
  station_id: CDF VAR_TYPE = 'metadata' and DataType not one of ['CDF_CHAR', 'CDF_UCHAR']
  power_code: CDF VAR_TYPE = 'metadata' and DataType not one of ['CDF_CHAR', 'CDF_UCHAR']
  s/r_code: CDF VAR_TYPE = 'metadata' and DataType not one of ['CDF_CHAR', 'CDF_UCHAR']
  pps_code: CDF VAR_TYPE = 'metadata' and DataType not one of ['CDF_CHAR', 'CDF_UCHAR']
  DMODE: CDF VAR_TYPE = 'metadata' and DataType not one of ['CDF_CHAR', 'CDF_UCHAR']
  GMODE: CDF VAR_TYPE = 'metadata' and DataType not one of ['CDF_CHAR', 'CDF_UCHAR']
  mixed_mode: CDF VAR_TYPE = 'metadata' and DataType not one of ['CDF_CHAR', 'CDF_UCHAR']
  fix_freq: CDF VAR_TYPE = 'metadata' and DataType not one of ['CDF_CHAR', 'CDF_UCHAR']
  geo_coord: CDF VAR_TYPE = 'metadata' and DataType not one of ['CDF_CHAR', 'CDF_UCHAR']
  sun: CDF VAR_TYPE = 'metadata' and DataType not one of ['CDF_CHAR', 'CDF_UCHAR']
  CEP: CDF VAR_TYPE = 'metadata' and DataType not one of ['CDF_CHAR', 'CDF_UCHAR']
  VLF: CDF VAR_TYPE = 'metadata' and DataType not one of ['CDF_CHAR', 'CDF_UCHAR']
  SEA: CDF VAR_TYPE = 'metadata' and DataType not one of ['CDF_CHAR', 'CDF_UCHAR']
  IMS1: CDF VAR_TYPE = 'metadata' and DataType not one of ['CDF_CHAR', 'CDF_UCHAR']
  IMS2: CDF VAR_TYPE = 'metadata' and DataType not one of ['CDF_CHAR', 'CDF_UCHAR']
  SPS: CDF VAR_TYPE = 'metadata' and DataType not one of ['CDF_CHAR', 'CDF_UCHAR']
  EPD: CDF VAR_TYPE = 'metadata' and DataType not one of ['CDF_CHAR', 'CDF_UCHAR']
  swept_start: CDF VAR_TYPE = 'metadata' and DataType not one of ['CDF_CHAR', 'CDF_UCHAR']
I1_AV_SOD | ISTP.DataType.Invalid:
  satellite: CDF VAR_TYPE = 'metadata' and DataType not one of ['CDF_CHAR', 'CDF_UCHAR']
  station_id: CDF VAR_TYPE = 'metadata' and DataType not one of ['CDF_CHAR', 'CDF_UCHAR']
  power_code: CDF VAR_TYPE = 'metadata' and DataType not one of ['CDF_CHAR', 'CDF_UCHAR']
  s/r_code: CDF VAR_TYPE = 'metadata' and DataType not one of ['CDF_CHAR', 'CDF_UCHAR']
  pps_code: CDF VAR_TYPE = 'metadata' and DataType not one of ['CDF_CHAR', 'CDF_UCHAR']
  DMODE: CDF VAR_TYPE = 'metadata' and DataType not one of ['CDF_CHAR', 'CDF_UCHAR']
  GMODE: CDF VAR_TYPE = 'metadata' and DataType not one of ['CDF_CHAR', 'CDF_UCHAR']
  mixed_mode: CDF VAR_TYPE = 'metadata' and DataType not one of ['CDF_CHAR', 'CDF_UCHAR']
  fix_freq: CDF VAR_TYPE = 'metadata' and DataType not one of ['CDF_CHAR', 'CDF_UCHAR']
  geo_coord: CDF VAR_TYPE = 'metadata' and DataType not one of ['CDF_CHAR', 'CDF_UCHAR']
  sun: CDF VAR_TYPE = 'metadata' and DataType not one of ['CDF_CHAR', 'CDF_UCHAR']
  CEP: CDF VAR_TYPE = 'metadata' and DataType not one of ['CDF_CHAR', 'CDF_UCHAR']
  VLF: CDF VAR_TYPE = 'metadata' and DataType not one of ['CDF_CHAR', 'CDF_UCHAR']
  SEA: CDF VAR_TYPE = 'metadata' and DataType not one of ['CDF_CHAR', 'CDF_UCHAR']
  IMS1: CDF VAR_TYPE = 'metadata' and DataType not one of ['CDF_CHAR', 'CDF_UCHAR']
  IMS2: CDF VAR_TYPE = 'metadata' and DataType not one of ['CDF_CHAR', 'CDF_UCHAR']
  SPS: CDF VAR_TYPE = 'metadata' and DataType not one of ['CDF_CHAR', 'CDF_UCHAR']
  EPD: CDF VAR_TYPE = 'metadata' and DataType not one of ['CDF_CHAR', 'CDF_UCHAR']
  swept_start: CDF VAR_TYPE = 'metadata' and DataType not one of ['CDF_CHAR', 'CDF_UCHAR']
I1_AV_TRO | ISTP.DataType.Invalid:
  satellite: CDF VAR_TYPE = 'metadata' and DataType not one of ['CDF_CHAR', 'CDF_UCHAR']
  station_id: CDF VAR_TYPE = 'metadata' and DataType not one of ['CDF_CHAR', 'CDF_UCHAR']
  power_code: CDF VAR_TYPE = 'metadata' and DataType not one of ['CDF_CHAR', 'CDF_UCHAR']
  s/r_code: CDF VAR_TYPE = 'metadata' and DataType not one of ['CDF_CHAR', 'CDF_UCHAR']
  pps_code: CDF VAR_TYPE = 'metadata' and DataType not one of ['CDF_CHAR', 'CDF_UCHAR']
  DMODE: CDF VAR_TYPE = 'metadata' and DataType not one of ['CDF_CHAR', 'CDF_UCHAR']
  GMODE: CDF VAR_TYPE = 'metadata' and DataType not one of ['CDF_CHAR', 'CDF_UCHAR']
  mixed_mode: CDF VAR_TYPE = 'metadata' and DataType not one of ['CDF_CHAR', 'CDF_UCHAR']
  fix_freq: CDF VAR_TYPE = 'metadata' and DataType not one of ['CDF_CHAR', 'CDF_UCHAR']
  geo_coord: CDF VAR_TYPE = 'metadata' and DataType not one of ['CDF_CHAR', 'CDF_UCHAR']
  sun: CDF VAR_TYPE = 'metadata' and DataType not one of ['CDF_CHAR', 'CDF_UCHAR']
  CEP: CDF VAR_TYPE = 'metadata' and DataType not one of ['CDF_CHAR', 'CDF_UCHAR']
  VLF: CDF VAR_TYPE = 'metadata' and DataType not one of ['CDF_CHAR', 'CDF_UCHAR']
  SEA: CDF VAR_TYPE = 'metadata' and DataType not one of ['CDF_CHAR', 'CDF_UCHAR']
  IMS1: CDF VAR_TYPE = 'metadata' and DataType not one of ['CDF_CHAR', 'CDF_UCHAR']
  IMS2: CDF VAR_TYPE = 'metadata' and DataType not one of ['CDF_CHAR', 'CDF_UCHAR']
  SPS: CDF VAR_TYPE = 'metadata' and DataType not one of ['CDF_CHAR', 'CDF_UCHAR']
  EPD: CDF VAR_TYPE = 'metadata' and DataType not one of ['CDF_CHAR', 'CDF_UCHAR']
  swept_start: CDF VAR_TYPE = 'metadata' and DataType not one of ['CDF_CHAR', 'CDF_UCHAR']
I1_AV_ULA | ISTP.DataType.Invalid:
  satellite: CDF VAR_TYPE = 'metadata' and DataType not one of ['CDF_CHAR', 'CDF_UCHAR']
  station_id: CDF VAR_TYPE = 'metadata' and DataType not one of ['CDF_CHAR', 'CDF_UCHAR']
  power_code: CDF VAR_TYPE = 'metadata' and DataType not one of ['CDF_CHAR', 'CDF_UCHAR']
  s/r_code: CDF VAR_TYPE = 'metadata' and DataType not one of ['CDF_CHAR', 'CDF_UCHAR']
  pps_code: CDF VAR_TYPE = 'metadata' and DataType not one of ['CDF_CHAR', 'CDF_UCHAR']
  DMODE: CDF VAR_TYPE = 'metadata' and DataType not one of ['CDF_CHAR', 'CDF_UCHAR']
  GMODE: CDF VAR_TYPE = 'metadata' and DataType not one of ['CDF_CHAR', 'CDF_UCHAR']
  mixed_mode: CDF VAR_TYPE = 'metadata' and DataType not one of ['CDF_CHAR', 'CDF_UCHAR']
  fix_freq: CDF VAR_TYPE = 'metadata' and DataType not one of ['CDF_CHAR', 'CDF_UCHAR']
  geo_coord: CDF VAR_TYPE = 'metadata' and DataType not one of ['CDF_CHAR', 'CDF_UCHAR']
  sun: CDF VAR_TYPE = 'metadata' and DataType not one of ['CDF_CHAR', 'CDF_UCHAR']
  CEP: CDF VAR_TYPE = 'metadata' and DataType not one of ['CDF_CHAR', 'CDF_UCHAR']
  VLF: CDF VAR_TYPE = 'metadata' and DataType not one of ['CDF_CHAR', 'CDF_UCHAR']
  SEA: CDF VAR_TYPE = 'metadata' and DataType not one of ['CDF_CHAR', 'CDF_UCHAR']
  IMS1: CDF VAR_TYPE = 'metadata' and DataType not one of ['CDF_CHAR', 'CDF_UCHAR']
  IMS2: CDF VAR_TYPE = 'metadata' and DataType not one of ['CDF_CHAR', 'CDF_UCHAR']
  SPS: CDF VAR_TYPE = 'metadata' and DataType not one of ['CDF_CHAR', 'CDF_UCHAR']
  EPD: CDF VAR_TYPE = 'metadata' and DataType not one of ['CDF_CHAR', 'CDF_UCHAR']
  swept_start: CDF VAR_TYPE = 'metadata' and DataType not one of ['CDF_CHAR', 'CDF_UCHAR']
I1_AV_WNK | ISTP.DataType.Invalid:
  satellite: CDF VAR_TYPE = 'metadata' and DataType not one of ['CDF_CHAR', 'CDF_UCHAR']
  station_id: CDF VAR_TYPE = 'metadata' and DataType not one of ['CDF_CHAR', 'CDF_UCHAR']
  power_code: CDF VAR_TYPE = 'metadata' and DataType not one of ['CDF_CHAR', 'CDF_UCHAR']
  s/r_code: CDF VAR_TYPE = 'metadata' and DataType not one of ['CDF_CHAR', 'CDF_UCHAR']
  pps_code: CDF VAR_TYPE = 'metadata' and DataType not one of ['CDF_CHAR', 'CDF_UCHAR']
  DMODE: CDF VAR_TYPE = 'metadata' and DataType not one of ['CDF_CHAR', 'CDF_UCHAR']
  GMODE: CDF VAR_TYPE = 'metadata' and DataType not one of ['CDF_CHAR', 'CDF_UCHAR']
  mixed_mode: CDF VAR_TYPE = 'metadata' and DataType not one of ['CDF_CHAR', 'CDF_UCHAR']
  fix_freq: CDF VAR_TYPE = 'metadata' and DataType not one of ['CDF_CHAR', 'CDF_UCHAR']
  geo_coord: CDF VAR_TYPE = 'metadata' and DataType not one of ['CDF_CHAR', 'CDF_UCHAR']
  sun: CDF VAR_TYPE = 'metadata' and DataType not one of ['CDF_CHAR', 'CDF_UCHAR']
  CEP: CDF VAR_TYPE = 'metadata' and DataType not one of ['CDF_CHAR', 'CDF_UCHAR']
  VLF: CDF VAR_TYPE = 'metadata' and DataType not one of ['CDF_CHAR', 'CDF_UCHAR']
  SEA: CDF VAR_TYPE = 'metadata' and DataType not one of ['CDF_CHAR', 'CDF_UCHAR']
  IMS1: CDF VAR_TYPE = 'metadata' and DataType not one of ['CDF_CHAR', 'CDF_UCHAR']
  IMS2: CDF VAR_TYPE = 'metadata' and DataType not one of ['CDF_CHAR', 'CDF_UCHAR']
  SPS: CDF VAR_TYPE = 'metadata' and DataType not one of ['CDF_CHAR', 'CDF_UCHAR']
  EPD: CDF VAR_TYPE = 'metadata' and DataType not one of ['CDF_CHAR', 'CDF_UCHAR']
  swept_start: CDF VAR_TYPE = 'metadata' and DataType not one of ['CDF_CHAR', 'CDF_UCHAR']
I2_AV_ACN | ISTP.DataType.Invalid:
  satellite: CDF VAR_TYPE = 'metadata' and DataType not one of ['CDF_CHAR', 'CDF_UCHAR']
  station_id: CDF VAR_TYPE = 'metadata' and DataType not one of ['CDF_CHAR', 'CDF_UCHAR']
  power_code: CDF VAR_TYPE = 'metadata' and DataType not one of ['CDF_CHAR', 'CDF_UCHAR']
  s/r_code: CDF VAR_TYPE = 'metadata' and DataType not one of ['CDF_CHAR', 'CDF_UCHAR']
  f_range_code: CDF VAR_TYPE = 'metadata' and DataType not one of ['CDF_CHAR', 'CDF_UCHAR']
  DMODE: CDF VAR_TYPE = 'metadata' and DataType not one of ['CDF_CHAR', 'CDF_UCHAR']
  GMODE: CDF VAR_TYPE = 'metadata' and DataType not one of ['CDF_CHAR', 'CDF_UCHAR']
  mixed_mode: CDF VAR_TYPE = 'metadata' and DataType not one of ['CDF_CHAR', 'CDF_UCHAR']
  AIT_mode: CDF VAR_TYPE = 'metadata' and DataType not one of ['CDF_CHAR', 'CDF_UCHAR']
  fix_freq: CDF VAR_TYPE = 'metadata' and DataType not one of ['CDF_CHAR', 'CDF_UCHAR']
  sun: CDF VAR_TYPE = 'metadata' and DataType not one of ['CDF_CHAR', 'CDF_UCHAR']
  CEP: CDF VAR_TYPE = 'metadata' and DataType not one of ['CDF_CHAR', 'CDF_UCHAR']
  VLF: CDF VAR_TYPE = 'metadata' and DataType not one of ['CDF_CHAR', 'CDF_UCHAR']
  RPA: CDF VAR_TYPE = 'metadata' and DataType not one of ['CDF_CHAR', 'CDF_UCHAR']
  IMS: CDF VAR_TYPE = 'metadata' and DataType not one of ['CDF_CHAR', 'CDF_UCHAR']
  SPS: CDF VAR_TYPE = 'metadata' and DataType not one of ['CDF_CHAR', 'CDF_UCHAR']
  EPD: CDF VAR_TYPE = 'metadata' and DataType not one of ['CDF_CHAR', 'CDF_UCHAR']
  RLP: CDF VAR_TYPE = 'metadata' and DataType not one of ['CDF_CHAR', 'CDF_UCHAR']
  ASP: CDF VAR_TYPE = 'metadata' and DataType not one of ['CDF_CHAR', 'CDF_UCHAR']
  swept_start: CDF VAR_TYPE = 'metadata' and DataType not one of ['CDF_CHAR', 'CDF_UCHAR']
I2_AV_ADL | ISTP.DataType.Invalid:
  satellite: CDF VAR_TYPE = 'metadata' and DataType not one of ['CDF_CHAR', 'CDF_UCHAR']
  station_id: CDF VAR_TYPE = 'metadata' and DataType not one of ['CDF_CHAR', 'CDF_UCHAR']
  power_code: CDF VAR_TYPE = 'metadata' and DataType not one of ['CDF_CHAR', 'CDF_UCHAR']
  s/r_code: CDF VAR_TYPE = 'metadata' and DataType not one of ['CDF_CHAR', 'CDF_UCHAR']
  f_range_code: CDF VAR_TYPE = 'metadata' and DataType not one of ['CDF_CHAR', 'CDF_UCHAR']
  DMODE: CDF VAR_TYPE = 'metadata' and DataType not one of ['CDF_CHAR', 'CDF_UCHAR']
  GMODE: CDF VAR_TYPE = 'metadata' and DataType not one of ['CDF_CHAR', 'CDF_UCHAR']
  mixed_mode: CDF VAR_TYPE = 'metadata' and DataType not one of ['CDF_CHAR', 'CDF_UCHAR']
  AIT_mode: CDF VAR_TYPE = 'metadata' and DataType not one of ['CDF_CHAR', 'CDF_UCHAR']
  fix_freq: CDF VAR_TYPE = 'metadata' and DataType not one of ['CDF_CHAR', 'CDF_UCHAR']
  geo_coord: CDF VAR_TYPE = 'metadata' and DataType not one of ['CDF_CHAR', 'CDF_UCHAR']
  sun: CDF VAR_TYPE = 'metadata' and DataType not one of ['CDF_CHAR', 'CDF_UCHAR']
  CEP: CDF VAR_TYPE = 'metadata' and DataType not one of ['CDF_CHAR', 'CDF_UCHAR']
  VLF: CDF VAR_TYPE = 'metadata' and DataType not one of ['CDF_CHAR', 'CDF_UCHAR']
  RPA: CDF VAR_TYPE = 'metadata' and DataType not one of ['CDF_CHAR', 'CDF_UCHAR']
  IMS: CDF VAR_TYPE = 'metadata' and DataType not one of ['CDF_CHAR', 'CDF_UCHAR']
  SPS: CDF VAR_TYPE = 'metadata' and DataType not one of ['CDF_CHAR', 'CDF_UCHAR']
  EPD: CDF VAR_TYPE = 'metadata' and DataType not one of ['CDF_CHAR', 'CDF_UCHAR']
  RLP: CDF VAR_TYPE = 'metadata' and DataType not one of ['CDF_CHAR', 'CDF_UCHAR']
  ASP: CDF VAR_TYPE = 'metadata' and DataType not one of ['CDF_CHAR', 'CDF_UCHAR']
  swept_start: CDF VAR_TYPE = 'metadata' and DataType not one of ['CDF_CHAR', 'CDF_UCHAR']
I2_AV_AME | ISTP.DataType.Invalid:
  satellite: CDF VAR_TYPE = 'metadata' and DataType not one of ['CDF_CHAR', 'CDF_UCHAR']
  station_id: CDF VAR_TYPE = 'metadata' and DataType not one of ['CDF_CHAR', 'CDF_UCHAR']
  power_code: CDF VAR_TYPE = 'metadata' and DataType not one of ['CDF_CHAR', 'CDF_UCHAR']
  s/r_code: CDF VAR_TYPE = 'metadata' and DataType not one of ['CDF_CHAR', 'CDF_UCHAR']
  f_range_code: CDF VAR_TYPE = 'metadata' and DataType not one of ['CDF_CHAR', 'CDF_UCHAR']
  DMODE: CDF VAR_TYPE = 'metadata' and DataType not one of ['CDF_CHAR', 'CDF_UCHAR']
  GMODE: CDF VAR_TYPE = 'metadata' and DataType not one of ['CDF_CHAR', 'CDF_UCHAR']
  mixed_mode: CDF VAR_TYPE = 'metadata' and DataType not one of ['CDF_CHAR', 'CDF_UCHAR']
  AIT_mode: CDF VAR_TYPE = 'metadata' and DataType not one of ['CDF_CHAR', 'CDF_UCHAR']
  fix_freq: CDF VAR_TYPE = 'metadata' and DataType not one of ['CDF_CHAR', 'CDF_UCHAR']
  geo_coord: CDF VAR_TYPE = 'metadata' and DataType not one of ['CDF_CHAR', 'CDF_UCHAR']
  sun: CDF VAR_TYPE = 'metadata' and DataType not one of ['CDF_CHAR', 'CDF_UCHAR']
  CEP: CDF VAR_TYPE = 'metadata' and DataType not one of ['CDF_CHAR', 'CDF_UCHAR']
  VLF: CDF VAR_TYPE = 'metadata' and DataType not one of ['CDF_CHAR', 'CDF_UCHAR']
  RPA: CDF VAR_TYPE = 'metadata' and DataType not one of ['CDF_CHAR', 'CDF_UCHAR']
  IMS: CDF VAR_TYPE = 'metadata' and DataType not one of ['CDF_CHAR', 'CDF_UCHAR']
  SPS: CDF VAR_TYPE = 'metadata' and DataType not one of ['CDF_CHAR', 'CDF_UCHAR']
  EPD: CDF VAR_TYPE = 'metadata' and DataType not one of ['CDF_CHAR', 'CDF_UCHAR']
  RLP: CDF VAR_TYPE = 'metadata' and DataType not one of ['CDF_CHAR', 'CDF_UCHAR']
  ASP: CDF VAR_TYPE = 'metadata' and DataType not one of ['CDF_CHAR', 'CDF_UCHAR']
  swept_start: CDF VAR_TYPE = 'metadata' and DataType not one of ['CDF_CHAR', 'CDF_UCHAR']
I2_AV_BRZ | ISTP.DataType.Invalid:
  satellite: CDF VAR_TYPE = 'metadata' and DataType not one of ['CDF_CHAR', 'CDF_UCHAR']
  station_id: CDF VAR_TYPE = 'metadata' and DataType not one of ['CDF_CHAR', 'CDF_UCHAR']
  power_code: CDF VAR_TYPE = 'metadata' and DataType not one of ['CDF_CHAR', 'CDF_UCHAR']
  s/r_code: CDF VAR_TYPE = 'metadata' and DataType not one of ['CDF_CHAR', 'CDF_UCHAR']
  f_range_code: CDF VAR_TYPE = 'metadata' and DataType not one of ['CDF_CHAR', 'CDF_UCHAR']
  DMODE: CDF VAR_TYPE = 'metadata' and DataType not one of ['CDF_CHAR', 'CDF_UCHAR']
  GMODE: CDF VAR_TYPE = 'metadata' and DataType not one of ['CDF_CHAR', 'CDF_UCHAR']
  mixed_mode: CDF VAR_TYPE = 'metadata' and DataType not one of ['CDF_CHAR', 'CDF_UCHAR']
  AIT_mode: CDF VAR_TYPE = 'metadata' and DataType not one of ['CDF_CHAR', 'CDF_UCHAR']
  fix_freq: CDF VAR_TYPE = 'metadata' and DataType not one of ['CDF_CHAR', 'CDF_UCHAR']
  geo_coord: CDF VAR_TYPE = 'metadata' and DataType not one of ['CDF_CHAR', 'CDF_UCHAR']
  sun: CDF VAR_TYPE = 'metadata' and DataType not one of ['CDF_CHAR', 'CDF_UCHAR']
  CEP: CDF VAR_TYPE = 'metadata' and DataType not one of ['CDF_CHAR', 'CDF_UCHAR']
  VLF: CDF VAR_TYPE = 'metadata' and DataType not one of ['CDF_CHAR', 'CDF_UCHAR']
  RPA: CDF VAR_TYPE = 'metadata' and DataType not one of ['CDF_CHAR', 'CDF_UCHAR']
  IMS: CDF VAR_TYPE = 'metadata' and DataType not one of ['CDF_CHAR', 'CDF_UCHAR']
  SPS: CDF VAR_TYPE = 'metadata' and DataType not one of ['CDF_CHAR', 'CDF_UCHAR']
  EPD: CDF VAR_TYPE = 'metadata' and DataType not one of ['CDF_CHAR', 'CDF_UCHAR']
  RLP: CDF VAR_TYPE = 'metadata' and DataType not one of ['CDF_CHAR', 'CDF_UCHAR']
  ASP: CDF VAR_TYPE = 'metadata' and DataType not one of ['CDF_CHAR', 'CDF_UCHAR']
  swept_start: CDF VAR_TYPE = 'metadata' and DataType not one of ['CDF_CHAR', 'CDF_UCHAR']
I2_AV_BUR | ISTP.DataType.Invalid:
  satellite: CDF VAR_TYPE = 'metadata' and DataType not one of ['CDF_CHAR', 'CDF_UCHAR']
  station_id: CDF VAR_TYPE = 'metadata' and DataType not one of ['CDF_CHAR', 'CDF_UCHAR']
  power_code: CDF VAR_TYPE = 'metadata' and DataType not one of ['CDF_CHAR', 'CDF_UCHAR']
  s/r_code: CDF VAR_TYPE = 'metadata' and DataType not one of ['CDF_CHAR', 'CDF_UCHAR']
  f_range_code: CDF VAR_TYPE = 'metadata' and DataType not one of ['CDF_CHAR', 'CDF_UCHAR']
  DMODE: CDF VAR_TYPE = 'metadata' and DataType not one of ['CDF_CHAR', 'CDF_UCHAR']
  GMODE: CDF VAR_TYPE = 'metadata' and DataType not one of ['CDF_CHAR', 'CDF_UCHAR']
  mixed_mode: CDF VAR_TYPE = 'metadata' and DataType not one of ['CDF_CHAR', 'CDF_UCHAR']
  AIT_mode: CDF VAR_TYPE = 'metadata' and DataType not one of ['CDF_CHAR', 'CDF_UCHAR']
  fix_freq: CDF VAR_TYPE = 'metadata' and DataType not one of ['CDF_CHAR', 'CDF_UCHAR']
  geo_coord: CDF VAR_TYPE = 'metadata' and DataType not one of ['CDF_CHAR', 'CDF_UCHAR']
  sun: CDF VAR_TYPE = 'metadata' and DataType not one of ['CDF_CHAR', 'CDF_UCHAR']
  CEP: CDF VAR_TYPE = 'metadata' and DataType not one of ['CDF_CHAR', 'CDF_UCHAR']
  VLF: CDF VAR_TYPE = 'metadata' and DataType not one of ['CDF_CHAR', 'CDF_UCHAR']
  RPA: CDF VAR_TYPE = 'metadata' and DataType not one of ['CDF_CHAR', 'CDF_UCHAR']
  IMS: CDF VAR_TYPE = 'metadata' and DataType not one of ['CDF_CHAR', 'CDF_UCHAR']
  SPS: CDF VAR_TYPE = 'metadata' and DataType not one of ['CDF_CHAR', 'CDF_UCHAR']
  EPD: CDF VAR_TYPE = 'metadata' and DataType not one of ['CDF_CHAR', 'CDF_UCHAR']
  RLP: CDF VAR_TYPE = 'metadata' and DataType not one of ['CDF_CHAR', 'CDF_UCHAR']
  ASP: CDF VAR_TYPE = 'metadata' and DataType not one of ['CDF_CHAR', 'CDF_UCHAR']
  swept_start: CDF VAR_TYPE = 'metadata' and DataType not one of ['CDF_CHAR', 'CDF_UCHAR']
I2_AV_CNA | ISTP.DataType.Invalid:
  satellite: CDF VAR_TYPE = 'metadata' and DataType not one of ['CDF_CHAR', 'CDF_UCHAR']
  station_id: CDF VAR_TYPE = 'metadata' and DataType not one of ['CDF_CHAR', 'CDF_UCHAR']
  power_code: CDF VAR_TYPE = 'metadata' and DataType not one of ['CDF_CHAR', 'CDF_UCHAR']
  s/r_code: CDF VAR_TYPE = 'metadata' and DataType not one of ['CDF_CHAR', 'CDF_UCHAR']
  f_range_code: CDF VAR_TYPE = 'metadata' and DataType not one of ['CDF_CHAR', 'CDF_UCHAR']
  DMODE: CDF VAR_TYPE = 'metadata' and DataType not one of ['CDF_CHAR', 'CDF_UCHAR']
  GMODE: CDF VAR_TYPE = 'metadata' and DataType not one of ['CDF_CHAR', 'CDF_UCHAR']
  mixed_mode: CDF VAR_TYPE = 'metadata' and DataType not one of ['CDF_CHAR', 'CDF_UCHAR']
  AIT_mode: CDF VAR_TYPE = 'metadata' and DataType not one of ['CDF_CHAR', 'CDF_UCHAR']
  fix_freq: CDF VAR_TYPE = 'metadata' and DataType not one of ['CDF_CHAR', 'CDF_UCHAR']
  geo_coord: CDF VAR_TYPE = 'metadata' and DataType not one of ['CDF_CHAR', 'CDF_UCHAR']
  sun: CDF VAR_TYPE = 'metadata' and DataType not one of ['CDF_CHAR', 'CDF_UCHAR']
  CEP: CDF VAR_TYPE = 'metadata' and DataType not one of ['CDF_CHAR', 'CDF_UCHAR']
  VLF: CDF VAR_TYPE = 'metadata' and DataType not one of ['CDF_CHAR', 'CDF_UCHAR']
  RPA: CDF VAR_TYPE = 'metadata' and DataType not one of ['CDF_CHAR', 'CDF_UCHAR']
  IMS: CDF VAR_TYPE = 'metadata' and DataType not one of ['CDF_CHAR', 'CDF_UCHAR']
  SPS: CDF VAR_TYPE = 'metadata' and DataType not one of ['CDF_CHAR', 'CDF_UCHAR']
  EPD: CDF VAR_TYPE = 'metadata' and DataType not one of ['CDF_CHAR', 'CDF_UCHAR']
  RLP: CDF VAR_TYPE = 'metadata' and DataType not one of ['CDF_CHAR', 'CDF_UCHAR']
  ASP: CDF VAR_TYPE = 'metadata' and DataType not one of ['CDF_CHAR', 'CDF_UCHAR']
  swept_start: CDF VAR_TYPE = 'metadata' and DataType not one of ['CDF_CHAR', 'CDF_UCHAR']
I2_AV_KER | ISTP.DataType.Invalid:
  satellite: CDF VAR_TYPE = 'metadata' and DataType not one of ['CDF_CHAR', 'CDF_UCHAR']
  station_id: CDF VAR_TYPE = 'metadata' and DataType not one of ['CDF_CHAR', 'CDF_UCHAR']
  power_code: CDF VAR_TYPE = 'metadata' and DataType not one of ['CDF_CHAR', 'CDF_UCHAR']
  s/r_code: CDF VAR_TYPE = 'metadata' and DataType not one of ['CDF_CHAR', 'CDF_UCHAR']
  f_range_code: CDF VAR_TYPE = 'metadata' and DataType not one of ['CDF_CHAR', 'CDF_UCHAR']
  DMODE: CDF VAR_TYPE = 'metadata' and DataType not one of ['CDF_CHAR', 'CDF_UCHAR']
  GMODE: CDF VAR_TYPE = 'metadata' and DataType not one of ['CDF_CHAR', 'CDF_UCHAR']
  mixed_mode: CDF VAR_TYPE = 'metadata' and DataType not one of ['CDF_CHAR', 'CDF_UCHAR']
  AIT_mode: CDF VAR_TYPE = 'metadata' and DataType not one of ['CDF_CHAR', 'CDF_UCHAR']
  fix_freq: CDF VAR_TYPE = 'metadata' and DataType not one of ['CDF_CHAR', 'CDF_UCHAR']
  geo_coord: CDF VAR_TYPE = 'metadata' and DataType not one of ['CDF_CHAR', 'CDF_UCHAR']
  sun: CDF VAR_TYPE = 'metadata' and DataType not one of ['CDF_CHAR', 'CDF_UCHAR']
  CEP: CDF VAR_TYPE = 'metadata' and DataType not one of ['CDF_CHAR', 'CDF_UCHAR']
  VLF: CDF VAR_TYPE = 'metadata' and DataType not one of ['CDF_CHAR', 'CDF_UCHAR']
  RPA: CDF VAR_TYPE = 'metadata' and DataType not one of ['CDF_CHAR', 'CDF_UCHAR']
  IMS: CDF VAR_TYPE = 'metadata' and DataType not one of ['CDF_CHAR', 'CDF_UCHAR']
  SPS: CDF VAR_TYPE = 'metadata' and DataType not one of ['CDF_CHAR', 'CDF_UCHAR']
  EPD: CDF VAR_TYPE = 'metadata' and DataType not one of ['CDF_CHAR', 'CDF_UCHAR']
  RLP: CDF VAR_TYPE = 'metadata' and DataType not one of ['CDF_CHAR', 'CDF_UCHAR']
  ASP: CDF VAR_TYPE = 'metadata' and DataType not one of ['CDF_CHAR', 'CDF_UCHAR']
  swept_start: CDF VAR_TYPE = 'metadata' and DataType not one of ['CDF_CHAR', 'CDF_UCHAR']
I2_AV_KRU | ISTP.DataType.Invalid:
  satellite: CDF VAR_TYPE = 'metadata' and DataType not one of ['CDF_CHAR', 'CDF_UCHAR']
  station_id: CDF VAR_TYPE = 'metadata' and DataType not one of ['CDF_CHAR', 'CDF_UCHAR']
  power_code: CDF VAR_TYPE = 'metadata' and DataType not one of ['CDF_CHAR', 'CDF_UCHAR']
  s/r_code: CDF VAR_TYPE = 'metadata' and DataType not one of ['CDF_CHAR', 'CDF_UCHAR']
  f_range_code: CDF VAR_TYPE = 'metadata' and DataType not one of ['CDF_CHAR', 'CDF_UCHAR']
  DMODE: CDF VAR_TYPE = 'metadata' and DataType not one of ['CDF_CHAR', 'CDF_UCHAR']
  GMODE: CDF VAR_TYPE = 'metadata' and DataType not one of ['CDF_CHAR', 'CDF_UCHAR']
  mixed_mode: CDF VAR_TYPE = 'metadata' and DataType not one of ['CDF_CHAR', 'CDF_UCHAR']
  AIT_mode: CDF VAR_TYPE = 'metadata' and DataType not one of ['CDF_CHAR', 'CDF_UCHAR']
  fix_freq: CDF VAR_TYPE = 'metadata' and DataType not one of ['CDF_CHAR', 'CDF_UCHAR']
  geo_coord: CDF VAR_TYPE = 'metadata' and DataType not one of ['CDF_CHAR', 'CDF_UCHAR']
  sun: CDF VAR_TYPE = 'metadata' and DataType not one of ['CDF_CHAR', 'CDF_UCHAR']
  CEP: CDF VAR_TYPE = 'metadata' and DataType not one of ['CDF_CHAR', 'CDF_UCHAR']
  VLF: CDF VAR_TYPE = 'metadata' and DataType not one of ['CDF_CHAR', 'CDF_UCHAR']
  RPA: CDF VAR_TYPE = 'metadata' and DataType not one of ['CDF_CHAR', 'CDF_UCHAR']
  IMS: CDF VAR_TYPE = 'metadata' and DataType not one of ['CDF_CHAR', 'CDF_UCHAR']
  SPS: CDF VAR_TYPE = 'metadata' and DataType not one of ['CDF_CHAR', 'CDF_UCHAR']
  EPD: CDF VAR_TYPE = 'metadata' and DataType not one of ['CDF_CHAR', 'CDF_UCHAR']
  RLP: CDF VAR_TYPE = 'metadata' and DataType not one of ['CDF_CHAR', 'CDF_UCHAR']
  ASP: CDF VAR_TYPE = 'metadata' and DataType not one of ['CDF_CHAR', 'CDF_UCHAR']
  swept_start: CDF VAR_TYPE = 'metadata' and DataType not one of ['CDF_CHAR', 'CDF_UCHAR']
I2_AV_KSH | ISTP.DataType.Invalid:
  satellite: CDF VAR_TYPE = 'metadata' and DataType not one of ['CDF_CHAR', 'CDF_UCHAR']
  station_id: CDF VAR_TYPE = 'metadata' and DataType not one of ['CDF_CHAR', 'CDF_UCHAR']
  power_code: CDF VAR_TYPE = 'metadata' and DataType not one of ['CDF_CHAR', 'CDF_UCHAR']
  s/r_code: CDF VAR_TYPE = 'metadata' and DataType not one of ['CDF_CHAR', 'CDF_UCHAR']
  f_range_code: CDF VAR_TYPE = 'metadata' and DataType not one of ['CDF_CHAR', 'CDF_UCHAR']
  DMODE: CDF VAR_TYPE = 'metadata' and DataType not one of ['CDF_CHAR', 'CDF_UCHAR']
  GMODE: CDF VAR_TYPE = 'metadata' and DataType not one of ['CDF_CHAR', 'CDF_UCHAR']
  mixed_mode: CDF VAR_TYPE = 'metadata' and DataType not one of ['CDF_CHAR', 'CDF_UCHAR']
  AIT_mode: CDF VAR_TYPE = 'metadata' and DataType not one of ['CDF_CHAR', 'CDF_UCHAR']
  fix_freq: CDF VAR_TYPE = 'metadata' and DataType not one of ['CDF_CHAR', 'CDF_UCHAR']
  geo_coord: CDF VAR_TYPE = 'metadata' and DataType not one of ['CDF_CHAR', 'CDF_UCHAR']
  sun: CDF VAR_TYPE = 'metadata' and DataType not one of ['CDF_CHAR', 'CDF_UCHAR']
  CEP: CDF VAR_TYPE = 'metadata' and DataType not one of ['CDF_CHAR', 'CDF_UCHAR']
  VLF: CDF VAR_TYPE = 'metadata' and DataType not one of ['CDF_CHAR', 'CDF_UCHAR']
  RPA: CDF VAR_TYPE = 'metadata' and DataType not one of ['CDF_CHAR', 'CDF_UCHAR']
  IMS: CDF VAR_TYPE = 'metadata' and DataType not one of ['CDF_CHAR', 'CDF_UCHAR']
  SPS: CDF VAR_TYPE = 'metadata' and DataType not one of ['CDF_CHAR', 'CDF_UCHAR']
  EPD: CDF VAR_TYPE = 'metadata' and DataType not one of ['CDF_CHAR', 'CDF_UCHAR']
  RLP: CDF VAR_TYPE = 'metadata' and DataType not one of ['CDF_CHAR', 'CDF_UCHAR']
  ASP: CDF VAR_TYPE = 'metadata' and DataType not one of ['CDF_CHAR', 'CDF_UCHAR']
  swept_start: CDF VAR_TYPE = 'metadata' and DataType not one of ['CDF_CHAR', 'CDF_UCHAR']
I2_AV_KWA | ISTP.DataType.Invalid:
  satellite: CDF VAR_TYPE = 'metadata' and DataType not one of ['CDF_CHAR', 'CDF_UCHAR']
  station_id: CDF VAR_TYPE = 'metadata' and DataType not one of ['CDF_CHAR', 'CDF_UCHAR']
  power_code: CDF VAR_TYPE = 'metadata' and DataType not one of ['CDF_CHAR', 'CDF_UCHAR']
  s/r_code: CDF VAR_TYPE = 'metadata' and DataType not one of ['CDF_CHAR', 'CDF_UCHAR']
  f_range_code: CDF VAR_TYPE = 'metadata' and DataType not one of ['CDF_CHAR', 'CDF_UCHAR']
  DMODE: CDF VAR_TYPE = 'metadata' and DataType not one of ['CDF_CHAR', 'CDF_UCHAR']
  GMODE: CDF VAR_TYPE = 'metadata' and DataType not one of ['CDF_CHAR', 'CDF_UCHAR']
  mixed_mode: CDF VAR_TYPE = 'metadata' and DataType not one of ['CDF_CHAR', 'CDF_UCHAR']
  AIT_mode: CDF VAR_TYPE = 'metadata' and DataType not one of ['CDF_CHAR', 'CDF_UCHAR']
  fix_freq: CDF VAR_TYPE = 'metadata' and DataType not one of ['CDF_CHAR', 'CDF_UCHAR']
  sun: CDF VAR_TYPE = 'metadata' and DataType not one of ['CDF_CHAR', 'CDF_UCHAR']
  CEP: CDF VAR_TYPE = 'metadata' and DataType not one of ['CDF_CHAR', 'CDF_UCHAR']
  VLF: CDF VAR_TYPE = 'metadata' and DataType not one of ['CDF_CHAR', 'CDF_UCHAR']
  RPA: CDF VAR_TYPE = 'metadata' and DataType not one of ['CDF_CHAR', 'CDF_UCHAR']
  IMS: CDF VAR_TYPE = 'metadata' and DataType not one of ['CDF_CHAR', 'CDF_UCHAR']
  SPS: CDF VAR_TYPE = 'metadata' and DataType not one of ['CDF_CHAR', 'CDF_UCHAR']
  EPD: CDF VAR_TYPE = 'metadata' and DataType not one of ['CDF_CHAR', 'CDF_UCHAR']
  RLP: CDF VAR_TYPE = 'metadata' and DataType not one of ['CDF_CHAR', 'CDF_UCHAR']
  ASP: CDF VAR_TYPE = 'metadata' and DataType not one of ['CDF_CHAR', 'CDF_UCHAR']
  swept_start: CDF VAR_TYPE = 'metadata' and DataType not one of ['CDF_CHAR', 'CDF_UCHAR']
I2_AV_LAU | ISTP.DataType.Invalid:
  satellite: CDF VAR_TYPE = 'metadata' and DataType not one of ['CDF_CHAR', 'CDF_UCHAR']
  station_id: CDF VAR_TYPE = 'metadata' and DataType not one of ['CDF_CHAR', 'CDF_UCHAR']
  power_code: CDF VAR_TYPE = 'metadata' and DataType not one of ['CDF_CHAR', 'CDF_UCHAR']
  s/r_code: CDF VAR_TYPE = 'metadata' and DataType not one of ['CDF_CHAR', 'CDF_UCHAR']
  f_range_code: CDF VAR_TYPE = 'metadata' and DataType not one of ['CDF_CHAR', 'CDF_UCHAR']
  DMODE: CDF VAR_TYPE = 'metadata' and DataType not one of ['CDF_CHAR', 'CDF_UCHAR']
  GMODE: CDF VAR_TYPE = 'metadata' and DataType not one of ['CDF_CHAR', 'CDF_UCHAR']
  mixed_mode: CDF VAR_TYPE = 'metadata' and DataType not one of ['CDF_CHAR', 'CDF_UCHAR']
  AIT_mode: CDF VAR_TYPE = 'metadata' and DataType not one of ['CDF_CHAR', 'CDF_UCHAR']
  fix_freq: CDF VAR_TYPE = 'metadata' and DataType not one of ['CDF_CHAR', 'CDF_UCHAR']
  geo_coord: CDF VAR_TYPE = 'metadata' and DataType not one of ['CDF_CHAR', 'CDF_UCHAR']
  sun: CDF VAR_TYPE = 'metadata' and DataType not one of ['CDF_CHAR', 'CDF_UCHAR']
  CEP: CDF VAR_TYPE = 'metadata' and DataType not one of ['CDF_CHAR', 'CDF_UCHAR']
  VLF: CDF VAR_TYPE = 'metadata' and DataType not one of ['CDF_CHAR', 'CDF_UCHAR']
  RPA: CDF VAR_TYPE = 'metadata' and DataType not one of ['CDF_CHAR', 'CDF_UCHAR']
  IMS: CDF VAR_TYPE = 'metadata' and DataType not one of ['CDF_CHAR', 'CDF_UCHAR']
  SPS: CDF VAR_TYPE = 'metadata' and DataType not one of ['CDF_CHAR', 'CDF_UCHAR']
  EPD: CDF VAR_TYPE = 'metadata' and DataType not one of ['CDF_CHAR', 'CDF_UCHAR']
  RLP: CDF VAR_TYPE = 'metadata' and DataType not one of ['CDF_CHAR', 'CDF_UCHAR']
  ASP: CDF VAR_TYPE = 'metadata' and DataType not one of ['CDF_CHAR', 'CDF_UCHAR']
  swept_start: CDF VAR_TYPE = 'metadata' and DataType not one of ['CDF_CHAR', 'CDF_UCHAR']
I2_AV_ODG | ISTP.DataType.Invalid:
  satellite: CDF VAR_TYPE = 'metadata' and DataType not one of ['CDF_CHAR', 'CDF_UCHAR']
  station_id: CDF VAR_TYPE = 'metadata' and DataType not one of ['CDF_CHAR', 'CDF_UCHAR']
  power_code: CDF VAR_TYPE = 'metadata' and DataType not one of ['CDF_CHAR', 'CDF_UCHAR']
  s/r_code: CDF VAR_TYPE = 'metadata' and DataType not one of ['CDF_CHAR', 'CDF_UCHAR']
  f_range_code: CDF VAR_TYPE = 'metadata' and DataType not one of ['CDF_CHAR', 'CDF_UCHAR']
  DMODE: CDF VAR_TYPE = 'metadata' and DataType not one of ['CDF_CHAR', 'CDF_UCHAR']
  GMODE: CDF VAR_TYPE = 'metadata' and DataType not one of ['CDF_CHAR', 'CDF_UCHAR']
  mixed_mode: CDF VAR_TYPE = 'metadata' and DataType not one of ['CDF_CHAR', 'CDF_UCHAR']
  AIT_mode: CDF VAR_TYPE = 'metadata' and DataType not one of ['CDF_CHAR', 'CDF_UCHAR']
  fix_freq: CDF VAR_TYPE = 'metadata' and DataType not one of ['CDF_CHAR', 'CDF_UCHAR']
  geo_coord: CDF VAR_TYPE = 'metadata' and DataType not one of ['CDF_CHAR', 'CDF_UCHAR']
  sun: CDF VAR_TYPE = 'metadata' and DataType not one of ['CDF_CHAR', 'CDF_UCHAR']
  CEP: CDF VAR_TYPE = 'metadata' and DataType not one of ['CDF_CHAR', 'CDF_UCHAR']
  VLF: CDF VAR_TYPE = 'metadata' and DataType not one of ['CDF_CHAR', 'CDF_UCHAR']
  RPA: CDF VAR_TYPE = 'metadata' and DataType not one of ['CDF_CHAR', 'CDF_UCHAR']
  IMS: CDF VAR_TYPE = 'metadata' and DataType not one of ['CDF_CHAR', 'CDF_UCHAR']
  SPS: CDF VAR_TYPE = 'metadata' and DataType not one of ['CDF_CHAR', 'CDF_UCHAR']
  EPD: CDF VAR_TYPE = 'metadata' and DataType not one of ['CDF_CHAR', 'CDF_UCHAR']
  RLP: CDF VAR_TYPE = 'metadata' and DataType not one of ['CDF_CHAR', 'CDF_UCHAR']
  ASP: CDF VAR_TYPE = 'metadata' and DataType not one of ['CDF_CHAR', 'CDF_UCHAR']
  swept_start: CDF VAR_TYPE = 'metadata' and DataType not one of ['CDF_CHAR', 'CDF_UCHAR']
I2_AV_ORR | ISTP.DataType.Invalid:
  satellite: CDF VAR_TYPE = 'metadata' and DataType not one of ['CDF_CHAR', 'CDF_UCHAR']
  station_id: CDF VAR_TYPE = 'metadata' and DataType not one of ['CDF_CHAR', 'CDF_UCHAR']
  power_code: CDF VAR_TYPE = 'metadata' and DataType not one of ['CDF_CHAR', 'CDF_UCHAR']
  s/r_code: CDF VAR_TYPE = 'metadata' and DataType not one of ['CDF_CHAR', 'CDF_UCHAR']
  f_range_code: CDF VAR_TYPE = 'metadata' and DataType not one of ['CDF_CHAR', 'CDF_UCHAR']
  DMODE: CDF VAR_TYPE = 'metadata' and DataType not one of ['CDF_CHAR', 'CDF_UCHAR']
  GMODE: CDF VAR_TYPE = 'metadata' and DataType not one of ['CDF_CHAR', 'CDF_UCHAR']
  mixed_mode: CDF VAR_TYPE = 'metadata' and DataType not one of ['CDF_CHAR', 'CDF_UCHAR']
  AIT_mode: CDF VAR_TYPE = 'metadata' and DataType not one of ['CDF_CHAR', 'CDF_UCHAR']
  fix_freq: CDF VAR_TYPE = 'metadata' and DataType not one of ['CDF_CHAR', 'CDF_UCHAR']
  geo_coord: CDF VAR_TYPE = 'metadata' and DataType not one of ['CDF_CHAR', 'CDF_UCHAR']
  sun: CDF VAR_TYPE = 'metadata' and DataType not one of ['CDF_CHAR', 'CDF_UCHAR']
  CEP: CDF VAR_TYPE = 'metadata' and DataType not one of ['CDF_CHAR', 'CDF_UCHAR']
  VLF: CDF VAR_TYPE = 'metadata' and DataType not one of ['CDF_CHAR', 'CDF_UCHAR']
  RPA: CDF VAR_TYPE = 'metadata' and DataType not one of ['CDF_CHAR', 'CDF_UCHAR']
  IMS: CDF VAR_TYPE = 'metadata' and DataType not one of ['CDF_CHAR', 'CDF_UCHAR']
  SPS: CDF VAR_TYPE = 'metadata' and DataType not one of ['CDF_CHAR', 'CDF_UCHAR']
  EPD: CDF VAR_TYPE = 'metadata' and DataType not one of ['CDF_CHAR', 'CDF_UCHAR']
  RLP: CDF VAR_TYPE = 'metadata' and DataType not one of ['CDF_CHAR', 'CDF_UCHAR']
  ASP: CDF VAR_TYPE = 'metadata' and DataType not one of ['CDF_CHAR', 'CDF_UCHAR']
  swept_start: CDF VAR_TYPE = 'metadata' and DataType not one of ['CDF_CHAR', 'CDF_UCHAR']
I2_AV_OTT | ISTP.DataType.Invalid:
  satellite: CDF VAR_TYPE = 'metadata' and DataType not one of ['CDF_CHAR', 'CDF_UCHAR']
  station_id: CDF VAR_TYPE = 'metadata' and DataType not one of ['CDF_CHAR', 'CDF_UCHAR']
  power_code: CDF VAR_TYPE = 'metadata' and DataType not one of ['CDF_CHAR', 'CDF_UCHAR']
  s/r_code: CDF VAR_TYPE = 'metadata' and DataType not one of ['CDF_CHAR', 'CDF_UCHAR']
  f_range_code: CDF VAR_TYPE = 'metadata' and DataType not one of ['CDF_CHAR', 'CDF_UCHAR']
  DMODE: CDF VAR_TYPE = 'metadata' and DataType not one of ['CDF_CHAR', 'CDF_UCHAR']
  GMODE: CDF VAR_TYPE = 'metadata' and DataType not one of ['CDF_CHAR', 'CDF_UCHAR']
  mixed_mode: CDF VAR_TYPE = 'metadata' and DataType not one of ['CDF_CHAR', 'CDF_UCHAR']
  AIT_mode: CDF VAR_TYPE = 'metadata' and DataType not one of ['CDF_CHAR', 'CDF_UCHAR']
  fix_freq: CDF VAR_TYPE = 'metadata' and DataType not one of ['CDF_CHAR', 'CDF_UCHAR']
  geo_coord: CDF VAR_TYPE = 'metadata' and DataType not one of ['CDF_CHAR', 'CDF_UCHAR']
  sun: CDF VAR_TYPE = 'metadata' and DataType not one of ['CDF_CHAR', 'CDF_UCHAR']
  CEP: CDF VAR_TYPE = 'metadata' and DataType not one of ['CDF_CHAR', 'CDF_UCHAR']
  VLF: CDF VAR_TYPE = 'metadata' and DataType not one of ['CDF_CHAR', 'CDF_UCHAR']
  RPA: CDF VAR_TYPE = 'metadata' and DataType not one of ['CDF_CHAR', 'CDF_UCHAR']
  IMS: CDF VAR_TYPE = 'metadata' and DataType not one of ['CDF_CHAR', 'CDF_UCHAR']
  SPS: CDF VAR_TYPE = 'metadata' and DataType not one of ['CDF_CHAR', 'CDF_UCHAR']
  EPD: CDF VAR_TYPE = 'metadata' and DataType not one of ['CDF_CHAR', 'CDF_UCHAR']
  RLP: CDF VAR_TYPE = 'metadata' and DataType not one of ['CDF_CHAR', 'CDF_UCHAR']
  ASP: CDF VAR_TYPE = 'metadata' and DataType not one of ['CDF_CHAR', 'CDF_UCHAR']
  swept_start: CDF VAR_TYPE = 'metadata' and DataType not one of ['CDF_CHAR', 'CDF_UCHAR']
I2_AV_QUI | ISTP.DataType.Invalid:
  satellite: CDF VAR_TYPE = 'metadata' and DataType not one of ['CDF_CHAR', 'CDF_UCHAR']
  station_id: CDF VAR_TYPE = 'metadata' and DataType not one of ['CDF_CHAR', 'CDF_UCHAR']
  power_code: CDF VAR_TYPE = 'metadata' and DataType not one of ['CDF_CHAR', 'CDF_UCHAR']
  s/r_code: CDF VAR_TYPE = 'metadata' and DataType not one of ['CDF_CHAR', 'CDF_UCHAR']
  f_range_code: CDF VAR_TYPE = 'metadata' and DataType not one of ['CDF_CHAR', 'CDF_UCHAR']
  DMODE: CDF VAR_TYPE = 'metadata' and DataType not one of ['CDF_CHAR', 'CDF_UCHAR']
  GMODE: CDF VAR_TYPE = 'metadata' and DataType not one of ['CDF_CHAR', 'CDF_UCHAR']
  mixed_mode: CDF VAR_TYPE = 'metadata' and DataType not one of ['CDF_CHAR', 'CDF_UCHAR']
  AIT_mode: CDF VAR_TYPE = 'metadata' and DataType not one of ['CDF_CHAR', 'CDF_UCHAR']
  fix_freq: CDF VAR_TYPE = 'metadata' and DataType not one of ['CDF_CHAR', 'CDF_UCHAR']
  geo_coord: CDF VAR_TYPE = 'metadata' and DataType not one of ['CDF_CHAR', 'CDF_UCHAR']
  sun: CDF VAR_TYPE = 'metadata' and DataType not one of ['CDF_CHAR', 'CDF_UCHAR']
  CEP: CDF VAR_TYPE = 'metadata' and DataType not one of ['CDF_CHAR', 'CDF_UCHAR']
  VLF: CDF VAR_TYPE = 'metadata' and DataType not one of ['CDF_CHAR', 'CDF_UCHAR']
  RPA: CDF VAR_TYPE = 'metadata' and DataType not one of ['CDF_CHAR', 'CDF_UCHAR']
  IMS: CDF VAR_TYPE = 'metadata' and DataType not one of ['CDF_CHAR', 'CDF_UCHAR']
  SPS: CDF VAR_TYPE = 'metadata' and DataType not one of ['CDF_CHAR', 'CDF_UCHAR']
  EPD: CDF VAR_TYPE = 'metadata' and DataType not one of ['CDF_CHAR', 'CDF_UCHAR']
  RLP: CDF VAR_TYPE = 'metadata' and DataType not one of ['CDF_CHAR', 'CDF_UCHAR']
  ASP: CDF VAR_TYPE = 'metadata' and DataType not one of ['CDF_CHAR', 'CDF_UCHAR']
  swept_start: CDF VAR_TYPE = 'metadata' and DataType not one of ['CDF_CHAR', 'CDF_UCHAR']
I2_AV_RES | ISTP.DataType.Invalid:
  satellite: CDF VAR_TYPE = 'metadata' and DataType not one of ['CDF_CHAR', 'CDF_UCHAR']
  station_id: CDF VAR_TYPE = 'metadata' and DataType not one of ['CDF_CHAR', 'CDF_UCHAR']
  power_code: CDF VAR_TYPE = 'metadata' and DataType not one of ['CDF_CHAR', 'CDF_UCHAR']
  s/r_code: CDF VAR_TYPE = 'metadata' and DataType not one of ['CDF_CHAR', 'CDF_UCHAR']
  f_range_code: CDF VAR_TYPE = 'metadata' and DataType not one of ['CDF_CHAR', 'CDF_UCHAR']
  DMODE: CDF VAR_TYPE = 'metadata' and DataType not one of ['CDF_CHAR', 'CDF_UCHAR']
  GMODE: CDF VAR_TYPE = 'metadata' and DataType not one of ['CDF_CHAR', 'CDF_UCHAR']
  mixed_mode: CDF VAR_TYPE = 'metadata' and DataType not one of ['CDF_CHAR', 'CDF_UCHAR']
  AIT_mode: CDF VAR_TYPE = 'metadata' and DataType not one of ['CDF_CHAR', 'CDF_UCHAR']
  fix_freq: CDF VAR_TYPE = 'metadata' and DataType not one of ['CDF_CHAR', 'CDF_UCHAR']
  geo_coord: CDF VAR_TYPE = 'metadata' and DataType not one of ['CDF_CHAR', 'CDF_UCHAR']
  sun: CDF VAR_TYPE = 'metadata' and DataType not one of ['CDF_CHAR', 'CDF_UCHAR']
  CEP: CDF VAR_TYPE = 'metadata' and DataType not one of ['CDF_CHAR', 'CDF_UCHAR']
  VLF: CDF VAR_TYPE = 'metadata' and DataType not one of ['CDF_CHAR', 'CDF_UCHAR']
  RPA: CDF VAR_TYPE = 'metadata' and DataType not one of ['CDF_CHAR', 'CDF_UCHAR']
  IMS: CDF VAR_TYPE = 'metadata' and DataType not one of ['CDF_CHAR', 'CDF_UCHAR']
  SPS: CDF VAR_TYPE = 'metadata' and DataType not one of ['CDF_CHAR', 'CDF_UCHAR']
  EPD: CDF VAR_TYPE = 'metadata' and DataType not one of ['CDF_CHAR', 'CDF_UCHAR']
  RLP: CDF VAR_TYPE = 'metadata' and DataType not one of ['CDF_CHAR', 'CDF_UCHAR']
  ASP: CDF VAR_TYPE = 'metadata' and DataType not one of ['CDF_CHAR', 'CDF_UCHAR']
  swept_start: CDF VAR_TYPE = 'metadata' and DataType not one of ['CDF_CHAR', 'CDF_UCHAR']
I2_AV_SNT | ISTP.DataType.Invalid:
  satellite: CDF VAR_TYPE = 'metadata' and DataType not one of ['CDF_CHAR', 'CDF_UCHAR']
  station_id: CDF VAR_TYPE = 'metadata' and DataType not one of ['CDF_CHAR', 'CDF_UCHAR']
  power_code: CDF VAR_TYPE = 'metadata' and DataType not one of ['CDF_CHAR', 'CDF_UCHAR']
  s/r_code: CDF VAR_TYPE = 'metadata' and DataType not one of ['CDF_CHAR', 'CDF_UCHAR']
  f_range_code: CDF VAR_TYPE = 'metadata' and DataType not one of ['CDF_CHAR', 'CDF_UCHAR']
  DMODE: CDF VAR_TYPE = 'metadata' and DataType not one of ['CDF_CHAR', 'CDF_UCHAR']
  GMODE: CDF VAR_TYPE = 'metadata' and DataType not one of ['CDF_CHAR', 'CDF_UCHAR']
  mixed_mode: CDF VAR_TYPE = 'metadata' and DataType not one of ['CDF_CHAR', 'CDF_UCHAR']
  AIT_mode: CDF VAR_TYPE = 'metadata' and DataType not one of ['CDF_CHAR', 'CDF_UCHAR']
  fix_freq: CDF VAR_TYPE = 'metadata' and DataType not one of ['CDF_CHAR', 'CDF_UCHAR']
  sun: CDF VAR_TYPE = 'metadata' and DataType not one of ['CDF_CHAR', 'CDF_UCHAR']
  CEP: CDF VAR_TYPE = 'metadata' and DataType not one of ['CDF_CHAR', 'CDF_UCHAR']
  VLF: CDF VAR_TYPE = 'metadata' and DataType not one of ['CDF_CHAR', 'CDF_UCHAR']
  RPA: CDF VAR_TYPE = 'metadata' and DataType not one of ['CDF_CHAR', 'CDF_UCHAR']
  IMS: CDF VAR_TYPE = 'metadata' and DataType not one of ['CDF_CHAR', 'CDF_UCHAR']
  SPS: CDF VAR_TYPE = 'metadata' and DataType not one of ['CDF_CHAR', 'CDF_UCHAR']
  EPD: CDF VAR_TYPE = 'metadata' and DataType not one of ['CDF_CHAR', 'CDF_UCHAR']
  RLP: CDF VAR_TYPE = 'metadata' and DataType not one of ['CDF_CHAR', 'CDF_UCHAR']
  ASP: CDF VAR_TYPE = 'metadata' and DataType not one of ['CDF_CHAR', 'CDF_UCHAR']
  swept_start: CDF VAR_TYPE = 'metadata' and DataType not one of ['CDF_CHAR', 'CDF_UCHAR']
I2_AV_SOD | ISTP.DataType.Invalid:
  satellite: CDF VAR_TYPE = 'metadata' and DataType not one of ['CDF_CHAR', 'CDF_UCHAR']
  station_id: CDF VAR_TYPE = 'metadata' and DataType not one of ['CDF_CHAR', 'CDF_UCHAR']
  power_code: CDF VAR_TYPE = 'metadata' and DataType not one of ['CDF_CHAR', 'CDF_UCHAR']
  s/r_code: CDF VAR_TYPE = 'metadata' and DataType not one of ['CDF_CHAR', 'CDF_UCHAR']
  f_range_code: CDF VAR_TYPE = 'metadata' and DataType not one of ['CDF_CHAR', 'CDF_UCHAR']
  DMODE: CDF VAR_TYPE = 'metadata' and DataType not one of ['CDF_CHAR', 'CDF_UCHAR']
  GMODE: CDF VAR_TYPE = 'metadata' and DataType not one of ['CDF_CHAR', 'CDF_UCHAR']
  mixed_mode: CDF VAR_TYPE = 'metadata' and DataType not one of ['CDF_CHAR', 'CDF_UCHAR']
  AIT_mode: CDF VAR_TYPE = 'metadata' and DataType not one of ['CDF_CHAR', 'CDF_UCHAR']
  fix_freq: CDF VAR_TYPE = 'metadata' and DataType not one of ['CDF_CHAR', 'CDF_UCHAR']
  sun: CDF VAR_TYPE = 'metadata' and DataType not one of ['CDF_CHAR', 'CDF_UCHAR']
  CEP: CDF VAR_TYPE = 'metadata' and DataType not one of ['CDF_CHAR', 'CDF_UCHAR']
  VLF: CDF VAR_TYPE = 'metadata' and DataType not one of ['CDF_CHAR', 'CDF_UCHAR']
  RPA: CDF VAR_TYPE = 'metadata' and DataType not one of ['CDF_CHAR', 'CDF_UCHAR']
  IMS: CDF VAR_TYPE = 'metadata' and DataType not one of ['CDF_CHAR', 'CDF_UCHAR']
  SPS: CDF VAR_TYPE = 'metadata' and DataType not one of ['CDF_CHAR', 'CDF_UCHAR']
  EPD: CDF VAR_TYPE = 'metadata' and DataType not one of ['CDF_CHAR', 'CDF_UCHAR']
  RLP: CDF VAR_TYPE = 'metadata' and DataType not one of ['CDF_CHAR', 'CDF_UCHAR']
  ASP: CDF VAR_TYPE = 'metadata' and DataType not one of ['CDF_CHAR', 'CDF_UCHAR']
  swept_start: CDF VAR_TYPE = 'metadata' and DataType not one of ['CDF_CHAR', 'CDF_UCHAR']
I2_AV_SOL | ISTP.DataType.Invalid:
  satellite: CDF VAR_TYPE = 'metadata' and DataType not one of ['CDF_CHAR', 'CDF_UCHAR']
  station_id: CDF VAR_TYPE = 'metadata' and DataType not one of ['CDF_CHAR', 'CDF_UCHAR']
  power_code: CDF VAR_TYPE = 'metadata' and DataType not one of ['CDF_CHAR', 'CDF_UCHAR']
  s/r_code: CDF VAR_TYPE = 'metadata' and DataType not one of ['CDF_CHAR', 'CDF_UCHAR']
  f_range_code: CDF VAR_TYPE = 'metadata' and DataType not one of ['CDF_CHAR', 'CDF_UCHAR']
  DMODE: CDF VAR_TYPE = 'metadata' and DataType not one of ['CDF_CHAR', 'CDF_UCHAR']
  GMODE: CDF VAR_TYPE = 'metadata' and DataType not one of ['CDF_CHAR', 'CDF_UCHAR']
  mixed_mode: CDF VAR_TYPE = 'metadata' and DataType not one of ['CDF_CHAR', 'CDF_UCHAR']
  AIT_mode: CDF VAR_TYPE = 'metadata' and DataType not one of ['CDF_CHAR', 'CDF_UCHAR']
  fix_freq: CDF VAR_TYPE = 'metadata' and DataType not one of ['CDF_CHAR', 'CDF_UCHAR']
  sun: CDF VAR_TYPE = 'metadata' and DataType not one of ['CDF_CHAR', 'CDF_UCHAR']
  CEP: CDF VAR_TYPE = 'metadata' and DataType not one of ['CDF_CHAR', 'CDF_UCHAR']
  VLF: CDF VAR_TYPE = 'metadata' and DataType not one of ['CDF_CHAR', 'CDF_UCHAR']
  RPA: CDF VAR_TYPE = 'metadata' and DataType not one of ['CDF_CHAR', 'CDF_UCHAR']
  IMS: CDF VAR_TYPE = 'metadata' and DataType not one of ['CDF_CHAR', 'CDF_UCHAR']
  SPS: CDF VAR_TYPE = 'metadata' and DataType not one of ['CDF_CHAR', 'CDF_UCHAR']
  EPD: CDF VAR_TYPE = 'metadata' and DataType not one of ['CDF_CHAR', 'CDF_UCHAR']
  RLP: CDF VAR_TYPE = 'metadata' and DataType not one of ['CDF_CHAR', 'CDF_UCHAR']
  ASP: CDF VAR_TYPE = 'metadata' and DataType not one of ['CDF_CHAR', 'CDF_UCHAR']
  swept_start: CDF VAR_TYPE = 'metadata' and DataType not one of ['CDF_CHAR', 'CDF_UCHAR']
I2_AV_SYO | ISTP.DataType.Invalid:
  satellite: CDF VAR_TYPE = 'metadata' and DataType not one of ['CDF_CHAR', 'CDF_UCHAR']
  station_id: CDF VAR_TYPE = 'metadata' and DataType not one of ['CDF_CHAR', 'CDF_UCHAR']
  power_code: CDF VAR_TYPE = 'metadata' and DataType not one of ['CDF_CHAR', 'CDF_UCHAR']
  s/r_code: CDF VAR_TYPE = 'metadata' and DataType not one of ['CDF_CHAR', 'CDF_UCHAR']
  f_range_code: CDF VAR_TYPE = 'metadata' and DataType not one of ['CDF_CHAR', 'CDF_UCHAR']
  DMODE: CDF VAR_TYPE = 'metadata' and DataType not one of ['CDF_CHAR', 'CDF_UCHAR']
  GMODE: CDF VAR_TYPE = 'metadata' and DataType not one of ['CDF_CHAR', 'CDF_UCHAR']
  mixed_mode: CDF VAR_TYPE = 'metadata' and DataType not one of ['CDF_CHAR', 'CDF_UCHAR']
  AIT_mode: CDF VAR_TYPE = 'metadata' and DataType not one of ['CDF_CHAR', 'CDF_UCHAR']
  fix_freq: CDF VAR_TYPE = 'metadata' and DataType not one of ['CDF_CHAR', 'CDF_UCHAR']
  geo_coord: CDF VAR_TYPE = 'metadata' and DataType not one of ['CDF_CHAR', 'CDF_UCHAR']
  sun: CDF VAR_TYPE = 'metadata' and DataType not one of ['CDF_CHAR', 'CDF_UCHAR']
  CEP: CDF VAR_TYPE = 'metadata' and DataType not one of ['CDF_CHAR', 'CDF_UCHAR']
  VLF: CDF VAR_TYPE = 'metadata' and DataType not one of ['CDF_CHAR', 'CDF_UCHAR']
  RPA: CDF VAR_TYPE = 'metadata' and DataType not one of ['CDF_CHAR', 'CDF_UCHAR']
  IMS: CDF VAR_TYPE = 'metadata' and DataType not one of ['CDF_CHAR', 'CDF_UCHAR']
  SPS: CDF VAR_TYPE = 'metadata' and DataType not one of ['CDF_CHAR', 'CDF_UCHAR']
  EPD: CDF VAR_TYPE = 'metadata' and DataType not one of ['CDF_CHAR', 'CDF_UCHAR']
  RLP: CDF VAR_TYPE = 'metadata' and DataType not one of ['CDF_CHAR', 'CDF_UCHAR']
  ASP: CDF VAR_TYPE = 'metadata' and DataType not one of ['CDF_CHAR', 'CDF_UCHAR']
  swept_start: CDF VAR_TYPE = 'metadata' and DataType not one of ['CDF_CHAR', 'CDF_UCHAR']
I2_AV_TRO | ISTP.DataType.Invalid:
  satellite: CDF VAR_TYPE = 'metadata' and DataType not one of ['CDF_CHAR', 'CDF_UCHAR']
  station_id: CDF VAR_TYPE = 'metadata' and DataType not one of ['CDF_CHAR', 'CDF_UCHAR']
  power_code: CDF VAR_TYPE = 'metadata' and DataType not one of ['CDF_CHAR', 'CDF_UCHAR']
  s/r_code: CDF VAR_TYPE = 'metadata' and DataType not one of ['CDF_CHAR', 'CDF_UCHAR']
  f_range_code: CDF VAR_TYPE = 'metadata' and DataType not one of ['CDF_CHAR', 'CDF_UCHAR']
  DMODE: CDF VAR_TYPE = 'metadata' and DataType not one of ['CDF_CHAR', 'CDF_UCHAR']
  GMODE: CDF VAR_TYPE = 'metadata' and DataType not one of ['CDF_CHAR', 'CDF_UCHAR']
  mixed_mode: CDF VAR_TYPE = 'metadata' and DataType not one of ['CDF_CHAR', 'CDF_UCHAR']
  AIT_mode: CDF VAR_TYPE = 'metadata' and DataType not one of ['CDF_CHAR', 'CDF_UCHAR']
  fix_freq: CDF VAR_TYPE = 'metadata' and DataType not one of ['CDF_CHAR', 'CDF_UCHAR']
  sun: CDF VAR_TYPE = 'metadata' and DataType not one of ['CDF_CHAR', 'CDF_UCHAR']
  CEP: CDF VAR_TYPE = 'metadata' and DataType not one of ['CDF_CHAR', 'CDF_UCHAR']
  VLF: CDF VAR_TYPE = 'metadata' and DataType not one of ['CDF_CHAR', 'CDF_UCHAR']
  RPA: CDF VAR_TYPE = 'metadata' and DataType not one of ['CDF_CHAR', 'CDF_UCHAR']
  IMS: CDF VAR_TYPE = 'metadata' and DataType not one of ['CDF_CHAR', 'CDF_UCHAR']
  SPS: CDF VAR_TYPE = 'metadata' and DataType not one of ['CDF_CHAR', 'CDF_UCHAR']
  EPD: CDF VAR_TYPE = 'metadata' and DataType not one of ['CDF_CHAR', 'CDF_UCHAR']
  RLP: CDF VAR_TYPE = 'metadata' and DataType not one of ['CDF_CHAR', 'CDF_UCHAR']
  ASP: CDF VAR_TYPE = 'metadata' and DataType not one of ['CDF_CHAR', 'CDF_UCHAR']
  swept_start: CDF VAR_TYPE = 'metadata' and DataType not one of ['CDF_CHAR', 'CDF_UCHAR']
I2_AV_ULA | ISTP.DataType.Invalid:
  satellite: CDF VAR_TYPE = 'metadata' and DataType not one of ['CDF_CHAR', 'CDF_UCHAR']
  station_id: CDF VAR_TYPE = 'metadata' and DataType not one of ['CDF_CHAR', 'CDF_UCHAR']
  power_code: CDF VAR_TYPE = 'metadata' and DataType not one of ['CDF_CHAR', 'CDF_UCHAR']
  s/r_code: CDF VAR_TYPE = 'metadata' and DataType not one of ['CDF_CHAR', 'CDF_UCHAR']
  f_range_code: CDF VAR_TYPE = 'metadata' and DataType not one of ['CDF_CHAR', 'CDF_UCHAR']
  DMODE: CDF VAR_TYPE = 'metadata' and DataType not one of ['CDF_CHAR', 'CDF_UCHAR']
  GMODE: CDF VAR_TYPE = 'metadata' and DataType not one of ['CDF_CHAR', 'CDF_UCHAR']
  mixed_mode: CDF VAR_TYPE = 'metadata' and DataType not one of ['CDF_CHAR', 'CDF_UCHAR']
  AIT_mode: CDF VAR_TYPE = 'metadata' and DataType not one of ['CDF_CHAR', 'CDF_UCHAR']
  fix_freq: CDF VAR_TYPE = 'metadata' and DataType not one of ['CDF_CHAR', 'CDF_UCHAR']
  sun: CDF VAR_TYPE = 'metadata' and DataType not one of ['CDF_CHAR', 'CDF_UCHAR']
  CEP: CDF VAR_TYPE = 'metadata' and DataType not one of ['CDF_CHAR', 'CDF_UCHAR']
  VLF: CDF VAR_TYPE = 'metadata' and DataType not one of ['CDF_CHAR', 'CDF_UCHAR']
  RPA: CDF VAR_TYPE = 'metadata' and DataType not one of ['CDF_CHAR', 'CDF_UCHAR']
  IMS: CDF VAR_TYPE = 'metadata' and DataType not one of ['CDF_CHAR', 'CDF_UCHAR']
  SPS: CDF VAR_TYPE = 'metadata' and DataType not one of ['CDF_CHAR', 'CDF_UCHAR']
  EPD: CDF VAR_TYPE = 'metadata' and DataType not one of ['CDF_CHAR', 'CDF_UCHAR']
  RLP: CDF VAR_TYPE = 'metadata' and DataType not one of ['CDF_CHAR', 'CDF_UCHAR']
  ASP: CDF VAR_TYPE = 'metadata' and DataType not one of ['CDF_CHAR', 'CDF_UCHAR']
  swept_start: CDF VAR_TYPE = 'metadata' and DataType not one of ['CDF_CHAR', 'CDF_UCHAR']
I2_AV_WNK | ISTP.DataType.Invalid:
  satellite: CDF VAR_TYPE = 'metadata' and DataType not one of ['CDF_CHAR', 'CDF_UCHAR']
  station_id: CDF VAR_TYPE = 'metadata' and DataType not one of ['CDF_CHAR', 'CDF_UCHAR']
  power_code: CDF VAR_TYPE = 'metadata' and DataType not one of ['CDF_CHAR', 'CDF_UCHAR']
  s/r_code: CDF VAR_TYPE = 'metadata' and DataType not one of ['CDF_CHAR', 'CDF_UCHAR']
  f_range_code: CDF VAR_TYPE = 'metadata' and DataType not one of ['CDF_CHAR', 'CDF_UCHAR']
  DMODE: CDF VAR_TYPE = 'metadata' and DataType not one of ['CDF_CHAR', 'CDF_UCHAR']
  GMODE: CDF VAR_TYPE = 'metadata' and DataType not one of ['CDF_CHAR', 'CDF_UCHAR']
  mixed_mode: CDF VAR_TYPE = 'metadata' and DataType not one of ['CDF_CHAR', 'CDF_UCHAR']
  AIT_mode: CDF VAR_TYPE = 'metadata' and DataType not one of ['CDF_CHAR', 'CDF_UCHAR']
  fix_freq: CDF VAR_TYPE = 'metadata' and DataType not one of ['CDF_CHAR', 'CDF_UCHAR']
  sun: CDF VAR_TYPE = 'metadata' and DataType not one of ['CDF_CHAR', 'CDF_UCHAR']
  CEP: CDF VAR_TYPE = 'metadata' and DataType not one of ['CDF_CHAR', 'CDF_UCHAR']
  VLF: CDF VAR_TYPE = 'metadata' and DataType not one of ['CDF_CHAR', 'CDF_UCHAR']
  RPA: CDF VAR_TYPE = 'metadata' and DataType not one of ['CDF_CHAR', 'CDF_UCHAR']
  IMS: CDF VAR_TYPE = 'metadata' and DataType not one of ['CDF_CHAR', 'CDF_UCHAR']
  SPS: CDF VAR_TYPE = 'metadata' and DataType not one of ['CDF_CHAR', 'CDF_UCHAR']
  EPD: CDF VAR_TYPE = 'metadata' and DataType not one of ['CDF_CHAR', 'CDF_UCHAR']
  RLP: CDF VAR_TYPE = 'metadata' and DataType not one of ['CDF_CHAR', 'CDF_UCHAR']
  ASP: CDF VAR_TYPE = 'metadata' and DataType not one of ['CDF_CHAR', 'CDF_UCHAR']
  swept_start: CDF VAR_TYPE = 'metadata' and DataType not one of ['CDF_CHAR', 'CDF_UCHAR']
ICON_L2-1_MIGHTI-A_LOS-WIND-GREEN | ISTP.DataType.Invalid:
  time_base: CDF VAR_TYPE = 'metadata' and DataType not one of ['CDF_CHAR', 'CDF_UCHAR']
  ICON_L21_Attitude_Conjugate_Maneuver: CDF VAR_TYPE = 'metadata' and DataType not one of ['CDF_CHAR', 'CDF_UCHAR']
  ICON_L21_Attitude_Zero_Wind_Maneuver: CDF VAR_TYPE = 'metadata' and DataType not one of ['CDF_CHAR', 'CDF_UCHAR']
  ICON_L21_Attitude_LVLH_Normal: CDF VAR_TYPE = 'metadata' and DataType not one of ['CDF_CHAR', 'CDF_UCHAR']
  ICON_L21_Attitude_LVLH_Reverse: CDF VAR_TYPE = 'metadata' and DataType not one of ['CDF_CHAR', 'CDF_UCHAR']
  ICON_L21_Attitude_Limb_Pointing: CDF VAR_TYPE = 'metadata' and DataType not one of ['CDF_CHAR', 'CDF_UCHAR']
  ICON_L21_Bin_Size: CDF VAR_TYPE = 'metadata' and DataType not one of ['CDF_CHAR', 'CDF_UCHAR']
  ICON_L21_Chi2: CDF VAR_TYPE = 'metadata' and DataType not one of ['CDF_CHAR', 'CDF_UCHAR']
  ICON_L21_Exposure_Time: CDF VAR_TYPE = 'metadata' and DataType not one of ['CDF_CHAR', 'CDF_UCHAR']
  ICON_L21_Integration_Order: CDF VAR_TYPE = 'metadata' and DataType not one of ['CDF_CHAR', 'CDF_UCHAR']
  ICON_L21_Line_of_Sight_Vector: CDF VAR_TYPE = 'metadata' and DataType not one of ['CDF_CHAR', 'CDF_UCHAR']
  ICON_L21_Observatory_Altitude: CDF VAR_TYPE = 'metadata' and DataType not one of ['CDF_CHAR', 'CDF_UCHAR']
  ICON_L21_Observatory_Latitude: CDF VAR_TYPE = 'metadata' and DataType not one of ['CDF_CHAR', 'CDF_UCHAR']
  ICON_L21_Observatory_Longitude: CDF VAR_TYPE = 'metadata' and DataType not one of ['CDF_CHAR', 'CDF_UCHAR']
  ICON_L21_Observatory_Velocity_Vector: CDF VAR_TYPE = 'metadata' and DataType not one of ['CDF_CHAR', 'CDF_UCHAR']
  ICON_L21_Orbit_Node: CDF VAR_TYPE = 'metadata' and DataType not one of ['CDF_CHAR', 'CDF_UCHAR']
  ICON_L21_Orbit_Number: CDF VAR_TYPE = 'metadata' and DataType not one of ['CDF_CHAR', 'CDF_UCHAR']
  ICON_L21_Quality_Flags: CDF VAR_TYPE = 'metadata' and DataType not one of ['CDF_CHAR', 'CDF_UCHAR']
  ICON_L21_Zero_Wind_Phase: CDF VAR_TYPE = 'metadata' and DataType not one of ['CDF_CHAR', 'CDF_UCHAR']
ICON_L2-1_MIGHTI-A_LOS-WIND-RED | ISTP.DataType.Invalid:
  time_base: CDF VAR_TYPE = 'metadata' and DataType not one of ['CDF_CHAR', 'CDF_UCHAR']
  ICON_L21_Attitude_Conjugate_Maneuver: CDF VAR_TYPE = 'metadata' and DataType not one of ['CDF_CHAR', 'CDF_UCHAR']
  ICON_L21_Attitude_LVLH_Normal: CDF VAR_TYPE = 'metadata' and DataType not one of ['CDF_CHAR', 'CDF_UCHAR']
  ICON_L21_Attitude_LVLH_Reverse: CDF VAR_TYPE = 'metadata' and DataType not one of ['CDF_CHAR', 'CDF_UCHAR']
  ICON_L21_Attitude_Limb_Pointing: CDF VAR_TYPE = 'metadata' and DataType not one of ['CDF_CHAR', 'CDF_UCHAR']
  ICON_L21_Bin_Size: CDF VAR_TYPE = 'metadata' and DataType not one of ['CDF_CHAR', 'CDF_UCHAR']
  ICON_L21_Chi2: CDF VAR_TYPE = 'metadata' and DataType not one of ['CDF_CHAR', 'CDF_UCHAR']
  ICON_L21_Exposure_Time: CDF VAR_TYPE = 'metadata' and DataType not one of ['CDF_CHAR', 'CDF_UCHAR']
  ICON_L21_Integration_Order: CDF VAR_TYPE = 'metadata' and DataType not one of ['CDF_CHAR', 'CDF_UCHAR']
  ICON_L21_Line_of_Sight_Vector: CDF VAR_TYPE = 'metadata' and DataType not one of ['CDF_CHAR', 'CDF_UCHAR']
  ICON_L21_Observatory_Altitude: CDF VAR_TYPE = 'metadata' and DataType not one of ['CDF_CHAR', 'CDF_UCHAR']
  ICON_L21_Observatory_Latitude: CDF VAR_TYPE = 'metadata' and DataType not one of ['CDF_CHAR', 'CDF_UCHAR']
  ICON_L21_Observatory_Longitude: CDF VAR_TYPE = 'metadata' and DataType not one of ['CDF_CHAR', 'CDF_UCHAR']
  ICON_L21_Observatory_Velocity_Vector: CDF VAR_TYPE = 'metadata' and DataType not one of ['CDF_CHAR', 'CDF_UCHAR']
  ICON_L21_Orbit_Node: CDF VAR_TYPE = 'metadata' and DataType not one of ['CDF_CHAR', 'CDF_UCHAR']
  ICON_L21_Orbit_Number: CDF VAR_TYPE = 'metadata' and DataType not one of ['CDF_CHAR', 'CDF_UCHAR']
  ICON_L21_Quality_Flags: CDF VAR_TYPE = 'metadata' and DataType not one of ['CDF_CHAR', 'CDF_UCHAR']
  ICON_L21_Zero_Wind_Phase: CDF VAR_TYPE = 'metadata' and DataType not one of ['CDF_CHAR', 'CDF_UCHAR']
ICON_L2-1_MIGHTI-B_LOS-WIND-GREEN | ISTP.DataType.Invalid:
  time_base: CDF VAR_TYPE = 'metadata' and DataType not one of ['CDF_CHAR', 'CDF_UCHAR']
  ICON_L21_Attitude_Conjugate_Maneuver: CDF VAR_TYPE = 'metadata' and DataType not one of ['CDF_CHAR', 'CDF_UCHAR']
  ICON_L21_Attitude_LVLH_Normal: CDF VAR_TYPE = 'metadata' and DataType not one of ['CDF_CHAR', 'CDF_UCHAR']
  ICON_L21_Attitude_LVLH_Reverse: CDF VAR_TYPE = 'metadata' and DataType not one of ['CDF_CHAR', 'CDF_UCHAR']
  ICON_L21_Attitude_Limb_Pointing: CDF VAR_TYPE = 'metadata' and DataType not one of ['CDF_CHAR', 'CDF_UCHAR']
  ICON_L21_Attitude_Zero_Wind_Maneuver: CDF VAR_TYPE = 'metadata' and DataType not one of ['CDF_CHAR', 'CDF_UCHAR']
  ICON_L21_Bin_Size: CDF VAR_TYPE = 'metadata' and DataType not one of ['CDF_CHAR', 'CDF_UCHAR']
  ICON_L21_Chi2: CDF VAR_TYPE = 'metadata' and DataType not one of ['CDF_CHAR', 'CDF_UCHAR']
  ICON_L21_Exposure_Time: CDF VAR_TYPE = 'metadata' and DataType not one of ['CDF_CHAR', 'CDF_UCHAR']
  ICON_L21_Integration_Order: CDF VAR_TYPE = 'metadata' and DataType not one of ['CDF_CHAR', 'CDF_UCHAR']
  ICON_L21_Line_of_Sight_Vector: CDF VAR_TYPE = 'metadata' and DataType not one of ['CDF_CHAR', 'CDF_UCHAR']
  ICON_L21_Observatory_Altitude: CDF VAR_TYPE = 'metadata' and DataType not one of ['CDF_CHAR', 'CDF_UCHAR']
  ICON_L21_Observatory_Latitude: CDF VAR_TYPE = 'metadata' and DataType not one of ['CDF_CHAR', 'CDF_UCHAR']
  ICON_L21_Observatory_Longitude: CDF VAR_TYPE = 'metadata' and DataType not one of ['CDF_CHAR', 'CDF_UCHAR']
  ICON_L21_Observatory_Velocity_Vector: CDF VAR_TYPE = 'metadata' and DataType not one of ['CDF_CHAR', 'CDF_UCHAR']
  ICON_L21_Orbit_Node: CDF VAR_TYPE = 'metadata' and DataType not one of ['CDF_CHAR', 'CDF_UCHAR']
  ICON_L21_Orbit_Number: CDF VAR_TYPE = 'metadata' and DataType not one of ['CDF_CHAR', 'CDF_UCHAR']
  ICON_L21_Quality_Flags: CDF VAR_TYPE = 'metadata' and DataType not one of ['CDF_CHAR', 'CDF_UCHAR']
  ICON_L21_Zero_Wind_Phase: CDF VAR_TYPE = 'metadata' and DataType not one of ['CDF_CHAR', 'CDF_UCHAR']
ICON_L2-1_MIGHTI-B_LOS-WIND-RED | ISTP.DataType.Invalid:
  time_base: CDF VAR_TYPE = 'metadata' and DataType not one of ['CDF_CHAR', 'CDF_UCHAR']
  ICON_L21_Attitude_Conjugate_Maneuver: CDF VAR_TYPE = 'metadata' and DataType not one of ['CDF_CHAR', 'CDF_UCHAR']
  ICON_L21_Attitude_LVLH_Normal: CDF VAR_TYPE = 'metadata' and DataType not one of ['CDF_CHAR', 'CDF_UCHAR']
  ICON_L21_Attitude_LVLH_Reverse: CDF VAR_TYPE = 'metadata' and DataType not one of ['CDF_CHAR', 'CDF_UCHAR']
  ICON_L21_Attitude_Limb_Pointing: CDF VAR_TYPE = 'metadata' and DataType not one of ['CDF_CHAR', 'CDF_UCHAR']
  ICON_L21_Attitude_Zero_Wind_Maneuver: CDF VAR_TYPE = 'metadata' and DataType not one of ['CDF_CHAR', 'CDF_UCHAR']
  ICON_L21_Bin_Size: CDF VAR_TYPE = 'metadata' and DataType not one of ['CDF_CHAR', 'CDF_UCHAR']
  ICON_L21_Chi2: CDF VAR_TYPE = 'metadata' and DataType not one of ['CDF_CHAR', 'CDF_UCHAR']
  ICON_L21_Exposure_Time: CDF VAR_TYPE = 'metadata' and DataType not one of ['CDF_CHAR', 'CDF_UCHAR']
  ICON_L21_Integration_Order: CDF VAR_TYPE = 'metadata' and DataType not one of ['CDF_CHAR', 'CDF_UCHAR']
  ICON_L21_Line_of_Sight_Vector: CDF VAR_TYPE = 'metadata' and DataType not one of ['CDF_CHAR', 'CDF_UCHAR']
  ICON_L21_Observatory_Altitude: CDF VAR_TYPE = 'metadata' and DataType not one of ['CDF_CHAR', 'CDF_UCHAR']
  ICON_L21_Observatory_Latitude: CDF VAR_TYPE = 'metadata' and DataType not one of ['CDF_CHAR', 'CDF_UCHAR']
  ICON_L21_Observatory_Longitude: CDF VAR_TYPE = 'metadata' and DataType not one of ['CDF_CHAR', 'CDF_UCHAR']
  ICON_L21_Observatory_Velocity_Vector: CDF VAR_TYPE = 'metadata' and DataType not one of ['CDF_CHAR', 'CDF_UCHAR']
  ICON_L21_Orbit_Node: CDF VAR_TYPE = 'metadata' and DataType not one of ['CDF_CHAR', 'CDF_UCHAR']
  ICON_L21_Orbit_Number: CDF VAR_TYPE = 'metadata' and DataType not one of ['CDF_CHAR', 'CDF_UCHAR']
  ICON_L21_Quality_Flags: CDF VAR_TYPE = 'metadata' and DataType not one of ['CDF_CHAR', 'CDF_UCHAR']
  ICON_L21_Zero_Wind_Phase: CDF VAR_TYPE = 'metadata' and DataType not one of ['CDF_CHAR', 'CDF_UCHAR']
ICON_L2-2_MIGHTI_VECTOR-WIND-GREEN | ISTP.DataType.Invalid:
  time_base: CDF VAR_TYPE = 'metadata' and DataType not one of ['CDF_CHAR', 'CDF_UCHAR']
  ICON_L22_Fringe_Amplitude_A: CDF VAR_TYPE = 'metadata' and DataType not one of ['CDF_CHAR', 'CDF_UCHAR']
  ICON_L22_Fringe_Amplitude_B: CDF VAR_TYPE = 'metadata' and DataType not one of ['CDF_CHAR', 'CDF_UCHAR']
  ICON_L22_Quality_Flags: CDF VAR_TYPE = 'metadata' and DataType not one of ['CDF_CHAR', 'CDF_UCHAR']
  ICON_L22_Relative_VER_A: CDF VAR_TYPE = 'metadata' and DataType not one of ['CDF_CHAR', 'CDF_UCHAR']
  ICON_L22_Relative_VER_B: CDF VAR_TYPE = 'metadata' and DataType not one of ['CDF_CHAR', 'CDF_UCHAR']
  ICON_L22_VER_Relative_Difference: CDF VAR_TYPE = 'metadata' and DataType not one of ['CDF_CHAR', 'CDF_UCHAR']
ICON_L2-2_MIGHTI_VECTOR-WIND-RED | ISTP.DataType.Invalid:
  time_base: CDF VAR_TYPE = 'metadata' and DataType not one of ['CDF_CHAR', 'CDF_UCHAR']
  ICON_L22_Fringe_Amplitude_A: CDF VAR_TYPE = 'metadata' and DataType not one of ['CDF_CHAR', 'CDF_UCHAR']
  ICON_L22_Fringe_Amplitude_B: CDF VAR_TYPE = 'metadata' and DataType not one of ['CDF_CHAR', 'CDF_UCHAR']
  ICON_L22_Quality_Flags: CDF VAR_TYPE = 'metadata' and DataType not one of ['CDF_CHAR', 'CDF_UCHAR']
  ICON_L22_Relative_VER_A: CDF VAR_TYPE = 'metadata' and DataType not one of ['CDF_CHAR', 'CDF_UCHAR']
  ICON_L22_Relative_VER_B: CDF VAR_TYPE = 'metadata' and DataType not one of ['CDF_CHAR', 'CDF_UCHAR']
  ICON_L22_VER_Relative_Difference: CDF VAR_TYPE = 'metadata' and DataType not one of ['CDF_CHAR', 'CDF_UCHAR']
ICON_L2-3_MIGHTI-A_TEMPERATURE | ISTP.DataType.Invalid:
  time_base: CDF VAR_TYPE = 'metadata' and DataType not one of ['CDF_CHAR', 'CDF_UCHAR']
ICON_L2-3_MIGHTI-B_TEMPERATURE | ISTP.DataType.Invalid:
  time_base: CDF VAR_TYPE = 'metadata' and DataType not one of ['CDF_CHAR', 'CDF_UCHAR']
ICON_L2-4_FUV_DAY | ISTP.DataType.Invalid:
  time_base: CDF VAR_TYPE = 'metadata' and DataType not one of ['CDF_CHAR', 'CDF_UCHAR']
ICON_L2-4_FUV_DAY-LIMB | ISTP.DataType.Invalid:
  time_base: CDF VAR_TYPE = 'metadata' and DataType not one of ['CDF_CHAR', 'CDF_UCHAR']
ICON_L2-5_FUV_NIGHT | ISTP.DataType.Invalid:
  time_base: CDF VAR_TYPE = 'metadata' and DataType not one of ['CDF_CHAR', 'CDF_UCHAR']
ICON_L2-6_EUV | ISTP.DataType.Invalid:
  time_base: CDF VAR_TYPE = 'metadata' and DataType not one of ['CDF_CHAR', 'CDF_UCHAR']
ICON_L2-7_IVM-A | ISTP.DataType.Invalid:
  time_base: CDF VAR_TYPE = 'metadata' and DataType not one of ['CDF_CHAR', 'CDF_UCHAR']
ICON_L2-7_IVM-B | ISTP.DataType.Invalid:
  time_base: CDF VAR_TYPE = 'metadata' and DataType not one of ['CDF_CHAR', 'CDF_UCHAR']
IM_K0_RPI | ISTP.DataType.Invalid:
  Azimuth: CDF VAR_TYPE = 'metadata' and DataType not one of ['CDF_CHAR', 'CDF_UCHAR']
  Zenith: CDF VAR_TYPE = 'metadata' and DataType not one of ['CDF_CHAR', 'CDF_UCHAR']
  DopplerNumber: CDF VAR_TYPE = 'metadata' and DataType not one of ['CDF_CHAR', 'CDF_UCHAR']
MGS_MAG_HIGH | ISTP.DataType.Invalid:
  base_time: CDF VAR_TYPE = 'metadata' and DataType not one of ['CDF_CHAR', 'CDF_UCHAR']
MGS_MAG_LOW | ISTP.DataType.Invalid:
  base_time: CDF VAR_TYPE = 'metadata' and DataType not one of ['CDF_CHAR', 'CDF_UCHAR']
MMS1_FEEPS_BRST_L2_ELECTRON | ISTP.DataType.Invalid:
  channel_ids: CDF VAR_TYPE = 'metadata' and DataType not one of ['CDF_CHAR', 'CDF_UCHAR']
  sensor_ids: CDF VAR_TYPE = 'metadata' and DataType not one of ['CDF_CHAR', 'CDF_UCHAR']
  pitch_angle_indices: CDF VAR_TYPE = 'metadata' and DataType not one of ['CDF_CHAR', 'CDF_UCHAR']
  electron_sensor_pitch_angle_indices: CDF VAR_TYPE = 'metadata' and DataType not one of ['CDF_CHAR', 'CDF_UCHAR']
MMS1_FEEPS_BRST_L2_ION | ISTP.DataType.Invalid:
  channel_ids: CDF VAR_TYPE = 'metadata' and DataType not one of ['CDF_CHAR', 'CDF_UCHAR']
  sensor_ids: CDF VAR_TYPE = 'metadata' and DataType not one of ['CDF_CHAR', 'CDF_UCHAR']
  pitch_angle_indices: CDF VAR_TYPE = 'metadata' and DataType not one of ['CDF_CHAR', 'CDF_UCHAR']
  electron_sensor_pitch_angle_indices: CDF VAR_TYPE = 'metadata' and DataType not one of ['CDF_CHAR', 'CDF_UCHAR']
MMS1_FEEPS_SRVY_L2_ELECTRON | ISTP.DataType.Invalid:
  channel_ids: CDF VAR_TYPE = 'metadata' and DataType not one of ['CDF_CHAR', 'CDF_UCHAR']
  sensor_ids: CDF VAR_TYPE = 'metadata' and DataType not one of ['CDF_CHAR', 'CDF_UCHAR']
  pitch_angle_indices: CDF VAR_TYPE = 'metadata' and DataType not one of ['CDF_CHAR', 'CDF_UCHAR']
  electron_sensor_pitch_angle_indices: CDF VAR_TYPE = 'metadata' and DataType not one of ['CDF_CHAR', 'CDF_UCHAR']
MMS1_FEEPS_SRVY_L2_ION | ISTP.DataType.Invalid:
  channel_ids: CDF VAR_TYPE = 'metadata' and DataType not one of ['CDF_CHAR', 'CDF_UCHAR']
  sensor_ids: CDF VAR_TYPE = 'metadata' and DataType not one of ['CDF_CHAR', 'CDF_UCHAR']
  pitch_angle_indices: CDF VAR_TYPE = 'metadata' and DataType not one of ['CDF_CHAR', 'CDF_UCHAR']
  electron_sensor_pitch_angle_indices: CDF VAR_TYPE = 'metadata' and DataType not one of ['CDF_CHAR', 'CDF_UCHAR']
MMS1_FPI_FAST_L2_DIS-MOMS | ISTP.DataType.Invalid:
  mms1_dis_compressionloss_fast: CDF VAR_TYPE = 'metadata' and DataType not one of ['CDF_CHAR', 'CDF_UCHAR']
MMS2_FEEPS_BRST_L2_ELECTRON | ISTP.DataType.Invalid:
  channel_ids: CDF VAR_TYPE = 'metadata' and DataType not one of ['CDF_CHAR', 'CDF_UCHAR']
  sensor_ids: CDF VAR_TYPE = 'metadata' and DataType not one of ['CDF_CHAR', 'CDF_UCHAR']
  pitch_angle_indices: CDF VAR_TYPE = 'metadata' and DataType not one of ['CDF_CHAR', 'CDF_UCHAR']
  electron_sensor_pitch_angle_indices: CDF VAR_TYPE = 'metadata' and DataType not one of ['CDF_CHAR', 'CDF_UCHAR']
MMS2_FEEPS_BRST_L2_ION | ISTP.DataType.Invalid:
  channel_ids: CDF VAR_TYPE = 'metadata' and DataType not one of ['CDF_CHAR', 'CDF_UCHAR']
  sensor_ids: CDF VAR_TYPE = 'metadata' and DataType not one of ['CDF_CHAR', 'CDF_UCHAR']
  pitch_angle_indices: CDF VAR_TYPE = 'metadata' and DataType not one of ['CDF_CHAR', 'CDF_UCHAR']
  electron_sensor_pitch_angle_indices: CDF VAR_TYPE = 'metadata' and DataType not one of ['CDF_CHAR', 'CDF_UCHAR']
MMS2_FEEPS_SRVY_L2_ELECTRON | ISTP.DataType.Invalid:
  channel_ids: CDF VAR_TYPE = 'metadata' and DataType not one of ['CDF_CHAR', 'CDF_UCHAR']
  sensor_ids: CDF VAR_TYPE = 'metadata' and DataType not one of ['CDF_CHAR', 'CDF_UCHAR']
  pitch_angle_indices: CDF VAR_TYPE = 'metadata' and DataType not one of ['CDF_CHAR', 'CDF_UCHAR']
  electron_sensor_pitch_angle_indices: CDF VAR_TYPE = 'metadata' and DataType not one of ['CDF_CHAR', 'CDF_UCHAR']
MMS2_FEEPS_SRVY_L2_ION | ISTP.DataType.Invalid:
  channel_ids: CDF VAR_TYPE = 'metadata' and DataType not one of ['CDF_CHAR', 'CDF_UCHAR']
  sensor_ids: CDF VAR_TYPE = 'metadata' and DataType not one of ['CDF_CHAR', 'CDF_UCHAR']
  pitch_angle_indices: CDF VAR_TYPE = 'metadata' and DataType not one of ['CDF_CHAR', 'CDF_UCHAR']
  electron_sensor_pitch_angle_indices: CDF VAR_TYPE = 'metadata' and DataType not one of ['CDF_CHAR', 'CDF_UCHAR']
MMS2_FPI_FAST_L2_DIS-MOMS | ISTP.DataType.Invalid:
  mms2_dis_compressionloss_fast: CDF VAR_TYPE = 'metadata' and DataType not one of ['CDF_CHAR', 'CDF_UCHAR']
MMS3_FEEPS_BRST_L2_ELECTRON | ISTP.DataType.Invalid:
  channel_ids: CDF VAR_TYPE = 'metadata' and DataType not one of ['CDF_CHAR', 'CDF_UCHAR']
  sensor_ids: CDF VAR_TYPE = 'metadata' and DataType not one of ['CDF_CHAR', 'CDF_UCHAR']
  pitch_angle_indices: CDF VAR_TYPE = 'metadata' and DataType not one of ['CDF_CHAR', 'CDF_UCHAR']
  electron_sensor_pitch_angle_indices: CDF VAR_TYPE = 'metadata' and DataType not one of ['CDF_CHAR', 'CDF_UCHAR']
MMS3_FEEPS_BRST_L2_ION | ISTP.DataType.Invalid:
  channel_ids: CDF VAR_TYPE = 'metadata' and DataType not one of ['CDF_CHAR', 'CDF_UCHAR']
  sensor_ids: CDF VAR_TYPE = 'metadata' and DataType not one of ['CDF_CHAR', 'CDF_UCHAR']
  pitch_angle_indices: CDF VAR_TYPE = 'metadata' and DataType not one of ['CDF_CHAR', 'CDF_UCHAR']
  electron_sensor_pitch_angle_indices: CDF VAR_TYPE = 'metadata' and DataType not one of ['CDF_CHAR', 'CDF_UCHAR']
MMS3_FEEPS_SRVY_L2_ELECTRON | ISTP.DataType.Invalid:
  channel_ids: CDF VAR_TYPE = 'metadata' and DataType not one of ['CDF_CHAR', 'CDF_UCHAR']
  sensor_ids: CDF VAR_TYPE = 'metadata' and DataType not one of ['CDF_CHAR', 'CDF_UCHAR']
  pitch_angle_indices: CDF VAR_TYPE = 'metadata' and DataType not one of ['CDF_CHAR', 'CDF_UCHAR']
  electron_sensor_pitch_angle_indices: CDF VAR_TYPE = 'metadata' and DataType not one of ['CDF_CHAR', 'CDF_UCHAR']
MMS3_FEEPS_SRVY_L2_ION | ISTP.DataType.Invalid:
  channel_ids: CDF VAR_TYPE = 'metadata' and DataType not one of ['CDF_CHAR', 'CDF_UCHAR']
  sensor_ids: CDF VAR_TYPE = 'metadata' and DataType not one of ['CDF_CHAR', 'CDF_UCHAR']
  pitch_angle_indices: CDF VAR_TYPE = 'metadata' and DataType not one of ['CDF_CHAR', 'CDF_UCHAR']
  electron_sensor_pitch_angle_indices: CDF VAR_TYPE = 'metadata' and DataType not one of ['CDF_CHAR', 'CDF_UCHAR']
MMS3_FPI_FAST_L2_DIS-MOMS | ISTP.DataType.Invalid:
  mms3_dis_compressionloss_fast: CDF VAR_TYPE = 'metadata' and DataType not one of ['CDF_CHAR', 'CDF_UCHAR']
MMS4_EDP_SLOW_L2_DCE | ISTP.DataType.Invalid:
  mms4_edp_deltap_slow_l2: CDF VAR_TYPE = 'metadata' and DataType not one of ['CDF_CHAR', 'CDF_UCHAR']
MMS4_FEEPS_BRST_L2_ELECTRON | ISTP.DataType.Invalid:
  channel_ids: CDF VAR_TYPE = 'metadata' and DataType not one of ['CDF_CHAR', 'CDF_UCHAR']
  sensor_ids: CDF VAR_TYPE = 'metadata' and DataType not one of ['CDF_CHAR', 'CDF_UCHAR']
  pitch_angle_indices: CDF VAR_TYPE = 'metadata' and DataType not one of ['CDF_CHAR', 'CDF_UCHAR']
  electron_sensor_pitch_angle_indices: CDF VAR_TYPE = 'metadata' and DataType not one of ['CDF_CHAR', 'CDF_UCHAR']
MMS4_FEEPS_BRST_L2_ION | ISTP.DataType.Invalid:
  channel_ids: CDF VAR_TYPE = 'metadata' and DataType not one of ['CDF_CHAR', 'CDF_UCHAR']
  sensor_ids: CDF VAR_TYPE = 'metadata' and DataType not one of ['CDF_CHAR', 'CDF_UCHAR']
  pitch_angle_indices: CDF VAR_TYPE = 'metadata' and DataType not one of ['CDF_CHAR', 'CDF_UCHAR']
  electron_sensor_pitch_angle_indices: CDF VAR_TYPE = 'metadata' and DataType not one of ['CDF_CHAR', 'CDF_UCHAR']
MMS4_FEEPS_SRVY_L2_ELECTRON | ISTP.DataType.Invalid:
  channel_ids: CDF VAR_TYPE = 'metadata' and DataType not one of ['CDF_CHAR', 'CDF_UCHAR']
  sensor_ids: CDF VAR_TYPE = 'metadata' and DataType not one of ['CDF_CHAR', 'CDF_UCHAR']
  pitch_angle_indices: CDF VAR_TYPE = 'metadata' and DataType not one of ['CDF_CHAR', 'CDF_UCHAR']
  electron_sensor_pitch_angle_indices: CDF VAR_TYPE = 'metadata' and DataType not one of ['CDF_CHAR', 'CDF_UCHAR']
MMS4_FEEPS_SRVY_L2_ION | ISTP.DataType.Invalid:
  channel_ids: CDF VAR_TYPE = 'metadata' and DataType not one of ['CDF_CHAR', 'CDF_UCHAR']
  sensor_ids: CDF VAR_TYPE = 'metadata' and DataType not one of ['CDF_CHAR', 'CDF_UCHAR']
  pitch_angle_indices: CDF VAR_TYPE = 'metadata' and DataType not one of ['CDF_CHAR', 'CDF_UCHAR']
  electron_sensor_pitch_angle_indices: CDF VAR_TYPE = 'metadata' and DataType not one of ['CDF_CHAR', 'CDF_UCHAR']
MMS4_FPI_FAST_L2_DIS-MOMS | ISTP.DataType.Invalid:
  mms4_dis_compressionloss_fast: CDF VAR_TYPE = 'metadata' and DataType not one of ['CDF_CHAR', 'CDF_UCHAR']
MVN_INSITU_KP-4SEC | ISTP.DataType.Invalid:
  compno_3: CDF VAR_TYPE = 'metadata' and DataType not one of ['CDF_CHAR', 'CDF_UCHAR']
MVN_MAG_L2-SUNSTATE-1SEC | ISTP.DataType.Invalid:
  compno_3: CDF VAR_TYPE = 'metadata' and DataType not one of ['CDF_CHAR', 'CDF_UCHAR']
MVN_STA_L2_D8-12R1E | ISTP.DataType.Invalid:
  num_dists: CDF VAR_TYPE = 'metadata' and DataType not one of ['CDF_CHAR', 'CDF_UCHAR']
  nswp: CDF VAR_TYPE = 'metadata' and DataType not one of ['CDF_CHAR', 'CDF_UCHAR']
  energy: CDF VAR_TYPE = 'metadata' and DataType not one of ['CDF_CHAR', 'CDF_UCHAR']
  nrate: CDF VAR_TYPE = 'metadata' and DataType not one of ['CDF_CHAR', 'CDF_UCHAR']
  compno_12: CDF VAR_TYPE = 'metadata' and DataType not one of ['CDF_CHAR', 'CDF_UCHAR']
  compno_64: CDF VAR_TYPE = 'metadata' and DataType not one of ['CDF_CHAR', 'CDF_UCHAR']
MVN_STA_L2_D9-12R64E | ISTP.DataType.Invalid:
  num_dists: CDF VAR_TYPE = 'metadata' and DataType not one of ['CDF_CHAR', 'CDF_UCHAR']
  nswp: CDF VAR_TYPE = 'metadata' and DataType not one of ['CDF_CHAR', 'CDF_UCHAR']
  energy: CDF VAR_TYPE = 'metadata' and DataType not one of ['CDF_CHAR', 'CDF_UCHAR']
  nrate: CDF VAR_TYPE = 'metadata' and DataType not one of ['CDF_CHAR', 'CDF_UCHAR']
  compno_12: CDF VAR_TYPE = 'metadata' and DataType not one of ['CDF_CHAR', 'CDF_UCHAR']
  compno_64: CDF VAR_TYPE = 'metadata' and DataType not one of ['CDF_CHAR', 'CDF_UCHAR']
MVN_STA_L2_DA-1R64E | ISTP.DataType.Invalid:
  num_dists: CDF VAR_TYPE = 'metadata' and DataType not one of ['CDF_CHAR', 'CDF_UCHAR']
  nswp: CDF VAR_TYPE = 'metadata' and DataType not one of ['CDF_CHAR', 'CDF_UCHAR']
  energy: CDF VAR_TYPE = 'metadata' and DataType not one of ['CDF_CHAR', 'CDF_UCHAR']
  nrate: CDF VAR_TYPE = 'metadata' and DataType not one of ['CDF_CHAR', 'CDF_UCHAR']
  compno_12: CDF VAR_TYPE = 'metadata' and DataType not one of ['CDF_CHAR', 'CDF_UCHAR']
  compno_64: CDF VAR_TYPE = 'metadata' and DataType not one of ['CDF_CHAR', 'CDF_UCHAR']
PO_H1_PWI | ISTP.DataType.Invalid:
  SFR2_count: CDF VAR_TYPE = 'metadata' and DataType not one of ['CDF_CHAR', 'CDF_UCHAR']
  SFR3_count: CDF VAR_TYPE = 'metadata' and DataType not one of ['CDF_CHAR', 'CDF_UCHAR']
  SFR4_count: CDF VAR_TYPE = 'metadata' and DataType not one of ['CDF_CHAR', 'CDF_UCHAR']
  fUHR_count: CDF VAR_TYPE = 'metadata' and DataType not one of ['CDF_CHAR', 'CDF_UCHAR']
  Fce_count: CDF VAR_TYPE = 'metadata' and DataType not one of ['CDF_CHAR', 'CDF_UCHAR']
PO_H2_PWI | ISTP.DataType.Invalid:
  NUM_SNAP: CDF VAR_TYPE = 'metadata' and DataType not one of ['CDF_CHAR', 'CDF_UCHAR']
  FFT_size: CDF VAR_TYPE = 'metadata' and DataType not one of ['CDF_CHAR', 'CDF_UCHAR']
PO_K1_VIS | ISTP.DataType.Invalid:
  Filter: CDF VAR_TYPE = 'metadata' and DataType not one of ['CDF_CHAR', 'CDF_UCHAR']
  Rotatn_Matrix: CDF VAR_TYPE = 'metadata' and DataType not one of ['CDF_CHAR', 'CDF_UCHAR']
  Look_Dir_Vctr: CDF VAR_TYPE = 'metadata' and DataType not one of ['CDF_CHAR', 'CDF_UCHAR']
  V_Zenith: CDF VAR_TYPE = 'metadata' and DataType not one of ['CDF_CHAR', 'CDF_UCHAR']
  Sun_Vctr: CDF VAR_TYPE = 'metadata' and DataType not one of ['CDF_CHAR', 'CDF_UCHAR']
  Limit_Lo: CDF VAR_TYPE = 'metadata' and DataType not one of ['CDF_CHAR', 'CDF_UCHAR']
  Limit_Hi: CDF VAR_TYPE = 'metadata' and DataType not one of ['CDF_CHAR', 'CDF_UCHAR']
  D_Qual: CDF VAR_TYPE = 'metadata' and DataType not one of ['CDF_CHAR', 'CDF_UCHAR']
  Post_Gap: CDF VAR_TYPE = 'metadata' and DataType not one of ['CDF_CHAR', 'CDF_UCHAR']
PSP_FLD_L2_DFB_AC_SPEC_SCMDLFHG | ISTP.DataType.Invalid:
  scm_rotation_matrix_def_uvw: CDF VAR_TYPE = 'metadata' and DataType not one of ['CDF_CHAR', 'CDF_UCHAR']
PSP_FLD_L2_DFB_AC_SPEC_SCMELFHG | ISTP.DataType.Invalid:
  scm_rotation_matrix_def_uvw: CDF VAR_TYPE = 'metadata' and DataType not one of ['CDF_CHAR', 'CDF_UCHAR']
PSP_FLD_L2_DFB_AC_SPEC_SCMFLFHG | ISTP.DataType.Invalid:
  scm_rotation_matrix_def_uvw: CDF VAR_TYPE = 'metadata' and DataType not one of ['CDF_CHAR', 'CDF_UCHAR']
PSP_FLD_L2_DFB_AC_SPEC_SCMMF | ISTP.DataType.Invalid:
  scm_rotation_matrix_def_uvw: CDF VAR_TYPE = 'metadata' and DataType not one of ['CDF_CHAR', 'CDF_UCHAR']
PSP_FLD_L2_DFB_AC_SPEC_SCMULFLG | ISTP.DataType.Invalid:
  scm_rotation_matrix_def_uvw: CDF VAR_TYPE = 'metadata' and DataType not one of ['CDF_CHAR', 'CDF_UCHAR']
PSP_FLD_L2_DFB_AC_SPEC_SCMVLFHG | ISTP.DataType.Invalid:
  scm_rotation_matrix_def_uvw: CDF VAR_TYPE = 'metadata' and DataType not one of ['CDF_CHAR', 'CDF_UCHAR']
PSP_FLD_L2_DFB_AC_XSPEC_SCMDLFHG_SCMELFHG | ISTP.DataType.Invalid:
  scm_rotation_matrix_def_uvw: CDF VAR_TYPE = 'metadata' and DataType not one of ['CDF_CHAR', 'CDF_UCHAR']
PSP_FLD_L2_DFB_AC_XSPEC_SCMDLFHG_SCMFLFHG | ISTP.DataType.Invalid:
  scm_rotation_matrix_def_uvw: CDF VAR_TYPE = 'metadata' and DataType not one of ['CDF_CHAR', 'CDF_UCHAR']
PSP_FLD_L2_DFB_AC_XSPEC_SCMELFHG_SCMFLFHG | ISTP.DataType.Invalid:
  scm_rotation_matrix_def_uvw: CDF VAR_TYPE = 'metadata' and DataType not one of ['CDF_CHAR', 'CDF_UCHAR']
PSP_FLD_L2_DFB_DC_SPEC_SCMDLFHG | ISTP.DataType.Invalid:
  scm_rotation_matrix_def_uvw: CDF VAR_TYPE = 'metadata' and DataType not one of ['CDF_CHAR', 'CDF_UCHAR']
PSP_FLD_L2_DFB_DC_SPEC_SCMELFHG | ISTP.DataType.Invalid:
  scm_rotation_matrix_def_uvw: CDF VAR_TYPE = 'metadata' and DataType not one of ['CDF_CHAR', 'CDF_UCHAR']
PSP_FLD_L2_DFB_DC_SPEC_SCMFLFHG | ISTP.DataType.Invalid:
  scm_rotation_matrix_def_uvw: CDF VAR_TYPE = 'metadata' and DataType not one of ['CDF_CHAR', 'CDF_UCHAR']
PSP_FLD_L2_DFB_DC_SPEC_SCMULFHG | ISTP.DataType.Invalid:
  scm_rotation_matrix_def_uvw: CDF VAR_TYPE = 'metadata' and DataType not one of ['CDF_CHAR', 'CDF_UCHAR']
PSP_FLD_L2_DFB_DC_SPEC_SCMVLFHG | ISTP.DataType.Invalid:
  scm_rotation_matrix_def_uvw: CDF VAR_TYPE = 'metadata' and DataType not one of ['CDF_CHAR', 'CDF_UCHAR']
PSP_FLD_L2_DFB_DC_SPEC_SCMWLFHG | ISTP.DataType.Invalid:
  scm_rotation_matrix_def_uvw: CDF VAR_TYPE = 'metadata' and DataType not one of ['CDF_CHAR', 'CDF_UCHAR']
PSP_FLD_L2_DFB_DC_XSPEC_SCMDLFHG_SCMELFHG | ISTP.DataType.Invalid:
  scm_rotation_matrix_def_uvw: CDF VAR_TYPE = 'metadata' and DataType not one of ['CDF_CHAR', 'CDF_UCHAR']
PSP_FLD_L2_DFB_DC_XSPEC_SCMDLFHG_SCMFLFHG | ISTP.DataType.Invalid:
  scm_rotation_matrix_def_uvw: CDF VAR_TYPE = 'metadata' and DataType not one of ['CDF_CHAR', 'CDF_UCHAR']
PSP_FLD_L2_DFB_DC_XSPEC_SCMELFHG_SCMFLFHG | ISTP.DataType.Invalid:
  scm_rotation_matrix_def_uvw: CDF VAR_TYPE = 'metadata' and DataType not one of ['CDF_CHAR', 'CDF_UCHAR']
PSP_FLD_L2_DFB_DC_XSPEC_SCMVLFHG_SCMWLFHG | ISTP.DataType.Invalid:
  scm_rotation_matrix_def_uvw: CDF VAR_TYPE = 'metadata' and DataType not one of ['CDF_CHAR', 'CDF_UCHAR']
PSP_FLD_L2_DFB_WF_DVDC | ISTP.DataType.Invalid:
  digital_filter_kernel_real_293Hz: CDF VAR_TYPE = 'metadata' and DataType not one of ['CDF_CHAR', 'CDF_UCHAR']
  digital_filter_kernel_imag_293Hz: CDF VAR_TYPE = 'metadata' and DataType not one of ['CDF_CHAR', 'CDF_UCHAR']
  digital_filter_kernel_real_146Hz: CDF VAR_TYPE = 'metadata' and DataType not one of ['CDF_CHAR', 'CDF_UCHAR']
  digital_filter_kernel_imag_146Hz: CDF VAR_TYPE = 'metadata' and DataType not one of ['CDF_CHAR', 'CDF_UCHAR']
  digital_filter_kernel_real_73Hz: CDF VAR_TYPE = 'metadata' and DataType not one of ['CDF_CHAR', 'CDF_UCHAR']
  digital_filter_kernel_imag_73Hz: CDF VAR_TYPE = 'metadata' and DataType not one of ['CDF_CHAR', 'CDF_UCHAR']
  digital_filter_kernel_real_37Hz: CDF VAR_TYPE = 'metadata' and DataType not one of ['CDF_CHAR', 'CDF_UCHAR']
  digital_filter_kernel_imag_37Hz: CDF VAR_TYPE = 'metadata' and DataType not one of ['CDF_CHAR', 'CDF_UCHAR']
  digital_filter_kernel_real_18Hz: CDF VAR_TYPE = 'metadata' and DataType not one of ['CDF_CHAR', 'CDF_UCHAR']
  digital_filter_kernel_imag_18Hz: CDF VAR_TYPE = 'metadata' and DataType not one of ['CDF_CHAR', 'CDF_UCHAR']
  digital_filter_kernel_real_9Hz: CDF VAR_TYPE = 'metadata' and DataType not one of ['CDF_CHAR', 'CDF_UCHAR']
  digital_filter_kernel_imag_9Hz: CDF VAR_TYPE = 'metadata' and DataType not one of ['CDF_CHAR', 'CDF_UCHAR']
  digital_filter_kernel_real_5Hz: CDF VAR_TYPE = 'metadata' and DataType not one of ['CDF_CHAR', 'CDF_UCHAR']
  digital_filter_kernel_imag_5Hz: CDF VAR_TYPE = 'metadata' and DataType not one of ['CDF_CHAR', 'CDF_UCHAR']
  digital_filter_kernel_real_2Hz: CDF VAR_TYPE = 'metadata' and DataType not one of ['CDF_CHAR', 'CDF_UCHAR']
  digital_filter_kernel_imag_2Hz: CDF VAR_TYPE = 'metadata' and DataType not one of ['CDF_CHAR', 'CDF_UCHAR']
  dV_hg_noisefloor: CDF VAR_TYPE = 'metadata' and DataType not one of ['CDF_CHAR', 'CDF_UCHAR']
  dV_lg_noisefloor: CDF VAR_TYPE = 'metadata' and DataType not one of ['CDF_CHAR', 'CDF_UCHAR']
  psp_fld_l2_dfb_wf_dVdc_depend_1: CDF VAR_TYPE = 'metadata' and DataType not one of ['CDF_CHAR', 'CDF_UCHAR']
  dVsc_from_dVsens: CDF VAR_TYPE = 'metadata' and DataType not one of ['CDF_CHAR', 'CDF_UCHAR']
PSP_FLD_L2_DFB_WF_SCM | ISTP.DataType.Invalid:
  scm_hg_noisefloor: CDF VAR_TYPE = 'metadata' and DataType not one of ['CDF_CHAR', 'CDF_UCHAR']
  scm_lg_noisefloor: CDF VAR_TYPE = 'metadata' and DataType not one of ['CDF_CHAR', 'CDF_UCHAR']
  psp_fld_l2_dfb_wf_scm_depend_1: CDF VAR_TYPE = 'metadata' and DataType not one of ['CDF_CHAR', 'CDF_UCHAR']
PSP_FLD_L2_F2_100BPS | ISTP.DataType.Invalid:
  PSP_FLD_L2_F2_100bps_MAGi_component_index: CDF VAR_TYPE = 'metadata' and DataType not one of ['CDF_CHAR', 'CDF_UCHAR']
PSP_FLD_L2_MAG_RTN | ISTP.DataType.Invalid:
  component_index_RTN: CDF VAR_TYPE = 'metadata' and DataType not one of ['CDF_CHAR', 'CDF_UCHAR']
PSP_FLD_L2_MAG_RTN_1MIN | ISTP.DataType.Invalid:
  component_index_RTN: CDF VAR_TYPE = 'metadata' and DataType not one of ['CDF_CHAR', 'CDF_UCHAR']
PSP_FLD_L2_MAG_RTN_4_SA_PER_CYC | ISTP.DataType.Invalid:
  component_index_RTN: CDF VAR_TYPE = 'metadata' and DataType not one of ['CDF_CHAR', 'CDF_UCHAR']
PSP_FLD_L2_MAG_SC | ISTP.DataType.Invalid:
  component_index_SC: CDF VAR_TYPE = 'metadata' and DataType not one of ['CDF_CHAR', 'CDF_UCHAR']
PSP_FLD_L2_MAG_SC_1MIN | ISTP.DataType.Invalid:
  component_index_SC: CDF VAR_TYPE = 'metadata' and DataType not one of ['CDF_CHAR', 'CDF_UCHAR']
PSP_FLD_L2_MAG_SC_4_SA_PER_CYC | ISTP.DataType.Invalid:
  component_index_SC: CDF VAR_TYPE = 'metadata' and DataType not one of ['CDF_CHAR', 'CDF_UCHAR']
PSP_FLD_L2_MAG_VSO | ISTP.DataType.Invalid:
  component_index_VSO: CDF VAR_TYPE = 'metadata' and DataType not one of ['CDF_CHAR', 'CDF_UCHAR']
PSP_FLD_L3_DUST | ISTP.DataType.Invalid:
  psp_fld_l3_dust_ej2000_component_index: CDF VAR_TYPE = 'metadata' and DataType not one of ['CDF_CHAR', 'CDF_UCHAR']
PSP_FLD_L3_MERGED_SCAM_WF | ISTP.DataType.Invalid:
  mag_trace_noise_floor: CDF VAR_TYPE = 'metadata' and DataType not one of ['CDF_CHAR', 'CDF_UCHAR']
  scm_trace_noise_floor: CDF VAR_TYPE = 'metadata' and DataType not one of ['CDF_CHAR', 'CDF_UCHAR']
  psp_fld_l3_merged_scam_mag_offset_uvw: CDF VAR_TYPE = 'metadata' and DataType not one of ['CDF_CHAR', 'CDF_UCHAR']
  psp_fld_l3_merged_scam_mag_offset_SC: CDF VAR_TYPE = 'metadata' and DataType not one of ['CDF_CHAR', 'CDF_UCHAR']
  psp_fld_l3_merged_scam_mag_offset_RTN: CDF VAR_TYPE = 'metadata' and DataType not one of ['CDF_CHAR', 'CDF_UCHAR']
  psp_fld_scm_gain_match: CDF VAR_TYPE = 'metadata' and DataType not one of ['CDF_CHAR', 'CDF_UCHAR']
PSP_FLD_L3_RFS_HFR | ISTP.DataType.Invalid:
  component_index_position: CDF VAR_TYPE = 'metadata' and DataType not one of ['CDF_CHAR', 'CDF_UCHAR']
  component_index_unit_vector: CDF VAR_TYPE = 'metadata' and DataType not one of ['CDF_CHAR', 'CDF_UCHAR']
PSP_FLD_L3_RFS_LFR | ISTP.DataType.Invalid:
  component_index_position: CDF VAR_TYPE = 'metadata' and DataType not one of ['CDF_CHAR', 'CDF_UCHAR']
  component_index_unit_vector: CDF VAR_TYPE = 'metadata' and DataType not one of ['CDF_CHAR', 'CDF_UCHAR']
PSP_ISOIS-EPILO_L2-IC | ISTP.DataType.Invalid:
  spdf_dir_RTN: CDF VAR_TYPE = 'metadata' and DataType not one of ['CDF_CHAR', 'CDF_UCHAR']
  spdf_dir_HCI: CDF VAR_TYPE = 'metadata' and DataType not one of ['CDF_CHAR', 'CDF_UCHAR']
  Look_Direction_80: CDF VAR_TYPE = 'metadata' and DataType not one of ['CDF_CHAR', 'CDF_UCHAR']
PSP_ISOIS-EPILO_L2-PE | ISTP.DataType.Invalid:
  Look_Direction_08: CDF VAR_TYPE = 'metadata' and DataType not one of ['CDF_CHAR', 'CDF_UCHAR']
  Look_Direction_80: CDF VAR_TYPE = 'metadata' and DataType not one of ['CDF_CHAR', 'CDF_UCHAR']
PSP_SWP_SPA_SF0_L3_PAD | ISTP.DataType.Invalid:
  ROTMAT_SC_INST: CDF VAR_TYPE = 'metadata' and DataType not one of ['CDF_CHAR', 'CDF_UCHAR']
PSP_SWP_SPB_SF0_L2_16AX8DX32E | ISTP.DataType.Invalid:
  ROTMAT_SC_INST: CDF VAR_TYPE = 'metadata' and DataType not one of ['CDF_CHAR', 'CDF_UCHAR']
PSP_SWP_SPB_SF0_L3_PAD | ISTP.DataType.Invalid:
  ROTMAT_SC_INST: CDF VAR_TYPE = 'metadata' and DataType not one of ['CDF_CHAR', 'CDF_UCHAR']
PSP_SWP_SPB_SF1_L2_32E | ISTP.DataType.Invalid:
  ROTMAT_SC_INST: CDF VAR_TYPE = 'metadata' and DataType not one of ['CDF_CHAR', 'CDF_UCHAR']
PSP_SWP_SPC_L3I | ISTP.DataType.Invalid:
  vector_index: CDF VAR_TYPE = 'metadata' and DataType not one of ['CDF_CHAR', 'CDF_UCHAR']
PSP_SWP_SPI_SF00_L2_8DX32EX8A | ISTP.DataType.Invalid:
  ROTMAT_SC_INST: CDF VAR_TYPE = 'metadata' and DataType not one of ['CDF_CHAR', 'CDF_UCHAR']
PSP_SWP_SPI_SF00_L3_MOM | ISTP.DataType.Invalid:
  ROTMAT_SC_INST: CDF VAR_TYPE = 'metadata' and DataType not one of ['CDF_CHAR', 'CDF_UCHAR']
PSP_SWP_SPI_SF00_L3_MOM_INST | ISTP.DataType.Invalid:
  ROTMAT_SC_INST: CDF VAR_TYPE = 'metadata' and DataType not one of ['CDF_CHAR', 'CDF_UCHAR']
PSP_SWP_SPI_SF01_L2_8DX32EX8A | ISTP.DataType.Invalid:
  ROTMAT_SC_INST: CDF VAR_TYPE = 'metadata' and DataType not one of ['CDF_CHAR', 'CDF_UCHAR']
PSP_SWP_SPI_SF0A_L3_MOM | ISTP.DataType.Invalid:
  ROTMAT_SC_INST: CDF VAR_TYPE = 'metadata' and DataType not one of ['CDF_CHAR', 'CDF_UCHAR']
PSP_SWP_SPI_SF0A_L3_MOM_INST | ISTP.DataType.Invalid:
  ROTMAT_SC_INST: CDF VAR_TYPE = 'metadata' and DataType not one of ['CDF_CHAR', 'CDF_UCHAR']
RBSP-A-RBSPICE_LEV-3-PAP_ESRHELT | ISTP.DataType.Invalid:
  Channel: CDF VAR_TYPE = 'metadata' and DataType not one of ['CDF_CHAR', 'CDF_UCHAR']
  Bin: CDF VAR_TYPE = 'metadata' and DataType not one of ['CDF_CHAR', 'CDF_UCHAR']
  Axis: CDF VAR_TYPE = 'metadata' and DataType not one of ['CDF_CHAR', 'CDF_UCHAR']
  MinMaxRange: CDF VAR_TYPE = 'metadata' and DataType not one of ['CDF_CHAR', 'CDF_UCHAR']
RBSP-A-RBSPICE_LEV-3-PAP_ESRLEHT | ISTP.DataType.Invalid:
  Channel: CDF VAR_TYPE = 'metadata' and DataType not one of ['CDF_CHAR', 'CDF_UCHAR']
  Bin: CDF VAR_TYPE = 'metadata' and DataType not one of ['CDF_CHAR', 'CDF_UCHAR']
  Axis: CDF VAR_TYPE = 'metadata' and DataType not one of ['CDF_CHAR', 'CDF_UCHAR']
  MinMaxRange: CDF VAR_TYPE = 'metadata' and DataType not one of ['CDF_CHAR', 'CDF_UCHAR']
RBSP-A-RBSPICE_LEV-3-PAP_TOFXEH | ISTP.DataType.Invalid:
  Channel: CDF VAR_TYPE = 'metadata' and DataType not one of ['CDF_CHAR', 'CDF_UCHAR']
  Bin: CDF VAR_TYPE = 'metadata' and DataType not one of ['CDF_CHAR', 'CDF_UCHAR']
  Axis: CDF VAR_TYPE = 'metadata' and DataType not one of ['CDF_CHAR', 'CDF_UCHAR']
  MinMaxRange: CDF VAR_TYPE = 'metadata' and DataType not one of ['CDF_CHAR', 'CDF_UCHAR']
RBSP-A-RBSPICE_LEV-3-PAP_TOFXEHE | ISTP.DataType.Invalid:
  Channel: CDF VAR_TYPE = 'metadata' and DataType not one of ['CDF_CHAR', 'CDF_UCHAR']
  Bin: CDF VAR_TYPE = 'metadata' and DataType not one of ['CDF_CHAR', 'CDF_UCHAR']
  Axis: CDF VAR_TYPE = 'metadata' and DataType not one of ['CDF_CHAR', 'CDF_UCHAR']
  MinMaxRange: CDF VAR_TYPE = 'metadata' and DataType not one of ['CDF_CHAR', 'CDF_UCHAR']
RBSP-A-RBSPICE_LEV-3-PAP_TOFXEHE-0 | ISTP.DataType.Invalid:
  Channel: CDF VAR_TYPE = 'metadata' and DataType not one of ['CDF_CHAR', 'CDF_UCHAR']
  Bin: CDF VAR_TYPE = 'metadata' and DataType not one of ['CDF_CHAR', 'CDF_UCHAR']
  Axis: CDF VAR_TYPE = 'metadata' and DataType not one of ['CDF_CHAR', 'CDF_UCHAR']
  MinMaxRange: CDF VAR_TYPE = 'metadata' and DataType not one of ['CDF_CHAR', 'CDF_UCHAR']
RBSP-A-RBSPICE_LEV-3-PAP_TOFXEION | ISTP.DataType.Invalid:
  Channel: CDF VAR_TYPE = 'metadata' and DataType not one of ['CDF_CHAR', 'CDF_UCHAR']
  Bin: CDF VAR_TYPE = 'metadata' and DataType not one of ['CDF_CHAR', 'CDF_UCHAR']
  Axis: CDF VAR_TYPE = 'metadata' and DataType not one of ['CDF_CHAR', 'CDF_UCHAR']
  MinMaxRange: CDF VAR_TYPE = 'metadata' and DataType not one of ['CDF_CHAR', 'CDF_UCHAR']
RBSP-A-RBSPICE_LEV-3-PAP_TOFXEO | ISTP.DataType.Invalid:
  Channel: CDF VAR_TYPE = 'metadata' and DataType not one of ['CDF_CHAR', 'CDF_UCHAR']
  Bin: CDF VAR_TYPE = 'metadata' and DataType not one of ['CDF_CHAR', 'CDF_UCHAR']
  Axis: CDF VAR_TYPE = 'metadata' and DataType not one of ['CDF_CHAR', 'CDF_UCHAR']
  MinMaxRange: CDF VAR_TYPE = 'metadata' and DataType not one of ['CDF_CHAR', 'CDF_UCHAR']
RBSP-A-RBSPICE_LEV-3-PAP_TOFXEO-0 | ISTP.DataType.Invalid:
  Channel: CDF VAR_TYPE = 'metadata' and DataType not one of ['CDF_CHAR', 'CDF_UCHAR']
  Bin: CDF VAR_TYPE = 'metadata' and DataType not one of ['CDF_CHAR', 'CDF_UCHAR']
  Axis: CDF VAR_TYPE = 'metadata' and DataType not one of ['CDF_CHAR', 'CDF_UCHAR']
  MinMaxRange: CDF VAR_TYPE = 'metadata' and DataType not one of ['CDF_CHAR', 'CDF_UCHAR']
RBSP-A-RBSPICE_LEV-3-PAP_TOFXPHHHELT | ISTP.DataType.Invalid:
  Channel: CDF VAR_TYPE = 'metadata' and DataType not one of ['CDF_CHAR', 'CDF_UCHAR']
  Bin: CDF VAR_TYPE = 'metadata' and DataType not one of ['CDF_CHAR', 'CDF_UCHAR']
  Axis: CDF VAR_TYPE = 'metadata' and DataType not one of ['CDF_CHAR', 'CDF_UCHAR']
  MinMaxRange: CDF VAR_TYPE = 'metadata' and DataType not one of ['CDF_CHAR', 'CDF_UCHAR']
RBSP-A-RBSPICE_LEV-3-PAP_TOFXPHHLEHT | ISTP.DataType.Invalid:
  Channel: CDF VAR_TYPE = 'metadata' and DataType not one of ['CDF_CHAR', 'CDF_UCHAR']
  Bin: CDF VAR_TYPE = 'metadata' and DataType not one of ['CDF_CHAR', 'CDF_UCHAR']
  Axis: CDF VAR_TYPE = 'metadata' and DataType not one of ['CDF_CHAR', 'CDF_UCHAR']
  MinMaxRange: CDF VAR_TYPE = 'metadata' and DataType not one of ['CDF_CHAR', 'CDF_UCHAR']
RBSP-A-RBSPICE_LEV-3-PAP_TOFXPHOHELT | ISTP.DataType.Invalid:
  Channel: CDF VAR_TYPE = 'metadata' and DataType not one of ['CDF_CHAR', 'CDF_UCHAR']
  Bin: CDF VAR_TYPE = 'metadata' and DataType not one of ['CDF_CHAR', 'CDF_UCHAR']
  Axis: CDF VAR_TYPE = 'metadata' and DataType not one of ['CDF_CHAR', 'CDF_UCHAR']
  MinMaxRange: CDF VAR_TYPE = 'metadata' and DataType not one of ['CDF_CHAR', 'CDF_UCHAR']
RBSP-A-RBSPICE_LEV-3-PAP_TOFXPHOLEHT | ISTP.DataType.Invalid:
  Channel: CDF VAR_TYPE = 'metadata' and DataType not one of ['CDF_CHAR', 'CDF_UCHAR']
  Bin: CDF VAR_TYPE = 'metadata' and DataType not one of ['CDF_CHAR', 'CDF_UCHAR']
  Axis: CDF VAR_TYPE = 'metadata' and DataType not one of ['CDF_CHAR', 'CDF_UCHAR']
  MinMaxRange: CDF VAR_TYPE = 'metadata' and DataType not one of ['CDF_CHAR', 'CDF_UCHAR']
RBSP-B-RBSPICE_LEV-3-PAP_ESRHELT | ISTP.DataType.Invalid:
  Channel: CDF VAR_TYPE = 'metadata' and DataType not one of ['CDF_CHAR', 'CDF_UCHAR']
  Bin: CDF VAR_TYPE = 'metadata' and DataType not one of ['CDF_CHAR', 'CDF_UCHAR']
  Axis: CDF VAR_TYPE = 'metadata' and DataType not one of ['CDF_CHAR', 'CDF_UCHAR']
  MinMaxRange: CDF VAR_TYPE = 'metadata' and DataType not one of ['CDF_CHAR', 'CDF_UCHAR']
RBSP-B-RBSPICE_LEV-3-PAP_ESRLEHT | ISTP.DataType.Invalid:
  Channel: CDF VAR_TYPE = 'metadata' and DataType not one of ['CDF_CHAR', 'CDF_UCHAR']
  Bin: CDF VAR_TYPE = 'metadata' and DataType not one of ['CDF_CHAR', 'CDF_UCHAR']
  Axis: CDF VAR_TYPE = 'metadata' and DataType not one of ['CDF_CHAR', 'CDF_UCHAR']
  MinMaxRange: CDF VAR_TYPE = 'metadata' and DataType not one of ['CDF_CHAR', 'CDF_UCHAR']
RBSP-B-RBSPICE_LEV-3-PAP_TOFXEH | ISTP.DataType.Invalid:
  Channel: CDF VAR_TYPE = 'metadata' and DataType not one of ['CDF_CHAR', 'CDF_UCHAR']
  Bin: CDF VAR_TYPE = 'metadata' and DataType not one of ['CDF_CHAR', 'CDF_UCHAR']
  Axis: CDF VAR_TYPE = 'metadata' and DataType not one of ['CDF_CHAR', 'CDF_UCHAR']
  MinMaxRange: CDF VAR_TYPE = 'metadata' and DataType not one of ['CDF_CHAR', 'CDF_UCHAR']
RBSP-B-RBSPICE_LEV-3-PAP_TOFXEHE | ISTP.DataType.Invalid:
  Channel: CDF VAR_TYPE = 'metadata' and DataType not one of ['CDF_CHAR', 'CDF_UCHAR']
  Bin: CDF VAR_TYPE = 'metadata' and DataType not one of ['CDF_CHAR', 'CDF_UCHAR']
  Axis: CDF VAR_TYPE = 'metadata' and DataType not one of ['CDF_CHAR', 'CDF_UCHAR']
  MinMaxRange: CDF VAR_TYPE = 'metadata' and DataType not one of ['CDF_CHAR', 'CDF_UCHAR']
RBSP-B-RBSPICE_LEV-3-PAP_TOFXEHE-0 | ISTP.DataType.Invalid:
  Channel: CDF VAR_TYPE = 'metadata' and DataType not one of ['CDF_CHAR', 'CDF_UCHAR']
  Bin: CDF VAR_TYPE = 'metadata' and DataType not one of ['CDF_CHAR', 'CDF_UCHAR']
  Axis: CDF VAR_TYPE = 'metadata' and DataType not one of ['CDF_CHAR', 'CDF_UCHAR']
  MinMaxRange: CDF VAR_TYPE = 'metadata' and DataType not one of ['CDF_CHAR', 'CDF_UCHAR']
RBSP-B-RBSPICE_LEV-3-PAP_TOFXEION | ISTP.DataType.Invalid:
  Channel: CDF VAR_TYPE = 'metadata' and DataType not one of ['CDF_CHAR', 'CDF_UCHAR']
  Bin: CDF VAR_TYPE = 'metadata' and DataType not one of ['CDF_CHAR', 'CDF_UCHAR']
  Axis: CDF VAR_TYPE = 'metadata' and DataType not one of ['CDF_CHAR', 'CDF_UCHAR']
  MinMaxRange: CDF VAR_TYPE = 'metadata' and DataType not one of ['CDF_CHAR', 'CDF_UCHAR']
RBSP-B-RBSPICE_LEV-3-PAP_TOFXEO | ISTP.DataType.Invalid:
  Channel: CDF VAR_TYPE = 'metadata' and DataType not one of ['CDF_CHAR', 'CDF_UCHAR']
  Bin: CDF VAR_TYPE = 'metadata' and DataType not one of ['CDF_CHAR', 'CDF_UCHAR']
  Axis: CDF VAR_TYPE = 'metadata' and DataType not one of ['CDF_CHAR', 'CDF_UCHAR']
  MinMaxRange: CDF VAR_TYPE = 'metadata' and DataType not one of ['CDF_CHAR', 'CDF_UCHAR']
RBSP-B-RBSPICE_LEV-3-PAP_TOFXEO-0 | ISTP.DataType.Invalid:
  Channel: CDF VAR_TYPE = 'metadata' and DataType not one of ['CDF_CHAR', 'CDF_UCHAR']
  Bin: CDF VAR_TYPE = 'metadata' and DataType not one of ['CDF_CHAR', 'CDF_UCHAR']
  Axis: CDF VAR_TYPE = 'metadata' and DataType not one of ['CDF_CHAR', 'CDF_UCHAR']
  MinMaxRange: CDF VAR_TYPE = 'metadata' and DataType not one of ['CDF_CHAR', 'CDF_UCHAR']
RBSP-B-RBSPICE_LEV-3-PAP_TOFXPHHHELT | ISTP.DataType.Invalid:
  Channel: CDF VAR_TYPE = 'metadata' and DataType not one of ['CDF_CHAR', 'CDF_UCHAR']
  Bin: CDF VAR_TYPE = 'metadata' and DataType not one of ['CDF_CHAR', 'CDF_UCHAR']
  Axis: CDF VAR_TYPE = 'metadata' and DataType not one of ['CDF_CHAR', 'CDF_UCHAR']
  MinMaxRange: CDF VAR_TYPE = 'metadata' and DataType not one of ['CDF_CHAR', 'CDF_UCHAR']
RBSP-B-RBSPICE_LEV-3-PAP_TOFXPHHLEHT | ISTP.DataType.Invalid:
  Channel: CDF VAR_TYPE = 'metadata' and DataType not one of ['CDF_CHAR', 'CDF_UCHAR']
  Bin: CDF VAR_TYPE = 'metadata' and DataType not one of ['CDF_CHAR', 'CDF_UCHAR']
  Axis: CDF VAR_TYPE = 'metadata' and DataType not one of ['CDF_CHAR', 'CDF_UCHAR']
  MinMaxRange: CDF VAR_TYPE = 'metadata' and DataType not one of ['CDF_CHAR', 'CDF_UCHAR']
RBSP-B-RBSPICE_LEV-3-PAP_TOFXPHOHELT | ISTP.DataType.Invalid:
  Channel: CDF VAR_TYPE = 'metadata' and DataType not one of ['CDF_CHAR', 'CDF_UCHAR']
  Bin: CDF VAR_TYPE = 'metadata' and DataType not one of ['CDF_CHAR', 'CDF_UCHAR']
  Axis: CDF VAR_TYPE = 'metadata' and DataType not one of ['CDF_CHAR', 'CDF_UCHAR']
  MinMaxRange: CDF VAR_TYPE = 'metadata' and DataType not one of ['CDF_CHAR', 'CDF_UCHAR']
RBSP-B-RBSPICE_LEV-3-PAP_TOFXPHOLEHT | ISTP.DataType.Invalid:
  Channel: CDF VAR_TYPE = 'metadata' and DataType not one of ['CDF_CHAR', 'CDF_UCHAR']
  Bin: CDF VAR_TYPE = 'metadata' and DataType not one of ['CDF_CHAR', 'CDF_UCHAR']
  Axis: CDF VAR_TYPE = 'metadata' and DataType not one of ['CDF_CHAR', 'CDF_UCHAR']
  MinMaxRange: CDF VAR_TYPE = 'metadata' and DataType not one of ['CDF_CHAR', 'CDF_UCHAR']
RBSPA_EFW-L2_E-HIRES-UVW | ISTP.DataType.Invalid:
  vsvy_maxval: CDF VAR_TYPE = 'metadata' and DataType not one of ['CDF_CHAR', 'CDF_UCHAR']
  e_maxval: CDF VAR_TYPE = 'metadata' and DataType not one of ['CDF_CHAR', 'CDF_UCHAR']
  epara_maxval: CDF VAR_TYPE = 'metadata' and DataType not one of ['CDF_CHAR', 'CDF_UCHAR']
  EFW_QUAL_GOOD: CDF VAR_TYPE = 'metadata' and DataType not one of ['CDF_CHAR', 'CDF_UCHAR']
  EFW_QUAL_UNK: CDF VAR_TYPE = 'metadata' and DataType not one of ['CDF_CHAR', 'CDF_UCHAR']
  EFW_QUAL_NR: CDF VAR_TYPE = 'metadata' and DataType not one of ['CDF_CHAR', 'CDF_UCHAR']
  e_shorting_factor: CDF VAR_TYPE = 'metadata' and DataType not one of ['CDF_CHAR', 'CDF_UCHAR']
  e_boom_length: CDF VAR_TYPE = 'metadata' and DataType not one of ['CDF_CHAR', 'CDF_UCHAR']
RBSPA_EFW-L2_E-SPINFIT-MGSE | ISTP.DataType.Invalid:
  vsvy_maxval: CDF VAR_TYPE = 'metadata' and DataType not one of ['CDF_CHAR', 'CDF_UCHAR']
  e_maxval: CDF VAR_TYPE = 'metadata' and DataType not one of ['CDF_CHAR', 'CDF_UCHAR']
  epara_maxval: CDF VAR_TYPE = 'metadata' and DataType not one of ['CDF_CHAR', 'CDF_UCHAR']
  EFW_QUAL_GOOD: CDF VAR_TYPE = 'metadata' and DataType not one of ['CDF_CHAR', 'CDF_UCHAR']
  EFW_QUAL_UNK: CDF VAR_TYPE = 'metadata' and DataType not one of ['CDF_CHAR', 'CDF_UCHAR']
  EFW_QUAL_NR: CDF VAR_TYPE = 'metadata' and DataType not one of ['CDF_CHAR', 'CDF_UCHAR']
RBSPA_EFW-L2_ESVY_DESPUN | ISTP.DataType.Invalid:
  esvy_compno: CDF VAR_TYPE = 'metadata' and DataType not one of ['CDF_CHAR', 'CDF_UCHAR']
  vsvy_maxval: CDF VAR_TYPE = 'metadata' and DataType not one of ['CDF_CHAR', 'CDF_UCHAR']
  e_maxval: CDF VAR_TYPE = 'metadata' and DataType not one of ['CDF_CHAR', 'CDF_UCHAR']
  epara_maxval: CDF VAR_TYPE = 'metadata' and DataType not one of ['CDF_CHAR', 'CDF_UCHAR']
  EFW_QUAL_GOOD: CDF VAR_TYPE = 'metadata' and DataType not one of ['CDF_CHAR', 'CDF_UCHAR']
  EFW_QUAL_UNK: CDF VAR_TYPE = 'metadata' and DataType not one of ['CDF_CHAR', 'CDF_UCHAR']
  EFW_QUAL_NR: CDF VAR_TYPE = 'metadata' and DataType not one of ['CDF_CHAR', 'CDF_UCHAR']
RBSPA_EFW-L3 | ISTP.DataType.Invalid:
  boom_pair_used: CDF VAR_TYPE = 'metadata' and DataType not one of ['CDF_CHAR', 'CDF_UCHAR']
  date: CDF VAR_TYPE = 'metadata' and DataType not one of ['CDF_CHAR', 'CDF_UCHAR']
RBSPA_L2-1MIN_PSBR-RPS | ISTP.DataType.Invalid:
  DATA_CHANNEL_ID: CDF VAR_TYPE = 'metadata' and DataType not one of ['CDF_CHAR', 'CDF_UCHAR']
RBSPA_L2_PSBR-RPS | ISTP.DataType.Invalid:
  DATA_CHANNEL_ID: CDF VAR_TYPE = 'metadata' and DataType not one of ['CDF_CHAR', 'CDF_UCHAR']
RBSPA_REL03_ECT-REPT-SCI-L2 | ISTP.DataType.Invalid:
  Cal_Change_Count: CDF VAR_TYPE = 'metadata' and DataType not one of ['CDF_CHAR', 'CDF_UCHAR']
  Cal_Index: CDF VAR_TYPE = 'metadata' and DataType not one of ['CDF_CHAR', 'CDF_UCHAR']
RBSPA_REL04_ECT-MAGEIS-L3 | ISTP.DataType.Invalid:
  Clamp_Threshold_Electron: CDF VAR_TYPE = 'metadata' and DataType not one of ['CDF_CHAR', 'CDF_UCHAR']
  Clamp_Threshold_Ion: CDF VAR_TYPE = 'metadata' and DataType not one of ['CDF_CHAR', 'CDF_UCHAR']
RBSPB_EFW-L2_E-HIRES-UVW | ISTP.DataType.Invalid:
  vsvy_maxval: CDF VAR_TYPE = 'metadata' and DataType not one of ['CDF_CHAR', 'CDF_UCHAR']
  e_maxval: CDF VAR_TYPE = 'metadata' and DataType not one of ['CDF_CHAR', 'CDF_UCHAR']
  epara_maxval: CDF VAR_TYPE = 'metadata' and DataType not one of ['CDF_CHAR', 'CDF_UCHAR']
  EFW_QUAL_GOOD: CDF VAR_TYPE = 'metadata' and DataType not one of ['CDF_CHAR', 'CDF_UCHAR']
  EFW_QUAL_UNK: CDF VAR_TYPE = 'metadata' and DataType not one of ['CDF_CHAR', 'CDF_UCHAR']
  EFW_QUAL_NR: CDF VAR_TYPE = 'metadata' and DataType not one of ['CDF_CHAR', 'CDF_UCHAR']
  e_shorting_factor: CDF VAR_TYPE = 'metadata' and DataType not one of ['CDF_CHAR', 'CDF_UCHAR']
  e_boom_length: CDF VAR_TYPE = 'metadata' and DataType not one of ['CDF_CHAR', 'CDF_UCHAR']
RBSPB_EFW-L2_E-SPINFIT-MGSE | ISTP.DataType.Invalid:
  vsvy_maxval: CDF VAR_TYPE = 'metadata' and DataType not one of ['CDF_CHAR', 'CDF_UCHAR']
  e_maxval: CDF VAR_TYPE = 'metadata' and DataType not one of ['CDF_CHAR', 'CDF_UCHAR']
  epara_maxval: CDF VAR_TYPE = 'metadata' and DataType not one of ['CDF_CHAR', 'CDF_UCHAR']
  EFW_QUAL_GOOD: CDF VAR_TYPE = 'metadata' and DataType not one of ['CDF_CHAR', 'CDF_UCHAR']
  EFW_QUAL_UNK: CDF VAR_TYPE = 'metadata' and DataType not one of ['CDF_CHAR', 'CDF_UCHAR']
  EFW_QUAL_NR: CDF VAR_TYPE = 'metadata' and DataType not one of ['CDF_CHAR', 'CDF_UCHAR']
RBSPB_EFW-L2_ESVY_DESPUN | ISTP.DataType.Invalid:
  esvy_compno: CDF VAR_TYPE = 'metadata' and DataType not one of ['CDF_CHAR', 'CDF_UCHAR']
  vsvy_maxval: CDF VAR_TYPE = 'metadata' and DataType not one of ['CDF_CHAR', 'CDF_UCHAR']
  e_maxval: CDF VAR_TYPE = 'metadata' and DataType not one of ['CDF_CHAR', 'CDF_UCHAR']
  epara_maxval: CDF VAR_TYPE = 'metadata' and DataType not one of ['CDF_CHAR', 'CDF_UCHAR']
  EFW_QUAL_GOOD: CDF VAR_TYPE = 'metadata' and DataType not one of ['CDF_CHAR', 'CDF_UCHAR']
  EFW_QUAL_UNK: CDF VAR_TYPE = 'metadata' and DataType not one of ['CDF_CHAR', 'CDF_UCHAR']
  EFW_QUAL_NR: CDF VAR_TYPE = 'metadata' and DataType not one of ['CDF_CHAR', 'CDF_UCHAR']
RBSPB_EFW-L3 | ISTP.DataType.Invalid:
  boom_pair_used: CDF VAR_TYPE = 'metadata' and DataType not one of ['CDF_CHAR', 'CDF_UCHAR']
  date: CDF VAR_TYPE = 'metadata' and DataType not one of ['CDF_CHAR', 'CDF_UCHAR']
RBSPB_L2-1MIN_PSBR-RPS | ISTP.DataType.Invalid:
  DATA_CHANNEL_ID: CDF VAR_TYPE = 'metadata' and DataType not one of ['CDF_CHAR', 'CDF_UCHAR']
RBSPB_L2_PSBR-RPS | ISTP.DataType.Invalid:
  DATA_CHANNEL_ID: CDF VAR_TYPE = 'metadata' and DataType not one of ['CDF_CHAR', 'CDF_UCHAR']
RBSPB_REL03_ECT-REPT-SCI-L2 | ISTP.DataType.Invalid:
  Cal_Change_Count: CDF VAR_TYPE = 'metadata' and DataType not one of ['CDF_CHAR', 'CDF_UCHAR']
  Cal_Index: CDF VAR_TYPE = 'metadata' and DataType not one of ['CDF_CHAR', 'CDF_UCHAR']
RBSPB_REL04_ECT-MAGEIS-L3 | ISTP.DataType.Invalid:
  Clamp_Threshold_Electron: CDF VAR_TYPE = 'metadata' and DataType not one of ['CDF_CHAR', 'CDF_UCHAR']
  Clamp_Threshold_Ion: CDF VAR_TYPE = 'metadata' and DataType not one of ['CDF_CHAR', 'CDF_UCHAR']
REACH-VID-101_DOSIMETER-L1C | ISTP.DataType.Invalid:
  time_base: CDF VAR_TYPE = 'metadata' and DataType not one of ['CDF_CHAR', 'CDF_UCHAR']
REACH-VID-102_DOSIMETER-L1C | ISTP.DataType.Invalid:
  time_base: CDF VAR_TYPE = 'metadata' and DataType not one of ['CDF_CHAR', 'CDF_UCHAR']
REACH-VID-105_DOSIMETER-L1C | ISTP.DataType.Invalid:
  time_base: CDF VAR_TYPE = 'metadata' and DataType not one of ['CDF_CHAR', 'CDF_UCHAR']
REACH-VID-108_DOSIMETER-L1C | ISTP.DataType.Invalid:
  time_base: CDF VAR_TYPE = 'metadata' and DataType not one of ['CDF_CHAR', 'CDF_UCHAR']
REACH-VID-113_DOSIMETER-L1C | ISTP.DataType.Invalid:
  time_base: CDF VAR_TYPE = 'metadata' and DataType not one of ['CDF_CHAR', 'CDF_UCHAR']
REACH-VID-114_DOSIMETER-L1C | ISTP.DataType.Invalid:
  time_base: CDF VAR_TYPE = 'metadata' and DataType not one of ['CDF_CHAR', 'CDF_UCHAR']
REACH-VID-115_DOSIMETER-L1C | ISTP.DataType.Invalid:
  time_base: CDF VAR_TYPE = 'metadata' and DataType not one of ['CDF_CHAR', 'CDF_UCHAR']
REACH-VID-116_DOSIMETER-L1C | ISTP.DataType.Invalid:
  time_base: CDF VAR_TYPE = 'metadata' and DataType not one of ['CDF_CHAR', 'CDF_UCHAR']
REACH-VID-133_DOSIMETER-L1C | ISTP.DataType.Invalid:
  time_base: CDF VAR_TYPE = 'metadata' and DataType not one of ['CDF_CHAR', 'CDF_UCHAR']
REACH-VID-134_DOSIMETER-L1C | ISTP.DataType.Invalid:
  time_base: CDF VAR_TYPE = 'metadata' and DataType not one of ['CDF_CHAR', 'CDF_UCHAR']
REACH-VID-135_DOSIMETER-L1C | ISTP.DataType.Invalid:
  time_base: CDF VAR_TYPE = 'metadata' and DataType not one of ['CDF_CHAR', 'CDF_UCHAR']
REACH-VID-136_DOSIMETER-L1C | ISTP.DataType.Invalid:
  time_base: CDF VAR_TYPE = 'metadata' and DataType not one of ['CDF_CHAR', 'CDF_UCHAR']
REACH-VID-137_DOSIMETER-L1C | ISTP.DataType.Invalid:
  time_base: CDF VAR_TYPE = 'metadata' and DataType not one of ['CDF_CHAR', 'CDF_UCHAR']
REACH-VID-138_DOSIMETER-L1C | ISTP.DataType.Invalid:
  time_base: CDF VAR_TYPE = 'metadata' and DataType not one of ['CDF_CHAR', 'CDF_UCHAR']
REACH-VID-139_DOSIMETER-L1C | ISTP.DataType.Invalid:
  time_base: CDF VAR_TYPE = 'metadata' and DataType not one of ['CDF_CHAR', 'CDF_UCHAR']
REACH-VID-140_DOSIMETER-L1C | ISTP.DataType.Invalid:
  time_base: CDF VAR_TYPE = 'metadata' and DataType not one of ['CDF_CHAR', 'CDF_UCHAR']
REACH-VID-148_DOSIMETER-L1C | ISTP.DataType.Invalid:
  time_base: CDF VAR_TYPE = 'metadata' and DataType not one of ['CDF_CHAR', 'CDF_UCHAR']
REACH-VID-149_DOSIMETER-L1C | ISTP.DataType.Invalid:
  time_base: CDF VAR_TYPE = 'metadata' and DataType not one of ['CDF_CHAR', 'CDF_UCHAR']
REACH-VID-162_DOSIMETER-L1C | ISTP.DataType.Invalid:
  time_base: CDF VAR_TYPE = 'metadata' and DataType not one of ['CDF_CHAR', 'CDF_UCHAR']
REACH-VID-163_DOSIMETER-L1C | ISTP.DataType.Invalid:
  time_base: CDF VAR_TYPE = 'metadata' and DataType not one of ['CDF_CHAR', 'CDF_UCHAR']
REACH-VID-164_DOSIMETER-L1C | ISTP.DataType.Invalid:
  time_base: CDF VAR_TYPE = 'metadata' and DataType not one of ['CDF_CHAR', 'CDF_UCHAR']
REACH-VID-165_DOSIMETER-L1C | ISTP.DataType.Invalid:
  time_base: CDF VAR_TYPE = 'metadata' and DataType not one of ['CDF_CHAR', 'CDF_UCHAR']
REACH-VID-166_DOSIMETER-L1C | ISTP.DataType.Invalid:
  time_base: CDF VAR_TYPE = 'metadata' and DataType not one of ['CDF_CHAR', 'CDF_UCHAR']
REACH-VID-169_DOSIMETER-L1C | ISTP.DataType.Invalid:
  time_base: CDF VAR_TYPE = 'metadata' and DataType not one of ['CDF_CHAR', 'CDF_UCHAR']
REACH-VID-170_DOSIMETER-L1C | ISTP.DataType.Invalid:
  time_base: CDF VAR_TYPE = 'metadata' and DataType not one of ['CDF_CHAR', 'CDF_UCHAR']
REACH-VID-171_DOSIMETER-L1C | ISTP.DataType.Invalid:
  time_base: CDF VAR_TYPE = 'metadata' and DataType not one of ['CDF_CHAR', 'CDF_UCHAR']
REACH-VID-172_DOSIMETER-L1C | ISTP.DataType.Invalid:
  time_base: CDF VAR_TYPE = 'metadata' and DataType not one of ['CDF_CHAR', 'CDF_UCHAR']
REACH-VID-173_DOSIMETER-L1C | ISTP.DataType.Invalid:
  time_base: CDF VAR_TYPE = 'metadata' and DataType not one of ['CDF_CHAR', 'CDF_UCHAR']
REACH-VID-175_DOSIMETER-L1C | ISTP.DataType.Invalid:
  time_base: CDF VAR_TYPE = 'metadata' and DataType not one of ['CDF_CHAR', 'CDF_UCHAR']
REACH-VID-176_DOSIMETER-L1C | ISTP.DataType.Invalid:
  time_base: CDF VAR_TYPE = 'metadata' and DataType not one of ['CDF_CHAR', 'CDF_UCHAR']
REACH-VID-180_DOSIMETER-L1C | ISTP.DataType.Invalid:
  time_base: CDF VAR_TYPE = 'metadata' and DataType not one of ['CDF_CHAR', 'CDF_UCHAR']
REACH-VID-181_DOSIMETER-L1C | ISTP.DataType.Invalid:
  time_base: CDF VAR_TYPE = 'metadata' and DataType not one of ['CDF_CHAR', 'CDF_UCHAR']
SOLO_L2_MAG-RTN-BURST | ISTP.DataType.Invalid:
  VECTOR_TIME_RESOLUTION: CDF VAR_TYPE = 'metadata' and DataType not one of ['CDF_CHAR', 'CDF_UCHAR']
  VECTOR_RANGE: CDF VAR_TYPE = 'metadata' and DataType not one of ['CDF_CHAR', 'CDF_UCHAR']
  QUALITY_BITMASK: CDF VAR_TYPE = 'metadata' and DataType not one of ['CDF_CHAR', 'CDF_UCHAR']
  QUALITY_FLAG: CDF VAR_TYPE = 'metadata' and DataType not one of ['CDF_CHAR', 'CDF_UCHAR']
SOLO_L2_MAG-RTN-LL | ISTP.DataType.Invalid:
  EPOCH: CDF VAR_TYPE = 'metadata' and DataType not one of ['CDF_CHAR', 'CDF_UCHAR']
  VECTOR_TIME_RESOLUTION: CDF VAR_TYPE = 'metadata' and DataType not one of ['CDF_CHAR', 'CDF_UCHAR']
  VECTOR_RANGE: CDF VAR_TYPE = 'metadata' and DataType not one of ['CDF_CHAR', 'CDF_UCHAR']
  QUALITY_BITMASK: CDF VAR_TYPE = 'metadata' and DataType not one of ['CDF_CHAR', 'CDF_UCHAR']
  QUALITY_FLAG: CDF VAR_TYPE = 'metadata' and DataType not one of ['CDF_CHAR', 'CDF_UCHAR']
SOLO_L2_MAG-RTN-LL-1-MINUTE | ISTP.DataType.Invalid:
  EPOCH: CDF VAR_TYPE = 'metadata' and DataType not one of ['CDF_CHAR', 'CDF_UCHAR']
  VECTOR_TIME_RESOLUTION: CDF VAR_TYPE = 'metadata' and DataType not one of ['CDF_CHAR', 'CDF_UCHAR']
  VECTOR_RANGE: CDF VAR_TYPE = 'metadata' and DataType not one of ['CDF_CHAR', 'CDF_UCHAR']
  QUALITY_BITMASK: CDF VAR_TYPE = 'metadata' and DataType not one of ['CDF_CHAR', 'CDF_UCHAR']
  QUALITY_FLAG: CDF VAR_TYPE = 'metadata' and DataType not one of ['CDF_CHAR', 'CDF_UCHAR']
SOLO_L2_MAG-RTN-NORMAL | ISTP.DataType.Invalid:
  VECTOR_TIME_RESOLUTION: CDF VAR_TYPE = 'metadata' and DataType not one of ['CDF_CHAR', 'CDF_UCHAR']
  VECTOR_RANGE: CDF VAR_TYPE = 'metadata' and DataType not one of ['CDF_CHAR', 'CDF_UCHAR']
  QUALITY_BITMASK: CDF VAR_TYPE = 'metadata' and DataType not one of ['CDF_CHAR', 'CDF_UCHAR']
  QUALITY_FLAG: CDF VAR_TYPE = 'metadata' and DataType not one of ['CDF_CHAR', 'CDF_UCHAR']
SOLO_L2_MAG-RTN-NORMAL-1-MINUTE | ISTP.DataType.Invalid:
  VECTOR_TIME_RESOLUTION: CDF VAR_TYPE = 'metadata' and DataType not one of ['CDF_CHAR', 'CDF_UCHAR']
  VECTOR_RANGE: CDF VAR_TYPE = 'metadata' and DataType not one of ['CDF_CHAR', 'CDF_UCHAR']
  QUALITY_BITMASK: CDF VAR_TYPE = 'metadata' and DataType not one of ['CDF_CHAR', 'CDF_UCHAR']
  QUALITY_FLAG: CDF VAR_TYPE = 'metadata' and DataType not one of ['CDF_CHAR', 'CDF_UCHAR']
SOLO_L2_MAG-SRF-BURST | ISTP.DataType.Invalid:
  VECTOR_TIME_RESOLUTION: CDF VAR_TYPE = 'metadata' and DataType not one of ['CDF_CHAR', 'CDF_UCHAR']
  VECTOR_RANGE: CDF VAR_TYPE = 'metadata' and DataType not one of ['CDF_CHAR', 'CDF_UCHAR']
  QUALITY_BITMASK: CDF VAR_TYPE = 'metadata' and DataType not one of ['CDF_CHAR', 'CDF_UCHAR']
  QUALITY_FLAG: CDF VAR_TYPE = 'metadata' and DataType not one of ['CDF_CHAR', 'CDF_UCHAR']
SOLO_L2_MAG-SRF-LL | ISTP.DataType.Invalid:
  EPOCH: CDF VAR_TYPE = 'metadata' and DataType not one of ['CDF_CHAR', 'CDF_UCHAR']
  VECTOR_TIME_RESOLUTION: CDF VAR_TYPE = 'metadata' and DataType not one of ['CDF_CHAR', 'CDF_UCHAR']
  VECTOR_RANGE: CDF VAR_TYPE = 'metadata' and DataType not one of ['CDF_CHAR', 'CDF_UCHAR']
  QUALITY_BITMASK: CDF VAR_TYPE = 'metadata' and DataType not one of ['CDF_CHAR', 'CDF_UCHAR']
  QUALITY_FLAG: CDF VAR_TYPE = 'metadata' and DataType not one of ['CDF_CHAR', 'CDF_UCHAR']
SOLO_L2_MAG-SRF-NORMAL | ISTP.DataType.Invalid:
  VECTOR_TIME_RESOLUTION: CDF VAR_TYPE = 'metadata' and DataType not one of ['CDF_CHAR', 'CDF_UCHAR']
  VECTOR_RANGE: CDF VAR_TYPE = 'metadata' and DataType not one of ['CDF_CHAR', 'CDF_UCHAR']
  QUALITY_BITMASK: CDF VAR_TYPE = 'metadata' and DataType not one of ['CDF_CHAR', 'CDF_UCHAR']
  QUALITY_FLAG: CDF VAR_TYPE = 'metadata' and DataType not one of ['CDF_CHAR', 'CDF_UCHAR']
SOLO_L2_MAG-VSO-BURST | ISTP.DataType.Invalid:
  EPOCH: CDF VAR_TYPE = 'metadata' and DataType not one of ['CDF_CHAR', 'CDF_UCHAR']
  VECTOR_TIME_RESOLUTION: CDF VAR_TYPE = 'metadata' and DataType not one of ['CDF_CHAR', 'CDF_UCHAR']
  VECTOR_RANGE: CDF VAR_TYPE = 'metadata' and DataType not one of ['CDF_CHAR', 'CDF_UCHAR']
  QUALITY_BITMASK: CDF VAR_TYPE = 'metadata' and DataType not one of ['CDF_CHAR', 'CDF_UCHAR']
  QUALITY_FLAG: CDF VAR_TYPE = 'metadata' and DataType not one of ['CDF_CHAR', 'CDF_UCHAR']
SOLO_L2_MAG-VSO-NORMAL | ISTP.DataType.Invalid:
  EPOCH: CDF VAR_TYPE = 'metadata' and DataType not one of ['CDF_CHAR', 'CDF_UCHAR']
  VECTOR_TIME_RESOLUTION: CDF VAR_TYPE = 'metadata' and DataType not one of ['CDF_CHAR', 'CDF_UCHAR']
  VECTOR_RANGE: CDF VAR_TYPE = 'metadata' and DataType not one of ['CDF_CHAR', 'CDF_UCHAR']
  QUALITY_BITMASK: CDF VAR_TYPE = 'metadata' and DataType not one of ['CDF_CHAR', 'CDF_UCHAR']
  QUALITY_FLAG: CDF VAR_TYPE = 'metadata' and DataType not one of ['CDF_CHAR', 'CDF_UCHAR']
SOLO_L2_MAG-VSO-NORMAL-1-MINUTE | ISTP.DataType.Invalid:
  EPOCH: CDF VAR_TYPE = 'metadata' and DataType not one of ['CDF_CHAR', 'CDF_UCHAR']
  VECTOR_TIME_RESOLUTION: CDF VAR_TYPE = 'metadata' and DataType not one of ['CDF_CHAR', 'CDF_UCHAR']
  VECTOR_RANGE: CDF VAR_TYPE = 'metadata' and DataType not one of ['CDF_CHAR', 'CDF_UCHAR']
  QUALITY_BITMASK: CDF VAR_TYPE = 'metadata' and DataType not one of ['CDF_CHAR', 'CDF_UCHAR']
  QUALITY_FLAG: CDF VAR_TYPE = 'metadata' and DataType not one of ['CDF_CHAR', 'CDF_UCHAR']
SOLO_L2_RPW-LFR-SURV-ASM | ISTP.DataType.Invalid:
  DIR_F0_1: CDF VAR_TYPE = 'metadata' and DataType not one of ['CDF_CHAR', 'CDF_UCHAR']
  DIR_F0_2: CDF VAR_TYPE = 'metadata' and DataType not one of ['CDF_CHAR', 'CDF_UCHAR']
  DIR_F1_1: CDF VAR_TYPE = 'metadata' and DataType not one of ['CDF_CHAR', 'CDF_UCHAR']
  DIR_F1_2: CDF VAR_TYPE = 'metadata' and DataType not one of ['CDF_CHAR', 'CDF_UCHAR']
  DIR_F2_1: CDF VAR_TYPE = 'metadata' and DataType not one of ['CDF_CHAR', 'CDF_UCHAR']
  DIR_F2_2: CDF VAR_TYPE = 'metadata' and DataType not one of ['CDF_CHAR', 'CDF_UCHAR']
SOLO_L2_SWA-EAS1-HIRES3D-DEF | ISTP.DataType.Invalid:
  SWA_EAS1_ENERGY_reorder: CDF VAR_TYPE = 'metadata' and DataType not one of ['CDF_CHAR', 'CDF_UCHAR']
SOLO_L2_SWA-EAS1-HIRES3D-DNF | ISTP.DataType.Invalid:
  SWA_EAS1_ENERGY_reorder: CDF VAR_TYPE = 'metadata' and DataType not one of ['CDF_CHAR', 'CDF_UCHAR']
SOLO_L2_SWA-EAS1-HIRES3D-PSD | ISTP.DataType.Invalid:
  SWA_EAS1_ENERGY_reorder: CDF VAR_TYPE = 'metadata' and DataType not one of ['CDF_CHAR', 'CDF_UCHAR']
SOLO_L2_SWA-EAS1-NM3D-DEF | ISTP.DataType.Invalid:
  SWA_EAS_ELEVATION: CDF VAR_TYPE = 'metadata' and DataType not one of ['CDF_CHAR', 'CDF_UCHAR']
  SWA_EAS_ELEVATION_reorder: CDF VAR_TYPE = 'metadata' and DataType not one of ['CDF_CHAR', 'CDF_UCHAR']
  SWA_EAS_ELEVATION_delta_upper: CDF VAR_TYPE = 'metadata' and DataType not one of ['CDF_CHAR', 'CDF_UCHAR']
  SWA_EAS_ELEVATION_delta_lower: CDF VAR_TYPE = 'metadata' and DataType not one of ['CDF_CHAR', 'CDF_UCHAR']
  SWA_EAS_AZIMUTH: CDF VAR_TYPE = 'metadata' and DataType not one of ['CDF_CHAR', 'CDF_UCHAR']
  SWA_EAS_AZIMUTH_delta_upper: CDF VAR_TYPE = 'metadata' and DataType not one of ['CDF_CHAR', 'CDF_UCHAR']
  SWA_EAS_AZIMUTH_delta_lower: CDF VAR_TYPE = 'metadata' and DataType not one of ['CDF_CHAR', 'CDF_UCHAR']
  SWA_EAS1_ENERGY: CDF VAR_TYPE = 'metadata' and DataType not one of ['CDF_CHAR', 'CDF_UCHAR']
  SWA_EAS1_ENERGY_reorder: CDF VAR_TYPE = 'metadata' and DataType not one of ['CDF_CHAR', 'CDF_UCHAR']
  SWA_EAS1_ENERGY_delta_upper: CDF VAR_TYPE = 'metadata' and DataType not one of ['CDF_CHAR', 'CDF_UCHAR']
  SWA_EAS1_ENERGY_delta_lower: CDF VAR_TYPE = 'metadata' and DataType not one of ['CDF_CHAR', 'CDF_UCHAR']
  EAS1_TO_SRF: CDF VAR_TYPE = 'metadata' and DataType not one of ['CDF_CHAR', 'CDF_UCHAR']
SOLO_L2_SWA-EAS1-NM3D-DNF | ISTP.DataType.Invalid:
  SWA_EAS_ELEVATION: CDF VAR_TYPE = 'metadata' and DataType not one of ['CDF_CHAR', 'CDF_UCHAR']
  SWA_EAS_ELEVATION_reorder: CDF VAR_TYPE = 'metadata' and DataType not one of ['CDF_CHAR', 'CDF_UCHAR']
  SWA_EAS_ELEVATION_delta_upper: CDF VAR_TYPE = 'metadata' and DataType not one of ['CDF_CHAR', 'CDF_UCHAR']
  SWA_EAS_ELEVATION_delta_lower: CDF VAR_TYPE = 'metadata' and DataType not one of ['CDF_CHAR', 'CDF_UCHAR']
  SWA_EAS_AZIMUTH: CDF VAR_TYPE = 'metadata' and DataType not one of ['CDF_CHAR', 'CDF_UCHAR']
  SWA_EAS_AZIMUTH_delta_upper: CDF VAR_TYPE = 'metadata' and DataType not one of ['CDF_CHAR', 'CDF_UCHAR']
  SWA_EAS_AZIMUTH_delta_lower: CDF VAR_TYPE = 'metadata' and DataType not one of ['CDF_CHAR', 'CDF_UCHAR']
  SWA_EAS1_ENERGY: CDF VAR_TYPE = 'metadata' and DataType not one of ['CDF_CHAR', 'CDF_UCHAR']
  SWA_EAS1_ENERGY_reorder: CDF VAR_TYPE = 'metadata' and DataType not one of ['CDF_CHAR', 'CDF_UCHAR']
  SWA_EAS1_ENERGY_delta_upper: CDF VAR_TYPE = 'metadata' and DataType not one of ['CDF_CHAR', 'CDF_UCHAR']
  SWA_EAS1_ENERGY_delta_lower: CDF VAR_TYPE = 'metadata' and DataType not one of ['CDF_CHAR', 'CDF_UCHAR']
  EAS1_TO_SRF: CDF VAR_TYPE = 'metadata' and DataType not one of ['CDF_CHAR', 'CDF_UCHAR']
SOLO_L2_SWA-EAS1-NM3D-PSD | ISTP.DataType.Invalid:
  SWA_EAS_ELEVATION: CDF VAR_TYPE = 'metadata' and DataType not one of ['CDF_CHAR', 'CDF_UCHAR']
  SWA_EAS_ELEVATION_reorder: CDF VAR_TYPE = 'metadata' and DataType not one of ['CDF_CHAR', 'CDF_UCHAR']
  SWA_EAS_ELEVATION_delta_upper: CDF VAR_TYPE = 'metadata' and DataType not one of ['CDF_CHAR', 'CDF_UCHAR']
  SWA_EAS_ELEVATION_delta_lower: CDF VAR_TYPE = 'metadata' and DataType not one of ['CDF_CHAR', 'CDF_UCHAR']
  SWA_EAS_AZIMUTH: CDF VAR_TYPE = 'metadata' and DataType not one of ['CDF_CHAR', 'CDF_UCHAR']
  SWA_EAS_AZIMUTH_delta_upper: CDF VAR_TYPE = 'metadata' and DataType not one of ['CDF_CHAR', 'CDF_UCHAR']
  SWA_EAS_AZIMUTH_delta_lower: CDF VAR_TYPE = 'metadata' and DataType not one of ['CDF_CHAR', 'CDF_UCHAR']
  SWA_EAS1_ENERGY: CDF VAR_TYPE = 'metadata' and DataType not one of ['CDF_CHAR', 'CDF_UCHAR']
  SWA_EAS1_ENERGY_reorder: CDF VAR_TYPE = 'metadata' and DataType not one of ['CDF_CHAR', 'CDF_UCHAR']
  SWA_EAS1_ENERGY_delta_upper: CDF VAR_TYPE = 'metadata' and DataType not one of ['CDF_CHAR', 'CDF_UCHAR']
  SWA_EAS1_ENERGY_delta_lower: CDF VAR_TYPE = 'metadata' and DataType not one of ['CDF_CHAR', 'CDF_UCHAR']
  EAS1_TO_SRF: CDF VAR_TYPE = 'metadata' and DataType not one of ['CDF_CHAR', 'CDF_UCHAR']
SOLO_L2_SWA-EAS2-NM3D-DEF | ISTP.DataType.Invalid:
  SWA_EAS_ELEVATION: CDF VAR_TYPE = 'metadata' and DataType not one of ['CDF_CHAR', 'CDF_UCHAR']
  SWA_EAS_ELEVATION_reorder: CDF VAR_TYPE = 'metadata' and DataType not one of ['CDF_CHAR', 'CDF_UCHAR']
  SWA_EAS_ELEVATION_delta_upper: CDF VAR_TYPE = 'metadata' and DataType not one of ['CDF_CHAR', 'CDF_UCHAR']
  SWA_EAS_ELEVATION_delta_lower: CDF VAR_TYPE = 'metadata' and DataType not one of ['CDF_CHAR', 'CDF_UCHAR']
  SWA_EAS_AZIMUTH: CDF VAR_TYPE = 'metadata' and DataType not one of ['CDF_CHAR', 'CDF_UCHAR']
  SWA_EAS_AZIMUTH_delta_upper: CDF VAR_TYPE = 'metadata' and DataType not one of ['CDF_CHAR', 'CDF_UCHAR']
  SWA_EAS_AZIMUTH_delta_lower: CDF VAR_TYPE = 'metadata' and DataType not one of ['CDF_CHAR', 'CDF_UCHAR']
  SWA_EAS2_ENERGY: CDF VAR_TYPE = 'metadata' and DataType not one of ['CDF_CHAR', 'CDF_UCHAR']
  SWA_EAS2_ENERGY_reorder: CDF VAR_TYPE = 'metadata' and DataType not one of ['CDF_CHAR', 'CDF_UCHAR']
  SWA_EAS2_ENERGY_delta_upper: CDF VAR_TYPE = 'metadata' and DataType not one of ['CDF_CHAR', 'CDF_UCHAR']
  SWA_EAS2_ENERGY_delta_lower: CDF VAR_TYPE = 'metadata' and DataType not one of ['CDF_CHAR', 'CDF_UCHAR']
  EAS2_TO_SRF: CDF VAR_TYPE = 'metadata' and DataType not one of ['CDF_CHAR', 'CDF_UCHAR']
SOLO_L2_SWA-EAS2-NM3D-DNF | ISTP.DataType.Invalid:
  SWA_EAS_ELEVATION: CDF VAR_TYPE = 'metadata' and DataType not one of ['CDF_CHAR', 'CDF_UCHAR']
  SWA_EAS_ELEVATION_reorder: CDF VAR_TYPE = 'metadata' and DataType not one of ['CDF_CHAR', 'CDF_UCHAR']
  SWA_EAS_ELEVATION_delta_upper: CDF VAR_TYPE = 'metadata' and DataType not one of ['CDF_CHAR', 'CDF_UCHAR']
  SWA_EAS_ELEVATION_delta_lower: CDF VAR_TYPE = 'metadata' and DataType not one of ['CDF_CHAR', 'CDF_UCHAR']
  SWA_EAS_AZIMUTH: CDF VAR_TYPE = 'metadata' and DataType not one of ['CDF_CHAR', 'CDF_UCHAR']
  SWA_EAS_AZIMUTH_delta_upper: CDF VAR_TYPE = 'metadata' and DataType not one of ['CDF_CHAR', 'CDF_UCHAR']
  SWA_EAS_AZIMUTH_delta_lower: CDF VAR_TYPE = 'metadata' and DataType not one of ['CDF_CHAR', 'CDF_UCHAR']
  SWA_EAS2_ENERGY: CDF VAR_TYPE = 'metadata' and DataType not one of ['CDF_CHAR', 'CDF_UCHAR']
  SWA_EAS2_ENERGY_reorder: CDF VAR_TYPE = 'metadata' and DataType not one of ['CDF_CHAR', 'CDF_UCHAR']
  SWA_EAS2_ENERGY_delta_upper: CDF VAR_TYPE = 'metadata' and DataType not one of ['CDF_CHAR', 'CDF_UCHAR']
  SWA_EAS2_ENERGY_delta_lower: CDF VAR_TYPE = 'metadata' and DataType not one of ['CDF_CHAR', 'CDF_UCHAR']
  EAS2_TO_SRF: CDF VAR_TYPE = 'metadata' and DataType not one of ['CDF_CHAR', 'CDF_UCHAR']
SOLO_L2_SWA-EAS2-NM3D-PSD | ISTP.DataType.Invalid:
  SWA_EAS_ELEVATION: CDF VAR_TYPE = 'metadata' and DataType not one of ['CDF_CHAR', 'CDF_UCHAR']
  SWA_EAS_ELEVATION_reorder: CDF VAR_TYPE = 'metadata' and DataType not one of ['CDF_CHAR', 'CDF_UCHAR']
  SWA_EAS_ELEVATION_delta_upper: CDF VAR_TYPE = 'metadata' and DataType not one of ['CDF_CHAR', 'CDF_UCHAR']
  SWA_EAS_ELEVATION_delta_lower: CDF VAR_TYPE = 'metadata' and DataType not one of ['CDF_CHAR', 'CDF_UCHAR']
  SWA_EAS_AZIMUTH: CDF VAR_TYPE = 'metadata' and DataType not one of ['CDF_CHAR', 'CDF_UCHAR']
  SWA_EAS_AZIMUTH_delta_upper: CDF VAR_TYPE = 'metadata' and DataType not one of ['CDF_CHAR', 'CDF_UCHAR']
  SWA_EAS_AZIMUTH_delta_lower: CDF VAR_TYPE = 'metadata' and DataType not one of ['CDF_CHAR', 'CDF_UCHAR']
  SWA_EAS2_ENERGY: CDF VAR_TYPE = 'metadata' and DataType not one of ['CDF_CHAR', 'CDF_UCHAR']
  SWA_EAS2_ENERGY_reorder: CDF VAR_TYPE = 'metadata' and DataType not one of ['CDF_CHAR', 'CDF_UCHAR']
  SWA_EAS2_ENERGY_delta_upper: CDF VAR_TYPE = 'metadata' and DataType not one of ['CDF_CHAR', 'CDF_UCHAR']
  SWA_EAS2_ENERGY_delta_lower: CDF VAR_TYPE = 'metadata' and DataType not one of ['CDF_CHAR', 'CDF_UCHAR']
  EAS2_TO_SRF: CDF VAR_TYPE = 'metadata' and DataType not one of ['CDF_CHAR', 'CDF_UCHAR']
SOLO_L2_SWA-PAS-GRND-MOM | ISTP.DataType.Invalid:
  Half_interval: CDF VAR_TYPE = 'metadata' and DataType not one of ['CDF_CHAR', 'CDF_UCHAR']
SOLO_L3_SWA-EAS-NMPAD-PSD | ISTP.DataType.Invalid:
  SWA_EAS_ENERGY: CDF VAR_TYPE = 'metadata' and DataType not one of ['CDF_CHAR', 'CDF_UCHAR']
  SWA_EAS_ENERGY_DELTA_UPPER: CDF VAR_TYPE = 'metadata' and DataType not one of ['CDF_CHAR', 'CDF_UCHAR']
  SWA_EAS_ENERGY_DELTA_LOWER: CDF VAR_TYPE = 'metadata' and DataType not one of ['CDF_CHAR', 'CDF_UCHAR']
SOLO_LL02_MAG | ISTP.DataType.Invalid:
  SCET: CDF VAR_TYPE = 'metadata' and DataType not one of ['CDF_CHAR', 'CDF_UCHAR']
  QUALITY_FLAG: CDF VAR_TYPE = 'metadata' and DataType not one of ['CDF_CHAR', 'CDF_UCHAR']
  PRIMARY_SENSOR_FLAG: CDF VAR_TYPE = 'metadata' and DataType not one of ['CDF_CHAR', 'CDF_UCHAR']
  VECTOR_RANGE: CDF VAR_TYPE = 'metadata' and DataType not one of ['CDF_CHAR', 'CDF_UCHAR']
STA_L3_PLA_HEPLUS_SW_VELCTDIST_5MIN | ISTP.DataType.Invalid:
  PUI_bin_w: CDF VAR_TYPE = 'metadata' and DataType not one of ['CDF_CHAR', 'CDF_UCHAR']
STA_L3_WAV_HFR | ISTP.DataType.Invalid:
  QUALITY_FLAG: CDF VAR_TYPE = 'metadata' and DataType not one of ['CDF_CHAR', 'CDF_UCHAR']
  INTERPOL_FLAG: CDF VAR_TYPE = 'metadata' and DataType not one of ['CDF_CHAR', 'CDF_UCHAR']
STA_L3_WAV_LFR | ISTP.DataType.Invalid:
  QUALITY_FLAG: CDF VAR_TYPE = 'metadata' and DataType not one of ['CDF_CHAR', 'CDF_UCHAR']
  INTERPOL_FLAG: CDF VAR_TYPE = 'metadata' and DataType not one of ['CDF_CHAR', 'CDF_UCHAR']
STB_L3_WAV_HFR | ISTP.DataType.Invalid:
  QUALITY_FLAG: CDF VAR_TYPE = 'metadata' and DataType not one of ['CDF_CHAR', 'CDF_UCHAR']
  INTERPOL_FLAG: CDF VAR_TYPE = 'metadata' and DataType not one of ['CDF_CHAR', 'CDF_UCHAR']
STB_L3_WAV_LFR | ISTP.DataType.Invalid:
  QUALITY_FLAG: CDF VAR_TYPE = 'metadata' and DataType not one of ['CDF_CHAR', 'CDF_UCHAR']
  INTERPOL_FLAG: CDF VAR_TYPE = 'metadata' and DataType not one of ['CDF_CHAR', 'CDF_UCHAR']
THA_L1_STATE | ISTP.DataType.Invalid:
  tha_pos_compno: CDF VAR_TYPE = 'metadata' and DataType not one of ['CDF_CHAR', 'CDF_UCHAR']
  tha_vel_compno: CDF VAR_TYPE = 'metadata' and DataType not one of ['CDF_CHAR', 'CDF_UCHAR']
  tha_pos_gse_compno: CDF VAR_TYPE = 'metadata' and DataType not one of ['CDF_CHAR', 'CDF_UCHAR']
  tha_pos_gsm_compno: CDF VAR_TYPE = 'metadata' and DataType not one of ['CDF_CHAR', 'CDF_UCHAR']
  tha_vel_gse_compno: CDF VAR_TYPE = 'metadata' and DataType not one of ['CDF_CHAR', 'CDF_UCHAR']
  tha_vel_gsm_compno: CDF VAR_TYPE = 'metadata' and DataType not one of ['CDF_CHAR', 'CDF_UCHAR']
  tha_pos_sel_compno: CDF VAR_TYPE = 'metadata' and DataType not one of ['CDF_CHAR', 'CDF_UCHAR']
  tha_pos_sse_compno: CDF VAR_TYPE = 'metadata' and DataType not one of ['CDF_CHAR', 'CDF_UCHAR']
  tha_vel_sel_compno: CDF VAR_TYPE = 'metadata' and DataType not one of ['CDF_CHAR', 'CDF_UCHAR']
  tha_vel_sse_compno: CDF VAR_TYPE = 'metadata' and DataType not one of ['CDF_CHAR', 'CDF_UCHAR']
THA_L2_EFI | ISTP.DataType.Invalid:
  tha_efs_dot0_gse_compno: CDF VAR_TYPE = 'metadata' and DataType not one of ['CDF_CHAR', 'CDF_UCHAR']
  tha_efs_dot0_gsm_compno: CDF VAR_TYPE = 'metadata' and DataType not one of ['CDF_CHAR', 'CDF_UCHAR']
  tha_efs_dot0_dsl_compno: CDF VAR_TYPE = 'metadata' and DataType not one of ['CDF_CHAR', 'CDF_UCHAR']
  tha_eff_dot0_gse_compno: CDF VAR_TYPE = 'metadata' and DataType not one of ['CDF_CHAR', 'CDF_UCHAR']
  tha_eff_dot0_gsm_compno: CDF VAR_TYPE = 'metadata' and DataType not one of ['CDF_CHAR', 'CDF_UCHAR']
  tha_eff_dot0_dsl_compno: CDF VAR_TYPE = 'metadata' and DataType not one of ['CDF_CHAR', 'CDF_UCHAR']
  tha_eff_e12_efs_compno: CDF VAR_TYPE = 'metadata' and DataType not one of ['CDF_CHAR', 'CDF_UCHAR']
  tha_eff_e34_efs_compno: CDF VAR_TYPE = 'metadata' and DataType not one of ['CDF_CHAR', 'CDF_UCHAR']
THA_L2_ESA | ISTP.DataType.Invalid:
  tha_peif_t3_compno: CDF VAR_TYPE = 'metadata' and DataType not one of ['CDF_CHAR', 'CDF_UCHAR']
  tha_peif_magt3_compno: CDF VAR_TYPE = 'metadata' and DataType not one of ['CDF_CHAR', 'CDF_UCHAR']
  tha_peif_ptens_compno: CDF VAR_TYPE = 'metadata' and DataType not one of ['CDF_CHAR', 'CDF_UCHAR']
  tha_peif_mftens_compno: CDF VAR_TYPE = 'metadata' and DataType not one of ['CDF_CHAR', 'CDF_UCHAR']
  tha_peif_flux_compno: CDF VAR_TYPE = 'metadata' and DataType not one of ['CDF_CHAR', 'CDF_UCHAR']
  tha_peif_symm_compno: CDF VAR_TYPE = 'metadata' and DataType not one of ['CDF_CHAR', 'CDF_UCHAR']
  tha_peif_magf_compno: CDF VAR_TYPE = 'metadata' and DataType not one of ['CDF_CHAR', 'CDF_UCHAR']
  tha_peif_velocity_dsl_compno: CDF VAR_TYPE = 'metadata' and DataType not one of ['CDF_CHAR', 'CDF_UCHAR']
  tha_peif_velocity_gse_compno: CDF VAR_TYPE = 'metadata' and DataType not one of ['CDF_CHAR', 'CDF_UCHAR']
  tha_peif_velocity_gsm_compno: CDF VAR_TYPE = 'metadata' and DataType not one of ['CDF_CHAR', 'CDF_UCHAR']
  tha_peif_mode_compno: CDF VAR_TYPE = 'metadata' and DataType not one of ['CDF_CHAR', 'CDF_UCHAR']
  tha_peef_t3_compno: CDF VAR_TYPE = 'metadata' and DataType not one of ['CDF_CHAR', 'CDF_UCHAR']
  tha_peef_magt3_compno: CDF VAR_TYPE = 'metadata' and DataType not one of ['CDF_CHAR', 'CDF_UCHAR']
  tha_peef_ptens_compno: CDF VAR_TYPE = 'metadata' and DataType not one of ['CDF_CHAR', 'CDF_UCHAR']
  tha_peef_mftens_compno: CDF VAR_TYPE = 'metadata' and DataType not one of ['CDF_CHAR', 'CDF_UCHAR']
  tha_peef_flux_compno: CDF VAR_TYPE = 'metadata' and DataType not one of ['CDF_CHAR', 'CDF_UCHAR']
  tha_peef_symm_compno: CDF VAR_TYPE = 'metadata' and DataType not one of ['CDF_CHAR', 'CDF_UCHAR']
  tha_peef_magf_compno: CDF VAR_TYPE = 'metadata' and DataType not one of ['CDF_CHAR', 'CDF_UCHAR']
  tha_peef_velocity_dsl_compno: CDF VAR_TYPE = 'metadata' and DataType not one of ['CDF_CHAR', 'CDF_UCHAR']
  tha_peef_velocity_gse_compno: CDF VAR_TYPE = 'metadata' and DataType not one of ['CDF_CHAR', 'CDF_UCHAR']
  tha_peef_velocity_gsm_compno: CDF VAR_TYPE = 'metadata' and DataType not one of ['CDF_CHAR', 'CDF_UCHAR']
  tha_peef_mode_compno: CDF VAR_TYPE = 'metadata' and DataType not one of ['CDF_CHAR', 'CDF_UCHAR']
  tha_peir_t3_compno: CDF VAR_TYPE = 'metadata' and DataType not one of ['CDF_CHAR', 'CDF_UCHAR']
  tha_peir_magt3_compno: CDF VAR_TYPE = 'metadata' and DataType not one of ['CDF_CHAR', 'CDF_UCHAR']
  tha_peir_ptens_compno: CDF VAR_TYPE = 'metadata' and DataType not one of ['CDF_CHAR', 'CDF_UCHAR']
  tha_peir_mftens_compno: CDF VAR_TYPE = 'metadata' and DataType not one of ['CDF_CHAR', 'CDF_UCHAR']
  tha_peir_flux_compno: CDF VAR_TYPE = 'metadata' and DataType not one of ['CDF_CHAR', 'CDF_UCHAR']
  tha_peir_symm_compno: CDF VAR_TYPE = 'metadata' and DataType not one of ['CDF_CHAR', 'CDF_UCHAR']
  tha_peir_magf_compno: CDF VAR_TYPE = 'metadata' and DataType not one of ['CDF_CHAR', 'CDF_UCHAR']
  tha_peir_velocity_dsl_compno: CDF VAR_TYPE = 'metadata' and DataType not one of ['CDF_CHAR', 'CDF_UCHAR']
  tha_peir_velocity_gse_compno: CDF VAR_TYPE = 'metadata' and DataType not one of ['CDF_CHAR', 'CDF_UCHAR']
  tha_peir_velocity_gsm_compno: CDF VAR_TYPE = 'metadata' and DataType not one of ['CDF_CHAR', 'CDF_UCHAR']
  tha_peir_mode_compno: CDF VAR_TYPE = 'metadata' and DataType not one of ['CDF_CHAR', 'CDF_UCHAR']
  tha_peer_t3_compno: CDF VAR_TYPE = 'metadata' and DataType not one of ['CDF_CHAR', 'CDF_UCHAR']
  tha_peer_magt3_compno: CDF VAR_TYPE = 'metadata' and DataType not one of ['CDF_CHAR', 'CDF_UCHAR']
  tha_peer_ptens_compno: CDF VAR_TYPE = 'metadata' and DataType not one of ['CDF_CHAR', 'CDF_UCHAR']
  tha_peer_mftens_compno: CDF VAR_TYPE = 'metadata' and DataType not one of ['CDF_CHAR', 'CDF_UCHAR']
  tha_peer_flux_compno: CDF VAR_TYPE = 'metadata' and DataType not one of ['CDF_CHAR', 'CDF_UCHAR']
  tha_peer_symm_compno: CDF VAR_TYPE = 'metadata' and DataType not one of ['CDF_CHAR', 'CDF_UCHAR']
  tha_peer_magf_compno: CDF VAR_TYPE = 'metadata' and DataType not one of ['CDF_CHAR', 'CDF_UCHAR']
  tha_peer_velocity_dsl_compno: CDF VAR_TYPE = 'metadata' and DataType not one of ['CDF_CHAR', 'CDF_UCHAR']
  tha_peer_velocity_gse_compno: CDF VAR_TYPE = 'metadata' and DataType not one of ['CDF_CHAR', 'CDF_UCHAR']
  tha_peer_velocity_gsm_compno: CDF VAR_TYPE = 'metadata' and DataType not one of ['CDF_CHAR', 'CDF_UCHAR']
  tha_peer_mode_compno: CDF VAR_TYPE = 'metadata' and DataType not one of ['CDF_CHAR', 'CDF_UCHAR']
  tha_peib_t3_compno: CDF VAR_TYPE = 'metadata' and DataType not one of ['CDF_CHAR', 'CDF_UCHAR']
  tha_peib_magt3_compno: CDF VAR_TYPE = 'metadata' and DataType not one of ['CDF_CHAR', 'CDF_UCHAR']
  tha_peib_ptens_compno: CDF VAR_TYPE = 'metadata' and DataType not one of ['CDF_CHAR', 'CDF_UCHAR']
  tha_peib_mftens_compno: CDF VAR_TYPE = 'metadata' and DataType not one of ['CDF_CHAR', 'CDF_UCHAR']
  tha_peib_flux_compno: CDF VAR_TYPE = 'metadata' and DataType not one of ['CDF_CHAR', 'CDF_UCHAR']
  tha_peib_symm_compno: CDF VAR_TYPE = 'metadata' and DataType not one of ['CDF_CHAR', 'CDF_UCHAR']
  tha_peib_magf_compno: CDF VAR_TYPE = 'metadata' and DataType not one of ['CDF_CHAR', 'CDF_UCHAR']
  tha_peib_velocity_dsl_compno: CDF VAR_TYPE = 'metadata' and DataType not one of ['CDF_CHAR', 'CDF_UCHAR']
  tha_peib_velocity_gse_compno: CDF VAR_TYPE = 'metadata' and DataType not one of ['CDF_CHAR', 'CDF_UCHAR']
  tha_peib_velocity_gsm_compno: CDF VAR_TYPE = 'metadata' and DataType not one of ['CDF_CHAR', 'CDF_UCHAR']
  tha_peib_mode_compno: CDF VAR_TYPE = 'metadata' and DataType not one of ['CDF_CHAR', 'CDF_UCHAR']
  tha_peeb_t3_compno: CDF VAR_TYPE = 'metadata' and DataType not one of ['CDF_CHAR', 'CDF_UCHAR']
  tha_peeb_magt3_compno: CDF VAR_TYPE = 'metadata' and DataType not one of ['CDF_CHAR', 'CDF_UCHAR']
  tha_peeb_ptens_compno: CDF VAR_TYPE = 'metadata' and DataType not one of ['CDF_CHAR', 'CDF_UCHAR']
  tha_peeb_mftens_compno: CDF VAR_TYPE = 'metadata' and DataType not one of ['CDF_CHAR', 'CDF_UCHAR']
  tha_peeb_flux_compno: CDF VAR_TYPE = 'metadata' and DataType not one of ['CDF_CHAR', 'CDF_UCHAR']
  tha_peeb_symm_compno: CDF VAR_TYPE = 'metadata' and DataType not one of ['CDF_CHAR', 'CDF_UCHAR']
  tha_peeb_magf_compno: CDF VAR_TYPE = 'metadata' and DataType not one of ['CDF_CHAR', 'CDF_UCHAR']
  tha_peeb_velocity_dsl_compno: CDF VAR_TYPE = 'metadata' and DataType not one of ['CDF_CHAR', 'CDF_UCHAR']
  tha_peeb_velocity_gse_compno: CDF VAR_TYPE = 'metadata' and DataType not one of ['CDF_CHAR', 'CDF_UCHAR']
  tha_peeb_velocity_gsm_compno: CDF VAR_TYPE = 'metadata' and DataType not one of ['CDF_CHAR', 'CDF_UCHAR']
  tha_peeb_mode_compno: CDF VAR_TYPE = 'metadata' and DataType not one of ['CDF_CHAR', 'CDF_UCHAR']
THA_L2_FBK | ISTP.DataType.Invalid:
  tha_fbk_freqno: CDF VAR_TYPE = 'metadata' and DataType not one of ['CDF_CHAR', 'CDF_UCHAR']
THA_L2_FGM | ISTP.DataType.Invalid:
  tha_fgs_compno: CDF VAR_TYPE = 'metadata' and DataType not one of ['CDF_CHAR', 'CDF_UCHAR']
  tha_fgl_compno: CDF VAR_TYPE = 'metadata' and DataType not one of ['CDF_CHAR', 'CDF_UCHAR']
  tha_fgh_compno: CDF VAR_TYPE = 'metadata' and DataType not one of ['CDF_CHAR', 'CDF_UCHAR']
  tha_fge_compno: CDF VAR_TYPE = 'metadata' and DataType not one of ['CDF_CHAR', 'CDF_UCHAR']
THA_L2_FIT | ISTP.DataType.Invalid:
  tha_fgs_dsl_compno: CDF VAR_TYPE = 'metadata' and DataType not one of ['CDF_CHAR', 'CDF_UCHAR']
  tha_fgs_gse_compno: CDF VAR_TYPE = 'metadata' and DataType not one of ['CDF_CHAR', 'CDF_UCHAR']
  tha_fgs_gsm_compno: CDF VAR_TYPE = 'metadata' and DataType not one of ['CDF_CHAR', 'CDF_UCHAR']
  tha_efs_dsl_compno: CDF VAR_TYPE = 'metadata' and DataType not one of ['CDF_CHAR', 'CDF_UCHAR']
  tha_efs_0_dsl_compno: CDF VAR_TYPE = 'metadata' and DataType not one of ['CDF_CHAR', 'CDF_UCHAR']
  tha_efs_dot0_dsl_compno: CDF VAR_TYPE = 'metadata' and DataType not one of ['CDF_CHAR', 'CDF_UCHAR']
  tha_efs_gse_compno: CDF VAR_TYPE = 'metadata' and DataType not one of ['CDF_CHAR', 'CDF_UCHAR']
  tha_efs_0_gse_compno: CDF VAR_TYPE = 'metadata' and DataType not one of ['CDF_CHAR', 'CDF_UCHAR']
  tha_efs_dot0_gse_compno: CDF VAR_TYPE = 'metadata' and DataType not one of ['CDF_CHAR', 'CDF_UCHAR']
  tha_efs_gsm_compno: CDF VAR_TYPE = 'metadata' and DataType not one of ['CDF_CHAR', 'CDF_UCHAR']
  tha_efs_0_gsm_compno: CDF VAR_TYPE = 'metadata' and DataType not one of ['CDF_CHAR', 'CDF_UCHAR']
  tha_efs_dot0_gsm_compno: CDF VAR_TYPE = 'metadata' and DataType not one of ['CDF_CHAR', 'CDF_UCHAR']
  tha_fit_bfit_compno: CDF VAR_TYPE = 'metadata' and DataType not one of ['CDF_CHAR', 'CDF_UCHAR']
  tha_fit_efit_compno: CDF VAR_TYPE = 'metadata' and DataType not one of ['CDF_CHAR', 'CDF_UCHAR']
THA_L2_GMOM | ISTP.DataType.Invalid:
  tha_ptiff_t3_compno: CDF VAR_TYPE = 'metadata' and DataType not one of ['CDF_CHAR', 'CDF_UCHAR']
  tha_ptiff_magt3_compno: CDF VAR_TYPE = 'metadata' and DataType not one of ['CDF_CHAR', 'CDF_UCHAR']
  tha_ptiff_ptens_compno: CDF VAR_TYPE = 'metadata' and DataType not one of ['CDF_CHAR', 'CDF_UCHAR']
  tha_ptiff_mftens_compno: CDF VAR_TYPE = 'metadata' and DataType not one of ['CDF_CHAR', 'CDF_UCHAR']
  tha_ptiff_flux_compno: CDF VAR_TYPE = 'metadata' and DataType not one of ['CDF_CHAR', 'CDF_UCHAR']
  tha_ptiff_symm_compno: CDF VAR_TYPE = 'metadata' and DataType not one of ['CDF_CHAR', 'CDF_UCHAR']
  tha_ptiff_magf_compno: CDF VAR_TYPE = 'metadata' and DataType not one of ['CDF_CHAR', 'CDF_UCHAR']
  tha_ptiff_velocity_dsl_compno: CDF VAR_TYPE = 'metadata' and DataType not one of ['CDF_CHAR', 'CDF_UCHAR']
  tha_ptiff_velocity_gse_compno: CDF VAR_TYPE = 'metadata' and DataType not one of ['CDF_CHAR', 'CDF_UCHAR']
  tha_ptiff_velocity_gsm_compno: CDF VAR_TYPE = 'metadata' and DataType not one of ['CDF_CHAR', 'CDF_UCHAR']
  tha_ptiff_mode_compno: CDF VAR_TYPE = 'metadata' and DataType not one of ['CDF_CHAR', 'CDF_UCHAR']
  tha_pteff_t3_compno: CDF VAR_TYPE = 'metadata' and DataType not one of ['CDF_CHAR', 'CDF_UCHAR']
  tha_pteff_magt3_compno: CDF VAR_TYPE = 'metadata' and DataType not one of ['CDF_CHAR', 'CDF_UCHAR']
  tha_pteff_ptens_compno: CDF VAR_TYPE = 'metadata' and DataType not one of ['CDF_CHAR', 'CDF_UCHAR']
  tha_pteff_mftens_compno: CDF VAR_TYPE = 'metadata' and DataType not one of ['CDF_CHAR', 'CDF_UCHAR']
  tha_pteff_flux_compno: CDF VAR_TYPE = 'metadata' and DataType not one of ['CDF_CHAR', 'CDF_UCHAR']
  tha_pteff_symm_compno: CDF VAR_TYPE = 'metadata' and DataType not one of ['CDF_CHAR', 'CDF_UCHAR']
  tha_pteff_magf_compno: CDF VAR_TYPE = 'metadata' and DataType not one of ['CDF_CHAR', 'CDF_UCHAR']
  tha_pteff_velocity_dsl_compno: CDF VAR_TYPE = 'metadata' and DataType not one of ['CDF_CHAR', 'CDF_UCHAR']
  tha_pteff_velocity_gse_compno: CDF VAR_TYPE = 'metadata' and DataType not one of ['CDF_CHAR', 'CDF_UCHAR']
  tha_pteff_velocity_gsm_compno: CDF VAR_TYPE = 'metadata' and DataType not one of ['CDF_CHAR', 'CDF_UCHAR']
  tha_pteff_mode_compno: CDF VAR_TYPE = 'metadata' and DataType not one of ['CDF_CHAR', 'CDF_UCHAR']
  tha_ptirf_t3_compno: CDF VAR_TYPE = 'metadata' and DataType not one of ['CDF_CHAR', 'CDF_UCHAR']
  tha_ptirf_magt3_compno: CDF VAR_TYPE = 'metadata' and DataType not one of ['CDF_CHAR', 'CDF_UCHAR']
  tha_ptirf_ptens_compno: CDF VAR_TYPE = 'metadata' and DataType not one of ['CDF_CHAR', 'CDF_UCHAR']
  tha_ptirf_mftens_compno: CDF VAR_TYPE = 'metadata' and DataType not one of ['CDF_CHAR', 'CDF_UCHAR']
  tha_ptirf_flux_compno: CDF VAR_TYPE = 'metadata' and DataType not one of ['CDF_CHAR', 'CDF_UCHAR']
  tha_ptirf_symm_compno: CDF VAR_TYPE = 'metadata' and DataType not one of ['CDF_CHAR', 'CDF_UCHAR']
  tha_ptirf_magf_compno: CDF VAR_TYPE = 'metadata' and DataType not one of ['CDF_CHAR', 'CDF_UCHAR']
  tha_ptirf_velocity_dsl_compno: CDF VAR_TYPE = 'metadata' and DataType not one of ['CDF_CHAR', 'CDF_UCHAR']
  tha_ptirf_velocity_gse_compno: CDF VAR_TYPE = 'metadata' and DataType not one of ['CDF_CHAR', 'CDF_UCHAR']
  tha_ptirf_velocity_gsm_compno: CDF VAR_TYPE = 'metadata' and DataType not one of ['CDF_CHAR', 'CDF_UCHAR']
  tha_ptirf_mode_compno: CDF VAR_TYPE = 'metadata' and DataType not one of ['CDF_CHAR', 'CDF_UCHAR']
  tha_pterf_t3_compno: CDF VAR_TYPE = 'metadata' and DataType not one of ['CDF_CHAR', 'CDF_UCHAR']
  tha_pterf_magt3_compno: CDF VAR_TYPE = 'metadata' and DataType not one of ['CDF_CHAR', 'CDF_UCHAR']
  tha_pterf_ptens_compno: CDF VAR_TYPE = 'metadata' and DataType not one of ['CDF_CHAR', 'CDF_UCHAR']
  tha_pterf_mftens_compno: CDF VAR_TYPE = 'metadata' and DataType not one of ['CDF_CHAR', 'CDF_UCHAR']
  tha_pterf_flux_compno: CDF VAR_TYPE = 'metadata' and DataType not one of ['CDF_CHAR', 'CDF_UCHAR']
  tha_pterf_symm_compno: CDF VAR_TYPE = 'metadata' and DataType not one of ['CDF_CHAR', 'CDF_UCHAR']
  tha_pterf_magf_compno: CDF VAR_TYPE = 'metadata' and DataType not one of ['CDF_CHAR', 'CDF_UCHAR']
  tha_pterf_velocity_dsl_compno: CDF VAR_TYPE = 'metadata' and DataType not one of ['CDF_CHAR', 'CDF_UCHAR']
  tha_pterf_velocity_gse_compno: CDF VAR_TYPE = 'metadata' and DataType not one of ['CDF_CHAR', 'CDF_UCHAR']
  tha_pterf_velocity_gsm_compno: CDF VAR_TYPE = 'metadata' and DataType not one of ['CDF_CHAR', 'CDF_UCHAR']
  tha_pterf_mode_compno: CDF VAR_TYPE = 'metadata' and DataType not one of ['CDF_CHAR', 'CDF_UCHAR']
  tha_ptibb_t3_compno: CDF VAR_TYPE = 'metadata' and DataType not one of ['CDF_CHAR', 'CDF_UCHAR']
  tha_ptibb_magt3_compno: CDF VAR_TYPE = 'metadata' and DataType not one of ['CDF_CHAR', 'CDF_UCHAR']
  tha_ptibb_ptens_compno: CDF VAR_TYPE = 'metadata' and DataType not one of ['CDF_CHAR', 'CDF_UCHAR']
  tha_ptibb_mftens_compno: CDF VAR_TYPE = 'metadata' and DataType not one of ['CDF_CHAR', 'CDF_UCHAR']
  tha_ptibb_flux_compno: CDF VAR_TYPE = 'metadata' and DataType not one of ['CDF_CHAR', 'CDF_UCHAR']
  tha_ptibb_symm_compno: CDF VAR_TYPE = 'metadata' and DataType not one of ['CDF_CHAR', 'CDF_UCHAR']
  tha_ptibb_magf_compno: CDF VAR_TYPE = 'metadata' and DataType not one of ['CDF_CHAR', 'CDF_UCHAR']
  tha_ptibb_velocity_dsl_compno: CDF VAR_TYPE = 'metadata' and DataType not one of ['CDF_CHAR', 'CDF_UCHAR']
  tha_ptibb_velocity_gse_compno: CDF VAR_TYPE = 'metadata' and DataType not one of ['CDF_CHAR', 'CDF_UCHAR']
  tha_ptibb_velocity_gsm_compno: CDF VAR_TYPE = 'metadata' and DataType not one of ['CDF_CHAR', 'CDF_UCHAR']
  tha_ptibb_mode_compno: CDF VAR_TYPE = 'metadata' and DataType not one of ['CDF_CHAR', 'CDF_UCHAR']
  tha_ptebb_t3_compno: CDF VAR_TYPE = 'metadata' and DataType not one of ['CDF_CHAR', 'CDF_UCHAR']
  tha_ptebb_magt3_compno: CDF VAR_TYPE = 'metadata' and DataType not one of ['CDF_CHAR', 'CDF_UCHAR']
  tha_ptebb_ptens_compno: CDF VAR_TYPE = 'metadata' and DataType not one of ['CDF_CHAR', 'CDF_UCHAR']
  tha_ptebb_mftens_compno: CDF VAR_TYPE = 'metadata' and DataType not one of ['CDF_CHAR', 'CDF_UCHAR']
  tha_ptebb_flux_compno: CDF VAR_TYPE = 'metadata' and DataType not one of ['CDF_CHAR', 'CDF_UCHAR']
  tha_ptebb_symm_compno: CDF VAR_TYPE = 'metadata' and DataType not one of ['CDF_CHAR', 'CDF_UCHAR']
  tha_ptebb_magf_compno: CDF VAR_TYPE = 'metadata' and DataType not one of ['CDF_CHAR', 'CDF_UCHAR']
  tha_ptebb_velocity_dsl_compno: CDF VAR_TYPE = 'metadata' and DataType not one of ['CDF_CHAR', 'CDF_UCHAR']
  tha_ptebb_velocity_gse_compno: CDF VAR_TYPE = 'metadata' and DataType not one of ['CDF_CHAR', 'CDF_UCHAR']
  tha_ptebb_velocity_gsm_compno: CDF VAR_TYPE = 'metadata' and DataType not one of ['CDF_CHAR', 'CDF_UCHAR']
  tha_ptebb_mode_compno: CDF VAR_TYPE = 'metadata' and DataType not one of ['CDF_CHAR', 'CDF_UCHAR']
THA_L2_MOM | ISTP.DataType.Invalid:
  tha_peim_flux_compno: CDF VAR_TYPE = 'metadata' and DataType not one of ['CDF_CHAR', 'CDF_UCHAR']
  tha_peim_mftens_compno: CDF VAR_TYPE = 'metadata' and DataType not one of ['CDF_CHAR', 'CDF_UCHAR']
  tha_peim_eflux_compno: CDF VAR_TYPE = 'metadata' and DataType not one of ['CDF_CHAR', 'CDF_UCHAR']
  tha_peim_velocity_dsl_compno: CDF VAR_TYPE = 'metadata' and DataType not one of ['CDF_CHAR', 'CDF_UCHAR']
  tha_peim_velocity_gse_compno: CDF VAR_TYPE = 'metadata' and DataType not one of ['CDF_CHAR', 'CDF_UCHAR']
  tha_peim_velocity_gsm_compno: CDF VAR_TYPE = 'metadata' and DataType not one of ['CDF_CHAR', 'CDF_UCHAR']
  tha_peim_ptens_compno: CDF VAR_TYPE = 'metadata' and DataType not one of ['CDF_CHAR', 'CDF_UCHAR']
  tha_peim_mag_compno: CDF VAR_TYPE = 'metadata' and DataType not one of ['CDF_CHAR', 'CDF_UCHAR']
  tha_peim_velocity_mag_compno: CDF VAR_TYPE = 'metadata' and DataType not one of ['CDF_CHAR', 'CDF_UCHAR']
  tha_peim_t3_mag_compno: CDF VAR_TYPE = 'metadata' and DataType not one of ['CDF_CHAR', 'CDF_UCHAR']
  tha_peim_ptens_mag_compno: CDF VAR_TYPE = 'metadata' and DataType not one of ['CDF_CHAR', 'CDF_UCHAR']
  tha_peem_flux_compno: CDF VAR_TYPE = 'metadata' and DataType not one of ['CDF_CHAR', 'CDF_UCHAR']
  tha_peem_mftens_compno: CDF VAR_TYPE = 'metadata' and DataType not one of ['CDF_CHAR', 'CDF_UCHAR']
  tha_peem_eflux_compno: CDF VAR_TYPE = 'metadata' and DataType not one of ['CDF_CHAR', 'CDF_UCHAR']
  tha_peem_velocity_dsl_compno: CDF VAR_TYPE = 'metadata' and DataType not one of ['CDF_CHAR', 'CDF_UCHAR']
  tha_peem_velocity_gse_compno: CDF VAR_TYPE = 'metadata' and DataType not one of ['CDF_CHAR', 'CDF_UCHAR']
  tha_peem_velocity_gsm_compno: CDF VAR_TYPE = 'metadata' and DataType not one of ['CDF_CHAR', 'CDF_UCHAR']
  tha_peem_ptens_compno: CDF VAR_TYPE = 'metadata' and DataType not one of ['CDF_CHAR', 'CDF_UCHAR']
  tha_peem_mag_compno: CDF VAR_TYPE = 'metadata' and DataType not one of ['CDF_CHAR', 'CDF_UCHAR']
  tha_peem_velocity_mag_compno: CDF VAR_TYPE = 'metadata' and DataType not one of ['CDF_CHAR', 'CDF_UCHAR']
  tha_peem_t3_mag_compno: CDF VAR_TYPE = 'metadata' and DataType not one of ['CDF_CHAR', 'CDF_UCHAR']
  tha_peem_ptens_mag_compno: CDF VAR_TYPE = 'metadata' and DataType not one of ['CDF_CHAR', 'CDF_UCHAR']
THA_L2_SCM | ISTP.DataType.Invalid:
  tha_scf_compno: CDF VAR_TYPE = 'metadata' and DataType not one of ['CDF_CHAR', 'CDF_UCHAR']
  tha_scp_compno: CDF VAR_TYPE = 'metadata' and DataType not one of ['CDF_CHAR', 'CDF_UCHAR']
  tha_scw_compno: CDF VAR_TYPE = 'metadata' and DataType not one of ['CDF_CHAR', 'CDF_UCHAR']
THA_L2_SST | ISTP.DataType.Invalid:
  tha_psif_t3_compno: CDF VAR_TYPE = 'metadata' and DataType not one of ['CDF_CHAR', 'CDF_UCHAR']
  tha_psif_magt3_compno: CDF VAR_TYPE = 'metadata' and DataType not one of ['CDF_CHAR', 'CDF_UCHAR']
  tha_psif_ptens_compno: CDF VAR_TYPE = 'metadata' and DataType not one of ['CDF_CHAR', 'CDF_UCHAR']
  tha_psif_mftens_compno: CDF VAR_TYPE = 'metadata' and DataType not one of ['CDF_CHAR', 'CDF_UCHAR']
  tha_psif_flux_compno: CDF VAR_TYPE = 'metadata' and DataType not one of ['CDF_CHAR', 'CDF_UCHAR']
  tha_psif_symm_compno: CDF VAR_TYPE = 'metadata' and DataType not one of ['CDF_CHAR', 'CDF_UCHAR']
  tha_psif_magf_compno: CDF VAR_TYPE = 'metadata' and DataType not one of ['CDF_CHAR', 'CDF_UCHAR']
  tha_psif_velocity_dsl_compno: CDF VAR_TYPE = 'metadata' and DataType not one of ['CDF_CHAR', 'CDF_UCHAR']
  tha_psif_velocity_gse_compno: CDF VAR_TYPE = 'metadata' and DataType not one of ['CDF_CHAR', 'CDF_UCHAR']
  tha_psif_velocity_gsm_compno: CDF VAR_TYPE = 'metadata' and DataType not one of ['CDF_CHAR', 'CDF_UCHAR']
  tha_psef_t3_compno: CDF VAR_TYPE = 'metadata' and DataType not one of ['CDF_CHAR', 'CDF_UCHAR']
  tha_psef_magt3_compno: CDF VAR_TYPE = 'metadata' and DataType not one of ['CDF_CHAR', 'CDF_UCHAR']
  tha_psef_ptens_compno: CDF VAR_TYPE = 'metadata' and DataType not one of ['CDF_CHAR', 'CDF_UCHAR']
  tha_psef_mftens_compno: CDF VAR_TYPE = 'metadata' and DataType not one of ['CDF_CHAR', 'CDF_UCHAR']
  tha_psef_flux_compno: CDF VAR_TYPE = 'metadata' and DataType not one of ['CDF_CHAR', 'CDF_UCHAR']
  tha_psef_symm_compno: CDF VAR_TYPE = 'metadata' and DataType not one of ['CDF_CHAR', 'CDF_UCHAR']
  tha_psef_magf_compno: CDF VAR_TYPE = 'metadata' and DataType not one of ['CDF_CHAR', 'CDF_UCHAR']
  tha_psef_velocity_dsl_compno: CDF VAR_TYPE = 'metadata' and DataType not one of ['CDF_CHAR', 'CDF_UCHAR']
  tha_psef_velocity_gse_compno: CDF VAR_TYPE = 'metadata' and DataType not one of ['CDF_CHAR', 'CDF_UCHAR']
  tha_psef_velocity_gsm_compno: CDF VAR_TYPE = 'metadata' and DataType not one of ['CDF_CHAR', 'CDF_UCHAR']
  tha_psib_t3_compno: CDF VAR_TYPE = 'metadata' and DataType not one of ['CDF_CHAR', 'CDF_UCHAR']
  tha_psib_magt3_compno: CDF VAR_TYPE = 'metadata' and DataType not one of ['CDF_CHAR', 'CDF_UCHAR']
  tha_psib_ptens_compno: CDF VAR_TYPE = 'metadata' and DataType not one of ['CDF_CHAR', 'CDF_UCHAR']
  tha_psib_mftens_compno: CDF VAR_TYPE = 'metadata' and DataType not one of ['CDF_CHAR', 'CDF_UCHAR']
  tha_psib_flux_compno: CDF VAR_TYPE = 'metadata' and DataType not one of ['CDF_CHAR', 'CDF_UCHAR']
  tha_psib_symm_compno: CDF VAR_TYPE = 'metadata' and DataType not one of ['CDF_CHAR', 'CDF_UCHAR']
  tha_psib_magf_compno: CDF VAR_TYPE = 'metadata' and DataType not one of ['CDF_CHAR', 'CDF_UCHAR']
  tha_psib_velocity_dsl_compno: CDF VAR_TYPE = 'metadata' and DataType not one of ['CDF_CHAR', 'CDF_UCHAR']
  tha_psib_velocity_gse_compno: CDF VAR_TYPE = 'metadata' and DataType not one of ['CDF_CHAR', 'CDF_UCHAR']
  tha_psib_velocity_gsm_compno: CDF VAR_TYPE = 'metadata' and DataType not one of ['CDF_CHAR', 'CDF_UCHAR']
  tha_pseb_t3_compno: CDF VAR_TYPE = 'metadata' and DataType not one of ['CDF_CHAR', 'CDF_UCHAR']
  tha_pseb_magt3_compno: CDF VAR_TYPE = 'metadata' and DataType not one of ['CDF_CHAR', 'CDF_UCHAR']
  tha_pseb_ptens_compno: CDF VAR_TYPE = 'metadata' and DataType not one of ['CDF_CHAR', 'CDF_UCHAR']
  tha_pseb_mftens_compno: CDF VAR_TYPE = 'metadata' and DataType not one of ['CDF_CHAR', 'CDF_UCHAR']
  tha_pseb_flux_compno: CDF VAR_TYPE = 'metadata' and DataType not one of ['CDF_CHAR', 'CDF_UCHAR']
  tha_pseb_symm_compno: CDF VAR_TYPE = 'metadata' and DataType not one of ['CDF_CHAR', 'CDF_UCHAR']
  tha_pseb_magf_compno: CDF VAR_TYPE = 'metadata' and DataType not one of ['CDF_CHAR', 'CDF_UCHAR']
  tha_pseb_velocity_dsl_compno: CDF VAR_TYPE = 'metadata' and DataType not one of ['CDF_CHAR', 'CDF_UCHAR']
  tha_pseb_velocity_gse_compno: CDF VAR_TYPE = 'metadata' and DataType not one of ['CDF_CHAR', 'CDF_UCHAR']
  tha_pseb_velocity_gsm_compno: CDF VAR_TYPE = 'metadata' and DataType not one of ['CDF_CHAR', 'CDF_UCHAR']
THB_L1_STATE | ISTP.DataType.Invalid:
  thb_pos_compno: CDF VAR_TYPE = 'metadata' and DataType not one of ['CDF_CHAR', 'CDF_UCHAR']
  thb_vel_compno: CDF VAR_TYPE = 'metadata' and DataType not one of ['CDF_CHAR', 'CDF_UCHAR']
  thb_pos_gse_compno: CDF VAR_TYPE = 'metadata' and DataType not one of ['CDF_CHAR', 'CDF_UCHAR']
  thb_pos_gsm_compno: CDF VAR_TYPE = 'metadata' and DataType not one of ['CDF_CHAR', 'CDF_UCHAR']
  thb_vel_gse_compno: CDF VAR_TYPE = 'metadata' and DataType not one of ['CDF_CHAR', 'CDF_UCHAR']
  thb_vel_gsm_compno: CDF VAR_TYPE = 'metadata' and DataType not one of ['CDF_CHAR', 'CDF_UCHAR']
  thb_pos_sel_compno: CDF VAR_TYPE = 'metadata' and DataType not one of ['CDF_CHAR', 'CDF_UCHAR']
  thb_pos_sse_compno: CDF VAR_TYPE = 'metadata' and DataType not one of ['CDF_CHAR', 'CDF_UCHAR']
  thb_vel_sel_compno: CDF VAR_TYPE = 'metadata' and DataType not one of ['CDF_CHAR', 'CDF_UCHAR']
  thb_vel_sse_compno: CDF VAR_TYPE = 'metadata' and DataType not one of ['CDF_CHAR', 'CDF_UCHAR']
THB_L2_EFI | ISTP.DataType.Invalid:
  thb_efs_dot0_gse_compno: CDF VAR_TYPE = 'metadata' and DataType not one of ['CDF_CHAR', 'CDF_UCHAR']
  thb_efs_dot0_gsm_compno: CDF VAR_TYPE = 'metadata' and DataType not one of ['CDF_CHAR', 'CDF_UCHAR']
  thb_efs_dot0_dsl_compno: CDF VAR_TYPE = 'metadata' and DataType not one of ['CDF_CHAR', 'CDF_UCHAR']
  thb_eff_dot0_gse_compno: CDF VAR_TYPE = 'metadata' and DataType not one of ['CDF_CHAR', 'CDF_UCHAR']
  thb_eff_dot0_gsm_compno: CDF VAR_TYPE = 'metadata' and DataType not one of ['CDF_CHAR', 'CDF_UCHAR']
  thb_eff_dot0_dsl_compno: CDF VAR_TYPE = 'metadata' and DataType not one of ['CDF_CHAR', 'CDF_UCHAR']
  thb_eff_e12_efs_compno: CDF VAR_TYPE = 'metadata' and DataType not one of ['CDF_CHAR', 'CDF_UCHAR']
  thb_eff_e34_efs_compno: CDF VAR_TYPE = 'metadata' and DataType not one of ['CDF_CHAR', 'CDF_UCHAR']
THB_L2_ESA | ISTP.DataType.Invalid:
  thb_peif_t3_compno: CDF VAR_TYPE = 'metadata' and DataType not one of ['CDF_CHAR', 'CDF_UCHAR']
  thb_peif_magt3_compno: CDF VAR_TYPE = 'metadata' and DataType not one of ['CDF_CHAR', 'CDF_UCHAR']
  thb_peif_ptens_compno: CDF VAR_TYPE = 'metadata' and DataType not one of ['CDF_CHAR', 'CDF_UCHAR']
  thb_peif_mftens_compno: CDF VAR_TYPE = 'metadata' and DataType not one of ['CDF_CHAR', 'CDF_UCHAR']
  thb_peif_flux_compno: CDF VAR_TYPE = 'metadata' and DataType not one of ['CDF_CHAR', 'CDF_UCHAR']
  thb_peif_symm_compno: CDF VAR_TYPE = 'metadata' and DataType not one of ['CDF_CHAR', 'CDF_UCHAR']
  thb_peif_magf_compno: CDF VAR_TYPE = 'metadata' and DataType not one of ['CDF_CHAR', 'CDF_UCHAR']
  thb_peif_velocity_dsl_compno: CDF VAR_TYPE = 'metadata' and DataType not one of ['CDF_CHAR', 'CDF_UCHAR']
  thb_peif_velocity_gse_compno: CDF VAR_TYPE = 'metadata' and DataType not one of ['CDF_CHAR', 'CDF_UCHAR']
  thb_peif_velocity_gsm_compno: CDF VAR_TYPE = 'metadata' and DataType not one of ['CDF_CHAR', 'CDF_UCHAR']
  thb_peif_mode_compno: CDF VAR_TYPE = 'metadata' and DataType not one of ['CDF_CHAR', 'CDF_UCHAR']
  thb_peef_t3_compno: CDF VAR_TYPE = 'metadata' and DataType not one of ['CDF_CHAR', 'CDF_UCHAR']
  thb_peef_magt3_compno: CDF VAR_TYPE = 'metadata' and DataType not one of ['CDF_CHAR', 'CDF_UCHAR']
  thb_peef_ptens_compno: CDF VAR_TYPE = 'metadata' and DataType not one of ['CDF_CHAR', 'CDF_UCHAR']
  thb_peef_mftens_compno: CDF VAR_TYPE = 'metadata' and DataType not one of ['CDF_CHAR', 'CDF_UCHAR']
  thb_peef_flux_compno: CDF VAR_TYPE = 'metadata' and DataType not one of ['CDF_CHAR', 'CDF_UCHAR']
  thb_peef_symm_compno: CDF VAR_TYPE = 'metadata' and DataType not one of ['CDF_CHAR', 'CDF_UCHAR']
  thb_peef_magf_compno: CDF VAR_TYPE = 'metadata' and DataType not one of ['CDF_CHAR', 'CDF_UCHAR']
  thb_peef_velocity_dsl_compno: CDF VAR_TYPE = 'metadata' and DataType not one of ['CDF_CHAR', 'CDF_UCHAR']
  thb_peef_velocity_gse_compno: CDF VAR_TYPE = 'metadata' and DataType not one of ['CDF_CHAR', 'CDF_UCHAR']
  thb_peef_velocity_gsm_compno: CDF VAR_TYPE = 'metadata' and DataType not one of ['CDF_CHAR', 'CDF_UCHAR']
  thb_peef_mode_compno: CDF VAR_TYPE = 'metadata' and DataType not one of ['CDF_CHAR', 'CDF_UCHAR']
  thb_peir_t3_compno: CDF VAR_TYPE = 'metadata' and DataType not one of ['CDF_CHAR', 'CDF_UCHAR']
  thb_peir_magt3_compno: CDF VAR_TYPE = 'metadata' and DataType not one of ['CDF_CHAR', 'CDF_UCHAR']
  thb_peir_ptens_compno: CDF VAR_TYPE = 'metadata' and DataType not one of ['CDF_CHAR', 'CDF_UCHAR']
  thb_peir_mftens_compno: CDF VAR_TYPE = 'metadata' and DataType not one of ['CDF_CHAR', 'CDF_UCHAR']
  thb_peir_flux_compno: CDF VAR_TYPE = 'metadata' and DataType not one of ['CDF_CHAR', 'CDF_UCHAR']
  thb_peir_symm_compno: CDF VAR_TYPE = 'metadata' and DataType not one of ['CDF_CHAR', 'CDF_UCHAR']
  thb_peir_magf_compno: CDF VAR_TYPE = 'metadata' and DataType not one of ['CDF_CHAR', 'CDF_UCHAR']
  thb_peir_velocity_dsl_compno: CDF VAR_TYPE = 'metadata' and DataType not one of ['CDF_CHAR', 'CDF_UCHAR']
  thb_peir_velocity_gse_compno: CDF VAR_TYPE = 'metadata' and DataType not one of ['CDF_CHAR', 'CDF_UCHAR']
  thb_peir_velocity_gsm_compno: CDF VAR_TYPE = 'metadata' and DataType not one of ['CDF_CHAR', 'CDF_UCHAR']
  thb_peir_mode_compno: CDF VAR_TYPE = 'metadata' and DataType not one of ['CDF_CHAR', 'CDF_UCHAR']
  thb_peer_t3_compno: CDF VAR_TYPE = 'metadata' and DataType not one of ['CDF_CHAR', 'CDF_UCHAR']
  thb_peer_magt3_compno: CDF VAR_TYPE = 'metadata' and DataType not one of ['CDF_CHAR', 'CDF_UCHAR']
  thb_peer_ptens_compno: CDF VAR_TYPE = 'metadata' and DataType not one of ['CDF_CHAR', 'CDF_UCHAR']
  thb_peer_mftens_compno: CDF VAR_TYPE = 'metadata' and DataType not one of ['CDF_CHAR', 'CDF_UCHAR']
  thb_peer_flux_compno: CDF VAR_TYPE = 'metadata' and DataType not one of ['CDF_CHAR', 'CDF_UCHAR']
  thb_peer_symm_compno: CDF VAR_TYPE = 'metadata' and DataType not one of ['CDF_CHAR', 'CDF_UCHAR']
  thb_peer_magf_compno: CDF VAR_TYPE = 'metadata' and DataType not one of ['CDF_CHAR', 'CDF_UCHAR']
  thb_peer_velocity_dsl_compno: CDF VAR_TYPE = 'metadata' and DataType not one of ['CDF_CHAR', 'CDF_UCHAR']
  thb_peer_velocity_gse_compno: CDF VAR_TYPE = 'metadata' and DataType not one of ['CDF_CHAR', 'CDF_UCHAR']
  thb_peer_velocity_gsm_compno: CDF VAR_TYPE = 'metadata' and DataType not one of ['CDF_CHAR', 'CDF_UCHAR']
  thb_peer_mode_compno: CDF VAR_TYPE = 'metadata' and DataType not one of ['CDF_CHAR', 'CDF_UCHAR']
  thb_peib_t3_compno: CDF VAR_TYPE = 'metadata' and DataType not one of ['CDF_CHAR', 'CDF_UCHAR']
  thb_peib_magt3_compno: CDF VAR_TYPE = 'metadata' and DataType not one of ['CDF_CHAR', 'CDF_UCHAR']
  thb_peib_ptens_compno: CDF VAR_TYPE = 'metadata' and DataType not one of ['CDF_CHAR', 'CDF_UCHAR']
  thb_peib_mftens_compno: CDF VAR_TYPE = 'metadata' and DataType not one of ['CDF_CHAR', 'CDF_UCHAR']
  thb_peib_flux_compno: CDF VAR_TYPE = 'metadata' and DataType not one of ['CDF_CHAR', 'CDF_UCHAR']
  thb_peib_symm_compno: CDF VAR_TYPE = 'metadata' and DataType not one of ['CDF_CHAR', 'CDF_UCHAR']
  thb_peib_magf_compno: CDF VAR_TYPE = 'metadata' and DataType not one of ['CDF_CHAR', 'CDF_UCHAR']
  thb_peib_velocity_dsl_compno: CDF VAR_TYPE = 'metadata' and DataType not one of ['CDF_CHAR', 'CDF_UCHAR']
  thb_peib_velocity_gse_compno: CDF VAR_TYPE = 'metadata' and DataType not one of ['CDF_CHAR', 'CDF_UCHAR']
  thb_peib_velocity_gsm_compno: CDF VAR_TYPE = 'metadata' and DataType not one of ['CDF_CHAR', 'CDF_UCHAR']
  thb_peib_mode_compno: CDF VAR_TYPE = 'metadata' and DataType not one of ['CDF_CHAR', 'CDF_UCHAR']
  thb_peeb_t3_compno: CDF VAR_TYPE = 'metadata' and DataType not one of ['CDF_CHAR', 'CDF_UCHAR']
  thb_peeb_magt3_compno: CDF VAR_TYPE = 'metadata' and DataType not one of ['CDF_CHAR', 'CDF_UCHAR']
  thb_peeb_ptens_compno: CDF VAR_TYPE = 'metadata' and DataType not one of ['CDF_CHAR', 'CDF_UCHAR']
  thb_peeb_mftens_compno: CDF VAR_TYPE = 'metadata' and DataType not one of ['CDF_CHAR', 'CDF_UCHAR']
  thb_peeb_flux_compno: CDF VAR_TYPE = 'metadata' and DataType not one of ['CDF_CHAR', 'CDF_UCHAR']
  thb_peeb_symm_compno: CDF VAR_TYPE = 'metadata' and DataType not one of ['CDF_CHAR', 'CDF_UCHAR']
  thb_peeb_magf_compno: CDF VAR_TYPE = 'metadata' and DataType not one of ['CDF_CHAR', 'CDF_UCHAR']
  thb_peeb_velocity_dsl_compno: CDF VAR_TYPE = 'metadata' and DataType not one of ['CDF_CHAR', 'CDF_UCHAR']
  thb_peeb_velocity_gse_compno: CDF VAR_TYPE = 'metadata' and DataType not one of ['CDF_CHAR', 'CDF_UCHAR']
  thb_peeb_velocity_gsm_compno: CDF VAR_TYPE = 'metadata' and DataType not one of ['CDF_CHAR', 'CDF_UCHAR']
  thb_peeb_mode_compno: CDF VAR_TYPE = 'metadata' and DataType not one of ['CDF_CHAR', 'CDF_UCHAR']
THB_L2_FBK | ISTP.DataType.Invalid:
  thb_fbk_freqno: CDF VAR_TYPE = 'metadata' and DataType not one of ['CDF_CHAR', 'CDF_UCHAR']
THB_L2_FGM | ISTP.DataType.Invalid:
  thb_fgs_compno: CDF VAR_TYPE = 'metadata' and DataType not one of ['CDF_CHAR', 'CDF_UCHAR']
  thb_fgl_compno: CDF VAR_TYPE = 'metadata' and DataType not one of ['CDF_CHAR', 'CDF_UCHAR']
  thb_fgh_compno: CDF VAR_TYPE = 'metadata' and DataType not one of ['CDF_CHAR', 'CDF_UCHAR']
  thb_fge_compno: CDF VAR_TYPE = 'metadata' and DataType not one of ['CDF_CHAR', 'CDF_UCHAR']
THB_L2_FIT | ISTP.DataType.Invalid:
  thb_fgs_dsl_compno: CDF VAR_TYPE = 'metadata' and DataType not one of ['CDF_CHAR', 'CDF_UCHAR']
  thb_fgs_gse_compno: CDF VAR_TYPE = 'metadata' and DataType not one of ['CDF_CHAR', 'CDF_UCHAR']
  thb_fgs_gsm_compno: CDF VAR_TYPE = 'metadata' and DataType not one of ['CDF_CHAR', 'CDF_UCHAR']
  thb_efs_dsl_compno: CDF VAR_TYPE = 'metadata' and DataType not one of ['CDF_CHAR', 'CDF_UCHAR']
  thb_efs_0_dsl_compno: CDF VAR_TYPE = 'metadata' and DataType not one of ['CDF_CHAR', 'CDF_UCHAR']
  thb_efs_dot0_dsl_compno: CDF VAR_TYPE = 'metadata' and DataType not one of ['CDF_CHAR', 'CDF_UCHAR']
  thb_efs_gse_compno: CDF VAR_TYPE = 'metadata' and DataType not one of ['CDF_CHAR', 'CDF_UCHAR']
  thb_efs_0_gse_compno: CDF VAR_TYPE = 'metadata' and DataType not one of ['CDF_CHAR', 'CDF_UCHAR']
  thb_efs_dot0_gse_compno: CDF VAR_TYPE = 'metadata' and DataType not one of ['CDF_CHAR', 'CDF_UCHAR']
  thb_efs_gsm_compno: CDF VAR_TYPE = 'metadata' and DataType not one of ['CDF_CHAR', 'CDF_UCHAR']
  thb_efs_0_gsm_compno: CDF VAR_TYPE = 'metadata' and DataType not one of ['CDF_CHAR', 'CDF_UCHAR']
  thb_efs_dot0_gsm_compno: CDF VAR_TYPE = 'metadata' and DataType not one of ['CDF_CHAR', 'CDF_UCHAR']
  thb_fit_bfit_compno: CDF VAR_TYPE = 'metadata' and DataType not one of ['CDF_CHAR', 'CDF_UCHAR']
  thb_fit_efit_compno: CDF VAR_TYPE = 'metadata' and DataType not one of ['CDF_CHAR', 'CDF_UCHAR']
THB_L2_GMOM | ISTP.DataType.Invalid:
  thb_ptiff_t3_compno: CDF VAR_TYPE = 'metadata' and DataType not one of ['CDF_CHAR', 'CDF_UCHAR']
  thb_ptiff_magt3_compno: CDF VAR_TYPE = 'metadata' and DataType not one of ['CDF_CHAR', 'CDF_UCHAR']
  thb_ptiff_ptens_compno: CDF VAR_TYPE = 'metadata' and DataType not one of ['CDF_CHAR', 'CDF_UCHAR']
  thb_ptiff_mftens_compno: CDF VAR_TYPE = 'metadata' and DataType not one of ['CDF_CHAR', 'CDF_UCHAR']
  thb_ptiff_flux_compno: CDF VAR_TYPE = 'metadata' and DataType not one of ['CDF_CHAR', 'CDF_UCHAR']
  thb_ptiff_symm_compno: CDF VAR_TYPE = 'metadata' and DataType not one of ['CDF_CHAR', 'CDF_UCHAR']
  thb_ptiff_magf_compno: CDF VAR_TYPE = 'metadata' and DataType not one of ['CDF_CHAR', 'CDF_UCHAR']
  thb_ptiff_velocity_dsl_compno: CDF VAR_TYPE = 'metadata' and DataType not one of ['CDF_CHAR', 'CDF_UCHAR']
  thb_ptiff_velocity_gse_compno: CDF VAR_TYPE = 'metadata' and DataType not one of ['CDF_CHAR', 'CDF_UCHAR']
  thb_ptiff_velocity_gsm_compno: CDF VAR_TYPE = 'metadata' and DataType not one of ['CDF_CHAR', 'CDF_UCHAR']
  thb_ptiff_mode_compno: CDF VAR_TYPE = 'metadata' and DataType not one of ['CDF_CHAR', 'CDF_UCHAR']
  thb_pteff_t3_compno: CDF VAR_TYPE = 'metadata' and DataType not one of ['CDF_CHAR', 'CDF_UCHAR']
  thb_pteff_magt3_compno: CDF VAR_TYPE = 'metadata' and DataType not one of ['CDF_CHAR', 'CDF_UCHAR']
  thb_pteff_ptens_compno: CDF VAR_TYPE = 'metadata' and DataType not one of ['CDF_CHAR', 'CDF_UCHAR']
  thb_pteff_mftens_compno: CDF VAR_TYPE = 'metadata' and DataType not one of ['CDF_CHAR', 'CDF_UCHAR']
  thb_pteff_flux_compno: CDF VAR_TYPE = 'metadata' and DataType not one of ['CDF_CHAR', 'CDF_UCHAR']
  thb_pteff_symm_compno: CDF VAR_TYPE = 'metadata' and DataType not one of ['CDF_CHAR', 'CDF_UCHAR']
  thb_pteff_magf_compno: CDF VAR_TYPE = 'metadata' and DataType not one of ['CDF_CHAR', 'CDF_UCHAR']
  thb_pteff_velocity_dsl_compno: CDF VAR_TYPE = 'metadata' and DataType not one of ['CDF_CHAR', 'CDF_UCHAR']
  thb_pteff_velocity_gse_compno: CDF VAR_TYPE = 'metadata' and DataType not one of ['CDF_CHAR', 'CDF_UCHAR']
  thb_pteff_velocity_gsm_compno: CDF VAR_TYPE = 'metadata' and DataType not one of ['CDF_CHAR', 'CDF_UCHAR']
  thb_pteff_mode_compno: CDF VAR_TYPE = 'metadata' and DataType not one of ['CDF_CHAR', 'CDF_UCHAR']
  thb_ptirf_t3_compno: CDF VAR_TYPE = 'metadata' and DataType not one of ['CDF_CHAR', 'CDF_UCHAR']
  thb_ptirf_magt3_compno: CDF VAR_TYPE = 'metadata' and DataType not one of ['CDF_CHAR', 'CDF_UCHAR']
  thb_ptirf_ptens_compno: CDF VAR_TYPE = 'metadata' and DataType not one of ['CDF_CHAR', 'CDF_UCHAR']
  thb_ptirf_mftens_compno: CDF VAR_TYPE = 'metadata' and DataType not one of ['CDF_CHAR', 'CDF_UCHAR']
  thb_ptirf_flux_compno: CDF VAR_TYPE = 'metadata' and DataType not one of ['CDF_CHAR', 'CDF_UCHAR']
  thb_ptirf_symm_compno: CDF VAR_TYPE = 'metadata' and DataType not one of ['CDF_CHAR', 'CDF_UCHAR']
  thb_ptirf_magf_compno: CDF VAR_TYPE = 'metadata' and DataType not one of ['CDF_CHAR', 'CDF_UCHAR']
  thb_ptirf_velocity_dsl_compno: CDF VAR_TYPE = 'metadata' and DataType not one of ['CDF_CHAR', 'CDF_UCHAR']
  thb_ptirf_velocity_gse_compno: CDF VAR_TYPE = 'metadata' and DataType not one of ['CDF_CHAR', 'CDF_UCHAR']
  thb_ptirf_velocity_gsm_compno: CDF VAR_TYPE = 'metadata' and DataType not one of ['CDF_CHAR', 'CDF_UCHAR']
  thb_ptirf_mode_compno: CDF VAR_TYPE = 'metadata' and DataType not one of ['CDF_CHAR', 'CDF_UCHAR']
  thb_pterf_t3_compno: CDF VAR_TYPE = 'metadata' and DataType not one of ['CDF_CHAR', 'CDF_UCHAR']
  thb_pterf_magt3_compno: CDF VAR_TYPE = 'metadata' and DataType not one of ['CDF_CHAR', 'CDF_UCHAR']
  thb_pterf_ptens_compno: CDF VAR_TYPE = 'metadata' and DataType not one of ['CDF_CHAR', 'CDF_UCHAR']
  thb_pterf_mftens_compno: CDF VAR_TYPE = 'metadata' and DataType not one of ['CDF_CHAR', 'CDF_UCHAR']
  thb_pterf_flux_compno: CDF VAR_TYPE = 'metadata' and DataType not one of ['CDF_CHAR', 'CDF_UCHAR']
  thb_pterf_symm_compno: CDF VAR_TYPE = 'metadata' and DataType not one of ['CDF_CHAR', 'CDF_UCHAR']
  thb_pterf_magf_compno: CDF VAR_TYPE = 'metadata' and DataType not one of ['CDF_CHAR', 'CDF_UCHAR']
  thb_pterf_velocity_dsl_compno: CDF VAR_TYPE = 'metadata' and DataType not one of ['CDF_CHAR', 'CDF_UCHAR']
  thb_pterf_velocity_gse_compno: CDF VAR_TYPE = 'metadata' and DataType not one of ['CDF_CHAR', 'CDF_UCHAR']
  thb_pterf_velocity_gsm_compno: CDF VAR_TYPE = 'metadata' and DataType not one of ['CDF_CHAR', 'CDF_UCHAR']
  thb_pterf_mode_compno: CDF VAR_TYPE = 'metadata' and DataType not one of ['CDF_CHAR', 'CDF_UCHAR']
  thb_ptibb_t3_compno: CDF VAR_TYPE = 'metadata' and DataType not one of ['CDF_CHAR', 'CDF_UCHAR']
  thb_ptibb_magt3_compno: CDF VAR_TYPE = 'metadata' and DataType not one of ['CDF_CHAR', 'CDF_UCHAR']
  thb_ptibb_ptens_compno: CDF VAR_TYPE = 'metadata' and DataType not one of ['CDF_CHAR', 'CDF_UCHAR']
  thb_ptibb_mftens_compno: CDF VAR_TYPE = 'metadata' and DataType not one of ['CDF_CHAR', 'CDF_UCHAR']
  thb_ptibb_flux_compno: CDF VAR_TYPE = 'metadata' and DataType not one of ['CDF_CHAR', 'CDF_UCHAR']
  thb_ptibb_symm_compno: CDF VAR_TYPE = 'metadata' and DataType not one of ['CDF_CHAR', 'CDF_UCHAR']
  thb_ptibb_magf_compno: CDF VAR_TYPE = 'metadata' and DataType not one of ['CDF_CHAR', 'CDF_UCHAR']
  thb_ptibb_velocity_dsl_compno: CDF VAR_TYPE = 'metadata' and DataType not one of ['CDF_CHAR', 'CDF_UCHAR']
  thb_ptibb_velocity_gse_compno: CDF VAR_TYPE = 'metadata' and DataType not one of ['CDF_CHAR', 'CDF_UCHAR']
  thb_ptibb_velocity_gsm_compno: CDF VAR_TYPE = 'metadata' and DataType not one of ['CDF_CHAR', 'CDF_UCHAR']
  thb_ptibb_mode_compno: CDF VAR_TYPE = 'metadata' and DataType not one of ['CDF_CHAR', 'CDF_UCHAR']
  thb_ptebb_t3_compno: CDF VAR_TYPE = 'metadata' and DataType not one of ['CDF_CHAR', 'CDF_UCHAR']
  thb_ptebb_magt3_compno: CDF VAR_TYPE = 'metadata' and DataType not one of ['CDF_CHAR', 'CDF_UCHAR']
  thb_ptebb_ptens_compno: CDF VAR_TYPE = 'metadata' and DataType not one of ['CDF_CHAR', 'CDF_UCHAR']
  thb_ptebb_mftens_compno: CDF VAR_TYPE = 'metadata' and DataType not one of ['CDF_CHAR', 'CDF_UCHAR']
  thb_ptebb_flux_compno: CDF VAR_TYPE = 'metadata' and DataType not one of ['CDF_CHAR', 'CDF_UCHAR']
  thb_ptebb_symm_compno: CDF VAR_TYPE = 'metadata' and DataType not one of ['CDF_CHAR', 'CDF_UCHAR']
  thb_ptebb_magf_compno: CDF VAR_TYPE = 'metadata' and DataType not one of ['CDF_CHAR', 'CDF_UCHAR']
  thb_ptebb_velocity_dsl_compno: CDF VAR_TYPE = 'metadata' and DataType not one of ['CDF_CHAR', 'CDF_UCHAR']
  thb_ptebb_velocity_gse_compno: CDF VAR_TYPE = 'metadata' and DataType not one of ['CDF_CHAR', 'CDF_UCHAR']
  thb_ptebb_velocity_gsm_compno: CDF VAR_TYPE = 'metadata' and DataType not one of ['CDF_CHAR', 'CDF_UCHAR']
  thb_ptebb_mode_compno: CDF VAR_TYPE = 'metadata' and DataType not one of ['CDF_CHAR', 'CDF_UCHAR']
THB_L2_MERGED | ISTP.DataType.Invalid:
  thb_fgs_compno: CDF VAR_TYPE = 'metadata' and DataType not one of ['CDF_CHAR', 'CDF_UCHAR']
  thb_peif_velocity_gse_compno: CDF VAR_TYPE = 'metadata' and DataType not one of ['CDF_CHAR', 'CDF_UCHAR']
THB_L2_MOM | ISTP.DataType.Invalid:
  thb_peim_flux_compno: CDF VAR_TYPE = 'metadata' and DataType not one of ['CDF_CHAR', 'CDF_UCHAR']
  thb_peim_mftens_compno: CDF VAR_TYPE = 'metadata' and DataType not one of ['CDF_CHAR', 'CDF_UCHAR']
  thb_peim_eflux_compno: CDF VAR_TYPE = 'metadata' and DataType not one of ['CDF_CHAR', 'CDF_UCHAR']
  thb_peim_velocity_dsl_compno: CDF VAR_TYPE = 'metadata' and DataType not one of ['CDF_CHAR', 'CDF_UCHAR']
  thb_peim_velocity_gse_compno: CDF VAR_TYPE = 'metadata' and DataType not one of ['CDF_CHAR', 'CDF_UCHAR']
  thb_peim_velocity_gsm_compno: CDF VAR_TYPE = 'metadata' and DataType not one of ['CDF_CHAR', 'CDF_UCHAR']
  thb_peim_ptens_compno: CDF VAR_TYPE = 'metadata' and DataType not one of ['CDF_CHAR', 'CDF_UCHAR']
  thb_peim_mag_compno: CDF VAR_TYPE = 'metadata' and DataType not one of ['CDF_CHAR', 'CDF_UCHAR']
  thb_peim_velocity_mag_compno: CDF VAR_TYPE = 'metadata' and DataType not one of ['CDF_CHAR', 'CDF_UCHAR']
  thb_peim_t3_mag_compno: CDF VAR_TYPE = 'metadata' and DataType not one of ['CDF_CHAR', 'CDF_UCHAR']
  thb_peim_ptens_mag_compno: CDF VAR_TYPE = 'metadata' and DataType not one of ['CDF_CHAR', 'CDF_UCHAR']
  thb_peem_flux_compno: CDF VAR_TYPE = 'metadata' and DataType not one of ['CDF_CHAR', 'CDF_UCHAR']
  thb_peem_mftens_compno: CDF VAR_TYPE = 'metadata' and DataType not one of ['CDF_CHAR', 'CDF_UCHAR']
  thb_peem_eflux_compno: CDF VAR_TYPE = 'metadata' and DataType not one of ['CDF_CHAR', 'CDF_UCHAR']
  thb_peem_velocity_dsl_compno: CDF VAR_TYPE = 'metadata' and DataType not one of ['CDF_CHAR', 'CDF_UCHAR']
  thb_peem_velocity_gse_compno: CDF VAR_TYPE = 'metadata' and DataType not one of ['CDF_CHAR', 'CDF_UCHAR']
  thb_peem_velocity_gsm_compno: CDF VAR_TYPE = 'metadata' and DataType not one of ['CDF_CHAR', 'CDF_UCHAR']
  thb_peem_ptens_compno: CDF VAR_TYPE = 'metadata' and DataType not one of ['CDF_CHAR', 'CDF_UCHAR']
  thb_peem_mag_compno: CDF VAR_TYPE = 'metadata' and DataType not one of ['CDF_CHAR', 'CDF_UCHAR']
  thb_peem_velocity_mag_compno: CDF VAR_TYPE = 'metadata' and DataType not one of ['CDF_CHAR', 'CDF_UCHAR']
  thb_peem_t3_mag_compno: CDF VAR_TYPE = 'metadata' and DataType not one of ['CDF_CHAR', 'CDF_UCHAR']
  thb_peem_ptens_mag_compno: CDF VAR_TYPE = 'metadata' and DataType not one of ['CDF_CHAR', 'CDF_UCHAR']
THB_L2_SCM | ISTP.DataType.Invalid:
  thb_scf_compno: CDF VAR_TYPE = 'metadata' and DataType not one of ['CDF_CHAR', 'CDF_UCHAR']
  thb_scp_compno: CDF VAR_TYPE = 'metadata' and DataType not one of ['CDF_CHAR', 'CDF_UCHAR']
  thb_scw_compno: CDF VAR_TYPE = 'metadata' and DataType not one of ['CDF_CHAR', 'CDF_UCHAR']
THB_L2_SST | ISTP.DataType.Invalid:
  thb_psif_t3_compno: CDF VAR_TYPE = 'metadata' and DataType not one of ['CDF_CHAR', 'CDF_UCHAR']
  thb_psif_magt3_compno: CDF VAR_TYPE = 'metadata' and DataType not one of ['CDF_CHAR', 'CDF_UCHAR']
  thb_psif_ptens_compno: CDF VAR_TYPE = 'metadata' and DataType not one of ['CDF_CHAR', 'CDF_UCHAR']
  thb_psif_mftens_compno: CDF VAR_TYPE = 'metadata' and DataType not one of ['CDF_CHAR', 'CDF_UCHAR']
  thb_psif_flux_compno: CDF VAR_TYPE = 'metadata' and DataType not one of ['CDF_CHAR', 'CDF_UCHAR']
  thb_psif_symm_compno: CDF VAR_TYPE = 'metadata' and DataType not one of ['CDF_CHAR', 'CDF_UCHAR']
  thb_psif_magf_compno: CDF VAR_TYPE = 'metadata' and DataType not one of ['CDF_CHAR', 'CDF_UCHAR']
  thb_psif_velocity_dsl_compno: CDF VAR_TYPE = 'metadata' and DataType not one of ['CDF_CHAR', 'CDF_UCHAR']
  thb_psif_velocity_gse_compno: CDF VAR_TYPE = 'metadata' and DataType not one of ['CDF_CHAR', 'CDF_UCHAR']
  thb_psif_velocity_gsm_compno: CDF VAR_TYPE = 'metadata' and DataType not one of ['CDF_CHAR', 'CDF_UCHAR']
  thb_psef_t3_compno: CDF VAR_TYPE = 'metadata' and DataType not one of ['CDF_CHAR', 'CDF_UCHAR']
  thb_psef_magt3_compno: CDF VAR_TYPE = 'metadata' and DataType not one of ['CDF_CHAR', 'CDF_UCHAR']
  thb_psef_ptens_compno: CDF VAR_TYPE = 'metadata' and DataType not one of ['CDF_CHAR', 'CDF_UCHAR']
  thb_psef_mftens_compno: CDF VAR_TYPE = 'metadata' and DataType not one of ['CDF_CHAR', 'CDF_UCHAR']
  thb_psef_flux_compno: CDF VAR_TYPE = 'metadata' and DataType not one of ['CDF_CHAR', 'CDF_UCHAR']
  thb_psef_symm_compno: CDF VAR_TYPE = 'metadata' and DataType not one of ['CDF_CHAR', 'CDF_UCHAR']
  thb_psef_magf_compno: CDF VAR_TYPE = 'metadata' and DataType not one of ['CDF_CHAR', 'CDF_UCHAR']
  thb_psef_velocity_dsl_compno: CDF VAR_TYPE = 'metadata' and DataType not one of ['CDF_CHAR', 'CDF_UCHAR']
  thb_psef_velocity_gse_compno: CDF VAR_TYPE = 'metadata' and DataType not one of ['CDF_CHAR', 'CDF_UCHAR']
  thb_psef_velocity_gsm_compno: CDF VAR_TYPE = 'metadata' and DataType not one of ['CDF_CHAR', 'CDF_UCHAR']
  thb_psib_t3_compno: CDF VAR_TYPE = 'metadata' and DataType not one of ['CDF_CHAR', 'CDF_UCHAR']
  thb_psib_magt3_compno: CDF VAR_TYPE = 'metadata' and DataType not one of ['CDF_CHAR', 'CDF_UCHAR']
  thb_psib_ptens_compno: CDF VAR_TYPE = 'metadata' and DataType not one of ['CDF_CHAR', 'CDF_UCHAR']
  thb_psib_mftens_compno: CDF VAR_TYPE = 'metadata' and DataType not one of ['CDF_CHAR', 'CDF_UCHAR']
  thb_psib_flux_compno: CDF VAR_TYPE = 'metadata' and DataType not one of ['CDF_CHAR', 'CDF_UCHAR']
  thb_psib_symm_compno: CDF VAR_TYPE = 'metadata' and DataType not one of ['CDF_CHAR', 'CDF_UCHAR']
  thb_psib_magf_compno: CDF VAR_TYPE = 'metadata' and DataType not one of ['CDF_CHAR', 'CDF_UCHAR']
  thb_psib_velocity_dsl_compno: CDF VAR_TYPE = 'metadata' and DataType not one of ['CDF_CHAR', 'CDF_UCHAR']
  thb_psib_velocity_gse_compno: CDF VAR_TYPE = 'metadata' and DataType not one of ['CDF_CHAR', 'CDF_UCHAR']
  thb_psib_velocity_gsm_compno: CDF VAR_TYPE = 'metadata' and DataType not one of ['CDF_CHAR', 'CDF_UCHAR']
  thb_pseb_t3_compno: CDF VAR_TYPE = 'metadata' and DataType not one of ['CDF_CHAR', 'CDF_UCHAR']
  thb_pseb_magt3_compno: CDF VAR_TYPE = 'metadata' and DataType not one of ['CDF_CHAR', 'CDF_UCHAR']
  thb_pseb_ptens_compno: CDF VAR_TYPE = 'metadata' and DataType not one of ['CDF_CHAR', 'CDF_UCHAR']
  thb_pseb_mftens_compno: CDF VAR_TYPE = 'metadata' and DataType not one of ['CDF_CHAR', 'CDF_UCHAR']
  thb_pseb_flux_compno: CDF VAR_TYPE = 'metadata' and DataType not one of ['CDF_CHAR', 'CDF_UCHAR']
  thb_pseb_symm_compno: CDF VAR_TYPE = 'metadata' and DataType not one of ['CDF_CHAR', 'CDF_UCHAR']
  thb_pseb_magf_compno: CDF VAR_TYPE = 'metadata' and DataType not one of ['CDF_CHAR', 'CDF_UCHAR']
  thb_pseb_velocity_dsl_compno: CDF VAR_TYPE = 'metadata' and DataType not one of ['CDF_CHAR', 'CDF_UCHAR']
  thb_pseb_velocity_gse_compno: CDF VAR_TYPE = 'metadata' and DataType not one of ['CDF_CHAR', 'CDF_UCHAR']
  thb_pseb_velocity_gsm_compno: CDF VAR_TYPE = 'metadata' and DataType not one of ['CDF_CHAR', 'CDF_UCHAR']
THC_L1_STATE | ISTP.DataType.Invalid:
  thc_pos_compno: CDF VAR_TYPE = 'metadata' and DataType not one of ['CDF_CHAR', 'CDF_UCHAR']
  thc_vel_compno: CDF VAR_TYPE = 'metadata' and DataType not one of ['CDF_CHAR', 'CDF_UCHAR']
  thc_pos_gse_compno: CDF VAR_TYPE = 'metadata' and DataType not one of ['CDF_CHAR', 'CDF_UCHAR']
  thc_pos_gsm_compno: CDF VAR_TYPE = 'metadata' and DataType not one of ['CDF_CHAR', 'CDF_UCHAR']
  thc_vel_gse_compno: CDF VAR_TYPE = 'metadata' and DataType not one of ['CDF_CHAR', 'CDF_UCHAR']
  thc_vel_gsm_compno: CDF VAR_TYPE = 'metadata' and DataType not one of ['CDF_CHAR', 'CDF_UCHAR']
  thc_pos_sel_compno: CDF VAR_TYPE = 'metadata' and DataType not one of ['CDF_CHAR', 'CDF_UCHAR']
  thc_pos_sse_compno: CDF VAR_TYPE = 'metadata' and DataType not one of ['CDF_CHAR', 'CDF_UCHAR']
  thc_vel_sel_compno: CDF VAR_TYPE = 'metadata' and DataType not one of ['CDF_CHAR', 'CDF_UCHAR']
  thc_vel_sse_compno: CDF VAR_TYPE = 'metadata' and DataType not one of ['CDF_CHAR', 'CDF_UCHAR']
THC_L2_EFI | ISTP.DataType.Invalid:
  thc_efs_dot0_gse_compno: CDF VAR_TYPE = 'metadata' and DataType not one of ['CDF_CHAR', 'CDF_UCHAR']
  thc_efs_dot0_gsm_compno: CDF VAR_TYPE = 'metadata' and DataType not one of ['CDF_CHAR', 'CDF_UCHAR']
  thc_efs_dot0_dsl_compno: CDF VAR_TYPE = 'metadata' and DataType not one of ['CDF_CHAR', 'CDF_UCHAR']
  thc_eff_dot0_gse_compno: CDF VAR_TYPE = 'metadata' and DataType not one of ['CDF_CHAR', 'CDF_UCHAR']
  thc_eff_dot0_gsm_compno: CDF VAR_TYPE = 'metadata' and DataType not one of ['CDF_CHAR', 'CDF_UCHAR']
  thc_eff_dot0_dsl_compno: CDF VAR_TYPE = 'metadata' and DataType not one of ['CDF_CHAR', 'CDF_UCHAR']
  thc_eff_e12_efs_compno: CDF VAR_TYPE = 'metadata' and DataType not one of ['CDF_CHAR', 'CDF_UCHAR']
  thc_eff_e34_efs_compno: CDF VAR_TYPE = 'metadata' and DataType not one of ['CDF_CHAR', 'CDF_UCHAR']
THC_L2_ESA | ISTP.DataType.Invalid:
  thc_peif_t3_compno: CDF VAR_TYPE = 'metadata' and DataType not one of ['CDF_CHAR', 'CDF_UCHAR']
  thc_peif_magt3_compno: CDF VAR_TYPE = 'metadata' and DataType not one of ['CDF_CHAR', 'CDF_UCHAR']
  thc_peif_ptens_compno: CDF VAR_TYPE = 'metadata' and DataType not one of ['CDF_CHAR', 'CDF_UCHAR']
  thc_peif_mftens_compno: CDF VAR_TYPE = 'metadata' and DataType not one of ['CDF_CHAR', 'CDF_UCHAR']
  thc_peif_flux_compno: CDF VAR_TYPE = 'metadata' and DataType not one of ['CDF_CHAR', 'CDF_UCHAR']
  thc_peif_symm_compno: CDF VAR_TYPE = 'metadata' and DataType not one of ['CDF_CHAR', 'CDF_UCHAR']
  thc_peif_magf_compno: CDF VAR_TYPE = 'metadata' and DataType not one of ['CDF_CHAR', 'CDF_UCHAR']
  thc_peif_velocity_dsl_compno: CDF VAR_TYPE = 'metadata' and DataType not one of ['CDF_CHAR', 'CDF_UCHAR']
  thc_peif_velocity_gse_compno: CDF VAR_TYPE = 'metadata' and DataType not one of ['CDF_CHAR', 'CDF_UCHAR']
  thc_peif_velocity_gsm_compno: CDF VAR_TYPE = 'metadata' and DataType not one of ['CDF_CHAR', 'CDF_UCHAR']
  thc_peif_mode_compno: CDF VAR_TYPE = 'metadata' and DataType not one of ['CDF_CHAR', 'CDF_UCHAR']
  thc_peef_t3_compno: CDF VAR_TYPE = 'metadata' and DataType not one of ['CDF_CHAR', 'CDF_UCHAR']
  thc_peef_magt3_compno: CDF VAR_TYPE = 'metadata' and DataType not one of ['CDF_CHAR', 'CDF_UCHAR']
  thc_peef_ptens_compno: CDF VAR_TYPE = 'metadata' and DataType not one of ['CDF_CHAR', 'CDF_UCHAR']
  thc_peef_mftens_compno: CDF VAR_TYPE = 'metadata' and DataType not one of ['CDF_CHAR', 'CDF_UCHAR']
  thc_peef_flux_compno: CDF VAR_TYPE = 'metadata' and DataType not one of ['CDF_CHAR', 'CDF_UCHAR']
  thc_peef_symm_compno: CDF VAR_TYPE = 'metadata' and DataType not one of ['CDF_CHAR', 'CDF_UCHAR']
  thc_peef_magf_compno: CDF VAR_TYPE = 'metadata' and DataType not one of ['CDF_CHAR', 'CDF_UCHAR']
  thc_peef_velocity_dsl_compno: CDF VAR_TYPE = 'metadata' and DataType not one of ['CDF_CHAR', 'CDF_UCHAR']
  thc_peef_velocity_gse_compno: CDF VAR_TYPE = 'metadata' and DataType not one of ['CDF_CHAR', 'CDF_UCHAR']
  thc_peef_velocity_gsm_compno: CDF VAR_TYPE = 'metadata' and DataType not one of ['CDF_CHAR', 'CDF_UCHAR']
  thc_peef_mode_compno: CDF VAR_TYPE = 'metadata' and DataType not one of ['CDF_CHAR', 'CDF_UCHAR']
  thc_peir_t3_compno: CDF VAR_TYPE = 'metadata' and DataType not one of ['CDF_CHAR', 'CDF_UCHAR']
  thc_peir_magt3_compno: CDF VAR_TYPE = 'metadata' and DataType not one of ['CDF_CHAR', 'CDF_UCHAR']
  thc_peir_ptens_compno: CDF VAR_TYPE = 'metadata' and DataType not one of ['CDF_CHAR', 'CDF_UCHAR']
  thc_peir_mftens_compno: CDF VAR_TYPE = 'metadata' and DataType not one of ['CDF_CHAR', 'CDF_UCHAR']
  thc_peir_flux_compno: CDF VAR_TYPE = 'metadata' and DataType not one of ['CDF_CHAR', 'CDF_UCHAR']
  thc_peir_symm_compno: CDF VAR_TYPE = 'metadata' and DataType not one of ['CDF_CHAR', 'CDF_UCHAR']
  thc_peir_magf_compno: CDF VAR_TYPE = 'metadata' and DataType not one of ['CDF_CHAR', 'CDF_UCHAR']
  thc_peir_velocity_dsl_compno: CDF VAR_TYPE = 'metadata' and DataType not one of ['CDF_CHAR', 'CDF_UCHAR']
  thc_peir_velocity_gse_compno: CDF VAR_TYPE = 'metadata' and DataType not one of ['CDF_CHAR', 'CDF_UCHAR']
  thc_peir_velocity_gsm_compno: CDF VAR_TYPE = 'metadata' and DataType not one of ['CDF_CHAR', 'CDF_UCHAR']
  thc_peir_mode_compno: CDF VAR_TYPE = 'metadata' and DataType not one of ['CDF_CHAR', 'CDF_UCHAR']
  thc_peer_t3_compno: CDF VAR_TYPE = 'metadata' and DataType not one of ['CDF_CHAR', 'CDF_UCHAR']
  thc_peer_magt3_compno: CDF VAR_TYPE = 'metadata' and DataType not one of ['CDF_CHAR', 'CDF_UCHAR']
  thc_peer_ptens_compno: CDF VAR_TYPE = 'metadata' and DataType not one of ['CDF_CHAR', 'CDF_UCHAR']
  thc_peer_mftens_compno: CDF VAR_TYPE = 'metadata' and DataType not one of ['CDF_CHAR', 'CDF_UCHAR']
  thc_peer_flux_compno: CDF VAR_TYPE = 'metadata' and DataType not one of ['CDF_CHAR', 'CDF_UCHAR']
  thc_peer_symm_compno: CDF VAR_TYPE = 'metadata' and DataType not one of ['CDF_CHAR', 'CDF_UCHAR']
  thc_peer_magf_compno: CDF VAR_TYPE = 'metadata' and DataType not one of ['CDF_CHAR', 'CDF_UCHAR']
  thc_peer_velocity_dsl_compno: CDF VAR_TYPE = 'metadata' and DataType not one of ['CDF_CHAR', 'CDF_UCHAR']
  thc_peer_velocity_gse_compno: CDF VAR_TYPE = 'metadata' and DataType not one of ['CDF_CHAR', 'CDF_UCHAR']
  thc_peer_velocity_gsm_compno: CDF VAR_TYPE = 'metadata' and DataType not one of ['CDF_CHAR', 'CDF_UCHAR']
  thc_peer_mode_compno: CDF VAR_TYPE = 'metadata' and DataType not one of ['CDF_CHAR', 'CDF_UCHAR']
  thc_peib_t3_compno: CDF VAR_TYPE = 'metadata' and DataType not one of ['CDF_CHAR', 'CDF_UCHAR']
  thc_peib_magt3_compno: CDF VAR_TYPE = 'metadata' and DataType not one of ['CDF_CHAR', 'CDF_UCHAR']
  thc_peib_ptens_compno: CDF VAR_TYPE = 'metadata' and DataType not one of ['CDF_CHAR', 'CDF_UCHAR']
  thc_peib_mftens_compno: CDF VAR_TYPE = 'metadata' and DataType not one of ['CDF_CHAR', 'CDF_UCHAR']
  thc_peib_flux_compno: CDF VAR_TYPE = 'metadata' and DataType not one of ['CDF_CHAR', 'CDF_UCHAR']
  thc_peib_symm_compno: CDF VAR_TYPE = 'metadata' and DataType not one of ['CDF_CHAR', 'CDF_UCHAR']
  thc_peib_magf_compno: CDF VAR_TYPE = 'metadata' and DataType not one of ['CDF_CHAR', 'CDF_UCHAR']
  thc_peib_velocity_dsl_compno: CDF VAR_TYPE = 'metadata' and DataType not one of ['CDF_CHAR', 'CDF_UCHAR']
  thc_peib_velocity_gse_compno: CDF VAR_TYPE = 'metadata' and DataType not one of ['CDF_CHAR', 'CDF_UCHAR']
  thc_peib_velocity_gsm_compno: CDF VAR_TYPE = 'metadata' and DataType not one of ['CDF_CHAR', 'CDF_UCHAR']
  thc_peib_mode_compno: CDF VAR_TYPE = 'metadata' and DataType not one of ['CDF_CHAR', 'CDF_UCHAR']
  thc_peeb_t3_compno: CDF VAR_TYPE = 'metadata' and DataType not one of ['CDF_CHAR', 'CDF_UCHAR']
  thc_peeb_magt3_compno: CDF VAR_TYPE = 'metadata' and DataType not one of ['CDF_CHAR', 'CDF_UCHAR']
  thc_peeb_ptens_compno: CDF VAR_TYPE = 'metadata' and DataType not one of ['CDF_CHAR', 'CDF_UCHAR']
  thc_peeb_mftens_compno: CDF VAR_TYPE = 'metadata' and DataType not one of ['CDF_CHAR', 'CDF_UCHAR']
  thc_peeb_flux_compno: CDF VAR_TYPE = 'metadata' and DataType not one of ['CDF_CHAR', 'CDF_UCHAR']
  thc_peeb_symm_compno: CDF VAR_TYPE = 'metadata' and DataType not one of ['CDF_CHAR', 'CDF_UCHAR']
  thc_peeb_magf_compno: CDF VAR_TYPE = 'metadata' and DataType not one of ['CDF_CHAR', 'CDF_UCHAR']
  thc_peeb_velocity_dsl_compno: CDF VAR_TYPE = 'metadata' and DataType not one of ['CDF_CHAR', 'CDF_UCHAR']
  thc_peeb_velocity_gse_compno: CDF VAR_TYPE = 'metadata' and DataType not one of ['CDF_CHAR', 'CDF_UCHAR']
  thc_peeb_velocity_gsm_compno: CDF VAR_TYPE = 'metadata' and DataType not one of ['CDF_CHAR', 'CDF_UCHAR']
  thc_peeb_mode_compno: CDF VAR_TYPE = 'metadata' and DataType not one of ['CDF_CHAR', 'CDF_UCHAR']
THC_L2_FBK | ISTP.DataType.Invalid:
  thc_fbk_freqno: CDF VAR_TYPE = 'metadata' and DataType not one of ['CDF_CHAR', 'CDF_UCHAR']
THC_L2_FGM | ISTP.DataType.Invalid:
  thc_fgs_compno: CDF VAR_TYPE = 'metadata' and DataType not one of ['CDF_CHAR', 'CDF_UCHAR']
  thc_fgl_compno: CDF VAR_TYPE = 'metadata' and DataType not one of ['CDF_CHAR', 'CDF_UCHAR']
  thc_fgh_compno: CDF VAR_TYPE = 'metadata' and DataType not one of ['CDF_CHAR', 'CDF_UCHAR']
  thc_fge_compno: CDF VAR_TYPE = 'metadata' and DataType not one of ['CDF_CHAR', 'CDF_UCHAR']
THC_L2_FIT | ISTP.DataType.Invalid:
  thc_fgs_dsl_compno: CDF VAR_TYPE = 'metadata' and DataType not one of ['CDF_CHAR', 'CDF_UCHAR']
  thc_fgs_gse_compno: CDF VAR_TYPE = 'metadata' and DataType not one of ['CDF_CHAR', 'CDF_UCHAR']
  thc_fgs_gsm_compno: CDF VAR_TYPE = 'metadata' and DataType not one of ['CDF_CHAR', 'CDF_UCHAR']
  thc_efs_dsl_compno: CDF VAR_TYPE = 'metadata' and DataType not one of ['CDF_CHAR', 'CDF_UCHAR']
  thc_efs_0_dsl_compno: CDF VAR_TYPE = 'metadata' and DataType not one of ['CDF_CHAR', 'CDF_UCHAR']
  thc_efs_dot0_dsl_compno: CDF VAR_TYPE = 'metadata' and DataType not one of ['CDF_CHAR', 'CDF_UCHAR']
  thc_efs_gse_compno: CDF VAR_TYPE = 'metadata' and DataType not one of ['CDF_CHAR', 'CDF_UCHAR']
  thc_efs_0_gse_compno: CDF VAR_TYPE = 'metadata' and DataType not one of ['CDF_CHAR', 'CDF_UCHAR']
  thc_efs_dot0_gse_compno: CDF VAR_TYPE = 'metadata' and DataType not one of ['CDF_CHAR', 'CDF_UCHAR']
  thc_efs_gsm_compno: CDF VAR_TYPE = 'metadata' and DataType not one of ['CDF_CHAR', 'CDF_UCHAR']
  thc_efs_0_gsm_compno: CDF VAR_TYPE = 'metadata' and DataType not one of ['CDF_CHAR', 'CDF_UCHAR']
  thc_efs_dot0_gsm_compno: CDF VAR_TYPE = 'metadata' and DataType not one of ['CDF_CHAR', 'CDF_UCHAR']
  thc_fit_bfit_compno: CDF VAR_TYPE = 'metadata' and DataType not one of ['CDF_CHAR', 'CDF_UCHAR']
  thc_fit_efit_compno: CDF VAR_TYPE = 'metadata' and DataType not one of ['CDF_CHAR', 'CDF_UCHAR']
THC_L2_GMOM | ISTP.DataType.Invalid:
  thc_ptiff_t3_compno: CDF VAR_TYPE = 'metadata' and DataType not one of ['CDF_CHAR', 'CDF_UCHAR']
  thc_ptiff_magt3_compno: CDF VAR_TYPE = 'metadata' and DataType not one of ['CDF_CHAR', 'CDF_UCHAR']
  thc_ptiff_ptens_compno: CDF VAR_TYPE = 'metadata' and DataType not one of ['CDF_CHAR', 'CDF_UCHAR']
  thc_ptiff_mftens_compno: CDF VAR_TYPE = 'metadata' and DataType not one of ['CDF_CHAR', 'CDF_UCHAR']
  thc_ptiff_flux_compno: CDF VAR_TYPE = 'metadata' and DataType not one of ['CDF_CHAR', 'CDF_UCHAR']
  thc_ptiff_symm_compno: CDF VAR_TYPE = 'metadata' and DataType not one of ['CDF_CHAR', 'CDF_UCHAR']
  thc_ptiff_magf_compno: CDF VAR_TYPE = 'metadata' and DataType not one of ['CDF_CHAR', 'CDF_UCHAR']
  thc_ptiff_velocity_dsl_compno: CDF VAR_TYPE = 'metadata' and DataType not one of ['CDF_CHAR', 'CDF_UCHAR']
  thc_ptiff_velocity_gse_compno: CDF VAR_TYPE = 'metadata' and DataType not one of ['CDF_CHAR', 'CDF_UCHAR']
  thc_ptiff_velocity_gsm_compno: CDF VAR_TYPE = 'metadata' and DataType not one of ['CDF_CHAR', 'CDF_UCHAR']
  thc_ptiff_mode_compno: CDF VAR_TYPE = 'metadata' and DataType not one of ['CDF_CHAR', 'CDF_UCHAR']
  thc_pteff_t3_compno: CDF VAR_TYPE = 'metadata' and DataType not one of ['CDF_CHAR', 'CDF_UCHAR']
  thc_pteff_magt3_compno: CDF VAR_TYPE = 'metadata' and DataType not one of ['CDF_CHAR', 'CDF_UCHAR']
  thc_pteff_ptens_compno: CDF VAR_TYPE = 'metadata' and DataType not one of ['CDF_CHAR', 'CDF_UCHAR']
  thc_pteff_mftens_compno: CDF VAR_TYPE = 'metadata' and DataType not one of ['CDF_CHAR', 'CDF_UCHAR']
  thc_pteff_flux_compno: CDF VAR_TYPE = 'metadata' and DataType not one of ['CDF_CHAR', 'CDF_UCHAR']
  thc_pteff_symm_compno: CDF VAR_TYPE = 'metadata' and DataType not one of ['CDF_CHAR', 'CDF_UCHAR']
  thc_pteff_magf_compno: CDF VAR_TYPE = 'metadata' and DataType not one of ['CDF_CHAR', 'CDF_UCHAR']
  thc_pteff_velocity_dsl_compno: CDF VAR_TYPE = 'metadata' and DataType not one of ['CDF_CHAR', 'CDF_UCHAR']
  thc_pteff_velocity_gse_compno: CDF VAR_TYPE = 'metadata' and DataType not one of ['CDF_CHAR', 'CDF_UCHAR']
  thc_pteff_velocity_gsm_compno: CDF VAR_TYPE = 'metadata' and DataType not one of ['CDF_CHAR', 'CDF_UCHAR']
  thc_pteff_mode_compno: CDF VAR_TYPE = 'metadata' and DataType not one of ['CDF_CHAR', 'CDF_UCHAR']
  thc_ptirf_t3_compno: CDF VAR_TYPE = 'metadata' and DataType not one of ['CDF_CHAR', 'CDF_UCHAR']
  thc_ptirf_magt3_compno: CDF VAR_TYPE = 'metadata' and DataType not one of ['CDF_CHAR', 'CDF_UCHAR']
  thc_ptirf_ptens_compno: CDF VAR_TYPE = 'metadata' and DataType not one of ['CDF_CHAR', 'CDF_UCHAR']
  thc_ptirf_mftens_compno: CDF VAR_TYPE = 'metadata' and DataType not one of ['CDF_CHAR', 'CDF_UCHAR']
  thc_ptirf_flux_compno: CDF VAR_TYPE = 'metadata' and DataType not one of ['CDF_CHAR', 'CDF_UCHAR']
  thc_ptirf_symm_compno: CDF VAR_TYPE = 'metadata' and DataType not one of ['CDF_CHAR', 'CDF_UCHAR']
  thc_ptirf_magf_compno: CDF VAR_TYPE = 'metadata' and DataType not one of ['CDF_CHAR', 'CDF_UCHAR']
  thc_ptirf_velocity_dsl_compno: CDF VAR_TYPE = 'metadata' and DataType not one of ['CDF_CHAR', 'CDF_UCHAR']
  thc_ptirf_velocity_gse_compno: CDF VAR_TYPE = 'metadata' and DataType not one of ['CDF_CHAR', 'CDF_UCHAR']
  thc_ptirf_velocity_gsm_compno: CDF VAR_TYPE = 'metadata' and DataType not one of ['CDF_CHAR', 'CDF_UCHAR']
  thc_ptirf_mode_compno: CDF VAR_TYPE = 'metadata' and DataType not one of ['CDF_CHAR', 'CDF_UCHAR']
  thc_pterf_t3_compno: CDF VAR_TYPE = 'metadata' and DataType not one of ['CDF_CHAR', 'CDF_UCHAR']
  thc_pterf_magt3_compno: CDF VAR_TYPE = 'metadata' and DataType not one of ['CDF_CHAR', 'CDF_UCHAR']
  thc_pterf_ptens_compno: CDF VAR_TYPE = 'metadata' and DataType not one of ['CDF_CHAR', 'CDF_UCHAR']
  thc_pterf_mftens_compno: CDF VAR_TYPE = 'metadata' and DataType not one of ['CDF_CHAR', 'CDF_UCHAR']
  thc_pterf_flux_compno: CDF VAR_TYPE = 'metadata' and DataType not one of ['CDF_CHAR', 'CDF_UCHAR']
  thc_pterf_symm_compno: CDF VAR_TYPE = 'metadata' and DataType not one of ['CDF_CHAR', 'CDF_UCHAR']
  thc_pterf_magf_compno: CDF VAR_TYPE = 'metadata' and DataType not one of ['CDF_CHAR', 'CDF_UCHAR']
  thc_pterf_velocity_dsl_compno: CDF VAR_TYPE = 'metadata' and DataType not one of ['CDF_CHAR', 'CDF_UCHAR']
  thc_pterf_velocity_gse_compno: CDF VAR_TYPE = 'metadata' and DataType not one of ['CDF_CHAR', 'CDF_UCHAR']
  thc_pterf_velocity_gsm_compno: CDF VAR_TYPE = 'metadata' and DataType not one of ['CDF_CHAR', 'CDF_UCHAR']
  thc_pterf_mode_compno: CDF VAR_TYPE = 'metadata' and DataType not one of ['CDF_CHAR', 'CDF_UCHAR']
  thc_ptibb_t3_compno: CDF VAR_TYPE = 'metadata' and DataType not one of ['CDF_CHAR', 'CDF_UCHAR']
  thc_ptibb_magt3_compno: CDF VAR_TYPE = 'metadata' and DataType not one of ['CDF_CHAR', 'CDF_UCHAR']
  thc_ptibb_ptens_compno: CDF VAR_TYPE = 'metadata' and DataType not one of ['CDF_CHAR', 'CDF_UCHAR']
  thc_ptibb_mftens_compno: CDF VAR_TYPE = 'metadata' and DataType not one of ['CDF_CHAR', 'CDF_UCHAR']
  thc_ptibb_flux_compno: CDF VAR_TYPE = 'metadata' and DataType not one of ['CDF_CHAR', 'CDF_UCHAR']
  thc_ptibb_symm_compno: CDF VAR_TYPE = 'metadata' and DataType not one of ['CDF_CHAR', 'CDF_UCHAR']
  thc_ptibb_magf_compno: CDF VAR_TYPE = 'metadata' and DataType not one of ['CDF_CHAR', 'CDF_UCHAR']
  thc_ptibb_velocity_dsl_compno: CDF VAR_TYPE = 'metadata' and DataType not one of ['CDF_CHAR', 'CDF_UCHAR']
  thc_ptibb_velocity_gse_compno: CDF VAR_TYPE = 'metadata' and DataType not one of ['CDF_CHAR', 'CDF_UCHAR']
  thc_ptibb_velocity_gsm_compno: CDF VAR_TYPE = 'metadata' and DataType not one of ['CDF_CHAR', 'CDF_UCHAR']
  thc_ptibb_mode_compno: CDF VAR_TYPE = 'metadata' and DataType not one of ['CDF_CHAR', 'CDF_UCHAR']
  thc_ptebb_t3_compno: CDF VAR_TYPE = 'metadata' and DataType not one of ['CDF_CHAR', 'CDF_UCHAR']
  thc_ptebb_magt3_compno: CDF VAR_TYPE = 'metadata' and DataType not one of ['CDF_CHAR', 'CDF_UCHAR']
  thc_ptebb_ptens_compno: CDF VAR_TYPE = 'metadata' and DataType not one of ['CDF_CHAR', 'CDF_UCHAR']
  thc_ptebb_mftens_compno: CDF VAR_TYPE = 'metadata' and DataType not one of ['CDF_CHAR', 'CDF_UCHAR']
  thc_ptebb_flux_compno: CDF VAR_TYPE = 'metadata' and DataType not one of ['CDF_CHAR', 'CDF_UCHAR']
  thc_ptebb_symm_compno: CDF VAR_TYPE = 'metadata' and DataType not one of ['CDF_CHAR', 'CDF_UCHAR']
  thc_ptebb_magf_compno: CDF VAR_TYPE = 'metadata' and DataType not one of ['CDF_CHAR', 'CDF_UCHAR']
  thc_ptebb_velocity_dsl_compno: CDF VAR_TYPE = 'metadata' and DataType not one of ['CDF_CHAR', 'CDF_UCHAR']
  thc_ptebb_velocity_gse_compno: CDF VAR_TYPE = 'metadata' and DataType not one of ['CDF_CHAR', 'CDF_UCHAR']
  thc_ptebb_velocity_gsm_compno: CDF VAR_TYPE = 'metadata' and DataType not one of ['CDF_CHAR', 'CDF_UCHAR']
  thc_ptebb_mode_compno: CDF VAR_TYPE = 'metadata' and DataType not one of ['CDF_CHAR', 'CDF_UCHAR']
THC_L2_MERGED | ISTP.DataType.Invalid:
  thc_fgs_compno: CDF VAR_TYPE = 'metadata' and DataType not one of ['CDF_CHAR', 'CDF_UCHAR']
  thc_peif_velocity_gse_compno: CDF VAR_TYPE = 'metadata' and DataType not one of ['CDF_CHAR', 'CDF_UCHAR']
THC_L2_MOM | ISTP.DataType.Invalid:
  thc_peim_flux_compno: CDF VAR_TYPE = 'metadata' and DataType not one of ['CDF_CHAR', 'CDF_UCHAR']
  thc_peim_mftens_compno: CDF VAR_TYPE = 'metadata' and DataType not one of ['CDF_CHAR', 'CDF_UCHAR']
  thc_peim_eflux_compno: CDF VAR_TYPE = 'metadata' and DataType not one of ['CDF_CHAR', 'CDF_UCHAR']
  thc_peim_velocity_dsl_compno: CDF VAR_TYPE = 'metadata' and DataType not one of ['CDF_CHAR', 'CDF_UCHAR']
  thc_peim_velocity_gse_compno: CDF VAR_TYPE = 'metadata' and DataType not one of ['CDF_CHAR', 'CDF_UCHAR']
  thc_peim_velocity_gsm_compno: CDF VAR_TYPE = 'metadata' and DataType not one of ['CDF_CHAR', 'CDF_UCHAR']
  thc_peim_ptens_compno: CDF VAR_TYPE = 'metadata' and DataType not one of ['CDF_CHAR', 'CDF_UCHAR']
  thc_peim_mag_compno: CDF VAR_TYPE = 'metadata' and DataType not one of ['CDF_CHAR', 'CDF_UCHAR']
  thc_peim_velocity_mag_compno: CDF VAR_TYPE = 'metadata' and DataType not one of ['CDF_CHAR', 'CDF_UCHAR']
  thc_peim_t3_mag_compno: CDF VAR_TYPE = 'metadata' and DataType not one of ['CDF_CHAR', 'CDF_UCHAR']
  thc_peim_ptens_mag_compno: CDF VAR_TYPE = 'metadata' and DataType not one of ['CDF_CHAR', 'CDF_UCHAR']
  thc_peem_flux_compno: CDF VAR_TYPE = 'metadata' and DataType not one of ['CDF_CHAR', 'CDF_UCHAR']
  thc_peem_mftens_compno: CDF VAR_TYPE = 'metadata' and DataType not one of ['CDF_CHAR', 'CDF_UCHAR']
  thc_peem_eflux_compno: CDF VAR_TYPE = 'metadata' and DataType not one of ['CDF_CHAR', 'CDF_UCHAR']
  thc_peem_velocity_dsl_compno: CDF VAR_TYPE = 'metadata' and DataType not one of ['CDF_CHAR', 'CDF_UCHAR']
  thc_peem_velocity_gse_compno: CDF VAR_TYPE = 'metadata' and DataType not one of ['CDF_CHAR', 'CDF_UCHAR']
  thc_peem_velocity_gsm_compno: CDF VAR_TYPE = 'metadata' and DataType not one of ['CDF_CHAR', 'CDF_UCHAR']
  thc_peem_ptens_compno: CDF VAR_TYPE = 'metadata' and DataType not one of ['CDF_CHAR', 'CDF_UCHAR']
  thc_peem_mag_compno: CDF VAR_TYPE = 'metadata' and DataType not one of ['CDF_CHAR', 'CDF_UCHAR']
  thc_peem_velocity_mag_compno: CDF VAR_TYPE = 'metadata' and DataType not one of ['CDF_CHAR', 'CDF_UCHAR']
  thc_peem_t3_mag_compno: CDF VAR_TYPE = 'metadata' and DataType not one of ['CDF_CHAR', 'CDF_UCHAR']
  thc_peem_ptens_mag_compno: CDF VAR_TYPE = 'metadata' and DataType not one of ['CDF_CHAR', 'CDF_UCHAR']
THC_L2_SCM | ISTP.DataType.Invalid:
  thc_scf_compno: CDF VAR_TYPE = 'metadata' and DataType not one of ['CDF_CHAR', 'CDF_UCHAR']
  thc_scp_compno: CDF VAR_TYPE = 'metadata' and DataType not one of ['CDF_CHAR', 'CDF_UCHAR']
  thc_scw_compno: CDF VAR_TYPE = 'metadata' and DataType not one of ['CDF_CHAR', 'CDF_UCHAR']
THC_L2_SST | ISTP.DataType.Invalid:
  thc_psif_t3_compno: CDF VAR_TYPE = 'metadata' and DataType not one of ['CDF_CHAR', 'CDF_UCHAR']
  thc_psif_magt3_compno: CDF VAR_TYPE = 'metadata' and DataType not one of ['CDF_CHAR', 'CDF_UCHAR']
  thc_psif_ptens_compno: CDF VAR_TYPE = 'metadata' and DataType not one of ['CDF_CHAR', 'CDF_UCHAR']
  thc_psif_mftens_compno: CDF VAR_TYPE = 'metadata' and DataType not one of ['CDF_CHAR', 'CDF_UCHAR']
  thc_psif_flux_compno: CDF VAR_TYPE = 'metadata' and DataType not one of ['CDF_CHAR', 'CDF_UCHAR']
  thc_psif_symm_compno: CDF VAR_TYPE = 'metadata' and DataType not one of ['CDF_CHAR', 'CDF_UCHAR']
  thc_psif_magf_compno: CDF VAR_TYPE = 'metadata' and DataType not one of ['CDF_CHAR', 'CDF_UCHAR']
  thc_psif_velocity_dsl_compno: CDF VAR_TYPE = 'metadata' and DataType not one of ['CDF_CHAR', 'CDF_UCHAR']
  thc_psif_velocity_gse_compno: CDF VAR_TYPE = 'metadata' and DataType not one of ['CDF_CHAR', 'CDF_UCHAR']
  thc_psif_velocity_gsm_compno: CDF VAR_TYPE = 'metadata' and DataType not one of ['CDF_CHAR', 'CDF_UCHAR']
  thc_psef_t3_compno: CDF VAR_TYPE = 'metadata' and DataType not one of ['CDF_CHAR', 'CDF_UCHAR']
  thc_psef_magt3_compno: CDF VAR_TYPE = 'metadata' and DataType not one of ['CDF_CHAR', 'CDF_UCHAR']
  thc_psef_ptens_compno: CDF VAR_TYPE = 'metadata' and DataType not one of ['CDF_CHAR', 'CDF_UCHAR']
  thc_psef_mftens_compno: CDF VAR_TYPE = 'metadata' and DataType not one of ['CDF_CHAR', 'CDF_UCHAR']
  thc_psef_flux_compno: CDF VAR_TYPE = 'metadata' and DataType not one of ['CDF_CHAR', 'CDF_UCHAR']
  thc_psef_symm_compno: CDF VAR_TYPE = 'metadata' and DataType not one of ['CDF_CHAR', 'CDF_UCHAR']
  thc_psef_magf_compno: CDF VAR_TYPE = 'metadata' and DataType not one of ['CDF_CHAR', 'CDF_UCHAR']
  thc_psef_velocity_dsl_compno: CDF VAR_TYPE = 'metadata' and DataType not one of ['CDF_CHAR', 'CDF_UCHAR']
  thc_psef_velocity_gse_compno: CDF VAR_TYPE = 'metadata' and DataType not one of ['CDF_CHAR', 'CDF_UCHAR']
  thc_psef_velocity_gsm_compno: CDF VAR_TYPE = 'metadata' and DataType not one of ['CDF_CHAR', 'CDF_UCHAR']
  thc_psib_t3_compno: CDF VAR_TYPE = 'metadata' and DataType not one of ['CDF_CHAR', 'CDF_UCHAR']
  thc_psib_magt3_compno: CDF VAR_TYPE = 'metadata' and DataType not one of ['CDF_CHAR', 'CDF_UCHAR']
  thc_psib_ptens_compno: CDF VAR_TYPE = 'metadata' and DataType not one of ['CDF_CHAR', 'CDF_UCHAR']
  thc_psib_mftens_compno: CDF VAR_TYPE = 'metadata' and DataType not one of ['CDF_CHAR', 'CDF_UCHAR']
  thc_psib_flux_compno: CDF VAR_TYPE = 'metadata' and DataType not one of ['CDF_CHAR', 'CDF_UCHAR']
  thc_psib_symm_compno: CDF VAR_TYPE = 'metadata' and DataType not one of ['CDF_CHAR', 'CDF_UCHAR']
  thc_psib_magf_compno: CDF VAR_TYPE = 'metadata' and DataType not one of ['CDF_CHAR', 'CDF_UCHAR']
  thc_psib_velocity_dsl_compno: CDF VAR_TYPE = 'metadata' and DataType not one of ['CDF_CHAR', 'CDF_UCHAR']
  thc_psib_velocity_gse_compno: CDF VAR_TYPE = 'metadata' and DataType not one of ['CDF_CHAR', 'CDF_UCHAR']
  thc_psib_velocity_gsm_compno: CDF VAR_TYPE = 'metadata' and DataType not one of ['CDF_CHAR', 'CDF_UCHAR']
  thc_pseb_t3_compno: CDF VAR_TYPE = 'metadata' and DataType not one of ['CDF_CHAR', 'CDF_UCHAR']
  thc_pseb_magt3_compno: CDF VAR_TYPE = 'metadata' and DataType not one of ['CDF_CHAR', 'CDF_UCHAR']
  thc_pseb_ptens_compno: CDF VAR_TYPE = 'metadata' and DataType not one of ['CDF_CHAR', 'CDF_UCHAR']
  thc_pseb_mftens_compno: CDF VAR_TYPE = 'metadata' and DataType not one of ['CDF_CHAR', 'CDF_UCHAR']
  thc_pseb_flux_compno: CDF VAR_TYPE = 'metadata' and DataType not one of ['CDF_CHAR', 'CDF_UCHAR']
  thc_pseb_symm_compno: CDF VAR_TYPE = 'metadata' and DataType not one of ['CDF_CHAR', 'CDF_UCHAR']
  thc_pseb_magf_compno: CDF VAR_TYPE = 'metadata' and DataType not one of ['CDF_CHAR', 'CDF_UCHAR']
  thc_pseb_velocity_dsl_compno: CDF VAR_TYPE = 'metadata' and DataType not one of ['CDF_CHAR', 'CDF_UCHAR']
  thc_pseb_velocity_gse_compno: CDF VAR_TYPE = 'metadata' and DataType not one of ['CDF_CHAR', 'CDF_UCHAR']
  thc_pseb_velocity_gsm_compno: CDF VAR_TYPE = 'metadata' and DataType not one of ['CDF_CHAR', 'CDF_UCHAR']
THD_L1_STATE | ISTP.DataType.Invalid:
  thd_pos_compno: CDF VAR_TYPE = 'metadata' and DataType not one of ['CDF_CHAR', 'CDF_UCHAR']
  thd_vel_compno: CDF VAR_TYPE = 'metadata' and DataType not one of ['CDF_CHAR', 'CDF_UCHAR']
  thd_pos_gse_compno: CDF VAR_TYPE = 'metadata' and DataType not one of ['CDF_CHAR', 'CDF_UCHAR']
  thd_pos_gsm_compno: CDF VAR_TYPE = 'metadata' and DataType not one of ['CDF_CHAR', 'CDF_UCHAR']
  thd_vel_gse_compno: CDF VAR_TYPE = 'metadata' and DataType not one of ['CDF_CHAR', 'CDF_UCHAR']
  thd_vel_gsm_compno: CDF VAR_TYPE = 'metadata' and DataType not one of ['CDF_CHAR', 'CDF_UCHAR']
  thd_pos_sel_compno: CDF VAR_TYPE = 'metadata' and DataType not one of ['CDF_CHAR', 'CDF_UCHAR']
  thd_pos_sse_compno: CDF VAR_TYPE = 'metadata' and DataType not one of ['CDF_CHAR', 'CDF_UCHAR']
  thd_vel_sel_compno: CDF VAR_TYPE = 'metadata' and DataType not one of ['CDF_CHAR', 'CDF_UCHAR']
  thd_vel_sse_compno: CDF VAR_TYPE = 'metadata' and DataType not one of ['CDF_CHAR', 'CDF_UCHAR']
THD_L2_EFI | ISTP.DataType.Invalid:
  thd_efs_dot0_gse_compno: CDF VAR_TYPE = 'metadata' and DataType not one of ['CDF_CHAR', 'CDF_UCHAR']
  thd_efs_dot0_gsm_compno: CDF VAR_TYPE = 'metadata' and DataType not one of ['CDF_CHAR', 'CDF_UCHAR']
  thd_efs_dot0_dsl_compno: CDF VAR_TYPE = 'metadata' and DataType not one of ['CDF_CHAR', 'CDF_UCHAR']
  thd_eff_dot0_gse_compno: CDF VAR_TYPE = 'metadata' and DataType not one of ['CDF_CHAR', 'CDF_UCHAR']
  thd_eff_dot0_gsm_compno: CDF VAR_TYPE = 'metadata' and DataType not one of ['CDF_CHAR', 'CDF_UCHAR']
  thd_eff_dot0_dsl_compno: CDF VAR_TYPE = 'metadata' and DataType not one of ['CDF_CHAR', 'CDF_UCHAR']
  thd_eff_e12_efs_compno: CDF VAR_TYPE = 'metadata' and DataType not one of ['CDF_CHAR', 'CDF_UCHAR']
  thd_eff_e34_efs_compno: CDF VAR_TYPE = 'metadata' and DataType not one of ['CDF_CHAR', 'CDF_UCHAR']
THD_L2_ESA | ISTP.DataType.Invalid:
  thd_peif_t3_compno: CDF VAR_TYPE = 'metadata' and DataType not one of ['CDF_CHAR', 'CDF_UCHAR']
  thd_peif_magt3_compno: CDF VAR_TYPE = 'metadata' and DataType not one of ['CDF_CHAR', 'CDF_UCHAR']
  thd_peif_ptens_compno: CDF VAR_TYPE = 'metadata' and DataType not one of ['CDF_CHAR', 'CDF_UCHAR']
  thd_peif_mftens_compno: CDF VAR_TYPE = 'metadata' and DataType not one of ['CDF_CHAR', 'CDF_UCHAR']
  thd_peif_flux_compno: CDF VAR_TYPE = 'metadata' and DataType not one of ['CDF_CHAR', 'CDF_UCHAR']
  thd_peif_symm_compno: CDF VAR_TYPE = 'metadata' and DataType not one of ['CDF_CHAR', 'CDF_UCHAR']
  thd_peif_magf_compno: CDF VAR_TYPE = 'metadata' and DataType not one of ['CDF_CHAR', 'CDF_UCHAR']
  thd_peif_velocity_dsl_compno: CDF VAR_TYPE = 'metadata' and DataType not one of ['CDF_CHAR', 'CDF_UCHAR']
  thd_peif_velocity_gse_compno: CDF VAR_TYPE = 'metadata' and DataType not one of ['CDF_CHAR', 'CDF_UCHAR']
  thd_peif_velocity_gsm_compno: CDF VAR_TYPE = 'metadata' and DataType not one of ['CDF_CHAR', 'CDF_UCHAR']
  thd_peif_mode_compno: CDF VAR_TYPE = 'metadata' and DataType not one of ['CDF_CHAR', 'CDF_UCHAR']
  thd_peef_t3_compno: CDF VAR_TYPE = 'metadata' and DataType not one of ['CDF_CHAR', 'CDF_UCHAR']
  thd_peef_magt3_compno: CDF VAR_TYPE = 'metadata' and DataType not one of ['CDF_CHAR', 'CDF_UCHAR']
  thd_peef_ptens_compno: CDF VAR_TYPE = 'metadata' and DataType not one of ['CDF_CHAR', 'CDF_UCHAR']
  thd_peef_mftens_compno: CDF VAR_TYPE = 'metadata' and DataType not one of ['CDF_CHAR', 'CDF_UCHAR']
  thd_peef_flux_compno: CDF VAR_TYPE = 'metadata' and DataType not one of ['CDF_CHAR', 'CDF_UCHAR']
  thd_peef_symm_compno: CDF VAR_TYPE = 'metadata' and DataType not one of ['CDF_CHAR', 'CDF_UCHAR']
  thd_peef_magf_compno: CDF VAR_TYPE = 'metadata' and DataType not one of ['CDF_CHAR', 'CDF_UCHAR']
  thd_peef_velocity_dsl_compno: CDF VAR_TYPE = 'metadata' and DataType not one of ['CDF_CHAR', 'CDF_UCHAR']
  thd_peef_velocity_gse_compno: CDF VAR_TYPE = 'metadata' and DataType not one of ['CDF_CHAR', 'CDF_UCHAR']
  thd_peef_velocity_gsm_compno: CDF VAR_TYPE = 'metadata' and DataType not one of ['CDF_CHAR', 'CDF_UCHAR']
  thd_peef_mode_compno: CDF VAR_TYPE = 'metadata' and DataType not one of ['CDF_CHAR', 'CDF_UCHAR']
  thd_peir_t3_compno: CDF VAR_TYPE = 'metadata' and DataType not one of ['CDF_CHAR', 'CDF_UCHAR']
  thd_peir_magt3_compno: CDF VAR_TYPE = 'metadata' and DataType not one of ['CDF_CHAR', 'CDF_UCHAR']
  thd_peir_ptens_compno: CDF VAR_TYPE = 'metadata' and DataType not one of ['CDF_CHAR', 'CDF_UCHAR']
  thd_peir_mftens_compno: CDF VAR_TYPE = 'metadata' and DataType not one of ['CDF_CHAR', 'CDF_UCHAR']
  thd_peir_flux_compno: CDF VAR_TYPE = 'metadata' and DataType not one of ['CDF_CHAR', 'CDF_UCHAR']
  thd_peir_symm_compno: CDF VAR_TYPE = 'metadata' and DataType not one of ['CDF_CHAR', 'CDF_UCHAR']
  thd_peir_magf_compno: CDF VAR_TYPE = 'metadata' and DataType not one of ['CDF_CHAR', 'CDF_UCHAR']
  thd_peir_velocity_dsl_compno: CDF VAR_TYPE = 'metadata' and DataType not one of ['CDF_CHAR', 'CDF_UCHAR']
  thd_peir_velocity_gse_compno: CDF VAR_TYPE = 'metadata' and DataType not one of ['CDF_CHAR', 'CDF_UCHAR']
  thd_peir_velocity_gsm_compno: CDF VAR_TYPE = 'metadata' and DataType not one of ['CDF_CHAR', 'CDF_UCHAR']
  thd_peir_mode_compno: CDF VAR_TYPE = 'metadata' and DataType not one of ['CDF_CHAR', 'CDF_UCHAR']
  thd_peer_t3_compno: CDF VAR_TYPE = 'metadata' and DataType not one of ['CDF_CHAR', 'CDF_UCHAR']
  thd_peer_magt3_compno: CDF VAR_TYPE = 'metadata' and DataType not one of ['CDF_CHAR', 'CDF_UCHAR']
  thd_peer_ptens_compno: CDF VAR_TYPE = 'metadata' and DataType not one of ['CDF_CHAR', 'CDF_UCHAR']
  thd_peer_mftens_compno: CDF VAR_TYPE = 'metadata' and DataType not one of ['CDF_CHAR', 'CDF_UCHAR']
  thd_peer_flux_compno: CDF VAR_TYPE = 'metadata' and DataType not one of ['CDF_CHAR', 'CDF_UCHAR']
  thd_peer_symm_compno: CDF VAR_TYPE = 'metadata' and DataType not one of ['CDF_CHAR', 'CDF_UCHAR']
  thd_peer_magf_compno: CDF VAR_TYPE = 'metadata' and DataType not one of ['CDF_CHAR', 'CDF_UCHAR']
  thd_peer_velocity_dsl_compno: CDF VAR_TYPE = 'metadata' and DataType not one of ['CDF_CHAR', 'CDF_UCHAR']
  thd_peer_velocity_gse_compno: CDF VAR_TYPE = 'metadata' and DataType not one of ['CDF_CHAR', 'CDF_UCHAR']
  thd_peer_velocity_gsm_compno: CDF VAR_TYPE = 'metadata' and DataType not one of ['CDF_CHAR', 'CDF_UCHAR']
  thd_peer_mode_compno: CDF VAR_TYPE = 'metadata' and DataType not one of ['CDF_CHAR', 'CDF_UCHAR']
  thd_peib_t3_compno: CDF VAR_TYPE = 'metadata' and DataType not one of ['CDF_CHAR', 'CDF_UCHAR']
  thd_peib_magt3_compno: CDF VAR_TYPE = 'metadata' and DataType not one of ['CDF_CHAR', 'CDF_UCHAR']
  thd_peib_ptens_compno: CDF VAR_TYPE = 'metadata' and DataType not one of ['CDF_CHAR', 'CDF_UCHAR']
  thd_peib_mftens_compno: CDF VAR_TYPE = 'metadata' and DataType not one of ['CDF_CHAR', 'CDF_UCHAR']
  thd_peib_flux_compno: CDF VAR_TYPE = 'metadata' and DataType not one of ['CDF_CHAR', 'CDF_UCHAR']
  thd_peib_symm_compno: CDF VAR_TYPE = 'metadata' and DataType not one of ['CDF_CHAR', 'CDF_UCHAR']
  thd_peib_magf_compno: CDF VAR_TYPE = 'metadata' and DataType not one of ['CDF_CHAR', 'CDF_UCHAR']
  thd_peib_velocity_dsl_compno: CDF VAR_TYPE = 'metadata' and DataType not one of ['CDF_CHAR', 'CDF_UCHAR']
  thd_peib_velocity_gse_compno: CDF VAR_TYPE = 'metadata' and DataType not one of ['CDF_CHAR', 'CDF_UCHAR']
  thd_peib_velocity_gsm_compno: CDF VAR_TYPE = 'metadata' and DataType not one of ['CDF_CHAR', 'CDF_UCHAR']
  thd_peib_mode_compno: CDF VAR_TYPE = 'metadata' and DataType not one of ['CDF_CHAR', 'CDF_UCHAR']
  thd_peeb_t3_compno: CDF VAR_TYPE = 'metadata' and DataType not one of ['CDF_CHAR', 'CDF_UCHAR']
  thd_peeb_magt3_compno: CDF VAR_TYPE = 'metadata' and DataType not one of ['CDF_CHAR', 'CDF_UCHAR']
  thd_peeb_ptens_compno: CDF VAR_TYPE = 'metadata' and DataType not one of ['CDF_CHAR', 'CDF_UCHAR']
  thd_peeb_mftens_compno: CDF VAR_TYPE = 'metadata' and DataType not one of ['CDF_CHAR', 'CDF_UCHAR']
  thd_peeb_flux_compno: CDF VAR_TYPE = 'metadata' and DataType not one of ['CDF_CHAR', 'CDF_UCHAR']
  thd_peeb_symm_compno: CDF VAR_TYPE = 'metadata' and DataType not one of ['CDF_CHAR', 'CDF_UCHAR']
  thd_peeb_magf_compno: CDF VAR_TYPE = 'metadata' and DataType not one of ['CDF_CHAR', 'CDF_UCHAR']
  thd_peeb_velocity_dsl_compno: CDF VAR_TYPE = 'metadata' and DataType not one of ['CDF_CHAR', 'CDF_UCHAR']
  thd_peeb_velocity_gse_compno: CDF VAR_TYPE = 'metadata' and DataType not one of ['CDF_CHAR', 'CDF_UCHAR']
  thd_peeb_velocity_gsm_compno: CDF VAR_TYPE = 'metadata' and DataType not one of ['CDF_CHAR', 'CDF_UCHAR']
  thd_peeb_mode_compno: CDF VAR_TYPE = 'metadata' and DataType not one of ['CDF_CHAR', 'CDF_UCHAR']
THD_L2_FBK | ISTP.DataType.Invalid:
  thd_fbk_freqno: CDF VAR_TYPE = 'metadata' and DataType not one of ['CDF_CHAR', 'CDF_UCHAR']
THD_L2_FGM | ISTP.DataType.Invalid:
  thd_fgs_compno: CDF VAR_TYPE = 'metadata' and DataType not one of ['CDF_CHAR', 'CDF_UCHAR']
  thd_fgl_compno: CDF VAR_TYPE = 'metadata' and DataType not one of ['CDF_CHAR', 'CDF_UCHAR']
  thd_fgh_compno: CDF VAR_TYPE = 'metadata' and DataType not one of ['CDF_CHAR', 'CDF_UCHAR']
  thd_fge_compno: CDF VAR_TYPE = 'metadata' and DataType not one of ['CDF_CHAR', 'CDF_UCHAR']
THD_L2_FIT | ISTP.DataType.Invalid:
  thd_fgs_dsl_compno: CDF VAR_TYPE = 'metadata' and DataType not one of ['CDF_CHAR', 'CDF_UCHAR']
  thd_fgs_gse_compno: CDF VAR_TYPE = 'metadata' and DataType not one of ['CDF_CHAR', 'CDF_UCHAR']
  thd_fgs_gsm_compno: CDF VAR_TYPE = 'metadata' and DataType not one of ['CDF_CHAR', 'CDF_UCHAR']
  thd_efs_dsl_compno: CDF VAR_TYPE = 'metadata' and DataType not one of ['CDF_CHAR', 'CDF_UCHAR']
  thd_efs_0_dsl_compno: CDF VAR_TYPE = 'metadata' and DataType not one of ['CDF_CHAR', 'CDF_UCHAR']
  thd_efs_dot0_dsl_compno: CDF VAR_TYPE = 'metadata' and DataType not one of ['CDF_CHAR', 'CDF_UCHAR']
  thd_efs_gse_compno: CDF VAR_TYPE = 'metadata' and DataType not one of ['CDF_CHAR', 'CDF_UCHAR']
  thd_efs_0_gse_compno: CDF VAR_TYPE = 'metadata' and DataType not one of ['CDF_CHAR', 'CDF_UCHAR']
  thd_efs_dot0_gse_compno: CDF VAR_TYPE = 'metadata' and DataType not one of ['CDF_CHAR', 'CDF_UCHAR']
  thd_efs_gsm_compno: CDF VAR_TYPE = 'metadata' and DataType not one of ['CDF_CHAR', 'CDF_UCHAR']
  thd_efs_0_gsm_compno: CDF VAR_TYPE = 'metadata' and DataType not one of ['CDF_CHAR', 'CDF_UCHAR']
  thd_efs_dot0_gsm_compno: CDF VAR_TYPE = 'metadata' and DataType not one of ['CDF_CHAR', 'CDF_UCHAR']
  thd_fit_bfit_compno: CDF VAR_TYPE = 'metadata' and DataType not one of ['CDF_CHAR', 'CDF_UCHAR']
  thd_fit_efit_compno: CDF VAR_TYPE = 'metadata' and DataType not one of ['CDF_CHAR', 'CDF_UCHAR']
THD_L2_GMOM | ISTP.DataType.Invalid:
  thd_ptiff_t3_compno: CDF VAR_TYPE = 'metadata' and DataType not one of ['CDF_CHAR', 'CDF_UCHAR']
  thd_ptiff_magt3_compno: CDF VAR_TYPE = 'metadata' and DataType not one of ['CDF_CHAR', 'CDF_UCHAR']
  thd_ptiff_ptens_compno: CDF VAR_TYPE = 'metadata' and DataType not one of ['CDF_CHAR', 'CDF_UCHAR']
  thd_ptiff_mftens_compno: CDF VAR_TYPE = 'metadata' and DataType not one of ['CDF_CHAR', 'CDF_UCHAR']
  thd_ptiff_flux_compno: CDF VAR_TYPE = 'metadata' and DataType not one of ['CDF_CHAR', 'CDF_UCHAR']
  thd_ptiff_symm_compno: CDF VAR_TYPE = 'metadata' and DataType not one of ['CDF_CHAR', 'CDF_UCHAR']
  thd_ptiff_magf_compno: CDF VAR_TYPE = 'metadata' and DataType not one of ['CDF_CHAR', 'CDF_UCHAR']
  thd_ptiff_velocity_dsl_compno: CDF VAR_TYPE = 'metadata' and DataType not one of ['CDF_CHAR', 'CDF_UCHAR']
  thd_ptiff_velocity_gse_compno: CDF VAR_TYPE = 'metadata' and DataType not one of ['CDF_CHAR', 'CDF_UCHAR']
  thd_ptiff_velocity_gsm_compno: CDF VAR_TYPE = 'metadata' and DataType not one of ['CDF_CHAR', 'CDF_UCHAR']
  thd_ptiff_mode_compno: CDF VAR_TYPE = 'metadata' and DataType not one of ['CDF_CHAR', 'CDF_UCHAR']
  thd_pteff_t3_compno: CDF VAR_TYPE = 'metadata' and DataType not one of ['CDF_CHAR', 'CDF_UCHAR']
  thd_pteff_magt3_compno: CDF VAR_TYPE = 'metadata' and DataType not one of ['CDF_CHAR', 'CDF_UCHAR']
  thd_pteff_ptens_compno: CDF VAR_TYPE = 'metadata' and DataType not one of ['CDF_CHAR', 'CDF_UCHAR']
  thd_pteff_mftens_compno: CDF VAR_TYPE = 'metadata' and DataType not one of ['CDF_CHAR', 'CDF_UCHAR']
  thd_pteff_flux_compno: CDF VAR_TYPE = 'metadata' and DataType not one of ['CDF_CHAR', 'CDF_UCHAR']
  thd_pteff_symm_compno: CDF VAR_TYPE = 'metadata' and DataType not one of ['CDF_CHAR', 'CDF_UCHAR']
  thd_pteff_magf_compno: CDF VAR_TYPE = 'metadata' and DataType not one of ['CDF_CHAR', 'CDF_UCHAR']
  thd_pteff_velocity_dsl_compno: CDF VAR_TYPE = 'metadata' and DataType not one of ['CDF_CHAR', 'CDF_UCHAR']
  thd_pteff_velocity_gse_compno: CDF VAR_TYPE = 'metadata' and DataType not one of ['CDF_CHAR', 'CDF_UCHAR']
  thd_pteff_velocity_gsm_compno: CDF VAR_TYPE = 'metadata' and DataType not one of ['CDF_CHAR', 'CDF_UCHAR']
  thd_pteff_mode_compno: CDF VAR_TYPE = 'metadata' and DataType not one of ['CDF_CHAR', 'CDF_UCHAR']
  thd_ptirf_t3_compno: CDF VAR_TYPE = 'metadata' and DataType not one of ['CDF_CHAR', 'CDF_UCHAR']
  thd_ptirf_magt3_compno: CDF VAR_TYPE = 'metadata' and DataType not one of ['CDF_CHAR', 'CDF_UCHAR']
  thd_ptirf_ptens_compno: CDF VAR_TYPE = 'metadata' and DataType not one of ['CDF_CHAR', 'CDF_UCHAR']
  thd_ptirf_mftens_compno: CDF VAR_TYPE = 'metadata' and DataType not one of ['CDF_CHAR', 'CDF_UCHAR']
  thd_ptirf_flux_compno: CDF VAR_TYPE = 'metadata' and DataType not one of ['CDF_CHAR', 'CDF_UCHAR']
  thd_ptirf_symm_compno: CDF VAR_TYPE = 'metadata' and DataType not one of ['CDF_CHAR', 'CDF_UCHAR']
  thd_ptirf_magf_compno: CDF VAR_TYPE = 'metadata' and DataType not one of ['CDF_CHAR', 'CDF_UCHAR']
  thd_ptirf_velocity_dsl_compno: CDF VAR_TYPE = 'metadata' and DataType not one of ['CDF_CHAR', 'CDF_UCHAR']
  thd_ptirf_velocity_gse_compno: CDF VAR_TYPE = 'metadata' and DataType not one of ['CDF_CHAR', 'CDF_UCHAR']
  thd_ptirf_velocity_gsm_compno: CDF VAR_TYPE = 'metadata' and DataType not one of ['CDF_CHAR', 'CDF_UCHAR']
  thd_ptirf_mode_compno: CDF VAR_TYPE = 'metadata' and DataType not one of ['CDF_CHAR', 'CDF_UCHAR']
  thd_pterf_t3_compno: CDF VAR_TYPE = 'metadata' and DataType not one of ['CDF_CHAR', 'CDF_UCHAR']
  thd_pterf_magt3_compno: CDF VAR_TYPE = 'metadata' and DataType not one of ['CDF_CHAR', 'CDF_UCHAR']
  thd_pterf_ptens_compno: CDF VAR_TYPE = 'metadata' and DataType not one of ['CDF_CHAR', 'CDF_UCHAR']
  thd_pterf_mftens_compno: CDF VAR_TYPE = 'metadata' and DataType not one of ['CDF_CHAR', 'CDF_UCHAR']
  thd_pterf_flux_compno: CDF VAR_TYPE = 'metadata' and DataType not one of ['CDF_CHAR', 'CDF_UCHAR']
  thd_pterf_symm_compno: CDF VAR_TYPE = 'metadata' and DataType not one of ['CDF_CHAR', 'CDF_UCHAR']
  thd_pterf_magf_compno: CDF VAR_TYPE = 'metadata' and DataType not one of ['CDF_CHAR', 'CDF_UCHAR']
  thd_pterf_velocity_dsl_compno: CDF VAR_TYPE = 'metadata' and DataType not one of ['CDF_CHAR', 'CDF_UCHAR']
  thd_pterf_velocity_gse_compno: CDF VAR_TYPE = 'metadata' and DataType not one of ['CDF_CHAR', 'CDF_UCHAR']
  thd_pterf_velocity_gsm_compno: CDF VAR_TYPE = 'metadata' and DataType not one of ['CDF_CHAR', 'CDF_UCHAR']
  thd_pterf_mode_compno: CDF VAR_TYPE = 'metadata' and DataType not one of ['CDF_CHAR', 'CDF_UCHAR']
  thd_ptibb_t3_compno: CDF VAR_TYPE = 'metadata' and DataType not one of ['CDF_CHAR', 'CDF_UCHAR']
  thd_ptibb_magt3_compno: CDF VAR_TYPE = 'metadata' and DataType not one of ['CDF_CHAR', 'CDF_UCHAR']
  thd_ptibb_ptens_compno: CDF VAR_TYPE = 'metadata' and DataType not one of ['CDF_CHAR', 'CDF_UCHAR']
  thd_ptibb_mftens_compno: CDF VAR_TYPE = 'metadata' and DataType not one of ['CDF_CHAR', 'CDF_UCHAR']
  thd_ptibb_flux_compno: CDF VAR_TYPE = 'metadata' and DataType not one of ['CDF_CHAR', 'CDF_UCHAR']
  thd_ptibb_symm_compno: CDF VAR_TYPE = 'metadata' and DataType not one of ['CDF_CHAR', 'CDF_UCHAR']
  thd_ptibb_magf_compno: CDF VAR_TYPE = 'metadata' and DataType not one of ['CDF_CHAR', 'CDF_UCHAR']
  thd_ptibb_velocity_dsl_compno: CDF VAR_TYPE = 'metadata' and DataType not one of ['CDF_CHAR', 'CDF_UCHAR']
  thd_ptibb_velocity_gse_compno: CDF VAR_TYPE = 'metadata' and DataType not one of ['CDF_CHAR', 'CDF_UCHAR']
  thd_ptibb_velocity_gsm_compno: CDF VAR_TYPE = 'metadata' and DataType not one of ['CDF_CHAR', 'CDF_UCHAR']
  thd_ptibb_mode_compno: CDF VAR_TYPE = 'metadata' and DataType not one of ['CDF_CHAR', 'CDF_UCHAR']
  thd_ptebb_t3_compno: CDF VAR_TYPE = 'metadata' and DataType not one of ['CDF_CHAR', 'CDF_UCHAR']
  thd_ptebb_magt3_compno: CDF VAR_TYPE = 'metadata' and DataType not one of ['CDF_CHAR', 'CDF_UCHAR']
  thd_ptebb_ptens_compno: CDF VAR_TYPE = 'metadata' and DataType not one of ['CDF_CHAR', 'CDF_UCHAR']
  thd_ptebb_mftens_compno: CDF VAR_TYPE = 'metadata' and DataType not one of ['CDF_CHAR', 'CDF_UCHAR']
  thd_ptebb_flux_compno: CDF VAR_TYPE = 'metadata' and DataType not one of ['CDF_CHAR', 'CDF_UCHAR']
  thd_ptebb_symm_compno: CDF VAR_TYPE = 'metadata' and DataType not one of ['CDF_CHAR', 'CDF_UCHAR']
  thd_ptebb_magf_compno: CDF VAR_TYPE = 'metadata' and DataType not one of ['CDF_CHAR', 'CDF_UCHAR']
  thd_ptebb_velocity_dsl_compno: CDF VAR_TYPE = 'metadata' and DataType not one of ['CDF_CHAR', 'CDF_UCHAR']
  thd_ptebb_velocity_gse_compno: CDF VAR_TYPE = 'metadata' and DataType not one of ['CDF_CHAR', 'CDF_UCHAR']
  thd_ptebb_velocity_gsm_compno: CDF VAR_TYPE = 'metadata' and DataType not one of ['CDF_CHAR', 'CDF_UCHAR']
  thd_ptebb_mode_compno: CDF VAR_TYPE = 'metadata' and DataType not one of ['CDF_CHAR', 'CDF_UCHAR']
THD_L2_MOM | ISTP.DataType.Invalid:
  thd_peim_flux_compno: CDF VAR_TYPE = 'metadata' and DataType not one of ['CDF_CHAR', 'CDF_UCHAR']
  thd_peim_mftens_compno: CDF VAR_TYPE = 'metadata' and DataType not one of ['CDF_CHAR', 'CDF_UCHAR']
  thd_peim_eflux_compno: CDF VAR_TYPE = 'metadata' and DataType not one of ['CDF_CHAR', 'CDF_UCHAR']
  thd_peim_velocity_dsl_compno: CDF VAR_TYPE = 'metadata' and DataType not one of ['CDF_CHAR', 'CDF_UCHAR']
  thd_peim_velocity_gse_compno: CDF VAR_TYPE = 'metadata' and DataType not one of ['CDF_CHAR', 'CDF_UCHAR']
  thd_peim_velocity_gsm_compno: CDF VAR_TYPE = 'metadata' and DataType not one of ['CDF_CHAR', 'CDF_UCHAR']
  thd_peim_ptens_compno: CDF VAR_TYPE = 'metadata' and DataType not one of ['CDF_CHAR', 'CDF_UCHAR']
  thd_peim_mag_compno: CDF VAR_TYPE = 'metadata' and DataType not one of ['CDF_CHAR', 'CDF_UCHAR']
  thd_peim_velocity_mag_compno: CDF VAR_TYPE = 'metadata' and DataType not one of ['CDF_CHAR', 'CDF_UCHAR']
  thd_peim_t3_mag_compno: CDF VAR_TYPE = 'metadata' and DataType not one of ['CDF_CHAR', 'CDF_UCHAR']
  thd_peim_ptens_mag_compno: CDF VAR_TYPE = 'metadata' and DataType not one of ['CDF_CHAR', 'CDF_UCHAR']
  thd_peem_flux_compno: CDF VAR_TYPE = 'metadata' and DataType not one of ['CDF_CHAR', 'CDF_UCHAR']
  thd_peem_mftens_compno: CDF VAR_TYPE = 'metadata' and DataType not one of ['CDF_CHAR', 'CDF_UCHAR']
  thd_peem_eflux_compno: CDF VAR_TYPE = 'metadata' and DataType not one of ['CDF_CHAR', 'CDF_UCHAR']
  thd_peem_velocity_dsl_compno: CDF VAR_TYPE = 'metadata' and DataType not one of ['CDF_CHAR', 'CDF_UCHAR']
  thd_peem_velocity_gse_compno: CDF VAR_TYPE = 'metadata' and DataType not one of ['CDF_CHAR', 'CDF_UCHAR']
  thd_peem_velocity_gsm_compno: CDF VAR_TYPE = 'metadata' and DataType not one of ['CDF_CHAR', 'CDF_UCHAR']
  thd_peem_ptens_compno: CDF VAR_TYPE = 'metadata' and DataType not one of ['CDF_CHAR', 'CDF_UCHAR']
  thd_peem_mag_compno: CDF VAR_TYPE = 'metadata' and DataType not one of ['CDF_CHAR', 'CDF_UCHAR']
  thd_peem_velocity_mag_compno: CDF VAR_TYPE = 'metadata' and DataType not one of ['CDF_CHAR', 'CDF_UCHAR']
  thd_peem_t3_mag_compno: CDF VAR_TYPE = 'metadata' and DataType not one of ['CDF_CHAR', 'CDF_UCHAR']
  thd_peem_ptens_mag_compno: CDF VAR_TYPE = 'metadata' and DataType not one of ['CDF_CHAR', 'CDF_UCHAR']
THD_L2_SCM | ISTP.DataType.Invalid:
  thd_scf_compno: CDF VAR_TYPE = 'metadata' and DataType not one of ['CDF_CHAR', 'CDF_UCHAR']
  thd_scp_compno: CDF VAR_TYPE = 'metadata' and DataType not one of ['CDF_CHAR', 'CDF_UCHAR']
  thd_scw_compno: CDF VAR_TYPE = 'metadata' and DataType not one of ['CDF_CHAR', 'CDF_UCHAR']
THD_L2_SST | ISTP.DataType.Invalid:
  thd_psif_t3_compno: CDF VAR_TYPE = 'metadata' and DataType not one of ['CDF_CHAR', 'CDF_UCHAR']
  thd_psif_magt3_compno: CDF VAR_TYPE = 'metadata' and DataType not one of ['CDF_CHAR', 'CDF_UCHAR']
  thd_psif_ptens_compno: CDF VAR_TYPE = 'metadata' and DataType not one of ['CDF_CHAR', 'CDF_UCHAR']
  thd_psif_mftens_compno: CDF VAR_TYPE = 'metadata' and DataType not one of ['CDF_CHAR', 'CDF_UCHAR']
  thd_psif_flux_compno: CDF VAR_TYPE = 'metadata' and DataType not one of ['CDF_CHAR', 'CDF_UCHAR']
  thd_psif_symm_compno: CDF VAR_TYPE = 'metadata' and DataType not one of ['CDF_CHAR', 'CDF_UCHAR']
  thd_psif_magf_compno: CDF VAR_TYPE = 'metadata' and DataType not one of ['CDF_CHAR', 'CDF_UCHAR']
  thd_psif_velocity_dsl_compno: CDF VAR_TYPE = 'metadata' and DataType not one of ['CDF_CHAR', 'CDF_UCHAR']
  thd_psif_velocity_gse_compno: CDF VAR_TYPE = 'metadata' and DataType not one of ['CDF_CHAR', 'CDF_UCHAR']
  thd_psif_velocity_gsm_compno: CDF VAR_TYPE = 'metadata' and DataType not one of ['CDF_CHAR', 'CDF_UCHAR']
  thd_psef_t3_compno: CDF VAR_TYPE = 'metadata' and DataType not one of ['CDF_CHAR', 'CDF_UCHAR']
  thd_psef_magt3_compno: CDF VAR_TYPE = 'metadata' and DataType not one of ['CDF_CHAR', 'CDF_UCHAR']
  thd_psef_ptens_compno: CDF VAR_TYPE = 'metadata' and DataType not one of ['CDF_CHAR', 'CDF_UCHAR']
  thd_psef_mftens_compno: CDF VAR_TYPE = 'metadata' and DataType not one of ['CDF_CHAR', 'CDF_UCHAR']
  thd_psef_flux_compno: CDF VAR_TYPE = 'metadata' and DataType not one of ['CDF_CHAR', 'CDF_UCHAR']
  thd_psef_symm_compno: CDF VAR_TYPE = 'metadata' and DataType not one of ['CDF_CHAR', 'CDF_UCHAR']
  thd_psef_magf_compno: CDF VAR_TYPE = 'metadata' and DataType not one of ['CDF_CHAR', 'CDF_UCHAR']
  thd_psef_velocity_dsl_compno: CDF VAR_TYPE = 'metadata' and DataType not one of ['CDF_CHAR', 'CDF_UCHAR']
  thd_psef_velocity_gse_compno: CDF VAR_TYPE = 'metadata' and DataType not one of ['CDF_CHAR', 'CDF_UCHAR']
  thd_psef_velocity_gsm_compno: CDF VAR_TYPE = 'metadata' and DataType not one of ['CDF_CHAR', 'CDF_UCHAR']
  thd_psib_t3_compno: CDF VAR_TYPE = 'metadata' and DataType not one of ['CDF_CHAR', 'CDF_UCHAR']
  thd_psib_magt3_compno: CDF VAR_TYPE = 'metadata' and DataType not one of ['CDF_CHAR', 'CDF_UCHAR']
  thd_psib_ptens_compno: CDF VAR_TYPE = 'metadata' and DataType not one of ['CDF_CHAR', 'CDF_UCHAR']
  thd_psib_mftens_compno: CDF VAR_TYPE = 'metadata' and DataType not one of ['CDF_CHAR', 'CDF_UCHAR']
  thd_psib_flux_compno: CDF VAR_TYPE = 'metadata' and DataType not one of ['CDF_CHAR', 'CDF_UCHAR']
  thd_psib_symm_compno: CDF VAR_TYPE = 'metadata' and DataType not one of ['CDF_CHAR', 'CDF_UCHAR']
  thd_psib_magf_compno: CDF VAR_TYPE = 'metadata' and DataType not one of ['CDF_CHAR', 'CDF_UCHAR']
  thd_psib_velocity_dsl_compno: CDF VAR_TYPE = 'metadata' and DataType not one of ['CDF_CHAR', 'CDF_UCHAR']
  thd_psib_velocity_gse_compno: CDF VAR_TYPE = 'metadata' and DataType not one of ['CDF_CHAR', 'CDF_UCHAR']
  thd_psib_velocity_gsm_compno: CDF VAR_TYPE = 'metadata' and DataType not one of ['CDF_CHAR', 'CDF_UCHAR']
  thd_pseb_t3_compno: CDF VAR_TYPE = 'metadata' and DataType not one of ['CDF_CHAR', 'CDF_UCHAR']
  thd_pseb_magt3_compno: CDF VAR_TYPE = 'metadata' and DataType not one of ['CDF_CHAR', 'CDF_UCHAR']
  thd_pseb_ptens_compno: CDF VAR_TYPE = 'metadata' and DataType not one of ['CDF_CHAR', 'CDF_UCHAR']
  thd_pseb_mftens_compno: CDF VAR_TYPE = 'metadata' and DataType not one of ['CDF_CHAR', 'CDF_UCHAR']
  thd_pseb_flux_compno: CDF VAR_TYPE = 'metadata' and DataType not one of ['CDF_CHAR', 'CDF_UCHAR']
  thd_pseb_symm_compno: CDF VAR_TYPE = 'metadata' and DataType not one of ['CDF_CHAR', 'CDF_UCHAR']
  thd_pseb_magf_compno: CDF VAR_TYPE = 'metadata' and DataType not one of ['CDF_CHAR', 'CDF_UCHAR']
  thd_pseb_velocity_dsl_compno: CDF VAR_TYPE = 'metadata' and DataType not one of ['CDF_CHAR', 'CDF_UCHAR']
  thd_pseb_velocity_gse_compno: CDF VAR_TYPE = 'metadata' and DataType not one of ['CDF_CHAR', 'CDF_UCHAR']
  thd_pseb_velocity_gsm_compno: CDF VAR_TYPE = 'metadata' and DataType not one of ['CDF_CHAR', 'CDF_UCHAR']
THE_L1_STATE | ISTP.DataType.Invalid:
  the_pos_compno: CDF VAR_TYPE = 'metadata' and DataType not one of ['CDF_CHAR', 'CDF_UCHAR']
  the_vel_compno: CDF VAR_TYPE = 'metadata' and DataType not one of ['CDF_CHAR', 'CDF_UCHAR']
  the_pos_gse_compno: CDF VAR_TYPE = 'metadata' and DataType not one of ['CDF_CHAR', 'CDF_UCHAR']
  the_pos_gsm_compno: CDF VAR_TYPE = 'metadata' and DataType not one of ['CDF_CHAR', 'CDF_UCHAR']
  the_vel_gse_compno: CDF VAR_TYPE = 'metadata' and DataType not one of ['CDF_CHAR', 'CDF_UCHAR']
  the_vel_gsm_compno: CDF VAR_TYPE = 'metadata' and DataType not one of ['CDF_CHAR', 'CDF_UCHAR']
  the_pos_sel_compno: CDF VAR_TYPE = 'metadata' and DataType not one of ['CDF_CHAR', 'CDF_UCHAR']
  the_pos_sse_compno: CDF VAR_TYPE = 'metadata' and DataType not one of ['CDF_CHAR', 'CDF_UCHAR']
  the_vel_sel_compno: CDF VAR_TYPE = 'metadata' and DataType not one of ['CDF_CHAR', 'CDF_UCHAR']
  the_vel_sse_compno: CDF VAR_TYPE = 'metadata' and DataType not one of ['CDF_CHAR', 'CDF_UCHAR']
THE_L2_EFI | ISTP.DataType.Invalid:
  the_efs_dot0_gse_compno: CDF VAR_TYPE = 'metadata' and DataType not one of ['CDF_CHAR', 'CDF_UCHAR']
  the_efs_dot0_gsm_compno: CDF VAR_TYPE = 'metadata' and DataType not one of ['CDF_CHAR', 'CDF_UCHAR']
  the_efs_dot0_dsl_compno: CDF VAR_TYPE = 'metadata' and DataType not one of ['CDF_CHAR', 'CDF_UCHAR']
  the_eff_dot0_gse_compno: CDF VAR_TYPE = 'metadata' and DataType not one of ['CDF_CHAR', 'CDF_UCHAR']
  the_eff_dot0_gsm_compno: CDF VAR_TYPE = 'metadata' and DataType not one of ['CDF_CHAR', 'CDF_UCHAR']
  the_eff_dot0_dsl_compno: CDF VAR_TYPE = 'metadata' and DataType not one of ['CDF_CHAR', 'CDF_UCHAR']
  the_eff_e12_efs_compno: CDF VAR_TYPE = 'metadata' and DataType not one of ['CDF_CHAR', 'CDF_UCHAR']
  the_eff_e34_efs_compno: CDF VAR_TYPE = 'metadata' and DataType not one of ['CDF_CHAR', 'CDF_UCHAR']
THE_L2_ESA | ISTP.DataType.Invalid:
  the_peif_t3_compno: CDF VAR_TYPE = 'metadata' and DataType not one of ['CDF_CHAR', 'CDF_UCHAR']
  the_peif_magt3_compno: CDF VAR_TYPE = 'metadata' and DataType not one of ['CDF_CHAR', 'CDF_UCHAR']
  the_peif_ptens_compno: CDF VAR_TYPE = 'metadata' and DataType not one of ['CDF_CHAR', 'CDF_UCHAR']
  the_peif_mftens_compno: CDF VAR_TYPE = 'metadata' and DataType not one of ['CDF_CHAR', 'CDF_UCHAR']
  the_peif_flux_compno: CDF VAR_TYPE = 'metadata' and DataType not one of ['CDF_CHAR', 'CDF_UCHAR']
  the_peif_symm_compno: CDF VAR_TYPE = 'metadata' and DataType not one of ['CDF_CHAR', 'CDF_UCHAR']
  the_peif_magf_compno: CDF VAR_TYPE = 'metadata' and DataType not one of ['CDF_CHAR', 'CDF_UCHAR']
  the_peif_velocity_dsl_compno: CDF VAR_TYPE = 'metadata' and DataType not one of ['CDF_CHAR', 'CDF_UCHAR']
  the_peif_velocity_gse_compno: CDF VAR_TYPE = 'metadata' and DataType not one of ['CDF_CHAR', 'CDF_UCHAR']
  the_peif_velocity_gsm_compno: CDF VAR_TYPE = 'metadata' and DataType not one of ['CDF_CHAR', 'CDF_UCHAR']
  the_peif_mode_compno: CDF VAR_TYPE = 'metadata' and DataType not one of ['CDF_CHAR', 'CDF_UCHAR']
  the_peef_t3_compno: CDF VAR_TYPE = 'metadata' and DataType not one of ['CDF_CHAR', 'CDF_UCHAR']
  the_peef_magt3_compno: CDF VAR_TYPE = 'metadata' and DataType not one of ['CDF_CHAR', 'CDF_UCHAR']
  the_peef_ptens_compno: CDF VAR_TYPE = 'metadata' and DataType not one of ['CDF_CHAR', 'CDF_UCHAR']
  the_peef_mftens_compno: CDF VAR_TYPE = 'metadata' and DataType not one of ['CDF_CHAR', 'CDF_UCHAR']
  the_peef_flux_compno: CDF VAR_TYPE = 'metadata' and DataType not one of ['CDF_CHAR', 'CDF_UCHAR']
  the_peef_symm_compno: CDF VAR_TYPE = 'metadata' and DataType not one of ['CDF_CHAR', 'CDF_UCHAR']
  the_peef_magf_compno: CDF VAR_TYPE = 'metadata' and DataType not one of ['CDF_CHAR', 'CDF_UCHAR']
  the_peef_velocity_dsl_compno: CDF VAR_TYPE = 'metadata' and DataType not one of ['CDF_CHAR', 'CDF_UCHAR']
  the_peef_velocity_gse_compno: CDF VAR_TYPE = 'metadata' and DataType not one of ['CDF_CHAR', 'CDF_UCHAR']
  the_peef_velocity_gsm_compno: CDF VAR_TYPE = 'metadata' and DataType not one of ['CDF_CHAR', 'CDF_UCHAR']
  the_peef_mode_compno: CDF VAR_TYPE = 'metadata' and DataType not one of ['CDF_CHAR', 'CDF_UCHAR']
  the_peir_t3_compno: CDF VAR_TYPE = 'metadata' and DataType not one of ['CDF_CHAR', 'CDF_UCHAR']
  the_peir_magt3_compno: CDF VAR_TYPE = 'metadata' and DataType not one of ['CDF_CHAR', 'CDF_UCHAR']
  the_peir_ptens_compno: CDF VAR_TYPE = 'metadata' and DataType not one of ['CDF_CHAR', 'CDF_UCHAR']
  the_peir_mftens_compno: CDF VAR_TYPE = 'metadata' and DataType not one of ['CDF_CHAR', 'CDF_UCHAR']
  the_peir_flux_compno: CDF VAR_TYPE = 'metadata' and DataType not one of ['CDF_CHAR', 'CDF_UCHAR']
  the_peir_symm_compno: CDF VAR_TYPE = 'metadata' and DataType not one of ['CDF_CHAR', 'CDF_UCHAR']
  the_peir_magf_compno: CDF VAR_TYPE = 'metadata' and DataType not one of ['CDF_CHAR', 'CDF_UCHAR']
  the_peir_velocity_dsl_compno: CDF VAR_TYPE = 'metadata' and DataType not one of ['CDF_CHAR', 'CDF_UCHAR']
  the_peir_velocity_gse_compno: CDF VAR_TYPE = 'metadata' and DataType not one of ['CDF_CHAR', 'CDF_UCHAR']
  the_peir_velocity_gsm_compno: CDF VAR_TYPE = 'metadata' and DataType not one of ['CDF_CHAR', 'CDF_UCHAR']
  the_peir_mode_compno: CDF VAR_TYPE = 'metadata' and DataType not one of ['CDF_CHAR', 'CDF_UCHAR']
  the_peer_t3_compno: CDF VAR_TYPE = 'metadata' and DataType not one of ['CDF_CHAR', 'CDF_UCHAR']
  the_peer_magt3_compno: CDF VAR_TYPE = 'metadata' and DataType not one of ['CDF_CHAR', 'CDF_UCHAR']
  the_peer_ptens_compno: CDF VAR_TYPE = 'metadata' and DataType not one of ['CDF_CHAR', 'CDF_UCHAR']
  the_peer_mftens_compno: CDF VAR_TYPE = 'metadata' and DataType not one of ['CDF_CHAR', 'CDF_UCHAR']
  the_peer_flux_compno: CDF VAR_TYPE = 'metadata' and DataType not one of ['CDF_CHAR', 'CDF_UCHAR']
  the_peer_symm_compno: CDF VAR_TYPE = 'metadata' and DataType not one of ['CDF_CHAR', 'CDF_UCHAR']
  the_peer_magf_compno: CDF VAR_TYPE = 'metadata' and DataType not one of ['CDF_CHAR', 'CDF_UCHAR']
  the_peer_velocity_dsl_compno: CDF VAR_TYPE = 'metadata' and DataType not one of ['CDF_CHAR', 'CDF_UCHAR']
  the_peer_velocity_gse_compno: CDF VAR_TYPE = 'metadata' and DataType not one of ['CDF_CHAR', 'CDF_UCHAR']
  the_peer_velocity_gsm_compno: CDF VAR_TYPE = 'metadata' and DataType not one of ['CDF_CHAR', 'CDF_UCHAR']
  the_peer_mode_compno: CDF VAR_TYPE = 'metadata' and DataType not one of ['CDF_CHAR', 'CDF_UCHAR']
  the_peib_t3_compno: CDF VAR_TYPE = 'metadata' and DataType not one of ['CDF_CHAR', 'CDF_UCHAR']
  the_peib_magt3_compno: CDF VAR_TYPE = 'metadata' and DataType not one of ['CDF_CHAR', 'CDF_UCHAR']
  the_peib_ptens_compno: CDF VAR_TYPE = 'metadata' and DataType not one of ['CDF_CHAR', 'CDF_UCHAR']
  the_peib_mftens_compno: CDF VAR_TYPE = 'metadata' and DataType not one of ['CDF_CHAR', 'CDF_UCHAR']
  the_peib_flux_compno: CDF VAR_TYPE = 'metadata' and DataType not one of ['CDF_CHAR', 'CDF_UCHAR']
  the_peib_symm_compno: CDF VAR_TYPE = 'metadata' and DataType not one of ['CDF_CHAR', 'CDF_UCHAR']
  the_peib_magf_compno: CDF VAR_TYPE = 'metadata' and DataType not one of ['CDF_CHAR', 'CDF_UCHAR']
  the_peib_velocity_dsl_compno: CDF VAR_TYPE = 'metadata' and DataType not one of ['CDF_CHAR', 'CDF_UCHAR']
  the_peib_velocity_gse_compno: CDF VAR_TYPE = 'metadata' and DataType not one of ['CDF_CHAR', 'CDF_UCHAR']
  the_peib_velocity_gsm_compno: CDF VAR_TYPE = 'metadata' and DataType not one of ['CDF_CHAR', 'CDF_UCHAR']
  the_peib_mode_compno: CDF VAR_TYPE = 'metadata' and DataType not one of ['CDF_CHAR', 'CDF_UCHAR']
  the_peeb_t3_compno: CDF VAR_TYPE = 'metadata' and DataType not one of ['CDF_CHAR', 'CDF_UCHAR']
  the_peeb_magt3_compno: CDF VAR_TYPE = 'metadata' and DataType not one of ['CDF_CHAR', 'CDF_UCHAR']
  the_peeb_ptens_compno: CDF VAR_TYPE = 'metadata' and DataType not one of ['CDF_CHAR', 'CDF_UCHAR']
  the_peeb_mftens_compno: CDF VAR_TYPE = 'metadata' and DataType not one of ['CDF_CHAR', 'CDF_UCHAR']
  the_peeb_flux_compno: CDF VAR_TYPE = 'metadata' and DataType not one of ['CDF_CHAR', 'CDF_UCHAR']
  the_peeb_symm_compno: CDF VAR_TYPE = 'metadata' and DataType not one of ['CDF_CHAR', 'CDF_UCHAR']
  the_peeb_magf_compno: CDF VAR_TYPE = 'metadata' and DataType not one of ['CDF_CHAR', 'CDF_UCHAR']
  the_peeb_velocity_dsl_compno: CDF VAR_TYPE = 'metadata' and DataType not one of ['CDF_CHAR', 'CDF_UCHAR']
  the_peeb_velocity_gse_compno: CDF VAR_TYPE = 'metadata' and DataType not one of ['CDF_CHAR', 'CDF_UCHAR']
  the_peeb_velocity_gsm_compno: CDF VAR_TYPE = 'metadata' and DataType not one of ['CDF_CHAR', 'CDF_UCHAR']
  the_peeb_mode_compno: CDF VAR_TYPE = 'metadata' and DataType not one of ['CDF_CHAR', 'CDF_UCHAR']
THE_L2_FBK | ISTP.DataType.Invalid:
  the_fbk_freqno: CDF VAR_TYPE = 'metadata' and DataType not one of ['CDF_CHAR', 'CDF_UCHAR']
THE_L2_FGM | ISTP.DataType.Invalid:
  the_fgs_compno: CDF VAR_TYPE = 'metadata' and DataType not one of ['CDF_CHAR', 'CDF_UCHAR']
  the_fgl_compno: CDF VAR_TYPE = 'metadata' and DataType not one of ['CDF_CHAR', 'CDF_UCHAR']
  the_fgh_compno: CDF VAR_TYPE = 'metadata' and DataType not one of ['CDF_CHAR', 'CDF_UCHAR']
  the_fge_compno: CDF VAR_TYPE = 'metadata' and DataType not one of ['CDF_CHAR', 'CDF_UCHAR']
THE_L2_FIT | ISTP.DataType.Invalid:
  the_fgs_dsl_compno: CDF VAR_TYPE = 'metadata' and DataType not one of ['CDF_CHAR', 'CDF_UCHAR']
  the_fgs_gse_compno: CDF VAR_TYPE = 'metadata' and DataType not one of ['CDF_CHAR', 'CDF_UCHAR']
  the_fgs_gsm_compno: CDF VAR_TYPE = 'metadata' and DataType not one of ['CDF_CHAR', 'CDF_UCHAR']
  the_efs_dsl_compno: CDF VAR_TYPE = 'metadata' and DataType not one of ['CDF_CHAR', 'CDF_UCHAR']
  the_efs_0_dsl_compno: CDF VAR_TYPE = 'metadata' and DataType not one of ['CDF_CHAR', 'CDF_UCHAR']
  the_efs_dot0_dsl_compno: CDF VAR_TYPE = 'metadata' and DataType not one of ['CDF_CHAR', 'CDF_UCHAR']
  the_efs_gse_compno: CDF VAR_TYPE = 'metadata' and DataType not one of ['CDF_CHAR', 'CDF_UCHAR']
  the_efs_0_gse_compno: CDF VAR_TYPE = 'metadata' and DataType not one of ['CDF_CHAR', 'CDF_UCHAR']
  the_efs_dot0_gse_compno: CDF VAR_TYPE = 'metadata' and DataType not one of ['CDF_CHAR', 'CDF_UCHAR']
  the_efs_gsm_compno: CDF VAR_TYPE = 'metadata' and DataType not one of ['CDF_CHAR', 'CDF_UCHAR']
  the_efs_0_gsm_compno: CDF VAR_TYPE = 'metadata' and DataType not one of ['CDF_CHAR', 'CDF_UCHAR']
  the_efs_dot0_gsm_compno: CDF VAR_TYPE = 'metadata' and DataType not one of ['CDF_CHAR', 'CDF_UCHAR']
  the_fit_bfit_compno: CDF VAR_TYPE = 'metadata' and DataType not one of ['CDF_CHAR', 'CDF_UCHAR']
  the_fit_efit_compno: CDF VAR_TYPE = 'metadata' and DataType not one of ['CDF_CHAR', 'CDF_UCHAR']
THE_L2_GMOM | ISTP.DataType.Invalid:
  the_ptiff_t3_compno: CDF VAR_TYPE = 'metadata' and DataType not one of ['CDF_CHAR', 'CDF_UCHAR']
  the_ptiff_magt3_compno: CDF VAR_TYPE = 'metadata' and DataType not one of ['CDF_CHAR', 'CDF_UCHAR']
  the_ptiff_ptens_compno: CDF VAR_TYPE = 'metadata' and DataType not one of ['CDF_CHAR', 'CDF_UCHAR']
  the_ptiff_mftens_compno: CDF VAR_TYPE = 'metadata' and DataType not one of ['CDF_CHAR', 'CDF_UCHAR']
  the_ptiff_flux_compno: CDF VAR_TYPE = 'metadata' and DataType not one of ['CDF_CHAR', 'CDF_UCHAR']
  the_ptiff_symm_compno: CDF VAR_TYPE = 'metadata' and DataType not one of ['CDF_CHAR', 'CDF_UCHAR']
  the_ptiff_magf_compno: CDF VAR_TYPE = 'metadata' and DataType not one of ['CDF_CHAR', 'CDF_UCHAR']
  the_ptiff_velocity_dsl_compno: CDF VAR_TYPE = 'metadata' and DataType not one of ['CDF_CHAR', 'CDF_UCHAR']
  the_ptiff_velocity_gse_compno: CDF VAR_TYPE = 'metadata' and DataType not one of ['CDF_CHAR', 'CDF_UCHAR']
  the_ptiff_velocity_gsm_compno: CDF VAR_TYPE = 'metadata' and DataType not one of ['CDF_CHAR', 'CDF_UCHAR']
  the_ptiff_mode_compno: CDF VAR_TYPE = 'metadata' and DataType not one of ['CDF_CHAR', 'CDF_UCHAR']
  the_pteff_t3_compno: CDF VAR_TYPE = 'metadata' and DataType not one of ['CDF_CHAR', 'CDF_UCHAR']
  the_pteff_magt3_compno: CDF VAR_TYPE = 'metadata' and DataType not one of ['CDF_CHAR', 'CDF_UCHAR']
  the_pteff_ptens_compno: CDF VAR_TYPE = 'metadata' and DataType not one of ['CDF_CHAR', 'CDF_UCHAR']
  the_pteff_mftens_compno: CDF VAR_TYPE = 'metadata' and DataType not one of ['CDF_CHAR', 'CDF_UCHAR']
  the_pteff_flux_compno: CDF VAR_TYPE = 'metadata' and DataType not one of ['CDF_CHAR', 'CDF_UCHAR']
  the_pteff_symm_compno: CDF VAR_TYPE = 'metadata' and DataType not one of ['CDF_CHAR', 'CDF_UCHAR']
  the_pteff_magf_compno: CDF VAR_TYPE = 'metadata' and DataType not one of ['CDF_CHAR', 'CDF_UCHAR']
  the_pteff_velocity_dsl_compno: CDF VAR_TYPE = 'metadata' and DataType not one of ['CDF_CHAR', 'CDF_UCHAR']
  the_pteff_velocity_gse_compno: CDF VAR_TYPE = 'metadata' and DataType not one of ['CDF_CHAR', 'CDF_UCHAR']
  the_pteff_velocity_gsm_compno: CDF VAR_TYPE = 'metadata' and DataType not one of ['CDF_CHAR', 'CDF_UCHAR']
  the_pteff_mode_compno: CDF VAR_TYPE = 'metadata' and DataType not one of ['CDF_CHAR', 'CDF_UCHAR']
  the_ptirf_t3_compno: CDF VAR_TYPE = 'metadata' and DataType not one of ['CDF_CHAR', 'CDF_UCHAR']
  the_ptirf_magt3_compno: CDF VAR_TYPE = 'metadata' and DataType not one of ['CDF_CHAR', 'CDF_UCHAR']
  the_ptirf_ptens_compno: CDF VAR_TYPE = 'metadata' and DataType not one of ['CDF_CHAR', 'CDF_UCHAR']
  the_ptirf_mftens_compno: CDF VAR_TYPE = 'metadata' and DataType not one of ['CDF_CHAR', 'CDF_UCHAR']
  the_ptirf_flux_compno: CDF VAR_TYPE = 'metadata' and DataType not one of ['CDF_CHAR', 'CDF_UCHAR']
  the_ptirf_symm_compno: CDF VAR_TYPE = 'metadata' and DataType not one of ['CDF_CHAR', 'CDF_UCHAR']
  the_ptirf_magf_compno: CDF VAR_TYPE = 'metadata' and DataType not one of ['CDF_CHAR', 'CDF_UCHAR']
  the_ptirf_velocity_dsl_compno: CDF VAR_TYPE = 'metadata' and DataType not one of ['CDF_CHAR', 'CDF_UCHAR']
  the_ptirf_velocity_gse_compno: CDF VAR_TYPE = 'metadata' and DataType not one of ['CDF_CHAR', 'CDF_UCHAR']
  the_ptirf_velocity_gsm_compno: CDF VAR_TYPE = 'metadata' and DataType not one of ['CDF_CHAR', 'CDF_UCHAR']
  the_ptirf_mode_compno: CDF VAR_TYPE = 'metadata' and DataType not one of ['CDF_CHAR', 'CDF_UCHAR']
  the_pterf_t3_compno: CDF VAR_TYPE = 'metadata' and DataType not one of ['CDF_CHAR', 'CDF_UCHAR']
  the_pterf_magt3_compno: CDF VAR_TYPE = 'metadata' and DataType not one of ['CDF_CHAR', 'CDF_UCHAR']
  the_pterf_ptens_compno: CDF VAR_TYPE = 'metadata' and DataType not one of ['CDF_CHAR', 'CDF_UCHAR']
  the_pterf_mftens_compno: CDF VAR_TYPE = 'metadata' and DataType not one of ['CDF_CHAR', 'CDF_UCHAR']
  the_pterf_flux_compno: CDF VAR_TYPE = 'metadata' and DataType not one of ['CDF_CHAR', 'CDF_UCHAR']
  the_pterf_symm_compno: CDF VAR_TYPE = 'metadata' and DataType not one of ['CDF_CHAR', 'CDF_UCHAR']
  the_pterf_magf_compno: CDF VAR_TYPE = 'metadata' and DataType not one of ['CDF_CHAR', 'CDF_UCHAR']
  the_pterf_velocity_dsl_compno: CDF VAR_TYPE = 'metadata' and DataType not one of ['CDF_CHAR', 'CDF_UCHAR']
  the_pterf_velocity_gse_compno: CDF VAR_TYPE = 'metadata' and DataType not one of ['CDF_CHAR', 'CDF_UCHAR']
  the_pterf_velocity_gsm_compno: CDF VAR_TYPE = 'metadata' and DataType not one of ['CDF_CHAR', 'CDF_UCHAR']
  the_pterf_mode_compno: CDF VAR_TYPE = 'metadata' and DataType not one of ['CDF_CHAR', 'CDF_UCHAR']
  the_ptibb_t3_compno: CDF VAR_TYPE = 'metadata' and DataType not one of ['CDF_CHAR', 'CDF_UCHAR']
  the_ptibb_magt3_compno: CDF VAR_TYPE = 'metadata' and DataType not one of ['CDF_CHAR', 'CDF_UCHAR']
  the_ptibb_ptens_compno: CDF VAR_TYPE = 'metadata' and DataType not one of ['CDF_CHAR', 'CDF_UCHAR']
  the_ptibb_mftens_compno: CDF VAR_TYPE = 'metadata' and DataType not one of ['CDF_CHAR', 'CDF_UCHAR']
  the_ptibb_flux_compno: CDF VAR_TYPE = 'metadata' and DataType not one of ['CDF_CHAR', 'CDF_UCHAR']
  the_ptibb_symm_compno: CDF VAR_TYPE = 'metadata' and DataType not one of ['CDF_CHAR', 'CDF_UCHAR']
  the_ptibb_magf_compno: CDF VAR_TYPE = 'metadata' and DataType not one of ['CDF_CHAR', 'CDF_UCHAR']
  the_ptibb_velocity_dsl_compno: CDF VAR_TYPE = 'metadata' and DataType not one of ['CDF_CHAR', 'CDF_UCHAR']
  the_ptibb_velocity_gse_compno: CDF VAR_TYPE = 'metadata' and DataType not one of ['CDF_CHAR', 'CDF_UCHAR']
  the_ptibb_velocity_gsm_compno: CDF VAR_TYPE = 'metadata' and DataType not one of ['CDF_CHAR', 'CDF_UCHAR']
  the_ptibb_mode_compno: CDF VAR_TYPE = 'metadata' and DataType not one of ['CDF_CHAR', 'CDF_UCHAR']
  the_ptebb_t3_compno: CDF VAR_TYPE = 'metadata' and DataType not one of ['CDF_CHAR', 'CDF_UCHAR']
  the_ptebb_magt3_compno: CDF VAR_TYPE = 'metadata' and DataType not one of ['CDF_CHAR', 'CDF_UCHAR']
  the_ptebb_ptens_compno: CDF VAR_TYPE = 'metadata' and DataType not one of ['CDF_CHAR', 'CDF_UCHAR']
  the_ptebb_mftens_compno: CDF VAR_TYPE = 'metadata' and DataType not one of ['CDF_CHAR', 'CDF_UCHAR']
  the_ptebb_flux_compno: CDF VAR_TYPE = 'metadata' and DataType not one of ['CDF_CHAR', 'CDF_UCHAR']
  the_ptebb_symm_compno: CDF VAR_TYPE = 'metadata' and DataType not one of ['CDF_CHAR', 'CDF_UCHAR']
  the_ptebb_magf_compno: CDF VAR_TYPE = 'metadata' and DataType not one of ['CDF_CHAR', 'CDF_UCHAR']
  the_ptebb_velocity_dsl_compno: CDF VAR_TYPE = 'metadata' and DataType not one of ['CDF_CHAR', 'CDF_UCHAR']
  the_ptebb_velocity_gse_compno: CDF VAR_TYPE = 'metadata' and DataType not one of ['CDF_CHAR', 'CDF_UCHAR']
  the_ptebb_velocity_gsm_compno: CDF VAR_TYPE = 'metadata' and DataType not one of ['CDF_CHAR', 'CDF_UCHAR']
  the_ptebb_mode_compno: CDF VAR_TYPE = 'metadata' and DataType not one of ['CDF_CHAR', 'CDF_UCHAR']
THE_L2_MOM | ISTP.DataType.Invalid:
  the_peim_flux_compno: CDF VAR_TYPE = 'metadata' and DataType not one of ['CDF_CHAR', 'CDF_UCHAR']
  the_peim_mftens_compno: CDF VAR_TYPE = 'metadata' and DataType not one of ['CDF_CHAR', 'CDF_UCHAR']
  the_peim_eflux_compno: CDF VAR_TYPE = 'metadata' and DataType not one of ['CDF_CHAR', 'CDF_UCHAR']
  the_peim_velocity_dsl_compno: CDF VAR_TYPE = 'metadata' and DataType not one of ['CDF_CHAR', 'CDF_UCHAR']
  the_peim_velocity_gse_compno: CDF VAR_TYPE = 'metadata' and DataType not one of ['CDF_CHAR', 'CDF_UCHAR']
  the_peim_velocity_gsm_compno: CDF VAR_TYPE = 'metadata' and DataType not one of ['CDF_CHAR', 'CDF_UCHAR']
  the_peim_ptens_compno: CDF VAR_TYPE = 'metadata' and DataType not one of ['CDF_CHAR', 'CDF_UCHAR']
  the_peim_mag_compno: CDF VAR_TYPE = 'metadata' and DataType not one of ['CDF_CHAR', 'CDF_UCHAR']
  the_peim_velocity_mag_compno: CDF VAR_TYPE = 'metadata' and DataType not one of ['CDF_CHAR', 'CDF_UCHAR']
  the_peim_t3_mag_compno: CDF VAR_TYPE = 'metadata' and DataType not one of ['CDF_CHAR', 'CDF_UCHAR']
  the_peim_ptens_mag_compno: CDF VAR_TYPE = 'metadata' and DataType not one of ['CDF_CHAR', 'CDF_UCHAR']
  the_peem_flux_compno: CDF VAR_TYPE = 'metadata' and DataType not one of ['CDF_CHAR', 'CDF_UCHAR']
  the_peem_mftens_compno: CDF VAR_TYPE = 'metadata' and DataType not one of ['CDF_CHAR', 'CDF_UCHAR']
  the_peem_eflux_compno: CDF VAR_TYPE = 'metadata' and DataType not one of ['CDF_CHAR', 'CDF_UCHAR']
  the_peem_velocity_dsl_compno: CDF VAR_TYPE = 'metadata' and DataType not one of ['CDF_CHAR', 'CDF_UCHAR']
  the_peem_velocity_gse_compno: CDF VAR_TYPE = 'metadata' and DataType not one of ['CDF_CHAR', 'CDF_UCHAR']
  the_peem_velocity_gsm_compno: CDF VAR_TYPE = 'metadata' and DataType not one of ['CDF_CHAR', 'CDF_UCHAR']
  the_peem_ptens_compno: CDF VAR_TYPE = 'metadata' and DataType not one of ['CDF_CHAR', 'CDF_UCHAR']
  the_peem_mag_compno: CDF VAR_TYPE = 'metadata' and DataType not one of ['CDF_CHAR', 'CDF_UCHAR']
  the_peem_velocity_mag_compno: CDF VAR_TYPE = 'metadata' and DataType not one of ['CDF_CHAR', 'CDF_UCHAR']
  the_peem_t3_mag_compno: CDF VAR_TYPE = 'metadata' and DataType not one of ['CDF_CHAR', 'CDF_UCHAR']
  the_peem_ptens_mag_compno: CDF VAR_TYPE = 'metadata' and DataType not one of ['CDF_CHAR', 'CDF_UCHAR']
THE_L2_SCM | ISTP.DataType.Invalid:
  the_scf_compno: CDF VAR_TYPE = 'metadata' and DataType not one of ['CDF_CHAR', 'CDF_UCHAR']
  the_scp_compno: CDF VAR_TYPE = 'metadata' and DataType not one of ['CDF_CHAR', 'CDF_UCHAR']
  the_scw_compno: CDF VAR_TYPE = 'metadata' and DataType not one of ['CDF_CHAR', 'CDF_UCHAR']
THE_L2_SST | ISTP.DataType.Invalid:
  the_psif_t3_compno: CDF VAR_TYPE = 'metadata' and DataType not one of ['CDF_CHAR', 'CDF_UCHAR']
  the_psif_magt3_compno: CDF VAR_TYPE = 'metadata' and DataType not one of ['CDF_CHAR', 'CDF_UCHAR']
  the_psif_ptens_compno: CDF VAR_TYPE = 'metadata' and DataType not one of ['CDF_CHAR', 'CDF_UCHAR']
  the_psif_mftens_compno: CDF VAR_TYPE = 'metadata' and DataType not one of ['CDF_CHAR', 'CDF_UCHAR']
  the_psif_flux_compno: CDF VAR_TYPE = 'metadata' and DataType not one of ['CDF_CHAR', 'CDF_UCHAR']
  the_psif_symm_compno: CDF VAR_TYPE = 'metadata' and DataType not one of ['CDF_CHAR', 'CDF_UCHAR']
  the_psif_magf_compno: CDF VAR_TYPE = 'metadata' and DataType not one of ['CDF_CHAR', 'CDF_UCHAR']
  the_psif_velocity_dsl_compno: CDF VAR_TYPE = 'metadata' and DataType not one of ['CDF_CHAR', 'CDF_UCHAR']
  the_psif_velocity_gse_compno: CDF VAR_TYPE = 'metadata' and DataType not one of ['CDF_CHAR', 'CDF_UCHAR']
  the_psif_velocity_gsm_compno: CDF VAR_TYPE = 'metadata' and DataType not one of ['CDF_CHAR', 'CDF_UCHAR']
  the_psef_t3_compno: CDF VAR_TYPE = 'metadata' and DataType not one of ['CDF_CHAR', 'CDF_UCHAR']
  the_psef_magt3_compno: CDF VAR_TYPE = 'metadata' and DataType not one of ['CDF_CHAR', 'CDF_UCHAR']
  the_psef_ptens_compno: CDF VAR_TYPE = 'metadata' and DataType not one of ['CDF_CHAR', 'CDF_UCHAR']
  the_psef_mftens_compno: CDF VAR_TYPE = 'metadata' and DataType not one of ['CDF_CHAR', 'CDF_UCHAR']
  the_psef_flux_compno: CDF VAR_TYPE = 'metadata' and DataType not one of ['CDF_CHAR', 'CDF_UCHAR']
  the_psef_symm_compno: CDF VAR_TYPE = 'metadata' and DataType not one of ['CDF_CHAR', 'CDF_UCHAR']
  the_psef_magf_compno: CDF VAR_TYPE = 'metadata' and DataType not one of ['CDF_CHAR', 'CDF_UCHAR']
  the_psef_velocity_dsl_compno: CDF VAR_TYPE = 'metadata' and DataType not one of ['CDF_CHAR', 'CDF_UCHAR']
  the_psef_velocity_gse_compno: CDF VAR_TYPE = 'metadata' and DataType not one of ['CDF_CHAR', 'CDF_UCHAR']
  the_psef_velocity_gsm_compno: CDF VAR_TYPE = 'metadata' and DataType not one of ['CDF_CHAR', 'CDF_UCHAR']
  the_psib_t3_compno: CDF VAR_TYPE = 'metadata' and DataType not one of ['CDF_CHAR', 'CDF_UCHAR']
  the_psib_magt3_compno: CDF VAR_TYPE = 'metadata' and DataType not one of ['CDF_CHAR', 'CDF_UCHAR']
  the_psib_ptens_compno: CDF VAR_TYPE = 'metadata' and DataType not one of ['CDF_CHAR', 'CDF_UCHAR']
  the_psib_mftens_compno: CDF VAR_TYPE = 'metadata' and DataType not one of ['CDF_CHAR', 'CDF_UCHAR']
  the_psib_flux_compno: CDF VAR_TYPE = 'metadata' and DataType not one of ['CDF_CHAR', 'CDF_UCHAR']
  the_psib_symm_compno: CDF VAR_TYPE = 'metadata' and DataType not one of ['CDF_CHAR', 'CDF_UCHAR']
  the_psib_magf_compno: CDF VAR_TYPE = 'metadata' and DataType not one of ['CDF_CHAR', 'CDF_UCHAR']
  the_psib_velocity_dsl_compno: CDF VAR_TYPE = 'metadata' and DataType not one of ['CDF_CHAR', 'CDF_UCHAR']
  the_psib_velocity_gse_compno: CDF VAR_TYPE = 'metadata' and DataType not one of ['CDF_CHAR', 'CDF_UCHAR']
  the_psib_velocity_gsm_compno: CDF VAR_TYPE = 'metadata' and DataType not one of ['CDF_CHAR', 'CDF_UCHAR']
  the_pseb_t3_compno: CDF VAR_TYPE = 'metadata' and DataType not one of ['CDF_CHAR', 'CDF_UCHAR']
  the_pseb_magt3_compno: CDF VAR_TYPE = 'metadata' and DataType not one of ['CDF_CHAR', 'CDF_UCHAR']
  the_pseb_ptens_compno: CDF VAR_TYPE = 'metadata' and DataType not one of ['CDF_CHAR', 'CDF_UCHAR']
  the_pseb_mftens_compno: CDF VAR_TYPE = 'metadata' and DataType not one of ['CDF_CHAR', 'CDF_UCHAR']
  the_pseb_flux_compno: CDF VAR_TYPE = 'metadata' and DataType not one of ['CDF_CHAR', 'CDF_UCHAR']
  the_pseb_symm_compno: CDF VAR_TYPE = 'metadata' and DataType not one of ['CDF_CHAR', 'CDF_UCHAR']
  the_pseb_magf_compno: CDF VAR_TYPE = 'metadata' and DataType not one of ['CDF_CHAR', 'CDF_UCHAR']
  the_pseb_velocity_dsl_compno: CDF VAR_TYPE = 'metadata' and DataType not one of ['CDF_CHAR', 'CDF_UCHAR']
  the_pseb_velocity_gse_compno: CDF VAR_TYPE = 'metadata' and DataType not one of ['CDF_CHAR', 'CDF_UCHAR']
  the_pseb_velocity_gsm_compno: CDF VAR_TYPE = 'metadata' and DataType not one of ['CDF_CHAR', 'CDF_UCHAR']
THG_L1_ASK | ISTP.DataType.Invalid:
  thg_ask_quality: CDF VAR_TYPE = 'metadata' and DataType not one of ['CDF_CHAR', 'CDF_UCHAR']
TIMED_EDP_GUVI | ISTP.DataType.Invalid:
  label_profile_altitude: CDF VAR_TYPE = 'metadata' and DataType not one of ['CDF_CHAR', 'CDF_UCHAR']
TIMED_WINDVECTORSNCAR_TIDI | ISTP.DataType.Invalid:
  ALT_RETRIEVED: CDF VAR_TYPE = 'metadata' and DataType not one of ['CDF_CHAR', 'CDF_UCHAR']
  sampling_indices: CDF VAR_TYPE = 'metadata' and DataType not one of ['CDF_CHAR', 'CDF_UCHAR']
VOYAGER-1_LECP_LEV-1-RATES | ISTP.DataType.Invalid:
  Spacecraft: CDF VAR_TYPE = 'metadata' and DataType not one of ['CDF_CHAR', 'CDF_UCHAR']
  SectorIterator: CDF VAR_TYPE = 'metadata' and DataType not one of ['CDF_CHAR', 'CDF_UCHAR']
  Electron_Channels: CDF VAR_TYPE = 'metadata' and DataType not one of ['CDF_CHAR', 'CDF_UCHAR']
  Scattered_Electron_Channels: CDF VAR_TYPE = 'metadata' and DataType not one of ['CDF_CHAR', 'CDF_UCHAR']
  Hydrogen_Channels: CDF VAR_TYPE = 'metadata' and DataType not one of ['CDF_CHAR', 'CDF_UCHAR']
  Helium_Channels: CDF VAR_TYPE = 'metadata' and DataType not one of ['CDF_CHAR', 'CDF_UCHAR']
  Oxygen_Channels: CDF VAR_TYPE = 'metadata' and DataType not one of ['CDF_CHAR', 'CDF_UCHAR']
  Iron_Channels: CDF VAR_TYPE = 'metadata' and DataType not one of ['CDF_CHAR', 'CDF_UCHAR']
  Singles_Channels: CDF VAR_TYPE = 'metadata' and DataType not one of ['CDF_CHAR', 'CDF_UCHAR']
  MinMaxRange: CDF VAR_TYPE = 'metadata' and DataType not one of ['CDF_CHAR', 'CDF_UCHAR']
VOYAGER-1_LECP_LEV-2-DAILY-AVG | ISTP.DataType.Invalid:
  Spacecraft: CDF VAR_TYPE = 'metadata' and DataType not one of ['CDF_CHAR', 'CDF_UCHAR']
  SectorIterator: CDF VAR_TYPE = 'metadata' and DataType not one of ['CDF_CHAR', 'CDF_UCHAR']
  Electron_Channels: CDF VAR_TYPE = 'metadata' and DataType not one of ['CDF_CHAR', 'CDF_UCHAR']
  Scattered_Electron_Channels: CDF VAR_TYPE = 'metadata' and DataType not one of ['CDF_CHAR', 'CDF_UCHAR']
  Hydrogen_Channels: CDF VAR_TYPE = 'metadata' and DataType not one of ['CDF_CHAR', 'CDF_UCHAR']
  Helium_Channels: CDF VAR_TYPE = 'metadata' and DataType not one of ['CDF_CHAR', 'CDF_UCHAR']
  Oxygen_Channels: CDF VAR_TYPE = 'metadata' and DataType not one of ['CDF_CHAR', 'CDF_UCHAR']
  Iron_Channels: CDF VAR_TYPE = 'metadata' and DataType not one of ['CDF_CHAR', 'CDF_UCHAR']
  Singles_Channels: CDF VAR_TYPE = 'metadata' and DataType not one of ['CDF_CHAR', 'CDF_UCHAR']
  MinMaxRange: CDF VAR_TYPE = 'metadata' and DataType not one of ['CDF_CHAR', 'CDF_UCHAR']
VOYAGER-1_LECP_LEV-2-HOURLY-AVG | ISTP.DataType.Invalid:
  Spacecraft: CDF VAR_TYPE = 'metadata' and DataType not one of ['CDF_CHAR', 'CDF_UCHAR']
  SectorIterator: CDF VAR_TYPE = 'metadata' and DataType not one of ['CDF_CHAR', 'CDF_UCHAR']
  Electron_Channels: CDF VAR_TYPE = 'metadata' and DataType not one of ['CDF_CHAR', 'CDF_UCHAR']
  Scattered_Electron_Channels: CDF VAR_TYPE = 'metadata' and DataType not one of ['CDF_CHAR', 'CDF_UCHAR']
  Hydrogen_Channels: CDF VAR_TYPE = 'metadata' and DataType not one of ['CDF_CHAR', 'CDF_UCHAR']
  Helium_Channels: CDF VAR_TYPE = 'metadata' and DataType not one of ['CDF_CHAR', 'CDF_UCHAR']
  Oxygen_Channels: CDF VAR_TYPE = 'metadata' and DataType not one of ['CDF_CHAR', 'CDF_UCHAR']
  Iron_Channels: CDF VAR_TYPE = 'metadata' and DataType not one of ['CDF_CHAR', 'CDF_UCHAR']
  Singles_Channels: CDF VAR_TYPE = 'metadata' and DataType not one of ['CDF_CHAR', 'CDF_UCHAR']
  MinMaxRange: CDF VAR_TYPE = 'metadata' and DataType not one of ['CDF_CHAR', 'CDF_UCHAR']
VOYAGER-1_LECP_LEV-2-SCAN-AVG | ISTP.DataType.Invalid:
  Spacecraft: CDF VAR_TYPE = 'metadata' and DataType not one of ['CDF_CHAR', 'CDF_UCHAR']
  Electron_Channels: CDF VAR_TYPE = 'metadata' and DataType not one of ['CDF_CHAR', 'CDF_UCHAR']
  Scattered_Electron_Channels: CDF VAR_TYPE = 'metadata' and DataType not one of ['CDF_CHAR', 'CDF_UCHAR']
  Hydrogen_Channels: CDF VAR_TYPE = 'metadata' and DataType not one of ['CDF_CHAR', 'CDF_UCHAR']
  Helium_Channels: CDF VAR_TYPE = 'metadata' and DataType not one of ['CDF_CHAR', 'CDF_UCHAR']
  Oxygen_Channels: CDF VAR_TYPE = 'metadata' and DataType not one of ['CDF_CHAR', 'CDF_UCHAR']
  Iron_Channels: CDF VAR_TYPE = 'metadata' and DataType not one of ['CDF_CHAR', 'CDF_UCHAR']
  Singles_Channels: CDF VAR_TYPE = 'metadata' and DataType not one of ['CDF_CHAR', 'CDF_UCHAR']
  MinMaxRange: CDF VAR_TYPE = 'metadata' and DataType not one of ['CDF_CHAR', 'CDF_UCHAR']
VOYAGER-2_LECP_LEV-1-RATES | ISTP.DataType.Invalid:
  Spacecraft: CDF VAR_TYPE = 'metadata' and DataType not one of ['CDF_CHAR', 'CDF_UCHAR']
  SectorIterator: CDF VAR_TYPE = 'metadata' and DataType not one of ['CDF_CHAR', 'CDF_UCHAR']
  Electron_Channels: CDF VAR_TYPE = 'metadata' and DataType not one of ['CDF_CHAR', 'CDF_UCHAR']
  Scattered_Electron_Channels: CDF VAR_TYPE = 'metadata' and DataType not one of ['CDF_CHAR', 'CDF_UCHAR']
  Hydrogen_Channels: CDF VAR_TYPE = 'metadata' and DataType not one of ['CDF_CHAR', 'CDF_UCHAR']
  Helium_Channels: CDF VAR_TYPE = 'metadata' and DataType not one of ['CDF_CHAR', 'CDF_UCHAR']
  Oxygen_Channels: CDF VAR_TYPE = 'metadata' and DataType not one of ['CDF_CHAR', 'CDF_UCHAR']
  Iron_Channels: CDF VAR_TYPE = 'metadata' and DataType not one of ['CDF_CHAR', 'CDF_UCHAR']
  Singles_Channels: CDF VAR_TYPE = 'metadata' and DataType not one of ['CDF_CHAR', 'CDF_UCHAR']
  MinMaxRange: CDF VAR_TYPE = 'metadata' and DataType not one of ['CDF_CHAR', 'CDF_UCHAR']
VOYAGER-2_LECP_LEV-2-DAILY-AVG | ISTP.DataType.Invalid:
  Spacecraft: CDF VAR_TYPE = 'metadata' and DataType not one of ['CDF_CHAR', 'CDF_UCHAR']
  SectorIterator: CDF VAR_TYPE = 'metadata' and DataType not one of ['CDF_CHAR', 'CDF_UCHAR']
  Electron_Channels: CDF VAR_TYPE = 'metadata' and DataType not one of ['CDF_CHAR', 'CDF_UCHAR']
  Scattered_Electron_Channels: CDF VAR_TYPE = 'metadata' and DataType not one of ['CDF_CHAR', 'CDF_UCHAR']
  Hydrogen_Channels: CDF VAR_TYPE = 'metadata' and DataType not one of ['CDF_CHAR', 'CDF_UCHAR']
  Helium_Channels: CDF VAR_TYPE = 'metadata' and DataType not one of ['CDF_CHAR', 'CDF_UCHAR']
  Oxygen_Channels: CDF VAR_TYPE = 'metadata' and DataType not one of ['CDF_CHAR', 'CDF_UCHAR']
  Iron_Channels: CDF VAR_TYPE = 'metadata' and DataType not one of ['CDF_CHAR', 'CDF_UCHAR']
  Singles_Channels: CDF VAR_TYPE = 'metadata' and DataType not one of ['CDF_CHAR', 'CDF_UCHAR']
  MinMaxRange: CDF VAR_TYPE = 'metadata' and DataType not one of ['CDF_CHAR', 'CDF_UCHAR']
VOYAGER-2_LECP_LEV-2-HOURLY-AVG | ISTP.DataType.Invalid:
  Spacecraft: CDF VAR_TYPE = 'metadata' and DataType not one of ['CDF_CHAR', 'CDF_UCHAR']
  SectorIterator: CDF VAR_TYPE = 'metadata' and DataType not one of ['CDF_CHAR', 'CDF_UCHAR']
  Electron_Channels: CDF VAR_TYPE = 'metadata' and DataType not one of ['CDF_CHAR', 'CDF_UCHAR']
  Scattered_Electron_Channels: CDF VAR_TYPE = 'metadata' and DataType not one of ['CDF_CHAR', 'CDF_UCHAR']
  Hydrogen_Channels: CDF VAR_TYPE = 'metadata' and DataType not one of ['CDF_CHAR', 'CDF_UCHAR']
  Helium_Channels: CDF VAR_TYPE = 'metadata' and DataType not one of ['CDF_CHAR', 'CDF_UCHAR']
  Oxygen_Channels: CDF VAR_TYPE = 'metadata' and DataType not one of ['CDF_CHAR', 'CDF_UCHAR']
  Iron_Channels: CDF VAR_TYPE = 'metadata' and DataType not one of ['CDF_CHAR', 'CDF_UCHAR']
  Singles_Channels: CDF VAR_TYPE = 'metadata' and DataType not one of ['CDF_CHAR', 'CDF_UCHAR']
  MinMaxRange: CDF VAR_TYPE = 'metadata' and DataType not one of ['CDF_CHAR', 'CDF_UCHAR']
VOYAGER-2_LECP_LEV-2-SCAN-AVG | ISTP.DataType.Invalid:
  Spacecraft: CDF VAR_TYPE = 'metadata' and DataType not one of ['CDF_CHAR', 'CDF_UCHAR']
  Electron_Channels: CDF VAR_TYPE = 'metadata' and DataType not one of ['CDF_CHAR', 'CDF_UCHAR']
  Scattered_Electron_Channels: CDF VAR_TYPE = 'metadata' and DataType not one of ['CDF_CHAR', 'CDF_UCHAR']
  Hydrogen_Channels: CDF VAR_TYPE = 'metadata' and DataType not one of ['CDF_CHAR', 'CDF_UCHAR']
  Helium_Channels: CDF VAR_TYPE = 'metadata' and DataType not one of ['CDF_CHAR', 'CDF_UCHAR']
  Oxygen_Channels: CDF VAR_TYPE = 'metadata' and DataType not one of ['CDF_CHAR', 'CDF_UCHAR']
  Iron_Channels: CDF VAR_TYPE = 'metadata' and DataType not one of ['CDF_CHAR', 'CDF_UCHAR']
  Singles_Channels: CDF VAR_TYPE = 'metadata' and DataType not one of ['CDF_CHAR', 'CDF_UCHAR']
  MinMaxRange: CDF VAR_TYPE = 'metadata' and DataType not one of ['CDF_CHAR', 'CDF_UCHAR']
WI_H0_MFI | ISTP.DataType.Invalid:
  SGSM: CDF VAR_TYPE = 'metadata' and DataType not one of ['CDF_CHAR', 'CDF_UCHAR']
  S1GSM: CDF VAR_TYPE = 'metadata' and DataType not one of ['CDF_CHAR', 'CDF_UCHAR']
  S1GSE: CDF VAR_TYPE = 'metadata' and DataType not one of ['CDF_CHAR', 'CDF_UCHAR']
  ZERO_I: CDF VAR_TYPE = 'metadata' and DataType not one of ['CDF_CHAR', 'CDF_UCHAR']
  SENS_I: CDF VAR_TYPE = 'metadata' and DataType not one of ['CDF_CHAR', 'CDF_UCHAR']
  AMPL_I: CDF VAR_TYPE = 'metadata' and DataType not one of ['CDF_CHAR', 'CDF_UCHAR']
  ORTH_I: CDF VAR_TYPE = 'metadata' and DataType not one of ['CDF_CHAR', 'CDF_UCHAR']
  PAYLD_I: CDF VAR_TYPE = 'metadata' and DataType not one of ['CDF_CHAR', 'CDF_UCHAR']
  FLAG_I: CDF VAR_TYPE = 'metadata' and DataType not one of ['CDF_CHAR', 'CDF_UCHAR']
  ZERO_O: CDF VAR_TYPE = 'metadata' and DataType not one of ['CDF_CHAR', 'CDF_UCHAR']
  SENS_O: CDF VAR_TYPE = 'metadata' and DataType not one of ['CDF_CHAR', 'CDF_UCHAR']
  AMPL_O: CDF VAR_TYPE = 'metadata' and DataType not one of ['CDF_CHAR', 'CDF_UCHAR']
  ORTH_O: CDF VAR_TYPE = 'metadata' and DataType not one of ['CDF_CHAR', 'CDF_UCHAR']
  PAYLD_O: CDF VAR_TYPE = 'metadata' and DataType not one of ['CDF_CHAR', 'CDF_UCHAR']
  FLAG_O: CDF VAR_TYPE = 'metadata' and DataType not one of ['CDF_CHAR', 'CDF_UCHAR']
WI_H2_MFI | ISTP.DataType.Invalid:
  ZERO1_O: CDF VAR_TYPE = 'metadata' and DataType not one of ['CDF_CHAR', 'CDF_UCHAR']
  SENS1_O: CDF VAR_TYPE = 'metadata' and DataType not one of ['CDF_CHAR', 'CDF_UCHAR']
  AMPL1_O: CDF VAR_TYPE = 'metadata' and DataType not one of ['CDF_CHAR', 'CDF_UCHAR']
  ORTH1_O: CDF VAR_TYPE = 'metadata' and DataType not one of ['CDF_CHAR', 'CDF_UCHAR']
  PAYLD1_O: CDF VAR_TYPE = 'metadata' and DataType not one of ['CDF_CHAR', 'CDF_UCHAR']
  FLAG1_O: CDF VAR_TYPE = 'metadata' and DataType not one of ['CDF_CHAR', 'CDF_UCHAR']
  ZERO1_I: CDF VAR_TYPE = 'metadata' and DataType not one of ['CDF_CHAR', 'CDF_UCHAR']
  SENS1_I: CDF VAR_TYPE = 'metadata' and DataType not one of ['CDF_CHAR', 'CDF_UCHAR']
  AMPL1_I: CDF VAR_TYPE = 'metadata' and DataType not one of ['CDF_CHAR', 'CDF_UCHAR']
  ORTH1_I: CDF VAR_TYPE = 'metadata' and DataType not one of ['CDF_CHAR', 'CDF_UCHAR']
  PAYLD1_I: CDF VAR_TYPE = 'metadata' and DataType not one of ['CDF_CHAR', 'CDF_UCHAR']
  FLAG1_I: CDF VAR_TYPE = 'metadata' and DataType not one of ['CDF_CHAR', 'CDF_UCHAR']
WI_K0_MFI | ISTP.DataType.Invalid:
  CDAY: CDF VAR_TYPE = 'metadata' and DataType not one of ['CDF_CHAR', 'CDF_UCHAR']
  ORTH_I: CDF VAR_TYPE = 'metadata' and DataType not one of ['CDF_CHAR', 'CDF_UCHAR']
  PAYLD_I: CDF VAR_TYPE = 'metadata' and DataType not one of ['CDF_CHAR', 'CDF_UCHAR']
  ORTH_O: CDF VAR_TYPE = 'metadata' and DataType not one of ['CDF_CHAR', 'CDF_UCHAR']
  PAYLD_O: CDF VAR_TYPE = 'metadata' and DataType not one of ['CDF_CHAR', 'CDF_UCHAR']
  ZERO_I: CDF VAR_TYPE = 'metadata' and DataType not one of ['CDF_CHAR', 'CDF_UCHAR']
  SENS_I: CDF VAR_TYPE = 'metadata' and DataType not one of ['CDF_CHAR', 'CDF_UCHAR']
  AMPL_I: CDF VAR_TYPE = 'metadata' and DataType not one of ['CDF_CHAR', 'CDF_UCHAR']
  ZERO_O: CDF VAR_TYPE = 'metadata' and DataType not one of ['CDF_CHAR', 'CDF_UCHAR']
  SENS_O: CDF VAR_TYPE = 'metadata' and DataType not one of ['CDF_CHAR', 'CDF_UCHAR']
  AMPL_O: CDF VAR_TYPE = 'metadata' and DataType not one of ['CDF_CHAR', 'CDF_UCHAR']
WI_K1-RTN_MFI | ISTP.DataType.Invalid:
  CDAY: CDF VAR_TYPE = 'metadata' and DataType not one of ['CDF_CHAR', 'CDF_UCHAR']
  ORTH_I: CDF VAR_TYPE = 'metadata' and DataType not one of ['CDF_CHAR', 'CDF_UCHAR']
  PAYLD_I: CDF VAR_TYPE = 'metadata' and DataType not one of ['CDF_CHAR', 'CDF_UCHAR']
  ORTH_O: CDF VAR_TYPE = 'metadata' and DataType not one of ['CDF_CHAR', 'CDF_UCHAR']
  PAYLD_O: CDF VAR_TYPE = 'metadata' and DataType not one of ['CDF_CHAR', 'CDF_UCHAR']
  ZERO_I: CDF VAR_TYPE = 'metadata' and DataType not one of ['CDF_CHAR', 'CDF_UCHAR']
  SENS_I: CDF VAR_TYPE = 'metadata' and DataType not one of ['CDF_CHAR', 'CDF_UCHAR']
  AMPL_I: CDF VAR_TYPE = 'metadata' and DataType not one of ['CDF_CHAR', 'CDF_UCHAR']
  ZERO_O: CDF VAR_TYPE = 'metadata' and DataType not one of ['CDF_CHAR', 'CDF_UCHAR']
  SENS_O: CDF VAR_TYPE = 'metadata' and DataType not one of ['CDF_CHAR', 'CDF_UCHAR']
  AMPL_O: CDF VAR_TYPE = 'metadata' and DataType not one of ['CDF_CHAR', 'CDF_UCHAR']
WI_L2-3MIN_SMS-STICS-VDF-MAGNETOSPHERE | ISTP.DataType.Invalid:
  DF_tc_hplus_sum1: CDF VAR_TYPE = 'metadata' and DataType not one of ['CDF_CHAR', 'CDF_UCHAR']
  counts_tc_hplus_sum1: CDF VAR_TYPE = 'metadata' and DataType not one of ['CDF_CHAR', 'CDF_UCHAR']
  dJ_tc_hplus_sum1: CDF VAR_TYPE = 'metadata' and DataType not one of ['CDF_CHAR', 'CDF_UCHAR']
  DF_tc_heplus_sum1: CDF VAR_TYPE = 'metadata' and DataType not one of ['CDF_CHAR', 'CDF_UCHAR']
  counts_tc_heplus_sum1: CDF VAR_TYPE = 'metadata' and DataType not one of ['CDF_CHAR', 'CDF_UCHAR']
  dJ_tc_heplus_sum1: CDF VAR_TYPE = 'metadata' and DataType not one of ['CDF_CHAR', 'CDF_UCHAR']
  DF_tc_he2plus_sum1: CDF VAR_TYPE = 'metadata' and DataType not one of ['CDF_CHAR', 'CDF_UCHAR']
  counts_tc_he2plus_sum1: CDF VAR_TYPE = 'metadata' and DataType not one of ['CDF_CHAR', 'CDF_UCHAR']
  dJ_tc_he2plus_sum1: CDF VAR_TYPE = 'metadata' and DataType not one of ['CDF_CHAR', 'CDF_UCHAR']
  DF_tc_oplus_sum1: CDF VAR_TYPE = 'metadata' and DataType not one of ['CDF_CHAR', 'CDF_UCHAR']
  counts_tc_oplus_sum1: CDF VAR_TYPE = 'metadata' and DataType not one of ['CDF_CHAR', 'CDF_UCHAR']
  dJ_tc_oplus_sum1: CDF VAR_TYPE = 'metadata' and DataType not one of ['CDF_CHAR', 'CDF_UCHAR']
  DF_tc_o6plus_sum1: CDF VAR_TYPE = 'metadata' and DataType not one of ['CDF_CHAR', 'CDF_UCHAR']
  counts_tc_o6plus_sum1: CDF VAR_TYPE = 'metadata' and DataType not one of ['CDF_CHAR', 'CDF_UCHAR']
  dJ_tc_o6plus_sum1: CDF VAR_TYPE = 'metadata' and DataType not one of ['CDF_CHAR', 'CDF_UCHAR']
  DF_tc_c5plus_sum1: CDF VAR_TYPE = 'metadata' and DataType not one of ['CDF_CHAR', 'CDF_UCHAR']
  counts_tc_c5plus_sum1: CDF VAR_TYPE = 'metadata' and DataType not one of ['CDF_CHAR', 'CDF_UCHAR']
  dJ_tc_c5plus_sum1: CDF VAR_TYPE = 'metadata' and DataType not one of ['CDF_CHAR', 'CDF_UCHAR']
  DF_tc_fe10plus_sum1: CDF VAR_TYPE = 'metadata' and DataType not one of ['CDF_CHAR', 'CDF_UCHAR']
  counts_tc_fe10plus_sum1: CDF VAR_TYPE = 'metadata' and DataType not one of ['CDF_CHAR', 'CDF_UCHAR']
  dJ_tc_fe10plus_sum1: CDF VAR_TYPE = 'metadata' and DataType not one of ['CDF_CHAR', 'CDF_UCHAR']
  DF_dc_hplus_sum1: CDF VAR_TYPE = 'metadata' and DataType not one of ['CDF_CHAR', 'CDF_UCHAR']
  counts_dc_hplus_sum1: CDF VAR_TYPE = 'metadata' and DataType not one of ['CDF_CHAR', 'CDF_UCHAR']
  dJ_dc_hplus_sum1: CDF VAR_TYPE = 'metadata' and DataType not one of ['CDF_CHAR', 'CDF_UCHAR']
  DF_dc_heplus_sum1: CDF VAR_TYPE = 'metadata' and DataType not one of ['CDF_CHAR', 'CDF_UCHAR']
  counts_dc_heplus_sum1: CDF VAR_TYPE = 'metadata' and DataType not one of ['CDF_CHAR', 'CDF_UCHAR']
  dJ_dc_heplus_sum1: CDF VAR_TYPE = 'metadata' and DataType not one of ['CDF_CHAR', 'CDF_UCHAR']
  DF_dc_he2plus_sum1: CDF VAR_TYPE = 'metadata' and DataType not one of ['CDF_CHAR', 'CDF_UCHAR']
  counts_dc_he2plus_sum1: CDF VAR_TYPE = 'metadata' and DataType not one of ['CDF_CHAR', 'CDF_UCHAR']
  dJ_dc_he2plus_sum1: CDF VAR_TYPE = 'metadata' and DataType not one of ['CDF_CHAR', 'CDF_UCHAR']
  DF_dc_oplus_sum1: CDF VAR_TYPE = 'metadata' and DataType not one of ['CDF_CHAR', 'CDF_UCHAR']
  counts_dc_oplus_sum1: CDF VAR_TYPE = 'metadata' and DataType not one of ['CDF_CHAR', 'CDF_UCHAR']
  dJ_dc_oplus_sum1: CDF VAR_TYPE = 'metadata' and DataType not one of ['CDF_CHAR', 'CDF_UCHAR']
  DF_dc_o6plus_sum1: CDF VAR_TYPE = 'metadata' and DataType not one of ['CDF_CHAR', 'CDF_UCHAR']
  counts_dc_o6plus_sum1: CDF VAR_TYPE = 'metadata' and DataType not one of ['CDF_CHAR', 'CDF_UCHAR']
  dJ_dc_o6plus_sum1: CDF VAR_TYPE = 'metadata' and DataType not one of ['CDF_CHAR', 'CDF_UCHAR']
  SECTOR_angle: CDF VAR_TYPE = 'metadata' and DataType not one of ['CDF_CHAR', 'CDF_UCHAR']
  SECTOR_angle_reorder: CDF VAR_TYPE = 'metadata' and DataType not one of ['CDF_CHAR', 'CDF_UCHAR']
  TELESCOPE_angle: CDF VAR_TYPE = 'metadata' and DataType not one of ['CDF_CHAR', 'CDF_UCHAR']
  SECTOR_number: CDF VAR_TYPE = 'metadata' and DataType not one of ['CDF_CHAR', 'CDF_UCHAR']
  Telescope_number: CDF VAR_TYPE = 'metadata' and DataType not one of ['CDF_CHAR', 'CDF_UCHAR']
WI_L2-3MIN_SMS-STICS-VDF-SOLARWIND | ISTP.DataType.Invalid:
  DF_tc_hplus_sum1: CDF VAR_TYPE = 'metadata' and DataType not one of ['CDF_CHAR', 'CDF_UCHAR']
  counts_tc_hplus_sum1: CDF VAR_TYPE = 'metadata' and DataType not one of ['CDF_CHAR', 'CDF_UCHAR']
  dJ_tc_hplus_sum1: CDF VAR_TYPE = 'metadata' and DataType not one of ['CDF_CHAR', 'CDF_UCHAR']
  DF_tc_heplus_sum1: CDF VAR_TYPE = 'metadata' and DataType not one of ['CDF_CHAR', 'CDF_UCHAR']
  counts_tc_heplus_sum1: CDF VAR_TYPE = 'metadata' and DataType not one of ['CDF_CHAR', 'CDF_UCHAR']
  dJ_tc_heplus_sum1: CDF VAR_TYPE = 'metadata' and DataType not one of ['CDF_CHAR', 'CDF_UCHAR']
  DF_tc_he2plus_sum1: CDF VAR_TYPE = 'metadata' and DataType not one of ['CDF_CHAR', 'CDF_UCHAR']
  counts_tc_he2plus_sum1: CDF VAR_TYPE = 'metadata' and DataType not one of ['CDF_CHAR', 'CDF_UCHAR']
  dJ_tc_he2plus_sum1: CDF VAR_TYPE = 'metadata' and DataType not one of ['CDF_CHAR', 'CDF_UCHAR']
  DF_tc_oplus_sum1: CDF VAR_TYPE = 'metadata' and DataType not one of ['CDF_CHAR', 'CDF_UCHAR']
  counts_tc_oplus_sum1: CDF VAR_TYPE = 'metadata' and DataType not one of ['CDF_CHAR', 'CDF_UCHAR']
  dJ_tc_oplus_sum1: CDF VAR_TYPE = 'metadata' and DataType not one of ['CDF_CHAR', 'CDF_UCHAR']
  DF_tc_o6plus_sum1: CDF VAR_TYPE = 'metadata' and DataType not one of ['CDF_CHAR', 'CDF_UCHAR']
  counts_tc_o6plus_sum1: CDF VAR_TYPE = 'metadata' and DataType not one of ['CDF_CHAR', 'CDF_UCHAR']
  dJ_tc_o6plus_sum1: CDF VAR_TYPE = 'metadata' and DataType not one of ['CDF_CHAR', 'CDF_UCHAR']
  DF_tc_c5plus_sum1: CDF VAR_TYPE = 'metadata' and DataType not one of ['CDF_CHAR', 'CDF_UCHAR']
  counts_tc_c5plus_sum1: CDF VAR_TYPE = 'metadata' and DataType not one of ['CDF_CHAR', 'CDF_UCHAR']
  dJ_tc_c5plus_sum1: CDF VAR_TYPE = 'metadata' and DataType not one of ['CDF_CHAR', 'CDF_UCHAR']
  DF_tc_fe10plus_sum1: CDF VAR_TYPE = 'metadata' and DataType not one of ['CDF_CHAR', 'CDF_UCHAR']
  counts_tc_fe10plus_sum1: CDF VAR_TYPE = 'metadata' and DataType not one of ['CDF_CHAR', 'CDF_UCHAR']
  dJ_tc_fe10plus_sum1: CDF VAR_TYPE = 'metadata' and DataType not one of ['CDF_CHAR', 'CDF_UCHAR']
  DF_dc_hplus_sum1: CDF VAR_TYPE = 'metadata' and DataType not one of ['CDF_CHAR', 'CDF_UCHAR']
  counts_dc_hplus_sum1: CDF VAR_TYPE = 'metadata' and DataType not one of ['CDF_CHAR', 'CDF_UCHAR']
  dJ_dc_hplus_sum1: CDF VAR_TYPE = 'metadata' and DataType not one of ['CDF_CHAR', 'CDF_UCHAR']
  DF_dc_heplus_sum1: CDF VAR_TYPE = 'metadata' and DataType not one of ['CDF_CHAR', 'CDF_UCHAR']
  counts_dc_heplus_sum1: CDF VAR_TYPE = 'metadata' and DataType not one of ['CDF_CHAR', 'CDF_UCHAR']
  dJ_dc_heplus_sum1: CDF VAR_TYPE = 'metadata' and DataType not one of ['CDF_CHAR', 'CDF_UCHAR']
  DF_dc_he2plus_sum1: CDF VAR_TYPE = 'metadata' and DataType not one of ['CDF_CHAR', 'CDF_UCHAR']
  counts_dc_he2plus_sum1: CDF VAR_TYPE = 'metadata' and DataType not one of ['CDF_CHAR', 'CDF_UCHAR']
  dJ_dc_he2plus_sum1: CDF VAR_TYPE = 'metadata' and DataType not one of ['CDF_CHAR', 'CDF_UCHAR']
  DF_dc_oplus_sum1: CDF VAR_TYPE = 'metadata' and DataType not one of ['CDF_CHAR', 'CDF_UCHAR']
  counts_dc_oplus_sum1: CDF VAR_TYPE = 'metadata' and DataType not one of ['CDF_CHAR', 'CDF_UCHAR']
  dJ_dc_oplus_sum1: CDF VAR_TYPE = 'metadata' and DataType not one of ['CDF_CHAR', 'CDF_UCHAR']
  DF_dc_o6plus_sum1: CDF VAR_TYPE = 'metadata' and DataType not one of ['CDF_CHAR', 'CDF_UCHAR']
  counts_dc_o6plus_sum1: CDF VAR_TYPE = 'metadata' and DataType not one of ['CDF_CHAR', 'CDF_UCHAR']
  dJ_dc_o6plus_sum1: CDF VAR_TYPE = 'metadata' and DataType not one of ['CDF_CHAR', 'CDF_UCHAR']
  SECTOR_angle: CDF VAR_TYPE = 'metadata' and DataType not one of ['CDF_CHAR', 'CDF_UCHAR']
  SECTOR_angle_reorder: CDF VAR_TYPE = 'metadata' and DataType not one of ['CDF_CHAR', 'CDF_UCHAR']
  TELESCOPE_angle: CDF VAR_TYPE = 'metadata' and DataType not one of ['CDF_CHAR', 'CDF_UCHAR']
  SECTOR_number: CDF VAR_TYPE = 'metadata' and DataType not one of ['CDF_CHAR', 'CDF_UCHAR']
  Telescope_number: CDF VAR_TYPE = 'metadata' and DataType not one of ['CDF_CHAR', 'CDF_UCHAR']
WI_L3-DUSTIMPACT_WAVES | ISTP.DataType.Invalid:
  FLAG_Location: CDF VAR_TYPE = 'metadata' and DataType not one of ['CDF_CHAR', 'CDF_UCHAR']
  FLAG_XAnt_Cut: CDF VAR_TYPE = 'metadata' and DataType not one of ['CDF_CHAR', 'CDF_UCHAR']
  n_TDS_per_day: CDF VAR_TYPE = 'metadata' and DataType not one of ['CDF_CHAR', 'CDF_UCHAR']